,trial,attempt,time_played,time_tag,level_size_y,player_pos,collision,current_input,drift_enabled,current_drift,level_done,input_noise_magnitude,input_noise_on,visible_obstacles,adjacent_wall_tiles_x_pos,visible_drift_tiles,SoC,gaze_x,gaze_y
0,1,1,0.0,,13518,"[954, -86]",False,,True,0.0,False,medium,False,[],,[],,0.5334083346488403,0.18996170108509192
1,1,1,0.01700000000005275,,13518,"[954, -82]",False,,True,0.0,False,medium,False,[],,[],,0.5341675365562971,0.18042448620288964
2,1,1,0.033999999999991815,,13518,"[954, -78]",False,,True,0.0,False,medium,False,[],,[],,0.5336999310641912,0.17689314733847827
3,1,1,0.05000000000006821,,13518,"[954, -74]",False,,True,0.0,False,medium,False,[],,[],,0.5330271375643131,0.17475592133344164
4,1,1,0.06600000000003092,,13518,"[954, -70]",False,,True,0.0,False,medium,False,[],,[],,0.5325795754530172,0.17113088593439507
5,1,1,0.08199999999999363,,13518,"[954, -66]",False,,True,0.0,False,medium,False,[],,[],,0.5324269321698064,0.1671528489006412
6,1,1,0.09900000000004638,,13518,"[954, -62]",False,,True,0.0,False,medium,False,[],,[],,0.5323275760057189,0.16707269411892556
7,1,1,0.1150000000000091,,13518,"[954, -58]",False,,True,0.0,False,medium,False,[],,[],,0.5312490212417365,0.17022379800618082
8,1,1,0.1309999999999718,,13518,"[954, -54]",False,,True,0.0,False,medium,False,[],,[],,0.5315381864736792,0.1704585814624744
9,1,1,0.14800000000002456,,13518,"[954, -50]",False,,True,0.0,False,medium,False,[],,[],,0.5323772551602752,0.1704871615837149
10,1,1,0.16399999999998727,,13518,"[954, -46]",False,,True,0.0,False,medium,False,[],,[],,0.532819222090424,0.17242174521538378
11,1,1,0.18000000000006366,,13518,"[954, -42]",False,,True,0.0,False,medium,False,[],,[],,0.5330136130113685,0.17297667135836658
12,1,1,0.19700000000000273,,13518,"[954, -38]",False,,True,0.0,False,medium,False,[],,[],,0.5330136130113685,0.17297667135836658
13,1,1,0.21400000000005548,,13518,"[954, -34]",False,,True,0.0,False,medium,False,[],,[],,0.53444436570131,0.17293672989756537
14,1,1,0.23099999999999454,,13518,"[954, -30]",False,,True,0.0,False,medium,False,[],,[],,0.5332446629638623,0.1732233084717909
15,1,1,0.2480000000000473,,13518,"[954, -26]",False,,True,0.0,False,medium,False,[],,[],,0.5332632615028483,0.1748921796098143
16,1,1,0.26400000000001,,13518,"[954, -22]",False,,True,0.0,False,medium,False,[],,[],,0.5332632615028483,0.1748921796098143
17,1,1,0.2799999999999727,,13518,"[954, -18]",False,,True,0.0,False,medium,False,[],,[],,0.5306850419904923,0.176552540500707
18,1,1,0.29700000000002547,,13518,"[954, -14]",False,,True,0.0,False,medium,False,[],,[],,0.5306850419904923,0.176552540500707
19,1,1,0.3129999999999882,,13518,"[954, -10]",False,,True,0.0,False,medium,False,[],,[],,0.5269385666714487,0.1824570526221262
20,1,1,0.3290000000000646,,13518,"[954, -6]",False,,True,0.0,False,medium,False,[],,[],,0.5269385666714487,0.1824570526221262
21,1,1,0.34600000000000364,,13518,"[954, -2]",False,,True,0.0,False,medium,False,[],,[],,0.4984112975973064,0.1942585942428926
22,1,1,0.36199999999996635,,13518,"[954, 2]",False,,True,0.0,False,medium,False,[],,[],,0.4984112975973064,0.1942585942428926
23,1,1,0.3790000000000191,,13518,"[954, 6]",False,,True,0.0,False,medium,False,[],,[],,0.4940941251289269,0.1908950382404152
24,1,1,0.3949999999999818,,13518,"[954, 10]",False,,True,0.0,False,medium,False,[],,[],,0.4940941251289269,0.1908950382404152
25,1,1,0.4130000000000109,,13518,"[954, 14]",False,,True,0.0,False,medium,False,[],,[],,0.4903069846484673,0.18562792784640425
26,1,1,0.4289999999999736,,13518,"[954, 18]",False,,True,0.0,False,medium,False,[],,[],,0.4903069846484673,0.18562792784640425
27,1,1,0.4460000000000264,,13518,"[954, 22]",False,,True,0.0,False,medium,False,[],,[],,0.4899390633322393,0.18294327223362816
28,1,1,0.4619999999999891,,13518,"[954, 26]",False,,True,0.0,False,medium,False,[],,[],,0.4899390633322393,0.18294327223362816
29,1,1,0.47900000000004184,,13518,"[954, 30]",False,,True,0.0,False,medium,False,[],,[],,0.4877920687771303,0.19265770078454125
30,1,1,0.4959999999999809,,13518,"[954, 34]",False,,True,0.0,False,medium,False,[],,[],,0.4877920687771303,0.19265770078454125
31,1,1,0.5120000000000573,,13518,"[954, 38]",False,,True,0.0,False,medium,False,[],,[],,0.48641927999849244,0.19720720226905764
32,1,1,0.52800000000002,,13518,"[954, 42]",False,,True,0.0,False,medium,False,[],,[],,0.48641927999849244,0.19720720226905764
33,1,1,0.5439999999999827,,13518,"[954, 46]",False,,True,0.0,False,medium,False,[],,[],,0.48720906144516113,0.2018570700179727
34,1,1,0.5610000000000355,,13518,"[954, 50]",False,,True,0.0,False,medium,False,[],,[],,0.48720906144516113,0.2018570700179727
35,1,1,0.5769999999999982,,13518,"[954, 54]",False,,True,0.0,False,medium,False,[],,[],,0.5159225195325271,0.0851977046096295
36,1,1,0.5929999999999609,,13518,"[954, 58]",False,,True,0.0,False,medium,False,[],,[],,0.5159225195325271,0.0851977046096295
37,1,1,0.6100000000000136,,13518,"[954, 62]",False,,True,0.0,False,medium,False,[],,[],,0.42972906801292315,0.1848590928205719
38,1,1,0.6259999999999764,,13518,"[954, 66]",False,,True,0.0,False,medium,False,[],,[],,0.42972906801292315,0.1848590928205719
39,1,1,0.6420000000000528,,13518,"[954, 70]",False,,True,0.0,False,medium,False,[],,[],,0.4978402226535924,0.11690413189721172
40,1,1,0.6580000000000155,,13518,"[954, 74]",False,,True,0.0,False,medium,False,[],,[],,0.4978402226535924,0.11690413189721172
41,1,1,0.6739999999999782,,13518,"[954, 78]",False,,True,0.0,False,medium,False,[],,[],,0.49407979470558033,-0.5479877311511614
42,1,1,0.6900000000000546,,13518,"[954, 82]",False,,True,0.0,False,medium,False,[],,[],,0.49407979470558033,-0.5479877311511614
43,1,1,0.7069999999999936,,13518,"[954, 86]",False,,True,0.0,False,medium,False,[],,[],,0.2977181158054225,0.0601151385573413
44,1,1,0.7240000000000464,,13518,"[954, 90]",False,,True,0.0,False,medium,False,[],,[],,0.2977181158054225,0.0601151385573413
45,1,1,0.7409999999999854,,13518,"[954, 94]",False,,True,0.0,False,medium,False,[],,[],,0.4810645256997813,0.12997859823922386
46,1,1,0.7580000000000382,,13518,"[954, 98]",False,,True,0.0,False,medium,False,[],,[],,0.4810645256997813,0.12997859823922386
47,1,1,0.7749999999999773,,13518,"[954, 102]",False,,True,0.0,False,medium,False,[],,[],,0.41849573179656707,-0.05839834497124441
48,1,1,0.79200000000003,,13518,"[954, 106]",False,,True,0.0,False,medium,False,[],,[],,0.41849573179656707,-0.05839834497124441
49,1,1,0.8089999999999691,,13518,"[954, 110]",False,,True,0.0,False,medium,False,[],,[],,0.4561982661990469,0.018249264672644427
50,1,1,0.8260000000000218,,13518,"[954, 114]",False,,True,0.0,False,medium,False,[],,[],,0.4561982661990469,0.018249264672644427
51,1,1,0.8429999999999609,,13518,"[954, 118]",False,,True,0.0,False,medium,False,[],,[],,0.4819078129428961,0.12910754326387397
52,1,1,0.8590000000000373,,13518,"[954, 122]",False,,True,0.0,False,medium,False,[],,[],,0.4819078129428961,0.12910754326387397
53,1,1,0.8759999999999764,,13518,"[954, 126]",False,,True,0.0,False,medium,False,[],,[],,0.41310328906616267,-0.03245439585511867
54,1,1,0.8920000000000528,,13518,"[954, 130]",False,,True,0.0,False,medium,False,[],,[],,0.41310328906616267,-0.03245439585511867
55,1,1,0.9089999999999918,,13518,"[954, 134]",False,,True,0.0,False,medium,False,[],,[],,0.4124020554371337,-0.03168431648634029
56,1,1,0.9250000000000682,,13518,"[954, 138]",False,,True,0.0,False,medium,False,[],,[],,0.4124020554371337,-0.03168431648634029
57,1,1,0.9420000000000073,,13518,"[954, 142]",False,,True,0.0,False,medium,False,[],,[],,0.40992764145952487,-0.03763915850303512
58,1,1,0.95799999999997,,13518,"[954, 146]",False,,True,0.0,False,medium,False,[],,[],,0.40992764145952487,-0.03763915850303512
59,1,1,0.9750000000000227,,13518,"[954, 150]",False,,True,0.0,False,medium,False,[],,[],,0.47669105779635296,0.12071822412246003
60,1,1,0.9909999999999854,,13518,"[954, 154]",False,,True,0.0,False,medium,False,[],,[],,0.47669105779635296,0.12071822412246003
61,1,1,1.0080000000000382,,13518,"[954, 158]",False,,True,0.0,False,medium,False,[],,[],,0.4077169819039194,-0.054799192674118924
62,1,1,1.0249999999999773,,13518,"[954, 162]",False,,True,0.0,False,medium,False,[],,[],,0.4077169819039194,-0.054799192674118924
63,1,1,1.04200000000003,,13518,"[954, 166]",False,,True,0.0,False,medium,False,[],,[],,0.4078311861178638,-0.054550959547758016
64,1,1,1.0579999999999927,,13518,"[954, 170]",False,,True,0.0,False,medium,False,[],,[],,0.4078311861178638,-0.054550959547758016
65,1,1,1.0750000000000455,,13518,"[954, 174]",False,,True,0.0,False,medium,False,[],,[],,0.40818061097237673,-0.054118704881470636
66,1,1,1.0919999999999845,,13518,"[954, 178]",False,,True,0.0,False,medium,False,[],,[],,0.40818061097237673,-0.054118704881470636
67,1,1,1.108000000000061,,13518,"[954, 182]",False,,True,0.0,False,medium,False,[],,[],,0.40496964391452905,-0.07174451619858768
68,1,1,1.1240000000000236,,13518,"[954, 186]",False,,True,0.0,False,medium,False,[],,[],,0.40496964391452905,-0.07174451619858768
69,1,1,1.1399999999999864,,13518,"[954, 190]",False,,True,0.0,False,medium,False,[],,[],,0.5201007378280541,0.02819195565840793
70,1,1,1.1560000000000628,,13518,"[954, 194]",False,,True,0.0,False,medium,False,[],,[],,0.5201007378280541,0.02819195565840793
71,1,1,1.1730000000000018,,13518,"[954, 198]",False,,True,0.0,False,medium,False,[],,[],,0.5102172519989747,0.21102664751653988
72,1,1,1.1900000000000546,,13518,"[954, 202]",False,,True,0.0,False,medium,False,[],,[],,0.5203982705292327,0.31716755572540356
73,1,1,1.2069999999999936,,13518,"[954, 206]",False,,True,0.0,False,medium,False,[],,[],,0.5166659990122343,0.30640663554010383
74,1,1,1.2240000000000464,,13518,"[954, 210]",False,,True,0.0,False,medium,False,[],,[],,0.5160582784857064,0.301971510731327
75,1,1,1.240000000000009,,13518,"[954, 214]",False,,True,0.0,False,medium,False,[],,[],,0.5185083171469086,0.3031306127753597
76,1,1,1.2570000000000618,,13518,"[954, 218]",False,,True,0.0,False,medium,False,[],,[],,0.45822285182243194,0.17984863908998294
77,1,1,1.2730000000000246,,13518,"[954, 222]",False,,True,0.0,False,medium,False,[],,[],,0.453960754096966,0.1758034792210864
78,1,1,1.2889999999999873,,13518,"[954, 226]",False,,True,0.0,False,medium,False,[],,[],,0.4666082663567666,0.18040776405800074
79,1,1,1.30600000000004,,13518,"[954, 230]",False,,True,0.0,False,medium,False,[],,[],,0.4688577173121306,0.17315778576861085
80,1,1,1.3220000000000027,,13518,"[954, 234]",False,,True,0.0,False,medium,False,[],,[],,0.4690376546779918,0.17032045938812668
81,1,1,1.3379999999999654,,13518,"[954, 238]",False,,True,0.0,False,medium,False,[],,[],,0.46908503704317184,0.17008933523874392
82,1,1,1.3540000000000418,,13518,"[954, 242]",False,,True,0.0,False,medium,False,[],,[],,0.47061053809783504,0.16803399675150565
83,1,1,1.370999999999981,,13518,"[954, 246]",False,,True,0.0,False,medium,False,[],,[],,0.4719510639733729,0.16860782221642645
84,1,1,1.3880000000000337,,13518,"[954, 250]",False,,True,0.0,False,medium,False,[],,[],,0.47304508706272086,0.16438750563905224
85,1,1,1.4049999999999727,,13518,"[954, 254]",False,,True,0.0,False,medium,False,[],,[],,0.4131597391304971,0.13912280672282606
86,1,1,1.419999999999959,,13518,"[954, 258]",False,,True,0.0,False,medium,False,[],,[],,0.4131597391304971,0.13912280672282606
87,1,1,1.4370000000000118,,13518,"[954, 262]",False,,True,0.0,False,medium,False,[],,[],,0.4131597391304971,0.13912280672282606
88,1,1,1.4529999999999745,,13518,"[954, 266]",False,,True,0.0,False,medium,False,[],,[],,0.4687580348032895,0.11240097188980114
89,1,1,1.4700000000000273,,13518,"[954, 270]",False,,True,0.0,False,medium,False,[],,[],,0.482198967903576,0.11168724438087974
90,1,1,1.4869999999999663,,13518,"[954, 270]",False,,True,0.0,False,medium,False,[],,[],,0.47577890008912627,0.17196354772923494
91,1,1,1.5030000000000427,,13518,"[954, 270]",False,,True,0.0,False,medium,False,[],,[],,0.47577890008912627,0.17196354772923494
92,1,1,1.5199999999999818,,13518,"[954, 270]",False,,True,0.0,False,medium,False,[],,[],,0.5035522927700498,0.10140303180065158
93,1,1,1.5360000000000582,,13518,"[954, 270]",False,,True,0.0,False,medium,False,[],,[],,0.5035522927700498,0.10140303180065158
94,1,1,1.5529999999999973,,13518,"[954, 270]",False,,True,0.0,False,medium,False,[],,[],,0.43477754189016576,0.35844758304275615
95,1,1,1.56899999999996,,13518,"[954, 270]",False,,True,0.0,False,medium,False,[],,[],,0.43477754189016576,0.35844758304275615
96,1,1,1.5860000000000127,,13518,"[954, 270]",False,,True,0.0,False,medium,False,[],,[],,0.47113110177670314,0.2913979501127605
97,1,1,1.6019999999999754,,13518,"[954, 270]",False,,True,0.0,False,medium,False,[],,[],,0.47113110177670314,0.2913979501127605
98,1,1,1.6190000000000282,,13518,"[954, 270]",False,,True,0.0,False,medium,False,[],,[],,0.46091944588395284,0.2861496420835081
99,1,1,1.634999999999991,,13518,"[954, 270]",False,,True,0.0,False,medium,False,[],,[],,0.46091944588395284,0.2861496420835081
100,1,1,1.6520000000000437,,13518,"[954, 270]",False,,True,0.0,False,medium,False,[],,[],,0.4598696954856381,0.28354106314914185
101,1,1,1.6680000000000064,,13518,"[954, 270]",False,,True,0.0,False,medium,False,[],,[],,0.4598696954856381,0.28354106314914185
102,1,1,1.6850000000000591,,13518,"[954, 270]",False,,True,0.0,False,medium,False,[],,[],,0.46131699153429295,0.2867391305437995
103,1,1,1.7019999999999982,,13518,"[954, 270]",False,,True,0.0,False,medium,False,[],,[],,0.46131699153429295,0.2867391305437995
104,1,1,1.719000000000051,,13518,"[954, 270]",False,,True,0.0,False,medium,False,[],,[],,0.4623451452831044,0.28847178745659674
105,1,1,1.73599999999999,,13518,"[954, 270]",False,,True,0.0,False,medium,False,[],,[],,0.4621507901515517,0.2896401051895944
106,1,1,1.7520000000000664,,13518,"[954, 270]",False,,True,0.0,False,medium,False,[],,[],,0.4597948151312331,0.2902881029062162
107,1,1,1.768000000000029,,13518,"[954, 270]",False,,True,0.0,False,medium,False,[],,[],,0.4597948151312331,0.2902881029062162
108,1,1,1.7839999999999918,,13518,"[954, 270]",False,,True,0.0,False,medium,False,[],,[],,0.4567459209787015,0.29024393387338243
109,1,1,1.8010000000000446,,13518,"[954, 270]",False,,True,0.0,False,medium,False,[],,[],,0.4567459209787015,0.29024393387338243
110,1,1,1.8179999999999836,,13518,"[954, 270]",False,,True,0.0,False,medium,False,[],,[],,0.45583383083961965,0.29166693319850456
111,1,1,1.83400000000006,,13518,"[954, 270]",False,,True,0.0,False,medium,False,[],,[],,0.45583383083961965,0.29166693319850456
112,1,1,1.8500000000000227,,13518,"[954, 270]",False,,True,0.0,False,medium,False,[],,[],,0.453883994711022,0.29368001483103945
113,1,1,1.8659999999999854,,13518,"[954, 270]",False,,True,0.0,False,medium,False,[],,[],,0.453883994711022,0.29368001483103945
114,1,1,1.8820000000000618,,13518,"[954, 270]",False,,True,0.0,False,medium,False,[],,[],,0.45156666474613455,0.2951063968097669
115,1,1,1.899000000000001,,13518,"[954, 270]",False,,True,0.0,False,medium,False,[],,[],,0.45156666474613455,0.2951063968097669
116,1,1,1.91700000000003,,13518,"[954, 270]",False,,True,0.0,False,medium,False,[],,[],,0.4504803148443427,0.2940261223160431
117,1,1,1.933999999999969,,13518,"[954, 270]",False,,True,0.0,False,medium,False,[],,[],,0.4504803148443427,0.2940261223160431
118,1,1,1.9500000000000455,,13518,"[954, 270]",False,,True,0.0,False,medium,False,[],,[],,0.4419862485467876,0.22045166384176473
119,1,1,1.9669999999999845,,13518,"[954, 270]",False,,True,0.0,False,medium,False,[],,[],,0.4419862485467876,0.22045166384176473
120,1,1,1.983000000000061,,13518,"[954, 270]",False,,True,0.0,False,medium,False,[],,[],,0.4411776562234146,0.21242111345598003
121,1,1,1.9990000000000236,,13518,"[954, 270]",False,,True,0.0,False,medium,False,[],,[],,0.4411776562234146,0.21242111345598003
122,1,1,2.0159999999999627,,13518,"[954, 270]",False,,True,0.0,False,medium,False,[],,[],,0.46760130251243925,0.186920870090315
123,1,1,2.0330000000000155,,13518,"[954, 270]",False,,True,0.0,False,medium,False,[],,[],,0.46760130251243925,0.186920870090315
124,1,1,2.050000000000068,,13518,"[954, 270]",False,,True,0.0,False,medium,False,[],,[],,0.4619113123496243,0.20044742139804106
125,1,1,2.0670000000000073,,13518,"[954, 270]",False,,True,0.0,False,medium,False,[],,[],,0.4622236283649112,0.1999494282677824
126,1,1,2.08299999999997,,13518,"[954, 270]",False,,True,0.0,False,medium,False,[],,[],,0.4635442978404528,0.20219553048527084
127,1,1,2.0990000000000464,,13518,"[954, 270]",False,,True,0.0,False,medium,False,[],,[],,0.4635442978404528,0.20219553048527084
128,1,1,2.1159999999999854,,13518,"[954, 270]",False,,True,0.0,False,medium,False,[],,[],,0.4690623236186964,0.19193200003819422
129,1,1,2.133000000000038,,13518,"[954, 270]",False,,True,0.0,False,medium,False,[],,[],,0.4690623236186964,0.19193200003819422
130,1,1,2.1499999999999773,,13518,"[954, 270]",False,,True,0.0,False,medium,False,[],,[],,0.4752308027713964,0.18455469136827007
131,1,1,2.16700000000003,,13518,"[954, 270]",False,,True,0.0,False,medium,False,[],,[],,0.47604206089299855,0.18561273169582937
132,1,1,2.183999999999969,,13518,"[954, 270]",False,,True,0.0,False,medium,False,[],,[],,0.4779293668818596,0.1925401954266608
133,1,1,2.201000000000022,,13518,"[954, 270]",False,,True,0.0,False,medium,False,[],,[],,0.4779293668818596,0.1925401954266608
134,1,1,2.217999999999961,,13518,"[954, 270]",False,,True,0.0,False,medium,False,[],,[],,0.47931901723363024,0.1965028964622636
135,1,1,2.2350000000000136,,13518,"[954, 270]",False,,True,0.0,False,medium,False,[],,[],,0.47931901723363024,0.1965028964622636
136,1,1,2.2520000000000664,,13518,"[954, 270]",False,,True,0.0,False,medium,False,[],,[],,0.4793900912453982,0.20167218758716732
137,1,1,2.2690000000000055,,13518,"[954, 270]",False,,True,0.0,False,medium,False,[],,[],,0.4793900912453982,0.20167218758716732
138,1,1,2.286000000000058,,13518,"[954, 270]",False,,True,0.0,False,medium,False,[],,[],,0.47760975468297995,0.20408734351964308
139,1,1,2.3029999999999973,,13518,"[954, 270]",False,,True,0.0,False,medium,False,[],,[],,0.47760975468297995,0.20408734351964308
140,1,1,2.32000000000005,,13518,"[954, 270]",False,,True,0.0,False,medium,False,[],,[],,0.47763598887739384,0.2005533429061035
141,1,1,2.336999999999989,,13518,"[954, 270]",False,,True,0.0,False,medium,False,[],,[],,0.47763598887739384,0.2005533429061035
142,1,1,2.354000000000042,,13518,"[954, 270]",False,,True,0.0,False,medium,False,[],,[],,0.47738040965337963,0.2003329335202415
143,1,1,2.370999999999981,,13518,"[954, 270]",False,,True,0.0,False,medium,False,[],,[],,0.47738040965337963,0.2003329335202415
144,1,1,2.3880000000000337,,13518,"[954, 270]",False,,True,0.0,False,medium,False,[],,[],,0.4784747408459623,0.20207152158748865
145,1,1,2.4049999999999727,,13518,"[954, 270]",False,,True,0.0,False,medium,False,[],,[],,0.4784747408459623,0.20207152158748865
146,1,1,2.419999999999959,,13518,"[954, 270]",False,,True,0.0,False,medium,False,[],,[],,0.4814034649315235,0.2079758097875879
147,1,1,2.437000000000012,,13518,"[954, 270]",False,,True,0.0,False,medium,False,[],,[],,0.4809766979661501,0.21101676574174366
148,1,1,2.4540000000000646,,13518,"[954, 270]",False,,True,0.0,False,medium,False,[],,[],,0.48180889862343335,0.21813573567389233
149,1,1,2.4700000000000273,,13518,"[954, 270]",False,,True,0.0,False,medium,False,[],,[],,0.48180889862343335,0.21813573567389233
150,1,1,2.4869999999999663,,13518,"[954, 270]",False,,True,0.0,False,medium,False,[],,[],,0.4813285237461528,0.22612264427159956
151,1,1,2.504000000000019,,13518,"[954, 270]",False,,True,0.0,False,medium,False,[],,[],,0.4813285237461528,0.22612264427159956
152,1,1,2.520999999999958,,13518,"[954, 270]",False,,True,0.0,False,medium,False,[],,[],,0.48005505321330466,0.2295615720892613
153,1,1,2.538000000000011,,13518,"[954, 270]",False,,True,0.0,False,medium,False,[],,[],,0.48005505321330466,0.2295615720892613
154,1,1,2.5550000000000637,,13518,"[954, 270]",False,,True,0.0,False,medium,False,[],,[],,0.48090631251107635,0.23480638325533598
155,1,1,2.5720000000000027,,13518,"[954, 270]",False,,True,0.0,False,medium,False,"[[1206, 810]]",,[],,0.48090631251107635,0.23480638325533598
156,1,1,2.5879999999999654,,13518,"[954, 270]",False,,True,0.0,False,medium,False,"[[1206, 804]]",,[],,0.4820758971795593,0.23924497591812766
157,1,1,2.605000000000018,,13518,"[954, 270]",False,,True,0.0,False,medium,False,"[[1206, 798]]",,[],,0.4820758971795593,0.23924497591812766
158,1,1,2.6230000000000473,,13518,"[954, 270]",False,,True,0.0,False,medium,False,"[[1206, 792]]",,[],,0.48255739573992146,0.24217081193581258
159,1,1,2.6409999999999627,,13518,"[954, 270]",False,,True,0.0,False,medium,False,"[[1206, 786]]",,[],,0.48255739573992146,0.24217081193581258
160,1,1,2.657000000000039,,13518,"[954, 270]",False,,True,0.0,False,medium,False,"[[1206, 780]]",,[],,0.48300024093646216,0.24415694382068476
161,1,1,2.673999999999978,,13518,"[954, 270]",False,,True,0.0,False,medium,False,"[[1206, 774]]",,[],,0.48300024093646216,0.24415694382068476
162,1,1,2.691000000000031,,13518,"[954, 270]",False,,True,0.0,False,medium,False,"[[1206, 768]]",,[],,0.48225872657049146,0.24851947951268982
163,1,1,2.70799999999997,,13518,"[954, 270]",False,,True,0.0,False,medium,False,"[[1206, 762]]",,[],,0.48225872657049146,0.24851947951268982
164,1,1,2.7250000000000227,,13518,"[954, 270]",False,,True,0.0,False,medium,False,"[[1206, 756]]",,[],,0.4826383678937428,0.2521106221662982
165,1,1,2.741999999999962,,13518,"[954, 270]",False,,True,0.0,False,medium,False,"[[1206, 750]]",,[],,0.4826383678937428,0.2521106221662982
166,1,1,2.758000000000038,,13518,"[954, 270]",False,,True,0.0,False,medium,False,"[[1206, 744]]",,[],,0.48363950586995613,0.2569736547955406
167,1,1,2.7749999999999773,,13518,"[954, 270]",False,,True,0.0,False,medium,False,"[[1206, 738], [1062, 810]]",,[],,0.48363950586995613,0.2569736547955406
168,1,1,2.7910000000000537,,13518,"[954, 270]",False,,True,0.0,False,medium,False,"[[1206, 732], [1062, 804]]",,[],,0.485923082722658,0.2600764079054133
169,1,1,2.8079999999999927,,13518,"[954, 270]",False,,True,0.0,False,medium,False,"[[1206, 726], [1062, 798]]",,[],,0.485923082722658,0.2600764079054133
170,1,1,2.824000000000069,,13518,"[954, 270]",False,,True,0.0,False,medium,False,"[[1206, 720], [1062, 792]]",,[],,0.48659814816580543,0.26549307674425604
171,1,1,2.841000000000008,,13518,"[954, 270]",False,,True,0.0,False,medium,False,"[[1206, 714], [1062, 786]]",,[],,0.48659814816580543,0.26549307674425604
172,1,1,2.858000000000061,,13518,"[954, 270]",False,,True,0.0,False,medium,False,"[[1206, 708], [1062, 780]]",,[],,0.4884006599425435,0.22539297701878036
173,1,1,2.8740000000000236,,13518,"[954, 270]",False,,True,0.0,False,medium,False,"[[1206, 702], [1062, 774]]",,[],,0.4884006599425435,0.22539297701878036
174,1,1,2.8899999999999864,,13518,"[954, 270]",False,,True,0.0,False,medium,False,"[[1206, 696], [1062, 768]]",,[],,0.49112382965424617,0.19281820045315834
175,1,1,2.907000000000039,,13518,"[954, 270]",False,,True,0.0,False,medium,False,"[[1206, 690], [1062, 762]]",,[],,0.49112382965424617,0.19281820045315834
176,1,1,2.923000000000002,,13518,"[954, 270]",False,,True,0.0,False,medium,False,"[[1206, 684], [1062, 756]]",,[],,0.4891684328463416,0.19147573610403112
177,1,1,2.9400000000000546,,13518,"[954, 270]",False,,True,0.0,False,medium,False,"[[1206, 678], [1062, 750]]",,[],,0.4891684328463416,0.19147573610403112
178,1,1,2.9560000000000173,,13518,"[954, 270]",False,,True,0.0,False,medium,False,"[[1206, 672], [1062, 744]]",,[],,0.49033594900696154,0.18673379733605167
179,1,1,2.97300000000007,,13518,"[954, 270]",False,,True,0.0,False,medium,False,"[[1206, 666], [1062, 738]]",,[],,0.49033594900696154,0.18673379733605167
180,1,1,2.9880000000000564,,13518,"[954, 270]",False,,True,0.0,False,medium,False,"[[1206, 660], [1062, 732]]",,[],,0.4898618451671541,0.18760170714267177
181,1,1,3.0049999999999955,,13518,"[954, 270]",False,,True,0.0,False,medium,False,"[[1206, 654], [1062, 726]]",,[],,0.4898618451671541,0.18760170714267177
182,1,1,3.020999999999958,,13518,"[954, 270]",False,,True,0.0,False,medium,False,"[[1206, 648], [1062, 720], [1188, 810]]",,[],,0.4888025263246839,0.19171801803902866
183,1,1,3.0370000000000346,,13518,"[954, 270]",False,,True,0.0,False,medium,False,"[[1206, 642], [1062, 714], [1188, 804]]",,[],,0.4891971310420244,0.19345601075891894
184,1,1,3.0529999999999973,,13518,"[954, 270]",False,,True,0.0,False,medium,False,"[[1206, 636], [1062, 708], [1188, 798]]",,[],,0.48945454711307707,0.1977113409224397
185,1,1,3.06899999999996,,13518,"[954, 270]",False,,True,0.0,False,medium,False,"[[1206, 630], [1062, 702], [1188, 792]]",,[],,0.48945454711307707,0.1977113409224397
186,1,1,3.0860000000000127,,13518,"[954, 270]",False,,True,0.0,False,medium,False,"[[1206, 624], [1062, 696], [1188, 786]]",,[],,0.48918501840909157,0.20266547031221083
187,1,1,3.1019999999999754,,13518,"[954, 270]",False,,True,0.0,False,medium,False,"[[1206, 618], [1062, 690], [1188, 780]]",,[],,0.48797694720593626,0.20074769957760574
188,1,1,3.119000000000028,,13518,"[954, 270]",False,,True,0.0,False,medium,False,"[[1206, 612], [1062, 684], [1188, 774]]",,[],,0.47458853284955627,0.19239224504423036
189,1,1,3.1359999999999673,,13518,"[954, 270]",False,,True,0.0,False,medium,False,"[[1206, 606], [1062, 678], [1188, 768]]",,[],,0.4737134728945481,0.19176028779342713
190,1,1,3.1539999999999964,,13518,"[954, 270]",False,,True,0.0,False,medium,False,"[[1206, 600], [1062, 672], [1188, 762]]",,[],,0.472403773831791,0.19067645738728278
191,1,1,3.169999999999959,,13518,"[954, 270]",False,,True,0.0,False,medium,False,"[[1206, 594], [1062, 666], [1188, 756]]",,[],,0.472403773831791,0.19067645738728278
192,1,1,3.187000000000012,,13518,"[954, 270]",False,,True,0.0,False,medium,False,"[[1206, 588], [1062, 660], [1188, 750]]",,[],,0.47020473760779125,0.189133743736131
193,1,1,3.205000000000041,,13518,"[954, 270]",False,,True,0.0,False,medium,False,"[[1206, 582], [1062, 654], [1188, 744]]",,[],,0.47020473760779125,0.189133743736131
194,1,1,3.2200000000000273,,13518,"[954, 270]",False,,True,0.0,False,medium,False,"[[1206, 576], [1062, 648], [1188, 738]]",,[],,0.4709160250905213,0.1916163900117709
195,1,1,3.23599999999999,,13518,"[954, 270]",False,,True,0.0,False,medium,False,"[[1206, 570], [1062, 642], [1188, 732]]",,[],,0.4709160250905213,0.1916163900117709
196,1,1,3.2520000000000664,,13518,"[954, 270]",False,,True,0.0,False,medium,False,"[[1206, 564], [1062, 636], [1188, 726]]",,[],,0.4702643033125223,0.19323686214248958
197,1,1,3.268000000000029,,13518,"[954, 270]",False,,True,0.0,False,medium,False,"[[1206, 558], [1062, 630], [1188, 720]]",,[],,0.46984186347691487,0.19381154305163084
198,1,1,3.284999999999968,,13518,"[954, 270]",False,,True,0.0,False,medium,False,"[[1206, 552], [1062, 624], [1188, 714]]",,[],,0.47072557608036164,0.196396305360802
199,1,1,3.302000000000021,,13518,"[954, 270]",False,,True,0.0,False,medium,False,"[[1206, 546], [1062, 618], [1188, 708]]",,[],,0.4705411517181807,0.19883511002214949
200,1,1,3.3179999999999836,,13518,"[954, 270]",False,,True,0.0,False,medium,False,"[[1206, 540], [1062, 612], [1188, 702]]",,[],,0.47072031127735114,0.20123842927889324
201,1,1,3.3350000000000364,,13518,"[954, 270]",False,,True,0.0,False,medium,False,"[[1206, 534], [1062, 606], [1188, 696]]",,[],,0.47025313269503777,0.20263820758285267
202,1,1,3.3519999999999754,,13518,"[954, 270]",False,,True,0.0,False,medium,False,"[[1206, 528], [1062, 600], [1188, 690]]",,[],,0.47000872216879347,0.20353138918937586
203,1,1,3.368000000000052,,13518,"[954, 270]",False,,True,0.0,False,medium,False,"[[1206, 522], [1062, 594], [1188, 684]]",,[],,0.47004622766050996,0.20332567379057132
204,1,1,3.384999999999991,,13518,"[954, 270]",False,,True,0.0,False,medium,False,"[[1206, 516], [1062, 588], [1188, 678]]",,[],,0.46993437302159274,0.2048489746173795
205,1,1,3.4010000000000673,,13518,"[954, 270]",False,,True,0.0,False,medium,False,"[[1206, 510], [1062, 582], [1188, 672]]",,[],,0.4700231968898906,0.2064446368461239
206,1,1,3.4180000000000064,,13518,"[954, 270]",False,,True,0.0,False,medium,False,"[[1206, 504], [1062, 576], [1188, 666]]",,[],,0.468268585826348,0.2013524040723198
207,1,1,3.435000000000059,,13518,"[954, 270]",False,,True,0.0,False,medium,False,"[[1206, 498], [1062, 570], [1188, 660]]",,[],,0.4641253936112582,0.1863150392352375
208,1,1,3.451000000000022,,13518,"[954, 270]",False,,True,0.0,False,medium,False,"[[1206, 492], [1062, 564], [1188, 654]]",,[],,0.46459298559548046,0.18963963697238773
209,1,1,3.4669999999999845,,13518,"[954, 270]",False,,True,0.0,False,medium,False,"[[1206, 486], [1062, 558], [1188, 648]]",,[],,0.4656405522199664,0.19002152247005577
210,1,1,3.4840000000000373,,13518,"[954, 270]",False,,True,0.0,False,medium,False,"[[1206, 480], [1062, 552], [1188, 642]]",,[],,0.4662219777490682,0.1901141640768107
211,1,1,3.5009999999999764,,13518,"[954, 270]",False,,True,0.0,False,medium,False,"[[1206, 474], [1062, 546], [1188, 636]]",,[],,0.4676850999057092,0.19020799258624455
212,1,1,3.518000000000029,,13518,"[954, 270]",False,,True,0.0,False,medium,False,"[[1206, 468], [1062, 540], [1188, 630], [954, 810], [1152, 810]]",,[],,0.4686405120975289,0.193128195809118
213,1,1,3.534999999999968,,13518,"[954, 270]",False,,True,0.0,False,medium,False,"[[1206, 462], [1062, 534], [1188, 624], [954, 804], [1152, 804]]",,[],,0.4687994026183235,0.19475188830440215
214,1,1,3.552000000000021,,13518,"[954, 270]",False,,True,0.0,False,medium,False,"[[1206, 456], [1062, 528], [1188, 618], [954, 798], [1152, 798]]",,[],,0.4691608604199754,0.19417011208329316
215,1,1,3.56899999999996,,13518,"[954, 270]",False,,True,0.0,False,medium,False,"[[1206, 450], [1062, 522], [1188, 612], [954, 792], [1152, 792]]",,[],,0.4680595993421104,0.19628756227943822
216,1,1,3.5860000000000127,,13518,"[954, 270]",False,,True,0.0,False,medium,False,"[[1206, 444], [1062, 516], [1188, 606], [954, 786], [1152, 786]]",,[],,0.46794736305277124,0.19783060233929395
217,1,1,3.6019999999999754,,13518,"[954, 270]",False,,True,0.0,False,medium,False,"[[1206, 438], [1062, 510], [1188, 600], [954, 780], [1152, 780]]",,[],,0.46772629341527416,0.19824407343364592
218,1,1,3.618000000000052,,13518,"[954, 270]",False,,True,0.0,False,medium,False,"[[1206, 432], [1062, 504], [1188, 594], [954, 774], [1152, 774]]",,[],,0.4375396325336651,0.3268554572872583
219,1,1,3.6340000000000146,,13518,"[954, 270]",False,,True,0.0,False,medium,False,"[[1206, 426], [1062, 498], [1188, 588], [954, 768], [1152, 768]]",,[],,0.4375396325336651,0.3268554572872583
220,1,1,3.6510000000000673,,13518,"[954, 270]",False,,True,0.0,False,medium,False,"[[1206, 420], [1062, 492], [1188, 582], [954, 762], [1152, 762]]",,[],,0.46246205747508873,0.27865500811440647
221,1,1,3.6680000000000064,,13518,"[954, 270]",False,,True,0.0,False,medium,False,"[[1206, 414], [1062, 486], [1188, 576], [954, 756], [1152, 756]]",,[],,0.4793183655165416,0.13498590853850945
222,1,1,3.683999999999969,,13518,"[954, 270]",False,,True,0.0,False,medium,False,"[[1206, 408], [1062, 480], [1188, 570], [954, 750], [1152, 750]]",,[],,0.48853900709529674,0.07795024386265814
223,1,1,3.701999999999998,,13518,"[954, 270]",False,,True,0.0,False,medium,False,"[[1206, 402], [1062, 474], [1188, 564], [954, 744], [1152, 744]]",,[],,0.48853900709529674,0.07795024386265814
224,1,1,3.719000000000051,,13518,"[954, 270]",False,,True,0.0,False,medium,False,"[[1206, 396], [1062, 468], [1188, 558], [954, 738], [1152, 738]]",,[],,0.47698654158447,0.1847896390137701
225,1,1,3.73599999999999,,13518,"[954, 270]",False,,True,0.0,False,medium,False,"[[1206, 390], [1062, 462], [1188, 552], [954, 732], [1152, 732]]",,[],,0.47698654158447,0.1847896390137701
226,1,1,3.7520000000000664,,13518,"[954, 270]",False,,True,0.0,False,medium,False,"[[1206, 384], [1062, 456], [1188, 546], [954, 726], [1152, 726]]",,[],,-0.2722620199092015,0.0674412258166891
227,1,1,3.7690000000000055,,13518,"[954, 270]",False,,True,0.0,False,medium,False,"[[1206, 378], [1062, 450], [1188, 540], [954, 720], [1152, 720]]",,[],,0.5202323108375165,-0.007907610990059544
228,1,1,3.786000000000058,,13518,"[954, 270]",False,,True,0.0,False,medium,False,"[[1206, 372], [1062, 444], [1188, 534], [954, 714], [1152, 714]]",,[],,0.5769522281472159,0.07428426249884279
229,1,1,3.8029999999999973,,13518,"[954, 270]",False,,True,0.0,False,medium,False,"[[1206, 366], [1062, 438], [1188, 528], [954, 708], [1152, 708]]",,[],,0.5769522281472159,0.07428426249884279
230,1,1,3.82000000000005,,13518,"[954, 270]",False,,True,0.0,False,medium,False,"[[1206, 360], [1062, 432], [1188, 522], [954, 702], [1152, 702]]",,[],,0.5946754461623233,0.12004500709564514
231,1,1,3.836999999999989,,13518,"[954, 270]",False,,True,0.0,False,medium,False,"[[1206, 354], [1062, 426], [1188, 516], [954, 696], [1152, 696]]",,[],,0.43257862026994837,0.30588685421895656
232,1,1,3.854000000000042,,13518,"[954, 270]",False,,True,0.0,False,medium,False,"[[1206, 348], [1062, 420], [1188, 510], [954, 690], [1152, 690]]",,[],,0.49178302331776297,0.1605247415350075
233,1,1,3.8700000000000045,,13518,"[954, 270]",False,,True,0.0,False,medium,False,"[[1206, 342], [1062, 414], [1188, 504], [954, 684], [1152, 684]]",,[],,0.4909669844803105,0.15833855583788958
234,1,1,3.8859999999999673,,13518,"[954, 270]",False,,True,0.0,False,medium,False,"[[1206, 336], [1062, 408], [1188, 498], [954, 678], [1152, 678]]",,[],,0.49054998458478255,0.15507697572579515
235,1,1,3.90300000000002,,13518,"[954, 270]",False,,True,0.0,False,medium,False,"[[1206, 330], [1062, 402], [1188, 492], [954, 672], [1152, 672]]",,[],,0.48672827460045565,0.15158317227272566
236,1,1,3.919999999999959,,13518,"[954, 270]",False,,True,0.0,False,medium,False,"[[1206, 324], [1062, 396], [1188, 486], [954, 666], [1152, 666]]",,[],,0.47142330404794536,0.16084382919371165
237,1,1,3.9360000000000355,,13518,"[954, 270]",False,,True,0.0,False,medium,False,"[[1206, 318], [1062, 390], [1188, 480], [954, 660], [1152, 660]]",,[],,0.46957926413931633,0.15915585905376584
238,1,1,3.9529999999999745,,13518,"[954, 270]",False,,True,0.0,False,medium,False,"[[1206, 312], [1062, 384], [1188, 474], [954, 654], [1152, 654]]",,[],,0.4691082983081941,0.16041283313238397
239,1,1,3.969000000000051,,13518,"[954, 270]",False,,True,0.0,False,medium,False,"[[1206, 306], [1062, 378], [1188, 468], [954, 648], [1152, 648]]",,[],,0.46747687780947905,0.16093433861230644
240,1,1,3.98599999999999,,13518,"[954, 270]",False,,True,0.0,False,medium,False,"[[1206, 300], [1062, 372], [1188, 462], [954, 642], [1152, 642]]",,[],,0.4668646688003079,0.16198713940477882
241,1,1,4.003000000000043,,13518,"[954, 270]",False,,True,0.0,False,medium,False,"[[1206, 294], [1062, 366], [1188, 456], [954, 636], [1152, 636]]",,[],,0.46629377836230557,0.16292588213601422
242,1,1,4.0190000000000055,,13518,"[954, 270]",False,,True,0.0,False,medium,False,"[[1206, 288], [1062, 360], [1188, 450], [954, 630], [1152, 630]]",,[],,0.4663395241003598,0.16341322536321046
243,1,1,4.036000000000058,,13518,"[954, 270]",False,,True,0.0,False,medium,False,"[[1206, 282], [1062, 354], [1188, 444], [954, 624], [1152, 624]]",,[],,0.46510253926168516,0.16492430264486535
244,1,1,4.052000000000021,,13518,"[954, 270]",False,,True,0.0,False,medium,False,"[[1206, 276], [1062, 348], [1188, 438], [954, 618], [1152, 618]]",,[],,0.4343005374705947,0.3177322143002097
245,1,1,4.06899999999996,,13518,"[954, 270]",False,,True,0.0,False,medium,False,"[[1206, 270], [1062, 342], [1188, 432], [954, 612], [1152, 612], [918, 810]]",,[],,0.4343005374705947,0.3177322143002097
246,1,1,4.085000000000036,,13518,"[954, 270]",False,,True,0.0,False,medium,False,"[[1206, 264], [1062, 336], [1188, 426], [954, 606], [1152, 606], [918, 804]]",,[],,0.4343005374705947,0.3177322143002097
247,1,1,4.101999999999975,,13518,"[954, 270]",False,,True,0.0,False,medium,False,"[[1206, 258], [1062, 330], [1188, 420], [954, 600], [1152, 600], [918, 798]]",,[],,0.45562380483956266,0.25908380160881195
248,1,1,4.119000000000028,,13518,"[954, 270]",False,,True,0.0,False,medium,False,"[[1206, 252], [1062, 324], [1188, 414], [954, 594], [1152, 594], [918, 792]]",,[],,0.4628905246886507,0.1673563046248725
249,1,1,4.134999999999991,,13518,"[954, 270]",False,,True,0.0,False,medium,False,"[[1206, 246], [1062, 318], [1188, 408], [954, 588], [1152, 588], [918, 786]]",,[],,0.4614273543444615,0.1710504509552283
250,1,1,4.151000000000067,,13518,"[954, 270]",False,,True,0.0,False,medium,False,"[[1206, 240], [1062, 312], [1188, 402], [954, 582], [1152, 582], [918, 780]]",,[],,0.4613393629303653,0.17162546189479322
251,1,1,4.16700000000003,,13518,"[954, 270]",False,,True,0.0,False,medium,False,"[[1206, 234], [1062, 306], [1188, 396], [954, 576], [1152, 576], [918, 774]]",,[],,0.4610885060556112,0.17386172804143818
252,1,1,4.182999999999993,,13518,"[954, 270]",False,,True,0.0,False,medium,False,"[[1206, 228], [1062, 300], [1188, 390], [954, 570], [1152, 570], [918, 768]]",,[],,0.4610885060556112,0.17386172804143818
253,1,1,4.199000000000069,,13518,"[954, 270]",False,,True,0.0,False,medium,False,"[[1206, 222], [1062, 294], [1188, 384], [954, 564], [1152, 564], [918, 762]]",,[],,0.46149999837695005,0.1795173305174098
254,1,1,4.215000000000032,,13518,"[954, 270]",False,,True,0.0,False,medium,False,"[[1206, 216], [1062, 288], [1188, 378], [954, 558], [1152, 558], [918, 756]]",,[],,0.46149999837695005,0.1795173305174098
255,1,1,4.2309999999999945,,13518,"[954, 270]",False,,True,0.0,False,medium,False,"[[1206, 210], [1062, 282], [1188, 372], [954, 552], [1152, 552], [918, 750]]",,[],,0.46157497471221615,0.18328922441161866
256,1,1,4.246999999999957,,13518,"[954, 270]",False,,True,0.0,False,medium,False,"[[1206, 204], [1062, 276], [1188, 366], [954, 546], [1152, 546], [918, 744]]",,[],,0.4611923191766826,0.18400048407663327
257,1,1,4.26400000000001,,13518,"[954, 270]",False,,True,0.0,False,medium,False,"[[1206, 198], [1062, 270], [1188, 360], [954, 540], [1152, 540], [918, 738]]",,[],,0.4598190295361363,0.18625949260312624
258,1,1,4.281000000000063,,13518,"[954, 270]",False,,True,0.0,False,medium,False,"[[1206, 192], [1062, 264], [1188, 354], [954, 534], [1152, 534], [918, 732]]",,[],,0.4598190295361363,0.18625949260312624
259,1,1,4.298999999999978,,13518,"[954, 270]",False,Left,True,0.0,False,medium,False,"[[1206, 186], [1062, 258], [1188, 348], [954, 528], [1152, 528], [918, 726]]",,[],,0.4592811453641331,0.18898329097310318
260,1,1,4.3139999999999645,,13518,"[954, 270]",False,Left,True,0.0,False,medium,False,"[[1212, 180], [1068, 252], [1194, 342], [960, 522], [1158, 522], [924, 720]]",,[],,0.4592811453641331,0.18898329097310318
261,1,1,4.330000000000041,,13518,"[954, 270]",False,Left,True,0.0,False,medium,False,"[[1218, 174], [1074, 246], [1200, 336], [966, 516], [1164, 516], [930, 714]]",,[],,0.46036310861471275,0.1930300988928738
262,1,1,4.346000000000004,,13518,"[954, 270]",False,Left,True,0.0,False,medium,False,"[[1224, 168], [1080, 240], [1206, 330], [972, 510], [1170, 510], [936, 708]]",,[],,0.46036310861471275,0.1930300988928738
263,1,1,4.363000000000056,,13518,"[954, 270]",False,Left,True,0.0,False,medium,False,"[[1230, 162], [1086, 234], [1212, 324], [978, 504], [1176, 504], [942, 702]]",,[],,0.4613570423187786,0.19952318558281223
264,1,1,4.3799999999999955,,13518,"[954, 270]",False,Left,True,0.0,False,medium,False,"[[1236, 156], [1092, 228], [1218, 318], [984, 498], [1182, 498], [948, 696]]",,[],,0.4613570423187786,0.19952318558281223
265,1,1,4.398000000000025,,13518,"[954, 270]",False,,True,0.0,False,medium,False,"[[1242, 150], [1098, 222], [1224, 312], [990, 492], [1188, 492], [954, 690]]",,[],,0.4614671379878241,0.20247918510044882
266,1,1,4.414999999999964,,13518,"[954, 270]",False,,True,0.0,False,medium,False,"[[1242, 144], [1098, 216], [1224, 306], [990, 486], [1188, 486], [954, 684]]",,[],,0.4614671379878241,0.20247918510044882
267,1,1,4.430000000000064,,13518,"[954, 270]",False,,True,0.0,False,medium,False,"[[1242, 138], [1098, 210], [1224, 300], [990, 480], [1188, 480], [954, 678]]",,[],,0.4612759485687123,0.20521600291060982
268,1,1,4.447000000000003,,13518,"[954, 270]",False,,True,0.0,False,medium,False,"[[1242, 132], [1098, 204], [1224, 294], [990, 474], [1188, 474], [954, 672]]",,"[[1452, 810]]",,0.4612759485687123,0.20521600291060982
269,1,1,4.462999999999965,,13518,"[954, 270]",False,,True,0.0,False,medium,False,"[[1242, 126], [1098, 198], [1224, 288], [990, 468], [1188, 468], [954, 666]]",,"[[1452, 804]]",,0.4377936979175218,0.3418842512708946
270,1,1,4.480000000000018,,13518,"[954, 270]",False,,True,0.0,False,medium,False,"[[1242, 120], [1098, 192], [1224, 282], [990, 462], [1188, 462], [954, 660]]",,"[[1452, 798]]",,0.4377936979175218,0.3418842512708946
271,1,1,4.496999999999957,,13518,"[954, 270]",False,,True,0.0,False,medium,False,"[[1242, 114], [1098, 186], [1224, 276], [990, 456], [1188, 456], [954, 654]]",,"[[1452, 792]]",,0.4600055894462104,0.2178884192765821
272,1,1,4.51400000000001,,13518,"[954, 270]",False,,True,0.0,False,medium,False,"[[1242, 108], [1098, 180], [1224, 270], [990, 450], [1188, 450], [954, 648]]",,"[[1452, 786]]",,0.4600055894462104,0.2178884192765821
273,1,1,4.529999999999973,,13518,"[954, 270]",False,Left,True,0.0,False,medium,False,"[[1242, 102], [1098, 174], [1224, 264], [990, 444], [1188, 444], [954, 642]]",,"[[1458, 780]]",,0.461029477819502,0.21892436903921086
274,1,1,4.5470000000000255,,13518,"[954, 270]",False,Left,True,0.0,False,medium,False,"[[1248, 96], [1104, 168], [1230, 258], [996, 438], [1194, 438], [960, 636]]",,"[[1464, 774]]",,0.461029477819502,0.21892436903921086
275,1,1,4.5639999999999645,,13518,"[954, 270]",False,Left,True,0.0,False,medium,False,"[[1254, 90], [1110, 162], [1236, 252], [1002, 432], [1200, 432], [966, 630]]",,"[[1470, 768]]",,0.46252991243665054,0.220865611276569
276,1,1,4.581000000000017,,13518,"[954, 270]",False,Left,True,0.0,False,medium,False,"[[1260, 84], [1116, 156], [1242, 246], [1008, 426], [1206, 426], [972, 624]]",,"[[1476, 762]]",,0.46252991243665054,0.220865611276569
277,1,1,4.59800000000007,,13518,"[954, 270]",False,Left,True,0.0,False,medium,False,"[[1266, 78], [1122, 150], [1248, 240], [1014, 420], [1212, 420], [978, 618]]",,"[[1482, 756]]",,0.46291383200199687,0.2237845803097085
278,1,1,4.614000000000033,,13518,"[954, 270]",False,Left,True,0.0,False,medium,False,"[[1272, 72], [1128, 144], [1254, 234], [1020, 414], [1218, 414], [984, 612]]",,"[[1488, 750]]",,0.46291383200199687,0.2237845803097085
279,1,1,4.632000000000062,,13518,"[954, 270]",False,,True,0.0,False,medium,False,"[[1278, 66], [1134, 138], [1260, 228], [1026, 408], [1224, 408], [990, 606]]",,"[[1488, 744]]",,0.4624236085923594,0.22643512114808684
280,1,1,4.649000000000001,,13518,"[954, 270]",False,,True,0.0,False,medium,False,"[[1278, 60], [1134, 132], [1260, 222], [1026, 402], [1224, 402], [990, 600]]",,"[[1488, 738]]",,0.4620834287315942,0.226480331869519
281,1,1,4.664999999999964,,13518,"[954, 270]",False,,True,0.0,False,medium,False,"[[1278, 54], [1134, 126], [1260, 216], [1026, 396], [1224, 396], [990, 594]]",,"[[1488, 732]]",,0.4609523619916386,0.22751454931088133
282,1,1,4.68100000000004,,13518,"[954, 270]",False,,True,0.0,False,medium,False,"[[1278, 48], [1134, 120], [1260, 210], [1026, 390], [1224, 390], [990, 588]]",,"[[1488, 726]]",,0.4609523619916386,0.22751454931088133
283,1,1,4.699000000000069,,13518,"[954, 270]",False,,True,0.0,False,medium,False,"[[1278, 42], [1134, 114], [1260, 204], [1026, 384], [1224, 384], [990, 582]]",,"[[1488, 720]]",,0.46099992490357905,0.22788092558252748
284,1,1,4.715000000000032,,13518,"[954, 270]",False,,True,0.0,False,medium,False,"[[1278, 36], [1134, 108], [1260, 198], [1026, 378], [1224, 378], [990, 576]]",,"[[1488, 714]]",,0.46099992490357905,0.22788092558252748
285,1,1,4.731999999999971,,13518,"[954, 270]",False,Left,True,0.0,False,medium,False,"[[1278, 30], [1134, 102], [1260, 192], [1026, 372], [1224, 372], [990, 570]]",,"[[1494, 708]]",,0.4255380007337804,0.3432745991943017
286,1,1,4.748000000000047,,13518,"[954, 270]",False,Left,True,0.0,False,medium,False,"[[1284, 24], [1140, 96], [1266, 186], [1032, 366], [1230, 366], [996, 564]]",,"[[1500, 702]]",,0.4255380007337804,0.3432745991943017
287,1,1,4.764999999999986,,13518,"[954, 270]",False,Left,True,0.0,False,medium,False,"[[1290, 18], [1146, 90], [1272, 180], [1038, 360], [1236, 360], [1002, 558]]",,"[[1506, 696]]",,0.4507952028288442,0.29007210506459247
288,1,1,4.782000000000039,,13518,"[954, 270]",False,Left,True,0.0,False,medium,False,"[[1296, 12], [1152, 84], [1278, 174], [1044, 354], [1242, 354], [1008, 552]]",,"[[1512, 690]]",,0.4507952028288442,0.29007210506459247
289,1,1,4.798999999999978,,13518,"[954, 270]",False,Left,True,0.0,False,medium,False,"[[1302, 6], [1158, 78], [1284, 168], [1050, 348], [1248, 348], [1014, 546]]",,"[[1518, 684]]",,0.4263116551203982,0.34367730155980925
290,1,1,4.816000000000031,,13518,"[954, 270]",False,Left,True,0.0,False,medium,False,"[[1308, 0], [1164, 72], [1290, 162], [1056, 342], [1254, 342], [1020, 540]]",,"[[1524, 678]]",,0.4263116551203982,0.34367730155980925
291,1,1,4.83400000000006,,13518,"[954, 270]",False,,True,0.0,False,medium,False,"[[1170, 66], [1296, 156], [1062, 336], [1260, 336], [1026, 534]]",,"[[1524, 672]]",,0.44851184718824,0.22543042998459328
292,1,1,4.849000000000046,,13518,"[954, 270]",False,,True,0.0,False,medium,False,"[[1170, 60], [1296, 150], [1062, 330], [1260, 330], [1026, 528]]",,"[[1524, 666]]",,0.44851184718824,0.22543042998459328
293,1,1,4.8659999999999854,,13518,"[954, 270]",False,,True,0.0,False,medium,False,"[[1170, 54], [1296, 144], [1062, 324], [1260, 324], [1026, 522], [1098, 810]]",,"[[1524, 660]]",,0.4488913233077752,0.22823560969332857
294,1,1,4.883000000000038,,13518,"[954, 270]",False,,True,0.0,False,medium,False,"[[1170, 48], [1296, 138], [1062, 318], [1260, 318], [1026, 516], [1098, 804]]",,"[[1524, 654]]",,0.4488913233077752,0.22823560969332857
295,1,1,4.899000000000001,,13518,"[954, 270]",False,,True,0.0,False,medium,False,"[[1170, 42], [1296, 132], [1062, 312], [1260, 312], [1026, 510], [1098, 798]]",,"[[1524, 648]]",,0.45034283086877885,0.23343314350155064
296,1,1,4.916000000000054,,13518,"[954, 270]",False,,True,0.0,False,medium,False,"[[1170, 36], [1296, 126], [1062, 306], [1260, 306], [1026, 504], [1098, 792]]",,"[[1524, 642]]",,0.45034283086877885,0.23343314350155064
297,1,1,4.932999999999993,,13518,"[954, 270]",False,Left,True,0.0,False,medium,False,"[[1170, 30], [1296, 120], [1062, 300], [1260, 300], [1026, 498], [1098, 786]]",,"[[1530, 636]]",,0.45131118788272107,0.23490923624373983
298,1,1,4.951000000000022,,13518,"[954, 270]",False,Left,True,0.0,False,medium,False,"[[1176, 24], [1302, 114], [1068, 294], [1266, 294], [1032, 492], [1104, 780]]",,"[[1536, 630]]",,0.45131118788272107,0.23490923624373983
299,1,1,4.9669999999999845,,13518,"[954, 270]",False,Left,True,0.0,False,medium,False,"[[1182, 18], [1308, 108], [1074, 288], [1272, 288], [1038, 486], [1110, 774]]",,"[[1542, 624]]",,0.4507477087138391,0.2348758816624288
300,1,1,4.984000000000037,,13518,"[954, 270]",False,Left,True,0.0,False,medium,False,"[[1188, 12], [1314, 102], [1080, 282], [1278, 282], [1044, 480], [1116, 768]]",,"[[1548, 618]]",,0.4507477087138391,0.2348758816624288
301,1,1,5.000999999999976,,13518,"[954, 270]",False,Left,True,0.0,False,medium,False,"[[1194, 6], [1320, 96], [1086, 276], [1284, 276], [1050, 474], [1122, 762]]",,"[[1554, 612]]",,0.44968133300490865,0.23636337048221934
302,1,1,5.018000000000029,,13518,"[954, 270]",False,Left,True,0.0,False,medium,False,"[[1200, 0], [1326, 90], [1092, 270], [1290, 270], [1056, 468], [1128, 756]]",,"[[1560, 606]]",,0.44968133300490865,0.23636337048221934
303,1,1,5.033999999999992,,13518,"[954, 270]",False,Left,True,0.0,False,medium,False,"[[1332, 84], [1098, 264], [1296, 264], [1062, 462], [1134, 750]]",,"[[1566, 600]]",,0.4493843288553441,0.2389940694618653
304,1,1,5.051000000000045,,13518,"[954, 270]",False,Left,True,0.0,False,medium,False,"[[1338, 78], [1104, 258], [1302, 258], [1068, 456], [1140, 744]]",,"[[1572, 594]]",,0.4493843288553441,0.2389940694618653
305,1,1,5.06899999999996,,13518,"[954, 270]",False,,True,0.0,False,medium,False,"[[1344, 72], [1110, 252], [1308, 252], [1074, 450], [1146, 738], [1182, 810]]",,"[[1572, 588]]",,0.4506197497843852,0.2440836386676637
306,1,1,5.085000000000036,,13518,"[954, 270]",False,,True,0.0,False,medium,False,"[[1344, 66], [1110, 246], [1308, 246], [1074, 444], [1146, 732], [1182, 804]]",,"[[1572, 582]]",,0.4506197497843852,0.2440836386676637
307,1,1,5.104000000000042,,13518,"[954, 270]",False,,True,0.0,False,medium,False,"[[1344, 60], [1110, 240], [1308, 240], [1074, 438], [1146, 726], [1182, 798]]",,"[[1572, 576]]",,0.4516439922446625,0.24657849141585442
308,1,1,5.1200000000000045,,13518,"[954, 270]",False,,True,0.0,False,medium,False,"[[1344, 54], [1110, 234], [1308, 234], [1074, 432], [1146, 720], [1182, 792]]",,"[[1572, 570]]",,0.4516439922446625,0.24657849141585442
309,1,1,5.137000000000057,,13518,"[954, 270]",False,,True,0.0,False,medium,False,"[[1344, 48], [1110, 228], [1308, 228], [1074, 426], [1146, 714], [1182, 786]]",,"[[1572, 564]]",,0.45240419985111,0.24986411096588867
310,1,1,5.153999999999996,,13518,"[954, 270]",False,,True,0.0,False,medium,False,"[[1344, 42], [1110, 222], [1308, 222], [1074, 420], [1146, 708], [1182, 780]]",,"[[1572, 558]]",,0.45240419985111,0.24986411096588867
311,1,1,5.169999999999959,,13518,"[954, 270]",False,,True,0.0,False,medium,False,"[[1344, 36], [1110, 216], [1308, 216], [1074, 414], [1146, 702], [1182, 774], [948, 810]]",,"[[1572, 552]]",,0.4538403168823241,0.2540805810374729
312,1,1,5.187000000000012,,13518,"[954, 270]",False,,True,0.0,False,medium,False,"[[1344, 30], [1110, 210], [1308, 210], [1074, 408], [1146, 696], [1182, 768], [948, 804]]",,"[[1572, 546]]",,0.4538403168823241,0.2540805810374729
313,1,1,5.204000000000065,,13518,"[954, 270]",False,,True,0.0,False,medium,False,"[[1344, 24], [1110, 204], [1308, 204], [1074, 402], [1146, 690], [1182, 762], [948, 798]]",,"[[1572, 540]]",,0.4548061018886556,0.2559684828252027
314,1,1,5.220000000000027,,13518,"[954, 270]",False,,True,0.0,False,medium,False,"[[1344, 18], [1110, 198], [1308, 198], [1074, 396], [1146, 684], [1182, 756], [948, 792]]",,"[[1572, 534]]",,0.4548061018886556,0.2559684828252027
315,1,1,5.23599999999999,,13518,"[954, 270]",False,,True,0.0,False,medium,False,"[[1344, 12], [1110, 192], [1308, 192], [1074, 390], [1146, 678], [1182, 750], [948, 786]]",,"[[1572, 528]]",,0.4552376744132231,0.25914179087124267
316,1,1,5.253000000000043,,13518,"[954, 270]",False,,True,0.0,False,medium,False,"[[1344, 6], [1110, 186], [1308, 186], [1074, 384], [1146, 672], [1182, 744], [948, 780]]",,"[[1572, 522]]",,0.4552376744132231,0.25914179087124267
317,1,1,5.269999999999982,,13518,"[954, 270]",False,,True,0.0,False,medium,False,"[[1344, 0], [1110, 180], [1308, 180], [1074, 378], [1146, 666], [1182, 738], [948, 774]]",,"[[1572, 516]]",,0.45425730776242335,0.26161884875734764
318,1,1,5.287000000000035,,13518,"[954, 270]",False,,True,0.0,False,medium,False,"[[1110, 174], [1308, 174], [1074, 372], [1146, 660], [1182, 732], [948, 768]]",,"[[1572, 510]]",,0.45425730776242335,0.26161884875734764
319,1,1,5.302999999999997,,13518,"[954, 270]",False,,True,0.0,False,medium,False,"[[1110, 168], [1308, 168], [1074, 366], [1146, 654], [1182, 726], [948, 762]]",,"[[1572, 504]]",,0.45382924256750784,0.25919734992124066
320,1,1,5.32000000000005,,13518,"[954, 270]",False,,True,0.0,False,medium,False,"[[1110, 162], [1308, 162], [1074, 360], [1146, 648], [1182, 720], [948, 756]]",,"[[1572, 498]]",,0.45382924256750784,0.25919734992124066
321,1,1,5.336999999999989,,13518,"[954, 270]",False,,True,0.0,False,medium,False,"[[1110, 156], [1308, 156], [1074, 354], [1146, 642], [1182, 714], [948, 750]]",,"[[1572, 492]]",,0.4639919128730486,0.2155836222377534
322,1,1,5.3530000000000655,,13518,"[954, 270]",False,,True,0.0,False,medium,False,"[[1110, 150], [1308, 150], [1074, 348], [1146, 636], [1182, 708], [948, 744]]",,"[[1572, 486]]",,0.4639919128730486,0.2155836222377534
323,1,1,5.369000000000028,,13518,"[954, 270]",False,,True,0.0,False,medium,False,"[[1110, 144], [1308, 144], [1074, 342], [1146, 630], [1182, 702], [948, 738]]",,"[[1572, 480]]",,0.4652465880690759,0.21232886641816717
324,1,1,5.385999999999967,,13518,"[954, 270]",False,,True,0.0,False,medium,False,"[[1110, 138], [1308, 138], [1074, 336], [1146, 624], [1182, 696], [948, 732]]",,"[[1572, 474]]",,0.4652465880690759,0.21232886641816717
325,1,1,5.401000000000067,,13518,"[954, 270]",False,,True,0.0,False,medium,False,"[[1110, 132], [1308, 132], [1074, 330], [1146, 618], [1182, 690], [948, 726]]",,"[[1572, 468]]",,0.46625391026163854,0.21421107000771733
326,1,1,5.41700000000003,,13518,"[954, 270]",False,,True,0.0,False,medium,False,"[[1110, 126], [1308, 126], [1074, 324], [1146, 612], [1182, 684], [948, 720]]",,"[[1572, 462]]",,0.46625391026163854,0.21421107000771733
327,1,1,5.433999999999969,,13518,"[954, 270]",False,,True,0.0,False,medium,False,"[[1110, 120], [1308, 120], [1074, 318], [1146, 606], [1182, 678], [948, 714]]",,"[[1572, 456]]",,0.4663640904288463,0.21963288832010275
328,1,1,5.4500000000000455,,13518,"[954, 270]",False,,True,0.0,False,medium,False,"[[1110, 114], [1308, 114], [1074, 312], [1146, 600], [1182, 672], [948, 708]]",,"[[1572, 450]]",,0.4663640904288463,0.21963288832010275
329,1,1,5.4669999999999845,,13518,"[954, 270]",False,,True,0.0,False,medium,False,"[[1110, 108], [1308, 108], [1074, 306], [1146, 594], [1182, 666], [948, 702], [948, 810]]",,"[[1572, 444]]",,0.4667043154712601,0.22280814914502656
330,1,1,5.484000000000037,,13518,"[954, 270]",False,,True,0.0,False,medium,False,"[[1110, 102], [1308, 102], [1074, 300], [1146, 588], [1182, 660], [948, 696], [948, 804]]",,"[[1572, 438]]",,0.4667043154712601,0.22280814914502656
331,1,1,5.5,,13518,"[954, 270]",False,,True,0.0,False,medium,False,"[[1110, 96], [1308, 96], [1074, 294], [1146, 582], [1182, 654], [948, 690], [948, 798]]",,"[[1572, 432]]",,0.4667669451852796,0.22357493806546358
332,1,1,5.515999999999963,,13518,"[954, 270]",False,,True,0.0,False,medium,False,"[[1110, 90], [1308, 90], [1074, 288], [1146, 576], [1182, 648], [948, 684], [948, 792]]",,"[[1572, 426]]",,0.4667669451852796,0.22357493806546358
333,1,1,5.532000000000039,,13518,"[954, 270]",False,,True,0.0,False,medium,False,"[[1110, 84], [1308, 84], [1074, 282], [1146, 570], [1182, 642], [948, 678], [948, 786]]",,"[[1572, 420]]",,0.4674030546911759,0.22574954778872958
334,1,1,5.548999999999978,,13518,"[954, 270]",False,,True,0.0,False,medium,False,"[[1110, 78], [1308, 78], [1074, 276], [1146, 564], [1182, 636], [948, 672], [948, 780]]",,"[[1572, 414]]",,0.4675191050225175,0.22753521099189067
335,1,1,5.566000000000031,,13518,"[954, 270]",False,,True,0.0,False,medium,False,"[[1110, 72], [1308, 72], [1074, 270], [1146, 558], [1182, 630], [948, 666], [948, 774]]",,"[[1572, 408]]",,0.4678658656214439,0.23020085537763146
336,1,1,5.58299999999997,,13518,"[954, 270]",False,,True,0.0,False,medium,False,"[[1110, 66], [1308, 66], [1074, 264], [1146, 552], [1182, 624], [948, 660], [948, 768]]",,"[[1572, 402]]",,0.4682736200406853,0.23094053974523154
337,1,1,5.599000000000046,,13518,"[954, 270]",False,,True,0.0,False,medium,False,"[[1110, 60], [1308, 60], [1074, 258], [1146, 546], [1182, 618], [948, 654], [948, 762]]",,"[[1572, 396]]",,0.4691908788341423,0.23479733989947726
338,1,1,5.616999999999962,,13518,"[954, 270]",False,Right,True,0.0,False,medium,False,"[[1110, 54], [1308, 54], [1074, 252], [1146, 540], [1182, 612], [948, 648], [948, 756]]",,"[[1566, 390]]",,0.46913599394826466,0.23716619447694332
339,1,1,5.632000000000062,,13518,"[954, 270]",False,Right,True,0.0,False,medium,False,"[[1104, 48], [1302, 48], [1068, 246], [1140, 534], [1176, 606], [942, 642], [942, 750]]",,"[[1560, 384]]",,0.47031596569173795,0.2388454493129144
340,1,1,5.649000000000001,,13518,"[954, 270]",False,Right,True,0.0,False,medium,False,"[[1098, 42], [1296, 42], [1062, 240], [1134, 528], [1170, 600], [936, 636], [936, 744]]",,"[[1554, 378]]",,0.47041483987848515,0.24261890783839057
341,1,1,5.666000000000054,,13518,"[954, 270]",False,Right,True,0.0,False,medium,False,"[[1092, 36], [1290, 36], [1056, 234], [1128, 522], [1164, 594], [930, 630], [930, 738]]",,"[[1548, 372]]",,0.4420130736698682,0.35904973140981566
342,1,1,5.682000000000016,,13518,"[954, 270]",False,Right,True,0.0,False,medium,False,"[[1086, 30], [1284, 30], [1050, 228], [1122, 516], [1158, 588], [924, 624], [924, 732]]",,"[[1542, 366]]",,0.4420130736698682,0.35904973140981566
343,1,1,5.699000000000069,,13518,"[954, 270]",False,Right,True,0.0,False,medium,False,"[[1080, 24], [1278, 24], [1044, 222], [1116, 510], [1152, 582], [918, 618], [918, 726]]",,"[[1536, 360]]",,0.47119629405135505,0.24753153725937127
344,1,1,5.716000000000008,,13518,"[954, 270]",False,Right,True,0.0,False,medium,False,"[[1074, 18], [1272, 18], [1038, 216], [1110, 504], [1146, 576], [912, 612], [912, 720]]",,"[[1530, 354]]",,0.4718752029180924,0.24992679144247587
345,1,1,5.731999999999971,,13518,"[954, 270]",False,,True,0.0,False,medium,False,"[[1068, 12], [1266, 12], [1032, 210], [1104, 498], [1140, 570], [906, 606], [906, 714]]",,"[[1530, 348]]",,0.47217628923338245,0.2515669403481142
346,1,1,5.748000000000047,,13518,"[954, 270]",False,,True,0.0,False,medium,False,"[[1068, 6], [1266, 6], [1032, 204], [1104, 492], [1140, 564], [906, 600], [906, 708]]",,"[[1530, 342]]",,0.4723580418806163,0.2522340470664607
347,1,1,5.76400000000001,,13518,"[954, 270]",False,,True,0.0,False,medium,False,"[[1068, 0], [1266, 0], [1032, 198], [1104, 486], [1140, 558], [906, 594], [906, 702]]",,"[[1530, 336]]",,0.4728175750651656,0.2557666716629937
348,1,1,5.781000000000063,,13518,"[954, 270]",False,,True,0.0,False,medium,False,"[[1032, 192], [1104, 480], [1140, 552], [906, 588], [906, 696]]",,"[[1530, 330]]",,0.4728437464704596,0.2563591130554521
349,1,1,5.798000000000002,,13518,"[954, 270]",False,,True,0.0,False,medium,False,"[[1032, 186], [1104, 474], [1140, 546], [906, 582], [906, 690]]",,"[[1530, 324], [624, 810]]",,0.4724780354602032,0.25893380194869975
350,1,1,5.815000000000055,,13518,"[954, 270]",False,,True,0.0,False,medium,False,"[[1032, 180], [1104, 468], [1140, 540], [906, 576], [906, 684]]",,"[[1530, 318], [624, 804]]",,0.47239781849899803,0.25869402039146494
351,1,1,5.831000000000017,,13518,"[954, 270]",False,,True,0.0,False,medium,False,"[[1032, 174], [1104, 462], [1140, 534], [906, 570], [906, 678]]",,"[[1530, 312], [624, 798]]",,0.47206910021804155,0.2600750545219319
352,1,1,5.84699999999998,,13518,"[954, 270]",False,,True,1.0,False,medium,False,"[[1032, 168], [1104, 456], [1140, 528], [906, 564], [906, 672]]",,"[[1530, 306], [624, 792]]",,0.47205124595840753,0.26051127886986924
353,1,1,5.864000000000033,,13518,"[954, 270]",False,,True,1.0,False,medium,False,"[[1032, 162], [1104, 450], [1140, 522], [906, 558], [906, 666]]",,"[[1536, 300], [630, 786]]",,0.4721322161183094,0.2617303890759136
354,1,1,5.882000000000062,,13518,"[954, 270]",False,,True,1.0,False,medium,False,"[[1038, 156], [1110, 444], [1146, 516], [912, 552], [912, 660]]",,"[[1542, 294], [636, 780]]",,0.4722565190372442,0.2614359649960707
355,1,1,5.899000000000001,,13518,"[954, 270]",False,,True,1.0,False,medium,False,"[[1044, 150], [1116, 438], [1152, 510], [918, 546], [918, 654]]",,"[[1548, 288], [642, 774]]",,0.4724845697230677,0.26250701931999376
356,1,1,5.916000000000054,,13518,"[954, 270]",False,,True,1.0,False,medium,False,"[[1050, 144], [1122, 432], [1158, 504], [924, 540], [924, 648], [870, 810]]",,"[[1554, 282], [648, 768]]",,0.4724845697230677,0.26250701931999376
357,1,1,5.932999999999993,,13518,"[954, 270]",False,,True,1.0,False,medium,False,"[[1056, 138], [1128, 426], [1164, 498], [930, 534], [930, 642], [876, 804]]",,"[[1560, 276], [654, 762]]",,0.472698006352812,0.2672276995627557
358,1,1,5.9500000000000455,,13518,"[954, 270]",False,,True,1.0,False,medium,False,"[[1062, 132], [1134, 420], [1170, 492], [936, 528], [936, 636], [882, 798]]",,"[[1566, 270], [660, 756]]",,0.4726766810867983,0.2673554033067099
359,1,1,5.966000000000008,,13518,"[954, 270]",False,,True,1.0,False,medium,False,"[[1068, 126], [1140, 414], [1176, 486], [942, 522], [942, 630], [888, 792]]",,"[[1572, 264], [666, 750]]",,0.472691101962529,0.2687035676569778
360,1,1,5.981999999999971,,13518,"[954, 270]",False,,True,1.0,False,medium,False,"[[1074, 120], [1146, 408], [1182, 480], [948, 516], [948, 624], [894, 786]]",,"[[1578, 258], [672, 744]]",,0.47269730850298963,0.2698025221528777
361,1,1,5.999000000000024,,13518,"[954, 270]",False,,True,1.0,False,medium,False,"[[1080, 114], [1152, 402], [1188, 474], [954, 510], [954, 618], [900, 780]]",,"[[1584, 252], [678, 738]]",,0.47210760359270837,0.27122701722161935
362,1,1,6.015999999999963,,13518,"[954, 270]",False,Right,True,1.0,False,medium,False,"[[1086, 108], [1158, 396], [1194, 468], [960, 504], [960, 612], [906, 774]]",,"[[1584, 246], [678, 732]]",,0.47210760359270837,0.27122701722161935
363,1,1,6.032000000000039,,13518,"[954, 270]",False,Right,True,1.0,False,medium,False,"[[1086, 102], [1158, 390], [1194, 462], [960, 498], [960, 606], [906, 768]]",,"[[1584, 240], [678, 726]]",,0.4717440399154923,0.27214755028460147
364,1,1,6.048000000000002,,13518,"[954, 270]",False,Right,True,1.0,False,medium,False,"[[1086, 96], [1158, 384], [1194, 456], [960, 492], [960, 600], [906, 762]]",,"[[1584, 234], [678, 720]]",,0.43856984851526076,0.3727433233451507
365,1,1,6.065000000000055,,13518,"[954, 270]",False,Right,True,1.0,False,medium,False,"[[1086, 90], [1158, 378], [1194, 450], [960, 486], [960, 594], [906, 756]]",,"[[1584, 228], [678, 714]]",,0.4706958651047578,0.2784550524695405
366,1,1,6.081000000000017,,13518,"[954, 270]",False,Right,True,1.0,False,medium,False,"[[1086, 84], [1158, 372], [1194, 444], [960, 480], [960, 588], [906, 750]]",,"[[1584, 222], [678, 708]]",,0.470755428293714,0.2780106021572193
367,1,1,6.09800000000007,,13518,"[954, 270]",False,Right,True,1.0,False,medium,False,"[[1086, 78], [1158, 366], [1194, 438], [960, 474], [960, 582], [906, 744]]",,"[[1584, 216], [678, 702]]",,0.47163497900501544,0.28117186600253175
368,1,1,6.115000000000009,,13518,"[954, 270]",False,Right,True,1.0,False,medium,False,"[[1086, 72], [1158, 360], [1194, 432], [960, 468], [960, 576], [906, 738]]",,"[[1584, 210], [678, 696]]",,0.47238318912208427,0.2829546210053908
369,1,1,6.133000000000038,,13518,"[954, 270]",False,,True,1.0,False,medium,False,"[[1086, 66], [1158, 354], [1194, 426], [960, 462], [960, 570], [906, 732]]",,"[[1590, 204], [684, 690]]",,0.4468634593889015,0.3616706483673485
370,1,1,6.148000000000025,,13518,"[954, 270]",False,,True,1.0,False,medium,False,"[[1092, 60], [1164, 348], [1200, 420], [966, 456], [966, 564], [912, 726]]",,"[[1596, 198], [690, 684]]",,0.474452077365755,0.2864441652837971
371,1,1,6.163000000000011,,13518,"[954, 270]",False,,True,1.0,False,medium,False,"[[1098, 54], [1170, 342], [1206, 414], [972, 450], [972, 558], [918, 720]]",,"[[1602, 192], [696, 678]]",,0.44753944536562545,0.3620747124246182
372,1,1,6.178999999999974,,13518,"[954, 270]",False,,True,1.0,False,medium,False,"[[1104, 48], [1176, 336], [1212, 408], [978, 444], [978, 552], [924, 714]]",,"[[1608, 186], [702, 672]]",,0.44781818345413826,0.3621942395999136
373,1,1,6.19500000000005,,13518,"[954, 270]",False,,True,1.0,False,medium,False,"[[1110, 42], [1182, 330], [1218, 402], [984, 438], [984, 546], [930, 708]]",,"[[1614, 180], [708, 666]]",,0.44050740967969226,0.3737901449642277
374,1,1,6.211999999999989,,13518,"[954, 270]",False,Right,True,1.0,False,medium,False,"[[1116, 36], [1188, 324], [1224, 396], [990, 432], [990, 540], [936, 702]]",,"[[1614, 174], [708, 660]]",,0.4408492172458079,0.36256851799347656
375,1,1,6.2280000000000655,,13518,"[954, 270]",False,Right,True,1.0,False,medium,False,"[[1116, 30], [1188, 318], [1224, 390], [990, 426], [990, 534], [936, 696]]",,"[[1614, 168], [708, 654]]",,0.4408492172458079,0.36256851799347656
376,1,1,6.244000000000028,,13518,"[954, 270]",False,Right,True,1.0,False,medium,False,"[[1116, 24], [1188, 312], [1224, 384], [990, 420], [990, 528], [936, 690]]",,"[[1614, 162], [708, 648]]",,0.48364774570111707,0.33342335601795847
377,1,1,6.259999999999991,,13518,"[954, 270]",False,Right,True,1.0,False,medium,False,"[[1116, 18], [1188, 306], [1224, 378], [990, 414], [990, 522], [936, 684]]",,"[[1614, 156], [708, 642]]",,0.48364774570111707,0.33342335601795847
378,1,1,6.277000000000044,,13518,"[954, 270]",False,Right,True,1.0,False,medium,False,"[[1116, 12], [1188, 300], [1224, 372], [990, 408], [990, 516], [936, 678]]",,"[[1614, 150], [708, 636]]",,0.4715510733606097,0.28250551958315795
379,1,1,6.293000000000006,,13518,"[954, 270]",False,Right,True,1.0,False,medium,False,"[[1116, 6], [1188, 294], [1224, 366], [990, 402], [990, 510], [936, 672]]",,"[[1614, 144], [708, 630]]",,0.4715510733606097,0.28250551958315795
380,1,1,6.308999999999969,,13518,"[954, 270]",False,Right,True,1.0,False,medium,False,"[[1116, 0], [1188, 288], [1224, 360], [990, 396], [990, 504], [936, 666]]",,"[[1614, 138], [708, 624]]",,0.46934230519482056,0.27775512769071753
381,1,1,6.326000000000022,,13518,"[954, 270]",False,,True,1.0,False,medium,False,"[[1188, 282], [1224, 354], [990, 390], [990, 498], [936, 660]]",,"[[1620, 132], [714, 618]]",,0.46934230519482056,0.27775512769071753
382,1,1,6.341000000000008,,13518,"[954, 270]",False,,True,1.0,False,medium,False,"[[1194, 276], [1230, 348], [996, 384], [996, 492], [942, 654]]",,"[[1626, 126], [720, 612]]",,0.46882199053947105,0.2791598149934542
383,1,1,6.358000000000061,,13518,"[954, 270]",False,,True,1.0,False,medium,False,"[[1200, 270], [1236, 342], [1002, 378], [1002, 486], [948, 648]]",,"[[1632, 120], [726, 606]]",,0.46882199053947105,0.2791598149934542
384,1,1,6.375,,13518,"[954, 270]",False,,True,1.0,False,medium,False,"[[1206, 264], [1242, 336], [1008, 372], [1008, 480], [954, 642]]",,"[[1638, 114], [732, 600]]",,0.44272288224772344,0.36352249853928387
385,1,1,6.390999999999963,,13518,"[954, 270]",False,Right,True,1.0,False,medium,False,"[[1212, 258], [1248, 330], [1014, 366], [1014, 474], [960, 636]]",,"[[1638, 108], [732, 594]]",,0.44272288224772344,0.36352249853928387
386,1,1,6.4080000000000155,,13518,"[954, 270]",False,Right,True,1.0,False,medium,False,"[[1212, 252], [1248, 324], [1014, 360], [1014, 468], [960, 630]]",,"[[1638, 102], [732, 588]]",,0.47543051475118,0.3311731771896673
387,1,1,6.425000000000068,,13518,"[954, 270]",False,Right,True,1.0,False,medium,False,"[[1212, 246], [1248, 318], [1014, 354], [1014, 462], [960, 624]]",,"[[1638, 96], [732, 582]]",,0.47543051475118,0.3311731771896673
388,1,1,6.442000000000007,,13518,"[954, 270]",False,Right,True,1.0,False,medium,False,"[[1212, 240], [1248, 312], [1014, 348], [1014, 456], [960, 618]]",,"[[1638, 90], [732, 576]]",,0.47572057429572806,0.3329801968601115
389,1,1,6.45900000000006,,13518,"[954, 270]",False,Right,True,1.0,False,medium,False,"[[1212, 234], [1248, 306], [1014, 342], [1014, 450], [960, 612]]",,"[[1638, 84], [732, 570]]",,0.47572057429572806,0.3329801968601115
390,1,1,6.475000000000023,,13518,"[954, 270]",False,Right,True,1.0,False,medium,False,"[[1212, 228], [1248, 300], [1014, 336], [1014, 444], [960, 606]]",,"[[1638, 78], [732, 564]]",,0.47648499052034704,0.33438511301098417
391,1,1,6.493000000000052,,13518,"[954, 270]",False,Right,True,1.0,False,medium,False,"[[1212, 222], [1248, 294], [1014, 330], [1014, 438], [960, 600]]",,"[[1638, 72], [732, 558]]",,0.47648499052034704,0.33438511301098417
392,1,1,6.5090000000000146,,13518,"[954, 270]",False,Right,True,1.0,False,medium,False,"[[1212, 216], [1248, 288], [1014, 324], [1014, 432], [960, 594]]",,"[[1638, 66], [732, 552]]",,0.4775672619125089,0.33430768175150094
393,1,1,6.526000000000067,,13518,"[954, 270]",False,,True,1.0,False,medium,False,"[[1212, 210], [1248, 282], [1014, 318], [1014, 426], [960, 588]]",,"[[1644, 60], [738, 546]]",,0.4775672619125089,0.33430768175150094
394,1,1,6.543000000000006,,13518,"[954, 270]",False,,True,1.0,False,medium,False,"[[1218, 204], [1254, 276], [1020, 312], [1020, 420], [966, 582]]",,"[[1650, 54], [744, 540]]",,0.4670108963549179,0.2741063016276636
395,1,1,6.560000000000059,,13518,"[954, 270]",False,,True,1.0,False,medium,False,"[[1224, 198], [1260, 270], [1026, 306], [1026, 414], [972, 576]]",,"[[1656, 48], [750, 534]]",,0.4670108963549179,0.2741063016276636
396,1,1,6.5750000000000455,,13518,"[954, 270]",False,,True,1.0,False,medium,False,"[[1230, 192], [1266, 264], [1032, 300], [1032, 408], [978, 570]]",,"[[1662, 42], [756, 528]]",,0.46716747191776326,0.2776308388813956
397,1,1,6.5919999999999845,,13518,"[954, 270]",False,,True,1.0,False,medium,False,"[[1236, 186], [1272, 258], [1038, 294], [1038, 402], [984, 564]]",,"[[1668, 36], [762, 522]]",,0.46716747191776326,0.2776308388813956
398,1,1,6.609000000000037,,13518,"[954, 270]",False,,True,1.0,False,medium,False,"[[1242, 180], [1278, 252], [1044, 288], [1044, 396], [990, 558]]",,"[[1674, 30], [768, 516]]",,0.4669264699787997,0.27709134804763724
399,1,1,6.625,,13518,"[954, 270]",False,,True,1.0,False,medium,False,"[[1248, 174], [1284, 246], [1050, 282], [1050, 390], [996, 552]]",,"[[1680, 24], [774, 510]]",,0.4669264699787997,0.27709134804763724
400,1,1,6.642000000000053,,13518,"[954, 270]",False,,True,1.0,False,medium,False,"[[1254, 168], [1290, 240], [1056, 276], [1056, 384], [1002, 546]]",,"[[1686, 18], [780, 504]]",,0.46697788246831723,0.2775056742168306
401,1,1,6.658999999999992,,13518,"[954, 270]",False,,True,1.0,False,medium,False,"[[1260, 162], [1296, 234], [1062, 270], [1062, 378], [1008, 540]]",,"[[1692, 12], [786, 498]]",,0.46697788246831723,0.2775056742168306
402,1,1,6.676000000000045,,13518,"[954, 270]",False,,True,1.0,False,medium,False,"[[1266, 156], [1302, 228], [1068, 264], [1068, 372], [1014, 534]]",,"[[1698, 6], [792, 492]]",,0.4680866102933979,0.2796656980849117
403,1,1,6.692999999999984,,13518,"[954, 270]",False,,True,0.0,False,medium,False,"[[1272, 150], [1308, 222], [1074, 258], [1074, 366], [1020, 528]]",,"[[1704, 0], [798, 486], [1704, 810]]",,0.4680866102933979,0.2796656980849117
404,1,1,6.710000000000036,,13518,"[954, 270]",False,,True,0.0,False,medium,False,"[[1278, 144], [1314, 216], [1080, 252], [1080, 360], [1026, 522]]",,"[[798, 480], [1704, 804]]",,0.4694794888862521,0.2802886310545555
405,1,1,6.726999999999975,,13518,"[954, 270]",False,,True,0.0,False,medium,False,"[[1278, 138], [1314, 210], [1080, 246], [1080, 354], [1026, 516]]",,"[[798, 474], [1704, 798]]",,0.4694794888862521,0.2802886310545555
406,1,1,6.744000000000028,,13518,"[954, 270]",False,,True,0.0,False,medium,False,"[[1278, 132], [1314, 204], [1080, 240], [1080, 348], [1026, 510]]",,"[[798, 468], [1704, 792]]",,0.4696032712729498,0.2812265312025597
407,1,1,6.760999999999967,,13518,"[954, 270]",False,Right,True,0.0,False,medium,False,"[[1278, 126], [1314, 198], [1080, 234], [1080, 342], [1026, 504]]",,"[[792, 462], [1698, 786]]",,0.4696032712729498,0.2812265312025597
408,1,1,6.777000000000044,,13518,"[954, 270]",False,Right,True,0.0,False,medium,False,"[[1272, 120], [1308, 192], [1074, 228], [1074, 336], [1020, 498]]",,"[[786, 456], [1692, 780]]",,0.4692526313748078,0.28426909804427747
409,1,1,6.793000000000006,,13518,"[954, 270]",False,Right,True,0.0,False,medium,False,"[[1266, 114], [1302, 186], [1068, 222], [1068, 330], [1014, 492]]",,"[[780, 450], [1686, 774]]",,0.4692526313748078,0.28426909804427747
410,1,1,6.810000000000059,,13518,"[954, 270]",False,Right,True,0.0,False,medium,False,"[[1260, 108], [1296, 180], [1062, 216], [1062, 324], [1008, 486]]",,"[[774, 444], [1680, 768]]",,0.4783344704268643,0.3338930277628157
411,1,1,6.826999999999998,,13518,"[954, 270]",False,Right,True,0.0,False,medium,False,"[[1254, 102], [1290, 174], [1056, 210], [1056, 318], [1002, 480]]",,"[[768, 438], [1674, 762]]",,0.4783344704268643,0.3338930277628157
412,1,1,6.844000000000051,,13518,"[954, 270]",False,Right,True,0.0,False,medium,False,"[[1248, 96], [1284, 168], [1050, 204], [1050, 312], [996, 474]]",,"[[762, 432], [1668, 756]]",,0.4729743301039776,0.3311727315449662
413,1,1,6.86099999999999,,13518,"[954, 270]",False,Right,True,0.0,False,medium,False,"[[1242, 90], [1278, 162], [1044, 198], [1044, 306], [990, 468]]",,"[[756, 426], [1662, 750]]",,0.4729743301039776,0.3311727315449662
414,1,1,6.878000000000043,,13518,"[954, 270]",False,Right,True,0.0,False,medium,False,"[[1236, 84], [1272, 156], [1038, 192], [1038, 300], [984, 462]]",,"[[750, 420], [1656, 744]]",,0.47013930174795815,0.3290388115883103
415,1,1,6.8940000000000055,,13518,"[954, 270]",False,Right,True,0.0,False,medium,False,"[[1230, 78], [1266, 150], [1032, 186], [1032, 294], [978, 456]]",,"[[744, 414], [1650, 738]]",,0.47013930174795815,0.3290388115883103
416,1,1,6.912000000000035,,13518,"[954, 270]",False,Right,True,0.0,False,medium,False,"[[1224, 72], [1260, 144], [1026, 180], [1026, 288], [972, 450]]",,"[[738, 408], [1644, 732]]",,0.4600048208296591,0.27615432343446344
417,1,1,6.928999999999974,,13518,"[954, 270]",False,Right,True,0.0,False,medium,False,"[[1218, 66], [1254, 138], [1020, 174], [1020, 282], [966, 444]]",,"[[732, 402], [1638, 726]]",,0.4600048208296591,0.27615432343446344
418,1,1,6.946000000000026,,13518,"[954, 270]",False,Right,True,0.0,False,medium,False,"[[1212, 60], [1248, 132], [1014, 168], [1014, 276], [960, 438]]",,"[[726, 396], [1632, 720]]",,0.4603577923518582,0.27820405325967
419,1,1,6.962999999999965,,13518,"[954, 270]",False,Right,True,0.0,False,medium,False,"[[1206, 54], [1242, 126], [1008, 162], [1008, 270], [954, 432], [864, 810]]",,"[[720, 390], [1626, 714]]",,0.4603577923518582,0.27820405325967
420,1,1,6.979000000000042,,13518,"[954, 270]",False,Right,True,0.0,False,medium,False,"[[1200, 48], [1236, 120], [1002, 156], [1002, 264], [948, 426], [858, 804]]",,"[[714, 384], [1620, 708]]",,0.4691953904651129,0.32902067697221415
421,1,1,6.9950000000000045,,13518,"[954, 270]",False,Right,True,0.0,False,medium,False,"[[1194, 42], [1230, 114], [996, 150], [996, 258], [942, 420], [852, 798]]",,"[[708, 378], [1614, 702]]",,0.4691953904651129,0.32902067697221415
422,1,1,7.012000000000057,,13518,"[954, 270]",False,Right,True,0.0,False,medium,False,"[[1188, 36], [1224, 108], [990, 144], [990, 252], [936, 414], [846, 792]]",,"[[702, 372], [1608, 696]]",,0.457628362686474,0.27971361516098614
423,1,1,7.02800000000002,,13518,"[954, 270]",False,Right,True,0.0,False,medium,False,"[[1182, 30], [1218, 102], [984, 138], [984, 246], [930, 408], [840, 786]]",,"[[696, 366], [1602, 690]]",,0.457628362686474,0.27971361516098614
424,1,1,7.044999999999959,,13518,"[954, 270]",False,,True,0.0,False,medium,False,"[[1176, 24], [1212, 96], [978, 132], [978, 240], [924, 402], [834, 780]]",,"[[696, 360], [1602, 684]]",,0.45734133216370954,0.2801609546805376
425,1,1,7.062000000000012,,13518,"[954, 270]",False,,True,0.0,False,medium,False,"[[1176, 18], [1212, 90], [978, 126], [978, 234], [924, 396], [834, 774]]",,"[[696, 354], [1602, 678]]",,0.45734133216370954,0.2801609546805376
426,1,1,7.079000000000065,,13518,"[954, 270]",False,,True,0.0,False,medium,False,"[[1176, 12], [1212, 84], [978, 120], [978, 228], [924, 390], [834, 768]]",,"[[696, 348], [1602, 672]]",,0.45807039625121326,0.28152757379113214
427,1,1,7.096000000000004,,13518,"[954, 270]",False,,True,0.0,False,medium,False,"[[1176, 6], [1212, 78], [978, 114], [978, 222], [924, 384], [834, 762]]",,"[[696, 342], [1602, 666]]",,0.45807039625121326,0.28152757379113214
428,1,1,7.113000000000056,,13518,"[954, 270]",False,,True,0.0,False,medium,False,"[[1176, 0], [1212, 72], [978, 108], [978, 216], [924, 378], [834, 756]]",,"[[696, 336], [1602, 660]]",,0.45879803667273966,0.28376351419125123
429,1,1,7.1299999999999955,,13518,"[954, 270]",False,,True,0.0,False,medium,False,"[[1212, 66], [978, 102], [978, 210], [924, 372], [834, 750]]",,"[[696, 330], [1602, 654]]",,0.45879803667273966,0.28376351419125123
430,1,1,7.147000000000048,,13518,"[954, 270]",False,,True,0.0,False,medium,False,"[[1212, 60], [978, 96], [978, 204], [924, 366], [834, 744]]",,"[[696, 324], [1602, 648]]",,0.42893128205194053,0.3682341345964327
431,1,1,7.163999999999987,,13518,"[954, 270]",False,,True,0.0,False,medium,False,"[[1212, 54], [978, 90], [978, 198], [924, 360], [834, 738]]",,"[[696, 318], [1602, 642]]",,0.42893128205194053,0.3682341345964327
432,1,1,7.18100000000004,,13518,"[954, 270]",False,,True,0.0,False,medium,False,"[[1212, 48], [978, 84], [978, 192], [924, 354], [834, 732]]",,"[[696, 312], [1602, 636]]",,0.46867036533368395,0.3351777803424588
433,1,1,7.197000000000003,,13518,"[954, 270]",False,,True,-1.0,False,medium,False,"[[1212, 42], [978, 78], [978, 186], [924, 348], [834, 726]]",,"[[696, 306], [1602, 630]]",,0.46867036533368395,0.3351777803424588
434,1,1,7.2140000000000555,,13518,"[954, 270]",False,,True,-1.0,False,medium,False,"[[1212, 36], [978, 72], [978, 180], [924, 342], [834, 720]]",,"[[690, 300], [1596, 624]]",,0.46873459405121787,0.3379021787536475
435,1,1,7.230000000000018,,13518,"[954, 270]",False,,True,-1.0,False,medium,False,"[[1206, 30], [972, 66], [972, 174], [918, 336], [828, 714]]",,"[[684, 294], [1590, 618]]",,0.46873459405121787,0.3379021787536475
436,1,1,7.245999999999981,,13518,"[954, 270]",False,,True,-1.0,False,medium,False,"[[1200, 24], [966, 60], [966, 168], [912, 330], [822, 708]]",,"[[678, 288], [1584, 612]]",,0.4693214326549427,0.33888039873020037
437,1,1,7.262000000000057,,13518,"[954, 270]",False,,True,-1.0,False,medium,False,"[[1194, 18], [960, 54], [960, 162], [906, 324], [816, 702]]",,"[[672, 282], [1578, 606]]",,0.4693214326549427,0.33888039873020037
438,1,1,7.278999999999996,,13518,"[954, 270]",False,,True,-1.0,False,medium,False,"[[1188, 12], [954, 48], [954, 156], [900, 318], [810, 696]]",,"[[666, 276], [1572, 600]]",,0.4308226084789169,0.36931009542860027
439,1,1,7.2970000000000255,,13518,"[954, 270]",False,,True,-1.0,False,medium,False,"[[1182, 6], [948, 42], [948, 150], [894, 312], [804, 690]]",,"[[660, 270], [1566, 594]]",,0.4308226084789169,0.36931009542860027
440,1,1,7.3139999999999645,,13518,"[954, 270]",False,,True,-1.0,False,medium,False,"[[1176, 0], [942, 36], [942, 144], [888, 306], [798, 684], [780, 810]]",,"[[654, 264], [1560, 588]]",,0.4722259102540026,0.3406448852007997
441,1,1,7.330000000000041,,13518,"[954, 270]",False,,True,-1.0,False,medium,False,"[[936, 30], [936, 138], [882, 300], [792, 678], [774, 804]]",,"[[648, 258], [1554, 582]]",,0.4722259102540026,0.3406448852007997
442,1,1,7.346000000000004,,13518,"[954, 270]",False,,True,-1.0,False,medium,False,"[[930, 24], [930, 132], [876, 294], [786, 672], [768, 798]]",,"[[642, 252], [1548, 576]]",,0.43159846240647226,0.36975213757565295
443,1,1,7.363000000000056,,13518,"[954, 270]",False,Right,True,-1.0,False,medium,False,"[[924, 18], [924, 126], [870, 288], [780, 666], [762, 792]]",,"[[630, 246], [1536, 570]]",,0.43159846240647226,0.36975213757565295
444,1,1,7.380999999999972,,13518,"[954, 270]",False,Right,True,-1.0,False,medium,False,"[[912, 12], [912, 120], [858, 282], [768, 660], [750, 786]]",,"[[618, 240], [1524, 564]]",,0.470196047385014,0.34401981569673823
445,1,1,7.395999999999958,,13518,"[954, 270]",False,Right,True,-1.0,False,medium,False,"[[900, 6], [900, 114], [846, 276], [756, 654], [738, 780]]",,"[[606, 234], [1512, 558]]",,0.470196047385014,0.34401981569673823
446,1,1,7.413000000000011,,13518,"[954, 270]",False,Right,True,-1.0,False,medium,False,"[[888, 0], [888, 108], [834, 270], [744, 648], [726, 774]]",,"[[594, 228], [1500, 552]]",,0.46269679566316724,0.2734982279270427
447,1,1,7.428999999999974,,13518,"[954, 270]",False,Right,True,-1.0,False,medium,False,"[[876, 102], [822, 264], [732, 642], [714, 768]]",,"[[582, 222], [1488, 546]]",,0.46269679566316724,0.2734982279270427
448,1,1,7.44500000000005,,13518,"[954, 270]",False,Right,True,-1.0,False,medium,False,"[[864, 96], [810, 258], [720, 636], [702, 762]]",,"[[570, 216], [1476, 540]]",,0.43218100486015504,0.36991080157761846
449,1,1,7.461999999999989,,13518,"[954, 270]",False,Right,True,-1.0,False,medium,False,"[[852, 90], [798, 252], [708, 630], [690, 756]]",,"[[558, 210], [1464, 534]]",,0.43218100486015504,0.36991080157761846
450,1,1,7.4780000000000655,,13518,"[954, 270]",False,Right,True,-1.0,False,medium,False,"[[840, 84], [786, 246], [696, 624], [678, 750]]",,"[[546, 204], [1452, 528]]",,0.4627689842840609,0.2781142378047696
451,1,1,7.4950000000000045,,13518,"[954, 270]",False,Right,True,-1.0,False,medium,False,"[[828, 78], [774, 240], [684, 618], [666, 744]]",,"[[534, 198], [1440, 522]]",,0.4627689842840609,0.2781142378047696
452,1,1,7.510999999999967,,13518,"[954, 270]",False,Right,True,-1.0,False,medium,False,"[[816, 72], [762, 234], [672, 612], [654, 738]]",,"[[522, 192], [1428, 516]]",,0.4630938860141023,0.2795434454090535
453,1,1,7.527000000000044,,13518,"[954, 270]",False,Right,True,-1.0,False,medium,False,"[[804, 66], [750, 228], [660, 606], [642, 732]]",,"[[510, 186], [1416, 510]]",,0.4630938860141023,0.2795434454090535
454,1,1,7.543999999999983,,13518,"[954, 270]",False,Right,True,-1.0,False,medium,False,"[[792, 60], [738, 222], [648, 600], [630, 726]]",,"[[498, 180], [1404, 504]]",,0.46251715796422116,0.2826747262462992
455,1,1,7.562000000000012,,13518,"[954, 270]",False,Right,True,-1.0,False,medium,False,"[[780, 54], [726, 216], [636, 594], [618, 720]]",,"[[486, 174], [1392, 498]]",,0.4336368312332891,0.37074374664809495
456,1,1,7.5779999999999745,,13518,"[954, 270]",False,Right,True,-1.0,False,medium,False,"[[768, 48], [714, 210], [624, 588], [606, 714]]",,"[[474, 168], [1380, 492]]",,0.4616445440879007,0.2840207913587136
457,1,1,7.595000000000027,,13518,"[954, 270]",False,,True,-1.0,False,medium,False,"[[756, 42], [702, 204], [612, 582], [594, 708]]",,"[[468, 162], [1374, 486]]",,0.4616445440879007,0.2840207913587136
458,1,1,7.61099999999999,,13518,"[954, 270]",False,,True,-1.0,False,medium,False,"[[750, 36], [696, 198], [606, 576], [588, 702]]",,"[[462, 156], [1368, 480]]",,0.42680417066310455,0.3711634540617592
459,1,1,7.627000000000066,,13518,"[954, 270]",False,,True,-1.0,False,medium,False,"[[744, 30], [690, 192], [600, 570], [582, 696]]",,"[[456, 150], [1362, 474]]",,0.42680417066310455,0.3711634540617592
460,1,1,7.6440000000000055,,13518,"[954, 270]",False,,True,-1.0,False,medium,False,"[[738, 24], [684, 186], [594, 564], [576, 690]]",,"[[450, 144], [1356, 468]]",,0.46844560856736317,0.3348144474236582
461,1,1,7.661000000000058,,13518,"[954, 270]",False,,True,-1.0,False,medium,False,"[[732, 18], [678, 180], [588, 558], [570, 684]]",,"[[444, 138], [1350, 462]]",,0.46844560856736317,0.3348144474236582
462,1,1,7.677999999999997,,13518,"[954, 270]",False,,True,-1.0,False,medium,False,"[[726, 12], [672, 174], [582, 552], [564, 678]]",,"[[438, 132], [1344, 456]]",,0.4277192279722034,0.37165658083728015
463,1,1,7.69399999999996,,13518,"[954, 270]",False,,True,-1.0,False,medium,False,"[[720, 6], [666, 168], [576, 546], [558, 672]]",,"[[432, 126], [1338, 450]]",,0.4277192279722034,0.37165658083728015
464,1,1,7.710000000000036,,13518,"[954, 270]",False,,True,-1.0,False,medium,False,"[[714, 0], [660, 162], [570, 540], [552, 666]]",,"[[426, 120], [1332, 444]]",,0.45937892110482637,0.28903842521062584
465,1,1,7.726999999999975,,13518,"[954, 270]",False,,True,-1.0,False,medium,False,"[[654, 156], [564, 534], [546, 660]]",,"[[420, 114], [1326, 438]]",,0.45937892110482637,0.28903842521062584
466,1,1,7.743000000000052,,13518,"[954, 270]",False,Left,True,-1.0,False,medium,False,"[[648, 150], [558, 528], [540, 654]]",,"[[420, 108], [1326, 432]]",,0.4700885651100869,0.3385555159566497
467,1,1,7.759999999999991,,13518,"[954, 270]",False,Left,True,-1.0,False,medium,False,"[[648, 144], [558, 522], [540, 648], [864, 810]]",,"[[420, 102], [1326, 426]]",,0.4700885651100869,0.3385555159566497
468,1,1,7.777000000000044,,13518,"[954, 270]",False,Left,True,-1.0,False,medium,False,"[[648, 138], [558, 516], [540, 642], [864, 804]]",,"[[420, 96], [1326, 420]]",,0.4703063407220943,0.3389643654416604
469,1,1,7.793000000000006,,13518,"[954, 270]",False,Left,True,-1.0,False,medium,False,"[[648, 132], [558, 510], [540, 636], [864, 798]]",,"[[420, 90], [1326, 414]]",,0.4703063407220943,0.3389643654416604
470,1,1,7.808999999999969,,13518,"[954, 270]",False,Left,True,-1.0,False,medium,False,"[[648, 126], [558, 504], [540, 630], [864, 792]]",,"[[420, 84], [1326, 408]]",,0.4710162386086469,0.338595977859504
471,1,1,7.826000000000022,,13518,"[954, 270]",False,Left,True,-1.0,False,medium,False,"[[648, 120], [558, 498], [540, 624], [864, 786]]",,"[[420, 78], [1326, 402]]",,0.4712172097801681,0.3383746658541935
472,1,1,7.8419999999999845,,13518,"[954, 270]",False,Left,True,-1.0,False,medium,False,"[[648, 114], [558, 492], [540, 618], [864, 780]]",,"[[420, 72], [1326, 396]]",,0.4717168794377143,0.33818197557677765
473,1,1,7.859000000000037,,13518,"[954, 270]",False,Left,True,-1.0,False,medium,False,"[[648, 108], [558, 486], [540, 612], [864, 774]]",,"[[420, 66], [1326, 390]]",,0.4717168794377143,0.33818197557677765
474,1,1,7.875,,13518,"[954, 270]",False,Left,True,-1.0,False,medium,False,"[[648, 102], [558, 480], [540, 606], [864, 768]]",,"[[420, 60], [1326, 384]]",,0.47096233626308,0.3376915769279295
475,1,1,7.892000000000053,,13518,"[954, 270]",False,Left,True,-1.0,False,medium,False,"[[648, 96], [558, 474], [540, 600], [864, 762]]",,"[[420, 54], [1326, 378]]",,0.47096233626308,0.3376915769279295
476,1,1,7.9080000000000155,,13518,"[954, 270]",False,Left,True,-1.0,False,medium,False,"[[648, 90], [558, 468], [540, 594], [864, 756]]",,"[[420, 48], [1326, 372]]",,0.43087645961144255,0.3617785001118897
477,1,1,7.925000000000068,,13518,"[954, 270]",False,Left,True,-1.0,False,medium,False,"[[648, 84], [558, 462], [540, 588], [864, 750]]",,"[[420, 42], [1326, 366]]",,0.46882396041389196,0.33811081559903267
478,1,1,7.941000000000031,,13518,"[954, 270]",False,Left,True,-1.0,False,medium,False,"[[648, 78], [558, 456], [540, 582], [864, 744]]",,"[[420, 36], [1326, 360]]",,0.46443492414722726,0.3260137124399377
479,1,1,7.956999999999994,,13518,"[954, 270]",False,Left,True,-1.0,False,medium,False,"[[648, 72], [558, 450], [540, 576], [864, 738]]",,"[[420, 30], [1326, 354]]",,0.46443492414722726,0.3260137124399377
480,1,1,7.974000000000046,,13518,"[954, 270]",False,Left,True,-1.0,False,medium,False,"[[648, 66], [558, 444], [540, 570], [864, 732]]",,"[[420, 24], [1326, 348]]",,0.4650712779314947,0.32334801230963706
481,1,1,7.9909999999999854,,13518,"[954, 270]",False,Left,True,-1.0,False,medium,False,"[[648, 60], [558, 438], [540, 564], [864, 726]]",,"[[420, 18], [1326, 342]]",,0.4650712779314947,0.32334801230963706
482,1,1,8.007000000000062,,13518,"[954, 270]",False,Left,True,-1.0,False,medium,False,"[[648, 54], [558, 432], [540, 558], [864, 720]]",,"[[420, 12], [1326, 336]]",,0.431873493000466,0.3623239499714376
483,1,1,8.024000000000001,,13518,"[954, 270]",False,Left,True,-1.0,False,medium,False,"[[648, 48], [558, 426], [540, 552], [864, 714]]",,"[[420, 6], [1326, 330]]",,0.46505967623527067,0.3187969417099529
484,1,1,8.039999999999964,,13518,"[954, 270]",False,Left,True,0.0,False,medium,False,"[[648, 42], [558, 420], [540, 546], [864, 708]]",,"[[420, 0], [1326, 324]]",,0.4665484684341174,0.3180299250143488
485,1,1,8.057000000000016,,13518,"[954, 270]",False,Left,True,0.0,False,medium,False,"[[648, 36], [558, 414], [540, 540], [864, 702]]",,"[[1332, 318]]",,0.466462563227563,0.31797131678678536
486,1,1,8.07400000000007,,13518,"[954, 270]",False,Left,True,0.0,False,medium,False,"[[654, 30], [564, 408], [546, 534], [870, 696]]",,"[[1338, 312]]",,0.4671022273101001,0.3181922051808216
487,1,1,8.090000000000032,,13518,"[954, 270]",False,Left,True,1.0,False,medium,False,"[[660, 24], [570, 402], [552, 528], [876, 690]]",,"[[1344, 306]]",,0.43281014187109845,0.3628666846015287
488,1,1,8.106999999999971,,13518,"[954, 270]",False,Left,True,1.0,False,medium,False,"[[666, 18], [576, 396], [558, 522], [882, 684]]",,"[[1356, 300]]",,0.46736528102910563,0.3205096901770772
489,1,1,8.123000000000047,,13518,"[954, 270]",False,Left,True,1.0,False,medium,False,"[[678, 12], [588, 390], [570, 516], [894, 678]]",,"[[1368, 294]]",,0.42587731332126866,0.3517353709119956
490,1,1,8.139999999999986,,13518,"[954, 270]",False,Left,True,1.0,False,medium,False,"[[690, 6], [600, 384], [582, 510], [906, 672]]",,"[[1380, 288]]",,0.4497164016581513,0.24368625737645255
491,1,1,8.157000000000039,,13518,"[954, 270]",False,Left,True,1.0,False,medium,False,"[[702, 0], [612, 378], [594, 504], [918, 666]]",,"[[1392, 282]]",,0.44828054433073844,0.24441777621354133
492,1,1,8.173999999999978,,13518,"[954, 270]",False,Left,True,1.0,False,medium,False,"[[624, 372], [606, 498], [930, 660]]",,"[[1404, 276]]",,0.44828054433073844,0.24441777621354133
493,1,1,8.191000000000031,,13518,"[954, 270]",False,,True,1.0,False,medium,False,"[[636, 366], [618, 492], [942, 654]]",,"[[1410, 270]]",,0.44727514364721765,0.24245591260517474
494,1,1,8.206999999999994,,13518,"[954, 270]",False,,True,1.0,False,medium,False,"[[642, 360], [624, 486], [948, 648]]",,"[[1416, 264]]",,0.4472395982400387,0.2429365408888865
495,1,1,8.224000000000046,,13518,"[954, 270]",False,,True,1.0,False,medium,False,"[[648, 354], [630, 480], [954, 642]]",,"[[1422, 258]]",,0.4460788307139579,0.24067876129738186
496,1,1,8.240000000000009,,13518,"[954, 270]",False,,True,1.0,False,medium,False,"[[654, 348], [636, 474], [960, 636]]",,"[[1428, 252]]",,0.4459286487450175,0.24167716293404717
497,1,1,8.255999999999972,,13518,"[954, 270]",False,,True,1.0,False,medium,False,"[[660, 342], [642, 468], [966, 630]]",,"[[1434, 246]]",,0.4203821765631254,0.3528248480371531
498,1,1,8.273000000000025,,13518,"[954, 270]",False,,True,1.0,False,medium,False,"[[666, 336], [648, 462], [972, 624]]",,"[[1440, 240]]",,0.4203821765631254,0.3528248480371531
499,1,1,8.289999999999964,,13518,"[954, 270]",False,,True,1.0,False,medium,False,"[[672, 330], [654, 456], [978, 618]]",,"[[1446, 234]]",,0.4489469250433847,0.24578305556653102
500,1,1,8.307000000000016,,13518,"[954, 270]",False,,True,1.0,False,medium,False,"[[678, 324], [660, 450], [984, 612]]",,"[[1452, 228]]",,0.4280059753526676,0.3528955672156826
501,1,1,8.322999999999979,,13518,"[954, 270]",False,,True,1.0,False,medium,False,"[[684, 318], [666, 444], [990, 606]]",,"[[1458, 222]]",,0.4211450836992552,0.3532722258758282
502,1,1,8.339000000000055,,13518,"[954, 270]",False,,True,1.0,False,medium,False,"[[690, 312], [672, 438], [996, 600]]",,"[[1464, 216]]",,0.4211450836992552,0.3532722258758282
503,1,1,8.355999999999995,,13518,"[954, 270]",False,,True,1.0,False,medium,False,"[[696, 306], [678, 432], [1002, 594]]",,"[[1470, 210]]",,0.45738245057727206,0.3098976858394804
504,1,1,8.373000000000047,,13518,"[954, 270]",False,Left,True,1.0,False,medium,False,"[[702, 300], [684, 426], [1008, 588]]",,"[[1482, 204]]",,0.45738245057727206,0.3098976858394804
505,1,1,8.390999999999963,,13518,"[954, 270]",False,,True,1.0,False,medium,False,"[[714, 294], [696, 420], [1020, 582]]",,"[[1488, 198]]",,0.452603743894492,0.25239987889576565
506,1,1,8.407000000000039,,13518,"[954, 270]",False,,True,1.0,False,medium,False,"[[720, 288], [702, 414], [1026, 576]]",,"[[1494, 192]]",,0.4294177312626147,0.3537033467043885
507,1,1,8.423000000000002,,13518,"[954, 270]",False,,True,1.0,False,medium,False,"[[726, 282], [708, 408], [1032, 570]]",,"[[1500, 186]]",,0.4594234013167987,0.31117066842255403
508,1,1,8.441000000000031,,13518,"[954, 270]",False,,True,1.0,False,medium,False,"[[732, 276], [714, 402], [1038, 564]]",,"[[1506, 180]]",,0.4594234013167987,0.31117066842255403
509,1,1,8.45799999999997,,13518,"[954, 270]",False,,True,1.0,False,medium,False,"[[738, 270], [720, 396], [1044, 558]]",,"[[1512, 174]]",,0.45554401111345133,0.25812513268134296
510,1,1,8.475999999999999,,13518,"[954, 270]",False,,True,1.0,False,medium,False,"[[744, 264], [726, 390], [1050, 552]]",,"[[1518, 168]]",,0.4554531550687929,0.25811722371556023
511,1,1,8.493000000000052,,13518,"[954, 270]",False,,True,1.0,False,medium,False,"[[750, 258], [732, 384], [1056, 546]]",,"[[1524, 162]]",,0.4302749302588674,0.35419828625529026
512,1,1,8.509000000000015,,13518,"[954, 270]",False,,True,1.0,False,medium,False,"[[756, 252], [738, 378], [1062, 540], [792, 810]]",,"[[1530, 156]]",,0.45688951737780875,0.26006020558451104
513,1,1,8.526000000000067,,13518,"[954, 270]",False,,True,1.0,False,medium,False,"[[762, 246], [744, 372], [1068, 534], [798, 804]]",,"[[1536, 150]]",,0.4233548894814665,0.35455905310929314
514,1,1,8.54200000000003,,13518,"[954, 270]",False,,True,1.0,False,medium,False,"[[768, 240], [750, 366], [1074, 528], [804, 798]]",,"[[1542, 144]]",,0.4233548894814665,0.35455905310929314
515,1,1,8.557999999999993,,13518,"[954, 270]",False,,True,1.0,False,medium,False,"[[774, 234], [756, 360], [1080, 522], [810, 792]]",,"[[1548, 138]]",,0.4315160974536595,0.35491426532070913
516,1,1,8.575000000000045,,13518,"[954, 270]",False,,True,1.0,False,medium,False,"[[780, 228], [762, 354], [1086, 516], [816, 786]]",,"[[1554, 132]]",,0.42459185705575875,0.3666404615230163
517,1,1,8.591999999999985,,13518,"[954, 270]",False,,True,1.0,False,medium,False,"[[786, 222], [768, 348], [1092, 510], [822, 780]]",,"[[1560, 126]]",,0.46354755282559595,0.3166181844862984
518,1,1,8.609000000000037,,13518,"[954, 270]",False,,True,1.0,False,medium,False,"[[792, 216], [774, 342], [1098, 504], [828, 774], [1314, 810]]",,"[[1566, 120]]",,0.46354755282559595,0.3166181844862984
519,1,1,8.625,,13518,"[954, 270]",False,Right,True,1.0,False,medium,False,"[[798, 210], [780, 336], [1104, 498], [834, 768], [1320, 804]]",,"[[1566, 114]]",,0.4658124477588144,0.319108563746366
520,1,1,8.642000000000053,,13518,"[954, 270]",False,Right,True,1.0,False,medium,False,"[[798, 204], [780, 330], [1104, 492], [834, 762], [1320, 798]]",,"[[1566, 108]]",,0.4658124477588144,0.319108563746366
521,1,1,8.658999999999992,,13518,"[954, 270]",False,Right,True,1.0,False,medium,False,"[[798, 198], [780, 324], [1104, 486], [834, 756], [1320, 792]]",,"[[1566, 102]]",,0.4678696503934118,0.32140390237781413
522,1,1,8.676000000000045,,13518,"[954, 270]",False,Right,True,1.0,False,medium,False,"[[798, 192], [780, 318], [1104, 480], [834, 750], [1320, 786]]",,"[[1566, 96]]",,0.4693298583247788,0.32166508366186686
523,1,1,8.692999999999984,,13518,"[954, 270]",False,Right,True,1.0,False,medium,False,"[[798, 186], [780, 312], [1104, 474], [834, 744], [1320, 780]]",,"[[1566, 90]]",,0.46944948075027204,0.32240157487926124
524,1,1,8.711000000000013,,13518,"[954, 270]",False,Right,True,1.0,False,medium,False,"[[798, 180], [780, 306], [1104, 468], [834, 738], [1320, 774]]",,"[[1566, 84]]",,0.4693138730965483,0.3233088971513237
525,1,1,8.728000000000065,,13518,"[954, 270]",False,Right,True,1.0,False,medium,False,"[[798, 174], [780, 300], [1104, 462], [834, 732], [1320, 768]]",,"[[1566, 78]]",,0.46945762745619907,0.32557509027119713
526,1,1,8.744000000000028,,13518,"[954, 270]",False,Right,True,1.0,False,medium,False,"[[798, 168], [780, 294], [1104, 456], [834, 726], [1320, 762]]",,"[[1566, 72]]",,0.46946319453867347,0.3275304776927237
527,1,1,8.760999999999967,,13518,"[954, 270]",False,Right,True,1.0,False,medium,False,"[[798, 162], [780, 288], [1104, 450], [834, 720], [1320, 756]]",,"[[1566, 66]]",,0.43472285745905986,0.3454965114393427
528,1,1,8.777000000000044,,13518,"[954, 270]",False,Right,True,1.0,False,medium,False,"[[798, 156], [780, 282], [1104, 444], [834, 714], [1320, 750]]",,"[[1566, 60]]",,0.46986743464029496,0.3308172501582193
529,1,1,8.793000000000006,,13518,"[954, 270]",False,Right,True,1.0,False,medium,False,"[[798, 150], [780, 276], [1104, 438], [834, 708], [1320, 744]]",,"[[1566, 54]]",,0.46986743464029496,0.3308172501582193
530,1,1,8.81000000000006,,13518,"[954, 270]",False,Right,True,1.0,False,medium,False,"[[798, 144], [780, 270], [1104, 432], [834, 702], [1320, 738]]",,"[[1566, 48]]",,0.4699713634328616,0.33145117973350124
531,1,1,8.826999999999998,,13518,"[954, 270]",False,,True,1.0,False,medium,False,"[[798, 138], [780, 264], [1104, 426], [834, 696], [1320, 732]]",,"[[1572, 42]]",,0.46944779564697303,0.3320978031544126
532,1,1,8.844000000000051,,13518,"[954, 270]",False,,True,1.0,False,medium,False,"[[804, 132], [786, 258], [1110, 420], [840, 690], [1326, 726]]",,"[[1578, 36]]",,0.469047879228729,0.3320196113445675
533,1,1,8.86099999999999,,13518,"[954, 270]",False,,True,1.0,False,medium,False,"[[810, 126], [792, 252], [1116, 414], [846, 684], [1332, 720]]",,"[[1584, 30]]",,0.4690084618319517,0.3331785770725654
534,1,1,8.878000000000043,,13518,"[954, 270]",False,,True,1.0,False,medium,False,"[[816, 120], [798, 246], [1122, 408], [852, 678], [1338, 714]]",,"[[1590, 24]]",,0.4690084618319517,0.3331785770725654
535,1,1,8.894000000000005,,13518,"[954, 270]",False,,True,1.0,False,medium,False,"[[822, 114], [804, 240], [1128, 402], [858, 672], [1344, 708]]",,"[[1596, 18]]",,0.4688168511802392,0.3344005567696886
536,1,1,8.912000000000035,,13518,"[954, 270]",False,,True,1.0,False,medium,False,"[[828, 108], [810, 234], [1134, 396], [864, 666], [1350, 702]]",,"[[1602, 12]]",,0.46904310892954515,0.33482630137020375
537,1,1,8.928999999999974,,13518,"[954, 270]",False,,True,1.0,False,medium,False,"[[834, 102], [816, 228], [1140, 390], [870, 660], [1356, 696]]",,"[[1608, 6]]",,0.46904310892954515,0.33482630137020375
538,1,1,8.946000000000026,,13518,"[954, 270]",False,,True,0.0,False,medium,False,"[[840, 96], [822, 222], [1146, 384], [876, 654], [1362, 690]]",,"[[1614, 0]]",,0.4370457164295403,0.35793890802883743
539,1,1,8.961999999999989,,13518,"[954, 270]",False,,True,0.0,False,medium,False,"[[846, 90], [828, 216], [1152, 378], [882, 648], [1368, 684]]",,[],,0.4370457164295403,0.35793890802883743
540,1,1,8.980000000000018,,13518,"[954, 270]",False,Right,True,0.0,False,medium,False,"[[846, 84], [828, 210], [1152, 372], [882, 642], [1368, 678]]",,[],,0.4696515835388796,0.3360612096526323
541,1,1,8.996999999999957,,13518,"[954, 270]",False,Right,True,0.0,False,medium,False,"[[840, 78], [822, 204], [1146, 366], [876, 636], [1362, 672]]",,[],,0.46992377783214223,0.33569285488451106
542,1,1,9.012000000000057,,13518,"[954, 270]",False,Right,True,0.0,False,medium,False,"[[834, 72], [816, 198], [1140, 360], [870, 630], [1356, 666]]",,[],,0.4705810784569282,0.3363478877519225
543,1,1,9.028999999999996,,13518,"[954, 270]",False,Right,True,0.0,False,medium,False,"[[828, 66], [810, 192], [1134, 354], [864, 624], [1350, 660]]",,[],,0.47100141690711733,0.3301544875888218
544,1,1,9.04600000000005,,13518,"[954, 270]",False,Right,True,0.0,False,medium,False,"[[822, 60], [804, 186], [1128, 348], [858, 618], [1344, 654]]",,[],,0.4726534648963665,0.32783201556111397
545,1,1,9.062999999999988,,13518,"[954, 270]",False,Right,True,0.0,False,medium,False,"[[816, 54], [798, 180], [1122, 342], [852, 612], [1338, 648]]",,[],,0.4726534648963665,0.32783201556111397
546,1,1,9.079000000000065,,13518,"[954, 270]",False,Right,True,0.0,False,medium,False,"[[810, 48], [792, 174], [1116, 336], [846, 606], [1332, 642]]",,[],,0.4642485868454512,0.27502871051894284
547,1,1,9.095000000000027,,13518,"[954, 270]",False,Right,True,0.0,False,medium,False,"[[804, 42], [786, 168], [1110, 330], [840, 600], [1326, 636]]",,[],,0.4313311506554591,0.35903333485372646
548,1,1,9.111999999999966,,13518,"[954, 270]",False,Right,True,0.0,False,medium,False,"[[798, 36], [780, 162], [1104, 324], [834, 594], [1320, 630]]",,[],,0.4728859773806042,0.32765306210093614
549,1,1,9.129000000000019,,13518,"[954, 270]",False,,True,0.0,False,medium,False,"[[792, 30], [774, 156], [1098, 318], [828, 588], [1314, 624]]",,[],,0.4728859773806042,0.32765306210093614
550,1,1,9.144999999999982,,13518,"[954, 270]",False,,True,0.0,False,medium,False,"[[792, 24], [774, 150], [1098, 312], [828, 582], [1314, 618]]",,[],,0.4728859773806042,0.32765306210093614
551,1,1,9.162000000000035,,13518,"[954, 270]",False,,True,0.0,False,medium,False,"[[792, 18], [774, 144], [1098, 306], [828, 576], [1314, 612]]",,[],,0.4733339024948916,0.3306913899748608
552,1,1,9.178999999999974,,13518,"[954, 270]",False,Right,True,0.0,False,medium,False,"[[792, 12], [774, 138], [1098, 300], [828, 570], [1314, 606]]",,[],,0.4325933527652689,0.35972872514063237
553,1,1,9.196000000000026,,13518,"[954, 270]",False,Right,True,0.0,False,medium,False,"[[786, 6], [768, 132], [1092, 294], [822, 564], [1308, 600]]",,[],,0.43281139884188524,0.35984616102590716
554,1,1,9.212999999999965,,13518,"[954, 270]",False,Right,True,0.0,False,medium,False,"[[780, 0], [762, 126], [1086, 288], [816, 558], [1302, 594], [924, 810]]",,[],,0.4741904027097815,0.3319924260985865
555,1,1,9.230000000000018,,13518,"[954, 270]",False,Right,True,0.0,False,medium,False,"[[756, 120], [1080, 282], [810, 552], [1296, 588], [918, 804]]",,[],,0.4741904027097815,0.3319924260985865
556,1,1,9.246999999999957,,13518,"[954, 270]",False,Right,True,0.0,False,medium,False,"[[750, 114], [1074, 276], [804, 546], [1290, 582], [912, 798]]",,[],,0.47360693906473045,0.33230730737727654
557,1,1,9.264999999999986,,13518,"[954, 270]",False,,True,0.0,False,medium,False,"[[744, 108], [1068, 270], [798, 540], [1284, 576], [906, 792]]",,[],,0.4736683764663498,0.33239479217381707
558,1,1,9.281000000000063,,13518,"[954, 270]",False,,True,0.0,False,medium,False,"[[744, 102], [1068, 264], [798, 534], [1284, 570], [906, 786]]",,[],,0.43386943519472093,0.3718474499083425
559,1,1,9.297000000000025,,13518,"[954, 270]",False,,True,0.0,False,medium,False,"[[744, 96], [1068, 258], [798, 528], [1284, 564], [906, 780]]",,[],,0.47332623841097476,0.333408186931752
560,1,1,9.312999999999988,,13518,"[954, 270]",False,,True,0.0,False,medium,False,"[[744, 90], [1068, 252], [798, 522], [1284, 558], [906, 774]]",,[],,0.47332623841097476,0.333408186931752
561,1,1,9.329000000000065,,13518,"[954, 270]",False,,True,0.0,False,medium,False,"[[744, 84], [1068, 246], [798, 516], [1284, 552], [906, 768]]",,[],,0.4740866472860226,0.3338432665338791
562,1,1,9.346000000000004,,13518,"[954, 270]",False,,True,0.0,False,medium,False,"[[744, 78], [1068, 240], [798, 510], [1284, 546], [906, 762]]",,[],,0.4740866472860226,0.3338432665338791
563,1,1,9.363000000000056,,13518,"[954, 270]",False,,True,0.0,False,medium,False,"[[744, 72], [1068, 234], [798, 504], [1284, 540], [906, 756]]",,[],,0.47324620836994963,0.33547746746532037
564,1,1,9.379000000000019,,13518,"[954, 270]",False,,True,0.0,False,medium,False,"[[744, 66], [1068, 228], [798, 498], [1284, 534], [906, 750]]",,[],,0.471798193736948,0.3366353213811665
565,1,1,9.395999999999958,,13518,"[954, 270]",False,,True,0.0,False,medium,False,"[[744, 60], [1068, 222], [798, 492], [1284, 528], [906, 744]]",,[],,0.47149521266032934,0.3372551770418255
566,1,1,9.413000000000011,,13518,"[954, 270]",False,,True,0.0,False,medium,False,"[[744, 54], [1068, 216], [798, 486], [1284, 522], [906, 738]]",,[],,0.47149521266032934,0.3372551770418255
567,1,1,9.430000000000064,,13518,"[954, 270]",False,,True,0.0,False,medium,False,"[[744, 48], [1068, 210], [798, 480], [1284, 516], [906, 732]]",,[],,0.4356716529217362,0.36138771852709706
568,1,1,9.447000000000003,,13518,"[954, 270]",False,,True,0.0,False,medium,False,"[[744, 42], [1068, 204], [798, 474], [1284, 510], [906, 726]]",,[],,0.4359095689849924,0.3729078317518355
569,1,1,9.462999999999965,,13518,"[954, 270]",False,,True,0.0,False,medium,False,"[[744, 36], [1068, 198], [798, 468], [1284, 504], [906, 720]]",,[],,0.467631496373009,0.33222558719190765
570,1,1,9.480000000000018,,13518,"[954, 270]",False,,True,0.0,False,medium,False,"[[744, 30], [1068, 192], [798, 462], [1284, 498], [906, 714]]",,[],,0.4689437888692424,0.33223360176961747
571,1,1,9.496999999999957,,13518,"[954, 270]",False,,True,0.0,False,medium,False,"[[744, 24], [1068, 186], [798, 456], [1284, 492], [906, 708]]",,[],,0.4690229213015827,0.33202399575414676
572,1,1,9.51400000000001,,13518,"[954, 270]",False,,True,0.0,False,medium,False,"[[744, 18], [1068, 180], [798, 450], [1284, 486], [906, 702]]",,[],,0.4692885600801673,0.33296426171391
573,1,1,9.529999999999973,,13518,"[954, 270]",False,,True,0.0,False,medium,False,"[[744, 12], [1068, 174], [798, 444], [1284, 480], [906, 696]]",,[],,0.42957404785187386,0.37365089987505784
574,1,1,9.54600000000005,,13518,"[954, 270]",False,,True,0.0,False,medium,False,"[[744, 6], [1068, 168], [798, 438], [1284, 474], [906, 690]]",,[],,0.42957404785187386,0.37365089987505784
575,1,1,9.562999999999988,,13518,"[954, 270]",False,,True,0.0,False,medium,False,"[[744, 0], [1068, 162], [798, 432], [1284, 468], [906, 684], [942, 810]]",,[],,0.4703191257522102,0.3338241138790723
576,1,1,9.579000000000065,,13518,"[954, 270]",False,,True,0.0,False,medium,False,"[[1068, 156], [798, 426], [1284, 462], [906, 678], [942, 804]]",,[],,0.4703191257522102,0.3338241138790723
577,1,1,9.595000000000027,,13518,"[954, 270]",False,,True,0.0,False,medium,False,"[[1068, 150], [798, 420], [1284, 456], [906, 672], [942, 798]]",,[],,0.5026764607931772,0.08838630499983535
578,1,1,9.611999999999966,,13518,"[954, 270]",False,,True,0.0,False,medium,False,"[[1068, 144], [798, 414], [1284, 450], [906, 666], [942, 792]]",,[],,0.5026764607931772,0.08838630499983535
579,1,1,9.629000000000019,,13518,"[954, 270]",False,,True,0.0,False,medium,False,"[[1068, 138], [798, 408], [1284, 444], [906, 660], [942, 786]]",,[],,0.4728779088285007,0.33545896234312744
580,1,1,9.645999999999958,,13518,"[954, 270]",False,,True,0.0,False,medium,False,"[[1068, 132], [798, 402], [1284, 438], [906, 654], [942, 780]]",,[],,0.49635346379381556,0.09869486488678458
581,1,1,9.663000000000011,,13518,"[954, 270]",False,,True,0.0,False,medium,False,"[[1068, 126], [798, 396], [1284, 432], [906, 648], [942, 774]]",,[],,0.44469349955051235,0.23023348839230107
582,1,1,9.680000000000064,,13518,"[954, 270]",False,,True,0.0,False,medium,False,"[[1068, 120], [798, 390], [1284, 426], [906, 642], [942, 768]]",,[],,0.44469349955051235,0.23023348839230107
583,1,1,9.696000000000026,,13518,"[954, 270]",False,Right,True,0.0,False,medium,False,"[[1068, 114], [798, 384], [1284, 420], [906, 636], [942, 762]]",,[],,0.07269322326923744,0.4233249597500185
584,1,1,9.712999999999965,,13518,"[954, 270]",False,Right,True,0.0,False,medium,False,"[[1062, 108], [792, 378], [1278, 414], [900, 630], [936, 756]]",,[],,0.07269322326923744,0.4233249597500185
585,1,1,9.730000000000018,,13518,"[954, 270]",False,Right,True,0.0,False,medium,False,"[[1056, 102], [786, 372], [1272, 408], [894, 624], [930, 750]]",,[],,0.5577412555387313,0.353981835015196
586,1,1,9.746999999999957,,13518,"[954, 270]",False,Right,True,0.0,False,medium,False,"[[1050, 96], [780, 366], [1266, 402], [888, 618], [924, 744]]",,[],,0.4226183306887762,0.15165307137723372
587,1,1,9.76400000000001,,13518,"[954, 270]",False,Right,True,0.0,False,medium,False,"[[1044, 90], [774, 360], [1260, 396], [882, 612], [918, 738]]",,[],,0.5484865991045542,0.30678780080319934
588,1,1,9.781000000000063,,13518,"[954, 270]",False,Right,True,0.0,False,medium,False,"[[1038, 84], [768, 354], [1254, 390], [876, 606], [912, 732]]",,[],,0.5484865991045542,0.30678780080319934
589,1,1,9.798000000000002,,13518,"[954, 270]",False,Right,True,0.0,False,medium,False,"[[1032, 78], [762, 348], [1248, 384], [870, 600], [906, 726]]",,[],,0.534566324012603,0.32551183210677537
590,1,1,9.817999999999984,,13518,"[954, 270]",False,,True,0.0,False,medium,False,"[[1026, 72], [756, 342], [1242, 378], [864, 594], [900, 720]]",,[],,0.534566324012603,0.32551183210677537
591,1,1,9.831999999999994,,13518,"[954, 270]",False,,True,0.0,False,medium,False,"[[1026, 66], [756, 336], [1242, 372], [864, 588], [900, 714]]",,[],,0.46153754797356433,0.22803423170467862
592,1,1,9.849000000000046,,13518,"[954, 270]",False,,True,0.0,False,medium,False,"[[1026, 60], [756, 330], [1242, 366], [864, 582], [900, 708]]",,[],,0.46153754797356433,0.22803423170467862
593,1,1,9.865999999999985,,13518,"[954, 270]",False,,True,0.0,False,medium,False,"[[1026, 54], [756, 324], [1242, 360], [864, 576], [900, 702]]",,[],,0.4275769714994909,0.3202594138000582
594,1,1,9.883000000000038,,13518,"[954, 270]",False,,True,0.0,False,medium,False,"[[1026, 48], [756, 318], [1242, 354], [864, 570], [900, 696]]",,[],,0.4605441369063663,0.2981550907424997
595,1,1,9.899999999999977,,13518,"[954, 270]",False,,True,0.0,False,medium,False,"[[1026, 42], [756, 312], [1242, 348], [864, 564], [900, 690]]",,[],,0.4568569771037888,0.2346688813338097
596,1,1,9.916000000000054,,13518,"[954, 270]",False,,True,0.0,False,medium,False,"[[1026, 36], [756, 306], [1242, 342], [864, 558], [900, 684]]",,[],,0.4567877759778433,0.23538022220966892
597,1,1,9.932999999999993,,13518,"[954, 270]",False,,True,0.0,False,medium,False,"[[1026, 30], [756, 300], [1242, 336], [864, 552], [900, 678]]",,[],,0.4557412210939781,0.23638480988591082
598,1,1,9.947999999999979,,13518,"[954, 270]",False,,True,0.0,False,medium,False,"[[1026, 24], [756, 294], [1242, 330], [864, 546], [900, 672]]",,[],,0.4557412210939781,0.23638480988591082
599,1,1,9.964000000000055,,13518,"[954, 270]",False,,True,0.0,False,medium,False,"[[1026, 18], [756, 288], [1242, 324], [864, 540], [900, 666]]",,[],,0.4561715739991679,0.3054801215428401
600,1,1,9.980000000000018,,13518,"[954, 270]",False,,True,0.0,False,medium,False,"[[1026, 12], [756, 282], [1242, 318], [864, 534], [900, 660]]",,[],,0.4561715739991679,0.3054801215428401
601,1,1,9.996999999999957,,13518,"[954, 270]",False,,True,0.0,False,medium,False,"[[1026, 6], [756, 276], [1242, 312], [864, 528], [900, 654]]",,[],,0.4532267086606909,0.24019134794922992
602,1,1,10.014999999999986,,13518,"[954, 270]",False,,True,0.0,False,medium,False,"[[1026, 0], [756, 270], [1242, 306], [864, 522], [900, 648]]",,[],,0.45313879194723594,0.2411557880386861
603,1,1,10.031000000000063,,13518,"[954, 270]",False,,True,0.0,False,medium,False,"[[756, 264], [1242, 300], [864, 516], [900, 642]]",,[],,0.4533265623184203,0.242431420628606
604,1,1,10.047000000000025,,13518,"[954, 270]",False,,True,0.0,False,medium,False,"[[756, 258], [1242, 294], [864, 510], [900, 636]]",,[],,0.4533265623184203,0.242431420628606
605,1,1,10.062999999999988,,13518,"[954, 270]",False,,True,0.0,False,medium,False,"[[756, 252], [1242, 288], [864, 504], [900, 630]]",,[],,0.4536009692407125,0.24605502750023633
606,1,1,10.080000000000041,,13518,"[954, 270]",False,,True,0.0,False,medium,False,"[[756, 246], [1242, 282], [864, 498], [900, 624]]",,[],,0.4536009692407125,0.24605502750023633
607,1,1,10.096000000000004,,13518,"[954, 270]",False,,True,0.0,False,medium,False,"[[756, 240], [1242, 276], [864, 492], [900, 618]]",,[],,0.45399114708534627,0.2505750855649833
608,1,1,10.111999999999966,,13518,"[954, 270]",False,,True,0.0,False,medium,False,"[[756, 234], [1242, 270], [864, 486], [900, 612]]",,[],,0.45399114708534627,0.2505750855649833
609,1,1,10.129000000000019,,13518,"[954, 270]",False,,True,0.0,False,medium,False,"[[756, 228], [1242, 264], [864, 480], [900, 606]]",,[],,0.4544985739181275,0.2558715886663202
610,1,1,10.144999999999982,,13518,"[954, 270]",False,,True,0.0,False,medium,False,"[[756, 222], [1242, 258], [864, 474], [900, 600]]",,[],,0.4544985739181275,0.2558715886663202
611,1,1,10.161000000000058,,13518,"[954, 270]",False,,True,0.0,False,medium,False,"[[756, 216], [1242, 252], [864, 468], [900, 594]]",,[],,0.45727169812866464,0.22323736834755148
612,1,1,10.177000000000021,,13518,"[954, 270]",False,,True,0.0,False,medium,False,"[[756, 210], [1242, 246], [864, 462], [900, 588]]",,[],,0.45727169812866464,0.22323736834755148
613,1,1,10.192999999999984,,13518,"[954, 270]",False,,True,0.0,False,medium,False,"[[756, 204], [1242, 240], [864, 456], [900, 582]]",,"[[582, 810]]",,0.45670715707234527,0.21937715026418048
614,1,1,10.210000000000036,,13518,"[954, 270]",False,Right,True,0.0,False,medium,False,"[[756, 198], [1242, 234], [864, 450], [900, 576]]",,"[[576, 804]]",,0.45670715707234527,0.21937715026418048
615,1,1,10.225999999999999,,13518,"[954, 270]",False,Right,True,0.0,False,medium,False,"[[750, 192], [1236, 228], [858, 444], [894, 570]]",,"[[570, 798]]",,0.4556898622522573,0.21798226104966922
616,1,1,10.243000000000052,,13518,"[954, 270]",False,Right,True,0.0,False,medium,False,"[[744, 186], [1230, 222], [852, 438], [888, 564]]",,"[[564, 792]]",,0.45580169598554054,0.218742057871949
617,1,1,10.259000000000015,,13518,"[954, 270]",False,Right,True,0.0,False,medium,False,"[[738, 180], [1224, 216], [846, 432], [882, 558]]",,"[[558, 786]]",,0.45531071433572956,0.22068450280331198
618,1,1,10.277000000000044,,13518,"[954, 270]",False,Right,True,0.0,False,medium,False,"[[732, 174], [1218, 210], [840, 426], [876, 552]]",,"[[552, 780]]",,0.45531071433572956,0.22068450280331198
619,1,1,10.293999999999983,,13518,"[954, 270]",False,Right,True,0.0,False,medium,False,"[[726, 168], [1212, 204], [834, 420], [870, 546]]",,"[[546, 774]]",,0.45498996725340135,0.22221657989434096
620,1,1,10.31000000000006,,13518,"[954, 270]",False,Right,True,0.0,False,medium,False,"[[720, 162], [1206, 198], [828, 414], [864, 540]]",,"[[540, 768]]",,0.45498996725340135,0.22221657989434096
621,1,1,10.326999999999998,,13518,"[954, 270]",False,,True,0.0,False,medium,False,"[[714, 156], [1200, 192], [822, 408], [858, 534]]",,"[[540, 762]]",,0.4556773074579531,0.22653681572518924
622,1,1,10.342999999999961,,13518,"[954, 270]",False,,True,0.0,False,medium,False,"[[714, 150], [1200, 186], [822, 402], [858, 528]]",,"[[540, 756]]",,0.4557474445178885,0.226900396939541
623,1,1,10.358000000000061,,13518,"[954, 270]",False,,True,0.0,False,medium,False,"[[714, 144], [1200, 180], [822, 396], [858, 522]]",,"[[540, 750]]",,0.4560878060692744,0.2299421902348049
624,1,1,10.375,,13518,"[954, 270]",False,,True,0.0,False,medium,False,"[[714, 138], [1200, 174], [822, 390], [858, 516]]",,"[[540, 744]]",,0.4560878060692744,0.2299421902348049
625,1,1,10.392000000000053,,13518,"[954, 270]",False,,True,0.0,False,medium,False,"[[714, 132], [1200, 168], [822, 384], [858, 510]]",,"[[540, 738]]",,0.4556938013051985,0.23157639887141357
626,1,1,10.408000000000015,,13518,"[954, 270]",False,,True,0.0,False,medium,False,"[[714, 126], [1200, 162], [822, 378], [858, 504]]",,"[[540, 732]]",,0.4557330207781902,0.23319153387145286
627,1,1,10.423999999999978,,13518,"[954, 270]",False,,True,0.0,False,medium,False,"[[714, 120], [1200, 156], [822, 372], [858, 498]]",,"[[540, 726]]",,0.45425096866778525,0.23674178506341315
628,1,1,10.440000000000055,,13518,"[954, 270]",False,,True,0.0,False,medium,False,"[[714, 114], [1200, 150], [822, 366], [858, 492]]",,"[[540, 720]]",,0.45425096866778525,0.23674178506341315
629,1,1,10.456999999999994,,13518,"[954, 270]",False,,True,0.0,False,medium,False,"[[714, 108], [1200, 144], [822, 360], [858, 486]]",,"[[540, 714]]",,0.45302311073131885,0.23748610520370095
630,1,1,10.47300000000007,,13518,"[954, 270]",False,,True,0.0,False,medium,False,"[[714, 102], [1200, 138], [822, 354], [858, 480]]",,"[[540, 708]]",,0.45273417233418634,0.23844277774813316
631,1,1,10.489000000000033,,13518,"[954, 270]",False,,True,0.0,False,medium,False,"[[714, 96], [1200, 132], [822, 348], [858, 474]]",,"[[540, 702]]",,0.4523209792239866,0.24088482351513407
632,1,1,10.504999999999995,,13518,"[954, 270]",False,,True,0.0,False,medium,False,"[[714, 90], [1200, 126], [822, 342], [858, 468]]",,"[[540, 696]]",,0.4518814670796303,0.2431398169343164
633,1,1,10.522000000000048,,13518,"[954, 270]",False,,True,0.0,False,medium,False,"[[714, 84], [1200, 120], [822, 336], [858, 462]]",,"[[540, 690]]",,0.45184950108681965,0.24418296492028635
634,1,1,10.538999999999987,,13518,"[954, 270]",False,,True,0.0,False,medium,False,"[[714, 78], [1200, 114], [822, 330], [858, 456]]",,"[[540, 684]]",,0.45235455166846333,0.24540534959923355
635,1,1,10.555000000000064,,13518,"[954, 270]",False,,True,0.0,False,medium,False,"[[714, 72], [1200, 108], [822, 324], [858, 450]]",,"[[540, 678]]",,0.4532634661412547,0.24805605847566348
636,1,1,10.572000000000003,,13518,"[954, 270]",False,,True,0.0,False,medium,False,"[[714, 66], [1200, 102], [822, 318], [858, 444]]",,"[[540, 672]]",,0.4534361965346395,0.24836588307417518
637,1,1,10.589000000000055,,13518,"[954, 270]",False,,True,0.0,False,medium,False,"[[714, 60], [1200, 96], [822, 312], [858, 438]]",,"[[540, 666]]",,0.4541496779113664,0.24686498800445078
638,1,1,10.605000000000018,,13518,"[954, 270]",False,,True,0.0,False,medium,False,"[[714, 54], [1200, 90], [822, 306], [858, 432]]",,"[[540, 660]]",,0.45463313562710506,0.22248883939385466
639,1,1,10.621999999999957,,13518,"[954, 270]",False,,True,0.0,False,medium,False,"[[714, 48], [1200, 84], [822, 300], [858, 426]]",,"[[540, 654]]",,0.4553067422663443,0.22316325669896453
640,1,1,10.638000000000034,,13518,"[954, 270]",False,,True,0.0,False,medium,False,"[[714, 42], [1200, 78], [822, 294], [858, 420]]",,"[[540, 648]]",,0.4550524894209297,0.22469724918407907
641,1,1,10.653999999999996,,13518,"[954, 270]",False,,True,0.0,False,medium,False,"[[714, 36], [1200, 72], [822, 288], [858, 414]]",,"[[540, 642]]",,0.4550524894209297,0.22469724918407907
642,1,1,10.669999999999959,,13518,"[954, 270]",False,,True,0.0,False,medium,False,"[[714, 30], [1200, 66], [822, 282], [858, 408]]",,"[[540, 636]]",,0.4550116561179114,0.2243118277011268
643,1,1,10.687000000000012,,13518,"[954, 270]",False,,True,0.0,False,medium,False,"[[714, 24], [1200, 60], [822, 276], [858, 402]]",,"[[540, 630]]",,0.4552620345587572,0.22502489913378654
644,1,1,10.704000000000065,,13518,"[954, 270]",False,,True,0.0,False,medium,False,"[[714, 18], [1200, 54], [822, 270], [858, 396]]",,"[[540, 624]]",,0.4543216785389599,0.22854599866737557
645,1,1,10.721000000000004,,13518,"[954, 270]",False,,True,0.0,False,medium,False,"[[714, 12], [1200, 48], [822, 264], [858, 390]]",,"[[540, 618]]",,0.45462224084405556,0.23065851395692238
646,1,1,10.738000000000056,,13518,"[954, 270]",False,Right,True,0.0,False,medium,False,"[[714, 6], [1200, 42], [822, 258], [858, 384]]",,"[[534, 612]]",,0.4552147677982109,0.2320354438919675
647,1,1,10.754999999999995,,13518,"[954, 270]",False,Right,True,0.0,False,medium,False,"[[708, 0], [1194, 36], [816, 252], [852, 378], [1032, 810]]",,"[[528, 606]]",,0.455563423712375,0.23332902824973745
648,1,1,10.770999999999958,,13518,"[954, 270]",False,Right,True,0.0,False,medium,False,"[[1188, 30], [810, 246], [846, 372], [1026, 804]]",,"[[522, 600]]",,0.4557216996535492,0.23871068887137836
649,1,1,10.787000000000035,,13518,"[954, 270]",False,Right,True,0.0,False,medium,False,"[[1182, 24], [804, 240], [840, 366], [1020, 798]]",,"[[516, 594]]",,0.45585686248378987,0.23907941174414893
650,1,1,10.802999999999997,,13518,"[954, 270]",False,Right,True,0.0,False,medium,False,"[[1176, 18], [798, 234], [834, 360], [1014, 792]]",,"[[510, 588]]",,0.45583817113949776,0.24080489952958906
651,1,1,10.81899999999996,,13518,"[954, 270]",False,Right,True,0.0,False,medium,False,"[[1170, 12], [792, 228], [828, 354], [1008, 786]]",,"[[504, 582]]",,0.45583817113949776,0.24080489952958906
652,1,1,10.836000000000013,,13518,"[954, 270]",False,Right,True,0.0,False,medium,False,"[[1164, 6], [786, 222], [822, 348], [1002, 780]]",,"[[498, 576]]",,0.4544833587180797,0.24314788321619263
653,1,1,10.853000000000065,,13518,"[954, 270]",False,,True,0.0,False,medium,False,"[[1158, 0], [780, 216], [816, 342], [996, 774]]",,"[[498, 570]]",,0.4544833587180797,0.24314788321619263
654,1,1,10.870000000000005,,13518,"[954, 270]",False,,True,0.0,False,medium,False,"[[780, 210], [816, 336], [996, 768]]",,"[[498, 564]]",,0.4545624934257608,0.24619847183443033
655,1,1,10.887000000000057,,13518,"[954, 270]",False,,True,0.0,False,medium,False,"[[780, 204], [816, 330], [996, 762]]",,"[[498, 558]]",,0.45455322892610034,0.24712287004260547
656,1,1,10.90300000000002,,13518,"[954, 270]",False,,True,0.0,False,medium,False,"[[780, 198], [816, 324], [996, 756]]",,"[[498, 552]]",,0.45451900002284756,0.2491791821368199
657,1,1,10.919999999999959,,13518,"[954, 270]",False,,True,0.0,False,medium,False,"[[780, 192], [816, 318], [996, 750]]",,"[[498, 546]]",,0.45451900002284756,0.2491791821368199
658,1,1,10.937000000000012,,13518,"[954, 270]",False,,True,0.0,False,medium,False,"[[780, 186], [816, 312], [996, 744]]",,"[[498, 540]]",,0.45328218281248167,0.25231098041906563
659,1,1,10.954000000000065,,13518,"[954, 270]",False,,True,0.0,False,medium,False,"[[780, 180], [816, 306], [996, 738]]",,"[[498, 534]]",,0.45328218281248167,0.25231098041906563
660,1,1,10.970000000000027,,13518,"[954, 270]",False,,True,0.0,False,medium,False,"[[780, 174], [816, 300], [996, 732]]",,"[[498, 528]]",,0.4530260761922821,0.2533866704344151
661,1,1,10.98599999999999,,13518,"[954, 270]",False,,True,0.0,False,medium,False,"[[780, 168], [816, 294], [996, 726]]",,"[[498, 522]]",,0.4530260761922821,0.2533866704344151
662,1,1,11.002000000000066,,13518,"[954, 270]",False,,True,0.0,False,medium,False,"[[780, 162], [816, 288], [996, 720]]",,"[[498, 516]]",,0.45328334154756134,0.25689585962201766
663,1,1,11.018000000000029,,13518,"[954, 270]",False,,True,0.0,False,medium,False,"[[780, 156], [816, 282], [996, 714]]",,"[[498, 510]]",,0.45328334154756134,0.25689585962201766
664,1,1,11.034999999999968,,13518,"[954, 270]",False,,True,0.0,False,medium,False,"[[780, 150], [816, 276], [996, 708]]",,"[[498, 504]]",,0.4526897392533197,0.26146658384232213
665,1,1,11.051000000000045,,13518,"[954, 270]",False,,True,0.0,False,medium,False,"[[780, 144], [816, 270], [996, 702]]",,"[[498, 498]]",,0.4526897392533197,0.26146658384232213
666,1,1,11.067000000000007,,13518,"[954, 270]",False,,True,0.0,False,medium,False,"[[780, 138], [816, 264], [996, 696]]",,"[[498, 492]]",,0.45099572826702694,0.23638503567175806
667,1,1,11.08400000000006,,13518,"[954, 270]",False,,True,0.0,False,medium,False,"[[780, 132], [816, 258], [996, 690]]",,"[[498, 486]]",,0.45099572826702694,0.23638503567175806
668,1,1,11.101999999999975,,13518,"[954, 270]",False,,True,0.0,False,medium,False,"[[780, 126], [816, 252], [996, 684]]",,"[[498, 480]]",,0.4497680868652031,0.23547930179443788
669,1,1,11.119000000000028,,13518,"[954, 270]",False,,True,0.0,False,medium,False,"[[780, 120], [816, 246], [996, 678]]",,"[[498, 474]]",,0.4497680868652031,0.23547930179443788
670,1,1,11.134999999999991,,13518,"[954, 270]",False,,True,0.0,False,medium,False,"[[780, 114], [816, 240], [996, 672]]",,"[[498, 468]]",,0.44987547355577745,0.23791181080324386
671,1,1,11.15300000000002,,13518,"[954, 270]",False,Left,True,0.0,False,medium,False,"[[780, 108], [816, 234], [996, 666]]",,"[[504, 462]]",,0.44987547355577745,0.23791181080324386
672,1,1,11.168000000000006,,13518,"[954, 270]",False,Left,True,0.0,False,medium,False,"[[786, 102], [822, 228], [1002, 660]]",,"[[510, 456]]",,0.449994414699067,0.2390998709037505
673,1,1,11.18500000000006,,13518,"[954, 270]",False,Left,True,0.0,False,medium,False,"[[792, 96], [828, 222], [1008, 654]]",,"[[516, 450]]",,0.449994414699067,0.2390998709037505
674,1,1,11.201999999999998,,13518,"[954, 270]",False,Left,True,0.0,False,medium,False,"[[798, 90], [834, 216], [1014, 648], [798, 810]]",,"[[522, 444]]",,0.4482855377452869,0.24236884118174196
675,1,1,11.219000000000051,,13518,"[954, 270]",False,Left,True,0.0,False,medium,False,"[[804, 84], [840, 210], [1020, 642], [804, 804]]",,"[[528, 438]]",,0.4482855377452869,0.24236884118174196
676,1,1,11.23599999999999,,13518,"[954, 270]",False,Left,True,0.0,False,medium,False,"[[810, 78], [846, 204], [1026, 636], [810, 798]]",,"[[534, 432]]",,0.44740796297523266,0.24242966361746487
677,1,1,11.252000000000066,,13518,"[954, 270]",False,Left,True,0.0,False,medium,False,"[[816, 72], [852, 198], [1032, 630], [816, 792]]",,"[[540, 426]]",,0.44740796297523266,0.24242966361746487
678,1,1,11.269000000000005,,13518,"[954, 270]",False,,True,0.0,False,medium,False,"[[822, 66], [858, 192], [1038, 624], [822, 786]]",,"[[540, 420]]",,0.4468654083989557,0.24551017602461656
679,1,1,11.286000000000058,,13518,"[954, 270]",False,,True,0.0,False,medium,False,"[[822, 60], [858, 186], [1038, 618], [822, 780]]",,"[[540, 414]]",,0.4468654083989557,0.24551017602461656
680,1,1,11.302000000000021,,13518,"[954, 270]",False,,True,0.0,False,medium,False,"[[822, 54], [858, 180], [1038, 612], [822, 774]]",,"[[540, 408]]",,0.4471808371819244,0.24671468238492544
681,1,1,11.317999999999984,,13518,"[954, 270]",False,,True,0.0,False,medium,False,"[[822, 48], [858, 174], [1038, 606], [822, 768]]",,"[[540, 402]]",,0.4472163899908905,0.24675262994013314
682,1,1,11.335000000000036,,13518,"[954, 270]",False,,True,0.0,False,medium,False,"[[822, 42], [858, 168], [1038, 600], [822, 762]]",,"[[540, 396]]",,0.4482549741550529,0.24930551588337724
683,1,1,11.351999999999975,,13518,"[954, 270]",False,,True,0.0,False,medium,False,"[[822, 36], [858, 162], [1038, 594], [822, 756]]",,"[[540, 390]]",,0.4482549741550529,0.24930551588337724
684,1,1,11.368000000000052,,13518,"[954, 270]",False,,True,0.0,False,medium,False,"[[822, 30], [858, 156], [1038, 588], [822, 750]]",,"[[540, 384]]",,0.4334648915990657,0.36576914832495766
685,1,1,11.384999999999991,,13518,"[954, 270]",False,,True,0.0,False,medium,False,"[[822, 24], [858, 150], [1038, 582], [822, 744]]",,"[[540, 378]]",,0.4502864729880322,0.25566410951148455
686,1,1,11.402000000000044,,13518,"[954, 270]",False,,True,0.0,False,medium,False,"[[822, 18], [858, 144], [1038, 576], [822, 738]]",,"[[540, 372]]",,0.4523924091958028,0.2601043494036992
687,1,1,11.418000000000006,,13518,"[954, 270]",False,,True,0.0,False,medium,False,"[[822, 12], [858, 138], [1038, 570], [822, 732]]",,"[[540, 366]]",,0.4523924091958028,0.2601043494036992
688,1,1,11.436000000000035,,13518,"[954, 270]",False,Left,True,0.0,False,medium,False,"[[822, 6], [858, 132], [1038, 564], [822, 726]]",,"[[546, 360]]",,0.4527698003785958,0.26204170246320657
689,1,1,11.451999999999998,,13518,"[954, 270]",False,Left,True,0.0,False,medium,False,"[[828, 0], [864, 126], [1044, 558], [828, 720]]",,"[[552, 354]]",,0.4527698003785958,0.26204170246320657
690,1,1,11.469000000000051,,13518,"[954, 270]",False,Left,True,0.0,False,medium,False,"[[870, 120], [1050, 552], [834, 714]]",,"[[558, 348]]",,0.4520959681018559,0.2677857462751646
691,1,1,11.485000000000014,,13518,"[954, 270]",False,Left,True,0.0,False,medium,False,"[[876, 114], [1056, 546], [840, 708]]",,"[[564, 342]]",,0.4520959681018559,0.2677857462751646
692,1,1,11.500999999999976,,13518,"[954, 270]",False,Left,True,0.0,False,medium,False,"[[882, 108], [1062, 540], [846, 702]]",,"[[570, 336]]",,0.43514086594383433,0.233092160536591
693,1,1,11.519000000000005,,13518,"[954, 270]",False,Left,True,0.0,False,medium,False,"[[888, 102], [1068, 534], [852, 696]]",,"[[576, 330]]",,0.43514086594383433,0.233092160536591
694,1,1,11.536000000000058,,13518,"[954, 270]",False,Left,True,0.0,False,medium,False,"[[894, 96], [1074, 528], [858, 690]]",,"[[582, 324]]",,0.43480783949324736,0.23249703583230963
695,1,1,11.552999999999997,,13518,"[954, 270]",False,,True,0.0,False,medium,False,"[[900, 90], [1080, 522], [864, 684]]",,"[[582, 318]]",,0.43480783949324736,0.23249703583230963
696,1,1,11.56899999999996,,13518,"[954, 270]",False,,True,0.0,False,medium,False,"[[900, 84], [1080, 516], [864, 678]]",,"[[582, 312]]",,0.43610319454626534,0.23123676370124258
697,1,1,11.586000000000013,,13518,"[954, 270]",False,,True,-1.0,False,medium,False,"[[900, 78], [1080, 510], [864, 672]]",,"[[582, 306]]",,0.43610319454626534,0.23123676370124258
698,1,1,11.603000000000065,,13518,"[954, 270]",False,,True,-1.0,False,medium,False,"[[900, 72], [1080, 504], [864, 666]]",,"[[576, 300]]",,0.4379275862218023,0.2340934169100819
699,1,1,11.619000000000028,,13518,"[954, 270]",False,,True,-1.0,False,medium,False,"[[894, 66], [1074, 498], [858, 660]]",,"[[570, 294]]",,0.4379275862218023,0.2340934169100819
700,1,1,11.635999999999967,,13518,"[954, 270]",False,,True,-1.0,False,medium,False,"[[888, 60], [1068, 492], [852, 654]]",,"[[564, 288]]",,0.43806790608826257,0.23984723259205443
701,1,1,11.651000000000067,,13518,"[954, 270]",False,,True,-1.0,False,medium,False,"[[882, 54], [1062, 486], [846, 648]]",,"[[558, 282]]",,0.43834499186388437,0.24189822829876928
702,1,1,11.668000000000006,,13518,"[954, 270]",False,,True,-1.0,False,medium,False,"[[876, 48], [1056, 480], [840, 642]]",,"[[552, 276]]",,0.4380653604816122,0.24428966490471082
703,1,1,11.683999999999969,,13518,"[954, 270]",False,,True,-1.0,False,medium,False,"[[870, 42], [1050, 474], [834, 636]]",,"[[546, 270]]",,0.4380653604816122,0.24428966490471082
704,1,1,11.700000000000045,,13518,"[954, 270]",False,,True,-1.0,False,medium,False,"[[864, 36], [1044, 468], [828, 630]]",,"[[540, 264]]",,0.4384714545886852,0.2476231177380096
705,1,1,11.716999999999985,,13518,"[954, 270]",False,,True,-1.0,False,medium,False,"[[858, 30], [1038, 462], [822, 624]]",,"[[534, 258]]",,0.4384714545886852,0.2476231177380096
706,1,1,11.734000000000037,,13518,"[954, 270]",False,,True,-1.0,False,medium,False,"[[852, 24], [1032, 456], [816, 618]]",,"[[528, 252]]",,0.43957174805155164,0.2536310607659046
707,1,1,11.750999999999976,,13518,"[954, 270]",False,,True,-1.0,False,medium,False,"[[846, 18], [1026, 450], [810, 612]]",,"[[522, 246]]",,0.43957174805155164,0.2536310607659046
708,1,1,11.767000000000053,,13518,"[954, 270]",False,,True,-1.0,False,medium,False,"[[840, 12], [1020, 444], [804, 606]]",,"[[516, 240]]",,0.44094303922800515,0.2570575064885371
709,1,1,11.783000000000015,,13518,"[954, 270]",False,,True,-1.0,False,medium,False,"[[834, 6], [1014, 438], [798, 600]]",,"[[510, 234]]",,0.44094303922800515,0.2570575064885371
710,1,1,11.798999999999978,,13518,"[954, 270]",False,,True,-1.0,False,medium,False,"[[828, 0], [1008, 432], [792, 594]]",,"[[504, 228]]",,0.4409349383923333,0.257139257493063
711,1,1,11.816000000000031,,13518,"[954, 270]",False,,True,-1.0,False,medium,False,"[[1002, 426], [786, 588]]",,"[[498, 222]]",,0.4409349383923333,0.257139257493063
712,1,1,11.83400000000006,,13518,"[954, 270]",False,Left,True,-1.0,False,medium,False,"[[996, 420], [780, 582]]",,"[[498, 216]]",,0.44149058001952246,0.26028988007184795
713,1,1,11.850000000000023,,13518,"[954, 270]",False,Left,True,-1.0,False,medium,False,"[[996, 414], [780, 576]]",,"[[498, 210]]",,0.44182826087198634,0.2609366503777033
714,1,1,11.866999999999962,,13518,"[954, 270]",False,Left,True,-1.0,False,medium,False,"[[996, 408], [780, 570]]",,"[[498, 204]]",,0.41309398358232013,0.3374199139022641
715,1,1,11.884000000000015,,13518,"[954, 270]",False,Left,True,-1.0,False,medium,False,"[[996, 402], [780, 564]]",,"[[498, 198]]",,0.41309398358232013,0.3374199139022641
716,1,1,11.899999999999977,,13518,"[954, 270]",False,Left,True,-1.0,False,medium,False,"[[996, 396], [780, 558]]",,"[[498, 192]]",,0.4422253650869127,0.26826841604234697
717,1,1,11.91700000000003,,13518,"[954, 270]",False,Left,True,-1.0,False,medium,False,"[[996, 390], [780, 552]]",,"[[498, 186]]",,0.44205287386650377,0.2688397359471444
718,1,1,11.933999999999969,,13518,"[954, 270]",False,Left,True,-1.0,False,medium,False,"[[996, 384], [780, 546]]",,"[[498, 180]]",,0.4491523568089404,0.2687720451278235
719,1,1,11.951000000000022,,13518,"[954, 270]",False,Left,True,-1.0,False,medium,False,"[[996, 378], [780, 540]]",,"[[498, 174]]",,0.4491523568089404,0.2687720451278235
720,1,1,11.966999999999985,,13518,"[954, 270]",False,,True,-1.0,False,medium,False,"[[996, 372], [780, 534]]",,"[[492, 168]]",,0.45190407282057093,0.27434095775944534
721,1,1,11.984000000000037,,13518,"[954, 270]",False,,True,-1.0,False,medium,False,"[[990, 366], [774, 528]]",,"[[486, 162]]",,0.45190407282057093,0.27434095775944534
722,1,1,12.0,,13518,"[954, 270]",False,,True,-1.0,False,medium,False,"[[984, 360], [768, 522]]",,"[[480, 156]]",,0.4527404920027024,0.2768736265956474
723,1,1,12.017000000000053,,13518,"[954, 270]",False,,True,-1.0,False,medium,False,"[[978, 354], [762, 516]]",,"[[474, 150]]",,0.45308553012970815,0.27733606518872367
724,1,1,12.033000000000015,,13518,"[954, 270]",False,,True,-1.0,False,medium,False,"[[972, 348], [756, 510]]",,"[[468, 144]]",,0.45240796456048277,0.27857809614210416
725,1,1,12.050000000000068,,13518,"[954, 270]",False,Left,True,-1.0,False,medium,False,"[[966, 342], [750, 504]]",,"[[468, 138]]",,0.45240796456048277,0.27857809614210416
726,1,1,12.067000000000007,,13518,"[954, 270]",False,Left,True,-1.0,False,medium,False,"[[966, 336], [750, 498]]",,"[[468, 132]]",,0.45225306795358955,0.2805947929133604
727,1,1,12.08400000000006,,13518,"[954, 270]",False,Left,True,-1.0,False,medium,False,"[[966, 330], [750, 492]]",,"[[468, 126]]",,0.45225306795358955,0.2805947929133604
728,1,1,12.100999999999999,,13518,"[954, 270]",False,Left,True,-1.0,False,medium,False,"[[966, 324], [750, 486]]",,"[[468, 120]]",,0.4519399738247035,0.28308705657360156
729,1,1,12.118000000000052,,13518,"[954, 270]",False,Left,True,-1.0,False,medium,False,"[[966, 318], [750, 480]]",,"[[468, 114]]",,0.45234312076482974,0.28504390525182743
730,1,1,12.134999999999991,,13518,"[954, 270]",False,Left,True,-1.0,False,medium,False,"[[966, 312], [750, 474]]",,"[[468, 108]]",,0.45202069777734294,0.2859044854668795
731,1,1,12.151000000000067,,13518,"[954, 270]",False,Left,True,-1.0,False,medium,False,"[[966, 306], [750, 468]]",,"[[468, 102]]",,0.45202069777734294,0.2859044854668795
732,1,1,12.168000000000006,,13518,"[954, 270]",False,Left,True,-1.0,False,medium,False,"[[966, 300], [750, 462]]",,"[[468, 96]]",,0.4520104668222415,0.2874533107166477
733,1,1,12.18500000000006,,13518,"[954, 270]",False,Left,True,-1.0,False,medium,False,"[[966, 294], [750, 456]]",,"[[468, 90]]",,0.4520104668222415,0.2874533107166477
734,1,1,12.201999999999998,,13518,"[954, 270]",True,Left,True,-1.0,False,medium,False,"[[966, 288], [750, 450]]",,"[[468, 84]]",,0.4520820987785851,0.2883269364272043
735,1,1,13.870999999999981,,13518,"[954, 270]",True,Left,True,-1.0,False,medium,False,"[[966, 282], [750, 444]]",,"[[468, 84]]",6,0.4646076906804004,0.215261757178958
