,trial,attempt,time_played,time_tag,level_size_y,player_pos,collision,current_input,drift_enabled,current_drift,level_done,input_noise_magnitude,input_noise_on,visible_obstacles,adjacent_wall_tiles_x_pos,visible_drift_tiles,SoC,gaze_x,gaze_y
0,3,1,0.0,,13518,"[954, -86]",False,,True,0.0,False,medium,False,[],,[],,0.46983468462565137,0.1337234203484864
1,3,1,0.018000000000029104,,13518,"[954, -82]",False,,True,0.0,False,medium,False,[],,[],,0.4688287406722226,0.1254357751584274
2,3,1,0.033999999999991815,,13518,"[954, -78]",False,,True,0.0,False,medium,False,[],,[],,0.4688287406722226,0.1254357751584274
3,3,1,0.051000000000044565,,13518,"[954, -74]",False,,True,0.0,False,medium,False,[],,[],,0.4693390360021624,0.12500511129045755
4,3,1,0.06799999999998363,,13518,"[954, -70]",False,,True,0.0,False,medium,False,[],,[],,0.4693390360021624,0.12500511129045755
5,3,1,0.08500000000003638,,13518,"[954, -66]",False,,True,0.0,False,medium,False,[],,[],,0.4529728396022191,0.10437238681420513
6,3,1,0.10199999999997544,,13518,"[954, -62]",False,,True,0.0,False,medium,False,[],,[],,0.4529728396022191,0.10437238681420513
7,3,1,0.1190000000000282,,13518,"[954, -58]",False,,True,0.0,False,medium,False,[],,[],,0.3859602725392043,-0.011281478656676835
8,3,1,0.1349999999999909,,13518,"[954, -54]",False,,True,0.0,False,medium,False,[],,[],,0.3859602725392043,-0.011281478656676835
9,3,1,0.15099999999995362,,13518,"[954, -50]",False,,True,0.0,False,medium,False,[],,[],,0.40740577970562286,-0.11217229172738485
10,3,1,0.16800000000000637,,13518,"[954, -46]",False,,True,0.0,False,medium,False,[],,[],,0.40740577970562286,-0.11217229172738485
11,3,1,0.18399999999996908,,13518,"[954, -42]",False,,True,0.0,False,medium,False,[],,[],,0.4068101157440502,-0.1112675443993767
12,3,1,0.20100000000002183,,13518,"[954, -38]",False,,True,0.0,False,medium,False,[],,[],,0.4068101157440502,-0.1112675443993767
13,3,1,0.21899999999993724,,13518,"[954, -34]",False,,True,0.0,False,medium,False,[],,[],,0.4474578206930618,0.0963630453946821
14,3,1,0.2340000000000373,,13518,"[954, -30]",False,,True,0.0,False,medium,False,[],,[],,0.4474578206930618,0.0963630453946821
15,3,1,0.25,,13518,"[954, -26]",False,,True,0.0,False,medium,False,[],,[],,0.3883113790058642,-0.007086702467434813
16,3,1,0.26699999999993906,,13518,"[954, -22]",False,,True,0.0,False,medium,False,[],,[],,0.3883113790058642,-0.007086702467434813
17,3,1,0.2839999999999918,,13518,"[954, -18]",False,,True,0.0,False,medium,False,[],,[],,0.3999167483616579,-0.12450999886059444
18,3,1,0.2999999999999545,,13518,"[954, -14]",False,,True,0.0,False,medium,False,[],,[],,0.3999167483616579,-0.12450999886059444
19,3,1,0.3170000000000073,,13518,"[954, -10]",False,,True,0.0,False,medium,False,[],,[],,0.3739540818954016,-0.020552113341156808
20,3,1,0.33299999999997,,13518,"[954, -6]",False,,True,0.0,False,medium,False,[],,[],,0.3739540818954016,-0.020552113341156808
21,3,1,0.35000000000002274,,13518,"[954, -2]",False,,True,0.0,False,medium,False,[],,[],,0.389898345355337,0.05604045856776574
22,3,1,0.36599999999998545,,13518,"[954, 2]",False,,True,0.0,False,medium,False,[],,[],,0.389898345355337,0.05604045856776574
23,3,1,0.3830000000000382,,13518,"[954, 6]",False,,True,0.0,False,medium,False,[],,[],,0.4822872000269598,-0.093144803997109
24,3,1,0.39999999999997726,,13518,"[954, 10]",False,,True,0.0,False,medium,False,[],,[],,0.4822872000269598,-0.093144803997109
25,3,1,0.41700000000003,,13518,"[954, 14]",False,,True,0.0,False,medium,False,[],,[],,0.49575078614056933,-0.09716350358997916
26,3,1,0.4339999999999691,,13518,"[954, 18]",False,,True,0.0,False,medium,False,[],,[],,0.49575078614056933,-0.09716350358997916
27,3,1,0.4500000000000455,,13518,"[954, 22]",False,,True,0.0,False,medium,False,[],,[],,0.460425719856123,0.32526613712652963
28,3,1,0.4660000000000082,,13518,"[954, 26]",False,,True,0.0,False,medium,False,[],,[],,0.460425719856123,0.32526613712652963
29,3,1,0.48299999999994725,,13518,"[954, 30]",False,,True,0.0,False,medium,False,[],,[],,0.4568873804644154,0.361867817142582
30,3,1,0.5,,13518,"[954, 34]",False,,True,0.0,False,medium,False,[],,[],,0.4568873804644154,0.361867817142582
31,3,1,0.5159999999999627,,13518,"[954, 38]",False,,True,0.0,False,medium,False,[],,[],,0.4158434058995636,0.32386690716542854
32,3,1,0.5330000000000155,,13518,"[954, 42]",False,,True,0.0,False,medium,False,[],,[],,0.4164219634108227,0.3200295682744688
33,3,1,0.5489999999999782,,13518,"[954, 46]",False,,True,0.0,False,medium,False,[],,[],,0.4172508534874601,0.3106416350487101
34,3,1,0.5660000000000309,,13518,"[954, 50]",False,,True,0.0,False,medium,False,[],,[],,0.4172508534874601,0.3106416350487101
35,3,1,0.58299999999997,,13518,"[954, 54]",False,,True,0.0,False,medium,False,[],,[],,0.41649690013687657,0.301842812474426
36,3,1,0.6000000000000227,,13518,"[954, 58]",False,,True,0.0,False,medium,False,[],,[],,0.41649690013687657,0.301842812474426
37,3,1,0.6179999999999382,,13518,"[954, 62]",False,,True,0.0,False,medium,False,[],,[],,0.41535648601416186,0.30002996325225517
38,3,1,0.6340000000000146,,13518,"[954, 66]",False,,True,0.0,False,medium,False,[],,[],,0.41544441944946353,0.30041378560983256
39,3,1,0.6509999999999536,,13518,"[954, 70]",False,,True,0.0,False,medium,False,[],,[],,0.41476906951328774,0.3022425157004799
40,3,1,0.6680000000000064,,13518,"[954, 74]",False,,True,0.0,False,medium,False,[],,[],,0.41476906951328774,0.3022425157004799
41,3,1,0.6849999999999454,,13518,"[954, 78]",False,,True,0.0,False,medium,False,[],,[],,0.4123297929309169,0.25261118431807794
42,3,1,0.7019999999999982,,13518,"[954, 82]",False,,True,0.0,False,medium,False,[],,[],,0.40888237488859663,0.21225734205459945
43,3,1,0.7189999999999372,,13518,"[954, 86]",False,,True,0.0,False,medium,False,[],,[],,0.40932248794820136,0.11120957715242286
44,3,1,0.7350000000000136,,13518,"[954, 90]",False,,True,0.0,False,medium,False,[],,[],,0.40932248794820136,0.11120957715242286
45,3,1,0.7519999999999527,,13518,"[954, 94]",False,,True,0.0,False,medium,False,[],,[],,0.4044015336415178,0.00637857758037863
46,3,1,0.7690000000000055,,13518,"[954, 98]",False,,True,0.0,False,medium,False,[],,[],,0.4044015336415178,0.00637857758037863
47,3,1,0.7859999999999445,,13518,"[954, 102]",False,,True,0.0,False,medium,False,[],,[],,0.4021501249965139,0.01509780698955665
48,3,1,0.8029999999999973,,13518,"[954, 106]",False,,True,0.0,False,medium,False,[],,[],,0.4021501249965139,0.01509780698955665
49,3,1,0.8199999999999363,,13518,"[954, 110]",False,,True,0.0,False,medium,False,[],,[],,0.4068233723534555,-0.05077433871723547
50,3,1,0.8369999999999891,,13518,"[954, 114]",False,,True,0.0,False,medium,False,[],,[],,0.4068233723534555,-0.05077433871723547
51,3,1,0.8540000000000418,,13518,"[954, 118]",False,,True,0.0,False,medium,False,[],,[],,0.4502748317868222,0.07598026178480521
52,3,1,0.8700000000000045,,13518,"[954, 122]",False,,True,0.0,False,medium,False,[],,[],,0.4502748317868222,0.07598026178480521
53,3,1,0.8869999999999436,,13518,"[954, 126]",False,,True,0.0,False,medium,False,[],,[],,0.38275027712958354,-0.03216127255544032
54,3,1,0.90300000000002,,13518,"[954, 130]",False,,True,0.0,False,medium,False,[],,[],,0.38275027712958354,-0.03216127255544032
55,3,1,0.9189999999999827,,13518,"[954, 134]",False,,True,0.0,False,medium,False,[],,[],,0.39970246574516205,-0.016488080057774246
56,3,1,0.9360000000000355,,13518,"[954, 138]",False,,True,0.0,False,medium,False,[],,[],,0.39970246574516205,-0.016488080057774246
57,3,1,0.9529999999999745,,13518,"[954, 142]",False,,True,0.0,False,medium,False,[],,[],,0.39692764148736115,-0.16246347392907468
58,3,1,0.9689999999999372,,13518,"[954, 146]",False,,True,0.0,False,medium,False,[],,[],,0.39692764148736115,-0.16246347392907468
59,3,1,0.9850000000000136,,13518,"[954, 150]",False,,True,0.0,False,medium,False,[],,[],,0.44811196693723804,0.08280507113976954
60,3,1,1.0019999999999527,,13518,"[954, 154]",False,,True,0.0,False,medium,False,[],,[],,0.44811196693723804,0.08280507113976954
61,3,1,1.018000000000029,,13518,"[954, 158]",False,,True,0.0,False,medium,False,[],,[],,0.4053298309335213,-0.2463771740192695
62,3,1,1.0339999999999918,,13518,"[954, 162]",False,,True,0.0,False,medium,False,[],,[],,0.4053298309335213,-0.2463771740192695
63,3,1,1.0499999999999545,,13518,"[954, 166]",False,,True,0.0,False,medium,False,[],,[],,0.39832718481579493,-0.053096327269833044
64,3,1,1.066000000000031,,13518,"[954, 170]",False,,True,0.0,False,medium,False,[],,[],,0.39832718481579493,-0.053096327269833044
65,3,1,1.08299999999997,,13518,"[954, 174]",False,,True,0.0,False,medium,False,[],,[],,0.45131977889517144,0.08892974998377257
66,3,1,1.0989999999999327,,13518,"[954, 178]",False,,True,0.0,False,medium,False,[],,[],,0.45131977889517144,0.08892974998377257
67,3,1,1.115000000000009,,13518,"[954, 182]",False,,True,0.0,False,medium,False,[],,[],,0.48179560778241337,0.191067070046259
68,3,1,1.1319999999999482,,13518,"[954, 186]",False,,True,0.0,False,medium,False,[],,[],,0.48179560778241337,0.191067070046259
69,3,1,1.149000000000001,,13518,"[954, 190]",False,,True,0.0,False,medium,False,[],,[],,0.4108819589585394,-0.12368314768855138
70,3,1,1.1649999999999636,,13518,"[954, 194]",False,,True,0.0,False,medium,False,[],,[],,0.3842186511835502,0.02842201248583409
71,3,1,1.1829999999999927,,13518,"[954, 198]",False,,True,0.0,False,medium,False,[],,[],,0.3627337458074621,0.015470318972415353
72,3,1,1.1989999999999554,,13518,"[954, 202]",False,,True,0.0,False,medium,False,[],,[],,0.3627337458074621,0.015470318972415353
73,3,1,1.2160000000000082,,13518,"[954, 206]",False,,True,0.0,False,medium,False,[],,[],,0.43009618681674266,0.17425926364831434
74,3,1,1.2329999999999472,,13518,"[954, 210]",False,,True,0.0,False,medium,False,[],,[],,0.46880314492916614,0.010478815751122306
75,3,1,1.25,,13518,"[954, 214]",False,,True,0.0,False,medium,False,[],,[],,0.43724687157871234,-0.10384856595625513
76,3,1,1.266999999999939,,13518,"[954, 218]",False,,True,0.0,False,medium,False,[],,[],,0.43724687157871234,-0.10384856595625513
77,3,1,1.2830000000000155,,13518,"[954, 222]",False,,True,0.0,False,medium,False,[],,[],,0.5182974616382473,0.2539194147089
78,3,1,1.2999999999999545,,13518,"[954, 226]",False,,True,0.0,False,medium,False,[],,[],,0.5161755364265249,0.26087050896821684
79,3,1,1.3170000000000073,,13518,"[954, 230]",False,,True,0.0,False,medium,False,[],,[],,0.5139411849859986,0.26864469579643613
80,3,1,1.3339999999999463,,13518,"[954, 234]",False,,True,0.0,False,medium,False,[],,[],,0.4465239844858819,0.25017886407174184
81,3,1,1.350999999999999,,13518,"[954, 238]",False,,True,0.0,False,medium,False,[],,[],,0.43533984878327675,0.2354477155171376
82,3,1,1.3679999999999382,,13518,"[954, 242]",False,,True,0.0,False,medium,False,[],,[],,0.43534680626939704,0.2348954878441083
83,3,1,1.384999999999991,,13518,"[954, 246]",False,,True,0.0,False,medium,False,[],,[],,0.4345566480343342,0.23228545917806775
84,3,1,1.4020000000000437,,13518,"[954, 250]",False,,True,0.0,False,medium,False,[],,[],,0.4345566480343342,0.23228545917806775
85,3,1,1.4180000000000064,,13518,"[954, 254]",False,,True,0.0,False,medium,False,[],,[],,0.4339500831346276,0.23108884726977263
86,3,1,1.4349999999999454,,13518,"[954, 258]",False,,True,0.0,False,medium,False,[],,[],,0.43527756164071807,0.23238856665414054
87,3,1,1.4519999999999982,,13518,"[954, 262]",False,,True,0.0,False,medium,False,[],,[],,0.43465679531298507,0.23337586723864412
88,3,1,1.4689999999999372,,13518,"[954, 266]",False,,True,0.0,False,medium,False,[],,[],,0.43465679531298507,0.23337586723864412
89,3,1,1.48599999999999,,13518,"[954, 270]",False,,True,0.0,False,medium,False,[],,[],,0.4349021875284701,0.23201216214095366
90,3,1,1.5019999999999527,,13518,"[954, 270]",False,,True,0.0,False,medium,False,[],,[],,0.43460923377282484,0.23242115560214005
91,3,1,1.5190000000000055,,13518,"[954, 270]",False,,True,0.0,False,medium,False,[],,[],,0.4327269816326266,0.23288080719023896
92,3,1,1.5359999999999445,,13518,"[954, 270]",False,,True,0.0,False,medium,False,[],,[],,0.4331951501212007,0.23322654765466844
93,3,1,1.552000000000021,,13518,"[954, 270]",False,,True,0.0,False,medium,False,[],,[],,0.4407394955469048,0.26197848533293244
94,3,1,1.56899999999996,,13518,"[954, 270]",False,,True,0.0,False,medium,False,[],,[],,0.43604222095065326,-0.040405034125063466
95,3,1,1.586999999999989,,13518,"[954, 270]",False,,True,0.0,False,medium,False,[],,[],,0.4385365790989174,0.2813455749579148
96,3,1,1.6029999999999518,,13518,"[954, 270]",False,,True,0.0,False,medium,False,[],,[],,0.4385365790989174,0.2813455749579148
97,3,1,1.6200000000000045,,13518,"[954, 270]",False,,True,0.0,False,medium,False,[],,[],,0.4383517554665096,0.2835236538543092
98,3,1,1.6359999999999673,,13518,"[954, 270]",False,,True,0.0,False,medium,False,[],,[],,0.4383517554665096,0.2835236538543092
99,3,1,1.65300000000002,,13518,"[954, 270]",False,,True,0.0,False,medium,False,[],,[],,0.43905428016486703,0.2867327212719204
100,3,1,1.6689999999999827,,13518,"[954, 270]",False,,True,0.0,False,medium,False,[],,[],,0.4438729682344723,0.2948189715305257
101,3,1,1.6860000000000355,,13518,"[954, 270]",False,,True,0.0,False,medium,False,[],,[],,0.44531609238178743,0.2958363904884952
102,3,1,1.7029999999999745,,13518,"[954, 270]",False,,True,0.0,False,medium,False,[],,[],,0.4457153795770593,0.29587132795138693
103,3,1,1.7200000000000273,,13518,"[954, 270]",False,,True,0.0,False,medium,False,[],,[],,0.44689446276151285,0.30001439913158034
104,3,1,1.7369999999999663,,13518,"[954, 270]",False,,True,0.0,False,medium,False,[],,[],,0.44688930719089176,0.30125043145051733
105,3,1,1.754000000000019,,13518,"[954, 270]",False,,True,0.0,False,medium,False,[],,[],,0.4462571024831159,0.3031652307677297
106,3,1,1.7709999999999582,,13518,"[954, 270]",False,,True,0.0,False,medium,False,[],,[],,0.4449733515031255,0.3032926836951595
107,3,1,1.7870000000000346,,13518,"[954, 270]",False,,True,0.0,False,medium,False,[],,[],,0.44455160024920576,0.3059113572735487
108,3,1,1.8039999999999736,,13518,"[954, 270]",False,,True,0.0,False,medium,False,[],,[],,0.44455160024920576,0.3059113572735487
109,3,1,1.8210000000000264,,13518,"[954, 270]",False,,True,0.0,False,medium,False,[],,[],,0.4918835868784316,-0.04036416287272315
110,3,1,1.8379999999999654,,13518,"[954, 270]",False,,True,0.0,False,medium,False,[],,[],,0.4918835868784316,-0.04036416287272315
111,3,1,1.8550000000000182,,13518,"[954, 270]",False,,True,0.0,False,medium,False,[],,[],,0.4680803526347666,0.3701237921335868
112,3,1,1.8719999999999573,,13518,"[954, 270]",False,,True,0.0,False,medium,False,[],,[],,0.4680803526347666,0.3701237921335868
113,3,1,1.88900000000001,,13518,"[954, 270]",False,,True,0.0,False,medium,False,[],,[],,0.46754747742243036,0.37573758628297727
114,3,1,1.905999999999949,,13518,"[954, 270]",False,,True,0.0,False,medium,False,[],,[],,0.46754747742243036,0.37573758628297727
115,3,1,1.9220000000000255,,13518,"[954, 270]",False,,True,0.0,False,medium,False,[],,[],,0.4394744213214323,0.3084815164541951
116,3,1,1.9379999999999882,,13518,"[954, 270]",False,,True,0.0,False,medium,False,[],,[],,0.43744988858819556,0.22752789183176925
117,3,1,1.955000000000041,,13518,"[954, 270]",False,,True,0.0,False,medium,False,[],,[],,0.43930300634676145,0.2236035120933888
118,3,1,1.97199999999998,,13518,"[954, 270]",False,,True,0.0,False,medium,False,[],,[],,0.43991507101292593,0.22255540648397254
119,3,1,1.9890000000000327,,13518,"[954, 270]",False,,True,0.0,False,medium,False,[],,[],,0.44057330439265197,0.2185383471808019
120,3,1,2.005999999999972,,13518,"[954, 270]",False,,True,0.0,False,medium,False,[],,[],,0.44057330439265197,0.2185383471808019
121,3,1,2.0230000000000246,,13518,"[954, 270]",False,,True,0.0,False,medium,False,[],,[],,0.44165307100513324,0.21633916268898823
122,3,1,2.0389999999999873,,13518,"[954, 270]",False,,True,0.0,False,medium,False,[],,[],,0.4433895383612751,0.22224207461675383
123,3,1,2.05600000000004,,13518,"[954, 270]",False,,True,0.0,False,medium,False,[],,[],,0.4431532870197253,0.2310977429856198
124,3,1,2.072999999999979,,13518,"[954, 270]",False,,True,0.0,False,medium,False,[],,[],,0.4431532870197253,0.2310977429856198
125,3,1,2.088999999999942,,13518,"[954, 270]",False,,True,0.0,False,medium,False,[],,[],,0.44257792619041264,0.2338673035290284
126,3,1,2.1059999999999945,,13518,"[954, 270]",False,,True,0.0,False,medium,False,[],,[],,0.44356198628993565,0.23885125912186378
127,3,1,2.1229999999999336,,13518,"[954, 270]",False,,True,0.0,False,medium,False,[],,[],,0.44354046800683006,0.24081437057540866
128,3,1,2.1399999999999864,,13518,"[954, 270]",False,,True,0.0,False,medium,False,[],,[],,0.4436149231245432,0.24179424740972655
129,3,1,2.1580000000000155,,13518,"[954, 270]",False,,True,0.0,False,medium,False,[],,[],,0.4448028592504724,0.2474140656657735
130,3,1,2.1749999999999545,,13518,"[954, 270]",False,,True,0.0,False,medium,False,[],,[],,0.4448028592504724,0.2474140656657735
131,3,1,2.1929999999999836,,13518,"[954, 270]",False,,True,0.0,False,medium,False,[],,[],,0.4446331514804155,0.25178824976860625
132,3,1,2.2089999999999463,,13518,"[954, 270]",False,,True,0.0,False,medium,False,[],,[],,0.4442657835176499,0.2529339936324032
133,3,1,2.2250000000000227,,13518,"[954, 270]",False,,True,0.0,False,medium,False,[],,[],,0.4424033816975507,0.25743931503955575
134,3,1,2.241999999999962,,13518,"[954, 270]",False,,True,0.0,False,medium,False,[],,[],,0.4424033816975507,0.25743931503955575
135,3,1,2.2590000000000146,,13518,"[954, 270]",False,,True,0.0,False,medium,False,[],,[],,0.4424033816975507,0.25743931503955575
136,3,1,2.2759999999999536,,13518,"[954, 270]",False,,True,0.0,False,medium,False,[],,[],,0.44141962208776075,0.26046486060710494
137,3,1,2.2930000000000064,,13518,"[954, 270]",False,,True,0.0,False,medium,False,[],,[],,0.44188766224096876,0.26426984322754865
138,3,1,2.308999999999969,,13518,"[954, 270]",False,,True,0.0,False,medium,False,[],,[],,0.44188766224096876,0.26426984322754865
139,3,1,2.326000000000022,,13518,"[954, 270]",False,,True,0.0,False,medium,False,[],,[],,0.442653838287775,0.2694225579311077
140,3,1,2.342999999999961,,13518,"[954, 270]",False,,True,0.0,False,medium,False,[],,[],,0.4427977702549475,0.27078205951296275
141,3,1,2.3590000000000373,,13518,"[954, 270]",False,,True,0.0,False,medium,False,[],,[],,0.44326636236965317,0.27347545394447914
142,3,1,2.3759999999999764,,13518,"[954, 270]",False,,True,0.0,False,medium,False,[],,[],,0.44326636236965317,0.27347545394447914
143,3,1,2.391999999999939,,13518,"[954, 270]",False,,True,0.0,False,medium,False,[],,[],,0.4433149179066664,0.27636799042214677
144,3,1,2.408999999999992,,13518,"[954, 270]",False,,True,0.0,False,medium,False,[],,[],,0.4432335562997115,0.2774157043954404
145,3,1,2.4260000000000446,,13518,"[954, 270]",False,,True,0.0,False,medium,False,[],,[],,0.4432021509388357,0.2795575694821354
146,3,1,2.4429999999999836,,13518,"[954, 270]",False,,True,0.0,False,medium,False,[],,[],,0.4432021509388357,0.2795575694821354
147,3,1,2.4600000000000364,,13518,"[954, 270]",False,,True,0.0,False,medium,False,[],,[],,0.44362822608106933,0.28096479883521297
148,3,1,2.475999999999999,,13518,"[954, 270]",False,,True,0.0,False,medium,False,[],,[],,0.4436090285201376,0.2820931918952527
149,3,1,2.492999999999938,,13518,"[954, 270]",False,,True,0.0,False,medium,False,[],,[],,0.4433181799647728,0.2868718688924232
150,3,1,2.509999999999991,,13518,"[954, 270]",False,,True,0.0,False,medium,False,[],,[],,0.4433181799647728,0.2868718688924232
151,3,1,2.5259999999999536,,13518,"[954, 270]",False,,True,0.0,False,medium,False,[],,[],,0.4428383625097446,0.29134359674167476
152,3,1,2.5430000000000064,,13518,"[954, 270]",False,,True,0.0,False,medium,False,"[[864, 810]]",,[],,0.4428383625097446,0.29134359674167476
153,3,1,2.558999999999969,,13518,"[954, 270]",False,,True,0.0,False,medium,False,"[[864, 804]]",,[],,0.4390674384991273,-0.06427143558730553
154,3,1,2.576000000000022,,13518,"[954, 270]",False,,True,0.0,False,medium,False,"[[864, 798]]",,[],,0.46423317871741565,0.35727658168617893
155,3,1,2.591000000000008,,13518,"[954, 270]",False,,True,0.0,False,medium,False,"[[864, 792]]",,[],,0.4403375385507714,0.2912358160728855
156,3,1,2.6079999999999472,,13518,"[954, 270]",False,,True,0.0,False,medium,False,"[[864, 786]]",,[],,0.4403375385507714,0.2912358160728855
157,3,1,2.625,,13518,"[954, 270]",False,,True,0.0,False,medium,False,"[[864, 780]]",,[],,0.41738318584717665,-0.06662453939658919
158,3,1,2.6409999999999627,,13518,"[954, 270]",False,,True,0.0,False,medium,False,"[[864, 774]]",,[],,0.41738318584717665,-0.06662453939658919
159,3,1,2.6580000000000155,,13518,"[954, 270]",False,,True,0.0,False,medium,False,"[[864, 768]]",,[],,0.42391628879541654,-0.06804810986411858
160,3,1,2.673999999999978,,13518,"[954, 270]",False,,True,0.0,False,medium,False,"[[864, 762]]",,[],,0.4192632924058966,-0.06994535859136142
161,3,1,2.691000000000031,,13518,"[954, 270]",False,,True,0.0,False,medium,False,"[[864, 756]]",,[],,0.41511416875927887,-0.0803705289028167
162,3,1,2.7069999999999936,,13518,"[954, 270]",False,,True,0.0,False,medium,False,"[[864, 750]]",,[],,0.41511416875927887,-0.0803705289028167
163,3,1,2.7229999999999563,,13518,"[954, 270]",False,,True,0.0,False,medium,False,"[[864, 744]]",,[],,0.42083729676998993,-0.07270903548203123
164,3,1,2.740000000000009,,13518,"[954, 270]",False,,True,0.0,False,medium,False,"[[864, 738]]",,[],,0.4158538202236445,-0.07402250096543583
165,3,1,2.755999999999972,,13518,"[954, 270]",False,,True,0.0,False,medium,False,"[[864, 732]]",,[],,0.4660811710077654,0.3633535240875402
166,3,1,2.7719999999999345,,13518,"[954, 270]",False,,True,0.0,False,medium,False,"[[864, 726]]",,[],,0.465983609890643,0.36365290329664446
167,3,1,2.7889999999999873,,13518,"[954, 270]",False,,True,0.0,False,medium,False,"[[864, 720]]",,[],,0.46567685099543965,0.36448273192200265
168,3,1,2.80600000000004,,13518,"[954, 270]",False,,True,0.0,False,medium,False,"[[864, 714]]",,[],,0.4176218992086002,-0.07712988100157925
169,3,1,2.822999999999979,,13518,"[954, 270]",False,,True,0.0,False,medium,False,"[[864, 708]]",,[],,0.42330280445182905,-0.06934351404615668
170,3,1,2.840000000000032,,13518,"[954, 270]",False,,True,0.0,False,medium,False,"[[864, 702]]",,[],,0.46616655110776445,-0.1066156211589695
171,3,1,2.856999999999971,,13518,"[954, 270]",False,,True,0.0,False,medium,False,"[[864, 696]]",,[],,0.46672172463576,0.36813620710847217
172,3,1,2.8729999999999336,,13518,"[954, 270]",False,,True,0.0,False,medium,False,"[[864, 690]]",,[],,0.46876173686143563,0.3701947501721172
173,3,1,2.8899999999999864,,13518,"[954, 270]",False,,True,0.0,False,medium,False,"[[864, 684]]",,[],,0.4390066310397917,0.27054391752448603
174,3,1,2.907000000000039,,13518,"[954, 270]",False,,True,0.0,False,medium,False,"[[864, 678]]",,[],,0.439521999633008,0.27024055482312104
175,3,1,2.923999999999978,,13518,"[954, 270]",False,,True,0.0,False,medium,False,"[[864, 672]]",,[],,0.4395610009293822,0.2689158915898927
176,3,1,2.941000000000031,,13518,"[954, 270]",False,,True,0.0,False,medium,False,"[[864, 666]]",,[],,0.45554883167774374,-0.08382223534550226
177,3,1,2.95799999999997,,13518,"[954, 270]",False,,True,0.0,False,medium,False,"[[864, 660]]",,[],,0.42257271415157954,-0.08567876612622327
178,3,1,2.9750000000000227,,13518,"[954, 270]",False,,True,0.0,False,medium,False,"[[864, 654]]",,[],,0.42257271415157954,-0.08567876612622327
179,3,1,2.991999999999962,,13518,"[954, 270]",False,,True,0.0,False,medium,False,"[[864, 648]]",,[],,0.4591435072222838,0.3389259275856351
180,3,1,3.0090000000000146,,13518,"[954, 270]",False,,True,0.0,False,medium,False,"[[864, 642]]",,[],,0.4612231713213646,0.3399171584413875
181,3,1,3.0249999999999773,,13518,"[954, 270]",False,,True,0.0,False,medium,False,"[[864, 636]]",,[],,0.4416181296937614,0.27938598279422433
182,3,1,3.04099999999994,,13518,"[954, 270]",False,,True,0.0,False,medium,False,"[[864, 630], [954, 810]]",,[],,0.42332816870626877,-0.08699114253590023
183,3,1,3.0579999999999927,,13518,"[954, 270]",False,,True,0.0,False,medium,False,"[[864, 624], [954, 804]]",,[],,0.4309619547456792,-0.08269583962099358
184,3,1,3.0739999999999554,,13518,"[954, 270]",False,,True,0.0,False,medium,False,"[[864, 618], [954, 798]]",,[],,0.4309619547456792,-0.08269583962099358
185,3,1,3.091000000000008,,13518,"[954, 270]",False,,True,0.0,False,medium,False,"[[864, 612], [954, 792]]",,[],,0.46121092433951166,0.3462097852878041
186,3,1,3.106999999999971,,13518,"[954, 270]",False,,True,0.0,False,medium,False,"[[864, 606], [954, 786]]",,[],,0.4610943674781506,0.34809555463048036
187,3,1,3.1240000000000236,,13518,"[954, 270]",False,,True,0.0,False,medium,False,"[[864, 600], [954, 780]]",,[],,0.46086400423418616,0.34901440577052756
188,3,1,3.1399999999999864,,13518,"[954, 270]",False,,True,0.0,False,medium,False,"[[864, 594], [954, 774]]",,[],,0.4604330911652136,0.34984313131593925
189,3,1,3.157000000000039,,13518,"[954, 270]",False,,True,0.0,False,medium,False,"[[864, 588], [954, 768]]",,[],,0.4604330911652136,0.34984313131593925
190,3,1,3.1720000000000255,,13518,"[954, 270]",False,,True,0.0,False,medium,False,"[[864, 582], [954, 762]]",,[],,0.45961089497602314,0.35022372396275425
191,3,1,3.1889999999999645,,13518,"[954, 270]",False,,True,0.0,False,medium,False,"[[864, 576], [954, 756]]",,[],,0.45961089497602314,0.35022372396275425
192,3,1,3.205000000000041,,13518,"[954, 270]",False,,True,0.0,False,medium,False,"[[864, 570], [954, 750]]",,[],,0.4605075675509941,0.35153545371134554
193,3,1,3.2229999999999563,,13518,"[954, 270]",False,,True,0.0,False,medium,False,"[[864, 564], [954, 744]]",,[],,0.4610100038857654,0.3522340995283948
194,3,1,3.2390000000000327,,13518,"[954, 270]",False,,True,0.0,False,medium,False,"[[864, 558], [954, 738]]",,[],,0.45900044502342324,-0.092603269211605
195,3,1,3.255999999999972,,13518,"[954, 270]",False,,True,0.0,False,medium,False,"[[864, 552], [954, 732]]",,[],,0.45900044502342324,-0.092603269211605
196,3,1,3.2730000000000246,,13518,"[954, 270]",False,,True,0.0,False,medium,False,"[[864, 546], [954, 726]]",,[],,0.44829495418504584,-0.08554511155586986
197,3,1,3.2889999999999873,,13518,"[954, 270]",False,,True,0.0,False,medium,False,"[[864, 540], [954, 720]]",,[],,0.44829495418504584,-0.08554511155586986
198,3,1,3.30600000000004,,13518,"[954, 270]",False,,True,0.0,False,medium,False,"[[864, 534], [954, 714]]",,[],,0.45779179716627494,0.3555934987519087
199,3,1,3.322999999999979,,13518,"[954, 270]",False,,True,0.0,False,medium,False,"[[864, 528], [954, 708]]",,[],,0.4573626131012336,0.3559833684967306
200,3,1,3.340000000000032,,13518,"[954, 270]",False,,True,0.0,False,medium,False,"[[864, 522], [954, 702]]",,[],,0.458672722106115,0.35878738735291493
201,3,1,3.356999999999971,,13518,"[954, 270]",False,,True,0.0,False,medium,False,"[[864, 516], [954, 696]]",,[],,0.458672722106115,0.35878738735291493
202,3,1,3.3740000000000236,,13518,"[954, 270]",False,,True,0.0,False,medium,False,"[[864, 510], [954, 690]]",,[],,0.4381289882732558,0.2702549304768884
203,3,1,3.3909999999999627,,13518,"[954, 270]",False,,True,0.0,False,medium,False,"[[864, 504], [954, 684]]",,[],,0.43799344365183657,0.26794409827430643
204,3,1,3.4080000000000155,,13518,"[954, 270]",False,,True,0.0,False,medium,False,"[[864, 498], [954, 678]]",,[],,0.4632505373675073,-0.10024872991947964
205,3,1,3.423999999999978,,13518,"[954, 270]",False,,True,0.0,False,medium,False,"[[864, 492], [954, 672]]",,[],,0.4632505373675073,-0.10024872991947964
206,3,1,3.441000000000031,,13518,"[954, 270]",False,,True,0.0,False,medium,False,"[[864, 486], [954, 666]]",,[],,0.4576355335796844,0.3430416199192797
207,3,1,3.45799999999997,,13518,"[954, 270]",False,,True,0.0,False,medium,False,"[[864, 480], [954, 660]]",,[],,0.4576355335796844,0.3430416199192797
208,3,1,3.4750000000000227,,13518,"[954, 270]",False,,True,0.0,False,medium,False,"[[864, 474], [954, 654]]",,[],,0.03040467658081276,0.0814529283387283
209,3,1,3.4909999999999854,,13518,"[954, 270]",False,,True,0.0,False,medium,False,"[[864, 468], [954, 648]]",,[],,-0.014081537510490082,0.1861077696201101
210,3,1,3.508000000000038,,13518,"[954, 270]",False,Right,True,0.0,False,medium,False,"[[864, 462], [954, 642]]",,[],,0.46005956758086636,0.3467715068291869
211,3,1,3.5259999999999536,,13518,"[954, 270]",False,Right,True,0.0,False,medium,False,"[[858, 456], [948, 636]]",,[],,0.46005956758086636,0.3467715068291869
212,3,1,3.54099999999994,,13518,"[954, 270]",False,Right,True,0.0,False,medium,False,"[[852, 450], [942, 630]]",,[],,0.44615373229153094,0.2927820542148032
213,3,1,3.5579999999999927,,13518,"[954, 270]",False,Right,True,0.0,False,medium,False,"[[846, 444], [936, 624]]",,[],,0.44615373229153094,0.2927820542148032
214,3,1,3.5750000000000455,,13518,"[954, 270]",False,Right,True,0.0,False,medium,False,"[[840, 438], [930, 618]]",,[],,0.0182794981449085,0.06525066926531364
215,3,1,3.591000000000008,,13518,"[954, 270]",False,Right,True,0.0,False,medium,False,"[[834, 432], [924, 612]]",,[],,0.460709647953362,0.3514075417260544
216,3,1,3.6079999999999472,,13518,"[954, 270]",False,Right,True,0.0,False,medium,False,"[[828, 426], [918, 606]]",,[],,0.009150912522432008,0.05063545387970059
217,3,1,3.625,,13518,"[954, 270]",False,Right,True,0.0,False,medium,False,"[[822, 420], [912, 600]]",,[],,0.009150912522432008,0.05063545387970059
218,3,1,3.6409999999999627,,13518,"[954, 270]",False,Right,True,0.0,False,medium,False,"[[816, 414], [906, 594]]",,[],,0.4608476182305994,0.35282274129402125
219,3,1,3.6580000000000155,,13518,"[954, 270]",False,Right,True,0.0,False,medium,False,"[[810, 408], [900, 588]]",,[],,0.015240450412670904,0.0629991766685486
220,3,1,3.673999999999978,,13518,"[954, 270]",False,Right,True,0.0,False,medium,False,"[[804, 402], [894, 582]]",,[],,0.4610384860327531,0.3538628729148089
221,3,1,3.689999999999941,,13518,"[954, 270]",False,Right,True,0.0,False,medium,False,"[[798, 396], [888, 576]]",,[],,0.4610384860327531,0.3538628729148089
222,3,1,3.7060000000000173,,13518,"[954, 270]",False,Right,True,0.0,False,medium,False,"[[792, 390], [882, 570]]",,[],,0.4621385185537181,0.3553280021144706
223,3,1,3.7229999999999563,,13518,"[954, 270]",False,Right,True,0.0,False,medium,False,"[[786, 384], [876, 564]]",,[],,0.4621385185537181,0.3553280021144706
224,3,1,3.7390000000000327,,13518,"[954, 270]",False,Right,True,0.0,False,medium,False,"[[780, 378], [870, 558]]",,[],,0.4625779579982311,0.3584030809553037
225,3,1,3.7549999999999955,,13518,"[954, 270]",False,Right,True,0.0,False,medium,False,"[[774, 372], [864, 552]]",,[],,0.4625779579982311,0.3584030809553037
226,3,1,3.7730000000000246,,13518,"[954, 270]",False,,True,0.0,False,medium,False,"[[768, 366], [858, 546]]",,[],,0.4631411534194895,0.3615343575578738
227,3,1,3.7870000000000346,,13518,"[954, 270]",False,,True,0.0,False,medium,False,"[[768, 360], [858, 540]]",,[],,0.4631411534194895,0.3615343575578738
228,3,1,3.8029999999999973,,13518,"[954, 270]",False,,True,0.0,False,medium,False,"[[768, 354], [858, 534]]",,[],,0.46334699757063325,0.3631194463725522
229,3,1,3.81899999999996,,13518,"[954, 270]",False,,True,0.0,False,medium,False,"[[768, 348], [858, 528]]",,[],,0.46334699757063325,0.3631194463725522
230,3,1,3.8360000000000127,,13518,"[954, 270]",False,,True,0.0,False,medium,False,"[[768, 342], [858, 522]]",,[],,0.4645294440949881,0.3637847662724578
231,3,1,3.850999999999999,,13518,"[954, 270]",False,,True,0.0,False,medium,False,"[[768, 336], [858, 516]]",,[],,0.4645294440949881,0.3637847662724578
232,3,1,3.869000000000028,,13518,"[954, 270]",False,,True,0.0,False,medium,False,"[[768, 330], [858, 510]]",,[],,0.46465350121062077,0.36418528088763924
233,3,1,3.884999999999991,,13518,"[954, 270]",False,,True,0.0,False,medium,False,"[[768, 324], [858, 504]]",,[],,0.02497343962150058,0.07585875470570813
234,3,1,3.90300000000002,,13518,"[954, 270]",False,,True,0.0,False,medium,False,"[[768, 318], [858, 498]]",,[],,0.4635684676327826,0.36841724620055316
235,3,1,3.919999999999959,,13518,"[954, 270]",False,,True,0.0,False,medium,False,"[[768, 312], [858, 492]]",,[],,0.4635684676327826,0.36841724620055316
236,3,1,3.9360000000000355,,13518,"[954, 270]",False,,True,0.0,False,medium,False,"[[768, 306], [858, 486]]",,[],,0.013177578975276738,0.04984889350519639
237,3,1,3.9529999999999745,,13518,"[954, 270]",False,,True,0.0,False,medium,False,"[[768, 300], [858, 480]]",,[],,0.013177578975276738,0.04984889350519639
238,3,1,3.9689999999999372,,13518,"[954, 270]",False,,True,0.0,False,medium,False,"[[768, 294], [858, 474]]",,[],,0.00888968434162667,0.04749050311247882
239,3,1,3.98599999999999,,13518,"[954, 270]",False,,True,0.0,False,medium,False,"[[768, 288], [858, 468]]",,[],,0.00888968434162667,0.04749050311247882
240,3,1,4.001999999999953,,13518,"[954, 270]",False,,True,0.0,False,medium,False,"[[768, 282], [858, 462]]",,[],,0.46371700015392064,0.36093526176684576
241,3,1,4.018000000000029,,13518,"[954, 270]",False,,True,0.0,False,medium,False,"[[768, 276], [858, 456]]",,[],,0.46371700015392064,0.36093526176684576
242,3,1,4.033999999999992,,13518,"[954, 270]",False,,True,0.0,False,medium,False,"[[768, 270], [858, 450], [642, 810]]",,[],,0.008648055755105499,0.05699190134516452
243,3,1,4.051000000000045,,13518,"[954, 270]",False,,True,0.0,False,medium,False,"[[768, 264], [858, 444], [642, 804]]",,[],,0.008648055755105499,0.05699190134516452
244,3,1,4.067999999999984,,13518,"[954, 270]",False,,True,0.0,False,medium,False,"[[768, 258], [858, 438], [642, 798]]",,[],,0.46625018680379354,0.35928245817306603
245,3,1,4.085000000000036,,13518,"[954, 270]",False,,True,0.0,False,medium,False,"[[768, 252], [858, 432], [642, 792]]",,[],,0.46625018680379354,0.35928245817306603
246,3,1,4.101999999999975,,13518,"[954, 270]",False,,True,0.0,False,medium,False,"[[768, 246], [858, 426], [642, 786]]",,[],,0.006668402209308244,0.055528769913580356
247,3,1,4.119000000000028,,13518,"[954, 270]",False,,True,0.0,False,medium,False,"[[768, 240], [858, 420], [642, 780]]",,[],,0.006668402209308244,0.055528769913580356
248,3,1,4.134999999999991,,13518,"[954, 270]",False,,True,0.0,False,medium,False,"[[768, 234], [858, 414], [642, 774], [822, 810]]",,[],,0.4659431933407806,0.36199137530977243
249,3,1,4.150999999999954,,13518,"[954, 270]",False,,True,0.0,False,medium,False,"[[768, 228], [858, 408], [642, 768], [822, 804]]",,[],,0.4659431933407806,0.36199137530977243
250,3,1,4.168000000000006,,13518,"[954, 270]",False,,True,0.0,False,medium,False,"[[768, 222], [858, 402], [642, 762], [822, 798]]",,[],,0.008419415166246936,0.055911648067974995
251,3,1,4.184999999999945,,13518,"[954, 270]",False,,True,0.0,False,medium,False,"[[768, 216], [858, 396], [642, 756], [822, 792]]",,[],,0.008419415166246936,0.055911648067974995
252,3,1,4.201000000000022,,13518,"[954, 270]",False,,True,0.0,False,medium,False,"[[768, 210], [858, 390], [642, 750], [822, 786]]",,[],,0.4632352159282614,0.36412611604588274
253,3,1,4.217999999999961,,13518,"[954, 270]",False,,True,0.0,False,medium,False,"[[768, 204], [858, 384], [642, 744], [822, 780]]",,[],,0.4632352159282614,0.36412611604588274
254,3,1,4.234000000000037,,13518,"[954, 270]",False,,True,0.0,False,medium,False,"[[768, 198], [858, 378], [642, 738], [822, 774]]",,[],,0.029634299493831052,0.0953484995200532
255,3,1,4.25,,13518,"[954, 270]",False,,True,0.0,False,medium,False,"[[768, 192], [858, 372], [642, 732], [822, 768]]",,[],,0.46501756908241293,0.3662528932312671
256,3,1,4.265999999999963,,13518,"[954, 270]",False,,True,0.0,False,medium,False,"[[768, 186], [858, 366], [642, 726], [822, 762]]",,[],,0.01764051121145105,0.06978779309383631
257,3,1,4.282000000000039,,13518,"[954, 270]",False,,True,0.0,False,medium,False,"[[768, 180], [858, 360], [642, 720], [822, 756]]",,[],,0.01764051121145105,0.06978779309383631
258,3,1,4.298999999999978,,13518,"[954, 270]",False,,True,0.0,False,medium,False,"[[768, 174], [858, 354], [642, 714], [822, 750]]",,[],,0.46716051029514105,0.37081536028707973
259,3,1,4.316000000000031,,13518,"[954, 270]",False,,True,0.0,False,medium,False,"[[768, 168], [858, 348], [642, 708], [822, 744]]",,[],,0.46716051029514105,0.37081536028707973
260,3,1,4.33299999999997,,13518,"[954, 270]",False,,True,0.0,False,medium,False,"[[768, 162], [858, 342], [642, 702], [822, 738]]",,[],,0.43610294878848244,0.30804322274363816
261,3,1,4.348999999999933,,13518,"[954, 270]",False,,True,0.0,False,medium,False,"[[768, 156], [858, 336], [642, 696], [822, 732]]",,[],,0.4227414038185625,0.28392281647200324
262,3,1,4.3659999999999854,,13518,"[954, 270]",False,,True,0.0,False,medium,False,"[[768, 150], [858, 330], [642, 690], [822, 726]]",,[],,0.4231760216100577,0.2805557458980563
263,3,1,4.381999999999948,,13518,"[954, 270]",False,,True,0.0,False,medium,False,"[[768, 144], [858, 324], [642, 684], [822, 720]]",,[],,0.42357014014966526,0.27933349426747844
264,3,1,4.399000000000001,,13518,"[954, 270]",False,,True,0.0,False,medium,False,"[[768, 138], [858, 318], [642, 678], [822, 714]]",,[],,0.4241725267081276,0.2763201732024091
265,3,1,4.413999999999987,,13518,"[954, 270]",False,,True,0.0,False,medium,False,"[[768, 132], [858, 312], [642, 672], [822, 708]]",,[],,0.4241725267081276,0.2763201732024091
266,3,1,4.43100000000004,,13518,"[954, 270]",False,,True,0.0,False,medium,False,"[[768, 126], [858, 306], [642, 666], [822, 702]]",,[],,0.4241582639661091,0.27668663691822337
267,3,1,4.447000000000003,,13518,"[954, 270]",False,,True,0.0,False,medium,False,"[[768, 120], [858, 300], [642, 660], [822, 696]]",,[],,0.4411828679678479,0.33558371872952875
268,3,1,4.463999999999942,,13518,"[954, 270]",False,,True,0.0,False,medium,False,"[[768, 114], [858, 294], [642, 654], [822, 690]]",,"[[1320, 810]]",,0.4411828679678479,0.33558371872952875
269,3,1,4.4809999999999945,,13518,"[954, 270]",False,,True,0.0,False,medium,False,"[[768, 108], [858, 288], [642, 648], [822, 684]]",,"[[1320, 804]]",,0.42436691797647474,0.28121893568418277
270,3,1,4.497999999999934,,13518,"[954, 270]",False,,True,0.0,False,medium,False,"[[768, 102], [858, 282], [642, 642], [822, 678]]",,"[[1320, 798]]",,0.4241812973895117,0.2819456638337404
271,3,1,4.51400000000001,,13518,"[954, 270]",False,,True,0.0,False,medium,False,"[[768, 96], [858, 276], [642, 636], [822, 672]]",,"[[1320, 792]]",,0.4235326690306449,0.28539991293918066
272,3,1,4.530999999999949,,13518,"[954, 270]",False,,True,0.0,False,medium,False,"[[768, 90], [858, 270], [642, 630], [822, 666]]",,"[[1320, 786]]",,0.4232445613173613,0.28655424909493776
273,3,1,4.5470000000000255,,13518,"[954, 270]",False,,True,0.0,False,medium,False,"[[768, 84], [858, 264], [642, 624], [822, 660]]",,"[[1320, 780]]",,0.4400585953301303,0.34255956763478257
274,3,1,4.5639999999999645,,13518,"[954, 270]",False,,True,0.0,False,medium,False,"[[768, 78], [858, 258], [642, 618], [822, 654]]",,"[[1320, 774]]",,0.4232083812067283,0.2903291629196134
275,3,1,4.580000000000041,,13518,"[954, 270]",False,,True,0.0,False,medium,False,"[[768, 72], [858, 252], [642, 612], [822, 648]]",,"[[1320, 768]]",,0.011431996407501543,0.0448695835431705
276,3,1,4.59699999999998,,13518,"[954, 270]",False,,True,0.0,False,medium,False,"[[768, 66], [858, 246], [642, 606], [822, 642]]",,"[[1320, 762]]",,0.011431996407501543,0.0448695835431705
277,3,1,4.612999999999943,,13518,"[954, 270]",False,,True,0.0,False,medium,False,"[[768, 60], [858, 240], [642, 600], [822, 636]]",,"[[1320, 756]]",,0.44062487531485417,0.3466643759735235
278,3,1,4.6299999999999955,,13518,"[954, 270]",False,,True,0.0,False,medium,False,"[[768, 54], [858, 234], [642, 594], [822, 630]]",,"[[1320, 750]]",,0.44062487531485417,0.3466643759735235
279,3,1,4.6469999999999345,,13518,"[954, 270]",False,,True,0.0,False,medium,False,"[[768, 48], [858, 228], [642, 588], [822, 624]]",,"[[1320, 744]]",,0.44157553702205404,0.3483305247289725
280,3,1,4.663000000000011,,13518,"[954, 270]",False,,True,0.0,False,medium,False,"[[768, 42], [858, 222], [642, 582], [822, 618]]",,"[[1320, 738]]",,0.017829939037890964,0.0672534563706797
281,3,1,4.67999999999995,,13518,"[954, 270]",False,,True,0.0,False,medium,False,"[[768, 36], [858, 216], [642, 576], [822, 612]]",,"[[1320, 732]]",,0.45552401116001323,0.3453262378061994
282,3,1,4.696000000000026,,13518,"[954, 270]",False,,True,0.0,False,medium,False,"[[768, 30], [858, 210], [642, 570], [822, 606]]",,"[[1320, 726]]",,0.45552401116001323,0.3453262378061994
283,3,1,4.712999999999965,,13518,"[954, 270]",False,,True,0.0,False,medium,False,"[[768, 24], [858, 204], [642, 564], [822, 600]]",,"[[1320, 720]]",,0.023396942869597835,0.06937952529948521
284,3,1,4.729000000000042,,13518,"[954, 270]",False,,True,0.0,False,medium,False,"[[768, 18], [858, 198], [642, 558], [822, 594]]",,"[[1320, 714]]",,0.023396942869597835,0.06937952529948521
285,3,1,4.7450000000000045,,13518,"[954, 270]",False,,True,0.0,False,medium,False,"[[768, 12], [858, 192], [642, 552], [822, 588]]",,"[[1320, 708]]",,0.45973648000266687,0.347047569558664
286,3,1,4.760999999999967,,13518,"[954, 270]",False,,True,0.0,False,medium,False,"[[768, 6], [858, 186], [642, 546], [822, 582]]",,"[[1320, 702]]",,0.45973648000266687,0.347047569558664
287,3,1,4.77800000000002,,13518,"[954, 270]",False,,True,0.0,False,medium,False,"[[768, 0], [858, 180], [642, 540], [822, 576]]",,"[[1320, 696]]",,0.45771416974256,0.349867309983821
288,3,1,4.794999999999959,,13518,"[954, 270]",False,,True,0.0,False,medium,False,"[[858, 174], [642, 534], [822, 570]]",,"[[1320, 690]]",,0.45771416974256,0.349867309983821
289,3,1,4.8110000000000355,,13518,"[954, 270]",False,,True,0.0,False,medium,False,"[[858, 168], [642, 528], [822, 564]]",,"[[1320, 684]]",,0.4578126943057784,0.3513476620783158
290,3,1,4.826999999999998,,13518,"[954, 270]",False,,True,0.0,False,medium,False,"[[858, 162], [642, 522], [822, 558]]",,"[[1320, 678]]",,0.4578126943057784,0.3513476620783158
291,3,1,4.843999999999937,,13518,"[954, 270]",False,,True,0.0,False,medium,False,"[[858, 156], [642, 516], [822, 552]]",,"[[1320, 672]]",,0.45571500516988983,0.35343851927116277
292,3,1,4.86099999999999,,13518,"[954, 270]",False,,True,0.0,False,medium,False,"[[858, 150], [642, 510], [822, 546]]",,"[[1320, 666]]",,0.45571500516988983,0.35343851927116277
293,3,1,4.876999999999953,,13518,"[954, 270]",False,,True,0.0,False,medium,False,"[[858, 144], [642, 504], [822, 540]]",,"[[1320, 660]]",,0.4564622880215527,0.3566390425488206
294,3,1,4.8940000000000055,,13518,"[954, 270]",False,,True,0.0,False,medium,False,"[[858, 138], [642, 498], [822, 534]]",,"[[1320, 654]]",,0.4564622880215527,0.3566390425488206
295,3,1,4.9109999999999445,,13518,"[954, 270]",False,,True,0.0,False,medium,False,"[[858, 132], [642, 492], [822, 528]]",,"[[1320, 648]]",,0.44035682707622764,0.2779957995180973
296,3,1,4.927999999999997,,13518,"[954, 270]",False,,True,0.0,False,medium,False,"[[858, 126], [642, 486], [822, 522]]",,"[[1320, 642]]",,0.44035682707622764,0.2779957995180973
297,3,1,4.94399999999996,,13518,"[954, 270]",False,,True,0.0,False,medium,False,"[[858, 120], [642, 480], [822, 516]]",,"[[1320, 636]]",,0.4407084573955184,0.2769777481298654
298,3,1,4.960000000000036,,13518,"[954, 270]",False,,True,0.0,False,medium,False,"[[858, 114], [642, 474], [822, 510]]",,"[[1320, 630]]",,0.4407084573955184,0.2769777481298654
299,3,1,4.975999999999999,,13518,"[954, 270]",False,,True,0.0,False,medium,False,"[[858, 108], [642, 468], [822, 504]]",,"[[1320, 624]]",,0.01002315440964736,0.0413888885455479
300,3,1,4.992999999999938,,13518,"[954, 270]",False,,True,0.0,False,medium,False,"[[858, 102], [642, 462], [822, 498]]",,"[[1320, 618]]",,0.01002315440964736,0.0413888885455479
301,3,1,5.0090000000000146,,13518,"[954, 270]",False,,True,0.0,False,medium,False,"[[858, 96], [642, 456], [822, 492]]",,"[[1320, 612]]",,0.45259786019472725,0.3381046808668504
302,3,1,5.025999999999954,,13518,"[954, 270]",False,,True,0.0,False,medium,False,"[[858, 90], [642, 450], [822, 486]]",,"[[1320, 606]]",,0.45259786019472725,0.3381046808668504
303,3,1,5.04200000000003,,13518,"[954, 270]",False,,True,0.0,False,medium,False,"[[858, 84], [642, 444], [822, 480]]",,"[[1320, 600]]",,0.012229070110632189,0.05205137752688149
304,3,1,5.057999999999993,,13518,"[954, 270]",False,,True,0.0,False,medium,False,"[[858, 78], [642, 438], [822, 474]]",,"[[1320, 594]]",,0.012229070110632189,0.05205137752688149
305,3,1,5.0750000000000455,,13518,"[954, 270]",False,,True,0.0,False,medium,False,"[[858, 72], [642, 432], [822, 468]]",,"[[1320, 588]]",,0.451919887118222,0.34254185381625246
306,3,1,5.091000000000008,,13518,"[954, 270]",False,,True,0.0,False,medium,False,"[[858, 66], [642, 426], [822, 462]]",,"[[1320, 582]]",,0.451919887118222,0.34254185381625246
307,3,1,5.107999999999947,,13518,"[954, 270]",False,,True,0.0,False,medium,False,"[[858, 60], [642, 420], [822, 456]]",,"[[1320, 576]]",,0.45242010826801043,0.3429874844375912
308,3,1,5.124000000000024,,13518,"[954, 270]",False,,True,0.0,False,medium,False,"[[858, 54], [642, 414], [822, 450]]",,"[[1320, 570]]",,0.45242010826801043,0.3429874844375912
309,3,1,5.139999999999986,,13518,"[954, 270]",False,,True,0.0,False,medium,False,"[[858, 48], [642, 408], [822, 444]]",,"[[1320, 564]]",,0.00943693695482306,0.05004872497161539
310,3,1,5.157000000000039,,13518,"[954, 270]",False,,True,0.0,False,medium,False,"[[858, 42], [642, 402], [822, 438]]",,"[[1320, 558]]",,0.00943693695482306,0.05004872497161539
311,3,1,5.173000000000002,,13518,"[954, 270]",False,,True,0.0,False,medium,False,"[[858, 36], [642, 396], [822, 432]]",,"[[1320, 552]]",,0.451057679784087,0.3437240977683874
312,3,1,5.189999999999941,,13518,"[954, 270]",False,,True,0.0,False,medium,False,"[[858, 30], [642, 390], [822, 426]]",,"[[1320, 546]]",,0.451057679784087,0.3437240977683874
313,3,1,5.206999999999994,,13518,"[954, 270]",False,,True,0.0,False,medium,False,"[[858, 24], [642, 384], [822, 420]]",,"[[1320, 540]]",,0.45098928760116197,0.3464110640424748
314,3,1,5.222999999999956,,13518,"[954, 270]",False,,True,0.0,False,medium,False,"[[858, 18], [642, 378], [822, 414]]",,"[[1320, 534]]",,0.45098928760116197,0.3464110640424748
315,3,1,5.240000000000009,,13518,"[954, 270]",False,,True,0.0,False,medium,False,"[[858, 12], [642, 372], [822, 408]]",,"[[1320, 528]]",,0.4511073825337092,0.3488980805444639
316,3,1,5.255999999999972,,13518,"[954, 270]",False,,True,0.0,False,medium,False,"[[858, 6], [642, 366], [822, 402]]",,"[[1320, 522]]",,0.4511073825337092,0.3488980805444639
317,3,1,5.273000000000025,,13518,"[954, 270]",False,,True,0.0,False,medium,False,"[[858, 0], [642, 360], [822, 396]]",,"[[1320, 516]]",,0.4512053877628645,0.34998642641563604
318,3,1,5.288999999999987,,13518,"[954, 270]",False,,True,0.0,False,medium,False,"[[642, 354], [822, 390]]",,"[[1320, 510]]",,0.4512053877628645,0.34998642641563604
319,3,1,5.30600000000004,,13518,"[954, 270]",False,,True,0.0,False,medium,False,"[[642, 348], [822, 384]]",,"[[1320, 504]]",,0.021445231152025634,0.07495083176329131
320,3,1,5.322999999999979,,13518,"[954, 270]",False,,True,0.0,False,medium,False,"[[642, 342], [822, 378]]",,"[[1320, 498]]",,0.45430612298845724,0.3526270874176365
321,3,1,5.340000000000032,,13518,"[954, 270]",False,,True,0.0,False,medium,False,"[[642, 336], [822, 372]]",,"[[1320, 492]]",,0.4556480177536694,0.3566482733681132
322,3,1,5.3559999999999945,,13518,"[954, 270]",False,,True,0.0,False,medium,False,"[[642, 330], [822, 366]]",,"[[1320, 486]]",,0.4556480177536694,0.3566482733681132
323,3,1,5.372999999999934,,13518,"[954, 270]",False,,True,0.0,False,medium,False,"[[642, 324], [822, 360]]",,"[[1320, 480]]",,0.4559242230035771,0.3595876304152992
324,3,1,5.389999999999986,,13518,"[954, 270]",False,,True,0.0,False,medium,False,"[[642, 318], [822, 354]]",,"[[1320, 474]]",,0.4559242230035771,0.3595876304152992
325,3,1,5.407000000000039,,13518,"[954, 270]",False,,True,0.0,False,medium,False,"[[642, 312], [822, 348]]",,"[[1320, 468]]",,0.017023310213387877,0.06218154072438087
326,3,1,5.423000000000002,,13518,"[954, 270]",False,,True,0.0,False,medium,False,"[[642, 306], [822, 342]]",,"[[1320, 462]]",,0.017023310213387877,0.06218154072438087
327,3,1,5.439999999999941,,13518,"[954, 270]",False,,True,0.0,False,medium,False,"[[642, 300], [822, 336]]",,"[[1320, 456]]",,0.4567518112761853,0.3638603253029593
328,3,1,5.456000000000017,,13518,"[954, 270]",False,,True,0.0,False,medium,False,"[[642, 294], [822, 330]]",,"[[1320, 450]]",,0.4567518112761853,0.3638603253029593
329,3,1,5.47199999999998,,13518,"[954, 270]",False,,True,0.0,False,medium,False,"[[642, 288], [822, 324]]",,"[[1320, 444]]",,0.018851710640346565,0.06270819398535787
330,3,1,5.487999999999943,,13518,"[954, 270]",False,,True,0.0,False,medium,False,"[[642, 282], [822, 318]]",,"[[1320, 438]]",,0.46164083219689145,0.3517347739035004
331,3,1,5.504000000000019,,13518,"[954, 270]",False,,True,0.0,False,medium,False,"[[642, 276], [822, 312]]",,"[[1320, 432]]",,0.46246273911004876,0.34961557467370286
332,3,1,5.519999999999982,,13518,"[954, 270]",False,,True,0.0,False,medium,False,"[[642, 270], [822, 306]]",,"[[1320, 426]]",,0.01610252787401132,0.051176019086245916
333,3,1,5.537000000000035,,13518,"[954, 270]",False,Right,True,0.0,False,medium,False,"[[642, 264], [822, 300]]",,"[[1314, 420]]",,0.006013548743239827,0.05614482791077113
334,3,1,5.553999999999974,,13518,"[954, 270]",False,Right,True,0.0,False,medium,False,"[[636, 258], [816, 294]]",,"[[1308, 414]]",,0.4633525110822266,0.3496456378604801
335,3,1,5.571000000000026,,13518,"[954, 270]",False,Right,True,0.0,False,medium,False,"[[630, 252], [810, 288]]",,"[[1302, 408]]",,0.018306242099204707,0.051971017958615584
336,3,1,5.587999999999965,,13518,"[954, 270]",False,Right,True,0.0,False,medium,False,"[[624, 246], [804, 282]]",,"[[1296, 402]]",,0.4633558969920686,0.35237692205594273
337,3,1,5.605000000000018,,13518,"[954, 270]",False,Right,True,0.0,False,medium,False,"[[618, 240], [798, 276]]",,"[[1290, 396]]",,0.46359332508477624,0.35593946767235896
338,3,1,5.622999999999934,,13518,"[954, 270]",False,Right,True,0.0,False,medium,False,"[[612, 234], [792, 270]]",,"[[1284, 390]]",,0.0074978323364520705,0.056477725650754484
339,3,1,5.63900000000001,,13518,"[954, 270]",False,Right,True,0.0,False,medium,False,"[[606, 228], [786, 264]]",,"[[1278, 384]]",,0.0031255727570802527,0.05412573287343736
340,3,1,5.655999999999949,,13518,"[954, 270]",False,Right,True,0.0,False,medium,False,"[[600, 222], [780, 258]]",,"[[1272, 378]]",,0.0031255727570802527,0.05412573287343736
341,3,1,5.673000000000002,,13518,"[954, 270]",False,Right,True,0.0,False,medium,False,"[[594, 216], [774, 252]]",,"[[1266, 372]]",,0.46363801844442554,0.3585944400678708
342,3,1,5.691000000000031,,13518,"[954, 270]",False,,True,0.0,False,medium,False,"[[588, 210], [768, 246]]",,"[[1266, 366]]",,0.46326836346435546,0.3586508533758431
343,3,1,5.706000000000017,,13518,"[954, 270]",False,,True,0.0,False,medium,False,"[[588, 204], [768, 240]]",,"[[1266, 360]]",,0.46402319881931914,0.3599074145848936
344,3,1,5.72199999999998,,13518,"[954, 270]",False,,True,0.0,False,medium,False,"[[588, 198], [768, 234], [948, 810]]",,"[[1266, 354]]",,0.46402319881931914,0.3599074145848936
345,3,1,5.737999999999943,,13518,"[954, 270]",False,,True,0.0,False,medium,False,"[[588, 192], [768, 228], [948, 804]]",,"[[1266, 348]]",,0.4644523629443156,0.36063111485286925
346,3,1,5.754000000000019,,13518,"[954, 270]",False,,True,0.0,False,medium,False,"[[588, 186], [768, 222], [948, 798]]",,"[[1266, 342]]",,0.4646791451865154,0.3629613407010266
347,3,1,5.769999999999982,,13518,"[954, 270]",False,,True,0.0,False,medium,False,"[[588, 180], [768, 216], [948, 792]]",,"[[1266, 336]]",,0.46473829663688093,0.3632371380096945
348,3,1,5.788000000000011,,13518,"[954, 270]",False,,True,0.0,False,medium,False,"[[588, 174], [768, 210], [948, 786]]",,"[[1266, 330]]",,0.4654431430438547,0.36496829515729046
349,3,1,5.802999999999997,,13518,"[954, 270]",False,,True,0.0,False,medium,False,"[[588, 168], [768, 204], [948, 780]]",,"[[1266, 324], [360, 810]]",,0.4654018440440173,0.3655919688480469
350,3,1,5.81899999999996,,13518,"[954, 270]",False,,True,0.0,False,medium,False,"[[588, 162], [768, 198], [948, 774]]",,"[[1266, 318], [360, 804]]",,0.0016016748948890047,0.0523390120742625
351,3,1,5.835000000000036,,13518,"[954, 270]",False,,True,0.0,False,medium,False,"[[588, 156], [768, 192], [948, 768]]",,"[[1266, 312], [360, 798]]",,0.0016016748948890047,0.0523390120742625
352,3,1,5.851999999999975,,13518,"[954, 270]",False,,True,1.0,False,medium,False,"[[588, 150], [768, 186], [948, 762]]",,"[[1266, 306], [360, 792]]",,0.0003783211033514533,0.05148538558567339
353,3,1,5.867999999999938,,13518,"[954, 270]",False,,True,1.0,False,medium,False,"[[588, 144], [768, 180], [948, 756]]",,"[[1272, 300], [366, 786]]",,0.0003783211033514533,0.05148538558567339
354,3,1,5.8840000000000146,,13518,"[954, 270]",False,,True,1.0,False,medium,False,"[[594, 138], [774, 174], [954, 750]]",,"[[1278, 294], [372, 780]]",,0.46509795405988336,0.3707488758458862
355,3,1,5.900999999999954,,13518,"[954, 270]",False,,True,1.0,False,medium,False,"[[600, 132], [780, 168], [960, 744]]",,"[[1284, 288], [378, 774]]",,0.46509795405988336,0.3707488758458862
356,3,1,5.91700000000003,,13518,"[954, 270]",False,,True,1.0,False,medium,False,"[[606, 126], [786, 162], [966, 738]]",,"[[1290, 282], [384, 768]]",,0.4658381106235937,0.3737659963771335
357,3,1,5.932999999999993,,13518,"[954, 270]",False,,True,1.0,False,medium,False,"[[612, 120], [792, 156], [972, 732]]",,"[[1296, 276], [390, 762]]",,0.4658381106235937,0.3737659963771335
358,3,1,5.948999999999955,,13518,"[954, 270]",False,,True,1.0,False,medium,False,"[[618, 114], [798, 150], [978, 726]]",,"[[1302, 270], [396, 756]]",,0.46663797987213584,0.3765144480946393
359,3,1,5.966000000000008,,13518,"[954, 270]",False,,True,1.0,False,medium,False,"[[624, 108], [804, 144], [984, 720]]",,"[[1308, 264], [402, 750]]",,0.46663797987213584,0.3765144480946393
360,3,1,5.982999999999947,,13518,"[954, 270]",False,Right,True,1.0,False,medium,False,"[[630, 102], [810, 138], [990, 714]]",,"[[1308, 258], [402, 744]]",,0.46771061618190696,0.3804840520789783
361,3,1,6.000999999999976,,13518,"[954, 270]",False,Right,True,1.0,False,medium,False,"[[630, 96], [810, 132], [990, 708]]",,"[[1308, 252], [402, 738]]",,0.46771061618190696,0.3804840520789783
362,3,1,6.015999999999963,,13518,"[954, 270]",False,Right,True,1.0,False,medium,False,"[[630, 90], [810, 126], [990, 702]]",,"[[1308, 246], [402, 732]]",,0.4401155814329155,0.28731457930469206
363,3,1,6.0330000000000155,,13518,"[954, 270]",False,Right,True,1.0,False,medium,False,"[[630, 84], [810, 120], [990, 696]]",,"[[1308, 240], [402, 726]]",,0.4401155814329155,0.28731457930469206
364,3,1,6.0499999999999545,,13518,"[954, 270]",False,Right,True,1.0,False,medium,False,"[[630, 78], [810, 114], [990, 690]]",,"[[1308, 234], [402, 720]]",,0.45566502757478944,0.3533378458530526
365,3,1,6.067000000000007,,13518,"[954, 270]",False,Right,True,1.0,False,medium,False,"[[630, 72], [810, 108], [990, 684]]",,"[[1308, 228], [402, 714]]",,0.45566502757478944,0.3533378458530526
366,3,1,6.08299999999997,,13518,"[954, 270]",False,Right,True,1.0,False,medium,False,"[[630, 66], [810, 102], [990, 678]]",,"[[1308, 222], [402, 708]]",,0.4406676096307957,0.28243118560036273
367,3,1,6.100999999999999,,13518,"[954, 270]",False,,True,1.0,False,medium,False,"[[630, 60], [810, 96], [990, 672]]",,"[[1314, 216], [408, 702]]",,0.4406676096307957,0.28243118560036273
368,3,1,6.1159999999999854,,13518,"[954, 270]",False,,True,1.0,False,medium,False,"[[636, 54], [816, 90], [996, 666], [798, 810]]",,"[[1320, 210], [414, 696]]",,-0.10441074216072374,0.06156379635298015
369,3,1,6.133000000000038,,13518,"[954, 270]",False,,True,1.0,False,medium,False,"[[642, 48], [822, 84], [1002, 660], [804, 804]]",,"[[1326, 204], [420, 690]]",,-0.10441074216072374,0.06156379635298015
370,3,1,6.149999999999977,,13518,"[954, 270]",False,,True,1.0,False,medium,False,"[[648, 42], [828, 78], [1008, 654], [810, 798]]",,"[[1332, 198], [426, 684]]",,-0.10742538403159374,0.058917063430832695
371,3,1,6.16700000000003,,13518,"[954, 270]",False,,True,1.0,False,medium,False,"[[654, 36], [834, 72], [1014, 648], [816, 792]]",,"[[1338, 192], [432, 678]]",,-0.10742538403159374,0.058917063430832695
372,3,1,6.183999999999969,,13518,"[954, 270]",False,,True,1.0,False,medium,False,"[[660, 30], [840, 66], [1020, 642], [822, 786]]",,"[[1344, 186], [438, 672]]",,-0.10359159919175713,0.03827840030230745
373,3,1,6.201999999999998,,13518,"[954, 270]",False,,True,1.0,False,medium,False,"[[666, 24], [846, 60], [1026, 636], [828, 780]]",,"[[1350, 180], [444, 666]]",,-0.10359159919175713,0.03827840030230745
374,3,1,6.218999999999937,,13518,"[954, 270]",False,,True,1.0,False,medium,False,"[[672, 18], [852, 54], [1032, 630], [834, 774]]",,"[[1356, 174], [450, 660]]",,-0.00964836146259449,0.023295533222152054
375,3,1,6.235000000000014,,13518,"[954, 270]",False,,True,1.0,False,medium,False,"[[678, 12], [858, 48], [1038, 624], [840, 768]]",,"[[1362, 168], [456, 654]]",,-0.00964836146259449,0.023295533222152054
376,3,1,6.251999999999953,,13518,"[954, 270]",False,,True,1.0,False,medium,False,"[[684, 6], [864, 42], [1044, 618], [846, 762]]",,"[[1368, 162], [462, 648]]",,-0.01631033265609414,0.02914782866674681
377,3,1,6.2690000000000055,,13518,"[954, 270]",False,,True,1.0,False,medium,False,"[[690, 0], [870, 36], [1050, 612], [852, 756]]",,"[[1374, 156], [468, 642]]",,-0.01631033265609414,0.02914782866674681
378,3,1,6.284999999999968,,13518,"[954, 270]",False,,True,1.0,False,medium,False,"[[876, 30], [1056, 606], [858, 750]]",,"[[1380, 150], [474, 636]]",,-0.008255843750978454,0.023837567047911956
379,3,1,6.302000000000021,,13518,"[954, 270]",False,Right,True,1.0,False,medium,False,"[[882, 24], [1062, 600], [864, 744]]",,"[[1380, 144], [474, 630]]",,-0.008255843750978454,0.023837567047911956
380,3,1,6.31899999999996,,13518,"[954, 270]",False,Right,True,1.0,False,medium,False,"[[882, 18], [1062, 594], [864, 738]]",,"[[1380, 138], [474, 624]]",,0.45551282361859535,0.3544700214330392
381,3,1,6.336000000000013,,13518,"[954, 270]",False,Right,True,1.0,False,medium,False,"[[882, 12], [1062, 588], [864, 732]]",,"[[1380, 132], [474, 618]]",,0.45551282361859535,0.3544700214330392
382,3,1,6.352999999999952,,13518,"[954, 270]",False,Right,True,1.0,False,medium,False,"[[882, 6], [1062, 582], [864, 726]]",,"[[1380, 126], [474, 612]]",,0.455856357414475,0.3546789953482127
383,3,1,6.3700000000000045,,13518,"[954, 270]",False,Right,True,1.0,False,medium,False,"[[882, 0], [1062, 576], [864, 720]]",,"[[1380, 120], [474, 606]]",,0.455856357414475,0.3546789953482127
384,3,1,6.385999999999967,,13518,"[954, 270]",False,Right,True,1.0,False,medium,False,"[[1062, 570], [864, 714]]",,"[[1380, 114], [474, 600]]",,0.45665758056327865,0.35492966413989846
385,3,1,6.40300000000002,,13518,"[954, 270]",False,Right,True,1.0,False,medium,False,"[[1062, 564], [864, 708]]",,"[[1380, 108], [474, 594]]",,0.45665758056327865,0.35492966413989846
386,3,1,6.418999999999983,,13518,"[954, 270]",False,Right,True,1.0,False,medium,False,"[[1062, 558], [864, 702]]",,"[[1380, 102], [474, 588]]",,0.45759142052651536,0.3556035792291463
387,3,1,6.4360000000000355,,13518,"[954, 270]",False,Right,True,1.0,False,medium,False,"[[1062, 552], [864, 696]]",,"[[1380, 96], [474, 582]]",,0.45759142052651536,0.3556035792291463
388,3,1,6.4529999999999745,,13518,"[954, 270]",False,Right,True,1.0,False,medium,False,"[[1062, 546], [864, 690]]",,"[[1380, 90], [474, 576]]",,0.45897325168911784,0.3576732548770547
389,3,1,6.470000000000027,,13518,"[954, 270]",False,Right,True,1.0,False,medium,False,"[[1062, 540], [864, 684]]",,"[[1380, 84], [474, 570]]",,0.45897325168911784,0.3576732548770547
390,3,1,6.48599999999999,,13518,"[954, 270]",False,Right,True,1.0,False,medium,False,"[[1062, 534], [864, 678]]",,"[[1380, 78], [474, 564]]",,0.46065510247506686,0.3588161327608218
391,3,1,6.503000000000043,,13518,"[954, 270]",False,Right,True,1.0,False,medium,False,"[[1062, 528], [864, 672]]",,"[[1380, 72], [474, 558]]",,0.46065510247506686,0.3588161327608218
392,3,1,6.5190000000000055,,13518,"[954, 270]",False,Right,True,1.0,False,medium,False,"[[1062, 522], [864, 666]]",,"[[1380, 66], [474, 552]]",,-0.2094552398314386,0.05572789439510095
393,3,1,6.534999999999968,,13518,"[954, 270]",False,Right,True,1.0,False,medium,False,"[[1062, 516], [864, 660]]",,"[[1380, 60], [474, 546]]",,-0.2094552398314386,0.05572789439510095
394,3,1,6.551000000000045,,13518,"[954, 270]",False,,True,1.0,False,medium,False,"[[1062, 510], [864, 654]]",,"[[1386, 54], [480, 540]]",,-0.009680471682798685,0.021597160912323443
395,3,1,6.56899999999996,,13518,"[954, 270]",False,,True,1.0,False,medium,False,"[[1068, 504], [870, 648]]",,"[[1392, 48], [486, 534]]",,-0.009680471682798685,0.021597160912323443
396,3,1,6.585000000000036,,13518,"[954, 270]",False,,True,1.0,False,medium,False,"[[1074, 498], [876, 642]]",,"[[1398, 42], [492, 528]]",,-0.102240499233889,0.048430167981184935
397,3,1,6.601999999999975,,13518,"[954, 270]",False,,True,1.0,False,medium,False,"[[1080, 492], [882, 636]]",,"[[1404, 36], [498, 522]]",,-0.102240499233889,0.048430167981184935
398,3,1,6.619000000000028,,13518,"[954, 270]",False,,True,1.0,False,medium,False,"[[1086, 486], [888, 630]]",,"[[1410, 30], [504, 516]]",,0.4408460168954823,0.35874716217385716
399,3,1,6.634999999999991,,13518,"[954, 270]",False,,True,1.0,False,medium,False,"[[1092, 480], [894, 624]]",,"[[1416, 24], [510, 510]]",,0.4408460168954823,0.35874716217385716
400,3,1,6.652000000000044,,13518,"[954, 270]",False,,True,1.0,False,medium,False,"[[1098, 474], [900, 618]]",,"[[1422, 18], [516, 504]]",,0.4373909571638978,0.357182588079591
401,3,1,6.668999999999983,,13518,"[954, 270]",False,,True,1.0,False,medium,False,"[[1104, 468], [906, 612]]",,"[[1428, 12], [522, 498]]",,0.4373909571638978,0.357182588079591
402,3,1,6.684999999999945,,13518,"[954, 270]",False,,True,1.0,False,medium,False,"[[1110, 462], [912, 606]]",,"[[1434, 6], [528, 492]]",,0.43918891256425807,0.3592758374937298
403,3,1,6.701000000000022,,13518,"[954, 270]",False,,True,0.0,False,medium,False,"[[1116, 456], [918, 600]]",,"[[1440, 0], [534, 486], [1440, 810]]",,0.43918891256425807,0.3592758374937298
404,3,1,6.717999999999961,,13518,"[954, 270]",False,,True,0.0,False,medium,False,"[[1122, 450], [924, 594]]",,"[[534, 480], [1440, 804]]",,-0.017558643575016398,0.02600739917697925
405,3,1,6.735000000000014,,13518,"[954, 270]",False,,True,0.0,False,medium,False,"[[1122, 444], [924, 588]]",,"[[534, 474], [1440, 798]]",,-0.017558643575016398,0.02600739917697925
406,3,1,6.750999999999976,,13518,"[954, 270]",False,,True,0.0,False,medium,False,"[[1122, 438], [924, 582]]",,"[[534, 468], [1440, 792]]",,0.43943073551414374,0.3636016603599582
407,3,1,6.768000000000029,,13518,"[954, 270]",False,,True,0.0,False,medium,False,"[[1122, 432], [924, 576]]",,"[[534, 462], [1440, 786]]",,0.43943073551414374,0.3636016603599582
408,3,1,6.7830000000000155,,13518,"[954, 270]",False,,True,0.0,False,medium,False,"[[1122, 426], [924, 570]]",,"[[534, 456], [1440, 780]]",,-0.017283034008145393,0.015455577559323364
409,3,1,6.7999999999999545,,13518,"[954, 270]",False,,True,0.0,False,medium,False,"[[1122, 420], [924, 564]]",,"[[534, 450], [1440, 774]]",,-0.017283034008145393,0.015455577559323364
410,3,1,6.817000000000007,,13518,"[954, 270]",False,,True,0.0,False,medium,False,"[[1122, 414], [924, 558]]",,"[[534, 444], [1440, 768]]",,0.4402864126017273,0.36903560937487334
411,3,1,6.833999999999946,,13518,"[954, 270]",False,,True,0.0,False,medium,False,"[[1122, 408], [924, 552]]",,"[[534, 438], [1440, 762]]",,0.4402864126017273,0.36903560937487334
412,3,1,6.850000000000023,,13518,"[954, 270]",False,,True,0.0,False,medium,False,"[[1122, 402], [924, 546]]",,"[[534, 432], [1440, 756]]",,0.44121382674626497,0.37196142403000365
413,3,1,6.8659999999999854,,13518,"[954, 270]",False,Right,True,0.0,False,medium,False,"[[1122, 396], [924, 540]]",,"[[528, 426], [1434, 750]]",,0.44121382674626497,0.37196142403000365
414,3,1,6.883000000000038,,13518,"[954, 270]",False,Right,True,0.0,False,medium,False,"[[1116, 390], [918, 534]]",,"[[522, 420], [1428, 744]]",,-0.02072027519958679,0.012592211005647447
415,3,1,6.899999999999977,,13518,"[954, 270]",False,Right,True,0.0,False,medium,False,"[[1110, 384], [912, 528]]",,"[[516, 414], [1422, 738]]",,-0.02072027519958679,0.012592211005647447
416,3,1,6.91700000000003,,13518,"[954, 270]",False,Right,True,0.0,False,medium,False,"[[1104, 378], [906, 522]]",,"[[510, 408], [1416, 732]]",,-0.04773523158781945,0.01276945370180571
417,3,1,6.933999999999969,,13518,"[954, 270]",False,Right,True,0.0,False,medium,False,"[[1098, 372], [900, 516]]",,"[[504, 402], [1410, 726]]",,-0.04773523158781945,0.01276945370180571
418,3,1,6.951000000000022,,13518,"[954, 270]",False,Right,True,0.0,False,medium,False,"[[1092, 366], [894, 510]]",,"[[498, 396], [1404, 720]]",,0.4439397926039221,0.3803532646267259
419,3,1,6.9669999999999845,,13518,"[954, 270]",False,Right,True,0.0,False,medium,False,"[[1086, 360], [888, 504]]",,"[[492, 390], [1398, 714]]",,0.4439397926039221,0.3803532646267259
420,3,1,6.984000000000037,,13518,"[954, 270]",False,Right,True,0.0,False,medium,False,"[[1080, 354], [882, 498]]",,"[[486, 384], [1392, 708]]",,0.4450054533666502,0.3823852709073198
421,3,1,7.0,,13518,"[954, 270]",False,Right,True,0.0,False,medium,False,"[[1074, 348], [876, 492]]",,"[[480, 378], [1386, 702]]",,0.4450054533666502,0.3823852709073198
422,3,1,7.018000000000029,,13518,"[954, 270]",False,Right,True,0.0,False,medium,False,"[[1068, 342], [870, 486]]",,"[[474, 372], [1380, 696]]",,0.44674355926560116,0.3825387601479281
423,3,1,7.033999999999992,,13518,"[954, 270]",False,Right,True,0.0,False,medium,False,"[[1062, 336], [864, 480]]",,"[[468, 366], [1374, 690]]",,0.44674355926560116,0.3825387601479281
424,3,1,7.0499999999999545,,13518,"[954, 270]",False,Right,True,0.0,False,medium,False,"[[1056, 330], [858, 474]]",,"[[462, 360], [1368, 684]]",,-0.13537511757430867,0.056014776163921476
425,3,1,7.067999999999984,,13518,"[954, 270]",False,Right,True,0.0,False,medium,False,"[[1050, 324], [852, 468], [762, 810]]",,"[[456, 354], [1362, 678]]",,-0.13537511757430867,0.056014776163921476
426,3,1,7.083999999999946,,13518,"[954, 270]",False,Right,True,0.0,False,medium,False,"[[1044, 318], [846, 462], [756, 804]]",,"[[450, 348], [1356, 672]]",,0.46598350554732815,0.37008003563088276
427,3,1,7.100999999999999,,13518,"[954, 270]",False,Right,True,0.0,False,medium,False,"[[1038, 312], [840, 456], [750, 798]]",,"[[444, 342], [1350, 666]]",,0.46598350554732815,0.37008003563088276
428,3,1,7.117999999999938,,13518,"[954, 270]",False,Right,True,0.0,False,medium,False,"[[1032, 306], [834, 450], [744, 792]]",,"[[438, 336], [1344, 660]]",,-0.1277932034182716,0.049240031095224124
429,3,1,7.134999999999991,,13518,"[954, 270]",False,Right,True,0.0,False,medium,False,"[[1026, 300], [828, 444], [738, 786]]",,"[[432, 330], [1338, 654]]",,-0.1277932034182716,0.049240031095224124
430,3,1,7.15300000000002,,13518,"[954, 270]",False,Right,True,0.0,False,medium,False,"[[1020, 294], [822, 438], [732, 780]]",,"[[426, 324], [1332, 648]]",,-0.03508231251206073,0.00048724772204566946
431,3,1,7.168999999999983,,13518,"[954, 270]",False,Right,True,0.0,False,medium,False,"[[1014, 288], [816, 432], [726, 774]]",,"[[420, 318], [1326, 642]]",,-0.03508231251206073,0.00048724772204566946
432,3,1,7.184999999999945,,13518,"[954, 270]",False,Right,True,0.0,False,medium,False,"[[1008, 282], [810, 426], [720, 768]]",,"[[414, 312], [1320, 636]]",,0.4662077036924802,0.373964575234199
433,3,1,7.201999999999998,,13518,"[954, 270]",False,,True,-1.0,False,medium,False,"[[1002, 276], [804, 420], [714, 762]]",,"[[414, 306], [1320, 630]]",,0.4662077036924802,0.373964575234199
434,3,1,7.217999999999961,,13518,"[954, 270]",False,,True,-1.0,False,medium,False,"[[1002, 270], [804, 414], [714, 756]]",,"[[408, 300], [1314, 624]]",,-0.04408837035385771,-0.01825363128132751
435,3,1,7.235000000000014,,13518,"[954, 270]",False,,True,-1.0,False,medium,False,"[[996, 264], [798, 408], [708, 750]]",,"[[402, 294], [1308, 618]]",,-0.04408837035385771,-0.01825363128132751
436,3,1,7.250999999999976,,13518,"[954, 270]",False,,True,-1.0,False,medium,False,"[[990, 258], [792, 402], [702, 744]]",,"[[396, 288], [1302, 612]]",,0.4691735137880448,0.3776438269874397
437,3,1,7.266999999999939,,13518,"[954, 270]",False,,True,-1.0,False,medium,False,"[[984, 252], [786, 396], [696, 738]]",,"[[390, 282], [1296, 606]]",,0.4691735137880448,0.3776438269874397
438,3,1,7.2830000000000155,,13518,"[954, 270]",False,,True,-1.0,False,medium,False,"[[978, 246], [780, 390], [690, 732]]",,"[[384, 276], [1290, 600]]",,0.4695701220913099,0.38125550194891855
439,3,1,7.2999999999999545,,13518,"[954, 270]",False,,True,-1.0,False,medium,False,"[[972, 240], [774, 384], [684, 726]]",,"[[378, 270], [1284, 594]]",,0.4695701220913099,0.38125550194891855
440,3,1,7.316000000000031,,13518,"[954, 270]",False,,True,-1.0,False,medium,False,"[[966, 234], [768, 378], [678, 720]]",,"[[372, 264], [1278, 588]]",,-0.04401208354146835,-0.018637869049594746
441,3,1,7.33299999999997,,13518,"[954, 270]",False,,True,-1.0,False,medium,False,"[[960, 228], [762, 372], [672, 714]]",,"[[366, 258], [1272, 582]]",,-0.04401208354146835,-0.018637869049594746
442,3,1,7.350000000000023,,13518,"[954, 270]",False,,True,-1.0,False,medium,False,"[[954, 222], [756, 366], [666, 708]]",,"[[360, 252], [1266, 576]]",,0.46630452877751394,0.38477422796405136
443,3,1,7.366999999999962,,13518,"[954, 270]",False,,True,-1.0,False,medium,False,"[[948, 216], [750, 360], [660, 702], [588, 810]]",,"[[354, 246], [1260, 570]]",,0.46630452877751394,0.38477422796405136
444,3,1,7.3840000000000146,,13518,"[954, 270]",False,,True,-1.0,False,medium,False,"[[942, 210], [744, 354], [654, 696], [582, 804]]",,"[[348, 240], [1254, 564]]",,-0.0506769904046835,-0.057897052981483066
445,3,1,7.399999999999977,,13518,"[954, 270]",False,,True,-1.0,False,medium,False,"[[936, 204], [738, 348], [648, 690], [576, 798]]",,"[[342, 234], [1248, 558]]",,-0.0506769904046835,-0.057897052981483066
446,3,1,7.41599999999994,,13518,"[954, 270]",False,,True,-1.0,False,medium,False,"[[930, 198], [732, 342], [642, 684], [570, 792], [804, 810]]",,"[[336, 228], [1242, 552]]",,0.46513057672630564,0.38447185365604086
447,3,1,7.432999999999993,,13518,"[954, 270]",False,,True,-1.0,False,medium,False,"[[924, 192], [726, 336], [636, 678], [564, 786], [798, 804]]",,"[[330, 222], [1236, 546]]",,0.46513057672630564,0.38447185365604086
448,3,1,7.4500000000000455,,13518,"[954, 270]",False,,True,-1.0,False,medium,False,"[[918, 186], [720, 330], [630, 672], [558, 780], [792, 798]]",,"[[324, 216], [1230, 540]]",,-0.2459802319413389,0.02533440007988874
449,3,1,7.466000000000008,,13518,"[954, 270]",False,,True,-1.0,False,medium,False,"[[912, 180], [714, 324], [624, 666], [552, 774], [786, 792]]",,"[[318, 210], [1224, 534]]",,-0.23304968358094333,0.006669118763156234
450,3,1,7.482999999999947,,13518,"[954, 270]",False,,True,-1.0,False,medium,False,"[[906, 174], [708, 318], [618, 660], [546, 768], [780, 786]]",,"[[312, 204], [1218, 528]]",,0.46601625927030027,0.38461009741076735
451,3,1,7.5,,13518,"[954, 270]",False,,True,-1.0,False,medium,False,"[[900, 168], [702, 312], [612, 654], [540, 762], [774, 780]]",,"[[306, 198], [1212, 522]]",,0.46601625927030027,0.38461009741076735
452,3,1,7.514999999999986,,13518,"[954, 270]",False,,True,-1.0,False,medium,False,"[[894, 162], [696, 306], [606, 648], [534, 756], [768, 774], [552, 810]]",,"[[300, 192], [1206, 516]]",,0.4661888691459605,0.3848616534876521
453,3,1,7.532000000000039,,13518,"[954, 270]",False,,True,-1.0,False,medium,False,"[[888, 156], [690, 300], [600, 642], [528, 750], [762, 768], [546, 804]]",,"[[294, 186], [1200, 510]]",,0.46725202661068865,0.38657358304253453
454,3,1,7.548999999999978,,13518,"[954, 270]",False,,True,-1.0,False,medium,False,"[[882, 150], [684, 294], [594, 636], [522, 744], [756, 762], [540, 798]]",,"[[288, 180], [1194, 504]]",,0.4679437640915397,0.3872105953892274
455,3,1,7.564999999999941,,13518,"[954, 270]",False,,True,-1.0,False,medium,False,"[[876, 144], [678, 288], [588, 630], [516, 738], [750, 756], [534, 792]]",,"[[282, 174], [1188, 498]]",,-0.04541691199491531,-0.04281597095835954
456,3,1,7.581000000000017,,13518,"[954, 270]",False,,True,-1.0,False,medium,False,"[[870, 138], [672, 282], [582, 624], [510, 732], [744, 750], [528, 786]]",,"[[276, 168], [1182, 492]]",,0.4674518119191318,0.38913125517454794
457,3,1,7.597999999999956,,13518,"[954, 270]",False,,True,-1.0,False,medium,False,"[[864, 132], [666, 276], [576, 618], [504, 726], [738, 744], [522, 780]]",,"[[270, 162], [1176, 486]]",,0.4674518119191318,0.38913125517454794
458,3,1,7.614000000000033,,13518,"[954, 270]",False,,True,-1.0,False,medium,False,"[[858, 126], [660, 270], [570, 612], [498, 720], [732, 738], [516, 774], [876, 810]]",,"[[264, 156], [1170, 480]]",,-0.050155575552772017,-0.058319596415969954
459,3,1,7.630999999999972,,13518,"[954, 270]",False,,True,-1.0,False,medium,False,"[[852, 120], [654, 264], [564, 606], [492, 714], [726, 732], [510, 768], [870, 804]]",,"[[258, 150], [1164, 474]]",,-0.05212934526068791,-0.06028019129893081
460,3,1,7.648000000000025,,13518,"[954, 270]",False,,True,-1.0,False,medium,False,"[[846, 114], [648, 258], [558, 600], [486, 708], [720, 726], [504, 762], [864, 798]]",,"[[252, 144], [1158, 468]]",,-0.05396935589209519,-0.06201314850838924
461,3,1,7.664999999999964,,13518,"[954, 270]",False,,True,-1.0,False,medium,False,"[[840, 108], [642, 252], [552, 594], [480, 702], [714, 720], [498, 756], [858, 792]]",,"[[246, 138], [1152, 462]]",,0.4650291907568648,0.3882850391902313
462,3,1,7.68100000000004,,13518,"[954, 270]",False,,True,-1.0,False,medium,False,"[[834, 102], [636, 246], [546, 588], [474, 696], [708, 714], [492, 750], [852, 786]]",,"[[240, 132], [1146, 456]]",,-0.0615559527148271,-0.06931209400361893
463,3,1,7.697999999999979,,13518,"[954, 270]",False,Left,True,-1.0,False,medium,False,"[[828, 96], [630, 240], [540, 582], [468, 690], [702, 708], [486, 744], [846, 780]]",,"[[240, 126], [1146, 450]]",,-0.055808804409384294,-0.06392682359083013
464,3,1,7.713999999999942,,13518,"[954, 270]",False,Left,True,-1.0,False,medium,False,"[[828, 90], [630, 234], [540, 576], [468, 684], [702, 702], [486, 738], [846, 774]]",,"[[240, 120], [1146, 444]]",,-0.055808804409384294,-0.06392682359083013
465,3,1,7.730000000000018,,13518,"[954, 270]",False,Left,True,-1.0,False,medium,False,"[[828, 84], [630, 228], [540, 570], [468, 678], [702, 696], [486, 732], [846, 768]]",,"[[240, 114], [1146, 438]]",,-0.06557935415361253,-0.09650446383981559
466,3,1,7.747999999999934,,13518,"[954, 270]",False,Left,True,-1.0,False,medium,False,"[[828, 78], [630, 222], [540, 564], [468, 672], [702, 690], [486, 726], [846, 762]]",,"[[240, 108], [1146, 432]]",,-0.27034907405173547,0.007261875833339149
467,3,1,7.76400000000001,,13518,"[954, 270]",False,Left,True,-1.0,False,medium,False,"[[828, 72], [630, 216], [540, 558], [468, 666], [702, 684], [486, 720], [846, 756]]",,"[[240, 102], [1146, 426]]",,0.46088525513476386,0.3922831334421766
468,3,1,7.779999999999973,,13518,"[954, 270]",False,Left,True,-1.0,False,medium,False,"[[828, 66], [630, 210], [540, 552], [468, 660], [702, 678], [486, 714], [846, 750]]",,"[[240, 96], [1146, 420]]",,0.46088525513476386,0.3922831334421766
469,3,1,7.795999999999935,,13518,"[954, 270]",False,Left,True,-1.0,False,medium,False,"[[828, 60], [630, 204], [540, 546], [468, 654], [702, 672], [486, 708], [846, 744]]",,"[[240, 90], [1146, 414]]",,0.4618238209285236,0.3947922148967299
470,3,1,7.812999999999988,,13518,"[954, 270]",False,Left,True,-1.0,False,medium,False,"[[828, 54], [630, 198], [540, 540], [468, 648], [702, 666], [486, 702], [846, 738]]",,"[[240, 84], [1146, 408]]",,0.4618238209285236,0.3947922148967299
471,3,1,7.828999999999951,,13518,"[954, 270]",False,Left,True,-1.0,False,medium,False,"[[828, 48], [630, 192], [540, 534], [468, 642], [702, 660], [486, 696], [846, 732]]",,"[[240, 78], [1146, 402]]",,0.46162943148928665,0.3959196492552721
472,3,1,7.846000000000004,,13518,"[954, 270]",False,Left,True,-1.0,False,medium,False,"[[828, 42], [630, 186], [540, 528], [468, 636], [702, 654], [486, 690], [846, 726]]",,"[[240, 72], [1146, 396]]",,-0.29859241251586893,-0.042415758858725505
473,3,1,7.862999999999943,,13518,"[954, 270]",False,Left,True,-1.0,False,medium,False,"[[828, 36], [630, 180], [540, 522], [468, 630], [702, 648], [486, 684], [846, 720]]",,"[[240, 66], [1146, 390]]",,0.4570027933951099,0.3822432120738536
474,3,1,7.879000000000019,,13518,"[954, 270]",False,Left,True,-1.0,False,medium,False,"[[828, 30], [630, 174], [540, 516], [468, 624], [702, 642], [486, 678], [846, 714]]",,"[[240, 60], [1146, 384]]",,0.4570027933951099,0.3822432120738536
475,3,1,7.8969999999999345,,13518,"[954, 270]",False,Left,True,-1.0,False,medium,False,"[[828, 24], [630, 168], [540, 510], [468, 618], [702, 636], [486, 672], [846, 708]]",,"[[240, 54], [1146, 378]]",,-0.0823878440883374,-0.10225706165664805
476,3,1,7.913000000000011,,13518,"[954, 270]",False,Left,True,-1.0,False,medium,False,"[[828, 18], [630, 162], [540, 504], [468, 612], [702, 630], [486, 666], [846, 702]]",,"[[240, 48], [1146, 372]]",,-0.0823878440883374,-0.10225706165664805
477,3,1,7.928999999999974,,13518,"[954, 270]",False,Left,True,-1.0,False,medium,False,"[[828, 12], [630, 156], [540, 498], [468, 606], [702, 624], [486, 660], [846, 696]]",,"[[240, 42], [1146, 366]]",,0.4556393435554359,0.3774741973953287
478,3,1,7.946000000000026,,13518,"[954, 270]",False,Left,True,-1.0,False,medium,False,"[[828, 6], [630, 150], [540, 492], [468, 600], [702, 618], [486, 654], [846, 690]]",,"[[240, 36], [1146, 360]]",,0.4556393435554359,0.3774741973953287
479,3,1,7.962999999999965,,13518,"[954, 270]",False,Left,True,-1.0,False,medium,False,"[[828, 0], [630, 144], [540, 486], [468, 594], [702, 612], [486, 648], [846, 684], [828, 810]]",,"[[240, 30], [1146, 354]]",,-0.3661922276697266,-0.05953443553371729
480,3,1,7.980000000000018,,13518,"[954, 270]",False,Left,True,-1.0,False,medium,False,"[[630, 138], [540, 480], [468, 588], [702, 606], [486, 642], [846, 678], [828, 804]]",,"[[240, 24], [1146, 348]]",,-0.3661922276697266,-0.05953443553371729
481,3,1,7.995999999999981,,13518,"[954, 270]",False,Left,True,-1.0,False,medium,False,"[[630, 132], [540, 474], [468, 582], [702, 600], [486, 636], [846, 672], [828, 798]]",,"[[240, 18], [1146, 342]]",,0.45338083036493815,0.37505502096214327
482,3,1,8.013000000000034,,13518,"[954, 270]",False,Left,True,-1.0,False,medium,False,"[[630, 126], [540, 468], [468, 576], [702, 594], [486, 630], [846, 666], [828, 792]]",,"[[240, 12], [1146, 336]]",,0.45338083036493815,0.37505502096214327
483,3,1,8.029999999999973,,13518,"[954, 270]",False,Left,True,-1.0,False,medium,False,"[[630, 120], [540, 462], [468, 570], [702, 588], [486, 624], [846, 660], [828, 786]]",,"[[240, 6], [1146, 330]]",,0.45291982445943696,0.3762746154151164
484,3,1,8.048000000000002,,13518,"[954, 270]",False,Left,True,0.0,False,medium,False,"[[630, 114], [540, 456], [468, 564], [702, 582], [486, 618], [846, 654], [828, 780]]",,"[[240, 0], [1146, 324]]",,0.45291982445943696,0.3762746154151164
485,3,1,8.06499999999994,,13518,"[954, 270]",False,Left,True,0.0,False,medium,False,"[[630, 108], [540, 450], [468, 558], [702, 576], [486, 612], [846, 648], [828, 774], [954, 810]]",,"[[1152, 318]]",,0.45330947774373487,0.379139232854272
486,3,1,8.081000000000017,,13518,"[954, 270]",False,Left,True,0.0,False,medium,False,"[[636, 102], [546, 444], [474, 552], [708, 570], [492, 606], [852, 642], [834, 768], [960, 804]]",,"[[1158, 312]]",,0.45330947774373487,0.379139232854272
487,3,1,8.09699999999998,,13518,"[954, 270]",False,Left,True,1.0,False,medium,False,"[[642, 96], [552, 438], [480, 546], [714, 564], [498, 600], [858, 636], [840, 762], [966, 798]]",,"[[1164, 306]]",,0.45500252735418983,0.38370739813422927
488,3,1,8.112999999999943,,13518,"[954, 270]",False,Left,True,1.0,False,medium,False,"[[648, 90], [558, 432], [486, 540], [720, 558], [504, 594], [864, 630], [846, 756], [972, 792]]",,"[[1176, 300]]",,0.45500252735418983,0.38370739813422927
489,3,1,8.129000000000019,,13518,"[954, 270]",False,Left,True,1.0,False,medium,False,"[[660, 84], [570, 426], [498, 534], [732, 552], [516, 588], [876, 624], [858, 750], [984, 786]]",,"[[1188, 294]]",,0.45491960868814624,0.3855643267492084
490,3,1,8.145999999999958,,13518,"[954, 270]",False,Left,True,1.0,False,medium,False,"[[672, 78], [582, 420], [510, 528], [744, 546], [528, 582], [888, 618], [870, 744], [996, 780]]",,"[[1200, 288]]",,0.45491960868814624,0.3855643267492084
491,3,1,8.163000000000011,,13518,"[954, 270]",False,Left,True,1.0,False,medium,False,"[[684, 72], [594, 414], [522, 522], [756, 540], [540, 576], [900, 612], [882, 738], [1008, 774]]",,"[[1212, 282]]",,0.4547987409868339,0.3860374036789118
492,3,1,8.178999999999974,,13518,"[954, 270]",False,Left,True,1.0,False,medium,False,"[[696, 66], [606, 408], [534, 516], [768, 534], [552, 570], [912, 606], [894, 732], [1020, 768]]",,"[[1224, 276]]",,0.4547987409868339,0.3860374036789118
493,3,1,8.196000000000026,,13518,"[954, 270]",False,Left,True,1.0,False,medium,False,"[[708, 60], [618, 402], [546, 510], [780, 528], [564, 564], [924, 600], [906, 726], [1032, 762]]",,"[[1236, 270]]",,0.4379604757930786,0.36529751512951636
494,3,1,8.212999999999965,,13518,"[954, 270]",False,Left,True,1.0,False,medium,False,"[[720, 54], [630, 396], [558, 504], [792, 522], [576, 558], [936, 594], [918, 720], [1044, 756]]",,"[[1248, 264]]",,0.4379604757930786,0.36529751512951636
495,3,1,8.231999999999971,,13518,"[954, 270]",False,Left,True,1.0,False,medium,False,"[[732, 48], [642, 390], [570, 498], [804, 516], [588, 552], [948, 588], [930, 714], [1056, 750]]",,"[[1260, 258]]",,-0.5404386721883202,-0.21603567105792854
496,3,1,8.249000000000024,,13518,"[954, 270]",False,Left,True,1.0,False,medium,False,"[[744, 42], [654, 384], [582, 492], [816, 510], [600, 546], [960, 582], [942, 708], [1068, 744]]",,"[[1272, 252]]",,-0.5404386721883202,-0.21603567105792854
497,3,1,8.264999999999986,,13518,"[954, 270]",False,Left,True,1.0,False,medium,False,"[[756, 36], [666, 378], [594, 486], [828, 504], [612, 540], [972, 576], [954, 702], [1080, 738]]",,"[[1284, 246]]",,0.4389459058710644,0.3586255661868716
498,3,1,8.282000000000039,,13518,"[954, 270]",False,,True,1.0,False,medium,False,"[[768, 30], [678, 372], [606, 480], [840, 498], [624, 534], [984, 570], [966, 696], [1092, 732]]",,"[[1290, 240]]",,0.4389459058710644,0.3586255661868716
499,3,1,8.298000000000002,,13518,"[954, 270]",False,,True,1.0,False,medium,False,"[[774, 24], [684, 366], [612, 474], [846, 492], [630, 528], [990, 564], [972, 690], [1098, 726]]",,"[[1296, 234]]",,0.44101824340316054,0.3588490993693805
500,3,1,8.313999999999965,,13518,"[954, 270]",False,,True,1.0,False,medium,False,"[[780, 18], [690, 360], [618, 468], [852, 486], [636, 522], [996, 558], [978, 684], [1104, 720]]",,"[[1302, 228]]",,0.44101824340316054,0.3588490993693805
501,3,1,8.330000000000041,,13518,"[954, 270]",False,,True,1.0,False,medium,False,"[[786, 12], [696, 354], [624, 462], [858, 480], [642, 516], [1002, 552], [984, 678], [1110, 714]]",,"[[1308, 222]]",,0.4414056481614959,0.3635202042433624
502,3,1,8.34699999999998,,13518,"[954, 270]",False,,True,1.0,False,medium,False,"[[792, 6], [702, 348], [630, 456], [864, 474], [648, 510], [1008, 546], [990, 672], [1116, 708]]",,"[[1314, 216]]",,0.4414056481614959,0.3635202042433624
503,3,1,8.362999999999943,,13518,"[954, 270]",False,,True,1.0,False,medium,False,"[[798, 0], [708, 342], [636, 450], [870, 468], [654, 504], [1014, 540], [996, 666], [1122, 702]]",,"[[1320, 210]]",,0.4419869107785953,0.3661181221181916
504,3,1,8.379000000000019,,13518,"[954, 270]",False,,True,1.0,False,medium,False,"[[714, 336], [642, 444], [876, 462], [660, 498], [1020, 534], [1002, 660], [1128, 696]]",,"[[1326, 204]]",,0.4419869107785953,0.3661181221181916
505,3,1,8.395999999999958,,13518,"[954, 270]",False,,True,1.0,False,medium,False,"[[720, 330], [648, 438], [882, 456], [666, 492], [1026, 528], [1008, 654], [1134, 690]]",,"[[1332, 198]]",,-0.3156846816253311,-0.07172175546987902
506,3,1,8.412000000000035,,13518,"[954, 270]",False,,True,1.0,False,medium,False,"[[726, 324], [654, 432], [888, 450], [672, 486], [1032, 522], [1014, 648], [1140, 684]]",,"[[1338, 192]]",,-0.3156846816253311,-0.07172175546987902
507,3,1,8.42999999999995,,13518,"[954, 270]",False,,True,1.0,False,medium,False,"[[732, 318], [660, 426], [894, 444], [678, 480], [1038, 516], [1020, 642], [1146, 678]]",,"[[1344, 186]]",,-0.3273470600039162,-0.034372692544552885
508,3,1,8.447000000000003,,13518,"[954, 270]",False,,True,1.0,False,medium,False,"[[738, 312], [666, 420], [900, 438], [684, 474], [1044, 510], [1026, 636], [1152, 672]]",,"[[1350, 180]]",,-0.3273470600039162,-0.034372692544552885
509,3,1,8.462999999999965,,13518,"[954, 270]",False,,True,1.0,False,medium,False,"[[744, 306], [672, 414], [906, 432], [690, 468], [1050, 504], [1032, 630], [1158, 666]]",,"[[1356, 174]]",,0.4450683376943503,0.3708316881939604
510,3,1,8.480000000000018,,13518,"[954, 270]",False,,True,1.0,False,medium,False,"[[750, 300], [678, 408], [912, 426], [696, 462], [1056, 498], [1038, 624], [1164, 660]]",,"[[1362, 168]]",,0.4450683376943503,0.3708316881939604
511,3,1,8.495999999999981,,13518,"[954, 270]",False,,True,1.0,False,medium,False,"[[756, 294], [684, 402], [918, 420], [702, 456], [1062, 492], [1044, 618], [1170, 654]]",,"[[1368, 162]]",,0.44649687316621245,0.3723485479037648
512,3,1,8.511999999999944,,13518,"[954, 270]",False,,True,1.0,False,medium,False,"[[762, 288], [690, 396], [924, 414], [708, 450], [1068, 486], [1050, 612], [1176, 648]]",,"[[1374, 156]]",,0.44649687316621245,0.3723485479037648
513,3,1,8.528999999999996,,13518,"[954, 270]",False,,True,1.0,False,medium,False,"[[768, 282], [696, 390], [930, 408], [714, 444], [1074, 480], [1056, 606], [1182, 642]]",,"[[1380, 150]]",,-0.2950116186859562,-0.0129915221239707
514,3,1,8.544999999999959,,13518,"[954, 270]",False,,True,1.0,False,medium,False,"[[774, 276], [702, 384], [936, 402], [720, 438], [1080, 474], [1062, 600], [1188, 636]]",,"[[1386, 144]]",,-0.2950116186859562,-0.0129915221239707
515,3,1,8.561000000000035,,13518,"[954, 270]",False,,True,1.0,False,medium,False,"[[780, 270], [708, 378], [942, 396], [726, 432], [1086, 468], [1068, 594], [1194, 630]]",,"[[1392, 138]]",,-0.10659164903921683,-0.16665088754411217
516,3,1,8.577999999999975,,13518,"[954, 270]",False,Left,True,1.0,False,medium,False,"[[786, 264], [714, 372], [948, 390], [732, 426], [1092, 462], [1074, 588], [1200, 624]]",,"[[1404, 132]]",,-0.10659164903921683,-0.16665088754411217
517,3,1,8.595000000000027,,13518,"[954, 270]",False,Left,True,1.0,False,medium,False,"[[798, 258], [726, 366], [960, 384], [744, 420], [1104, 456], [1086, 582], [1212, 618]]",,"[[1416, 126]]",,-0.3179876141085388,-0.028748231001205937
518,3,1,8.612999999999943,,13518,"[954, 270]",False,Left,True,1.0,False,medium,False,"[[810, 252], [738, 360], [972, 378], [756, 414], [1116, 450], [1098, 576], [1224, 612]]",,"[[1428, 120]]",,-0.3179876141085388,-0.028748231001205937
519,3,1,8.629000000000019,,13518,"[954, 270]",False,Left,True,1.0,False,medium,False,"[[822, 246], [750, 354], [984, 372], [768, 408], [1128, 444], [1110, 570], [1236, 606]]",,"[[1440, 114]]",,-0.3274545067086462,-0.035621308982069166
520,3,1,8.645999999999958,,13518,"[954, 270]",False,Left,True,1.0,False,medium,False,"[[834, 240], [762, 348], [996, 366], [780, 402], [1140, 438], [1122, 564], [1248, 600]]",,"[[1452, 108]]",,-0.3274545067086462,-0.035621308982069166
521,3,1,8.662000000000035,,13518,"[954, 270]",False,Left,True,1.0,False,medium,False,"[[846, 234], [774, 342], [1008, 360], [792, 396], [1152, 432], [1134, 558], [1260, 594]]",,"[[1464, 102]]",,0.45375034111889007,0.3812542858587704
522,3,1,8.678999999999974,,13518,"[954, 270]",False,Left,True,1.0,False,medium,False,"[[858, 228], [786, 336], [1020, 354], [804, 390], [1164, 426], [1146, 552], [1272, 588]]",,"[[1476, 96]]",,0.45375034111889007,0.3812542858587704
523,3,1,8.694999999999936,,13518,"[954, 270]",False,Left,True,1.0,False,medium,False,"[[870, 222], [798, 330], [1032, 348], [816, 384], [1176, 420], [1158, 546], [1284, 582]]",,"[[1488, 90]]",,-0.3516433253709258,-0.0524485255369489
524,3,1,8.711000000000013,,13518,"[954, 270]",False,Left,True,1.0,False,medium,False,"[[882, 216], [810, 324], [1044, 342], [828, 378], [1188, 414], [1170, 540], [1296, 576]]",,"[[1500, 84]]",,-0.3516433253709258,-0.0524485255369489
525,3,1,8.727999999999952,,13518,"[954, 270]",False,Left,True,1.0,False,medium,False,"[[894, 210], [822, 318], [1056, 336], [840, 372], [1200, 408], [1182, 534], [1308, 570]]",,"[[1512, 78]]",,-0.3645708049998199,-0.06160614580571866
526,3,1,8.744000000000028,,13518,"[954, 270]",False,Left,True,1.0,False,medium,False,"[[906, 204], [834, 312], [1068, 330], [852, 366], [1212, 402], [1194, 528], [1320, 564]]",,"[[1524, 72]]",,-0.3645708049998199,-0.06160614580571866
527,3,1,8.760999999999967,,13518,"[954, 270]",False,Left,True,1.0,False,medium,False,"[[918, 198], [846, 306], [1080, 324], [864, 360], [1224, 396], [1206, 522], [1332, 558]]",,"[[1536, 66]]",,0.45873875301289624,0.3824803619228637
528,3,1,8.777000000000044,,13518,"[954, 270]",False,Left,True,1.0,False,medium,False,"[[930, 192], [858, 300], [1092, 318], [876, 354], [1236, 390], [1218, 516], [1344, 552]]",,"[[1548, 60]]",,0.45873875301289624,0.3824803619228637
529,3,1,8.794999999999959,,13518,"[954, 270]",False,Right,True,1.0,False,medium,False,"[[942, 186], [870, 294], [1104, 312], [888, 348], [1248, 384], [1230, 510], [1356, 546]]",,"[[1548, 54]]",,-0.5333394826811371,-0.2316813476815911
530,3,1,8.809999999999945,,13518,"[954, 270]",False,Right,True,1.0,False,medium,False,"[[942, 180], [870, 288], [1104, 306], [888, 342], [1248, 378], [1230, 504], [1356, 540]]",,"[[1548, 48]]",,-0.5333394826811371,-0.2316813476815911
531,3,1,8.826999999999998,,13518,"[954, 270]",False,Right,True,1.0,False,medium,False,"[[942, 174], [870, 282], [1104, 300], [888, 336], [1248, 372], [1230, 498], [1356, 534]]",,"[[1548, 42]]",,0.4576092897517555,0.38354326326410115
532,3,1,8.842999999999961,,13518,"[954, 270]",False,Right,True,1.0,False,medium,False,"[[942, 168], [870, 276], [1104, 294], [888, 330], [1248, 366], [1230, 492], [1356, 528]]",,"[[1548, 36]]",,0.4576092897517555,0.38354326326410115
533,3,1,8.860000000000014,,13518,"[954, 270]",False,Right,True,1.0,False,medium,False,"[[942, 162], [870, 270], [1104, 288], [888, 324], [1248, 360], [1230, 486], [1356, 522]]",,"[[1548, 30]]",,0.45685441130288246,0.3838278096419263
534,3,1,8.875999999999976,,13518,"[954, 270]",False,Right,True,1.0,False,medium,False,"[[942, 156], [870, 264], [1104, 282], [888, 318], [1248, 354], [1230, 480], [1356, 516]]",,"[[1548, 24]]",,0.45685441130288246,0.3838278096419263
535,3,1,8.893000000000029,,13518,"[954, 270]",False,Right,True,1.0,False,medium,False,"[[942, 150], [870, 258], [1104, 276], [888, 312], [1248, 348], [1230, 474], [1356, 510]]",,"[[1548, 18]]",,0.45934155379059927,0.38405786986115054
536,3,1,8.908999999999992,,13518,"[954, 270]",False,Right,True,1.0,False,medium,False,"[[942, 144], [870, 252], [1104, 270], [888, 306], [1248, 342], [1230, 468], [1356, 504]]",,"[[1548, 12]]",,0.45934155379059927,0.38405786986115054
537,3,1,8.927000000000021,,13518,"[954, 270]",False,Right,True,1.0,False,medium,False,"[[942, 138], [870, 246], [1104, 264], [888, 300], [1248, 336], [1230, 462], [1356, 498]]",,"[[1548, 6]]",,-0.12910556322331024,-0.21830637178302315
538,3,1,8.942999999999984,,13518,"[954, 270]",False,Right,True,0.0,False,medium,False,"[[942, 132], [870, 240], [1104, 258], [888, 294], [1248, 330], [1230, 456], [1356, 492]]",,"[[1548, 0]]",,-0.12910556322331024,-0.21830637178302315
539,3,1,8.960000000000036,,13518,"[954, 270]",False,Right,True,0.0,False,medium,False,"[[942, 126], [870, 234], [1104, 252], [888, 288], [1248, 324], [1230, 450], [1356, 486]]",,[],,-0.14385781612422416,-0.22205630313504288
540,3,1,8.976999999999975,,13518,"[954, 270]",False,Right,True,0.0,False,medium,False,"[[936, 120], [864, 228], [1098, 246], [882, 282], [1242, 318], [1224, 444], [1350, 480]]",,[],,-0.14385781612422416,-0.22205630313504288
541,3,1,8.994000000000028,,13518,"[954, 270]",False,Right,True,0.0,False,medium,False,"[[930, 114], [858, 222], [1092, 240], [876, 276], [1236, 312], [1218, 438], [1344, 474]]",,[],,0.4626484421276619,0.38498647852653844
542,3,1,9.009999999999991,,13518,"[954, 270]",False,Right,True,0.0,False,medium,False,"[[924, 108], [852, 216], [1086, 234], [870, 270], [1230, 306], [1212, 432], [1338, 468]]",,[],,0.4626484421276619,0.38498647852653844
543,3,1,9.027000000000044,,13518,"[954, 270]",False,Right,True,0.0,False,medium,False,"[[918, 102], [846, 210], [1080, 228], [864, 264], [1224, 300], [1206, 426], [1332, 462]]",,[],,0.4624598032603216,0.38604573316071356
544,3,1,9.043999999999983,,13518,"[954, 270]",False,Right,True,0.0,False,medium,False,"[[912, 96], [840, 204], [1074, 222], [858, 258], [1218, 294], [1200, 420], [1326, 456]]",,[],,0.4624598032603216,0.38604573316071356
545,3,1,9.059999999999945,,13518,"[954, 270]",False,Right,True,0.0,False,medium,False,"[[906, 90], [834, 198], [1068, 216], [852, 252], [1212, 288], [1194, 414], [1320, 450]]",,[],,-0.16176703101846987,-0.24248998059850457
546,3,1,9.076000000000022,,13518,"[954, 270]",False,Right,True,0.0,False,medium,False,"[[900, 84], [828, 192], [1062, 210], [846, 246], [1206, 282], [1188, 408], [1314, 444]]",,[],,-0.16176703101846987,-0.24248998059850457
547,3,1,9.092999999999961,,13518,"[954, 270]",False,Right,True,0.0,False,medium,False,"[[894, 78], [822, 186], [1056, 204], [840, 240], [1200, 276], [1182, 402], [1308, 438]]",,[],,-0.1693176724559186,-0.25106764488229527
548,3,1,9.109000000000037,,13518,"[954, 270]",False,Right,True,0.0,False,medium,False,"[[888, 72], [816, 180], [1050, 198], [834, 234], [1194, 270], [1176, 396], [1302, 432]]",,[],,-0.1693176724559186,-0.25106764488229527
549,3,1,9.125999999999976,,13518,"[954, 270]",False,Right,True,0.0,False,medium,False,"[[882, 66], [810, 174], [1044, 192], [828, 228], [1188, 264], [1170, 390], [1296, 426]]",,[],,0.45978020577208606,0.3874781606101232
550,3,1,9.141999999999939,,13518,"[954, 270]",False,Right,True,0.0,False,medium,False,"[[876, 60], [804, 168], [1038, 186], [822, 222], [1182, 258], [1164, 384], [1290, 420]]",,[],,0.45978020577208606,0.3874781606101232
551,3,1,9.158999999999992,,13518,"[954, 270]",False,Right,True,0.0,False,medium,False,"[[870, 54], [798, 162], [1032, 180], [816, 216], [1176, 252], [1158, 378], [1284, 414]]",,[],,-0.6117229520024385,-0.23391348873438678
552,3,1,9.174999999999955,,13518,"[954, 270]",False,Right,True,0.0,False,medium,False,"[[864, 48], [792, 156], [1026, 174], [810, 210], [1170, 246], [1152, 372], [1278, 408]]",,[],,-0.6117229520024385,-0.23391348873438678
553,3,1,9.192000000000007,,13518,"[954, 270]",False,Right,True,0.0,False,medium,False,"[[858, 42], [786, 150], [1020, 168], [804, 204], [1164, 240], [1146, 366], [1272, 402]]",,[],,0.4571467619436896,0.37953977018989693
554,3,1,9.208999999999946,,13518,"[954, 270]",False,Right,True,0.0,False,medium,False,"[[852, 36], [780, 144], [1014, 162], [798, 198], [1158, 234], [1140, 360], [1266, 396]]",,[],,0.4571467619436896,0.37953977018989693
555,3,1,9.226999999999975,,13518,"[954, 270]",False,Right,True,0.0,False,medium,False,"[[846, 30], [774, 138], [1008, 156], [792, 192], [1152, 228], [1134, 354], [1260, 390]]",,[],,-0.17838021599529236,-0.28978240897656704
556,3,1,9.242999999999938,,13518,"[954, 270]",False,Right,True,0.0,False,medium,False,"[[840, 24], [768, 132], [1002, 150], [786, 186], [1146, 222], [1128, 348], [1254, 384]]",,[],,-0.17838021599529236,-0.28978240897656704
557,3,1,9.259999999999991,,13518,"[954, 270]",False,Right,True,0.0,False,medium,False,"[[834, 18], [762, 126], [996, 144], [780, 180], [1140, 216], [1122, 342], [1248, 378]]",,[],,0.4595381342961131,0.3815114694326742
558,3,1,9.27800000000002,,13518,"[954, 270]",False,Right,True,0.0,False,medium,False,"[[828, 12], [756, 120], [990, 138], [774, 174], [1134, 210], [1116, 336], [1242, 372]]",,[],,0.4595381342961131,0.3815114694326742
559,3,1,9.295999999999935,,13518,"[954, 270]",False,Right,True,0.0,False,medium,False,"[[822, 6], [750, 114], [984, 132], [768, 168], [1128, 204], [1110, 330], [1236, 366]]",,[],,0.4602927352607381,0.3817950262536546
560,3,1,9.312999999999988,,13518,"[954, 270]",False,Right,True,0.0,False,medium,False,"[[816, 0], [744, 108], [978, 126], [762, 162], [1122, 198], [1104, 324], [1230, 360]]",,[],,0.4602927352607381,0.3817950262536546
561,3,1,9.331999999999994,,13518,"[954, 270]",False,,True,0.0,False,medium,False,"[[738, 102], [972, 120], [756, 156], [1116, 192], [1098, 318], [1224, 354]]",,[],,0.4612450384583909,0.3816768172267623
562,3,1,9.34699999999998,,13518,"[954, 270]",False,,True,0.0,False,medium,False,"[[738, 96], [972, 114], [756, 150], [1116, 186], [1098, 312], [1224, 348]]",,[],,0.4612450384583909,0.3816768172267623
563,3,1,9.362999999999943,,13518,"[954, 270]",False,,True,0.0,False,medium,False,"[[738, 90], [972, 108], [756, 144], [1116, 180], [1098, 306], [1224, 342]]",,[],,-0.22241672153484596,-0.3269631348581292
564,3,1,9.379999999999995,,13518,"[954, 270]",False,,True,0.0,False,medium,False,"[[738, 84], [972, 102], [756, 138], [1116, 174], [1098, 300], [1224, 336]]",,[],,-0.22241672153484596,-0.3269631348581292
565,3,1,9.395999999999958,,13518,"[954, 270]",False,,True,0.0,False,medium,False,"[[738, 78], [972, 96], [756, 132], [1116, 168], [1098, 294], [1224, 330]]",,[],,-0.22249489439075615,-0.3421026729065597
566,3,1,9.412000000000035,,13518,"[954, 270]",False,,True,0.0,False,medium,False,"[[738, 72], [972, 90], [756, 126], [1116, 162], [1098, 288], [1224, 324]]",,[],,-0.22249489439075615,-0.3421026729065597
567,3,1,9.428999999999974,,13518,"[954, 270]",False,,True,0.0,False,medium,False,"[[738, 66], [972, 84], [756, 120], [1116, 156], [1098, 282], [1224, 318]]",,[],,-0.23917330431084202,-0.3465782218559994
568,3,1,9.444999999999936,,13518,"[954, 270]",False,,True,0.0,False,medium,False,"[[738, 60], [972, 78], [756, 114], [1116, 150], [1098, 276], [1224, 312]]",,[],,-0.23917330431084202,-0.3465782218559994
569,3,1,9.461999999999989,,13518,"[954, 270]",False,,True,0.0,False,medium,False,"[[738, 54], [972, 72], [756, 108], [1116, 144], [1098, 270], [1224, 306]]",,[],,-0.2508569624302832,-0.3602356063061647
570,3,1,9.477999999999952,,13518,"[954, 270]",False,,True,0.0,False,medium,False,"[[738, 48], [972, 66], [756, 102], [1116, 138], [1098, 264], [1224, 300]]",,[],,-0.2508569624302832,-0.3602356063061647
571,3,1,9.494000000000028,,13518,"[954, 270]",False,,True,0.0,False,medium,False,"[[738, 42], [972, 60], [756, 96], [1116, 132], [1098, 258], [1224, 294]]",,[],,-0.2569720447492677,-0.36749777818618834
572,3,1,9.511999999999944,,13518,"[954, 270]",False,,True,0.0,False,medium,False,"[[738, 36], [972, 54], [756, 90], [1116, 126], [1098, 252], [1224, 288]]",,[],,-0.2569720447492677,-0.36749777818618834
573,3,1,9.528999999999996,,13518,"[954, 270]",False,,True,0.0,False,medium,False,"[[738, 30], [972, 48], [756, 84], [1116, 120], [1098, 246], [1224, 282]]",,[],,-0.2708663198028184,-0.3837222669639433
574,3,1,9.545999999999935,,13518,"[954, 270]",False,,True,0.0,False,medium,False,"[[738, 24], [972, 42], [756, 78], [1116, 114], [1098, 240], [1224, 276]]",,[],,-0.2708663198028184,-0.3837222669639433
575,3,1,9.562999999999988,,13518,"[954, 270]",False,,True,0.0,False,medium,False,"[[738, 18], [972, 36], [756, 72], [1116, 108], [1098, 234], [1224, 270]]",,[],,0.46487535332367197,0.3574514560865011
576,3,1,9.57899999999995,,13518,"[954, 270]",False,,True,0.0,False,medium,False,"[[738, 12], [972, 30], [756, 66], [1116, 102], [1098, 228], [1224, 264]]",,[],,0.46487535332367197,0.3574514560865011
577,3,1,9.596000000000004,,13518,"[954, 270]",False,,True,0.0,False,medium,False,"[[738, 6], [972, 24], [756, 60], [1116, 96], [1098, 222], [1224, 258]]",,[],,-0.296775272926348,-0.41406692405033163
578,3,1,9.611999999999966,,13518,"[954, 270]",False,,True,0.0,False,medium,False,"[[738, 0], [972, 18], [756, 54], [1116, 90], [1098, 216], [1224, 252]]",,[],,-0.296775272926348,-0.41406692405033163
579,3,1,9.628000000000043,,13518,"[954, 270]",False,,True,0.0,False,medium,False,"[[972, 12], [756, 48], [1116, 84], [1098, 210], [1224, 246]]",,[],,-0.29248395170685637,-0.4255211833974297
580,3,1,9.644999999999982,,13518,"[954, 270]",False,,True,0.0,False,medium,False,"[[972, 6], [756, 42], [1116, 78], [1098, 204], [1224, 240]]",,[],,-0.29248395170685637,-0.4255211833974297
581,3,1,9.660999999999945,,13518,"[954, 270]",False,,True,0.0,False,medium,False,"[[972, 0], [756, 36], [1116, 72], [1098, 198], [1224, 234], [1098, 810]]",,[],,-0.3072782549166715,-0.4431536598995953
582,3,1,9.677999999999997,,13518,"[954, 270]",False,Right,True,0.0,False,medium,False,"[[756, 30], [1116, 66], [1098, 192], [1224, 228], [1098, 804]]",,[],,0.46452918552857686,0.3632776375017771
583,3,1,9.694999999999936,,13518,"[954, 270]",False,Right,True,0.0,False,medium,False,"[[750, 24], [1110, 60], [1092, 186], [1218, 222], [1092, 798]]",,[],,0.46463947079403123,0.3656786390455965
584,3,1,9.712999999999965,,13518,"[954, 270]",False,Right,True,0.0,False,medium,False,"[[744, 18], [1104, 54], [1086, 180], [1212, 216], [1086, 792]]",,[],,0.46463947079403123,0.3656786390455965
585,3,1,9.730000000000018,,13518,"[954, 270]",False,Right,True,0.0,False,medium,False,"[[738, 12], [1098, 48], [1080, 174], [1206, 210], [1080, 786]]",,[],,0.4643918902360015,0.35614089742730337
586,3,1,9.745999999999981,,13518,"[954, 270]",False,Right,True,0.0,False,medium,False,"[[732, 6], [1092, 42], [1074, 168], [1200, 204], [1074, 780]]",,[],,0.45080024993171086,0.3000437537290773
587,3,1,9.761999999999944,,13518,"[954, 270]",False,Right,True,0.0,False,medium,False,"[[726, 0], [1086, 36], [1068, 162], [1194, 198], [1068, 774]]",,[],,0.4596980327422333,0.3425976451477055
588,3,1,9.77800000000002,,13518,"[954, 270]",False,Right,True,0.0,False,medium,False,"[[1080, 30], [1062, 156], [1188, 192], [1062, 768]]",,[],,0.45108530853575035,0.30010572426361004
589,3,1,9.793999999999983,,13518,"[954, 270]",False,Right,True,0.0,False,medium,False,"[[1074, 24], [1056, 150], [1182, 186], [1056, 762]]",,[],,-0.38104950637315127,-0.5129732365400015
590,3,1,9.812999999999988,,13518,"[954, 270]",False,,True,0.0,False,medium,False,"[[1068, 18], [1050, 144], [1176, 180], [1050, 756], [690, 810]]",,[],,-0.38104950637315127,-0.5129732365400015
591,3,1,9.82899999999995,,13518,"[954, 270]",False,,True,0.0,False,medium,False,"[[1068, 12], [1050, 138], [1176, 174], [1050, 750], [690, 804]]",,[],,0.4496294385024404,0.29998570847166617
592,3,1,9.846000000000004,,13518,"[954, 270]",False,,True,0.0,False,medium,False,"[[1068, 6], [1050, 132], [1176, 168], [1050, 744], [690, 798]]",,[],,0.449735161584888,0.3004407298955366
593,3,1,9.861999999999966,,13518,"[954, 270]",False,,True,0.0,False,medium,False,"[[1068, 0], [1050, 126], [1176, 162], [1050, 738], [690, 792], [1050, 810], [870, 810]]",,[],,0.4500669524172899,0.3023594053019364
594,3,1,9.879999999999995,,13518,"[954, 270]",False,,True,0.0,False,medium,False,"[[1050, 120], [1176, 156], [1050, 732], [690, 786], [1050, 804], [870, 804]]",,[],,-0.4119374118780887,-0.5493483573580362
595,3,1,9.898000000000025,,13518,"[954, 270]",False,,True,0.0,False,medium,False,"[[1050, 114], [1176, 150], [1050, 726], [690, 780], [1050, 798], [870, 798]]",,[],,0.4497394594862677,0.3058214730861306
596,3,1,9.914999999999964,,13518,"[954, 270]",False,,True,0.0,False,medium,False,"[[1050, 108], [1176, 144], [1050, 720], [690, 774], [1050, 792], [870, 792]]",,[],,0.4497394594862677,0.3058214730861306
597,3,1,9.93100000000004,,13518,"[954, 270]",False,,True,0.0,False,medium,False,"[[1050, 102], [1176, 138], [1050, 714], [690, 768], [1050, 786], [870, 786]]",,[],,-0.4305780195184238,-0.5907114429586013
598,3,1,9.947000000000003,,13518,"[954, 270]",False,,True,0.0,False,medium,False,"[[1050, 96], [1176, 132], [1050, 708], [690, 762], [1050, 780], [870, 780]]",,[],,-0.4305780195184238,-0.5907114429586013
599,3,1,9.962999999999965,,13518,"[954, 270]",False,,True,0.0,False,medium,False,"[[1050, 90], [1176, 126], [1050, 702], [690, 756], [1050, 774], [870, 774]]",,[],,0.4584651708917077,0.34200738745164705
600,3,1,9.980000000000018,,13518,"[954, 270]",False,,True,0.0,False,medium,False,"[[1050, 84], [1176, 120], [1050, 696], [690, 750], [1050, 768], [870, 768]]",,[],,0.4584651708917077,0.34200738745164705
601,3,1,9.996999999999957,,13518,"[954, 270]",False,,True,0.0,False,medium,False,"[[1050, 78], [1176, 114], [1050, 690], [690, 744], [1050, 762], [870, 762]]",,[],,0.4584426838486643,0.34439625137499996
602,3,1,10.01400000000001,,13518,"[954, 270]",False,,True,0.0,False,medium,False,"[[1050, 72], [1176, 108], [1050, 684], [690, 738], [1050, 756], [870, 756]]",,[],,0.4588067942539344,0.3446576856702368
603,3,1,10.030999999999949,,13518,"[954, 270]",False,,True,0.0,False,medium,False,"[[1050, 66], [1176, 102], [1050, 678], [690, 732], [1050, 750], [870, 750]]",,[],,0.45779113423569395,0.3452945097277548
604,3,1,10.048000000000002,,13518,"[954, 270]",False,,True,0.0,False,medium,False,"[[1050, 60], [1176, 96], [1050, 672], [690, 726], [1050, 744], [870, 744]]",,[],,0.45779113423569395,0.3452945097277548
605,3,1,10.063999999999965,,13518,"[954, 270]",False,,True,0.0,False,medium,False,"[[1050, 54], [1176, 90], [1050, 666], [690, 720], [1050, 738], [870, 738]]",,[],,-0.5372366335164617,-0.6976264580345439
606,3,1,10.081000000000017,,13518,"[954, 270]",False,,True,0.0,False,medium,False,"[[1050, 48], [1176, 84], [1050, 660], [690, 714], [1050, 732], [870, 732]]",,[],,-0.5372366335164617,-0.6976264580345439
607,3,1,10.09699999999998,,13518,"[954, 270]",False,,True,0.0,False,medium,False,"[[1050, 42], [1176, 78], [1050, 654], [690, 708], [1050, 726], [870, 726]]",,[],,-0.588046997716966,-0.7798438459888339
608,3,1,10.114000000000033,,13518,"[954, 270]",False,,True,0.0,False,medium,False,"[[1050, 36], [1176, 72], [1050, 648], [690, 702], [1050, 720], [870, 720]]",,[],,-0.586210625592297,-0.7777126917886423
609,3,1,10.129999999999995,,13518,"[954, 270]",False,,True,0.0,False,medium,False,"[[1050, 30], [1176, 66], [1050, 642], [690, 696], [1050, 714], [870, 714]]",,[],,-0.6273682140810235,-0.8273186304057087
610,3,1,10.145999999999958,,13518,"[954, 270]",False,,True,0.0,False,medium,False,"[[1050, 24], [1176, 60], [1050, 636], [690, 690], [1050, 708], [870, 708]]",,[],,-0.6273682140810235,-0.8273186304057087
611,3,1,10.163000000000011,,13518,"[954, 270]",False,,True,0.0,False,medium,False,"[[1050, 18], [1176, 54], [1050, 630], [690, 684], [1050, 702], [870, 702]]",,[],,0.4556014031835519,0.33982609308197775
612,3,1,10.17999999999995,,13518,"[954, 270]",False,,True,0.0,False,medium,False,"[[1050, 12], [1176, 48], [1050, 624], [690, 678], [1050, 696], [870, 696]]",,[],,0.4556014031835519,0.33982609308197775
613,3,1,10.196000000000026,,13518,"[954, 270]",False,,True,0.0,False,medium,False,"[[1050, 6], [1176, 42], [1050, 618], [690, 672], [1050, 690], [870, 690]]",,"[[462, 810]]",,-0.6435272472980791,-0.870685564580169
614,3,1,10.212999999999965,,13518,"[954, 270]",False,,True,0.0,False,medium,False,"[[1050, 0], [1176, 36], [1050, 612], [690, 666], [1050, 684], [870, 684]]",,"[[462, 804]]",,0.45666361353257273,0.34004059654776597
615,3,1,10.230000000000018,,13518,"[954, 270]",False,,True,0.0,False,medium,False,"[[1176, 30], [1050, 606], [690, 660], [1050, 678], [870, 678]]",,"[[462, 798]]",,0.4585034431824305,0.3445839447780039
616,3,1,10.246999999999957,,13518,"[954, 270]",False,,True,0.0,False,medium,False,"[[1176, 24], [1050, 600], [690, 654], [1050, 672], [870, 672]]",,"[[462, 792]]",,0.4585034431824305,0.3445839447780039
617,3,1,10.26400000000001,,13518,"[954, 270]",False,,True,0.0,False,medium,False,"[[1176, 18], [1050, 594], [690, 648], [1050, 666], [870, 666]]",,"[[462, 786]]",,0.4350886612162195,0.2931551370575204
618,3,1,10.279999999999973,,13518,"[954, 270]",False,,True,0.0,False,medium,False,"[[1176, 12], [1050, 588], [690, 642], [1050, 660], [870, 660]]",,"[[462, 780]]",,0.4295688395286583,0.284474033543187
619,3,1,10.295999999999935,,13518,"[954, 270]",False,,True,0.0,False,medium,False,"[[1176, 6], [1050, 582], [690, 636], [1050, 654], [870, 654]]",,"[[462, 774]]",,0.43007515793431433,0.283595599323443
620,3,1,10.312999999999988,,13518,"[954, 270]",False,,True,0.0,False,medium,False,"[[1176, 0], [1050, 576], [690, 630], [1050, 648], [870, 648], [816, 810]]",,"[[462, 768]]",,0.4298627718038043,0.28444963742672913
621,3,1,10.32899999999995,,13518,"[954, 270]",False,,True,0.0,False,medium,False,"[[1050, 570], [690, 624], [1050, 642], [870, 642], [816, 804]]",,"[[462, 762]]",,0.4299177338338954,0.2827998455101658
622,3,1,10.345000000000027,,13518,"[954, 270]",False,,True,0.0,False,medium,False,"[[1050, 564], [690, 618], [1050, 636], [870, 636], [816, 798]]",,"[[462, 756]]",,0.42950632873616457,0.28195555433258157
623,3,1,10.361999999999966,,13518,"[954, 270]",False,,True,0.0,False,medium,False,"[[1050, 558], [690, 612], [1050, 630], [870, 630], [816, 792]]",,"[[462, 750]]",,0.42950632873616457,0.28195555433258157
624,3,1,10.378000000000043,,13518,"[954, 270]",False,,True,0.0,False,medium,False,"[[1050, 552], [690, 606], [1050, 624], [870, 624], [816, 786]]",,"[[462, 744]]",,0.43080041894949545,0.28603015849848645
625,3,1,10.394999999999982,,13518,"[954, 270]",False,,True,0.0,False,medium,False,"[[1050, 546], [690, 600], [1050, 618], [870, 618], [816, 780]]",,"[[462, 738]]",,0.4309416228437314,0.28612398779354276
626,3,1,10.412000000000035,,13518,"[954, 270]",False,,True,0.0,False,medium,False,"[[1050, 540], [690, 594], [1050, 612], [870, 612], [816, 774]]",,"[[462, 732]]",,0.42986470521615405,0.2889290369167644
627,3,1,10.428999999999974,,13518,"[954, 270]",False,,True,0.0,False,medium,False,"[[1050, 534], [690, 588], [1050, 606], [870, 606], [816, 768]]",,"[[462, 726]]",,0.4291766743606278,0.2906871569753595
628,3,1,10.446000000000026,,13518,"[954, 270]",False,,True,0.0,False,medium,False,"[[1050, 528], [690, 582], [1050, 600], [870, 600], [816, 762]]",,"[[462, 720]]",,-1.0029459334222672,-1.2834008258838523
629,3,1,10.462999999999965,,13518,"[954, 270]",False,,True,0.0,False,medium,False,"[[1050, 522], [690, 576], [1050, 594], [870, 594], [816, 756]]",,"[[462, 714]]",,0.4396333422302951,0.33212744793385185
630,3,1,10.480000000000018,,13518,"[954, 270]",False,,True,0.0,False,medium,False,"[[1050, 516], [690, 570], [1050, 588], [870, 588], [816, 750]]",,"[[462, 708]]",,-0.8433866338706597,-1.2020701335547774
631,3,1,10.495999999999981,,13518,"[954, 270]",False,,True,0.0,False,medium,False,"[[1050, 510], [690, 564], [1050, 582], [870, 582], [816, 744]]",,"[[462, 702]]",,0.4383361859848627,0.33483280966718665
632,3,1,10.511999999999944,,13518,"[954, 270]",False,,True,0.0,False,medium,False,"[[1050, 504], [690, 558], [1050, 576], [870, 576], [816, 738]]",,"[[462, 696]]",,0.42893305804398557,0.29825779814220343
633,3,1,10.52800000000002,,13518,"[954, 270]",False,,True,0.0,False,medium,False,"[[1050, 498], [690, 552], [1050, 570], [870, 570], [816, 732]]",,"[[462, 690]]",,0.42893305804398557,0.29825779814220343
634,3,1,10.544999999999959,,13518,"[954, 270]",False,,True,0.0,False,medium,False,"[[1050, 492], [690, 546], [1050, 564], [870, 564], [816, 726]]",,"[[462, 684]]",,0.4307643479010423,0.30050409660324207
635,3,1,10.562000000000012,,13518,"[954, 270]",False,,True,0.0,False,medium,False,"[[1050, 486], [690, 540], [1050, 558], [870, 558], [816, 720]]",,"[[462, 678]]",,0.4307643479010423,0.30050409660324207
636,3,1,10.577999999999975,,13518,"[954, 270]",False,,True,0.0,False,medium,False,"[[1050, 480], [690, 534], [1050, 552], [870, 552], [816, 714]]",,"[[462, 672]]",,0.4314319496012128,0.3032502933628951
637,3,1,10.593999999999937,,13518,"[954, 270]",False,Right,True,0.0,False,medium,False,"[[1050, 474], [690, 528], [1050, 546], [870, 546], [816, 708]]",,"[[456, 666]]",,0.4314319496012128,0.3032502933628951
638,3,1,10.61099999999999,,13518,"[954, 270]",False,Right,True,0.0,False,medium,False,"[[1044, 468], [684, 522], [1044, 540], [864, 540], [810, 702]]",,"[[450, 660]]",,-1.3871465758395753,-1.7951709490275531
639,3,1,10.628000000000043,,13518,"[954, 270]",False,,True,0.0,False,medium,False,"[[1038, 462], [678, 516], [1038, 534], [858, 534], [804, 696]]",,"[[450, 654]]",,-1.3871465758395753,-1.7951709490275531
640,3,1,10.643000000000029,,13518,"[954, 270]",False,,True,0.0,False,medium,False,"[[1038, 456], [678, 510], [1038, 528], [858, 528], [804, 690]]",,"[[450, 648]]",,0.4281648565679127,0.3051903943056339
641,3,1,10.659999999999968,,13518,"[954, 270]",False,,True,0.0,False,medium,False,"[[1038, 450], [678, 504], [1038, 522], [858, 522], [804, 684]]",,"[[450, 642]]",,0.4281648565679127,0.3051903943056339
642,3,1,10.676000000000045,,13518,"[954, 270]",False,,True,0.0,False,medium,False,"[[1038, 444], [678, 498], [1038, 516], [858, 516], [804, 678]]",,"[[450, 636]]",,0.2313834099616828,0.13373487633166725
643,3,1,10.692999999999984,,13518,"[954, 270]",False,,True,0.0,False,medium,False,"[[1038, 438], [678, 492], [1038, 510], [858, 510], [804, 672]]",,"[[450, 630]]",,0.2313834099616828,0.13373487633166725
644,3,1,10.708999999999946,,13518,"[954, 270]",False,,True,0.0,False,medium,False,"[[1038, 432], [678, 486], [1038, 504], [858, 504], [804, 666]]",,"[[450, 624]]",,0.4392694883886035,0.34259918463720807
645,3,1,10.725999999999999,,13518,"[954, 270]",False,,True,0.0,False,medium,False,"[[1038, 426], [678, 480], [1038, 498], [858, 498], [804, 660]]",,"[[450, 618]]",,0.4392694883886035,0.34259918463720807
646,3,1,10.741999999999962,,13518,"[954, 270]",False,,True,0.0,False,medium,False,"[[1038, 420], [678, 474], [1038, 492], [858, 492], [804, 654]]",,"[[450, 612]]",,-2.160172182877862,-2.778778987190272
647,3,1,10.759000000000015,,13518,"[954, 270]",False,,True,0.0,False,medium,False,"[[1038, 414], [678, 468], [1038, 486], [858, 486], [804, 648]]",,"[[450, 606]]",,-2.160172182877862,-2.778778987190272
648,3,1,10.774999999999977,,13518,"[954, 270]",False,,True,0.0,False,medium,False,"[[1038, 408], [678, 462], [1038, 480], [858, 480], [804, 642]]",,"[[450, 600]]",,-2.3276889566525023,-2.9950088841310705
649,3,1,10.79200000000003,,13518,"[954, 270]",False,,True,0.0,False,medium,False,"[[1038, 402], [678, 456], [1038, 474], [858, 474], [804, 636]]",,"[[450, 594]]",,-2.3276889566525023,-2.9950088841310705
650,3,1,10.808999999999969,,13518,"[954, 270]",False,,True,0.0,False,medium,False,"[[1038, 396], [678, 450], [1038, 468], [858, 468], [804, 630]]",,"[[450, 588]]",,-2.9844883369629436,-3.7784788857297356
651,3,1,10.826000000000022,,13518,"[954, 270]",False,,True,0.0,False,medium,False,"[[1038, 390], [678, 444], [1038, 462], [858, 462], [804, 624]]",,"[[450, 582]]",,-2.9844883369629436,-3.7784788857297356
652,3,1,10.842999999999961,,13518,"[954, 270]",False,,True,0.0,False,medium,False,"[[1038, 384], [678, 438], [1038, 456], [858, 456], [804, 618]]",,"[[450, 576]]",,0.44304320376095063,0.3544449551499821
653,3,1,10.859000000000037,,13518,"[954, 270]",False,,True,0.0,False,medium,False,"[[1038, 378], [678, 432], [1038, 450], [858, 450], [804, 612]]",,"[[450, 570]]",,0.44304320376095063,0.3544449551499821
654,3,1,10.875,,13518,"[954, 270]",False,,True,0.0,False,medium,False,"[[1038, 372], [678, 426], [1038, 444], [858, 444], [804, 606]]",,"[[450, 564]]",,-2.6583694532137727,-3.5615912730507437
655,3,1,10.893000000000029,,13518,"[954, 270]",False,,True,0.0,False,medium,False,"[[1038, 366], [678, 420], [1038, 438], [858, 438], [804, 600]]",,"[[450, 558]]",,-2.6583694532137727,-3.5615912730507437
656,3,1,10.909999999999968,,13518,"[954, 270]",False,,True,0.0,False,medium,False,"[[1038, 360], [678, 414], [1038, 432], [858, 432], [804, 594]]",,"[[450, 552]]",,0.4433496332423318,0.3579501413154542
657,3,1,10.927000000000021,,13518,"[954, 270]",False,,True,0.0,False,medium,False,"[[1038, 354], [678, 408], [1038, 426], [858, 426], [804, 588]]",,"[[450, 546]]",,0.4433496332423318,0.3579501413154542
658,3,1,10.944999999999936,,13518,"[954, 270]",False,,True,0.0,False,medium,False,"[[1038, 348], [678, 402], [1038, 420], [858, 420], [804, 582]]",,"[[450, 540]]",,-5.007257021526616,-6.489238812054152
659,3,1,10.961000000000013,,13518,"[954, 270]",False,,True,0.0,False,medium,False,"[[1038, 342], [678, 396], [1038, 414], [858, 414], [804, 576], [732, 810]]",,"[[450, 534]]",,-5.007257021526616,-6.489238812054152
660,3,1,10.976999999999975,,13518,"[954, 270]",False,,True,0.0,False,medium,False,"[[1038, 336], [678, 390], [1038, 408], [858, 408], [804, 570], [732, 804]]",,"[[450, 528]]",,0.2313834099616828,0.13373487633166725
661,3,1,10.994000000000028,,13518,"[954, 270]",False,,True,0.0,False,medium,False,"[[1038, 330], [678, 384], [1038, 402], [858, 402], [804, 564], [732, 798]]",,"[[450, 522]]",,0.2313834099616828,0.13373487633166725
662,3,1,11.010999999999967,,13518,"[954, 270]",False,,True,0.0,False,medium,False,"[[1038, 324], [678, 378], [1038, 396], [858, 396], [804, 558], [732, 792]]",,"[[450, 516]]",,0.4432282846059247,0.36624269393622566
663,3,1,11.027000000000044,,13518,"[954, 270]",False,,True,0.0,False,medium,False,"[[1038, 318], [678, 372], [1038, 390], [858, 390], [804, 552], [732, 786]]",,"[[450, 510]]",,0.4432282846059247,0.36624269393622566
664,3,1,11.043999999999983,,13518,"[954, 270]",False,,True,0.0,False,medium,False,"[[1038, 312], [678, 366], [1038, 384], [858, 384], [804, 546], [732, 780]]",,"[[450, 504]]",,0.2313834099616828,0.13373487633166725
665,3,1,11.061000000000035,,13518,"[954, 270]",False,,True,0.0,False,medium,False,"[[1038, 306], [678, 360], [1038, 378], [858, 378], [804, 540], [732, 774]]",,"[[450, 498]]",,0.2313834099616828,0.13373487633166725
666,3,1,11.07899999999995,,13518,"[954, 270]",False,,True,0.0,False,medium,False,"[[1038, 300], [678, 354], [1038, 372], [858, 372], [804, 534], [732, 768]]",,"[[450, 492]]",,0.2313834099616828,0.13373487633166725
667,3,1,11.096000000000004,,13518,"[954, 270]",False,,True,0.0,False,medium,False,"[[1038, 294], [678, 348], [1038, 366], [858, 366], [804, 528], [732, 762]]",,"[[450, 486]]",,0.2313834099616828,0.13373487633166725
668,3,1,11.112999999999943,,13518,"[954, 270]",False,,True,0.0,False,medium,False,"[[1038, 288], [678, 342], [1038, 360], [858, 360], [804, 522], [732, 756]]",,"[[450, 480]]",,0.4444433037348866,0.3685775509195075
669,3,1,11.129000000000019,,13518,"[954, 270]",False,,True,0.0,False,medium,False,"[[1038, 282], [678, 336], [1038, 354], [858, 354], [804, 516], [732, 750]]",,"[[450, 474]]",,0.4444433037348866,0.3685775509195075
670,3,1,11.145999999999958,,13518,"[954, 270]",False,,True,0.0,False,medium,False,"[[1038, 276], [678, 330], [1038, 348], [858, 348], [804, 510], [732, 744]]",,"[[450, 468]]",,0.4450358973016263,0.3702982395831991
671,3,1,11.163000000000011,,13518,"[954, 270]",False,,True,0.0,False,medium,False,"[[1038, 270], [678, 324], [1038, 342], [858, 342], [804, 504], [732, 738], [876, 810], [732, 810]]",,"[[450, 462]]",,0.4450358973016263,0.3702982395831991
672,3,1,11.182000000000016,,13518,"[954, 270]",False,,True,0.0,False,medium,False,"[[1038, 264], [678, 318], [1038, 336], [858, 336], [804, 498], [732, 732], [876, 804], [732, 804]]",,"[[450, 456]]",,0.4530617473671752,0.367788899784249
673,3,1,11.200000000000045,,13518,"[954, 270]",False,,True,0.0,False,medium,False,"[[1038, 258], [678, 312], [1038, 330], [858, 330], [804, 492], [732, 726], [876, 798], [732, 798]]",,"[[450, 450]]",,0.45432136067017626,0.36919414456838984
674,3,1,11.216999999999985,,13518,"[954, 270]",False,,True,0.0,False,medium,False,"[[1038, 252], [678, 306], [1038, 324], [858, 324], [804, 486], [732, 720], [876, 792], [732, 792]]",,"[[450, 444]]",,0.45485768668376514,0.3692503775867835
675,3,1,11.234000000000037,,13518,"[954, 270]",False,,True,0.0,False,medium,False,"[[1038, 246], [678, 300], [1038, 318], [858, 318], [804, 480], [732, 714], [876, 786], [732, 786]]",,"[[450, 438]]",,0.45485768668376514,0.3692503775867835
676,3,1,11.250999999999976,,13518,"[954, 270]",False,,True,0.0,False,medium,False,"[[1038, 240], [678, 294], [1038, 312], [858, 312], [804, 474], [732, 708], [876, 780], [732, 780]]",,"[[450, 432]]",,0.4556967702055574,0.37124138256887407
677,3,1,11.268000000000029,,13518,"[954, 270]",False,,True,0.0,False,medium,False,"[[1038, 234], [678, 288], [1038, 306], [858, 306], [804, 468], [732, 702], [876, 774], [732, 774]]",,"[[450, 426]]",,0.45584707241455513,0.3725439845644396
678,3,1,11.285999999999945,,13518,"[954, 270]",False,,True,0.0,False,medium,False,"[[1038, 228], [678, 282], [1038, 300], [858, 300], [804, 462], [732, 696], [876, 768], [732, 768]]",,"[[450, 420]]",,0.2313834099616828,0.13373487633166725
679,3,1,11.303999999999974,,13518,"[954, 270]",False,,True,0.0,False,medium,False,"[[1038, 222], [678, 276], [1038, 294], [858, 294], [804, 456], [732, 690], [876, 762], [732, 762]]",,"[[450, 414]]",,0.2313834099616828,0.13373487633166725
680,3,1,11.321000000000026,,13518,"[954, 270]",False,,True,0.0,False,medium,False,"[[1038, 216], [678, 270], [1038, 288], [858, 288], [804, 450], [732, 684], [876, 756], [732, 756]]",,"[[450, 408]]",,0.2313834099616828,0.13373487633166725
681,3,1,11.336999999999989,,13518,"[954, 270]",False,,True,0.0,False,medium,False,"[[1038, 210], [678, 264], [1038, 282], [858, 282], [804, 444], [732, 678], [876, 750], [732, 750]]",,"[[450, 402]]",,0.4566649836640192,0.37553215708578347
682,3,1,11.352999999999952,,13518,"[954, 270]",False,,True,0.0,False,medium,False,"[[1038, 204], [678, 258], [1038, 276], [858, 276], [804, 438], [732, 672], [876, 744], [732, 744]]",,"[[450, 396]]",,0.4569364817916302,0.3760580337728303
683,3,1,11.370000000000005,,13518,"[954, 270]",False,,True,0.0,False,medium,False,"[[1038, 198], [678, 252], [1038, 270], [858, 270], [804, 432], [732, 666], [876, 738], [732, 738]]",,"[[450, 390]]",,0.4569476156592079,0.37688716083774154
684,3,1,11.385999999999967,,13518,"[954, 270]",False,,True,0.0,False,medium,False,"[[1038, 192], [678, 246], [1038, 264], [858, 264], [804, 426], [732, 660], [876, 732], [732, 732]]",,"[[450, 384]]",,0.4569476156592079,0.37688716083774154
685,3,1,11.402000000000044,,13518,"[954, 270]",False,,True,0.0,False,medium,False,"[[1038, 186], [678, 240], [1038, 258], [858, 258], [804, 420], [732, 654], [876, 726], [732, 726]]",,"[[450, 378]]",,0.45656277169055687,0.37730814261903445
686,3,1,11.418999999999983,,13518,"[954, 270]",False,,True,0.0,False,medium,False,"[[1038, 180], [678, 234], [1038, 252], [858, 252], [804, 414], [732, 648], [876, 720], [732, 720]]",,"[[450, 372]]",,0.2313834099616828,0.13373487633166725
687,3,1,11.436000000000035,,13518,"[954, 270]",False,,True,0.0,False,medium,False,"[[1038, 174], [678, 228], [1038, 246], [858, 246], [804, 408], [732, 642], [876, 714], [732, 714]]",,"[[450, 366]]",,0.2313834099616828,0.13373487633166725
688,3,1,11.452999999999975,,13518,"[954, 270]",False,,True,0.0,False,medium,False,"[[1038, 168], [678, 222], [1038, 240], [858, 240], [804, 402], [732, 636], [876, 708], [732, 708]]",,"[[450, 360]]",,0.4566005473993239,0.3784296227778007
689,3,1,11.470000000000027,,13518,"[954, 270]",False,,True,0.0,False,medium,False,"[[1038, 162], [678, 216], [1038, 234], [858, 234], [804, 396], [732, 630], [876, 702], [732, 702]]",,"[[450, 354]]",,0.2313834099616828,0.13373487633166725
690,3,1,11.48599999999999,,13518,"[954, 270]",False,,True,0.0,False,medium,False,"[[1038, 156], [678, 210], [1038, 228], [858, 228], [804, 390], [732, 624], [876, 696], [732, 696]]",,"[[450, 348]]",,0.2313834099616828,0.13373487633166725
691,3,1,11.503000000000043,,13518,"[954, 270]",False,,True,0.0,False,medium,False,"[[1038, 150], [678, 204], [1038, 222], [858, 222], [804, 384], [732, 618], [876, 690], [732, 690]]",,"[[450, 342]]",,0.4574433868705475,0.3795729546334583
692,3,1,11.519999999999982,,13518,"[954, 270]",False,,True,0.0,False,medium,False,"[[1038, 144], [678, 198], [1038, 216], [858, 216], [804, 378], [732, 612], [876, 684], [732, 684]]",,"[[450, 336]]",,0.4583796885726278,0.3822313915495895
693,3,1,11.535999999999945,,13518,"[954, 270]",False,,True,0.0,False,medium,False,"[[1038, 138], [678, 192], [1038, 210], [858, 210], [804, 372], [732, 606], [876, 678], [732, 678]]",,"[[450, 330]]",,0.2313834099616828,0.13373487633166725
694,3,1,11.552000000000021,,13518,"[954, 270]",False,,True,0.0,False,medium,False,"[[1038, 132], [678, 186], [1038, 204], [858, 204], [804, 366], [732, 600], [876, 672], [732, 672]]",,"[[450, 324]]",,0.4590876989962823,0.3854456993844044
695,3,1,11.56899999999996,,13518,"[954, 270]",False,,True,0.0,False,medium,False,"[[1038, 126], [678, 180], [1038, 198], [858, 198], [804, 360], [732, 594], [876, 666], [732, 666]]",,"[[450, 318]]",,0.45375581997464803,0.38255093967830966
696,3,1,11.586000000000013,,13518,"[954, 270]",False,,True,0.0,False,medium,False,"[[1038, 120], [678, 174], [1038, 192], [858, 192], [804, 354], [732, 588], [876, 660], [732, 660]]",,"[[450, 312]]",,0.2313834099616828,0.13373487633166725
697,3,1,11.602999999999952,,13518,"[954, 270]",False,,True,-1.0,False,medium,False,"[[1038, 114], [678, 168], [1038, 186], [858, 186], [804, 348], [732, 582], [876, 654], [732, 654]]",,"[[450, 306]]",,0.2313834099616828,0.13373487633166725
698,3,1,11.620999999999981,,13518,"[954, 270]",False,,True,-1.0,False,medium,False,"[[1038, 108], [678, 162], [1038, 180], [858, 180], [804, 342], [732, 576], [876, 648], [732, 648]]",,"[[444, 300]]",,0.2313834099616828,0.13373487633166725
699,3,1,11.638000000000034,,13518,"[954, 270]",False,,True,-1.0,False,medium,False,"[[1032, 102], [672, 156], [1032, 174], [852, 174], [798, 336], [726, 570], [870, 642], [726, 642]]",,"[[438, 294]]",,0.2313834099616828,0.13373487633166725
700,3,1,11.653999999999996,,13518,"[954, 270]",False,,True,-1.0,False,medium,False,"[[1026, 96], [666, 150], [1026, 168], [846, 168], [792, 330], [720, 564], [864, 636], [720, 636]]",,"[[432, 288]]",,0.2313834099616828,0.13373487633166725
701,3,1,11.669999999999959,,13518,"[954, 270]",False,,True,-1.0,False,medium,False,"[[1020, 90], [660, 144], [1020, 162], [840, 162], [786, 324], [714, 558], [858, 630], [714, 630]]",,"[[426, 282]]",,0.4300541617027555,0.3672573079502002
702,3,1,11.686000000000035,,13518,"[954, 270]",False,,True,-1.0,False,medium,False,"[[1014, 84], [654, 138], [1014, 156], [834, 156], [780, 318], [708, 552], [852, 624], [708, 624]]",,"[[420, 276]]",,0.4300541617027555,0.3672573079502002
703,3,1,11.70399999999995,,13518,"[954, 270]",False,,True,-1.0,False,medium,False,"[[1008, 78], [648, 132], [1008, 150], [828, 150], [774, 312], [702, 546], [846, 618], [702, 618]]",,"[[414, 270]]",,0.42918735424795373,0.3692572204250235
704,3,1,11.721000000000004,,13518,"[954, 270]",False,,True,-1.0,False,medium,False,"[[1002, 72], [642, 126], [1002, 144], [822, 144], [768, 306], [696, 540], [840, 612], [696, 612]]",,"[[408, 264]]",,0.2313834099616828,0.13373487633166725
705,3,1,11.739000000000033,,13518,"[954, 270]",False,,True,-1.0,False,medium,False,"[[996, 66], [636, 120], [996, 138], [816, 138], [762, 300], [690, 534], [834, 606], [690, 606]]",,"[[402, 258]]",,0.42791376814016047,0.372581676146605
706,3,1,11.754999999999995,,13518,"[954, 270]",False,,True,-1.0,False,medium,False,"[[990, 60], [630, 114], [990, 132], [810, 132], [756, 294], [684, 528], [828, 600], [684, 600]]",,"[[396, 252]]",,0.42791376814016047,0.372581676146605
707,3,1,11.770999999999958,,13518,"[954, 270]",False,,True,-1.0,False,medium,False,"[[984, 54], [624, 108], [984, 126], [804, 126], [750, 288], [678, 522], [822, 594], [678, 594]]",,"[[390, 246]]",,0.4285918755925383,0.3729040375971875
708,3,1,11.788000000000011,,13518,"[954, 270]",False,,True,-1.0,False,medium,False,"[[978, 48], [618, 102], [978, 120], [798, 120], [744, 282], [672, 516], [816, 588], [672, 588]]",,"[[384, 240]]",,0.2313834099616828,0.13373487633166725
709,3,1,11.803999999999974,,13518,"[954, 270]",False,Right,True,-1.0,False,medium,False,"[[972, 42], [612, 96], [972, 114], [792, 114], [738, 276], [666, 510], [810, 582], [666, 582]]",,"[[372, 234]]",,0.2313834099616828,0.13373487633166725
710,3,1,11.819999999999936,,13518,"[954, 270]",False,Right,True,-1.0,False,medium,False,"[[960, 36], [600, 90], [960, 108], [780, 108], [726, 270], [654, 504], [798, 576], [654, 576]]",,"[[360, 228]]",,0.2313834099616828,0.13373487633166725
711,3,1,11.836999999999989,,13518,"[954, 270]",False,Right,True,-1.0,False,medium,False,"[[948, 30], [588, 84], [948, 102], [768, 102], [714, 264], [642, 498], [786, 570], [642, 570]]",,"[[348, 222]]",,0.4532760714205836,0.37532824772454476
712,3,1,11.852999999999952,,13518,"[954, 270]",False,Right,True,-1.0,False,medium,False,"[[936, 24], [576, 78], [936, 96], [756, 96], [702, 258], [630, 492], [774, 564], [630, 564]]",,"[[336, 216]]",,0.45416216369410733,0.37570809430469576
713,3,1,11.870000000000005,,13518,"[954, 270]",False,Right,True,-1.0,False,medium,False,"[[924, 18], [564, 72], [924, 90], [744, 90], [690, 252], [618, 486], [762, 558], [618, 558]]",,"[[324, 210]]",,0.2313834099616828,0.13373487633166725
714,3,1,11.888000000000034,,13518,"[954, 270]",False,Right,True,-1.0,False,medium,False,"[[912, 12], [552, 66], [912, 84], [732, 84], [678, 246], [606, 480], [750, 552], [606, 552]]",,"[[312, 204]]",,0.2313834099616828,0.13373487633166725
715,3,1,11.904999999999973,,13518,"[954, 270]",False,Right,True,-1.0,False,medium,False,"[[900, 6], [540, 60], [900, 78], [720, 78], [666, 240], [594, 474], [738, 546], [594, 546]]",,"[[300, 198]]",,0.4549175384033967,0.37504841993267113
716,3,1,11.920999999999935,,13518,"[954, 270]",False,Right,True,-1.0,False,medium,False,"[[888, 0], [528, 54], [888, 72], [708, 72], [654, 234], [582, 468], [726, 540], [582, 540]]",,"[[288, 192]]",,0.2313834099616828,0.13373487633166725
717,3,1,11.937000000000012,,13518,"[954, 270]",False,Right,True,-1.0,False,medium,False,"[[516, 48], [876, 66], [696, 66], [642, 228], [570, 462], [714, 534], [570, 534]]",,"[[276, 186]]",,0.2313834099616828,0.13373487633166725
718,3,1,11.95399999999995,,13518,"[954, 270]",False,Right,True,-1.0,False,medium,False,"[[504, 42], [864, 60], [684, 60], [630, 222], [558, 456], [702, 528], [558, 528]]",,"[[264, 180]]",,0.2313834099616828,0.13373487633166725
719,3,1,11.970000000000027,,13518,"[954, 270]",False,Right,True,-1.0,False,medium,False,"[[492, 36], [852, 54], [672, 54], [618, 216], [546, 450], [690, 522], [546, 522]]",,"[[252, 174]]",,0.45546697147571713,0.373341545088572
720,3,1,11.987999999999943,,13518,"[954, 270]",False,Right,True,-1.0,False,medium,False,"[[480, 30], [840, 48], [660, 48], [606, 210], [534, 444], [678, 516], [534, 516]]",,"[[240, 168]]",,0.457371053530899,0.37492907744064374
721,3,1,12.004999999999995,,13518,"[954, 270]",False,Right,True,-1.0,False,medium,False,"[[468, 24], [828, 42], [648, 42], [594, 204], [522, 438], [666, 510], [522, 510]]",,"[[228, 162]]",,0.4575574929352901,0.37577652764676595
722,3,1,12.020999999999958,,13518,"[954, 270]",False,Right,True,-1.0,False,medium,False,"[[456, 18], [816, 36], [636, 36], [582, 198], [510, 432], [654, 504], [510, 504]]",,"[[216, 156]]",,0.2313834099616828,0.13373487633166725
723,3,1,12.037000000000035,,13518,"[954, 270]",False,Right,True,-1.0,False,medium,False,"[[444, 12], [804, 30], [624, 30], [570, 192], [498, 426], [642, 498], [498, 498]]",,"[[204, 150]]",,0.2313834099616828,0.13373487633166725
724,3,1,12.052999999999997,,13518,"[954, 270]",False,Right,True,-1.0,False,medium,False,"[[432, 6], [792, 24], [612, 24], [558, 186], [486, 420], [630, 492], [486, 492]]",,"[[192, 144]]",,0.4585536103194217,0.3783377277714971
725,3,1,12.069999999999936,,13518,"[954, 270]",False,,True,-1.0,False,medium,False,"[[420, 0], [780, 18], [600, 18], [546, 180], [474, 414], [618, 486], [474, 486]]",,"[[186, 138]]",,0.4585536103194217,0.3783377277714971
726,3,1,12.087999999999965,,13518,"[954, 270]",False,Left,True,-1.0,False,medium,False,"[[774, 12], [594, 12], [540, 174], [468, 408], [612, 480], [468, 480]]",,"[[186, 132]]",,0.2313834099616828,0.13373487633166725
727,3,1,12.105999999999995,,13518,"[954, 270]",False,Left,True,-1.0,False,medium,False,"[[774, 6], [594, 6], [540, 168], [468, 402], [612, 474], [468, 474]]",,"[[186, 126]]",,0.2313834099616828,0.13373487633166725
728,3,1,12.125,,13518,"[954, 270]",False,Left,True,-1.0,False,medium,False,"[[774, 0], [594, 0], [540, 162], [468, 396], [612, 468], [468, 468]]",,"[[186, 120]]",,0.2313834099616828,0.13373487633166725
729,3,1,12.141999999999939,,13518,"[954, 270]",False,Left,True,-1.0,False,medium,False,"[[540, 156], [468, 390], [612, 462], [468, 462]]",,"[[186, 114]]",,0.2313834099616828,0.13373487633166725
730,3,1,12.158999999999992,,13518,"[954, 270]",False,Left,True,-1.0,False,medium,False,"[[540, 150], [468, 384], [612, 456], [468, 456]]",,"[[186, 108]]",,0.2313834099616828,0.13373487633166725
731,3,1,12.174999999999955,,13518,"[954, 270]",False,Left,True,-1.0,False,medium,False,"[[540, 144], [468, 378], [612, 450], [468, 450]]",,"[[186, 102]]",,0.2313834099616828,0.13373487633166725
732,3,1,12.191000000000031,,13518,"[954, 270]",False,Left,True,-1.0,False,medium,False,"[[540, 138], [468, 372], [612, 444], [468, 444]]",,"[[186, 96]]",,0.2313834099616828,0.13373487633166725
733,3,1,12.20799999999997,,13518,"[954, 270]",False,Left,True,-1.0,False,medium,False,"[[540, 132], [468, 366], [612, 438], [468, 438]]",,"[[186, 90]]",,0.2313834099616828,0.13373487633166725
734,3,1,12.225000000000023,,13518,"[954, 270]",False,Left,True,-1.0,False,medium,False,"[[540, 126], [468, 360], [612, 432], [468, 432]]",,"[[186, 84]]",,0.2313834099616828,0.13373487633166725
735,3,1,12.241999999999962,,13518,"[954, 270]",False,Left,True,-1.0,False,medium,False,"[[540, 120], [468, 354], [612, 426], [468, 426]]",,"[[186, 78]]",,0.458367923003366,0.3867252368429589
736,3,1,12.259000000000015,,13518,"[954, 270]",False,Left,True,-1.0,False,medium,False,"[[540, 114], [468, 348], [612, 420], [468, 420]]",,"[[186, 72]]",,0.458367923003366,0.3867252368429589
737,3,1,12.274999999999977,,13518,"[954, 270]",False,Left,True,-1.0,False,medium,False,"[[540, 108], [468, 342], [612, 414], [468, 414]]",,"[[186, 66]]",,0.2313834099616828,0.13373487633166725
738,3,1,12.293000000000006,,13518,"[954, 270]",False,Left,True,-1.0,False,medium,False,"[[540, 102], [468, 336], [612, 408], [468, 408]]",,"[[186, 60]]",,0.2313834099616828,0.13373487633166725
739,3,1,12.308999999999969,,13518,"[954, 270]",False,Left,True,-1.0,False,medium,False,"[[540, 96], [468, 330], [612, 402], [468, 402]]",,"[[186, 54]]",,0.4587510203960724,0.38923760896179194
740,3,1,12.326000000000022,,13518,"[954, 270]",False,Left,True,-1.0,False,medium,False,"[[540, 90], [468, 324], [612, 396], [468, 396]]",,"[[186, 48]]",,0.2313834099616828,0.13373487633166725
741,3,1,12.341999999999985,,13518,"[954, 270]",False,Left,True,-1.0,False,medium,False,"[[540, 84], [468, 318], [612, 390], [468, 390]]",,"[[186, 42]]",,0.2313834099616828,0.13373487633166725
742,3,1,12.357999999999947,,13518,"[954, 270]",False,Left,True,-1.0,False,medium,False,"[[540, 78], [468, 312], [612, 384], [468, 384]]",,"[[186, 36]]",,0.2313834099616828,0.13373487633166725
743,3,1,12.375999999999976,,13518,"[954, 270]",False,Left,True,-1.0,False,medium,False,"[[540, 72], [468, 306], [612, 378], [468, 378]]",,"[[186, 30]]",,0.2313834099616828,0.13373487633166725
744,3,1,12.393000000000029,,13518,"[954, 270]",False,Left,True,-1.0,False,medium,False,"[[540, 66], [468, 300], [612, 372], [468, 372]]",,"[[186, 24]]",,0.2313834099616828,0.13373487633166725
745,3,1,12.408000000000015,,13518,"[954, 270]",False,Left,True,-1.0,False,medium,False,"[[540, 60], [468, 294], [612, 366], [468, 366]]",,"[[186, 18]]",,0.2313834099616828,0.13373487633166725
746,3,1,12.424999999999955,,13518,"[954, 270]",False,Left,True,-1.0,False,medium,False,"[[540, 54], [468, 288], [612, 360], [468, 360]]",,"[[186, 12]]",,0.2313834099616828,0.13373487633166725
747,3,1,12.441000000000031,,13518,"[954, 270]",False,Left,True,-1.0,False,medium,False,"[[540, 48], [468, 282], [612, 354], [468, 354]]",,"[[186, 6]]",,0.45580200924630904,0.39265267670829895
748,3,1,12.45799999999997,,13518,"[954, 270]",False,Left,True,0.0,False,medium,False,"[[540, 42], [468, 276], [612, 348], [468, 348]]",,"[[186, 0]]",,0.45596894346804717,0.39266234850819703
749,3,1,12.473999999999933,,13518,"[954, 270]",False,Left,True,0.0,False,medium,False,"[[540, 36], [468, 270], [612, 342], [468, 342]]",,[],,0.4563092999105967,0.393210756213456
750,3,1,12.490999999999985,,13518,"[954, 270]",False,Left,True,0.0,False,medium,False,"[[546, 30], [474, 264], [618, 336], [474, 336]]",,[],,0.2313834099616828,0.13373487633166725
751,3,1,12.509000000000015,,13518,"[954, 270]",False,Left,True,0.0,False,medium,False,"[[552, 24], [480, 258], [624, 330], [480, 330]]",,[],,0.2313834099616828,0.13373487633166725
752,3,1,12.524999999999977,,13518,"[954, 270]",False,Left,True,0.0,False,medium,False,"[[558, 18], [486, 252], [630, 324], [486, 324]]",,[],,0.2313834099616828,0.13373487633166725
753,3,1,12.54200000000003,,13518,"[954, 270]",False,Left,True,0.0,False,medium,False,"[[564, 12], [492, 246], [636, 318], [492, 318]]",,[],,0.2313834099616828,0.13373487633166725
754,3,1,12.558999999999969,,13518,"[954, 270]",False,Left,True,0.0,False,medium,False,"[[570, 6], [498, 240], [642, 312], [498, 312]]",,[],,0.2313834099616828,0.13373487633166725
755,3,1,12.575000000000045,,13518,"[954, 270]",False,Left,True,0.0,False,medium,False,"[[576, 0], [504, 234], [648, 306], [504, 306]]",,[],,0.2313834099616828,0.13373487633166725
756,3,1,12.591000000000008,,13518,"[954, 270]",False,Left,True,0.0,False,medium,False,"[[510, 228], [654, 300], [510, 300]]",,[],,0.45573556648362984,0.386472131832049
757,3,1,12.609000000000037,,13518,"[954, 270]",False,Left,True,0.0,False,medium,False,"[[516, 222], [660, 294], [516, 294]]",,[],,0.2313834099616828,0.13373487633166725
758,3,1,12.626999999999953,,13518,"[954, 270]",False,Left,True,0.0,False,medium,False,"[[522, 216], [666, 288], [522, 288]]",,[],,0.45600197086437805,0.38541996859169636
759,3,1,12.644000000000005,,13518,"[954, 270]",False,Left,True,0.0,False,medium,False,"[[528, 210], [672, 282], [528, 282]]",,[],,0.4559888899876456,0.38530785519156063
760,3,1,12.660999999999945,,13518,"[954, 270]",False,Left,True,0.0,False,medium,False,"[[534, 204], [678, 276], [534, 276]]",,[],,0.4559888899876456,0.38530785519156063
761,3,1,12.677000000000021,,13518,"[954, 270]",False,Left,True,0.0,False,medium,False,"[[540, 198], [684, 270], [540, 270]]",,[],,0.2313834099616828,0.13373487633166725
762,3,1,12.69399999999996,,13518,"[954, 270]",False,Left,True,0.0,False,medium,False,"[[546, 192], [690, 264], [546, 264]]",,[],,0.2313834099616828,0.13373487633166725
763,3,1,12.710000000000036,,13518,"[954, 270]",False,Left,True,0.0,False,medium,False,"[[552, 186], [696, 258], [552, 258]]",,[],,0.45771953530160864,0.3870696130326392
764,3,1,12.726999999999975,,13518,"[954, 270]",False,Left,True,0.0,False,medium,False,"[[558, 180], [702, 252], [558, 252], [594, 810], [756, 810]]",,[],,0.45771953530160864,0.3870696130326392
765,3,1,12.742999999999938,,13518,"[954, 270]",False,Left,True,0.0,False,medium,False,"[[564, 174], [708, 246], [564, 246], [600, 804], [762, 804]]",,[],,0.2313834099616828,0.13373487633166725
766,3,1,12.760999999999967,,13518,"[954, 270]",False,Left,True,0.0,False,medium,False,"[[570, 168], [714, 240], [570, 240], [606, 798], [768, 798]]",,[],,0.2313834099616828,0.13373487633166725
767,3,1,12.775999999999954,,13518,"[954, 270]",False,Left,True,0.0,False,medium,False,"[[576, 162], [720, 234], [576, 234], [612, 792], [774, 792], [954, 810]]",,[],,0.4573644067381323,0.3865346428972889
768,3,1,12.793000000000006,,13518,"[954, 270]",False,Left,True,0.0,False,medium,False,"[[582, 156], [726, 228], [582, 228], [618, 786], [780, 786], [960, 804]]",,[],,0.2313834099616828,0.13373487633166725
769,3,1,12.809999999999945,,13518,"[954, 270]",False,Left,True,0.0,False,medium,False,"[[588, 150], [732, 222], [588, 222], [624, 780], [786, 780], [966, 798]]",,[],,0.45827952156174,0.3866621721472465
770,3,1,12.826999999999998,,13518,"[954, 270]",False,Left,True,0.0,False,medium,False,"[[594, 144], [738, 216], [594, 216], [630, 774], [792, 774], [972, 792], [630, 810]]",,[],,0.4588987768032345,0.38754030677452334
771,3,1,12.843999999999937,,13518,"[954, 270]",False,Left,True,0.0,False,medium,False,"[[600, 138], [744, 210], [600, 210], [636, 768], [798, 768], [978, 786], [636, 804]]",,[],,0.45922411223549703,0.3880029490518714
772,3,1,12.860000000000014,,13518,"[954, 270]",False,Left,True,0.0,False,medium,False,"[[606, 132], [750, 204], [606, 204], [642, 762], [804, 762], [984, 780], [642, 798]]",,[],,0.41778778618979634,0.3343877934686532
773,3,1,12.876999999999953,,13518,"[954, 270]",False,Left,True,0.0,False,medium,False,"[[612, 126], [756, 198], [612, 198], [648, 756], [810, 756], [990, 774], [648, 792]]",,[],,0.41408096582838033,0.30970012260463264
774,3,1,12.894000000000005,,13518,"[954, 270]",False,Left,True,0.0,False,medium,False,"[[618, 120], [762, 192], [618, 192], [654, 750], [816, 750], [996, 768], [654, 786]]",,[],,0.4156833895814234,0.30550322884675785
775,3,1,12.909999999999968,,13518,"[954, 270]",False,,True,0.0,False,medium,False,"[[624, 114], [768, 186], [624, 186], [660, 744], [822, 744], [1002, 762], [660, 780]]",,[],,0.4158643349604797,0.30248984069945906
776,3,1,12.924999999999955,,13518,"[954, 270]",False,,True,0.0,False,medium,False,"[[624, 108], [768, 180], [624, 180], [660, 738], [822, 738], [1002, 756], [660, 774]]",,[],,0.4160602089698841,0.2999404702537153
777,3,1,12.942999999999984,,13518,"[954, 270]",False,,True,0.0,False,medium,False,"[[624, 102], [768, 174], [624, 174], [660, 732], [822, 732], [1002, 750], [660, 768]]",,[],,0.41602091310773304,0.3003481934570058
778,3,1,12.960000000000036,,13518,"[954, 270]",False,,True,0.0,False,medium,False,"[[624, 96], [768, 168], [624, 168], [660, 726], [822, 726], [1002, 744], [660, 762]]",,[],,0.41815396673385213,0.2960642255325362
779,3,1,12.975999999999999,,13518,"[954, 270]",False,,True,0.0,False,medium,False,"[[624, 90], [768, 162], [624, 162], [660, 720], [822, 720], [1002, 738], [660, 756], [786, 810]]",,[],,0.2313834099616828,0.13373487633166725
780,3,1,12.994000000000028,,13518,"[954, 270]",False,,True,0.0,False,medium,False,"[[624, 84], [768, 156], [624, 156], [660, 714], [822, 714], [1002, 732], [660, 750], [786, 804]]",,[],,0.2313834099616828,0.13373487633166725
781,3,1,13.009999999999991,,13518,"[954, 270]",False,,True,0.0,False,medium,False,"[[624, 78], [768, 150], [624, 150], [660, 708], [822, 708], [1002, 726], [660, 744], [786, 798]]",,[],,0.2313834099616828,0.13373487633166725
782,3,1,13.025999999999954,,13518,"[954, 270]",False,,True,0.0,False,medium,False,"[[624, 72], [768, 144], [624, 144], [660, 702], [822, 702], [1002, 720], [660, 738], [786, 792]]",,[],,0.4288700375604518,0.3302923072592876
783,3,1,13.043000000000006,,13518,"[954, 270]",False,,True,0.0,False,medium,False,"[[624, 66], [768, 138], [624, 138], [660, 696], [822, 696], [1002, 714], [660, 732], [786, 786]]",,[],,0.4295882797284863,0.3307059415521455
784,3,1,13.059999999999945,,13518,"[954, 270]",False,,True,0.0,False,medium,False,"[[624, 60], [768, 132], [624, 132], [660, 690], [822, 690], [1002, 708], [660, 726], [786, 780]]",,[],,0.43104608783329706,0.3339292109589109
785,3,1,13.076999999999998,,13518,"[954, 270]",False,,True,0.0,False,medium,False,"[[624, 54], [768, 126], [624, 126], [660, 684], [822, 684], [1002, 702], [660, 720], [786, 774]]",,[],,0.43251779091965004,0.3385013176716398
786,3,1,13.093999999999937,,13518,"[954, 270]",False,,True,0.0,False,medium,False,"[[624, 48], [768, 120], [624, 120], [660, 678], [822, 678], [1002, 696], [660, 714], [786, 768]]",,[],,0.4262555285734294,0.3353701570253588
787,3,1,13.11099999999999,,13518,"[954, 270]",False,,True,0.0,False,medium,False,"[[624, 42], [768, 114], [624, 114], [660, 672], [822, 672], [1002, 690], [660, 708], [786, 762]]",,[],,0.40065091267536157,0.297581575772742
788,3,1,13.129000000000019,,13518,"[954, 270]",False,,True,0.0,False,medium,False,"[[624, 36], [768, 108], [624, 108], [660, 666], [822, 666], [1002, 684], [660, 702], [786, 756]]",,[],,0.40015727087386643,0.2954596359443371
789,3,1,13.144999999999982,,13518,"[954, 270]",False,,True,0.0,False,medium,False,"[[624, 30], [768, 102], [624, 102], [660, 660], [822, 660], [1002, 678], [660, 696], [786, 750]]",,[],,0.400010725141028,0.29392597548488864
790,3,1,13.162000000000035,,13518,"[954, 270]",False,,True,0.0,False,medium,False,"[[624, 24], [768, 96], [624, 96], [660, 654], [822, 654], [1002, 672], [660, 690], [786, 744]]",,[],,0.400010725141028,0.29392597548488864
791,3,1,13.178999999999974,,13518,"[954, 270]",False,Left,True,0.0,False,medium,False,"[[624, 18], [768, 90], [624, 90], [660, 648], [822, 648], [1002, 666], [660, 684], [786, 738]]",,[],,0.3999048366405201,0.2937340796374899
792,3,1,13.196000000000026,,13518,"[954, 270]",False,Left,True,0.0,False,medium,False,"[[630, 12], [774, 84], [630, 84], [666, 642], [828, 642], [1008, 660], [666, 678], [792, 732]]",,[],,0.3994665250319931,0.2938701782452813
793,3,1,13.211999999999989,,13518,"[954, 270]",False,Left,True,0.0,False,medium,False,"[[636, 6], [780, 78], [636, 78], [672, 636], [834, 636], [1014, 654], [672, 672], [798, 726]]",,[],,0.399648915744624,0.29551913324748336
794,3,1,13.229000000000042,,13518,"[954, 270]",False,Left,True,0.0,False,medium,False,"[[642, 0], [786, 72], [642, 72], [678, 630], [840, 630], [1020, 648], [678, 666], [804, 720]]",,[],,0.4004566936828039,0.29881282716811375
795,3,1,13.245999999999981,,13518,"[954, 270]",False,Left,True,0.0,False,medium,False,"[[792, 66], [648, 66], [684, 624], [846, 624], [1026, 642], [684, 660], [810, 714]]",,[],,0.2313834099616828,0.13373487633166725
796,3,1,13.263000000000034,,13518,"[954, 270]",False,Left,True,0.0,False,medium,False,"[[798, 60], [654, 60], [690, 618], [852, 618], [1032, 636], [690, 654], [816, 708]]",,[],,0.4145825790727053,0.3309467296519324
797,3,1,13.279999999999973,,13518,"[954, 270]",False,Left,True,0.0,False,medium,False,"[[804, 54], [660, 54], [696, 612], [858, 612], [1038, 630], [696, 648], [822, 702]]",,[],,0.4020056871975316,0.30437181459541207
798,3,1,13.297000000000025,,13518,"[954, 270]",False,Left,True,0.0,False,medium,False,"[[810, 48], [666, 48], [702, 606], [864, 606], [1044, 624], [702, 642], [828, 696]]",,[],,0.2313834099616828,0.13373487633166725
799,3,1,13.312999999999988,,13518,"[954, 270]",False,Left,True,0.0,False,medium,False,"[[816, 42], [672, 42], [708, 600], [870, 600], [1050, 618], [708, 636], [834, 690]]",,[],,0.2313834099616828,0.13373487633166725
800,3,1,13.32899999999995,,13518,"[954, 270]",False,Left,True,0.0,False,medium,False,"[[822, 36], [678, 36], [714, 594], [876, 594], [1056, 612], [714, 630], [840, 684]]",,[],,0.4168175279392412,0.33326899694144574
801,3,1,13.345000000000027,,13518,"[954, 270]",False,Left,True,0.0,False,medium,False,"[[828, 30], [684, 30], [720, 588], [882, 588], [1062, 606], [720, 624], [846, 678]]",,[],,0.41751720257617364,0.33568900725216877
802,3,1,13.36099999999999,,13518,"[954, 270]",False,Left,True,0.0,False,medium,False,"[[834, 24], [690, 24], [726, 582], [888, 582], [1068, 600], [726, 618], [852, 672]]",,[],,0.41751720257617364,0.33568900725216877
803,3,1,13.378000000000043,,13518,"[954, 270]",False,Left,True,0.0,False,medium,False,"[[840, 18], [696, 18], [732, 576], [894, 576], [1074, 594], [732, 612], [858, 666]]",,[],,0.2313834099616828,0.13373487633166725
804,3,1,13.394999999999982,,13518,"[954, 270]",False,Left,True,0.0,False,medium,False,"[[846, 12], [702, 12], [738, 570], [900, 570], [1080, 588], [738, 606], [864, 660]]",,[],,0.2313834099616828,0.13373487633166725
805,3,1,13.412000000000035,,13518,"[954, 270]",False,Left,True,0.0,False,medium,False,"[[852, 6], [708, 6], [744, 564], [906, 564], [1086, 582], [744, 600], [870, 654]]",,[],,0.23138430599164464,0.1337334065782907
806,3,1,13.427999999999997,,13518,"[954, 270]",False,Left,True,0.0,False,medium,False,"[[858, 0], [714, 0], [750, 558], [912, 558], [1092, 576], [750, 594], [876, 648], [1056, 810]]",,[],,0.23138430599164464,0.1337334065782907
807,3,1,13.444999999999936,,13518,"[954, 270]",False,,True,0.0,False,medium,False,"[[756, 552], [918, 552], [1098, 570], [756, 588], [882, 642], [1062, 804]]",,[],,0.4160853504169939,0.33821724864609537
808,3,1,13.461000000000013,,13518,"[954, 270]",False,,True,0.0,False,medium,False,"[[756, 546], [918, 546], [1098, 564], [756, 582], [882, 636], [1062, 798]]",,[],,0.23138430599164464,0.1337334065782907
809,3,1,13.477999999999952,,13518,"[954, 270]",False,,True,0.0,False,medium,False,"[[756, 540], [918, 540], [1098, 558], [756, 576], [882, 630], [1062, 792]]",,[],,0.23138430599164464,0.1337334065782907
810,3,1,13.495000000000005,,13518,"[954, 270]",False,,True,0.0,False,medium,False,"[[756, 534], [918, 534], [1098, 552], [756, 570], [882, 624], [1062, 786]]",,[],,0.23138430599164464,0.1337334065782907
811,3,1,13.513000000000034,,13518,"[954, 270]",False,,True,0.0,False,medium,False,"[[756, 528], [918, 528], [1098, 546], [756, 564], [882, 618], [1062, 780]]",,[],,0.4175088616381119,0.3403199643941045
812,3,1,13.529999999999973,,13518,"[954, 270]",False,,True,0.0,False,medium,False,"[[756, 522], [918, 522], [1098, 540], [756, 558], [882, 612], [1062, 774]]",,[],,0.41776714996733083,0.34082464577469773
813,3,1,13.545999999999935,,13518,"[954, 270]",False,,True,0.0,False,medium,False,"[[756, 516], [918, 516], [1098, 534], [756, 552], [882, 606], [1062, 768]]",,[],,0.23138430599164464,0.1337334065782907
814,3,1,13.562000000000012,,13518,"[954, 270]",False,,True,0.0,False,medium,False,"[[756, 510], [918, 510], [1098, 528], [756, 546], [882, 600], [1062, 762]]",,[],,0.420228336535888,0.34553468188744174
815,3,1,13.577999999999975,,13518,"[954, 270]",False,,True,0.0,False,medium,False,"[[756, 504], [918, 504], [1098, 522], [756, 540], [882, 594], [1062, 756]]",,[],,0.42038368671585113,0.3468168482354622
816,3,1,13.59699999999998,,13518,"[954, 270]",False,Right,True,0.0,False,medium,False,"[[756, 498], [918, 498], [1098, 516], [756, 534], [882, 588], [1062, 750]]",,[],,0.256515267159649,0.6655254799721609
817,3,1,13.612999999999943,,13518,"[954, 270]",False,Right,True,0.0,False,medium,False,"[[750, 492], [912, 492], [1092, 510], [750, 528], [876, 582], [1056, 744]]",,[],,0.23138430599164464,0.1337334065782907
818,3,1,13.629999999999995,,13518,"[954, 270]",False,Right,True,0.0,False,medium,False,"[[744, 486], [906, 486], [1086, 504], [744, 522], [870, 576], [1050, 738]]",,[],,0.23138430599164464,0.1337334065782907
819,3,1,13.648000000000025,,13518,"[954, 270]",False,Right,True,0.0,False,medium,False,"[[738, 480], [900, 480], [1080, 498], [738, 516], [864, 570], [1044, 732]]",,[],,0.23138430599164464,0.1337334065782907
820,3,1,13.663999999999987,,13518,"[954, 270]",False,Right,True,0.0,False,medium,False,"[[732, 474], [894, 474], [1074, 492], [732, 510], [858, 564], [1038, 726]]",,[],,0.23138430599164464,0.1337334065782907
821,3,1,13.67999999999995,,13518,"[954, 270]",False,Right,True,0.0,False,medium,False,"[[726, 468], [888, 468], [1068, 486], [726, 504], [852, 558], [1032, 720]]",,[],,0.23138430599164464,0.1337334065782907
822,3,1,13.696000000000026,,13518,"[954, 270]",False,Right,True,0.0,False,medium,False,"[[720, 462], [882, 462], [1062, 480], [720, 498], [846, 552], [1026, 714]]",,[],,0.44690401689890835,0.35593370675644087
823,3,1,13.712999999999965,,13518,"[954, 270]",False,Right,True,0.0,False,medium,False,"[[714, 456], [876, 456], [1056, 474], [714, 492], [840, 546], [1020, 708]]",,[],,0.23138430599164464,0.1337334065782907
824,3,1,13.729000000000042,,13518,"[954, 270]",False,Right,True,0.0,False,medium,False,"[[708, 450], [870, 450], [1050, 468], [708, 486], [834, 540], [1014, 702]]",,[],,0.44940535799134923,0.3584444188694823
825,3,1,13.745000000000005,,13518,"[954, 270]",False,Right,True,0.0,False,medium,False,"[[702, 444], [864, 444], [1044, 462], [702, 480], [828, 534], [1008, 696]]",,[],,0.44940535799134923,0.3584444188694823
826,3,1,13.765999999999963,,13518,"[954, 270]",False,,True,0.0,False,medium,False,"[[696, 438], [858, 438], [1038, 456], [696, 474], [822, 528], [1002, 690]]",,[],,0.23138430599164464,0.1337334065782907
827,3,1,13.783000000000015,,13518,"[954, 270]",False,,True,0.0,False,medium,False,"[[696, 432], [858, 432], [1038, 450], [696, 468], [822, 522], [1002, 684]]",,[],,0.23138430599164464,0.1337334065782907
828,3,1,13.799999999999955,,13518,"[954, 270]",False,,True,0.0,False,medium,False,"[[696, 426], [858, 426], [1038, 444], [696, 462], [822, 516], [1002, 678]]",,[],,0.23138430599164464,0.1337334065782907
829,3,1,13.817000000000007,,13518,"[954, 270]",False,,True,0.0,False,medium,False,"[[696, 420], [858, 420], [1038, 438], [696, 456], [822, 510], [1002, 672]]",,[],,0.23138430599164464,0.1337334065782907
830,3,1,13.83299999999997,,13518,"[954, 270]",False,,True,0.0,False,medium,False,"[[696, 414], [858, 414], [1038, 432], [696, 450], [822, 504], [1002, 666]]",,[],,0.23138430599164464,0.1337334065782907
831,3,1,13.850999999999999,,13518,"[954, 270]",False,,True,0.0,False,medium,False,"[[696, 408], [858, 408], [1038, 426], [696, 444], [822, 498], [1002, 660]]",,[],,0.4524493972918755,0.36454186145328815
832,3,1,13.866999999999962,,13518,"[954, 270]",False,,True,0.0,False,medium,False,"[[696, 402], [858, 402], [1038, 420], [696, 438], [822, 492], [1002, 654]]",,[],,0.4524493972918755,0.36454186145328815
833,3,1,13.884999999999991,,13518,"[954, 270]",False,Left,True,0.0,False,medium,False,"[[696, 396], [858, 396], [1038, 414], [696, 432], [822, 486], [1002, 648]]",,[],,0.4509712906521197,0.36607365965992755
834,3,1,13.899999999999977,,13518,"[954, 270]",False,Left,True,0.0,False,medium,False,"[[702, 390], [864, 390], [1044, 408], [702, 426], [828, 480], [1008, 642]]",,[],,0.4509712906521197,0.36607365965992755
835,3,1,13.91700000000003,,13518,"[954, 270]",False,Left,True,0.0,False,medium,False,"[[708, 384], [870, 384], [1050, 402], [708, 420], [834, 474], [1014, 636]]",,[],,0.23138430599164464,0.1337334065782907
836,3,1,13.933999999999969,,13518,"[954, 270]",False,Left,True,0.0,False,medium,False,"[[714, 378], [876, 378], [1056, 396], [714, 414], [840, 468], [1020, 630]]",,[],,0.23138430599164464,0.1337334065782907
837,3,1,13.951000000000022,,13518,"[954, 270]",False,Left,True,0.0,False,medium,False,"[[720, 372], [882, 372], [1062, 390], [720, 408], [846, 462], [1026, 624]]",,[],,0.23138430599164464,0.1337334065782907
838,3,1,13.966999999999985,,13518,"[954, 270]",False,Left,True,0.0,False,medium,False,"[[726, 366], [888, 366], [1068, 384], [726, 402], [852, 456], [1032, 618]]",,[],,0.23138430599164464,0.1337334065782907
839,3,1,13.985000000000014,,13518,"[954, 270]",False,Left,True,0.0,False,medium,False,"[[732, 360], [894, 360], [1074, 378], [732, 396], [858, 450], [1038, 612]]",,[],,0.23138430599164464,0.1337334065782907
840,3,1,14.001999999999953,,13518,"[954, 270]",False,Left,True,0.0,False,medium,False,"[[738, 354], [900, 354], [1080, 372], [738, 390], [864, 444], [1044, 606]]",,[],,0.23138430599164464,0.1337334065782907
841,3,1,14.018000000000029,,13518,"[954, 270]",False,Left,True,0.0,False,medium,False,"[[744, 348], [906, 348], [1086, 366], [744, 384], [870, 438], [1050, 600]]",,[],,0.23138430599164464,0.1337334065782907
842,3,1,14.033999999999992,,13518,"[954, 270]",False,Left,True,0.0,False,medium,False,"[[750, 342], [912, 342], [1092, 360], [750, 378], [876, 432], [1056, 594]]",,[],,0.23138430599164464,0.1337334065782907
843,3,1,14.051000000000045,,13518,"[954, 270]",False,Left,True,0.0,False,medium,False,"[[756, 336], [918, 336], [1098, 354], [756, 372], [882, 426], [1062, 588]]",,[],,0.4523761645115741,0.37122554609249503
844,3,1,14.067000000000007,,13518,"[954, 270]",False,Left,True,0.0,False,medium,False,"[[762, 330], [924, 330], [1104, 348], [762, 366], [888, 420], [1068, 582]]",,[],,0.4523761645115741,0.37122554609249503
845,3,1,14.08299999999997,,13518,"[954, 270]",False,Left,True,0.0,False,medium,False,"[[768, 324], [930, 324], [1110, 342], [768, 360], [894, 414], [1074, 576]]",,[],,0.23138430599164464,0.1337334065782907
846,3,1,14.100999999999999,,13518,"[954, 270]",False,,True,0.0,False,medium,False,"[[774, 318], [936, 318], [1116, 336], [774, 354], [900, 408], [1080, 570]]",,[],,0.23138430599164464,0.1337334065782907
847,3,1,14.117999999999938,,13518,"[954, 270]",False,,True,0.0,False,medium,False,"[[774, 312], [936, 312], [1116, 330], [774, 348], [900, 402], [1080, 564]]",,[],,0.23138430599164464,0.1337334065782907
848,3,1,14.134999999999991,,13518,"[954, 270]",False,,True,0.0,False,medium,False,"[[774, 306], [936, 306], [1116, 324], [774, 342], [900, 396], [1080, 558], [1134, 810]]",,[],,0.23138430599164464,0.1337334065782907
849,3,1,14.152000000000044,,13518,"[954, 270]",False,,True,0.0,False,medium,False,"[[774, 300], [936, 300], [1116, 318], [774, 336], [900, 390], [1080, 552], [1134, 804]]",,[],,0.23138430599164464,0.1337334065782907
850,3,1,14.168999999999983,,13518,"[954, 270]",False,,True,0.0,False,medium,False,"[[774, 294], [936, 294], [1116, 312], [774, 330], [900, 384], [1080, 546], [1134, 798]]",,[],,0.23138430599164464,0.1337334065782907
851,3,1,14.184999999999945,,13518,"[954, 270]",True,,True,0.0,False,medium,False,"[[774, 288], [936, 288], [1116, 306], [774, 324], [900, 378], [1080, 540], [1134, 792]]",,[],,0.23138430599164464,0.1337334065782907
852,3,1,16.317000000000007,,13518,"[954, 270]",True,,True,0.0,False,medium,False,"[[774, 282], [936, 282], [1116, 300], [774, 318], [900, 372], [1080, 534], [1134, 786]]",,[],1,0.23138430599164464,0.1337334065782907
