,trial,attempt,time_played,time_tag,level_size_y,player_pos,collision,current_input,drift_enabled,current_drift,level_done,input_noise_magnitude,input_noise_on,visible_obstacles,adjacent_wall_tiles_x_pos,visible_drift_tiles,SoC,gaze_x,gaze_y
0,4,2,0.0,,13518,"[954, -86]",False,,True,0.0,False,,False,[],,[],,0.5700970310339539,0.36608672890485217
1,4,2,0.01700000000005275,,13518,"[954, -82]",False,,True,0.0,False,,False,[],,[],,0.5700970310339539,0.36608672890485217
2,4,2,0.03499999999996817,,13518,"[954, -78]",False,,True,0.0,False,,False,[],,[],,0.5705225613573859,0.36720939390387375
3,4,2,0.051000000000044565,,13518,"[954, -74]",False,,True,0.0,False,,False,[],,[],,0.5705225613573859,0.36720939390387375
4,4,2,0.06799999999998363,,13518,"[954, -70]",False,,True,0.0,False,,False,[],,[],,0.5707181629562041,0.3684309064436394
5,4,2,0.08500000000003638,,13518,"[954, -66]",False,,True,0.0,False,,False,[],,[],,0.5707181629562041,0.3684309064436394
6,4,2,0.10199999999997544,,13518,"[954, -62]",False,,True,0.0,False,,False,[],,[],,0.5706020206715192,0.3690227103864747
7,4,2,0.1169999999999618,,13518,"[954, -58]",False,,True,0.0,False,,False,[],,[],,0.5706020206715192,0.3690227103864747
8,4,2,0.1330000000000382,,13518,"[954, -54]",False,,True,0.0,False,,False,[],,[],,0.5695970544105005,0.3678346435126316
9,4,2,0.14999999999997726,,13518,"[954, -50]",False,,True,0.0,False,,False,[],,[],,0.5695970544105005,0.3678346435126316
10,4,2,0.16600000000005366,,13518,"[954, -46]",False,,True,0.0,False,,False,[],,[],,0.5485568017347281,0.3951328583690429
11,4,2,0.18200000000001637,,13518,"[954, -42]",False,,True,0.0,False,,False,[],,[],,0.5485568017347281,0.3951328583690429
12,4,2,0.19799999999997908,,13518,"[954, -38]",False,,True,0.0,False,,False,[],,[],,0.5353597401551611,0.38887018432703835
13,4,2,0.21500000000003183,,13518,"[954, -34]",False,,True,0.0,False,,False,[],,[],,0.535255742780436,0.38820486508361574
14,4,2,0.2319999999999709,,13518,"[954, -30]",False,,True,0.0,False,,False,[],,[],,0.5333415587494624,0.3885873031107473
15,4,2,0.24900000000002365,,13518,"[954, -26]",False,,True,0.0,False,,False,[],,[],,0.5333415587494624,0.3885873031107473
16,4,2,0.26499999999998636,,13518,"[954, -22]",False,,True,0.0,False,,False,[],,[],,0.52716064192404,0.3876896041933492
17,4,2,0.28099999999994907,,13518,"[954, -18]",False,,True,0.0,False,,False,[],,[],,0.5239371086554746,0.38630022329524005
18,4,2,0.2980000000000018,,13518,"[954, -14]",False,,True,0.0,False,,False,[],,[],,-0.02543943727813769,0.20964261715029042
19,4,2,0.31399999999996453,,13518,"[954, -10]",False,,True,0.0,False,,False,[],,[],,-0.02543943727813769,0.20964261715029042
20,4,2,0.3310000000000173,,13518,"[954, -6]",False,,True,0.0,False,,False,[],,[],,0.5253354298909552,0.41301543654832706
21,4,2,0.34799999999995634,,13518,"[954, -2]",False,,True,0.0,False,,False,[],,[],,0.5253354298909552,0.41301543654832706
22,4,2,0.36400000000003274,,13518,"[954, 2]",False,,True,0.0,False,,False,[],,[],,0.49094067579996076,0.38137107316438024
23,4,2,0.37999999999999545,,13518,"[954, 6]",False,,True,0.0,False,,False,[],,[],,0.49094067579996076,0.38137107316438024
24,4,2,0.39599999999995816,,13518,"[954, 10]",False,,True,0.0,False,,False,[],,[],,0.4796131955372327,0.3717133022204475
25,4,2,0.4130000000000109,,13518,"[954, 14]",False,,True,0.0,False,,False,[],,[],,0.4796131955372327,0.3717133022204475
26,4,2,0.42999999999995,,13518,"[954, 18]",False,,True,0.0,False,,False,[],,[],,0.47684739188731406,0.36660535550792395
27,4,2,0.44700000000000273,,13518,"[954, 22]",False,,True,0.0,False,,False,[],,[],,0.47684739188731406,0.36660535550792395
28,4,2,0.4640000000000555,,13518,"[954, 26]",False,,True,0.0,False,,False,[],,[],,0.4795965031574346,0.3676159633348929
29,4,2,0.48099999999999454,,13518,"[954, 30]",False,,True,0.0,False,,False,[],,[],,0.48010770786455775,0.3683920831635341
30,4,2,0.4980000000000473,,13518,"[954, 34]",False,,True,0.0,False,,False,[],,[],,0.481496256439433,0.37739133999949304
31,4,2,0.5149999999999864,,13518,"[954, 38]",False,,True,0.0,False,,False,[],,[],,0.481496256439433,0.37739133999949304
32,4,2,0.5309999999999491,,13518,"[954, 42]",False,,True,0.0,False,,False,[],,[],,0.4812119254594392,0.37953382476693787
33,4,2,0.5480000000000018,,13518,"[954, 46]",False,,True,0.0,False,,False,[],,[],,0.4812119254594392,0.37953382476693787
34,4,2,0.5639999999999645,,13518,"[954, 50]",False,,True,0.0,False,,False,[],,[],,0.4809140557124497,0.3815266748151914
35,4,2,0.5800000000000409,,13518,"[954, 54]",False,,True,0.0,False,,False,[],,[],,0.4809140557124497,0.3815266748151914
36,4,2,0.5960000000000036,,13518,"[954, 58]",False,,True,0.0,False,,False,[],,[],,0.48172402343499365,0.3858760840290427
37,4,2,0.6119999999999663,,13518,"[954, 62]",False,,True,0.0,False,,False,[],,[],,0.48172402343499365,0.3858760840290427
38,4,2,0.6280000000000427,,13518,"[954, 66]",False,,True,0.0,False,,False,[],,[],,-0.023433857883582744,0.14635964826711167
39,4,2,0.6449999999999818,,13518,"[954, 70]",False,,True,0.0,False,,False,[],,[],,-0.023433857883582744,0.14635964826711167
40,4,2,0.6610000000000582,,13518,"[954, 74]",False,,True,0.0,False,,False,[],,[],,-0.15961463115520588,0.04985487320301951
41,4,2,0.6779999999999973,,13518,"[954, 78]",False,,True,0.0,False,,False,[],,[],,-0.15961463115520588,0.04985487320301951
42,4,2,0.69500000000005,,13518,"[954, 82]",False,,True,0.0,False,,False,[],,[],,0.4737990995409941,0.15624912784784228
43,4,2,0.7129999999999654,,13518,"[954, 86]",False,,True,0.0,False,,False,[],,[],,0.4737990995409941,0.15624912784784228
44,4,2,0.7279999999999518,,13518,"[954, 90]",False,,True,0.0,False,,False,[],,[],,-0.1015801796749665,0.34046259620584507
45,4,2,0.7450000000000045,,13518,"[954, 94]",False,,True,0.0,False,,False,[],,[],,-0.1015801796749665,0.34046259620584507
46,4,2,0.7609999999999673,,13518,"[954, 98]",False,,True,0.0,False,,False,[],,[],,0.5144083472646153,0.1951129607821096
47,4,2,0.7770000000000437,,13518,"[954, 102]",False,,True,0.0,False,,False,[],,[],,0.5144083472646153,0.1951129607821096
48,4,2,0.7939999999999827,,13518,"[954, 106]",False,,True,0.0,False,,False,[],,[],,0.4394764155890405,0.08963361457037622
49,4,2,0.8110000000000355,,13518,"[954, 110]",False,,True,0.0,False,,False,[],,[],,0.4791227654034166,0.341436245444394
50,4,2,0.8269999999999982,,13518,"[954, 114]",False,,True,0.0,False,,False,[],,[],,0.5208178457401469,0.33231918773774727
51,4,2,0.8440000000000509,,13518,"[954, 118]",False,,True,0.0,False,,False,[],,[],,0.5235401090038212,0.3378069968975803
52,4,2,0.8600000000000136,,13518,"[954, 122]",False,,True,0.0,False,,False,[],,[],,0.52650426422782,0.3493956460779172
53,4,2,0.8759999999999764,,13518,"[954, 126]",False,,True,0.0,False,,False,[],,[],,0.4693051933832675,0.2626133009088718
54,4,2,0.8930000000000291,,13518,"[954, 130]",False,,True,0.0,False,,False,[],,[],,0.5207241033826779,0.23070851546025795
55,4,2,0.9099999999999682,,13518,"[954, 134]",False,,True,0.0,False,,False,[],,[],,0.49344816938554664,0.4366386690985786
56,4,2,0.9260000000000446,,13518,"[954, 138]",False,,True,0.0,False,,False,[],,[],,0.4899624793857007,0.4362007156242782
57,4,2,0.94399999999996,,13518,"[954, 142]",False,,True,0.0,False,,False,[],,[],,0.48632774721247357,0.4328006956869036
58,4,2,0.9610000000000127,,13518,"[954, 146]",False,,True,0.0,False,,False,[],,[],,0.4867961786759799,0.43314984730986483
59,4,2,0.9779999999999518,,13518,"[954, 150]",False,,True,0.0,False,,False,[],,[],,0.4848725705777827,0.4304777311613006
60,4,2,0.9940000000000282,,13518,"[954, 154]",False,,True,0.0,False,,False,[],,[],,0.49444459823034653,0.10675070367019579
61,4,2,1.0109999999999673,,13518,"[954, 158]",False,,True,0.0,False,,False,[],,[],,0.4837355293746109,0.4283476667543451
62,4,2,1.0270000000000437,,13518,"[954, 162]",False,,True,0.0,False,,False,[],,[],,0.48949695304419194,0.13664038120458344
63,4,2,1.0439999999999827,,13518,"[954, 166]",False,,True,0.0,False,,False,[],,[],,0.48949695304419194,0.13664038120458344
64,4,2,1.0610000000000355,,13518,"[954, 170]",False,,True,0.0,False,,False,[],,[],,0.5541379764733795,0.1309353356682018
65,4,2,1.0769999999999982,,13518,"[954, 174]",False,,True,0.0,False,,False,[],,[],,0.4891778546071922,0.366312679515016
66,4,2,1.092999999999961,,13518,"[954, 178]",False,,True,0.0,False,,False,[],,[],,0.5765845633604785,0.12823809386104557
67,4,2,1.1100000000000136,,13518,"[954, 182]",False,,True,0.0,False,,False,[],,[],,0.48683008045796017,0.3744410597906753
68,4,2,1.1259999999999764,,13518,"[954, 186]",False,,True,0.0,False,,False,[],,[],,0.5710888471428657,0.12909814822894505
69,4,2,1.143000000000029,,13518,"[954, 190]",False,,True,0.0,False,,False,[],,[],,0.4860449474430751,0.3822671004612225
70,4,2,1.1599999999999682,,13518,"[954, 194]",False,,True,0.0,False,,False,[],,[],,0.48610082155416984,0.383972962843792
71,4,2,1.177000000000021,,13518,"[954, 198]",False,,True,0.0,False,,False,[],,[],,0.48643530279546293,0.3873249847468626
72,4,2,1.1929999999999836,,13518,"[954, 202]",False,,True,0.0,False,,False,[],,[],,0.5382497797898165,0.13296928045392897
73,4,2,1.20900000000006,,13518,"[954, 206]",False,,True,0.0,False,,False,[],,[],,0.4865743195222379,0.38778490182738634
74,4,2,1.225999999999999,,13518,"[954, 210]",False,,True,0.0,False,,False,[],,[],,0.4865743195222379,0.38778490182738634
75,4,2,1.2430000000000518,,13518,"[954, 214]",False,,True,0.0,False,,False,[],,[],,0.4871102307724432,0.3872278684653204
76,4,2,1.2609999999999673,,13518,"[954, 218]",False,,True,0.0,False,,False,[],,[],,0.4871563097433638,0.38699773905232804
77,4,2,1.2770000000000437,,13518,"[954, 222]",False,,True,0.0,False,,False,[],,[],,0.4872022749152308,0.3873751072598389
78,4,2,1.2939999999999827,,13518,"[954, 226]",False,,True,0.0,False,,False,[],,[],,0.4875898638938275,0.38725118937880665
79,4,2,1.3100000000000591,,13518,"[954, 230]",False,,True,0.0,False,,False,[],,[],,0.4879193717876692,0.387142393149295
80,4,2,1.3260000000000218,,13518,"[954, 234]",False,,True,0.0,False,,False,[],,[],,0.4879193717876692,0.387142393149295
81,4,2,1.3419999999999845,,13518,"[954, 238]",False,,True,0.0,False,,False,[],,[],,0.43328726478037377,0.3931891290489058
82,4,2,1.3590000000000373,,13518,"[954, 242]",False,,True,0.0,False,,False,[],,[],,0.43328726478037377,0.3931891290489058
83,4,2,1.3759999999999764,,13518,"[954, 246]",False,,True,0.0,False,,False,[],,[],,0.4297740450013923,0.37941105535082886
84,4,2,1.3920000000000528,,13518,"[954, 250]",False,,True,0.0,False,,False,[],,[],,0.4297740450013923,0.37941105535082886
85,4,2,1.4080000000000155,,13518,"[954, 254]",False,,True,0.0,False,,False,[],,[],,0.42693299028724574,0.36828958224792596
86,4,2,1.4249999999999545,,13518,"[954, 258]",False,,True,0.0,False,,False,[],,[],,0.42693299028724574,0.36828958224792596
87,4,2,1.4420000000000073,,13518,"[954, 262]",False,,True,0.0,False,,False,[],,[],,0.4269278245562694,0.3617453566890403
88,4,2,1.45900000000006,,13518,"[954, 266]",False,,True,0.0,False,,False,[],,[],,0.4269278245562694,0.3617453566890403
89,4,2,1.4750000000000227,,13518,"[954, 270]",False,,True,0.0,False,,False,[],,[],,0.42596643601746476,0.3619276890176849
90,4,2,1.4919999999999618,,13518,"[954, 270]",False,,True,0.0,False,,False,[],,[],,0.42596643601746476,0.3619276890176849
91,4,2,1.5090000000000146,,13518,"[954, 270]",False,,True,0.0,False,,False,[],,[],,0.42544675288769473,0.3627850457127789
92,4,2,1.5259999999999536,,13518,"[954, 270]",False,,True,0.0,False,,False,[],,[],,0.42544675288769473,0.3627850457127789
93,4,2,1.54200000000003,,13518,"[954, 270]",False,,True,0.0,False,,False,[],,[],,0.4256356887127765,0.3647882911048034
94,4,2,1.5579999999999927,,13518,"[954, 270]",False,,True,0.0,False,,False,[],,[],,0.4256356887127765,0.3647882911048034
95,4,2,1.5739999999999554,,13518,"[954, 270]",False,,True,0.0,False,,False,[],,[],,0.42636231878309755,0.36590878653565384
96,4,2,1.5910000000000082,,13518,"[954, 270]",False,,True,0.0,False,,False,[],,[],,0.42636231878309755,0.36590878653565384
97,4,2,1.608000000000061,,13518,"[954, 270]",False,,True,0.0,False,,False,[],,[],,0.4264154480946587,0.3669129527526339
98,4,2,1.625,,13518,"[954, 270]",False,,True,0.0,False,,False,[],,[],,0.42619367830648613,0.3667402265572899
99,4,2,1.6409999999999627,,13518,"[954, 270]",False,,True,0.0,False,,False,[],,[],,0.4259278704055564,0.367439570172424
100,4,2,1.6580000000000155,,13518,"[954, 270]",False,,True,0.0,False,,False,[],,[],,0.4259941625734058,0.3672274244697491
101,4,2,1.6730000000000018,,13518,"[954, 270]",False,,True,0.0,False,,False,[],,[],,0.42588354731004985,0.36867007038788735
102,4,2,1.6889999999999645,,13518,"[954, 270]",False,,True,0.0,False,,False,[],,[],,0.42588354731004985,0.36867007038788735
103,4,2,1.7060000000000173,,13518,"[954, 270]",False,,True,0.0,False,,False,[],,[],,0.42637093796436076,0.37140706389995615
104,4,2,1.7229999999999563,,13518,"[954, 270]",False,,True,0.0,False,,False,[],,[],,0.42637093796436076,0.37140706389995615
105,4,2,1.740000000000009,,13518,"[954, 270]",False,,True,0.0,False,,False,[],,[],,0.4352237131588919,0.36154564427897184
106,4,2,1.7570000000000618,,13518,"[954, 270]",False,,True,0.0,False,,False,[],,[],,0.4352237131588919,0.36154564427897184
107,4,2,1.7730000000000246,,13518,"[954, 270]",False,,True,0.0,False,,False,[],,[],,0.4425649818169289,0.3320977414101751
108,4,2,1.7889999999999873,,13518,"[954, 270]",False,,True,0.0,False,,False,[],,[],,0.4425649818169289,0.3320977414101751
109,4,2,1.80600000000004,,13518,"[954, 270]",False,,True,0.0,False,,False,[],,[],,0.4614919486898981,0.25065348065205995
110,4,2,1.8220000000000027,,13518,"[954, 270]",False,,True,0.0,False,,False,[],,[],,0.4614919486898981,0.25065348065205995
111,4,2,1.8390000000000555,,13518,"[954, 270]",False,,True,0.0,False,,False,[],,[],,0.4641538974239997,0.21932817361755919
112,4,2,1.8550000000000182,,13518,"[954, 270]",False,,True,0.0,False,,False,[],,[],,0.4641538974239997,0.21932817361755919
113,4,2,1.8719999999999573,,13518,"[954, 270]",False,,True,0.0,False,,False,[],,[],,0.46337649122621893,0.2229374979404236
114,4,2,1.88900000000001,,13518,"[954, 270]",False,,True,0.0,False,,False,[],,[],,0.46337649122621893,0.2229374979404236
115,4,2,1.907000000000039,,13518,"[954, 270]",False,,True,0.0,False,,False,[],,[],,0.46309393175939595,0.22516500195469802
116,4,2,1.9230000000000018,,13518,"[954, 270]",False,,True,0.0,False,,False,[],,[],,0.46309393175939595,0.22516500195469802
117,4,2,1.9400000000000546,,13518,"[954, 270]",False,,True,0.0,False,,False,[],,[],,0.4629896587867696,0.22792919654176713
118,4,2,1.9569999999999936,,13518,"[954, 270]",False,,True,0.0,False,,False,[],,[],,0.4629896587867696,0.22792919654176713
119,4,2,1.9729999999999563,,13518,"[954, 270]",False,,True,0.0,False,,False,[],,[],,0.4626112173805253,0.23158441261561713
120,4,2,1.990000000000009,,13518,"[954, 270]",False,,True,0.0,False,,False,[],,[],,0.4626112173805253,0.23158441261561713
121,4,2,2.007000000000062,,13518,"[954, 270]",False,,True,0.0,False,,False,[],,[],,0.4621719895895726,0.23458370390498862
122,4,2,2.0230000000000246,,13518,"[954, 270]",False,,True,0.0,False,,False,[],,[],,0.4621719895895726,0.23458370390498862
123,4,2,2.0399999999999636,,13518,"[954, 270]",False,,True,0.0,False,,False,[],,[],,0.46178166753735217,0.23886419550497762
124,4,2,2.05600000000004,,13518,"[954, 270]",False,,True,0.0,False,,False,[],,[],,0.46178166753735217,0.23886419550497762
125,4,2,2.072999999999979,,13518,"[954, 270]",False,,True,0.0,False,,False,[],,[],,0.46266999143526844,0.24094987080260355
126,4,2,2.090000000000032,,13518,"[954, 270]",False,,True,0.0,False,,False,[],,[],,0.46266999143526844,0.24094987080260355
127,4,2,2.106999999999971,,13518,"[954, 270]",False,,True,0.0,False,,False,[],,[],,0.4648616935263424,0.23838325730783372
128,4,2,2.1230000000000473,,13518,"[954, 270]",False,,True,0.0,False,,False,[],,[],,0.4648616935263424,0.23838325730783372
129,4,2,2.1399999999999864,,13518,"[954, 270]",False,,True,0.0,False,,False,[],,[],,0.476565250055094,0.23131290901903312
130,4,2,2.157000000000039,,13518,"[954, 270]",False,,True,0.0,False,,False,[],,[],,0.476565250055094,0.23131290901903312
131,4,2,2.173999999999978,,13518,"[954, 270]",False,,True,0.0,False,,False,[],,[],,0.476936180012705,0.23053208555608706
132,4,2,2.1900000000000546,,13518,"[954, 270]",False,,True,0.0,False,,False,[],,[],,0.476936180012705,0.23053208555608706
133,4,2,2.2069999999999936,,13518,"[954, 270]",False,,True,0.0,False,,False,[],,[],,0.5497576096327509,0.055609807897463726
134,4,2,2.2240000000000464,,13518,"[954, 270]",False,,True,0.0,False,,False,[],,[],,0.5497576096327509,0.055609807897463726
135,4,2,2.240000000000009,,13518,"[954, 270]",False,,True,0.0,False,,False,[],,[],,0.49816070275467494,0.03254639420091965
136,4,2,2.257000000000062,,13518,"[954, 270]",False,,True,0.0,False,,False,[],,[],,0.49816070275467494,0.03254639420091965
137,4,2,2.274000000000001,,13518,"[954, 270]",False,,True,0.0,False,,False,[],,[],,0.5462478118022354,0.03715211592501644
138,4,2,2.2910000000000537,,13518,"[954, 270]",False,,True,0.0,False,,False,[],,[],,0.5462478118022354,0.03715211592501644
139,4,2,2.3070000000000164,,13518,"[954, 270]",False,,True,0.0,False,,False,[],,[],,0.47793392224887016,0.3018960683341845
140,4,2,2.3239999999999554,,13518,"[954, 270]",False,,True,0.0,False,,False,[],,[],,0.47793392224887016,0.3018960683341845
141,4,2,2.340000000000032,,13518,"[954, 270]",False,,True,0.0,False,,False,[],,[],,0.4810974026782465,0.1799855631587004
142,4,2,2.356999999999971,,13518,"[954, 270]",False,,True,0.0,False,,False,[],,[],,0.4810974026782465,0.1799855631587004
143,4,2,2.3740000000000236,,13518,"[954, 270]",False,,True,0.0,False,,False,[],,[],,0.5277356248838426,0.31214643701563216
144,4,2,2.3899999999999864,,13518,"[954, 270]",False,,True,0.0,False,,False,[],,[],,0.5277356248838426,0.31214643701563216
145,4,2,2.407000000000039,,13518,"[954, 270]",False,,True,0.0,False,,False,[],,[],,0.5505973555495967,0.03698111811560645
146,4,2,2.423999999999978,,13518,"[954, 270]",False,,True,0.0,False,,False,[],,[],,0.5505973555495967,0.03698111811560645
147,4,2,2.4420000000000073,,13518,"[954, 270]",False,,True,0.0,False,,False,[],,[],,0.49525373914524007,0.17765091549610978
148,4,2,2.45900000000006,,13518,"[954, 270]",False,,True,0.0,False,,False,[],,[],,0.49525373914524007,0.17765091549610978
149,4,2,2.4750000000000227,,13518,"[954, 270]",False,,True,0.0,False,,False,[],,[],,0.48810201831812555,0.24783370987358366
150,4,2,2.491999999999962,,13518,"[954, 270]",False,,True,0.0,False,,False,[],,[],,0.5058384797440335,0.1747920969630804
151,4,2,2.508000000000038,,13518,"[954, 270]",False,,True,0.0,False,,False,[],,[],,0.5060289278583289,0.1729040552718787
152,4,2,2.5259999999999536,,13518,"[954, 270]",False,,True,0.0,False,,False,[],,[],,0.5060289278583289,0.1729040552718787
153,4,2,2.5430000000000064,,13518,"[954, 270]",False,,True,0.0,False,,False,[],,[],,0.4945769678853969,0.20437040272547258
154,4,2,2.558999999999969,,13518,"[954, 270]",False,,True,0.0,False,,False,[],,[],,0.4945769678853969,0.20437040272547258
155,4,2,2.5750000000000455,,13518,"[954, 270]",False,,True,0.0,False,,False,[],,[],,0.49208510574400527,0.21260274839279703
156,4,2,2.5919999999999845,,13518,"[954, 270]",False,,True,0.0,False,,False,[],,[],,0.49208510574400527,0.21260274839279703
157,4,2,2.608000000000061,,13518,"[954, 270]",False,,True,0.0,False,,False,[],,[],,0.48972511436369687,0.2158820559075908
158,4,2,2.6240000000000236,,13518,"[954, 270]",False,,True,0.0,False,,False,"[[1224, 810]]",,[],,0.48972511436369687,0.2158820559075908
159,4,2,2.6409999999999627,,13518,"[954, 270]",False,,True,0.0,False,,False,"[[1224, 804]]",,[],,0.4878145545993842,0.22007408757859281
160,4,2,2.657000000000039,,13518,"[954, 270]",False,,True,0.0,False,,False,"[[1224, 798]]",,[],,0.4878145545993842,0.22007408757859281
161,4,2,2.673999999999978,,13518,"[954, 270]",False,,True,0.0,False,,False,"[[1224, 792]]",,[],,0.4878145545993842,0.22007408757859281
162,4,2,2.6900000000000546,,13518,"[954, 270]",False,,True,0.0,False,,False,"[[1224, 786]]",,[],,0.4877367000458131,0.2285241528366958
163,4,2,2.7069999999999936,,13518,"[954, 270]",False,,True,0.0,False,,False,"[[1224, 780]]",,[],,0.48823739463449733,0.23247615694121437
164,4,2,2.7229999999999563,,13518,"[954, 270]",False,,True,0.0,False,,False,"[[1224, 774]]",,[],,0.48823739463449733,0.23247615694121437
165,4,2,2.740000000000009,,13518,"[954, 270]",False,,True,0.0,False,,False,"[[1224, 768]]",,[],,0.4889768512867209,0.23462837789574875
166,4,2,2.755999999999972,,13518,"[954, 270]",False,,True,0.0,False,,False,"[[1224, 762]]",,[],,0.489444579835222,0.23845563012683135
167,4,2,2.772000000000048,,13518,"[954, 270]",False,,True,0.0,False,,False,"[[1224, 756]]",,[],,0.49033232031299007,0.24293826007718922
168,4,2,2.7889999999999873,,13518,"[954, 270]",False,,True,0.0,False,,False,"[[1224, 750]]",,[],,0.4908406380495676,0.24416737368759933
169,4,2,2.80600000000004,,13518,"[954, 270]",False,,True,0.0,False,,False,"[[1224, 744]]",,[],,0.4911810874851863,0.2495605486834036
170,4,2,2.8220000000000027,,13518,"[954, 270]",False,,True,0.0,False,,False,"[[1224, 738]]",,[],,0.4911810874851863,0.2495605486834036
171,4,2,2.8390000000000555,,13518,"[954, 270]",False,,True,0.0,False,,False,"[[1224, 732]]",,[],,0.49115850428420077,0.2530489082858888
172,4,2,2.8559999999999945,,13518,"[954, 270]",False,,True,0.0,False,,False,"[[1224, 726]]",,[],,0.4905840795099012,0.2571460201864857
173,4,2,2.8730000000000473,,13518,"[954, 270]",False,,True,0.0,False,,False,"[[1224, 720]]",,[],,0.48904407090809493,0.26082335899342834
174,4,2,2.8899999999999864,,13518,"[954, 270]",False,,True,0.0,False,,False,"[[1224, 714]]",,[],,0.48904407090809493,0.26082335899342834
175,4,2,2.905999999999949,,13518,"[954, 270]",False,,True,0.0,False,,False,"[[1224, 708]]",,[],,0.4877854429189682,0.2632302180925079
176,4,2,2.923000000000002,,13518,"[954, 270]",False,,True,0.0,False,,False,"[[1224, 702], [1026, 810]]",,[],,0.4877515944853298,0.263483316709637
177,4,2,2.9389999999999645,,13518,"[954, 270]",False,,True,0.0,False,,False,"[[1224, 696], [1026, 804]]",,[],,0.4868878047039719,0.2652708961826985
178,4,2,2.9560000000000173,,13518,"[954, 270]",False,,True,0.0,False,,False,"[[1224, 690], [1026, 798]]",,[],,0.4925996048048552,0.25113927779195977
179,4,2,2.9740000000000464,,13518,"[954, 270]",False,,True,0.0,False,,False,"[[1224, 684], [1026, 792]]",,[],,0.5018514472758758,0.24109747852031505
180,4,2,2.9909999999999854,,13518,"[954, 270]",False,,True,0.0,False,,False,"[[1224, 678], [1026, 786]]",,[],,0.5018514472758758,0.24109747852031505
181,4,2,3.008000000000038,,13518,"[954, 270]",False,,True,0.0,False,,False,"[[1224, 672], [1026, 780]]",,[],,0.5041481562656392,0.24385401227842607
182,4,2,3.024000000000001,,13518,"[954, 270]",False,,True,0.0,False,,False,"[[1224, 666], [1026, 774]]",,[],,0.5078943001162236,0.24734768689673226
183,4,2,3.0410000000000537,,13518,"[954, 270]",False,,True,0.0,False,,False,"[[1224, 660], [1026, 768]]",,[],,0.5101527666642924,0.25257019087594457
184,4,2,3.0579999999999927,,13518,"[954, 270]",False,,True,0.0,False,,False,"[[1224, 654], [1026, 762]]",,[],,0.5101527666642924,0.25257019087594457
185,4,2,3.0750000000000455,,13518,"[954, 270]",False,,True,0.0,False,,False,"[[1224, 648], [1026, 756], [1008, 810]]",,[],,0.5090892303590582,0.25937379211864764
186,4,2,3.091000000000008,,13518,"[954, 270]",False,,True,0.0,False,,False,"[[1224, 642], [1026, 750], [1008, 804]]",,[],,0.5090892303590582,0.25937379211864764
187,4,2,3.106999999999971,,13518,"[954, 270]",False,,True,0.0,False,,False,"[[1224, 636], [1026, 744], [1008, 798]]",,[],,0.5079163725317432,0.2594966119434565
188,4,2,3.1230000000000473,,13518,"[954, 270]",False,,True,0.0,False,,False,"[[1224, 630], [1026, 738], [1008, 792]]",,[],,0.5064556685005273,0.2601099807526045
189,4,2,3.1399999999999864,,13518,"[954, 270]",False,,True,0.0,False,,False,"[[1224, 624], [1026, 732], [1008, 786]]",,[],,0.505027144642366,0.26036711112651323
190,4,2,3.155999999999949,,13518,"[954, 270]",False,,True,0.0,False,,False,"[[1224, 618], [1026, 726], [1008, 780]]",,[],,0.5051219018104647,0.2609140089667842
191,4,2,3.173000000000002,,13518,"[954, 270]",False,,True,0.0,False,,False,"[[1224, 612], [1026, 720], [1008, 774]]",,[],,0.5057554850646058,0.2630176034708518
192,4,2,3.1900000000000546,,13518,"[954, 270]",False,,True,0.0,False,,False,"[[1224, 606], [1026, 714], [1008, 768]]",,[],,0.5063217650333318,0.26426423047725667
193,4,2,3.2069999999999936,,13518,"[954, 270]",False,,True,0.0,False,,False,"[[1224, 600], [1026, 708], [1008, 762]]",,[],,0.5004882391015469,0.26014781724507785
194,4,2,3.2229999999999563,,13518,"[954, 270]",False,,True,0.0,False,,False,"[[1224, 594], [1026, 702], [1008, 756]]",,[],,0.49282212261932196,0.24882209040778047
195,4,2,3.240000000000009,,13518,"[954, 270]",False,,True,0.0,False,,False,"[[1224, 588], [1026, 696], [1008, 750]]",,[],,0.4926583441523668,0.24767159057692223
196,4,2,3.257000000000062,,13518,"[954, 270]",False,,True,0.0,False,,False,"[[1224, 582], [1026, 690], [1008, 744]]",,[],,0.4928545808438137,0.24668138708578247
197,4,2,3.274000000000001,,13518,"[954, 270]",False,,True,0.0,False,,False,"[[1224, 576], [1026, 684], [1008, 738], [810, 810]]",,[],,0.4923883082635923,0.24706171819109257
198,4,2,3.2899999999999636,,13518,"[954, 270]",False,,True,0.0,False,,False,"[[1224, 570], [1026, 678], [1008, 732], [810, 804]]",,[],,0.4922659280485434,0.24728688108837182
199,4,2,3.30600000000004,,13518,"[954, 270]",False,,True,0.0,False,,False,"[[1224, 564], [1026, 672], [1008, 726], [810, 798]]",,[],,0.49162075348529727,0.24666500551657766
200,4,2,3.3239999999999554,,13518,"[954, 270]",False,Right,True,0.0,False,,False,"[[1224, 558], [1026, 666], [1008, 720], [810, 792]]",,[],,0.49312274133794165,0.25058183764234787
201,4,2,3.341000000000008,,13518,"[954, 270]",False,Right,True,0.0,False,,False,"[[1218, 552], [1020, 660], [1002, 714], [804, 786]]",,[],,0.49315158094750233,0.25347355470670974
202,4,2,3.3559999999999945,,13518,"[954, 270]",False,Right,True,0.0,False,,False,"[[1212, 546], [1014, 654], [996, 708], [798, 780]]",,[],,0.49310556376216874,0.2539498842123076
203,4,2,3.3719999999999573,,13518,"[954, 270]",False,Right,True,0.0,False,,False,"[[1206, 540], [1008, 648], [990, 702], [792, 774]]",,[],,0.493035471509375,0.2551630904487152
204,4,2,3.38900000000001,,13518,"[954, 270]",False,Right,True,0.0,False,,False,"[[1200, 534], [1002, 642], [984, 696], [786, 768]]",,[],,0.4924275244571822,0.25742634572447953
205,4,2,3.405999999999949,,13518,"[954, 270]",False,Right,True,0.0,False,,False,"[[1194, 528], [996, 636], [978, 690], [780, 762]]",,[],,0.4930645495610796,0.2602177111649253
206,4,2,3.423000000000002,,13518,"[954, 270]",False,Right,True,0.0,False,,False,"[[1188, 522], [990, 630], [972, 684], [774, 756]]",,[],,0.4922616729759441,0.26080237010517715
207,4,2,3.4389999999999645,,13518,"[954, 270]",False,Right,True,0.0,False,,False,"[[1182, 516], [984, 624], [966, 678], [768, 750]]",,[],,0.4921677259500516,0.2625548106822846
208,4,2,3.455000000000041,,13518,"[954, 270]",False,Right,True,0.0,False,,False,"[[1176, 510], [978, 618], [960, 672], [762, 744]]",,[],,0.49202872713705537,0.26427555834411
209,4,2,3.4710000000000036,,13518,"[954, 270]",False,Right,True,0.0,False,,False,"[[1170, 504], [972, 612], [954, 666], [756, 738]]",,[],,0.49202872713705537,0.26427555834411
210,4,2,3.4869999999999663,,13518,"[954, 270]",False,Right,True,0.0,False,,False,"[[1164, 498], [966, 606], [948, 660], [750, 732]]",,[],,0.49235128199988887,0.2656968995957436
211,4,2,3.5030000000000427,,13518,"[954, 270]",False,Right,True,0.0,False,,False,"[[1158, 492], [960, 600], [942, 654], [744, 726]]",,[],,0.49235128199988887,0.2656968995957436
212,4,2,3.519999999999982,,13518,"[954, 270]",False,Right,True,0.0,False,,False,"[[1152, 486], [954, 594], [936, 648], [738, 720]]",,[],,0.4915064065877382,0.2686709009331931
213,4,2,3.5370000000000346,,13518,"[954, 270]",False,Right,True,0.0,False,,False,"[[1146, 480], [948, 588], [930, 642], [732, 714]]",,[],,0.4915064065877382,0.2686709009331931
214,4,2,3.5539999999999736,,13518,"[954, 270]",False,Right,True,0.0,False,,False,"[[1140, 474], [942, 582], [924, 636], [726, 708]]",,[],,0.49041703652093876,0.2703893210726275
215,4,2,3.57000000000005,,13518,"[954, 270]",False,Right,True,0.0,False,,False,"[[1134, 468], [936, 576], [918, 630], [720, 702]]",,[],,0.49041703652093876,0.2703893210726275
216,4,2,3.5860000000000127,,13518,"[954, 270]",False,Right,True,0.0,False,,False,"[[1128, 462], [930, 570], [912, 624], [714, 696]]",,[],,0.48933141430927385,0.2722552320360091
217,4,2,3.6019999999999754,,13518,"[954, 270]",False,Right,True,0.0,False,,False,"[[1122, 456], [924, 564], [906, 618], [708, 690]]",,[],,0.48933141430927385,0.2722552320360091
218,4,2,3.619000000000028,,13518,"[954, 270]",False,,True,0.0,False,,False,"[[1116, 450], [918, 558], [900, 612], [702, 684], [846, 810]]",,[],,0.48938103593691695,0.27658255627750383
219,4,2,3.6359999999999673,,13518,"[954, 270]",False,,True,0.0,False,,False,"[[1116, 444], [918, 552], [900, 606], [702, 678], [846, 804]]",,[],,0.48938103593691695,0.27658255627750383
220,4,2,3.6520000000000437,,13518,"[954, 270]",False,,True,0.0,False,,False,"[[1116, 438], [918, 546], [900, 600], [702, 672], [846, 798]]",,[],,0.4900016446128445,0.28008334894756914
221,4,2,3.6680000000000064,,13518,"[954, 270]",False,,True,0.0,False,,False,"[[1116, 432], [918, 540], [900, 594], [702, 666], [846, 792]]",,[],,0.4900016446128445,0.28008334894756914
222,4,2,3.685000000000059,,13518,"[954, 270]",False,,True,0.0,False,,False,"[[1116, 426], [918, 534], [900, 588], [702, 660], [846, 786]]",,[],,0.4901892511523725,0.2823587066791239
223,4,2,3.701999999999998,,13518,"[954, 270]",False,,True,0.0,False,,False,"[[1116, 420], [918, 528], [900, 582], [702, 654], [846, 780]]",,[],,0.4901892511523725,0.2823587066791239
224,4,2,3.717999999999961,,13518,"[954, 270]",False,,True,0.0,False,,False,"[[1116, 414], [918, 522], [900, 576], [702, 648], [846, 774]]",,[],,0.5871127220167741,0.10350389155577411
225,4,2,3.7350000000000136,,13518,"[954, 270]",False,,True,0.0,False,,False,"[[1116, 408], [918, 516], [900, 570], [702, 642], [846, 768]]",,[],,0.5871127220167741,0.10350389155577411
226,4,2,3.7509999999999764,,13518,"[954, 270]",False,,True,0.0,False,,False,"[[1116, 402], [918, 510], [900, 564], [702, 636], [846, 762]]",,[],,0.4838106759689273,0.31622183278201543
227,4,2,3.768000000000029,,13518,"[954, 270]",False,,True,0.0,False,,False,"[[1116, 396], [918, 504], [900, 558], [702, 630], [846, 756], [828, 810]]",,[],,0.4838106759689273,0.31622183278201543
228,4,2,3.783999999999992,,13518,"[954, 270]",False,,True,0.0,False,,False,"[[1116, 390], [918, 498], [900, 552], [702, 624], [846, 750], [828, 804]]",,[],,0.4915825741318276,0.3596781762259318
229,4,2,3.7999999999999545,,13518,"[954, 270]",False,,True,0.0,False,,False,"[[1116, 384], [918, 492], [900, 546], [702, 618], [846, 744], [828, 798]]",,[],,0.4915825741318276,0.3596781762259318
230,4,2,3.816000000000031,,13518,"[954, 270]",False,,True,0.0,False,,False,"[[1116, 378], [918, 486], [900, 540], [702, 612], [846, 738], [828, 792]]",,[],,0.48350237884549213,0.3329039131075856
231,4,2,3.83299999999997,,13518,"[954, 270]",False,,True,0.0,False,,False,"[[1116, 372], [918, 480], [900, 534], [702, 606], [846, 732], [828, 786]]",,[],,0.48350237884549213,0.3329039131075856
232,4,2,3.8490000000000464,,13518,"[954, 270]",False,,True,0.0,False,,False,"[[1116, 366], [918, 474], [900, 528], [702, 600], [846, 726], [828, 780]]",,[],,0.49312601823123464,0.37062706046456895
233,4,2,3.865000000000009,,13518,"[954, 270]",False,,True,0.0,False,,False,"[[1116, 360], [918, 468], [900, 522], [702, 594], [846, 720], [828, 774]]",,[],,0.49312601823123464,0.37062706046456895
234,4,2,3.882000000000062,,13518,"[954, 270]",False,,True,0.0,False,,False,"[[1116, 354], [918, 462], [900, 516], [702, 588], [846, 714], [828, 768]]",,[],,0.5814041333435938,0.10487213143225815
235,4,2,3.899000000000001,,13518,"[954, 270]",False,,True,0.0,False,,False,"[[1116, 348], [918, 456], [900, 510], [702, 582], [846, 708], [828, 762]]",,[],,0.5814041333435938,0.10487213143225815
236,4,2,3.91700000000003,,13518,"[954, 270]",False,Right,True,0.0,False,,False,"[[1116, 342], [918, 450], [900, 504], [702, 576], [846, 702], [828, 756]]",,[],,0.49190739065906885,0.372711985237709
237,4,2,3.933999999999969,,13518,"[954, 270]",False,Right,True,0.0,False,,False,"[[1110, 336], [912, 444], [894, 498], [696, 570], [840, 696], [822, 750]]",,[],,0.49190739065906885,0.372711985237709
238,4,2,3.9500000000000455,,13518,"[954, 270]",False,Right,True,0.0,False,,False,"[[1104, 330], [906, 438], [888, 492], [690, 564], [834, 690], [816, 744]]",,[],,0.49084568099984444,0.374301459199176
239,4,2,3.9669999999999845,,13518,"[954, 270]",False,Right,True,0.0,False,,False,"[[1098, 324], [900, 432], [882, 486], [684, 558], [828, 684], [810, 738], [792, 810], [1134, 810]]",,[],,0.49084568099984444,0.374301459199176
240,4,2,3.983000000000061,,13518,"[954, 270]",False,Right,True,0.0,False,,False,"[[1092, 318], [894, 426], [876, 480], [678, 552], [822, 678], [804, 732], [786, 804], [1128, 804]]",,[],,0.4895717064882514,0.37491847881366924
241,4,2,4.0,,13518,"[954, 270]",False,Right,True,0.0,False,,False,"[[1086, 312], [888, 420], [870, 474], [672, 546], [816, 672], [798, 726], [780, 798], [1122, 798]]",,[],,0.4895717064882514,0.37491847881366924
242,4,2,4.018000000000029,,13518,"[954, 270]",False,Right,True,0.0,False,,False,"[[1080, 306], [882, 414], [864, 468], [666, 540], [810, 666], [792, 720], [774, 792], [1116, 792], [612, 810]]",,[],,0.5810372497733182,0.10536347051802497
243,4,2,4.034999999999968,,13518,"[954, 270]",False,Right,True,0.0,False,,False,"[[1074, 300], [876, 408], [858, 462], [660, 534], [804, 660], [786, 714], [768, 786], [1110, 786], [606, 804]]",,[],,0.5810372497733182,0.10536347051802497
244,4,2,4.051000000000045,,13518,"[954, 270]",False,Right,True,0.0,False,,False,"[[1068, 294], [870, 402], [852, 456], [654, 528], [798, 654], [780, 708], [762, 780], [1104, 780], [600, 798]]",,[],,0.5823570561601089,0.10526410857773327
245,4,2,4.067000000000007,,13518,"[954, 270]",False,Right,True,0.0,False,,False,"[[1062, 288], [864, 396], [846, 450], [648, 522], [792, 648], [774, 702], [756, 774], [1098, 774], [594, 792], [738, 810]]",,[],,0.5823570561601089,0.10526410857773327
246,4,2,4.087999999999965,,13518,"[954, 270]",False,,True,0.0,False,,False,"[[1056, 282], [858, 390], [840, 444], [642, 516], [786, 642], [768, 696], [750, 768], [1092, 768], [588, 786], [732, 804]]",,[],,0.488453505957222,0.3750837137731273
247,4,2,4.104000000000042,,13518,"[954, 270]",False,,True,0.0,False,,False,"[[1056, 276], [858, 384], [840, 438], [642, 510], [786, 636], [768, 690], [750, 762], [1092, 762], [588, 780], [732, 798]]",,[],,0.488453505957222,0.3750837137731273
248,4,2,4.120999999999981,,13518,"[954, 270]",False,,True,0.0,False,,False,"[[1056, 270], [858, 378], [840, 432], [642, 504], [786, 630], [768, 684], [750, 756], [1092, 756], [588, 774], [732, 792]]",,[],,0.5786018441546461,0.10601050592562755
249,4,2,4.137000000000057,,13518,"[954, 270]",False,,True,0.0,False,,False,"[[1056, 264], [858, 372], [840, 426], [642, 498], [786, 624], [768, 678], [750, 750], [1092, 750], [588, 768], [732, 786]]",,[],,0.5786018441546461,0.10601050592562755
250,4,2,4.153999999999996,,13518,"[954, 270]",False,,True,0.0,False,,False,"[[1056, 258], [858, 366], [840, 420], [642, 492], [786, 618], [768, 672], [750, 744], [1092, 744], [588, 762], [732, 780]]",,[],,0.5877618576032178,0.11479596523402813
251,4,2,4.171000000000049,,13518,"[954, 270]",False,,True,0.0,False,,False,"[[1056, 252], [858, 360], [840, 414], [642, 486], [786, 612], [768, 666], [750, 738], [1092, 738], [588, 756], [732, 774]]",,[],,0.5877618576032178,0.11479596523402813
252,4,2,4.187999999999988,,13518,"[954, 270]",False,,True,0.0,False,,False,"[[1056, 246], [858, 354], [840, 408], [642, 480], [786, 606], [768, 660], [750, 732], [1092, 732], [588, 750], [732, 768]]",,[],,0.5815511312436896,0.10578128128126474
253,4,2,4.205000000000041,,13518,"[954, 270]",False,,True,0.0,False,,False,"[[1056, 240], [858, 348], [840, 402], [642, 474], [786, 600], [768, 654], [750, 726], [1092, 726], [588, 744], [732, 762]]",,[],,0.5815511312436896,0.10578128128126474
254,4,2,4.22199999999998,,13518,"[954, 270]",False,,True,0.0,False,,False,"[[1056, 234], [858, 342], [840, 396], [642, 468], [786, 594], [768, 648], [750, 720], [1092, 720], [588, 738], [732, 756]]",,[],,0.48902892259263303,0.37680825719453026
255,4,2,4.239000000000033,,13518,"[954, 270]",False,,True,0.0,False,,False,"[[1056, 228], [858, 336], [840, 390], [642, 462], [786, 588], [768, 642], [750, 714], [1092, 714], [588, 732], [732, 750]]",,[],,0.48902892259263303,0.37680825719453026
256,4,2,4.2549999999999955,,13518,"[954, 270]",False,,True,0.0,False,,False,"[[1056, 222], [858, 330], [840, 384], [642, 456], [786, 582], [768, 636], [750, 708], [1092, 708], [588, 726], [732, 744]]",,[],,0.4889758937383671,0.37862452244708333
257,4,2,4.270999999999958,,13518,"[954, 270]",False,,True,0.0,False,,False,"[[1056, 216], [858, 324], [840, 378], [642, 450], [786, 576], [768, 630], [750, 702], [1092, 702], [588, 720], [732, 738]]",,[],,0.4889758937383671,0.37862452244708333
258,4,2,4.288000000000011,,13518,"[954, 270]",False,,True,0.0,False,,False,"[[1056, 210], [858, 318], [840, 372], [642, 444], [786, 570], [768, 624], [750, 696], [1092, 696], [588, 714], [732, 732]]",,[],,0.4891939500210385,0.3799360476395427
259,4,2,4.303999999999974,,13518,"[954, 270]",False,,True,0.0,False,,False,"[[1056, 204], [858, 312], [840, 366], [642, 438], [786, 564], [768, 618], [750, 690], [1092, 690], [588, 708], [732, 726]]",,[],,0.4891939500210385,0.3799360476395427
260,4,2,4.32000000000005,,13518,"[954, 270]",False,,True,0.0,False,,False,"[[1056, 198], [858, 306], [840, 360], [642, 432], [786, 558], [768, 612], [750, 684], [1092, 684], [588, 702], [732, 720]]",,[],,0.4894256651784904,0.38051745584958185
261,4,2,4.336999999999989,,13518,"[954, 270]",False,,True,0.0,False,,False,"[[1056, 192], [858, 300], [840, 354], [642, 426], [786, 552], [768, 606], [750, 678], [1092, 678], [588, 696], [732, 714]]",,[],,0.4894256651784904,0.38051745584958185
262,4,2,4.354000000000042,,13518,"[954, 270]",False,,True,0.0,False,,False,"[[1056, 186], [858, 294], [840, 348], [642, 420], [786, 546], [768, 600], [750, 672], [1092, 672], [588, 690], [732, 708]]",,[],,0.48932617226009995,0.38207670601171895
263,4,2,4.3700000000000045,,13518,"[954, 270]",False,,True,0.0,False,,False,"[[1056, 180], [858, 288], [840, 342], [642, 414], [786, 540], [768, 594], [750, 666], [1092, 666], [588, 684], [732, 702]]",,[],,0.48932617226009995,0.38207670601171895
264,4,2,4.385999999999967,,13518,"[954, 270]",False,,True,0.0,False,,False,"[[1056, 174], [858, 282], [840, 336], [642, 408], [786, 534], [768, 588], [750, 660], [1092, 660], [588, 678], [732, 696]]",,[],,0.4885002721344239,0.38362919363086423
265,4,2,4.402000000000044,,13518,"[954, 270]",False,,True,0.0,False,,False,"[[1056, 168], [858, 276], [840, 330], [642, 402], [786, 528], [768, 582], [750, 654], [1092, 654], [588, 672], [732, 690]]",,[],,0.4885002721344239,0.38362919363086423
266,4,2,4.418000000000006,,13518,"[954, 270]",False,,True,0.0,False,,False,"[[1056, 162], [858, 270], [840, 324], [642, 396], [786, 522], [768, 576], [750, 648], [1092, 648], [588, 666], [732, 684]]",,[],,0.4879323343319043,0.38515413736446835
267,4,2,4.435000000000059,,13518,"[954, 270]",False,,True,0.0,False,,False,"[[1056, 156], [858, 264], [840, 318], [642, 390], [786, 516], [768, 570], [750, 642], [1092, 642], [588, 660], [732, 678]]",,[],,0.4879323343319043,0.38515413736446835
268,4,2,4.451000000000022,,13518,"[954, 270]",False,,True,0.0,False,,False,"[[1056, 150], [858, 258], [840, 312], [642, 384], [786, 510], [768, 564], [750, 636], [1092, 636], [588, 654], [732, 672]]",,"[[1248, 810]]",,0.48797422176346233,0.3859080918456914
269,4,2,4.467999999999961,,13518,"[954, 270]",False,,True,0.0,False,,False,"[[1056, 144], [858, 252], [840, 306], [642, 378], [786, 504], [768, 558], [750, 630], [1092, 630], [588, 648], [732, 666]]",,"[[1248, 804]]",,0.48797422176346233,0.3859080918456914
270,4,2,4.484000000000037,,13518,"[954, 270]",False,,True,0.0,False,,False,"[[1056, 138], [858, 246], [840, 300], [642, 372], [786, 498], [768, 552], [750, 624], [1092, 624], [588, 642], [732, 660]]",,"[[1248, 798]]",,0.5948042246523059,0.10471762416252994
271,4,2,4.500999999999976,,13518,"[954, 270]",False,,True,0.0,False,,False,"[[1056, 132], [858, 240], [840, 294], [642, 366], [786, 492], [768, 546], [750, 618], [1092, 618], [588, 636], [732, 654]]",,"[[1248, 792]]",,0.5948042246523059,0.10471762416252994
272,4,2,4.518000000000029,,13518,"[954, 270]",False,,True,0.0,False,,False,"[[1056, 126], [858, 234], [840, 288], [642, 360], [786, 486], [768, 540], [750, 612], [1092, 612], [588, 630], [732, 648]]",,"[[1248, 786]]",,0.5896898584842877,0.10560786286463353
273,4,2,4.534999999999968,,13518,"[954, 270]",False,,True,0.0,False,,False,"[[1056, 120], [858, 228], [840, 282], [642, 354], [786, 480], [768, 534], [750, 606], [1092, 606], [588, 624], [732, 642]]",,"[[1248, 780]]",,0.5896898584842877,0.10560786286463353
274,4,2,4.552000000000021,,13518,"[954, 270]",False,,True,0.0,False,,False,"[[1056, 114], [858, 222], [840, 276], [642, 348], [786, 474], [768, 528], [750, 600], [1092, 600], [588, 618], [732, 636]]",,"[[1248, 774]]",,0.4810020570419609,0.3654961828289276
275,4,2,4.567999999999984,,13518,"[954, 270]",False,,True,0.0,False,,False,"[[1056, 108], [858, 216], [840, 270], [642, 342], [786, 468], [768, 522], [750, 594], [1092, 594], [588, 612], [732, 630], [678, 810], [714, 810]]",,"[[1248, 768]]",,0.4810020570419609,0.3654961828289276
276,4,2,4.58400000000006,,13518,"[954, 270]",False,,True,0.0,False,,False,"[[1056, 102], [858, 210], [840, 264], [642, 336], [786, 462], [768, 516], [750, 588], [1092, 588], [588, 606], [732, 624], [678, 804], [714, 804]]",,"[[1248, 762]]",,0.5857609947343829,0.10638844302957673
277,4,2,4.600000000000023,,13518,"[954, 270]",False,,True,0.0,False,,False,"[[1056, 96], [858, 204], [840, 258], [642, 330], [786, 456], [768, 510], [750, 582], [1092, 582], [588, 600], [732, 618], [678, 798], [714, 798]]",,"[[1248, 756]]",,0.5857609947343829,0.10638844302957673
278,4,2,4.6159999999999854,,13518,"[954, 270]",False,,True,0.0,False,,False,"[[1056, 90], [858, 198], [840, 252], [642, 324], [786, 450], [768, 504], [750, 576], [1092, 576], [588, 594], [732, 612], [678, 792], [714, 792]]",,"[[1248, 750]]",,0.48079584788669794,0.36210922943572266
279,4,2,4.633000000000038,,13518,"[954, 270]",False,,True,0.0,False,,False,"[[1056, 84], [858, 192], [840, 246], [642, 318], [786, 444], [768, 498], [750, 570], [1092, 570], [588, 588], [732, 606], [678, 786], [714, 786]]",,"[[1248, 744]]",,0.48079584788669794,0.36210922943572266
280,4,2,4.649999999999977,,13518,"[954, 270]",False,,True,0.0,False,,False,"[[1056, 78], [858, 186], [840, 240], [642, 312], [786, 438], [768, 492], [750, 564], [1092, 564], [588, 582], [732, 600], [678, 780], [714, 780]]",,"[[1248, 738]]",,0.4802685591665635,0.36397333739011584
281,4,2,4.66700000000003,,13518,"[954, 270]",False,,True,0.0,False,,False,"[[1056, 72], [858, 180], [840, 234], [642, 306], [786, 432], [768, 486], [750, 558], [1092, 558], [588, 576], [732, 594], [678, 774], [714, 774], [678, 810]]",,"[[1248, 732]]",,0.4802685591665635,0.36397333739011584
282,4,2,4.682999999999993,,13518,"[954, 270]",False,,True,0.0,False,,False,"[[1056, 66], [858, 174], [840, 228], [642, 300], [786, 426], [768, 480], [750, 552], [1092, 552], [588, 570], [732, 588], [678, 768], [714, 768], [678, 804]]",,"[[1248, 726]]",,0.4807316267668641,0.3662945441549226
283,4,2,4.7000000000000455,,13518,"[954, 270]",False,,True,0.0,False,,False,"[[1056, 60], [858, 168], [840, 222], [642, 294], [786, 420], [768, 474], [750, 546], [1092, 546], [588, 564], [732, 582], [678, 762], [714, 762], [678, 798]]",,"[[1248, 720]]",,0.4807316267668641,0.3662945441549226
284,4,2,4.7169999999999845,,13518,"[954, 270]",False,,True,0.0,False,,False,"[[1056, 54], [858, 162], [840, 216], [642, 288], [786, 414], [768, 468], [750, 540], [1092, 540], [588, 558], [732, 576], [678, 756], [714, 756], [678, 792]]",,"[[1248, 714]]",,0.5774644827761061,0.09804752175827403
285,4,2,4.734000000000037,,13518,"[954, 270]",False,,True,0.0,False,,False,"[[1056, 48], [858, 156], [840, 210], [642, 282], [786, 408], [768, 462], [750, 534], [1092, 534], [588, 552], [732, 570], [678, 750], [714, 750], [678, 786]]",,"[[1248, 708]]",,0.48229586424565757,0.37151112879518133
286,4,2,4.75,,13518,"[954, 270]",False,,True,0.0,False,,False,"[[1056, 42], [858, 150], [840, 204], [642, 276], [786, 402], [768, 456], [750, 528], [1092, 528], [588, 546], [732, 564], [678, 744], [714, 744], [678, 780]]",,"[[1248, 702]]",,0.4809601726654883,0.3734637964510813
287,4,2,4.765999999999963,,13518,"[954, 270]",False,,True,0.0,False,,False,"[[1056, 36], [858, 144], [840, 198], [642, 270], [786, 396], [768, 450], [750, 522], [1092, 522], [588, 540], [732, 558], [678, 738], [714, 738], [678, 774]]",,"[[1248, 696]]",,0.4809601726654883,0.3734637964510813
288,4,2,4.782000000000039,,13518,"[954, 270]",False,,True,0.0,False,,False,"[[1056, 30], [858, 138], [840, 192], [642, 264], [786, 390], [768, 444], [750, 516], [1092, 516], [588, 534], [732, 552], [678, 732], [714, 732], [678, 768]]",,"[[1248, 690]]",,0.48000516893887396,0.3724488866751039
289,4,2,4.798999999999978,,13518,"[954, 270]",False,,True,0.0,False,,False,"[[1056, 24], [858, 132], [840, 186], [642, 258], [786, 384], [768, 438], [750, 510], [1092, 510], [588, 528], [732, 546], [678, 726], [714, 726], [678, 762]]",,"[[1248, 684]]",,0.484382788654601,0.296578448384165
290,4,2,4.815000000000055,,13518,"[954, 270]",False,,True,0.0,False,,False,"[[1056, 18], [858, 126], [840, 180], [642, 252], [786, 378], [768, 432], [750, 504], [1092, 504], [588, 522], [732, 540], [678, 720], [714, 720], [678, 756], [858, 810]]",,"[[1248, 678]]",,0.6005344226363294,0.08506371177383898
291,4,2,4.831999999999994,,13518,"[954, 270]",False,,True,0.0,False,,False,"[[1056, 12], [858, 120], [840, 174], [642, 246], [786, 372], [768, 426], [750, 498], [1092, 498], [588, 516], [732, 534], [678, 714], [714, 714], [678, 750], [858, 804]]",,"[[1248, 672]]",,0.6005344226363294,0.08506371177383898
292,4,2,4.849000000000046,,13518,"[954, 270]",False,,True,0.0,False,,False,"[[1056, 6], [858, 114], [840, 168], [642, 240], [786, 366], [768, 420], [750, 492], [1092, 492], [588, 510], [732, 528], [678, 708], [714, 708], [678, 744], [858, 798]]",,"[[1248, 666]]",,0.6027536824033823,0.08486507398339116
293,4,2,4.8659999999999854,,13518,"[954, 270]",False,,True,0.0,False,,False,"[[1056, 0], [858, 108], [840, 162], [642, 234], [786, 360], [768, 414], [750, 486], [1092, 486], [588, 504], [732, 522], [678, 702], [714, 702], [678, 738], [858, 792]]",,"[[1248, 660]]",,0.6027536824033823,0.08486507398339116
294,4,2,4.883000000000038,,13518,"[954, 270]",False,,True,0.0,False,,False,"[[858, 102], [840, 156], [642, 228], [786, 354], [768, 408], [750, 480], [1092, 480], [588, 498], [732, 516], [678, 696], [714, 696], [678, 732], [858, 786]]",,"[[1248, 654]]",,0.489857580329683,0.3449784185102033
295,4,2,4.899000000000001,,13518,"[954, 270]",False,,True,0.0,False,,False,"[[858, 96], [840, 150], [642, 222], [786, 348], [768, 402], [750, 474], [1092, 474], [588, 492], [732, 510], [678, 690], [714, 690], [678, 726], [858, 780]]",,"[[1248, 648]]",,0.4900794761291725,0.34421569718201717
296,4,2,4.91700000000003,,13518,"[954, 270]",False,,True,0.0,False,,False,"[[858, 90], [840, 144], [642, 216], [786, 342], [768, 396], [750, 468], [1092, 468], [588, 486], [732, 504], [678, 684], [714, 684], [678, 720], [858, 774]]",,"[[1248, 642]]",,0.48620221246994777,0.30082130600630896
297,4,2,4.932999999999993,,13518,"[954, 270]",False,,True,0.0,False,,False,"[[858, 84], [840, 138], [642, 210], [786, 336], [768, 390], [750, 462], [1092, 462], [588, 480], [732, 498], [678, 678], [714, 678], [678, 714], [858, 768]]",,"[[1248, 636]]",,0.48620221246994777,0.30082130600630896
298,4,2,4.9500000000000455,,13518,"[954, 270]",False,,True,0.0,False,,False,"[[858, 78], [840, 132], [642, 204], [786, 330], [768, 384], [750, 456], [1092, 456], [588, 474], [732, 492], [678, 672], [714, 672], [678, 708], [858, 762]]",,"[[1248, 630]]",,0.4875012067718899,0.3481522609603488
299,4,2,4.9669999999999845,,13518,"[954, 270]",False,,True,0.0,False,,False,"[[858, 72], [840, 126], [642, 198], [786, 324], [768, 378], [750, 450], [1092, 450], [588, 468], [732, 486], [678, 666], [714, 666], [678, 702], [858, 756]]",,"[[1248, 624]]",,0.4875012067718899,0.3481522609603488
300,4,2,4.983000000000061,,13518,"[954, 270]",False,,True,0.0,False,,False,"[[858, 66], [840, 120], [642, 192], [786, 318], [768, 372], [750, 444], [1092, 444], [588, 462], [732, 480], [678, 660], [714, 660], [678, 696], [858, 750]]",,"[[1248, 618]]",,0.48447112250974345,0.3047432215206791
301,4,2,5.0,,13518,"[954, 270]",False,,True,0.0,False,,False,"[[858, 60], [840, 114], [642, 186], [786, 312], [768, 366], [750, 438], [1092, 438], [588, 456], [732, 474], [678, 654], [714, 654], [678, 690], [858, 744]]",,"[[1248, 612]]",,0.4841531490317276,0.30466085938815113
302,4,2,5.015999999999963,,13518,"[954, 270]",False,,True,0.0,False,,False,"[[858, 54], [840, 108], [642, 180], [786, 306], [768, 360], [750, 432], [1092, 432], [588, 450], [732, 468], [678, 648], [714, 648], [678, 684], [858, 738]]",,"[[1248, 606]]",,0.48427382068467334,0.3049658338068004
303,4,2,5.0330000000000155,,13518,"[954, 270]",False,,True,0.0,False,,False,"[[858, 48], [840, 102], [642, 174], [786, 300], [768, 354], [750, 426], [1092, 426], [588, 444], [732, 462], [678, 642], [714, 642], [678, 678], [858, 732]]",,"[[1248, 600]]",,0.6050812337940471,0.09495464679606302
304,4,2,5.0499999999999545,,13518,"[954, 270]",False,,True,0.0,False,,False,"[[858, 42], [840, 96], [642, 168], [786, 294], [768, 348], [750, 420], [1092, 420], [588, 438], [732, 456], [678, 636], [714, 636], [678, 672], [858, 726]]",,"[[1248, 594]]",,0.4868296158435538,0.35194139239510924
305,4,2,5.067000000000007,,13518,"[954, 270]",False,,True,0.0,False,,False,"[[858, 36], [840, 90], [642, 162], [786, 288], [768, 342], [750, 414], [1092, 414], [588, 432], [732, 450], [678, 630], [714, 630], [678, 666], [858, 720]]",,"[[1248, 588]]",,0.4867834461568368,0.3530821895387447
306,4,2,5.08299999999997,,13518,"[954, 270]",False,,True,0.0,False,,False,"[[858, 30], [840, 84], [642, 156], [786, 282], [768, 336], [750, 408], [1092, 408], [588, 426], [732, 444], [678, 624], [714, 624], [678, 660], [858, 714]]",,"[[1248, 582]]",,0.48498898388831596,0.35470795341709127
307,4,2,5.099000000000046,,13518,"[954, 270]",False,,True,0.0,False,,False,"[[858, 24], [840, 78], [642, 150], [786, 276], [768, 330], [750, 402], [1092, 402], [588, 420], [732, 438], [678, 618], [714, 618], [678, 654], [858, 708]]",,"[[1248, 576]]",,0.47945029253227955,0.309462262282172
308,4,2,5.1159999999999854,,13518,"[954, 270]",False,,True,0.0,False,,False,"[[858, 18], [840, 72], [642, 144], [786, 270], [768, 324], [750, 396], [1092, 396], [588, 414], [732, 432], [678, 612], [714, 612], [678, 648], [858, 702], [660, 810]]",,"[[1248, 570]]",,0.4674231556865224,0.2911100086879803
309,4,2,5.133000000000038,,13518,"[954, 270]",False,,True,0.0,False,,False,"[[858, 12], [840, 66], [642, 138], [786, 264], [768, 318], [750, 390], [1092, 390], [588, 408], [732, 426], [678, 606], [714, 606], [678, 642], [858, 696], [660, 804]]",,"[[1248, 564]]",,0.4655804070732863,0.28632741544160667
310,4,2,5.149999999999977,,13518,"[954, 270]",False,,True,0.0,False,,False,"[[858, 6], [840, 60], [642, 132], [786, 258], [768, 312], [750, 384], [1092, 384], [588, 402], [732, 420], [678, 600], [714, 600], [678, 636], [858, 690], [660, 798]]",,"[[1248, 558]]",,0.4650039925381647,0.28544070416693723
311,4,2,5.16700000000003,,13518,"[954, 270]",False,,True,0.0,False,,False,"[[858, 0], [840, 54], [642, 126], [786, 252], [768, 306], [750, 378], [1092, 378], [588, 396], [732, 414], [678, 594], [714, 594], [678, 630], [858, 684], [660, 792]]",,"[[1248, 552]]",,0.4634800517786575,0.28553854097156284
312,4,2,5.183999999999969,,13518,"[954, 270]",False,Right,True,0.0,False,,False,"[[840, 48], [642, 120], [786, 246], [768, 300], [750, 372], [1092, 372], [588, 390], [732, 408], [678, 588], [714, 588], [678, 624], [858, 678], [660, 786]]",,"[[1242, 546]]",,0.4633618526599709,0.28621119137665896
313,4,2,5.201000000000022,,13518,"[954, 270]",False,Right,True,0.0,False,,False,"[[834, 42], [636, 114], [780, 240], [762, 294], [744, 366], [1086, 366], [582, 384], [726, 402], [672, 582], [708, 582], [672, 618], [852, 672], [654, 780]]",,"[[1236, 540]]",,0.4639512414594842,0.2866769467879736
314,4,2,5.216000000000008,,13518,"[954, 270]",False,Right,True,0.0,False,,False,"[[828, 36], [630, 108], [774, 234], [756, 288], [738, 360], [1080, 360], [576, 378], [720, 396], [666, 576], [702, 576], [666, 612], [846, 666], [648, 774]]",,"[[1230, 534]]",,0.4651757739976056,0.28715766465454984
315,4,2,5.231999999999971,,13518,"[954, 270]",False,Right,True,0.0,False,,False,"[[822, 30], [624, 102], [768, 228], [750, 282], [732, 354], [1074, 354], [570, 372], [714, 390], [660, 570], [696, 570], [660, 606], [840, 660], [642, 768]]",,"[[1224, 528]]",,0.5918183600975631,0.08760364832637513
316,4,2,5.249000000000024,,13518,"[954, 270]",False,Right,True,0.0,False,,False,"[[816, 24], [618, 96], [762, 222], [744, 276], [726, 348], [1068, 348], [564, 366], [708, 384], [654, 564], [690, 564], [654, 600], [834, 654], [636, 762]]",,"[[1218, 522]]",,0.46561546402996823,0.2919564642080278
317,4,2,5.264999999999986,,13518,"[954, 270]",False,Right,True,0.0,False,,False,"[[810, 18], [612, 90], [756, 216], [738, 270], [720, 342], [1062, 342], [558, 360], [702, 378], [648, 558], [684, 558], [648, 594], [828, 648], [630, 756]]",,"[[1212, 516]]",,0.46598657501876667,0.29493731198927375
318,4,2,5.280999999999949,,13518,"[954, 270]",False,Right,True,0.0,False,,False,"[[804, 12], [606, 84], [750, 210], [732, 264], [714, 336], [1056, 336], [552, 354], [696, 372], [642, 552], [678, 552], [642, 588], [822, 642], [624, 750]]",,"[[1206, 510]]",,0.4659941123338142,0.296011600266344
319,4,2,5.298000000000002,,13518,"[954, 270]",False,Right,True,0.0,False,,False,"[[798, 6], [600, 78], [744, 204], [726, 258], [708, 330], [1050, 330], [546, 348], [690, 366], [636, 546], [672, 546], [636, 582], [816, 636], [618, 744]]",,"[[1200, 504]]",,0.4654430892096186,0.2967461998570885
320,4,2,5.315000000000055,,13518,"[954, 270]",False,Right,True,0.0,False,,False,"[[792, 0], [594, 72], [738, 198], [720, 252], [702, 324], [1044, 324], [540, 342], [684, 360], [630, 540], [666, 540], [630, 576], [810, 630], [612, 738], [594, 810]]",,"[[1194, 498]]",,0.4654430892096186,0.2967461998570885
321,4,2,5.331999999999994,,13518,"[954, 270]",False,Right,True,0.0,False,,False,"[[588, 66], [732, 192], [714, 246], [696, 318], [1038, 318], [534, 336], [678, 354], [624, 534], [660, 534], [624, 570], [804, 624], [606, 732], [588, 804]]",,"[[1188, 492]]",,0.4655416802254916,0.3011088706952887
322,4,2,5.347999999999956,,13518,"[954, 270]",False,Right,True,0.0,False,,False,"[[582, 60], [726, 186], [708, 240], [690, 312], [1032, 312], [528, 330], [672, 348], [618, 528], [654, 528], [618, 564], [798, 618], [600, 726], [582, 798]]",,"[[1182, 486]]",,0.47026831300113425,0.3494915712737774
323,4,2,5.365000000000009,,13518,"[954, 270]",False,Right,True,0.0,False,,False,"[[576, 54], [720, 180], [702, 234], [684, 306], [1026, 306], [522, 324], [666, 342], [612, 522], [648, 522], [612, 558], [792, 612], [594, 720], [576, 792]]",,"[[1176, 480]]",,0.46576487289531476,0.3029789864823995
324,4,2,5.382000000000062,,13518,"[954, 270]",False,,True,0.0,False,,False,"[[570, 48], [714, 174], [696, 228], [678, 300], [1020, 300], [516, 318], [660, 336], [606, 516], [642, 516], [606, 552], [786, 606], [588, 714], [570, 786]]",,"[[1176, 474]]",,0.4664475313291051,0.30506173985198903
325,4,2,5.398000000000025,,13518,"[954, 270]",False,,True,0.0,False,,False,"[[570, 42], [714, 168], [696, 222], [678, 294], [1020, 294], [516, 312], [660, 330], [606, 510], [642, 510], [606, 546], [786, 600], [588, 708], [570, 780]]",,"[[1176, 468]]",,0.466610589531203,0.305022105814731
326,4,2,5.414999999999964,,13518,"[954, 270]",False,,True,0.0,False,,False,"[[570, 36], [714, 162], [696, 216], [678, 288], [1020, 288], [516, 306], [660, 324], [606, 504], [642, 504], [606, 540], [786, 594], [588, 702], [570, 774]]",,"[[1176, 462]]",,0.466610589531203,0.305022105814731
327,4,2,5.432000000000016,,13518,"[954, 270]",False,,True,0.0,False,,False,"[[570, 30], [714, 156], [696, 210], [678, 282], [1020, 282], [516, 300], [660, 318], [606, 498], [642, 498], [606, 534], [786, 588], [588, 696], [570, 768]]",,"[[1176, 456]]",,0.6711090712790931,-0.05814877552190545
328,4,2,5.448999999999955,,13518,"[954, 270]",False,,True,0.0,False,,False,"[[570, 24], [714, 150], [696, 204], [678, 276], [1020, 276], [516, 294], [660, 312], [606, 492], [642, 492], [606, 528], [786, 582], [588, 690], [570, 762]]",,"[[1176, 450]]",,0.5830481290015692,0.08967793932268708
329,4,2,5.466000000000008,,13518,"[954, 270]",False,,True,0.0,False,,False,"[[570, 18], [714, 144], [696, 198], [678, 270], [1020, 270], [516, 288], [660, 306], [606, 486], [642, 486], [606, 522], [786, 576], [588, 684], [570, 756]]",,"[[1176, 444]]",,0.6921859260351773,-0.06282327634275986
330,4,2,5.483000000000061,,13518,"[954, 270]",False,,True,0.0,False,,False,"[[570, 12], [714, 138], [696, 192], [678, 264], [1020, 264], [516, 282], [660, 300], [606, 480], [642, 480], [606, 516], [786, 570], [588, 678], [570, 750]]",,"[[1176, 438]]",,0.6921859260351773,-0.06282327634275986
331,4,2,5.5,,13518,"[954, 270]",False,,True,0.0,False,,False,"[[570, 6], [714, 132], [696, 186], [678, 258], [1020, 258], [516, 276], [660, 294], [606, 474], [642, 474], [606, 510], [786, 564], [588, 672], [570, 744]]",,"[[1176, 432]]",,0.46964186279939985,0.35341361474359145
332,4,2,5.517000000000053,,13518,"[954, 270]",False,,True,0.0,False,,False,"[[570, 0], [714, 126], [696, 180], [678, 252], [1020, 252], [516, 270], [660, 288], [606, 468], [642, 468], [606, 504], [786, 558], [588, 666], [570, 738]]",,"[[1176, 426]]",,0.46645955855083665,0.3081666314693937
333,4,2,5.533999999999992,,13518,"[954, 270]",False,,True,0.0,False,,False,"[[714, 120], [696, 174], [678, 246], [1020, 246], [516, 264], [660, 282], [606, 462], [642, 462], [606, 498], [786, 552], [588, 660], [570, 732]]",,"[[1176, 420]]",,0.5854982725722291,0.0895626100789001
334,4,2,5.5499999999999545,,13518,"[954, 270]",False,,True,0.0,False,,False,"[[714, 114], [696, 168], [678, 240], [1020, 240], [516, 258], [660, 276], [606, 456], [642, 456], [606, 492], [786, 546], [588, 654], [570, 726]]",,"[[1176, 414]]",,0.7019290907780871,-0.0648989358147336
335,4,2,5.567000000000007,,13518,"[954, 270]",False,,True,0.0,False,,False,"[[714, 108], [696, 162], [678, 234], [1020, 234], [516, 252], [660, 270], [606, 450], [642, 450], [606, 486], [786, 540], [588, 648], [570, 720]]",,"[[1176, 408]]",,0.7019290907780871,-0.0648989358147336
336,4,2,5.58299999999997,,13518,"[954, 270]",False,,True,0.0,False,,False,"[[714, 102], [696, 156], [678, 228], [1020, 228], [516, 246], [660, 264], [606, 444], [642, 444], [606, 480], [786, 534], [588, 642], [570, 714]]",,"[[1176, 402]]",,0.6116027225390599,0.11556298882174099
337,4,2,5.599000000000046,,13518,"[954, 270]",False,,True,0.0,False,,False,"[[714, 96], [696, 150], [678, 222], [1020, 222], [516, 240], [660, 258], [606, 438], [642, 438], [606, 474], [786, 528], [588, 636], [570, 708]]",,"[[1176, 396]]",,0.6930884595896524,-0.053476907235453286
338,4,2,5.6159999999999854,,13518,"[954, 270]",False,,True,0.0,False,,False,"[[714, 90], [696, 144], [678, 216], [1020, 216], [516, 234], [660, 252], [606, 432], [642, 432], [606, 468], [786, 522], [588, 630], [570, 702]]",,"[[1176, 390]]",,0.6071936517522143,0.11644703868137551
339,4,2,5.633000000000038,,13518,"[954, 270]",False,,True,0.0,False,,False,"[[714, 84], [696, 138], [678, 210], [1020, 210], [516, 228], [660, 246], [606, 426], [642, 426], [606, 462], [786, 516], [588, 624], [570, 696]]",,"[[1176, 384]]",,0.4859907580077813,0.36839736447350235
340,4,2,5.649999999999977,,13518,"[954, 270]",False,,True,0.0,False,,False,"[[714, 78], [696, 132], [678, 204], [1020, 204], [516, 222], [660, 240], [606, 420], [642, 420], [606, 456], [786, 510], [588, 618], [570, 690]]",,"[[1176, 378]]",,0.4895643947268392,0.3725264749349184
341,4,2,5.666000000000054,,13518,"[954, 270]",False,,True,0.0,False,,False,"[[714, 72], [696, 126], [678, 198], [1020, 198], [516, 216], [660, 234], [606, 414], [642, 414], [606, 450], [786, 504], [588, 612], [570, 684]]",,"[[1176, 372]]",,0.4906949417989165,0.37439935043066586
342,4,2,5.682000000000016,,13518,"[954, 270]",False,,True,0.0,False,,False,"[[714, 66], [696, 120], [678, 192], [1020, 192], [516, 210], [660, 228], [606, 408], [642, 408], [606, 444], [786, 498], [588, 606], [570, 678]]",,"[[1176, 366]]",,0.4906949417989165,0.37439935043066586
343,4,2,5.698999999999955,,13518,"[954, 270]",False,,True,0.0,False,,False,"[[714, 60], [696, 114], [678, 186], [1020, 186], [516, 204], [660, 222], [606, 402], [642, 402], [606, 438], [786, 492], [588, 600], [570, 672]]",,"[[1176, 360]]",,0.4898468327900834,0.3750604793432455
344,4,2,5.716000000000008,,13518,"[954, 270]",False,,True,0.0,False,,False,"[[714, 54], [696, 108], [678, 180], [1020, 180], [516, 198], [660, 216], [606, 396], [642, 396], [606, 432], [786, 486], [588, 594], [570, 666]]",,"[[1176, 354]]",,0.48930789699873145,0.3762365937582953
345,4,2,5.731999999999971,,13518,"[954, 270]",False,,True,0.0,False,,False,"[[714, 48], [696, 102], [678, 174], [1020, 174], [516, 192], [660, 210], [606, 390], [642, 390], [606, 426], [786, 480], [588, 588], [570, 660]]",,"[[1176, 348]]",,0.48935074442201437,0.37714431574637686
346,4,2,5.748000000000047,,13518,"[954, 270]",False,,True,0.0,False,,False,"[[714, 42], [696, 96], [678, 168], [1020, 168], [516, 186], [660, 204], [606, 384], [642, 384], [606, 420], [786, 474], [588, 582], [570, 654]]",,"[[1176, 342]]",,0.48935074442201437,0.37714431574637686
347,4,2,5.76400000000001,,13518,"[954, 270]",False,,True,0.0,False,,False,"[[714, 36], [696, 90], [678, 162], [1020, 162], [516, 180], [660, 198], [606, 378], [642, 378], [606, 414], [786, 468], [588, 576], [570, 648]]",,"[[1176, 336]]",,0.4895002894040144,0.3781873367379225
348,4,2,5.780999999999949,,13518,"[954, 270]",False,,True,0.0,False,,False,"[[714, 30], [696, 84], [678, 156], [1020, 156], [516, 174], [660, 192], [606, 372], [642, 372], [606, 408], [786, 462], [588, 570], [570, 642]]",,"[[1176, 330]]",,0.4895002894040144,0.3781873367379225
349,4,2,5.7970000000000255,,13518,"[954, 270]",False,,True,0.0,False,,False,"[[714, 24], [696, 78], [678, 150], [1020, 150], [516, 168], [660, 186], [606, 366], [642, 366], [606, 402], [786, 456], [588, 564], [570, 636]]",,"[[1176, 324], [270, 810]]",,0.4902723166404894,0.37837557486652407
350,4,2,5.812999999999988,,13518,"[954, 270]",False,,True,0.0,False,,False,"[[714, 18], [696, 72], [678, 144], [1020, 144], [516, 162], [660, 180], [606, 360], [642, 360], [606, 396], [786, 450], [588, 558], [570, 630]]",,"[[1176, 318], [270, 804]]",,0.4902723166404894,0.37837557486652407
351,4,2,5.830000000000041,,13518,"[954, 270]",False,,True,0.0,False,,False,"[[714, 12], [696, 66], [678, 138], [1020, 138], [516, 156], [660, 174], [606, 354], [642, 354], [606, 390], [786, 444], [588, 552], [570, 624]]",,"[[1176, 312], [270, 798]]",,0.49177056710173084,0.37720676366067374
352,4,2,5.84699999999998,,13518,"[954, 270]",False,,True,1.0,False,,False,"[[714, 6], [696, 60], [678, 132], [1020, 132], [516, 150], [660, 168], [606, 348], [642, 348], [606, 384], [786, 438], [588, 546], [570, 618]]",,"[[1176, 306], [270, 792]]",,0.49177056710173084,0.37720676366067374
353,4,2,5.865000000000009,,13518,"[954, 270]",False,,True,1.0,False,,False,"[[714, 0], [696, 54], [678, 126], [1020, 126], [516, 144], [660, 162], [606, 342], [642, 342], [606, 378], [786, 432], [588, 540], [570, 612], [516, 810]]",,"[[1182, 300], [276, 786]]",,0.49296107821872237,0.375119643022382
354,4,2,5.880999999999972,,13518,"[954, 270]",False,,True,1.0,False,,False,"[[702, 48], [684, 120], [1026, 120], [522, 138], [666, 156], [612, 336], [648, 336], [612, 372], [792, 426], [594, 534], [576, 606], [522, 804]]",,"[[1188, 294], [282, 780]]",,0.49296107821872237,0.375119643022382
355,4,2,5.897000000000048,,13518,"[954, 270]",False,,True,1.0,False,,False,"[[708, 42], [690, 114], [1032, 114], [528, 132], [672, 150], [618, 330], [654, 330], [618, 366], [798, 420], [600, 528], [582, 600], [528, 798]]",,"[[1194, 288], [288, 774]]",,0.4924981031717883,0.3753354507475938
356,4,2,5.913999999999987,,13518,"[954, 270]",False,,True,1.0,False,,False,"[[714, 36], [696, 108], [1038, 108], [534, 126], [678, 144], [624, 324], [660, 324], [624, 360], [804, 414], [606, 522], [588, 594], [534, 792]]",,"[[1200, 282], [294, 768]]",,0.4924981031717883,0.3753354507475938
357,4,2,5.92999999999995,,13518,"[954, 270]",False,,True,1.0,False,,False,"[[720, 30], [702, 102], [1044, 102], [540, 120], [684, 138], [630, 318], [666, 318], [630, 354], [810, 408], [612, 516], [594, 588], [540, 786]]",,"[[1206, 276], [300, 762]]",,0.6637028687664364,-0.04581581932072165
358,4,2,5.948999999999955,,13518,"[954, 270]",False,,True,1.0,False,,False,"[[726, 24], [708, 96], [1050, 96], [546, 114], [690, 132], [636, 312], [672, 312], [636, 348], [816, 402], [618, 510], [600, 582], [546, 780]]",,"[[1212, 270], [306, 756]]",,0.6637028687664364,-0.04581581932072165
359,4,2,5.965000000000032,,13518,"[954, 270]",False,,True,1.0,False,,False,"[[732, 18], [714, 90], [1056, 90], [552, 108], [696, 126], [642, 306], [678, 306], [642, 342], [822, 396], [624, 504], [606, 576], [552, 774]]",,"[[1218, 264], [312, 750]]",,0.49347857328999406,0.3809686438516918
360,4,2,5.981999999999971,,13518,"[954, 270]",False,Right,True,1.0,False,,False,"[[738, 12], [720, 84], [1062, 84], [558, 102], [702, 120], [648, 300], [684, 300], [648, 336], [828, 390], [630, 498], [612, 570], [558, 768]]",,"[[1218, 258], [312, 744]]",,0.49347857328999406,0.3809686438516918
361,4,2,5.998000000000047,,13518,"[954, 270]",False,Right,True,1.0,False,,False,"[[738, 6], [720, 78], [1062, 78], [558, 96], [702, 114], [648, 294], [684, 294], [648, 330], [828, 384], [630, 492], [612, 564], [558, 762]]",,"[[1218, 252], [312, 738]]",,0.6797143238544624,-0.049109716113827195
362,4,2,6.014999999999986,,13518,"[954, 270]",False,Right,True,1.0,False,,False,"[[738, 0], [720, 72], [1062, 72], [558, 90], [702, 108], [648, 288], [684, 288], [648, 324], [828, 378], [630, 486], [612, 558], [558, 756]]",,"[[1218, 246], [312, 732]]",,0.6797143238544624,-0.049109716113827195
363,4,2,6.030999999999949,,13518,"[954, 270]",False,Right,True,1.0,False,,False,"[[720, 66], [1062, 66], [558, 84], [702, 102], [648, 282], [684, 282], [648, 318], [828, 372], [630, 480], [612, 552], [558, 750]]",,"[[1218, 240], [312, 726]]",,0.6814030039033956,-0.0493700776051591
364,4,2,6.0470000000000255,,13518,"[954, 270]",False,Right,True,1.0,False,,False,"[[720, 60], [1062, 60], [558, 78], [702, 96], [648, 276], [684, 276], [648, 312], [828, 366], [630, 474], [612, 546], [558, 744]]",,"[[1218, 234], [312, 720]]",,0.6814030039033956,-0.0493700776051591
365,4,2,6.065000000000055,,13518,"[954, 270]",False,Right,True,1.0,False,,False,"[[720, 54], [1062, 54], [558, 72], [702, 90], [648, 270], [684, 270], [648, 306], [828, 360], [630, 468], [612, 540], [558, 738]]",,"[[1218, 228], [312, 714]]",,0.4899403857987898,0.3794883991499032
366,4,2,6.081999999999994,,13518,"[954, 270]",False,Right,True,1.0,False,,False,"[[720, 48], [1062, 48], [558, 66], [702, 84], [648, 264], [684, 264], [648, 300], [828, 354], [630, 462], [612, 534], [558, 732]]",,"[[1218, 222], [312, 708]]",,0.4899403857987898,0.3794883991499032
367,4,2,6.097999999999956,,13518,"[954, 270]",False,Right,True,1.0,False,,False,"[[720, 42], [1062, 42], [558, 60], [702, 78], [648, 258], [684, 258], [648, 294], [828, 348], [630, 456], [612, 528], [558, 726]]",,"[[1218, 216], [312, 702]]",,0.48862284300144526,0.3771900703794755
368,4,2,6.115000000000009,,13518,"[954, 270]",False,Right,True,1.0,False,,False,"[[720, 36], [1062, 36], [558, 54], [702, 72], [648, 252], [684, 252], [648, 288], [828, 342], [630, 450], [612, 522], [558, 720]]",,"[[1218, 210], [312, 696]]",,0.48862284300144526,0.3771900703794755
369,4,2,6.132000000000062,,13518,"[954, 270]",False,Right,True,1.0,False,,False,"[[720, 30], [1062, 30], [558, 48], [702, 66], [648, 246], [684, 246], [648, 282], [828, 336], [630, 444], [612, 516], [558, 714]]",,"[[1218, 204], [312, 690]]",,0.4873656169045604,0.3766457500594802
370,4,2,6.149000000000001,,13518,"[954, 270]",False,Right,True,1.0,False,,False,"[[720, 24], [1062, 24], [558, 42], [702, 60], [648, 240], [684, 240], [648, 276], [828, 330], [630, 438], [612, 510], [558, 708]]",,"[[1218, 198], [312, 684]]",,0.4873656169045604,0.3766457500594802
371,4,2,6.164999999999964,,13518,"[954, 270]",False,Right,True,1.0,False,,False,"[[720, 18], [1062, 18], [558, 36], [702, 54], [648, 234], [684, 234], [648, 270], [828, 324], [630, 432], [612, 504], [558, 702]]",,"[[1218, 192], [312, 678]]",,0.674523475899265,-0.04741204026778689
372,4,2,6.182000000000016,,13518,"[954, 270]",False,Right,True,1.0,False,,False,"[[720, 12], [1062, 12], [558, 30], [702, 48], [648, 228], [684, 228], [648, 264], [828, 318], [630, 426], [612, 498], [558, 696]]",,"[[1218, 186], [312, 672]]",,0.674523475899265,-0.04741204026778689
373,4,2,6.198999999999955,,13518,"[954, 270]",False,Right,True,1.0,False,,False,"[[720, 6], [1062, 6], [558, 24], [702, 42], [648, 222], [684, 222], [648, 258], [828, 312], [630, 420], [612, 492], [558, 690]]",,"[[1218, 180], [312, 666]]",,0.4898117485352106,0.3803844678463142
374,4,2,6.215000000000032,,13518,"[954, 270]",False,Right,True,1.0,False,,False,"[[720, 0], [1062, 0], [558, 18], [702, 36], [648, 216], [684, 216], [648, 252], [828, 306], [630, 414], [612, 486], [558, 684]]",,"[[1218, 174], [312, 660]]",,0.4898117485352106,0.3803844678463142
375,4,2,6.231999999999971,,13518,"[954, 270]",False,Right,True,1.0,False,,False,"[[558, 12], [702, 30], [648, 210], [684, 210], [648, 246], [828, 300], [630, 408], [612, 480], [558, 678]]",,"[[1218, 168], [312, 654]]",,0.4889940775729956,0.38098156508595105
376,4,2,6.249000000000024,,13518,"[954, 270]",False,Right,True,1.0,False,,False,"[[558, 6], [702, 24], [648, 204], [684, 204], [648, 240], [828, 294], [630, 402], [612, 474], [558, 672]]",,"[[1218, 162], [312, 648]]",,0.4889940775729956,0.38098156508595105
377,4,2,6.265999999999963,,13518,"[954, 270]",False,Right,True,1.0,False,,False,"[[558, 0], [702, 18], [648, 198], [684, 198], [648, 234], [828, 288], [630, 396], [612, 468], [558, 666]]",,"[[1218, 156], [312, 642]]",,0.48770194126858357,0.3818451997519783
378,4,2,6.2830000000000155,,13518,"[954, 270]",False,Right,True,1.0,False,,False,"[[702, 12], [648, 192], [684, 192], [648, 228], [828, 282], [630, 390], [612, 462], [558, 660]]",,"[[1218, 150], [312, 636]]",,0.48770194126858357,0.3818451997519783
379,4,2,6.2999999999999545,,13518,"[954, 270]",False,Right,True,1.0,False,,False,"[[702, 6], [648, 186], [684, 186], [648, 222], [828, 276], [630, 384], [612, 456], [558, 654]]",,"[[1218, 144], [312, 630]]",,0.4881188278539076,0.38294415062940945
380,4,2,6.317000000000007,,13518,"[954, 270]",False,Right,True,1.0,False,,False,"[[702, 0], [648, 180], [684, 180], [648, 216], [828, 270], [630, 378], [612, 450], [558, 648]]",,"[[1218, 138], [312, 624]]",,0.4881188278539076,0.38294415062940945
381,4,2,6.33299999999997,,13518,"[954, 270]",False,Right,True,1.0,False,,False,"[[648, 174], [684, 174], [648, 210], [828, 264], [630, 372], [612, 444], [558, 642]]",,"[[1218, 132], [312, 618]]",,0.48922464031778096,0.3832313696552777
382,4,2,6.350999999999999,,13518,"[954, 270]",False,,True,1.0,False,,False,"[[648, 168], [684, 168], [648, 204], [828, 258], [630, 366], [612, 438], [558, 636]]",,"[[1224, 126], [318, 612]]",,0.48922464031778096,0.3832313696552777
383,4,2,6.366999999999962,,13518,"[954, 270]",False,,True,1.0,False,,False,"[[654, 162], [690, 162], [654, 198], [834, 252], [636, 360], [618, 432], [564, 630]]",,"[[1230, 120], [324, 606]]",,0.696758429641627,-0.05189012566925699
384,4,2,6.383000000000038,,13518,"[954, 270]",False,,True,1.0,False,,False,"[[660, 156], [696, 156], [660, 192], [840, 246], [642, 354], [624, 426], [570, 624]]",,"[[1236, 114], [330, 600]]",,0.696758429641627,-0.05189012566925699
385,4,2,6.399000000000001,,13518,"[954, 270]",False,,True,1.0,False,,False,"[[666, 150], [702, 150], [666, 186], [846, 240], [648, 348], [630, 420], [576, 618]]",,"[[1242, 108], [336, 594]]",,0.4884817952468506,0.3837640321597455
386,4,2,6.414999999999964,,13518,"[954, 270]",False,,True,1.0,False,,False,"[[672, 144], [708, 144], [672, 180], [852, 234], [654, 342], [636, 414], [582, 612]]",,"[[1248, 102], [342, 588]]",,0.4884817952468506,0.3837640321597455
387,4,2,6.43100000000004,,13518,"[954, 270]",False,,True,1.0,False,,False,"[[678, 138], [714, 138], [678, 174], [858, 228], [660, 336], [642, 408], [588, 606]]",,"[[1254, 96], [348, 582]]",,0.4884053261667473,0.38450135872831137
388,4,2,6.447000000000003,,13518,"[954, 270]",False,,True,1.0,False,,False,"[[684, 132], [720, 132], [684, 168], [864, 222], [666, 330], [648, 402], [594, 600]]",,"[[1260, 90], [354, 576]]",,0.4884053261667473,0.38450135872831137
389,4,2,6.462999999999965,,13518,"[954, 270]",False,,True,1.0,False,,False,"[[690, 126], [726, 126], [690, 162], [870, 216], [672, 324], [654, 396], [600, 594]]",,"[[1266, 84], [360, 570]]",,0.6737241873809018,-0.06444414302301205
390,4,2,6.480000000000018,,13518,"[954, 270]",False,,True,1.0,False,,False,"[[696, 120], [732, 120], [696, 156], [876, 210], [678, 318], [660, 390], [606, 588]]",,"[[1272, 78], [366, 564]]",,0.6737241873809018,-0.06444414302301205
391,4,2,6.496999999999957,,13518,"[954, 270]",False,,True,1.0,False,,False,"[[702, 114], [738, 114], [702, 150], [882, 204], [684, 312], [666, 384], [612, 582]]",,"[[1278, 72], [372, 558]]",,0.689284576827134,-0.05880399380805024
392,4,2,6.513000000000034,,13518,"[954, 270]",False,,True,1.0,False,,False,"[[708, 108], [744, 108], [708, 144], [888, 198], [690, 306], [672, 378], [618, 576]]",,"[[1284, 66], [378, 552]]",,0.689284576827134,-0.05880399380805024
393,4,2,6.529999999999973,,13518,"[954, 270]",False,,True,1.0,False,,False,"[[714, 102], [750, 102], [714, 138], [894, 192], [696, 300], [678, 372], [624, 570]]",,"[[1290, 60], [384, 546]]",,0.48507124161524606,0.3719621751963893
394,4,2,6.5470000000000255,,13518,"[954, 270]",False,,True,1.0,False,,False,"[[720, 96], [756, 96], [720, 132], [900, 186], [702, 294], [684, 366], [630, 564]]",,"[[1296, 54], [390, 540]]",,0.48507124161524606,0.3719621751963893
395,4,2,6.5639999999999645,,13518,"[954, 270]",False,,True,1.0,False,,False,"[[726, 90], [762, 90], [726, 126], [906, 180], [708, 288], [690, 360], [636, 558]]",,"[[1302, 48], [396, 534]]",,0.4856175883535821,0.37035909453315086
396,4,2,6.581000000000017,,13518,"[954, 270]",False,Right,True,1.0,False,,False,"[[732, 84], [768, 84], [732, 120], [912, 174], [714, 282], [696, 354], [642, 552]]",,"[[1302, 42], [396, 528]]",,0.4856175883535821,0.37035909453315086
397,4,2,6.596000000000004,,13518,"[954, 270]",False,Right,True,1.0,False,,False,"[[732, 78], [768, 78], [732, 114], [912, 168], [714, 276], [696, 348], [642, 546]]",,"[[1302, 36], [396, 522]]",,0.6954543068521525,-0.05079478363519252
398,4,2,6.611999999999966,,13518,"[954, 270]",False,Right,True,1.0,False,,False,"[[732, 72], [768, 72], [732, 108], [912, 162], [714, 270], [696, 342], [642, 540], [750, 810]]",,"[[1302, 30], [396, 516]]",,0.6954543068521525,-0.05079478363519252
399,4,2,6.629000000000019,,13518,"[954, 270]",False,Right,True,1.0,False,,False,"[[732, 66], [768, 66], [732, 102], [912, 156], [714, 264], [696, 336], [642, 534], [750, 804]]",,"[[1302, 24], [396, 510]]",,0.4873079563802719,0.3723119603144728
400,4,2,6.645999999999958,,13518,"[954, 270]",False,Right,True,1.0,False,,False,"[[732, 60], [768, 60], [732, 96], [912, 150], [714, 258], [696, 330], [642, 528], [750, 798]]",,"[[1302, 18], [396, 504]]",,0.4873079563802719,0.3723119603144728
401,4,2,6.662000000000035,,13518,"[954, 270]",False,Right,True,1.0,False,,False,"[[732, 54], [768, 54], [732, 90], [912, 144], [714, 252], [696, 324], [642, 522], [750, 792], [1092, 810]]",,"[[1302, 12], [396, 498]]",,0.4874385362751233,0.37562551679971923
402,4,2,6.678999999999974,,13518,"[954, 270]",False,Right,True,1.0,False,,False,"[[732, 48], [768, 48], [732, 84], [912, 138], [714, 246], [696, 318], [642, 516], [750, 786], [1092, 804]]",,"[[1302, 6], [396, 492]]",,0.4874385362751233,0.37562551679971923
403,4,2,6.69500000000005,,13518,"[954, 270]",False,Right,True,0.0,False,,False,"[[732, 42], [768, 42], [732, 78], [912, 132], [714, 240], [696, 312], [642, 510], [750, 780], [1092, 798]]",,"[[1302, 0], [396, 486], [1302, 810]]",,0.4867290643796335,0.3790812491172184
404,4,2,6.711999999999989,,13518,"[954, 270]",False,Right,True,0.0,False,,False,"[[732, 36], [768, 36], [732, 72], [912, 126], [714, 234], [696, 306], [642, 504], [750, 774], [1092, 792], [1092, 810]]",,"[[390, 480], [1296, 804]]",,0.4867290643796335,0.3790812491172184
405,4,2,6.729000000000042,,13518,"[954, 270]",False,Right,True,0.0,False,,False,"[[726, 30], [762, 30], [726, 66], [906, 120], [708, 228], [690, 300], [636, 498], [744, 768], [1086, 786], [1086, 804]]",,"[[384, 474], [1290, 798]]",,0.4876366460983128,0.3813227695155841
406,4,2,6.7450000000000045,,13518,"[954, 270]",False,Right,True,0.0,False,,False,"[[720, 24], [756, 24], [720, 60], [900, 114], [702, 222], [684, 294], [630, 492], [738, 762], [1080, 780], [1080, 798]]",,"[[378, 468], [1284, 792]]",,0.4876366460983128,0.3813227695155841
407,4,2,6.760999999999967,,13518,"[954, 270]",False,Right,True,0.0,False,,False,"[[714, 18], [750, 18], [714, 54], [894, 108], [696, 216], [678, 288], [624, 486], [732, 756], [1074, 774], [1074, 792], [714, 810]]",,"[[372, 462], [1278, 786]]",,0.7671758881227768,0.07667090113107233
408,4,2,6.777000000000044,,13518,"[954, 270]",False,Right,True,0.0,False,,False,"[[708, 12], [744, 12], [708, 48], [888, 102], [690, 210], [672, 282], [618, 480], [726, 750], [1068, 768], [1068, 786], [708, 804]]",,"[[366, 456], [1272, 780]]",,0.7671758881227768,0.07667090113107233
409,4,2,6.793999999999983,,13518,"[954, 270]",False,Right,True,0.0,False,,False,"[[702, 6], [738, 6], [702, 42], [882, 96], [684, 204], [666, 276], [612, 474], [720, 744], [1062, 762], [1062, 780], [702, 798]]",,"[[360, 450], [1266, 774]]",,0.4910523195305744,0.38115305847026515
410,4,2,6.810000000000059,,13518,"[954, 270]",False,Right,True,0.0,False,,False,"[[696, 0], [732, 0], [696, 36], [876, 90], [678, 198], [660, 270], [606, 468], [714, 738], [1056, 756], [1056, 774], [696, 792]]",,"[[354, 444], [1260, 768]]",,0.4910523195305744,0.38115305847026515
411,4,2,6.826999999999998,,13518,"[954, 270]",False,Right,True,0.0,False,,False,"[[690, 30], [870, 84], [672, 192], [654, 264], [600, 462], [708, 732], [1050, 750], [1050, 768], [690, 786]]",,"[[348, 438], [1254, 762]]",,0.4923613485654529,0.38061373066372484
412,4,2,6.842999999999961,,13518,"[954, 270]",False,Right,True,0.0,False,,False,"[[684, 24], [864, 78], [666, 186], [648, 258], [594, 456], [702, 726], [1044, 744], [1044, 762], [684, 780]]",,"[[342, 432], [1248, 756]]",,0.4923613485654529,0.38061373066372484
413,4,2,6.860000000000014,,13518,"[954, 270]",False,Right,True,0.0,False,,False,"[[678, 18], [858, 72], [660, 180], [642, 252], [588, 450], [696, 720], [1038, 738], [1038, 756], [678, 774]]",,"[[336, 426], [1242, 750]]",,0.7014021251761968,-0.06048409666864352
414,4,2,6.878000000000043,,13518,"[954, 270]",False,Right,True,0.0,False,,False,"[[672, 12], [852, 66], [654, 174], [636, 246], [582, 444], [690, 714], [1032, 732], [1032, 750], [672, 768]]",,"[[330, 420], [1236, 744]]",,0.7014021251761968,-0.06048409666864352
415,4,2,6.8940000000000055,,13518,"[954, 270]",False,Right,True,0.0,False,,False,"[[666, 6], [846, 60], [648, 168], [630, 240], [576, 438], [684, 708], [1026, 726], [1026, 744], [666, 762]]",,"[[324, 414], [1230, 738]]",,0.703343921115877,-0.060833741631706184
416,4,2,6.909999999999968,,13518,"[954, 270]",False,Right,True,0.0,False,,False,"[[660, 0], [840, 54], [642, 162], [624, 234], [570, 432], [678, 702], [1020, 720], [1020, 738], [660, 756]]",,"[[318, 408], [1224, 732]]",,0.703343921115877,-0.060833741631706184
417,4,2,6.927000000000021,,13518,"[954, 270]",False,Right,True,0.0,False,,False,"[[834, 48], [636, 156], [618, 228], [564, 426], [672, 696], [1014, 714], [1014, 732], [654, 750]]",,"[[312, 402], [1218, 726]]",,0.4796258064802409,0.36463104961646686
418,4,2,6.942999999999984,,13518,"[954, 270]",False,Right,True,0.0,False,,False,"[[828, 42], [630, 150], [612, 222], [558, 420], [666, 690], [1008, 708], [1008, 726], [648, 744]]",,"[[306, 396], [1212, 720]]",,0.4796258064802409,0.36463104961646686
419,4,2,6.960000000000036,,13518,"[954, 270]",False,Right,True,0.0,False,,False,"[[822, 36], [624, 144], [606, 216], [552, 414], [660, 684], [1002, 702], [1002, 720], [642, 738], [786, 810]]",,"[[300, 390], [1206, 714]]",,0.47836381998140765,0.36067072688383595
420,4,2,6.976999999999975,,13518,"[954, 270]",False,Right,True,0.0,False,,False,"[[816, 30], [618, 138], [600, 210], [546, 408], [654, 678], [996, 696], [996, 714], [636, 732], [780, 804]]",,"[[294, 384], [1200, 708]]",,0.47836381998140765,0.36067072688383595
421,4,2,6.994000000000028,,13518,"[954, 270]",False,,True,0.0,False,,False,"[[810, 24], [612, 132], [594, 204], [540, 402], [648, 672], [990, 690], [990, 708], [630, 726], [774, 798]]",,"[[294, 378], [1200, 702]]",,0.47709744583225566,0.3587501707725438
422,4,2,7.0090000000000146,,13518,"[954, 270]",False,,True,0.0,False,,False,"[[810, 18], [612, 126], [594, 198], [540, 396], [648, 666], [990, 684], [990, 702], [630, 720], [774, 792]]",,"[[294, 372], [1200, 696]]",,0.47837833481788783,0.3579486011868367
423,4,2,7.024999999999977,,13518,"[954, 270]",False,,True,0.0,False,,False,"[[810, 12], [612, 120], [594, 192], [540, 390], [648, 660], [990, 678], [990, 696], [630, 714], [774, 786]]",,"[[294, 366], [1200, 690]]",,0.4790595756981908,0.3593928552985446
424,4,2,7.041000000000054,,13518,"[954, 270]",False,,True,0.0,False,,False,"[[810, 6], [612, 114], [594, 186], [540, 384], [648, 654], [990, 672], [990, 690], [630, 708], [774, 780]]",,"[[294, 360], [1200, 684]]",,0.4790566177806096,0.3601808438423415
425,4,2,7.057999999999993,,13518,"[954, 270]",False,,True,0.0,False,,False,"[[810, 0], [612, 108], [594, 180], [540, 378], [648, 648], [990, 666], [990, 684], [630, 702], [774, 774]]",,"[[294, 354], [1200, 678]]",,0.4789040225373766,0.3609276946345181
426,4,2,7.076000000000022,,13518,"[954, 270]",False,,True,0.0,False,,False,"[[612, 102], [594, 174], [540, 372], [648, 642], [990, 660], [990, 678], [630, 696], [774, 768]]",,"[[294, 348], [1200, 672]]",,0.4789040225373766,0.3609276946345181
427,4,2,7.0919999999999845,,13518,"[954, 270]",False,,True,0.0,False,,False,"[[612, 96], [594, 168], [540, 366], [648, 636], [990, 654], [990, 672], [630, 690], [774, 762]]",,"[[294, 342], [1200, 666]]",,0.47900335902074,0.36102378680518576
428,4,2,7.109000000000037,,13518,"[954, 270]",False,,True,0.0,False,,False,"[[612, 90], [594, 162], [540, 360], [648, 630], [990, 648], [990, 666], [630, 684], [774, 756]]",,"[[294, 336], [1200, 660]]",,0.4786740500968012,0.3615600821390904
429,4,2,7.125,,13518,"[954, 270]",False,,True,0.0,False,,False,"[[612, 84], [594, 156], [540, 354], [648, 624], [990, 642], [990, 660], [630, 678], [774, 750]]",,"[[294, 330], [1200, 654]]",,0.8151901396738268,0.032523649761637685
430,4,2,7.142000000000053,,13518,"[954, 270]",False,,True,0.0,False,,False,"[[612, 78], [594, 150], [540, 348], [648, 618], [990, 636], [990, 654], [630, 672], [774, 744]]",,"[[294, 324], [1200, 648]]",,0.8160753334980744,0.03230336425004454
431,4,2,7.1580000000000155,,13518,"[954, 270]",False,Left,True,0.0,False,,False,"[[612, 72], [594, 144], [540, 342], [648, 612], [990, 630], [990, 648], [630, 666], [774, 738]]",,"[[300, 318], [1206, 642]]",,0.8226387123468017,0.02009813236179514
432,4,2,7.1749999999999545,,13518,"[954, 270]",False,Left,True,0.0,False,,False,"[[618, 66], [600, 138], [546, 336], [654, 606], [996, 624], [996, 642], [636, 660], [780, 732]]",,"[[306, 312], [1212, 636]]",,0.47885718455026466,0.36202023891577606
433,4,2,7.192000000000007,,13518,"[954, 270]",False,Left,True,-1.0,False,,False,"[[624, 60], [606, 132], [552, 330], [660, 600], [1002, 618], [1002, 636], [642, 654], [786, 726]]",,"[[312, 306], [1218, 630]]",,0.7398455794305147,0.13742672234136155
434,4,2,7.20900000000006,,13518,"[954, 270]",False,Left,True,-1.0,False,,False,"[[630, 54], [612, 126], [558, 324], [666, 594], [1008, 612], [1008, 630], [648, 648], [792, 720], [774, 810]]",,"[[312, 300], [1218, 624]]",,0.47964236578655184,0.36279295366983044
435,4,2,7.225000000000023,,13518,"[954, 270]",False,Left,True,-1.0,False,,False,"[[630, 48], [612, 120], [558, 318], [666, 588], [1008, 606], [1008, 624], [648, 642], [792, 714], [774, 804]]",,"[[312, 294], [1218, 618]]",,0.7280275130608745,0.1404189908358905
436,4,2,7.241999999999962,,13518,"[954, 270]",False,Left,True,-1.0,False,,False,"[[630, 42], [612, 114], [558, 312], [666, 582], [1008, 600], [1008, 618], [648, 636], [792, 708], [774, 798]]",,"[[312, 288], [1218, 612]]",,0.4814982853516244,0.3648345591539034
437,4,2,7.2590000000000146,,13518,"[954, 270]",False,Left,True,-1.0,False,,False,"[[630, 36], [612, 108], [558, 306], [666, 576], [1008, 594], [1008, 612], [648, 630], [792, 702], [774, 792]]",,"[[312, 282], [1218, 606]]",,0.4814982853516244,0.3648345591539034
438,4,2,7.274999999999977,,13518,"[954, 270]",False,Left,True,-1.0,False,,False,"[[630, 30], [612, 102], [558, 300], [666, 570], [1008, 588], [1008, 606], [648, 624], [792, 696], [774, 786]]",,"[[312, 276], [1218, 600]]",,0.48221482232047563,0.3679038401423934
439,4,2,7.29200000000003,,13518,"[954, 270]",False,Left,True,-1.0,False,,False,"[[630, 24], [612, 96], [558, 294], [666, 564], [1008, 582], [1008, 600], [648, 618], [792, 690], [774, 780]]",,"[[312, 270], [1218, 594]]",,0.4824458202587215,0.3682680740026941
440,4,2,7.308999999999969,,13518,"[954, 270]",False,Left,True,-1.0,False,,False,"[[630, 18], [612, 90], [558, 288], [666, 558], [1008, 576], [1008, 594], [648, 612], [792, 684], [774, 774], [594, 810]]",,"[[312, 264], [1218, 588]]",,0.48170924174506907,0.37010635099239164
441,4,2,7.3250000000000455,,13518,"[954, 270]",False,Left,True,-1.0,False,,False,"[[630, 12], [612, 84], [558, 282], [666, 552], [1008, 570], [1008, 588], [648, 606], [792, 678], [774, 768], [594, 804]]",,"[[312, 258], [1218, 582]]",,0.48151014835275696,0.3714939302910385
442,4,2,7.3419999999999845,,13518,"[954, 270]",False,Left,True,-1.0,False,,False,"[[630, 6], [612, 78], [558, 276], [666, 546], [1008, 564], [1008, 582], [648, 600], [792, 672], [774, 762], [594, 798]]",,"[[312, 252], [1218, 576]]",,0.48145937350316637,0.3721504802060195
443,4,2,7.359000000000037,,13518,"[954, 270]",False,Left,True,-1.0,False,,False,"[[630, 0], [612, 72], [558, 270], [666, 540], [1008, 558], [1008, 576], [648, 594], [792, 666], [774, 756], [594, 792], [972, 810]]",,"[[312, 246], [1218, 570]]",,0.48145937350316637,0.3721504802060195
444,4,2,7.375,,13518,"[954, 270]",False,Left,True,-1.0,False,,False,"[[612, 66], [558, 264], [666, 534], [1008, 552], [1008, 570], [648, 588], [792, 660], [774, 750], [594, 786], [972, 804]]",,"[[312, 240], [1218, 564]]",,0.4649783679962928,0.31106329345852557
445,4,2,7.390999999999963,,13518,"[954, 270]",False,Left,True,-1.0,False,,False,"[[612, 60], [558, 258], [666, 528], [1008, 546], [1008, 564], [648, 582], [792, 654], [774, 744], [594, 780], [972, 798]]",,"[[312, 234], [1218, 558]]",,0.4649783679962928,0.31106329345852557
446,4,2,7.407000000000039,,13518,"[954, 270]",False,,True,-1.0,False,,False,"[[612, 54], [558, 252], [666, 522], [1008, 540], [1008, 558], [648, 576], [792, 648], [774, 738], [594, 774], [972, 792]]",,"[[306, 228], [1212, 552]]",,0.464060875892809,0.30921468547941433
447,4,2,7.4249999999999545,,13518,"[954, 270]",False,,True,-1.0,False,,False,"[[606, 48], [552, 246], [660, 516], [1002, 534], [1002, 552], [642, 570], [786, 642], [768, 732], [588, 768], [966, 786]]",,"[[300, 222], [1206, 546]]",,0.46395079316194404,0.30873320850223596
448,4,2,7.441000000000031,,13518,"[954, 270]",False,,True,-1.0,False,,False,"[[600, 42], [546, 240], [654, 510], [996, 528], [996, 546], [636, 564], [780, 636], [762, 726], [582, 762], [960, 780]]",,"[[294, 216], [1200, 540]]",,0.7293970245575976,0.13024896969586863
449,4,2,7.456999999999994,,13518,"[954, 270]",False,,True,-1.0,False,,False,"[[594, 36], [540, 234], [648, 504], [990, 522], [990, 540], [630, 558], [774, 630], [756, 720], [576, 756], [954, 774]]",,"[[288, 210], [1194, 534]]",,0.7293970245575976,0.13024896969586863
450,4,2,7.474000000000046,,13518,"[954, 270]",False,,True,-1.0,False,,False,"[[588, 30], [534, 228], [642, 498], [984, 516], [984, 534], [624, 552], [768, 624], [750, 714], [570, 750], [948, 768]]",,"[[282, 204], [1188, 528]]",,0.4692026116352347,0.3497203463261046
451,4,2,7.490000000000009,,13518,"[954, 270]",False,,True,-1.0,False,,False,"[[582, 24], [528, 222], [636, 492], [978, 510], [978, 528], [618, 546], [762, 618], [744, 708], [564, 744], [942, 762]]",,"[[276, 198], [1182, 522]]",,0.4692026116352347,0.3497203463261046
452,4,2,7.507000000000062,,13518,"[954, 270]",False,,True,-1.0,False,,False,"[[576, 18], [522, 216], [630, 486], [972, 504], [972, 522], [612, 540], [756, 612], [738, 702], [558, 738], [936, 756], [702, 810]]",,"[[270, 192], [1176, 516]]",,0.7433572718860617,0.08573139014668874
453,4,2,7.523000000000025,,13518,"[954, 270]",False,,True,-1.0,False,,False,"[[570, 12], [516, 210], [624, 480], [966, 498], [966, 516], [606, 534], [750, 606], [732, 696], [552, 732], [930, 750], [696, 804]]",,"[[264, 186], [1170, 510]]",,0.7433572718860617,0.08573139014668874
454,4,2,7.538999999999987,,13518,"[954, 270]",False,,True,-1.0,False,,False,"[[564, 6], [510, 204], [618, 474], [960, 492], [960, 510], [600, 528], [744, 600], [726, 690], [546, 726], [924, 744], [690, 798]]",,"[[258, 180], [1164, 504]]",,0.46983818333092947,0.349831753356581
455,4,2,7.55600000000004,,13518,"[954, 270]",False,Left,True,-1.0,False,,False,"[[558, 0], [504, 198], [612, 468], [954, 486], [954, 504], [594, 522], [738, 594], [720, 684], [540, 720], [918, 738], [684, 792], [864, 810]]",,"[[258, 174], [1164, 498]]",,0.46983818333092947,0.349831753356581
456,4,2,7.572999999999979,,13518,"[954, 270]",False,Left,True,-1.0,False,,False,"[[504, 192], [612, 462], [954, 480], [954, 498], [594, 516], [738, 588], [720, 678], [540, 714], [918, 732], [684, 786], [864, 804]]",,"[[258, 168], [1164, 492]]",,0.47113896767266716,0.35033571334879343
457,4,2,7.5890000000000555,,13518,"[954, 270]",False,Left,True,-1.0,False,,False,"[[504, 186], [612, 456], [954, 474], [954, 492], [594, 510], [738, 582], [720, 672], [540, 708], [918, 726], [684, 780], [864, 798]]",,"[[258, 162], [1164, 486]]",,0.47113896767266716,0.35033571334879343
458,4,2,7.605000000000018,,13518,"[954, 270]",False,Left,True,-1.0,False,,False,"[[504, 180], [612, 450], [954, 468], [954, 486], [594, 504], [738, 576], [720, 666], [540, 702], [918, 720], [684, 774], [864, 792]]",,"[[258, 156], [1164, 480]]",,0.4731409957029891,0.3524003208945319
459,4,2,7.620999999999981,,13518,"[954, 270]",False,Left,True,-1.0,False,,False,"[[504, 174], [612, 444], [954, 462], [954, 480], [594, 498], [738, 570], [720, 660], [540, 696], [918, 714], [684, 768], [864, 786]]",,"[[258, 150], [1164, 474]]",,0.4731409957029891,0.3524003208945319
460,4,2,7.637000000000057,,13518,"[954, 270]",False,Left,True,-1.0,False,,False,"[[504, 168], [612, 438], [954, 456], [954, 474], [594, 492], [738, 564], [720, 654], [540, 690], [918, 708], [684, 762], [864, 780]]",,"[[258, 144], [1164, 468]]",,0.4740855527092612,0.35455141562424786
461,4,2,7.65300000000002,,13518,"[954, 270]",False,Left,True,-1.0,False,,False,"[[504, 162], [612, 432], [954, 450], [954, 468], [594, 486], [738, 558], [720, 648], [540, 684], [918, 702], [684, 756], [864, 774]]",,"[[258, 138], [1164, 462]]",,0.4740855527092612,0.35455141562424786
462,4,2,7.669999999999959,,13518,"[954, 270]",False,Left,True,-1.0,False,,False,"[[504, 156], [612, 426], [954, 444], [954, 462], [594, 480], [738, 552], [720, 642], [540, 678], [918, 696], [684, 750], [864, 768]]",,"[[258, 132], [1164, 456]]",,0.745091458528516,0.1275395358984288
463,4,2,7.687000000000012,,13518,"[954, 270]",False,Left,True,-1.0,False,,False,"[[504, 150], [612, 420], [954, 438], [954, 456], [594, 474], [738, 546], [720, 636], [540, 672], [918, 690], [684, 744], [864, 762]]",,"[[258, 126], [1164, 450]]",,0.745091458528516,0.1275395358984288
464,4,2,7.703999999999951,,13518,"[954, 270]",False,Left,True,-1.0,False,,False,"[[504, 144], [612, 414], [954, 432], [954, 450], [594, 468], [738, 540], [720, 630], [540, 666], [918, 684], [684, 738], [864, 756]]",,"[[258, 120], [1164, 444]]",,0.47484099328643126,0.35870339757387626
465,4,2,7.720000000000027,,13518,"[954, 270]",False,Left,True,-1.0,False,,False,"[[504, 138], [612, 408], [954, 426], [954, 444], [594, 462], [738, 534], [720, 624], [540, 660], [918, 678], [684, 732], [864, 750]]",,"[[258, 114], [1164, 438]]",,0.47484099328643126,0.35870339757387626
466,4,2,7.73599999999999,,13518,"[954, 270]",False,Left,True,-1.0,False,,False,"[[504, 132], [612, 402], [954, 420], [954, 438], [594, 456], [738, 528], [720, 618], [540, 654], [918, 672], [684, 726], [864, 744]]",,"[[258, 108], [1164, 432]]",,0.741762592264496,0.12873491047056596
467,4,2,7.753000000000043,,13518,"[954, 270]",False,Left,True,-1.0,False,,False,"[[504, 126], [612, 396], [954, 414], [954, 432], [594, 450], [738, 522], [720, 612], [540, 648], [918, 666], [684, 720], [864, 738]]",,"[[258, 102], [1164, 426]]",,0.741762592264496,0.12873491047056596
468,4,2,7.7690000000000055,,13518,"[954, 270]",False,Left,True,-1.0,False,,False,"[[504, 120], [612, 390], [954, 408], [954, 426], [594, 444], [738, 516], [720, 606], [540, 642], [918, 660], [684, 714], [864, 732]]",,"[[258, 96], [1164, 420]]",,0.47405703973092994,0.3621981659279453
469,4,2,7.786000000000058,,13518,"[954, 270]",False,Left,True,-1.0,False,,False,"[[504, 114], [612, 384], [954, 402], [954, 420], [594, 438], [738, 510], [720, 600], [540, 636], [918, 654], [684, 708], [864, 726]]",,"[[258, 90], [1164, 414]]",,0.47405703973092994,0.3621981659279453
470,4,2,7.802999999999997,,13518,"[954, 270]",False,Left,True,-1.0,False,,False,"[[504, 108], [612, 378], [954, 396], [954, 414], [594, 432], [738, 504], [720, 594], [540, 630], [918, 648], [684, 702], [864, 720]]",,"[[258, 84], [1164, 408]]",,0.473620416595252,0.3626905596167541
471,4,2,7.82000000000005,,13518,"[954, 270]",False,Left,True,-1.0,False,,False,"[[504, 102], [612, 372], [954, 390], [954, 408], [594, 426], [738, 498], [720, 588], [540, 624], [918, 642], [684, 696], [864, 714]]",,"[[258, 78], [1164, 402]]",,0.473620416595252,0.3626905596167541
472,4,2,7.836999999999989,,13518,"[954, 270]",False,Left,True,-1.0,False,,False,"[[504, 96], [612, 366], [954, 384], [954, 402], [594, 420], [738, 492], [720, 582], [540, 618], [918, 636], [684, 690], [864, 708]]",,"[[258, 72], [1164, 396]]",,0.4735703631863896,0.36308200939795887
473,4,2,7.852999999999952,,13518,"[954, 270]",False,Left,True,-1.0,False,,False,"[[504, 90], [612, 360], [954, 378], [954, 396], [594, 414], [738, 486], [720, 576], [540, 612], [918, 630], [684, 684], [864, 702]]",,"[[258, 66], [1164, 390]]",,0.4735703631863896,0.36308200939795887
474,4,2,7.869000000000028,,13518,"[954, 270]",False,Left,True,-1.0,False,,False,"[[504, 84], [612, 354], [954, 372], [954, 390], [594, 408], [738, 480], [720, 570], [540, 606], [918, 624], [684, 678], [864, 696]]",,"[[258, 60], [1164, 384]]",,0.4741477184115054,0.3631141545646852
475,4,2,7.885999999999967,,13518,"[954, 270]",False,Left,True,-1.0,False,,False,"[[504, 78], [612, 348], [954, 366], [954, 384], [594, 402], [738, 474], [720, 564], [540, 600], [918, 618], [684, 672], [864, 690]]",,"[[258, 54], [1164, 378]]",,0.4741477184115054,0.3631141545646852
476,4,2,7.902000000000044,,13518,"[954, 270]",False,Left,True,-1.0,False,,False,"[[504, 72], [612, 342], [954, 360], [954, 378], [594, 396], [738, 468], [720, 558], [540, 594], [918, 612], [684, 666], [864, 684]]",,"[[258, 48], [1164, 372]]",,0.4753756470231096,0.3642964628646054
477,4,2,7.918000000000006,,13518,"[954, 270]",False,Left,True,-1.0,False,,False,"[[504, 66], [612, 336], [954, 354], [954, 372], [594, 390], [738, 462], [720, 552], [540, 588], [918, 606], [684, 660], [864, 678]]",,"[[258, 42], [1164, 366]]",,0.4753756470231096,0.3642964628646054
478,4,2,7.935000000000059,,13518,"[954, 270]",False,Left,True,-1.0,False,,False,"[[504, 60], [612, 330], [954, 348], [954, 366], [594, 384], [738, 456], [720, 546], [540, 582], [918, 600], [684, 654], [864, 672]]",,"[[258, 36], [1164, 360]]",,0.4769525992578115,0.3660258185230313
479,4,2,7.951999999999998,,13518,"[954, 270]",False,Left,True,-1.0,False,,False,"[[504, 54], [612, 324], [954, 342], [954, 360], [594, 378], [738, 450], [720, 540], [540, 576], [918, 594], [684, 648], [864, 666], [468, 810]]",,"[[258, 30], [1164, 354]]",,0.4769525992578115,0.3660258185230313
480,4,2,7.969000000000051,,13518,"[954, 270]",False,Left,True,-1.0,False,,False,"[[504, 48], [612, 318], [954, 336], [954, 354], [594, 372], [738, 444], [720, 534], [540, 570], [918, 588], [684, 642], [864, 660], [468, 804]]",,"[[258, 24], [1164, 348]]",,0.4773077149902655,0.36797048201225946
481,4,2,7.98599999999999,,13518,"[954, 270]",False,Left,True,-1.0,False,,False,"[[504, 42], [612, 312], [954, 330], [954, 348], [594, 366], [738, 438], [720, 528], [540, 564], [918, 582], [684, 636], [864, 654], [468, 798]]",,"[[258, 18], [1164, 342]]",,0.4773077149902655,0.36797048201225946
482,4,2,8.001999999999953,,13518,"[954, 270]",False,Left,True,-1.0,False,,False,"[[504, 36], [612, 306], [954, 324], [954, 342], [594, 360], [738, 432], [720, 522], [540, 558], [918, 576], [684, 630], [864, 648], [468, 792]]",,"[[258, 12], [1164, 336]]",,0.4772451339781261,0.3687857985434546
483,4,2,8.019000000000005,,13518,"[954, 270]",False,Left,True,-1.0,False,,False,"[[504, 30], [612, 300], [954, 318], [954, 336], [594, 354], [738, 426], [720, 516], [540, 552], [918, 570], [684, 624], [864, 642], [468, 786]]",,"[[258, 6], [1164, 330]]",,0.4772451339781261,0.3687857985434546
484,4,2,8.034999999999968,,13518,"[954, 270]",False,Left,True,0.0,False,,False,"[[504, 24], [612, 294], [954, 312], [954, 330], [594, 348], [738, 420], [720, 510], [540, 546], [918, 564], [684, 618], [864, 636], [468, 780]]",,"[[258, 0], [1164, 324]]",,0.8245873289100875,0.03290605913851685
485,4,2,8.052000000000021,,13518,"[954, 270]",False,Left,True,0.0,False,,False,"[[504, 18], [612, 288], [954, 306], [954, 324], [594, 342], [738, 414], [720, 504], [540, 540], [918, 558], [684, 612], [864, 630], [468, 774]]",,"[[1170, 318]]",,0.8245873289100875,0.03290605913851685
486,4,2,8.06899999999996,,13518,"[954, 270]",False,Left,True,0.0,False,,False,"[[510, 12], [618, 282], [960, 300], [960, 318], [600, 336], [744, 408], [726, 498], [546, 534], [924, 552], [690, 606], [870, 624], [474, 768]]",,"[[1176, 312]]",,0.47677148025150007,0.37207218972890344
487,4,2,8.086000000000013,,13518,"[954, 270]",False,Left,True,1.0,False,,False,"[[516, 6], [624, 276], [966, 294], [966, 312], [606, 330], [750, 402], [732, 492], [552, 528], [930, 546], [696, 600], [876, 618], [480, 762]]",,"[[1182, 306]]",,0.47677148025150007,0.37207218972890344
488,4,2,8.102999999999952,,13518,"[954, 270]",True,Left,True,1.0,False,,False,"[[522, 0], [630, 270], [972, 288], [972, 306], [612, 324], [756, 396], [738, 486], [558, 522], [936, 540], [702, 594], [882, 612], [486, 756]]",,"[[1194, 300]]",,0.4779800543524729,0.36588675205205257
489,4,2,9.807000000000016,,13518,"[954, 270]",True,Left,True,1.0,False,,False,"[[642, 264], [984, 282], [984, 300], [624, 318], [768, 390], [750, 480], [570, 516], [948, 534], [714, 588], [894, 606], [498, 750]]",,"[[1194, 300]]",3,0.36307944612464543,-0.3177889388202808
