,trial,attempt,time_played,time_tag,level_size_y,player_pos,collision,current_input,drift_enabled,current_drift,level_done,input_noise_magnitude,input_noise_on,visible_obstacles,adjacent_wall_tiles_x_pos,visible_drift_tiles,SoC,gaze_x,gaze_y
0,1,1,0.0,,13518,"[954, -86]",False,,True,0.0,False,strong,False,[],,[],,0.44911402623291946,0.2820688111911702
1,1,1,0.01700000000005275,,13518,"[954, -82]",False,,True,0.0,False,strong,False,[],,[],,0.44911402623291946,0.2820688111911702
2,1,1,0.033999999999991815,,13518,"[954, -78]",False,,True,0.0,False,strong,False,[],,[],,0.44998783335833137,0.2838514729623435
3,1,1,0.051000000000044565,,13518,"[954, -74]",False,,True,0.0,False,strong,False,[],,[],,0.44984787183620484,0.2836679822181529
4,1,1,0.06799999999998363,,13518,"[954, -70]",False,,True,0.0,False,strong,False,[],,[],,0.4498936985671779,0.28503559815706814
5,1,1,0.08399999999994634,,13518,"[954, -66]",False,,True,0.0,False,strong,False,[],,[],,0.4498936985671779,0.28503559815706814
6,1,1,0.10000000000002274,,13518,"[954, -62]",False,,True,0.0,False,strong,False,[],,[],,0.44880462378657693,0.2830261233793351
7,1,1,0.11599999999998545,,13518,"[954, -58]",False,,True,0.0,False,strong,False,[],,[],,0.44880462378657693,0.2830261233793351
8,1,1,0.1330000000000382,,13518,"[954, -54]",False,,True,0.0,False,strong,False,[],,[],,0.4481619516095797,0.28349508082896113
9,1,1,0.14999999999997726,,13518,"[954, -50]",False,,True,0.0,False,strong,False,[],,[],,0.4481586613498637,0.283027565662064
10,1,1,0.16700000000003,,13518,"[954, -46]",False,,True,0.0,False,strong,False,[],,[],,0.4481856406110472,0.2823927197568278
11,1,1,0.18299999999999272,,13518,"[954, -42]",False,,True,0.0,False,strong,False,[],,[],,0.4481856406110472,0.2823927197568278
12,1,1,0.20000000000004547,,13518,"[954, -38]",False,,True,0.0,False,strong,False,[],,[],,0.44808343992635147,0.2823564220928936
13,1,1,0.21600000000000819,,13518,"[954, -34]",False,,True,0.0,False,strong,False,[],,[],,0.44808343992635147,0.2823564220928936
14,1,1,0.23299999999994725,,13518,"[954, -30]",False,,True,0.0,False,strong,False,[],,[],,0.4480009789009827,0.2831400767079578
15,1,1,0.25,,13518,"[954, -26]",False,,True,0.0,False,strong,False,[],,[],,0.4480833473528113,0.2835556145300153
16,1,1,0.26700000000005275,,13518,"[954, -22]",False,,True,0.0,False,strong,False,[],,[],,0.4473399725232213,0.28296463141122763
17,1,1,0.2839999999999918,,13518,"[954, -18]",False,,True,0.0,False,strong,False,[],,[],,0.4473399725232213,0.28296463141122763
18,1,1,0.30100000000004457,,13518,"[954, -14]",False,,True,0.0,False,strong,False,[],,[],,0.4476452227468098,0.2821578694545541
19,1,1,0.31799999999998363,,13518,"[954, -10]",False,,True,0.0,False,strong,False,[],,[],,0.44764634936423364,0.28138749200035673
20,1,1,0.3350000000000364,,13518,"[954, -6]",False,,True,0.0,False,strong,False,[],,[],,0.4478077196499052,0.2802097631309959
21,1,1,0.35199999999997544,,13518,"[954, -2]",False,,True,0.0,False,strong,False,[],,[],,0.4478077196499052,0.2802097631309959
22,1,1,0.36800000000005184,,13518,"[954, 2]",False,,True,0.0,False,strong,False,[],,[],,0.44780372769553356,0.280477117085037
23,1,1,0.38400000000001455,,13518,"[954, 6]",False,,True,0.0,False,strong,False,[],,[],,0.44780372769553356,0.280477117085037
24,1,1,0.4009999999999536,,13518,"[954, 10]",False,,True,0.0,False,strong,False,[],,[],,0.4480514423295568,0.28367854019822436
25,1,1,0.41700000000003,,13518,"[954, 14]",False,,True,0.0,False,strong,False,[],,[],,0.4480514423295568,0.28367854019822436
26,1,1,0.4329999999999927,,13518,"[954, 18]",False,,True,0.0,False,strong,False,[],,[],,0.4477118709099196,0.2852110007141416
27,1,1,0.4500000000000455,,13518,"[954, 22]",False,,True,0.0,False,strong,False,[],,[],,0.4477118709099196,0.2852110007141416
28,1,1,0.4660000000000082,,13518,"[954, 26]",False,,True,0.0,False,strong,False,[],,[],,0.44919669884903823,0.2878025214542622
29,1,1,0.48299999999994725,,13518,"[954, 30]",False,,True,0.0,False,strong,False,[],,[],,0.44919669884903823,0.2878025214542622
30,1,1,0.5,,13518,"[954, 34]",False,,True,0.0,False,strong,False,[],,[],,0.4492911908034559,0.2888827681204008
31,1,1,0.5159999999999627,,13518,"[954, 38]",False,,True,0.0,False,strong,False,[],,[],,0.4492911908034559,0.2888827681204008
32,1,1,0.5330000000000155,,13518,"[954, 42]",False,,True,0.0,False,strong,False,[],,[],,0.47097734124899115,0.29331802594982737
33,1,1,0.5499999999999545,,13518,"[954, 46]",False,,True,0.0,False,strong,False,[],,[],,0.47097734124899115,0.29331802594982737
34,1,1,0.5660000000000309,,13518,"[954, 50]",False,,True,0.0,False,strong,False,[],,[],,0.47654193683376905,0.30159984293265285
35,1,1,0.5819999999999936,,13518,"[954, 54]",False,,True,0.0,False,strong,False,[],,[],,0.47654193683376905,0.30159984293265285
36,1,1,0.5990000000000464,,13518,"[954, 58]",False,,True,0.0,False,strong,False,[],,[],,0.47786729459804655,0.3037002029268726
37,1,1,0.6150000000000091,,13518,"[954, 62]",False,,True,0.0,False,strong,False,[],,[],,0.47786729459804655,0.3037002029268726
38,1,1,0.6319999999999482,,13518,"[954, 66]",False,,True,0.0,False,strong,False,[],,[],,0.4821393233801744,0.30822982612921634
39,1,1,0.6490000000000009,,13518,"[954, 70]",False,,True,0.0,False,strong,False,[],,[],,0.4824252372951484,0.3083328629630302
40,1,1,0.6660000000000537,,13518,"[954, 74]",False,,True,0.0,False,strong,False,[],,[],,0.48363067057484094,0.30938383559877736
41,1,1,0.6820000000000164,,13518,"[954, 78]",False,,True,0.0,False,strong,False,[],,[],,0.48363067057484094,0.30938383559877736
42,1,1,0.6979999999999791,,13518,"[954, 82]",False,,True,0.0,False,strong,False,[],,[],,0.4819538637436839,0.31023499021335743
43,1,1,0.7139999999999418,,13518,"[954, 86]",False,,True,0.0,False,strong,False,[],,[],,0.4819538637436839,0.31023499021335743
44,1,1,0.7309999999999945,,13518,"[954, 90]",False,,True,0.0,False,strong,False,[],,[],,0.4805219800954516,0.3079177617920794
45,1,1,0.7480000000000473,,13518,"[954, 94]",False,,True,0.0,False,strong,False,[],,[],,0.4805219800954516,0.3079177617920794
46,1,1,0.76400000000001,,13518,"[954, 98]",False,,True,0.0,False,strong,False,[],,[],,0.4804976495676502,0.30784705212217855
47,1,1,0.7809999999999491,,13518,"[954, 102]",False,,True,0.0,False,strong,False,[],,[],,0.4804976495676502,0.30784705212217855
48,1,1,0.7980000000000018,,13518,"[954, 106]",False,,True,0.0,False,strong,False,[],,[],,0.48167887819697386,0.3077603423087182
49,1,1,0.8139999999999645,,13518,"[954, 110]",False,,True,0.0,False,strong,False,[],,[],,0.48167887819697386,0.3077603423087182
50,1,1,0.8310000000000173,,13518,"[954, 114]",False,,True,0.0,False,strong,False,[],,[],,0.5034095538385582,0.29452564586448127
51,1,1,0.84699999999998,,13518,"[954, 118]",False,,True,0.0,False,strong,False,[],,[],,0.5034095538385582,0.29452564586448127
52,1,1,0.8629999999999427,,13518,"[954, 122]",False,,True,0.0,False,strong,False,[],,[],,0.520751214728881,0.2701829364201681
53,1,1,0.8799999999999955,,13518,"[954, 126]",False,,True,0.0,False,strong,False,[],,[],,0.520751214728881,0.2701829364201681
54,1,1,0.8970000000000482,,13518,"[954, 130]",False,,True,0.0,False,strong,False,[],,[],,0.5217367630274238,0.2687655740489243
55,1,1,0.9130000000000109,,13518,"[954, 134]",False,,True,0.0,False,strong,False,[],,[],,0.5217903298488052,0.2687979983013422
56,1,1,0.92999999999995,,13518,"[954, 138]",False,,True,0.0,False,strong,False,[],,[],,0.5248521686125817,0.2637353071325321
57,1,1,0.9460000000000264,,13518,"[954, 142]",False,,True,0.0,False,strong,False,[],,[],,0.5248521686125817,0.2637353071325321
58,1,1,0.9629999999999654,,13518,"[954, 146]",False,,True,0.0,False,strong,False,[],,[],,0.5281757531375009,0.25902214034952986
59,1,1,0.9800000000000182,,13518,"[954, 150]",False,,True,0.0,False,strong,False,[],,[],,0.5281757531375009,0.25902214034952986
60,1,1,0.9969999999999573,,13518,"[954, 154]",False,,True,0.0,False,strong,False,[],,[],,0.526246548333783,0.25671589671831196
61,1,1,1.01400000000001,,13518,"[954, 158]",False,,True,0.0,False,strong,False,[],,[],,0.5243618927424244,0.2591486167109198
62,1,1,1.030999999999949,,13518,"[954, 162]",False,,True,0.0,False,strong,False,[],,[],,0.4846734283595489,0.3467294043943827
63,1,1,1.0470000000000255,,13518,"[954, 166]",False,,True,0.0,False,strong,False,[],,[],,0.4846734283595489,0.3467294043943827
64,1,1,1.0639999999999645,,13518,"[954, 170]",False,,True,0.0,False,strong,False,[],,[],,0.5903220547251392,-0.16570404149455786
65,1,1,1.0810000000000173,,13518,"[954, 174]",False,,True,0.0,False,strong,False,[],,[],,0.5903220547251392,-0.16570404149455786
66,1,1,1.09699999999998,,13518,"[954, 178]",False,,True,0.0,False,strong,False,[],,[],,0.5971726892153381,-0.1610824233643362
67,1,1,1.1129999999999427,,13518,"[954, 182]",False,,True,0.0,False,strong,False,[],,[],,0.5971726892153381,-0.1610824233643362
68,1,1,1.1299999999999955,,13518,"[954, 186]",False,,True,0.0,False,strong,False,[],,[],,0.47025723518601215,0.36682699441122923
69,1,1,1.1470000000000482,,13518,"[954, 190]",False,,True,0.0,False,strong,False,[],,[],,0.47025723518601215,0.36682699441122923
70,1,1,1.1639999999999873,,13518,"[954, 194]",False,,True,0.0,False,strong,False,[],,[],,0.47496711009713594,0.37983516218624236
71,1,1,1.17999999999995,,13518,"[954, 198]",False,,True,0.0,False,strong,False,[],,[],,0.46673440977787894,0.3719128092553189
72,1,1,1.1960000000000264,,13518,"[954, 202]",False,,True,0.0,False,strong,False,[],,[],,0.5873460343225269,-0.2046748059446053
73,1,1,1.2129999999999654,,13518,"[954, 206]",False,,True,0.0,False,strong,False,[],,[],,0.5873460343225269,-0.2046748059446053
74,1,1,1.2300000000000182,,13518,"[954, 210]",False,,True,0.0,False,strong,False,[],,[],,0.47666034280449476,0.3811785479029267
75,1,1,1.245999999999981,,13518,"[954, 214]",False,,True,0.0,False,strong,False,[],,[],,0.47666034280449476,0.3811785479029267
76,1,1,1.2619999999999436,,13518,"[954, 218]",False,,True,0.0,False,strong,False,[],,[],,0.46711281820162975,0.36996254805767015
77,1,1,1.2799999999999727,,13518,"[954, 222]",False,,True,0.0,False,strong,False,[],,[],,0.5983237155818955,-0.1733994399547878
78,1,1,1.2980000000000018,,13518,"[954, 226]",False,,True,0.0,False,strong,False,[],,[],,0.4662859538695375,0.36462389932973005
79,1,1,1.3149999999999409,,13518,"[954, 230]",False,,True,0.0,False,strong,False,[],,[],,0.4662859538695375,0.36462389932973005
80,1,1,1.3319999999999936,,13518,"[954, 234]",False,,True,0.0,False,strong,False,[],,[],,0.46781294910191445,0.3687386481123708
81,1,1,1.3490000000000464,,13518,"[954, 238]",False,,True,0.0,False,strong,False,[],,[],,0.46781294910191445,0.3687386481123708
82,1,1,1.3640000000000327,,13518,"[954, 242]",False,,True,0.0,False,strong,False,[],,[],,0.4747520774396368,0.38162696656387207
83,1,1,1.3809999999999718,,13518,"[954, 246]",False,,True,0.0,False,strong,False,[],,[],,0.4747520774396368,0.38162696656387207
84,1,1,1.3980000000000246,,13518,"[954, 250]",False,,True,0.0,False,strong,False,[],,[],,0.4683330256160311,0.37064043018142345
85,1,1,1.4149999999999636,,13518,"[954, 254]",False,,True,0.0,False,strong,False,[],,[],,0.4683330256160311,0.37064043018142345
86,1,1,1.43100000000004,,13518,"[954, 258]",False,,True,0.0,False,strong,False,[],,[],,0.5885503330840313,-0.17229002967180884
87,1,1,1.447999999999979,,13518,"[954, 262]",False,,True,0.0,False,strong,False,[],,[],,0.5885503330840313,-0.17229002967180884
88,1,1,1.4650000000000318,,13518,"[954, 266]",False,,True,0.0,False,strong,False,[],,[],,0.3982295059207165,-0.10985705642558763
89,1,1,1.481999999999971,,13518,"[954, 270]",False,,True,0.0,False,strong,False,[],,[],,0.3982295059207165,-0.10985705642558763
90,1,1,1.5,,13518,"[954, 270]",False,,True,0.0,False,strong,False,[],,[],,0.5573232543095441,0.3766437399828023
91,1,1,1.5159999999999627,,13518,"[954, 270]",False,,True,0.0,False,strong,False,[],,[],,0.5573232543095441,0.3766437399828023
92,1,1,1.5330000000000155,,13518,"[954, 270]",False,,True,0.0,False,strong,False,[],,[],,0.7407125901993451,-0.04166486416734072
93,1,1,1.5499999999999545,,13518,"[954, 270]",False,,True,0.0,False,strong,False,[],,[],,0.7407125901993451,-0.04166486416734072
94,1,1,1.5670000000000073,,13518,"[954, 270]",False,,True,0.0,False,strong,False,[],,[],,0.17153326506697208,0.477300622739918
95,1,1,1.5839999999999463,,13518,"[954, 270]",False,,True,0.0,False,strong,False,[],,[],,0.17153326506697208,0.477300622739918
96,1,1,1.600999999999999,,13518,"[954, 270]",False,,True,0.0,False,strong,False,[],,[],,0.5949386272243046,-0.24759079326272726
97,1,1,1.6180000000000518,,13518,"[954, 270]",False,,True,0.0,False,strong,False,[],,[],,0.5949386272243046,-0.24759079326272726
98,1,1,1.6340000000000146,,13518,"[954, 270]",False,,True,0.0,False,strong,False,[],,[],,0.525310941828782,0.41907872230813215
99,1,1,1.6509999999999536,,13518,"[954, 270]",False,,True,0.0,False,strong,False,[],,[],,0.525310941828782,0.41907872230813215
100,1,1,1.66700000000003,,13518,"[954, 270]",False,,True,0.0,False,strong,False,[],,[],,0.4959652610193297,0.3851311980260955
101,1,1,1.6829999999999927,,13518,"[954, 270]",False,,True,0.0,False,strong,False,[],,[],,0.4959652610193297,0.3851311980260955
102,1,1,1.7000000000000455,,13518,"[954, 270]",False,,True,0.0,False,strong,False,[],,[],,0.4502612705318583,0.3400735636779447
103,1,1,1.7160000000000082,,13518,"[954, 270]",False,,True,0.0,False,strong,False,[],,[],,0.44984904540720805,0.33935403012880716
104,1,1,1.7329999999999472,,13518,"[954, 270]",False,,True,0.0,False,strong,False,[],,[],,0.44811778754164183,0.33936716233571373
105,1,1,1.75,,13518,"[954, 270]",False,,True,0.0,False,strong,False,[],,[],,0.44758448337347223,0.3393270881169893
106,1,1,1.7670000000000528,,13518,"[954, 270]",False,,True,0.0,False,strong,False,[],,[],,0.4460827260204665,0.3396909828050133
107,1,1,1.7839999999999918,,13518,"[954, 270]",False,,True,0.0,False,strong,False,[],,[],,0.4460827260204665,0.3396909828050133
108,1,1,1.7999999999999545,,13518,"[954, 270]",False,,True,0.0,False,strong,False,[],,[],,0.44570252593187154,0.34459519993294185
109,1,1,1.816000000000031,,13518,"[954, 270]",False,,True,0.0,False,strong,False,[],,[],,0.44570252593187154,0.34459519993294185
110,1,1,1.83299999999997,,13518,"[954, 270]",False,,True,0.0,False,strong,False,[],,[],,0.44626984908815015,0.3488331880993455
111,1,1,1.8500000000000227,,13518,"[954, 270]",False,,True,0.0,False,strong,False,[],,[],,0.4464447986938461,0.34890297861761776
112,1,1,1.8669999999999618,,13518,"[954, 270]",False,,True,0.0,False,strong,False,[],,[],,0.4479972471788825,0.35240148143548355
113,1,1,1.8830000000000382,,13518,"[954, 270]",False,,True,0.0,False,strong,False,[],,[],,0.4481383451493822,0.35266309875671653
114,1,1,1.8999999999999773,,13518,"[954, 270]",False,,True,0.0,False,strong,False,[],,[],,0.44853545866876443,0.35515030855536367
115,1,1,1.91700000000003,,13518,"[954, 270]",False,,True,0.0,False,strong,False,[],,[],,0.44853545866876443,0.35515030855536367
116,1,1,1.933999999999969,,13518,"[954, 270]",False,,True,0.0,False,strong,False,[],,[],,0.43728692595307284,0.3336308195844868
117,1,1,1.9500000000000455,,13518,"[954, 270]",False,,True,0.0,False,strong,False,[],,[],,0.43728692595307284,0.3336308195844868
118,1,1,1.9669999999999845,,13518,"[954, 270]",False,,True,0.0,False,strong,False,[],,[],,0.4371023250742481,0.3322791830406907
119,1,1,1.9840000000000373,,13518,"[954, 270]",False,,True,0.0,False,strong,False,[],,[],,0.4369637842956827,0.33213370438218937
120,1,1,2.0,,13518,"[954, 270]",False,,True,0.0,False,strong,False,[],,[],,0.4371200593631416,0.3307068218458439
121,1,1,2.0159999999999627,,13518,"[954, 270]",False,,True,0.0,False,strong,False,[],,[],,0.5395475061294388,-0.22207482361134323
122,1,1,2.0330000000000155,,13518,"[954, 270]",False,,True,0.0,False,strong,False,[],,[],,0.4385348427848088,0.3366383495599057
123,1,1,2.0499999999999545,,13518,"[954, 270]",False,,True,0.0,False,strong,False,[],,[],,0.43866298371788126,0.3379252280918349
124,1,1,2.0670000000000073,,13518,"[954, 270]",False,,True,0.0,False,strong,False,[],,[],,0.43826771162570183,0.33853420579943083
125,1,1,2.0839999999999463,,13518,"[954, 270]",False,,True,0.0,False,strong,False,[],,[],,0.4378746438322854,0.33927625678619044
126,1,1,2.100999999999999,,13518,"[954, 270]",False,,True,0.0,False,strong,False,[],,[],,0.4382981751934033,0.3405308223659116
127,1,1,2.118000000000052,,13518,"[954, 270]",False,,True,0.0,False,strong,False,[],,[],,0.4382981751934033,0.3405308223659116
128,1,1,2.1340000000000146,,13518,"[954, 270]",False,,True,0.0,False,strong,False,[],,[],,0.4379655964981414,0.3405355478153932
129,1,1,2.1499999999999773,,13518,"[954, 270]",False,,True,0.0,False,strong,False,[],,[],,0.5547195622789007,-0.1956631712022625
130,1,1,2.16700000000003,,13518,"[954, 270]",False,,True,0.0,False,strong,False,[],,[],,0.43673139153541,0.3431133021376993
131,1,1,2.183999999999969,,13518,"[954, 270]",False,,True,0.0,False,strong,False,[],,[],,0.43673139153541,0.3431133021376993
132,1,1,2.2000000000000455,,13518,"[954, 270]",False,,True,0.0,False,strong,False,[],,[],,0.43687056037234145,0.34765524466363396
133,1,1,2.216000000000008,,13518,"[954, 270]",False,,True,0.0,False,strong,False,[],,[],,0.43687056037234145,0.34765524466363396
134,1,1,2.2329999999999472,,13518,"[954, 270]",False,,True,0.0,False,strong,False,[],,[],,0.43771138206571586,0.35009778594581986
135,1,1,2.25,,13518,"[954, 270]",False,,True,0.0,False,strong,False,[],,[],,0.43810057753507314,0.35223647099730426
136,1,1,2.2659999999999627,,13518,"[954, 270]",False,,True,0.0,False,strong,False,[],,[],,0.43729344278765236,0.3535252327431092
137,1,1,2.2830000000000155,,13518,"[954, 270]",False,,True,0.0,False,strong,False,[],,[],,0.43705798605283974,0.3537330050089019
138,1,1,2.2999999999999545,,13518,"[954, 270]",False,,True,0.0,False,strong,False,[],,[],,0.43707460276300714,0.35551521719398904
139,1,1,2.3170000000000073,,13518,"[954, 270]",False,,True,0.0,False,strong,False,[],,[],,0.4370440876212374,0.3555619582747528
140,1,1,2.3339999999999463,,13518,"[954, 270]",False,,True,0.0,False,strong,False,[],,[],,0.4368088066084129,0.3575146186336663
141,1,1,2.350999999999999,,13518,"[954, 270]",False,,True,0.0,False,strong,False,[],,[],,0.43719490355984636,0.3585494392255969
142,1,1,2.368000000000052,,13518,"[954, 270]",False,,True,0.0,False,strong,False,[],,[],,0.4383760100615922,0.3616180389972281
143,1,1,2.3840000000000146,,13518,"[954, 270]",False,,True,0.0,False,strong,False,[],,[],,0.4383760100615922,0.3616180389972281
144,1,1,2.4009999999999536,,13518,"[954, 270]",False,,True,0.0,False,strong,False,[],,[],,0.43961598597232754,0.36410612978629264
145,1,1,2.41700000000003,,13518,"[954, 270]",False,,True,0.0,False,strong,False,[],,[],,0.4405420717643288,0.36520460145743483
146,1,1,2.433999999999969,,13518,"[954, 270]",False,,True,0.0,False,strong,False,[],,[],,0.4414550102523777,0.3660762639631664
147,1,1,2.451000000000022,,13518,"[954, 270]",False,,True,0.0,False,strong,False,[],,[],,0.4414550102523777,0.3660762639631664
148,1,1,2.4669999999999845,,13518,"[954, 270]",False,,True,0.0,False,strong,False,[],,[],,0.44208177840431795,0.3685014037406322
149,1,1,2.4840000000000373,,13518,"[954, 270]",False,,True,0.0,False,strong,False,[],,[],,0.4426719766021012,0.3696576573281105
150,1,1,2.5009999999999764,,13518,"[954, 270]",False,,True,0.0,False,strong,False,[],,[],,0.4429710669973407,0.37215653709141117
151,1,1,2.5170000000000528,,13518,"[954, 270]",False,,True,0.0,False,strong,False,[],,[],,0.44291690039347775,0.3736647143628229
152,1,1,2.5330000000000155,,13518,"[954, 270]",False,,True,0.0,False,strong,False,[],,[],,0.4419003862648423,0.37497711188352223
153,1,1,2.548999999999978,,13518,"[954, 270]",False,,True,0.0,False,strong,False,[],,[],,0.44145701769103096,0.37682141107133316
154,1,1,2.566000000000031,,13518,"[954, 270]",False,,True,0.0,False,strong,False,[],,[],,0.44060286313912334,0.37769174688766916
155,1,1,2.58299999999997,,13518,"[954, 270]",False,,True,0.0,False,strong,False,"[[1206, 810]]",,[],,0.44064934729771077,0.37870063939562826
156,1,1,2.6000000000000227,,13518,"[954, 270]",False,,True,0.0,False,strong,False,"[[1206, 804]]",,[],,0.44093509533850017,0.3794668816603942
157,1,1,2.616999999999962,,13518,"[954, 270]",False,,True,0.0,False,strong,False,"[[1206, 798]]",,[],,0.4416064814181591,0.38164243264763287
158,1,1,2.6340000000000146,,13518,"[954, 270]",False,,True,0.0,False,strong,False,"[[1206, 792]]",,[],,0.44271239264519247,0.38345401988149885
159,1,1,2.6499999999999773,,13518,"[954, 270]",False,,True,0.0,False,strong,False,"[[1206, 786]]",,[],,0.44271239264519247,0.38345401988149885
160,1,1,2.66700000000003,,13518,"[954, 270]",False,,True,0.0,False,strong,False,"[[1206, 780]]",,[],,0.4426808466329928,0.3825868024707417
161,1,1,2.683999999999969,,13518,"[954, 270]",False,,True,0.0,False,strong,False,"[[1206, 774]]",,[],,0.5020253860292911,-0.2263635177491541
162,1,1,2.701000000000022,,13518,"[954, 270]",False,,True,0.0,False,strong,False,"[[1206, 768]]",,[],,0.4343477271757303,0.34915553338089567
163,1,1,2.7169999999999845,,13518,"[954, 270]",False,,True,0.0,False,strong,False,"[[1206, 762]]",,[],,0.43427928478310135,0.34923360258883207
164,1,1,2.7340000000000373,,13518,"[954, 270]",False,,True,0.0,False,strong,False,"[[1206, 756]]",,[],,0.4331964805855364,0.34771976244735514
165,1,1,2.7509999999999764,,13518,"[954, 270]",False,,True,0.0,False,strong,False,"[[1206, 750]]",,[],,0.4325455704114841,0.3474917298418362
166,1,1,2.7670000000000528,,13518,"[954, 270]",False,,True,0.0,False,strong,False,"[[1206, 744]]",,[],,0.4323300199624221,0.3464175238418389
167,1,1,2.783999999999992,,13518,"[954, 270]",False,,True,0.0,False,strong,False,"[[1206, 738], [1062, 810]]",,[],,0.4322323380222956,0.3482058365308558
168,1,1,2.7999999999999545,,13518,"[954, 270]",False,,True,0.0,False,strong,False,"[[1206, 732], [1062, 804]]",,[],,0.4322745417011734,0.3488030855598101
169,1,1,2.8170000000000073,,13518,"[954, 270]",False,,True,0.0,False,strong,False,"[[1206, 726], [1062, 798]]",,[],,0.4319542833613337,0.35033363195457323
170,1,1,2.8339999999999463,,13518,"[954, 270]",False,,True,0.0,False,strong,False,"[[1206, 720], [1062, 792]]",,[],,0.43183894629191394,0.3520623376475055
171,1,1,2.850999999999999,,13518,"[954, 270]",False,,True,0.0,False,strong,False,"[[1206, 714], [1062, 786]]",,[],,0.43155887330643494,0.3524016347778267
172,1,1,2.866999999999962,,13518,"[954, 270]",False,,True,0.0,False,strong,False,"[[1206, 708], [1062, 780]]",,[],,0.4309318700110585,0.3524571856042219
173,1,1,2.883000000000038,,13518,"[954, 270]",False,,True,0.0,False,strong,False,"[[1206, 702], [1062, 774]]",,[],,0.4299237462916971,0.3527280354940373
174,1,1,2.8999999999999773,,13518,"[954, 270]",False,,True,0.0,False,strong,False,"[[1206, 696], [1062, 768]]",,[],,0.42947764508900643,0.35199292841129204
175,1,1,2.9160000000000537,,13518,"[954, 270]",False,,True,0.0,False,strong,False,"[[1206, 690], [1062, 762]]",,[],,0.4296484994761072,0.3535302440544561
176,1,1,2.9329999999999927,,13518,"[954, 270]",False,,True,0.0,False,strong,False,"[[1206, 684], [1062, 756]]",,[],,0.4296484994761072,0.3535302440544561
177,1,1,2.9500000000000455,,13518,"[954, 270]",False,,True,0.0,False,strong,False,"[[1206, 678], [1062, 750]]",,[],,0.44696717353093085,0.3288705129498971
178,1,1,2.9669999999999845,,13518,"[954, 270]",False,,True,0.0,False,strong,False,"[[1206, 672], [1062, 744]]",,[],,0.44750095575839355,0.3294050713389274
179,1,1,2.9829999999999472,,13518,"[954, 270]",False,,True,0.0,False,strong,False,"[[1206, 666], [1062, 738]]",,[],,0.44843634003476385,0.3305195695030543
180,1,1,3.0,,13518,"[954, 270]",False,,True,0.0,False,strong,False,"[[1206, 660], [1062, 732]]",,[],,0.4491019294353074,0.33245899575075677
181,1,1,3.0159999999999627,,13518,"[954, 270]",False,,True,0.0,False,strong,False,"[[1206, 654], [1062, 726]]",,[],,0.4499159090269753,0.33334718695033727
182,1,1,3.0330000000000155,,13518,"[954, 270]",False,,True,0.0,False,strong,False,"[[1206, 648], [1062, 720], [1188, 810]]",,[],,0.4499620031280093,0.3335147827100511
183,1,1,3.0499999999999545,,13518,"[954, 270]",False,,True,0.0,False,strong,False,"[[1206, 642], [1062, 714], [1188, 804]]",,[],,0.44950197970086075,0.3399249233050601
184,1,1,3.0670000000000073,,13518,"[954, 270]",False,,True,0.0,False,strong,False,"[[1206, 636], [1062, 708], [1188, 798]]",,[],,0.4493511561500827,0.3413449193086383
185,1,1,3.08299999999997,,13518,"[954, 270]",False,,True,0.0,False,strong,False,"[[1206, 630], [1062, 702], [1188, 792]]",,[],,0.4491865386617649,0.34358164865315055
186,1,1,3.1000000000000227,,13518,"[954, 270]",False,,True,0.0,False,strong,False,"[[1206, 624], [1062, 696], [1188, 786]]",,[],,0.4482967288712568,0.3434548357714603
187,1,1,3.1159999999999854,,13518,"[954, 270]",False,,True,0.0,False,strong,False,"[[1206, 618], [1062, 690], [1188, 780]]",,[],,0.4480106224959755,0.34374822857850906
188,1,1,3.1340000000000146,,13518,"[954, 270]",False,,True,0.0,False,strong,False,"[[1206, 612], [1062, 684], [1188, 774]]",,[],,0.4478851469873405,0.34397634001328636
189,1,1,3.1499999999999773,,13518,"[954, 270]",False,,True,0.0,False,strong,False,"[[1206, 606], [1062, 678], [1188, 768]]",,[],,0.4399682144629815,0.34853208838006255
190,1,1,3.16700000000003,,13518,"[954, 270]",False,,True,0.0,False,strong,False,"[[1206, 600], [1062, 672], [1188, 762]]",,[],,0.43241806376025826,0.34650391375238265
191,1,1,3.183999999999969,,13518,"[954, 270]",False,,True,0.0,False,strong,False,"[[1206, 594], [1062, 666], [1188, 756]]",,[],,0.4285462001408365,0.3441418685163333
192,1,1,3.2000000000000455,,13518,"[954, 270]",False,,True,0.0,False,strong,False,"[[1206, 588], [1062, 660], [1188, 750]]",,[],,0.4285462001408365,0.3441418685163333
193,1,1,3.2169999999999845,,13518,"[954, 270]",False,,True,0.0,False,strong,False,"[[1206, 582], [1062, 654], [1188, 744]]",,[],,0.42846855773139836,0.345976347961201
194,1,1,3.2329999999999472,,13518,"[954, 270]",False,,True,0.0,False,strong,False,"[[1206, 576], [1062, 648], [1188, 738]]",,[],,0.42803510754961405,0.3455158207041926
195,1,1,3.2490000000000236,,13518,"[954, 270]",False,,True,0.0,False,strong,False,"[[1206, 570], [1062, 642], [1188, 732]]",,[],,0.4259969467955219,0.34634704406738515
196,1,1,3.2659999999999627,,13518,"[954, 270]",False,,True,0.0,False,strong,False,"[[1206, 564], [1062, 636], [1188, 726]]",,[],,0.42580613983131066,0.3455103299010128
197,1,1,3.280999999999949,,13518,"[954, 270]",False,,True,0.0,False,strong,False,"[[1206, 558], [1062, 630], [1188, 720]]",,[],,0.42645826022283184,0.34696397719589167
198,1,1,3.298000000000002,,13518,"[954, 270]",False,,True,0.0,False,strong,False,"[[1206, 552], [1062, 624], [1188, 714]]",,[],,0.42645826022283184,0.34696397719589167
199,1,1,3.314999999999941,,13518,"[954, 270]",False,,True,0.0,False,strong,False,"[[1206, 546], [1062, 618], [1188, 708]]",,[],,0.4271549200597837,0.34953460695243943
200,1,1,3.3310000000000173,,13518,"[954, 270]",False,,True,0.0,False,strong,False,"[[1206, 540], [1062, 612], [1188, 702]]",,[],,0.4271549200597837,0.34953460695243943
201,1,1,3.3479999999999563,,13518,"[954, 270]",False,,True,0.0,False,strong,False,"[[1206, 534], [1062, 606], [1188, 696]]",,[],,0.42825891629695845,0.3513404004527416
202,1,1,3.365000000000009,,13518,"[954, 270]",False,,True,0.0,False,strong,False,"[[1206, 528], [1062, 600], [1188, 690]]",,[],,0.42825891629695845,0.3513404004527416
203,1,1,3.380999999999972,,13518,"[954, 270]",False,,True,0.0,False,strong,False,"[[1206, 522], [1062, 594], [1188, 684]]",,[],,0.4280162465344482,0.35371586932905486
204,1,1,3.3980000000000246,,13518,"[954, 270]",False,,True,0.0,False,strong,False,"[[1206, 516], [1062, 588], [1188, 678]]",,[],,0.4280162465344482,0.35371586932905486
205,1,1,3.4149999999999636,,13518,"[954, 270]",False,,True,0.0,False,strong,False,"[[1206, 510], [1062, 582], [1188, 672]]",,[],,0.42704701751696283,0.3587842961656533
206,1,1,3.43100000000004,,13518,"[954, 270]",False,,True,0.0,False,strong,False,"[[1206, 504], [1062, 576], [1188, 666]]",,[],,0.42704701751696283,0.3587842961656533
207,1,1,3.4470000000000027,,13518,"[954, 270]",False,,True,0.0,False,strong,False,"[[1206, 498], [1062, 570], [1188, 660]]",,[],,0.42580559760530734,0.35985515058996165
208,1,1,3.4629999999999654,,13518,"[954, 270]",False,,True,0.0,False,strong,False,"[[1206, 492], [1062, 564], [1188, 654]]",,[],,0.42580559760530734,0.35985515058996165
209,1,1,3.480000000000018,,13518,"[954, 270]",False,,True,0.0,False,strong,False,"[[1206, 486], [1062, 558], [1188, 648]]",,[],,0.42608916247521555,0.36239833342211625
210,1,1,3.4969999999999573,,13518,"[954, 270]",False,,True,0.0,False,strong,False,"[[1206, 480], [1062, 552], [1188, 642]]",,[],,0.42608916247521555,0.36239833342211625
211,1,1,3.51400000000001,,13518,"[954, 270]",False,,True,0.0,False,strong,False,"[[1206, 474], [1062, 546], [1188, 636]]",,[],,0.4277221357043198,0.36287902385477955
212,1,1,3.530999999999949,,13518,"[954, 270]",False,,True,0.0,False,strong,False,"[[1206, 468], [1062, 540], [1188, 630], [954, 810], [1152, 810]]",,[],,0.4277221357043198,0.36287902385477955
213,1,1,3.5470000000000255,,13518,"[954, 270]",False,,True,0.0,False,strong,False,"[[1206, 462], [1062, 534], [1188, 624], [954, 804], [1152, 804]]",,[],,0.4294189194003497,0.36422241520031506
214,1,1,3.562999999999988,,13518,"[954, 270]",False,,True,0.0,False,strong,False,"[[1206, 456], [1062, 528], [1188, 618], [954, 798], [1152, 798]]",,[],,0.4294189194003497,0.36422241520031506
215,1,1,3.580000000000041,,13518,"[954, 270]",False,,True,0.0,False,strong,False,"[[1206, 450], [1062, 522], [1188, 612], [954, 792], [1152, 792]]",,[],,0.43052450455757507,0.3443209792293572
216,1,1,3.59699999999998,,13518,"[954, 270]",False,,True,0.0,False,strong,False,"[[1206, 444], [1062, 516], [1188, 606], [954, 786], [1152, 786]]",,[],,0.43052450455757507,0.3443209792293572
217,1,1,3.6140000000000327,,13518,"[954, 270]",False,,True,0.0,False,strong,False,"[[1206, 438], [1062, 510], [1188, 600], [954, 780], [1152, 780]]",,[],,0.4294129678687743,0.33869091433177745
218,1,1,3.630999999999972,,13518,"[954, 270]",False,,True,0.0,False,strong,False,"[[1206, 432], [1062, 504], [1188, 594], [954, 774], [1152, 774]]",,[],,0.4294129678687743,0.33869091433177745
219,1,1,3.647000000000048,,13518,"[954, 270]",False,,True,0.0,False,strong,False,"[[1206, 426], [1062, 498], [1188, 588], [954, 768], [1152, 768]]",,[],,0.42814642765048305,0.3389536365529138
220,1,1,3.6639999999999873,,13518,"[954, 270]",False,,True,0.0,False,strong,False,"[[1206, 420], [1062, 492], [1188, 582], [954, 762], [1152, 762]]",,[],,0.42814642765048305,0.3389536365529138
221,1,1,3.68100000000004,,13518,"[954, 270]",False,,True,0.0,False,strong,False,"[[1206, 414], [1062, 486], [1188, 576], [954, 756], [1152, 756]]",,[],,0.42860842429458434,0.3419767485516949
222,1,1,3.6970000000000027,,13518,"[954, 270]",False,,True,0.0,False,strong,False,"[[1206, 408], [1062, 480], [1188, 570], [954, 750], [1152, 750]]",,[],,0.42860842429458434,0.3419767485516949
223,1,1,3.713999999999942,,13518,"[954, 270]",False,,True,0.0,False,strong,False,"[[1206, 402], [1062, 474], [1188, 564], [954, 744], [1152, 744]]",,[],,0.4279680701512252,0.34543435799458255
224,1,1,3.730000000000018,,13518,"[954, 270]",False,,True,0.0,False,strong,False,"[[1206, 396], [1062, 468], [1188, 558], [954, 738], [1152, 738]]",,[],,0.4279680701512252,0.34543435799458255
225,1,1,3.745999999999981,,13518,"[954, 270]",False,,True,0.0,False,strong,False,"[[1206, 390], [1062, 462], [1188, 552], [954, 732], [1152, 732]]",,[],,0.42621333029210867,0.3463373518041497
226,1,1,3.7630000000000337,,13518,"[954, 270]",False,,True,0.0,False,strong,False,"[[1206, 384], [1062, 456], [1188, 546], [954, 726], [1152, 726]]",,[],,0.42621333029210867,0.3463373518041497
227,1,1,3.7799999999999727,,13518,"[954, 270]",False,,True,0.0,False,strong,False,"[[1206, 378], [1062, 450], [1188, 540], [954, 720], [1152, 720]]",,[],,0.4276604763179523,0.3482770339550151
228,1,1,3.796000000000049,,13518,"[954, 270]",False,,True,0.0,False,strong,False,"[[1206, 372], [1062, 444], [1188, 534], [954, 714], [1152, 714]]",,[],,0.4276604763179523,0.3482770339550151
229,1,1,3.812999999999988,,13518,"[954, 270]",False,,True,0.0,False,strong,False,"[[1206, 366], [1062, 438], [1188, 528], [954, 708], [1152, 708]]",,[],,0.42864978393172476,0.3497858839577075
230,1,1,3.830000000000041,,13518,"[954, 270]",False,,True,0.0,False,strong,False,"[[1206, 360], [1062, 432], [1188, 522], [954, 702], [1152, 702]]",,[],,0.42864978393172476,0.3497858839577075
231,1,1,3.84699999999998,,13518,"[954, 270]",False,,True,0.0,False,strong,False,"[[1206, 354], [1062, 426], [1188, 516], [954, 696], [1152, 696]]",,[],,0.43045520796009085,0.3533158368922408
232,1,1,3.8640000000000327,,13518,"[954, 270]",False,,True,0.0,False,strong,False,"[[1206, 348], [1062, 420], [1188, 510], [954, 690], [1152, 690]]",,[],,0.43045520796009085,0.3533158368922408
233,1,1,3.880999999999972,,13518,"[954, 270]",False,,True,0.0,False,strong,False,"[[1206, 342], [1062, 414], [1188, 504], [954, 684], [1152, 684]]",,[],,0.4305073878595064,0.35393724211176203
234,1,1,3.8980000000000246,,13518,"[954, 270]",False,,True,0.0,False,strong,False,"[[1206, 336], [1062, 408], [1188, 498], [954, 678], [1152, 678]]",,[],,0.4305073878595064,0.35393724211176203
235,1,1,3.9149999999999636,,13518,"[954, 270]",False,,True,0.0,False,strong,False,"[[1206, 330], [1062, 402], [1188, 492], [954, 672], [1152, 672]]",,[],,0.4240995244436463,0.3389395432001101
236,1,1,3.93100000000004,,13518,"[954, 270]",False,,True,0.0,False,strong,False,"[[1206, 324], [1062, 396], [1188, 486], [954, 666], [1152, 666]]",,[],,0.4240995244436463,0.3389395432001101
237,1,1,3.947999999999979,,13518,"[954, 270]",False,,True,0.0,False,strong,False,"[[1206, 318], [1062, 390], [1188, 480], [954, 660], [1152, 660]]",,[],,0.4222131096347012,0.33729054804449876
238,1,1,3.965000000000032,,13518,"[954, 270]",False,,True,0.0,False,strong,False,"[[1206, 312], [1062, 384], [1188, 474], [954, 654], [1152, 654]]",,[],,0.4222131096347012,0.33729054804449876
239,1,1,3.9809999999999945,,13518,"[954, 270]",False,,True,0.0,False,strong,False,"[[1206, 306], [1062, 378], [1188, 468], [954, 648], [1152, 648]]",,[],,0.42108795865002707,0.3371905049578249
240,1,1,3.9980000000000473,,13518,"[954, 270]",False,Left,True,0.0,False,strong,False,"[[1206, 300], [1062, 372], [1188, 462], [954, 642], [1152, 642]]",,[],,0.42108795865002707,0.3371905049578249
241,1,1,4.015999999999963,,13518,"[954, 270]",False,Left,True,0.0,False,strong,False,"[[1212, 294], [1068, 366], [1194, 456], [960, 636], [1158, 636]]",,[],,0.42095799720931915,0.3415234697811982
242,1,1,4.032000000000039,,13518,"[954, 270]",False,Left,True,0.0,False,strong,False,"[[1218, 288], [1074, 360], [1200, 450], [966, 630], [1164, 630]]",,[],,0.42095799720931915,0.3415234697811982
243,1,1,4.048000000000002,,13518,"[954, 270]",False,Left,True,0.0,False,strong,False,"[[1224, 282], [1080, 354], [1206, 444], [972, 624], [1170, 624]]",,[],,0.4221331653069438,0.34569882822107456
244,1,1,4.064999999999941,,13518,"[954, 270]",False,Left,True,0.0,False,strong,False,"[[1230, 276], [1086, 348], [1212, 438], [978, 618], [1176, 618]]",,[],,0.4221331653069438,0.34569882822107456
245,1,1,4.081999999999994,,13518,"[954, 270]",False,Left,True,0.0,False,strong,False,"[[1236, 270], [1092, 342], [1218, 432], [984, 612], [1182, 612], [948, 810]]",,[],,0.4225852676916208,0.34805908985275313
246,1,1,4.100000000000023,,13518,"[954, 270]",False,Left,True,0.0,False,strong,False,"[[1242, 264], [1098, 336], [1224, 426], [990, 606], [1188, 606], [954, 804]]",,[],,0.4225852676916208,0.34805908985275313
247,1,1,4.1159999999999854,,13518,"[954, 270]",False,Left,True,0.0,False,strong,False,"[[1248, 258], [1104, 330], [1230, 420], [996, 600], [1194, 600], [960, 798]]",,[],,0.44840584385722215,0.3036219325451056
248,1,1,4.133000000000038,,13518,"[954, 270]",False,Left,True,0.0,False,strong,False,"[[1254, 252], [1110, 324], [1236, 414], [1002, 594], [1200, 594], [966, 792]]",,[],,0.44840584385722215,0.3036219325451056
249,1,1,4.149999999999977,,13518,"[954, 270]",False,Left,True,0.0,False,strong,False,"[[1260, 246], [1116, 318], [1242, 408], [1008, 588], [1206, 588], [972, 786]]",,[],,0.42254253025202243,0.35173351198559744
250,1,1,4.16700000000003,,13518,"[954, 270]",False,Left,True,0.0,False,strong,False,"[[1266, 240], [1122, 312], [1248, 402], [1014, 582], [1212, 582], [978, 780]]",,[],,0.42254253025202243,0.35173351198559744
251,1,1,4.183999999999969,,13518,"[954, 270]",False,Left,True,0.0,False,strong,False,"[[1272, 234], [1128, 306], [1254, 396], [1020, 576], [1218, 576], [984, 774]]",,[],,0.4235283934284625,0.353777658600962
252,1,1,4.201000000000022,,13518,"[954, 270]",False,,True,0.0,False,strong,False,"[[1278, 228], [1134, 300], [1260, 390], [1026, 570], [1224, 570], [990, 768]]",,[],,0.4235283934284625,0.353777658600962
253,1,1,4.2169999999999845,,13518,"[954, 270]",False,,True,0.0,False,strong,False,"[[1278, 222], [1134, 294], [1260, 384], [1026, 564], [1224, 564], [990, 762]]",,[],,0.42558115542228414,0.35891046638947044
254,1,1,4.234000000000037,,13518,"[954, 270]",False,,True,0.0,False,strong,False,"[[1278, 216], [1134, 288], [1260, 378], [1026, 558], [1224, 558], [990, 756]]",,[],,0.42558115542228414,0.35891046638947044
255,1,1,4.250999999999976,,13518,"[954, 270]",False,,True,0.0,False,strong,False,"[[1278, 210], [1134, 282], [1260, 372], [1026, 552], [1224, 552], [990, 750]]",,[],,0.42579414676381555,0.3626584672128944
256,1,1,4.267000000000053,,13518,"[954, 270]",False,,True,0.0,False,strong,False,"[[1278, 204], [1134, 276], [1260, 366], [1026, 546], [1224, 546], [990, 744]]",,[],,0.42579414676381555,0.3626584672128944
257,1,1,4.2830000000000155,,13518,"[954, 270]",False,,True,0.0,False,strong,False,"[[1278, 198], [1134, 270], [1260, 360], [1026, 540], [1224, 540], [990, 738]]",,[],,0.4256656700518941,0.3663101803152421
258,1,1,4.2999999999999545,,13518,"[954, 270]",False,,True,0.0,False,strong,False,"[[1278, 192], [1134, 264], [1260, 354], [1026, 534], [1224, 534], [990, 732]]",,[],,0.4256656700518941,0.3663101803152421
259,1,1,4.316000000000031,,13518,"[954, 270]",False,,True,0.0,False,strong,False,"[[1278, 186], [1134, 258], [1260, 348], [1026, 528], [1224, 528], [990, 726]]",,[],,0.4257466343156036,0.3693745440043078
260,1,1,4.33299999999997,,13518,"[954, 270]",False,,True,0.0,False,strong,False,"[[1278, 180], [1134, 252], [1260, 342], [1026, 522], [1224, 522], [990, 720]]",,[],,0.4257466343156036,0.3693745440043078
261,1,1,4.350000000000023,,13518,"[954, 270]",False,Left,True,0.0,False,strong,False,"[[1278, 174], [1134, 246], [1260, 336], [1026, 516], [1224, 516], [990, 714]]",,[],,0.4268323497603025,0.373187825396308
262,1,1,4.366999999999962,,13518,"[954, 270]",False,Left,True,0.0,False,strong,False,"[[1284, 168], [1140, 240], [1266, 330], [1032, 510], [1230, 510], [996, 708]]",,[],,0.4268323497603025,0.373187825396308
263,1,1,4.3840000000000146,,13518,"[954, 270]",False,Left,True,0.0,False,strong,False,"[[1290, 162], [1146, 234], [1272, 324], [1038, 504], [1236, 504], [1002, 702]]",,[],,0.42744764070465,0.37723582380399134
264,1,1,4.399999999999977,,13518,"[954, 270]",False,Left,True,0.0,False,strong,False,"[[1296, 156], [1152, 228], [1278, 318], [1044, 498], [1242, 498], [1008, 696]]",,[],,0.42744764070465,0.37723582380399134
265,1,1,4.416000000000054,,13518,"[954, 270]",False,Left,True,0.0,False,strong,False,"[[1302, 150], [1158, 222], [1284, 312], [1050, 492], [1248, 492], [1014, 690]]",,[],,0.42645753498308964,0.36738138703902434
266,1,1,4.432999999999993,,13518,"[954, 270]",False,Left,True,0.0,False,strong,False,"[[1308, 144], [1164, 216], [1290, 306], [1056, 486], [1254, 486], [1020, 684]]",,[],,0.42645753498308964,0.36738138703902434
267,1,1,4.4500000000000455,,13518,"[954, 270]",False,Left,True,0.0,False,strong,False,"[[1314, 138], [1170, 210], [1296, 300], [1062, 480], [1260, 480], [1026, 678]]",,[],,0.4247833426675653,0.35156845712595286
268,1,1,4.466000000000008,,13518,"[954, 270]",False,Left,True,0.0,False,strong,False,"[[1320, 132], [1176, 204], [1302, 294], [1068, 474], [1266, 474], [1032, 672]]",,"[[1536, 810]]",,0.4249574401054136,0.350780948669158
269,1,1,4.484000000000037,,13518,"[954, 270]",False,Left,True,0.0,False,strong,False,"[[1326, 126], [1182, 198], [1308, 288], [1074, 468], [1272, 468], [1038, 666]]",,"[[1542, 804]]",,0.4256455513028305,0.35114600629540516
270,1,1,4.501999999999953,,13518,"[954, 270]",False,,True,0.0,False,strong,False,"[[1332, 120], [1188, 192], [1314, 282], [1080, 462], [1278, 462], [1044, 660]]",,"[[1542, 798]]",,0.4256455513028305,0.35114600629540516
271,1,1,4.517000000000053,,13518,"[954, 270]",False,,True,0.0,False,strong,False,"[[1332, 114], [1188, 186], [1314, 276], [1080, 456], [1278, 456], [1044, 654]]",,"[[1542, 792]]",,0.4263245561867688,0.3511135506812899
272,1,1,4.5330000000000155,,13518,"[954, 270]",False,,True,0.0,False,strong,False,"[[1332, 108], [1188, 180], [1314, 270], [1080, 450], [1278, 450], [1044, 648]]",,"[[1542, 786]]",,0.4263245561867688,0.3511135506812899
273,1,1,4.5499999999999545,,13518,"[954, 270]",False,,True,0.0,False,strong,False,"[[1332, 102], [1188, 174], [1314, 264], [1080, 444], [1278, 444], [1044, 642]]",,"[[1542, 780]]",,0.4270387339013035,0.35269792260825406
274,1,1,4.567000000000007,,13518,"[954, 270]",False,,True,0.0,False,strong,False,"[[1332, 96], [1188, 168], [1314, 258], [1080, 438], [1278, 438], [1044, 636]]",,"[[1542, 774]]",,0.4270387339013035,0.35269792260825406
275,1,1,4.58299999999997,,13518,"[954, 270]",False,,True,0.0,False,strong,False,"[[1332, 90], [1188, 162], [1314, 252], [1080, 432], [1278, 432], [1044, 630]]",,"[[1542, 768]]",,0.4290633790948183,0.35651483151245145
276,1,1,4.600000000000023,,13518,"[954, 270]",False,,True,0.0,False,strong,False,"[[1332, 84], [1188, 156], [1314, 246], [1080, 426], [1278, 426], [1044, 624]]",,"[[1542, 762]]",,0.4290633790948183,0.35651483151245145
277,1,1,4.6159999999999854,,13518,"[954, 270]",False,,True,0.0,False,strong,False,"[[1332, 78], [1188, 150], [1314, 240], [1080, 420], [1278, 420], [1044, 618]]",,"[[1542, 756]]",,0.43028607942902414,0.360414922490382
278,1,1,4.6340000000000146,,13518,"[954, 270]",False,Left,True,0.0,False,strong,False,"[[1332, 72], [1188, 144], [1314, 234], [1080, 414], [1278, 414], [1044, 612]]",,"[[1548, 750]]",,0.43028607942902414,0.360414922490382
279,1,1,4.649000000000001,,13518,"[954, 270]",False,Left,True,0.0,False,strong,False,"[[1338, 66], [1194, 138], [1320, 228], [1086, 408], [1284, 408], [1050, 606]]",,"[[1554, 744]]",,0.43050147008368134,0.3649017022915556
280,1,1,4.664999999999964,,13518,"[954, 270]",False,Left,True,0.0,False,strong,False,"[[1344, 60], [1200, 132], [1326, 222], [1092, 402], [1290, 402], [1056, 600]]",,"[[1560, 738]]",,0.43050147008368134,0.3649017022915556
281,1,1,4.682000000000016,,13518,"[954, 270]",False,Left,True,0.0,False,strong,False,"[[1350, 54], [1206, 126], [1332, 216], [1098, 396], [1296, 396], [1062, 594]]",,"[[1566, 732]]",,0.4304431234963852,0.36625926179269697
282,1,1,4.697999999999979,,13518,"[954, 270]",False,Left,True,0.0,False,strong,False,"[[1356, 48], [1212, 120], [1338, 210], [1104, 390], [1302, 390], [1068, 588]]",,"[[1572, 726]]",,0.4304431234963852,0.36625926179269697
283,1,1,4.713999999999942,,13518,"[954, 270]",False,Left,True,0.0,False,strong,False,"[[1362, 42], [1218, 114], [1344, 204], [1110, 384], [1308, 384], [1074, 582]]",,"[[1578, 720]]",,0.4313076065692871,0.36795946146238534
284,1,1,4.7309999999999945,,13518,"[954, 270]",False,Left,True,0.0,False,strong,False,"[[1368, 36], [1224, 108], [1350, 198], [1116, 378], [1314, 378], [1080, 576]]",,"[[1584, 714]]",,0.431327744077179,0.36874707879140534
285,1,1,4.746999999999957,,13518,"[954, 270]",False,Left,True,0.0,False,strong,False,"[[1374, 30], [1230, 102], [1356, 192], [1122, 372], [1320, 372], [1086, 570]]",,"[[1590, 708]]",,0.4314232355289917,0.3708158998735729
286,1,1,4.76400000000001,,13518,"[954, 270]",False,Left,True,0.0,False,strong,False,"[[1380, 24], [1236, 96], [1362, 186], [1128, 366], [1326, 366], [1092, 564]]",,"[[1596, 702]]",,0.4314232355289917,0.3708158998735729
287,1,1,4.780999999999949,,13518,"[954, 270]",False,Left,True,0.0,False,strong,False,"[[1386, 18], [1242, 90], [1368, 180], [1134, 360], [1332, 360], [1098, 558]]",,"[[1602, 696]]",,0.433583967178824,0.3517260015769149
288,1,1,4.798000000000002,,13518,"[954, 270]",False,Left,True,0.0,False,strong,False,"[[1392, 12], [1248, 84], [1374, 174], [1140, 354], [1338, 354], [1104, 552]]",,"[[1608, 690]]",,0.433583967178824,0.3517260015769149
289,1,1,4.814999999999941,,13518,"[954, 270]",False,Left,True,0.0,False,strong,False,"[[1398, 6], [1254, 78], [1380, 168], [1146, 348], [1344, 348], [1110, 546]]",,"[[1614, 684]]",,0.4329454064019441,0.3511091941657605
290,1,1,4.831999999999994,,13518,"[954, 270]",False,,True,0.0,False,strong,False,"[[1404, 0], [1260, 72], [1386, 162], [1152, 342], [1350, 342], [1116, 540]]",,"[[1614, 678]]",,0.43270352005162316,0.3510313045394434
291,1,1,4.847999999999956,,13518,"[954, 270]",False,,True,0.0,False,strong,False,"[[1260, 66], [1386, 156], [1152, 336], [1350, 336], [1116, 534]]",,"[[1614, 672]]",,0.4335096423906788,0.35208499692325035
292,1,1,4.864000000000033,,13518,"[954, 270]",False,,True,0.0,False,strong,False,"[[1260, 60], [1386, 150], [1152, 330], [1350, 330], [1116, 528]]",,"[[1614, 666]]",,0.4335096423906788,0.35208499692325035
293,1,1,4.8799999999999955,,13518,"[954, 270]",False,,True,0.0,False,strong,False,"[[1260, 54], [1386, 144], [1152, 324], [1350, 324], [1116, 522], [1188, 810]]",,"[[1614, 660]]",,0.43398877078655645,0.35460883074965666
294,1,1,4.897000000000048,,13518,"[954, 270]",False,,True,0.0,False,strong,False,"[[1260, 48], [1386, 138], [1152, 318], [1350, 318], [1116, 516], [1188, 804]]",,"[[1614, 654]]",,0.4343390401090548,0.3577493342293313
295,1,1,4.913000000000011,,13518,"[954, 270]",False,,True,0.0,False,strong,False,"[[1260, 42], [1386, 132], [1152, 312], [1350, 312], [1116, 510], [1188, 798]]",,"[[1614, 648]]",,0.4340621247311602,0.35957303025512344
296,1,1,4.92999999999995,,13518,"[954, 270]",False,,True,0.0,False,strong,False,"[[1260, 36], [1386, 126], [1152, 306], [1350, 306], [1116, 504], [1188, 792]]",,"[[1614, 642]]",,0.43314259172845987,0.36013347964284925
297,1,1,4.947000000000003,,13518,"[954, 270]",False,,True,0.0,False,strong,False,"[[1260, 30], [1386, 120], [1152, 300], [1350, 300], [1116, 498], [1188, 786]]",,"[[1614, 636]]",,0.43230956791462793,0.36147323188508895
298,1,1,4.963999999999942,,13518,"[954, 270]",False,,True,0.0,False,strong,False,"[[1260, 24], [1386, 114], [1152, 294], [1350, 294], [1116, 492], [1188, 780]]",,"[[1614, 630]]",,0.43230956791462793,0.36147323188508895
299,1,1,4.980000000000018,,13518,"[954, 270]",False,,True,0.0,False,strong,False,"[[1260, 18], [1386, 108], [1152, 288], [1350, 288], [1116, 486], [1188, 774]]",,"[[1614, 624]]",,0.43238859231932264,0.3618788293555527
300,1,1,4.995999999999981,,13518,"[954, 270]",False,,True,0.0,False,strong,False,"[[1260, 12], [1386, 102], [1152, 282], [1350, 282], [1116, 480], [1188, 768]]",,"[[1614, 618]]",,0.4325121882986527,0.3621704113848082
301,1,1,5.013000000000034,,13518,"[954, 270]",False,,True,0.0,False,strong,False,"[[1260, 6], [1386, 96], [1152, 276], [1350, 276], [1116, 474], [1188, 762]]",,"[[1614, 612]]",,0.4330978946279199,0.36354036872200524
302,1,1,5.028999999999996,,13518,"[954, 270]",False,,True,0.0,False,strong,False,"[[1260, 0], [1386, 90], [1152, 270], [1350, 270], [1116, 468], [1188, 756]]",,"[[1614, 606]]",,0.4337832488447839,0.3639326793334471
303,1,1,5.044999999999959,,13518,"[954, 270]",False,,True,0.0,False,strong,False,"[[1386, 84], [1152, 264], [1350, 264], [1116, 462], [1188, 750]]",,"[[1614, 600]]",,0.4341804201966271,0.36467384194080543
304,1,1,5.062000000000012,,13518,"[954, 270]",False,,True,0.0,False,strong,False,"[[1386, 78], [1152, 258], [1350, 258], [1116, 456], [1188, 744]]",,"[[1614, 594]]",,0.4343903793025949,0.36635697258228817
305,1,1,5.078999999999951,,13518,"[954, 270]",False,,True,0.0,False,strong,False,"[[1386, 72], [1152, 252], [1350, 252], [1116, 450], [1188, 738], [1224, 810]]",,"[[1614, 588]]",,0.43460898949967736,0.36665792485494864
306,1,1,5.095000000000027,,13518,"[954, 270]",False,,True,0.0,False,strong,False,"[[1386, 66], [1152, 246], [1350, 246], [1116, 444], [1188, 732], [1224, 804]]",,"[[1614, 582]]",,0.4353352864000308,0.3681813557332865
307,1,1,5.11099999999999,,13518,"[954, 270]",False,,True,0.0,False,strong,False,"[[1386, 60], [1152, 240], [1350, 240], [1116, 438], [1188, 726], [1224, 798]]",,"[[1614, 576]]",,0.435628369378101,0.3688514046038346
308,1,1,5.126999999999953,,13518,"[954, 270]",False,,True,0.0,False,strong,False,"[[1386, 54], [1152, 234], [1350, 234], [1116, 432], [1188, 720], [1224, 792]]",,"[[1614, 570]]",,0.43649986727896123,0.3697499462966274
309,1,1,5.1440000000000055,,13518,"[954, 270]",False,,True,0.0,False,strong,False,"[[1386, 48], [1152, 228], [1350, 228], [1116, 426], [1188, 714], [1224, 786]]",,"[[1614, 564]]",,0.43649986727896123,0.3697499462966274
310,1,1,5.1609999999999445,,13518,"[954, 270]",False,,True,0.0,False,strong,False,"[[1386, 42], [1152, 222], [1350, 222], [1116, 420], [1188, 708], [1224, 780]]",,"[[1614, 558]]",,0.4365393674666006,0.37417944004993
311,1,1,5.177999999999997,,13518,"[954, 270]",False,,True,0.0,False,strong,False,"[[1386, 36], [1152, 216], [1350, 216], [1116, 414], [1188, 702], [1224, 774], [990, 810]]",,"[[1614, 552]]",,0.43596624067929823,0.3748009790548289
312,1,1,5.19399999999996,,13518,"[954, 270]",False,,True,0.0,False,strong,False,"[[1386, 30], [1152, 210], [1350, 210], [1116, 408], [1188, 696], [1224, 768], [990, 804]]",,"[[1614, 546]]",,0.44324604938891354,0.35169655785101006
313,1,1,5.210000000000036,,13518,"[954, 270]",False,,True,0.0,False,strong,False,"[[1386, 24], [1152, 204], [1350, 204], [1116, 402], [1188, 690], [1224, 762], [990, 798]]",,"[[1614, 540]]",,0.44505426309501595,0.34912229799081906
314,1,1,5.225999999999999,,13518,"[954, 270]",False,,True,0.0,False,strong,False,"[[1386, 18], [1152, 198], [1350, 198], [1116, 396], [1188, 684], [1224, 756], [990, 792]]",,"[[1614, 534]]",,0.44634059470003057,0.3461733234254739
315,1,1,5.243000000000052,,13518,"[954, 270]",False,,True,0.0,False,strong,False,"[[1386, 12], [1152, 192], [1350, 192], [1116, 390], [1188, 678], [1224, 750], [990, 786]]",,"[[1614, 528]]",,0.44634059470003057,0.3461733234254739
316,1,1,5.259999999999991,,13518,"[954, 270]",False,,True,0.0,False,strong,False,"[[1386, 6], [1152, 186], [1350, 186], [1116, 384], [1188, 672], [1224, 744], [990, 780]]",,"[[1614, 522]]",,0.4476539578932591,0.34997294504070675
317,1,1,5.277000000000044,,13518,"[954, 270]",False,,True,0.0,False,strong,False,"[[1386, 0], [1152, 180], [1350, 180], [1116, 378], [1188, 666], [1224, 738], [990, 774]]",,"[[1614, 516]]",,0.447803123733038,0.35151410605419
318,1,1,5.293999999999983,,13518,"[954, 270]",False,,True,0.0,False,strong,False,"[[1152, 174], [1350, 174], [1116, 372], [1188, 660], [1224, 732], [990, 768]]",,"[[1614, 510]]",,0.44815468282369253,0.3520467689861665
319,1,1,5.3110000000000355,,13518,"[954, 270]",False,,True,0.0,False,strong,False,"[[1152, 168], [1350, 168], [1116, 366], [1188, 654], [1224, 726], [990, 762]]",,"[[1614, 504]]",,0.44836875296061474,0.3535751452776459
320,1,1,5.326999999999998,,13518,"[954, 270]",False,,True,0.0,False,strong,False,"[[1152, 162], [1350, 162], [1116, 360], [1188, 648], [1224, 720], [990, 756]]",,"[[1614, 498]]",,0.44827520005474986,0.3565657414328266
321,1,1,5.344000000000051,,13518,"[954, 270]",False,,True,0.0,False,strong,False,"[[1152, 156], [1350, 156], [1116, 354], [1188, 642], [1224, 714], [990, 750]]",,"[[1614, 492]]",,0.44827520005474986,0.3565657414328266
322,1,1,5.36099999999999,,13518,"[954, 270]",False,,True,0.0,False,strong,False,"[[1152, 150], [1350, 150], [1116, 348], [1188, 636], [1224, 708], [990, 744]]",,"[[1614, 486]]",,0.4480418841214238,0.35773692895791354
323,1,1,5.376999999999953,,13518,"[954, 270]",False,Right,True,0.0,False,strong,False,"[[1152, 144], [1350, 144], [1116, 342], [1188, 630], [1224, 702], [990, 738]]",,"[[1608, 480]]",,0.4480418841214238,0.35773692895791354
324,1,1,5.3940000000000055,,13518,"[954, 270]",False,Right,True,0.0,False,strong,False,"[[1146, 138], [1344, 138], [1110, 336], [1182, 624], [1218, 696], [984, 732]]",,"[[1602, 474]]",,0.4477150221405978,0.3591780510762844
325,1,1,5.409999999999968,,13518,"[954, 270]",False,Right,True,0.0,False,strong,False,"[[1140, 132], [1338, 132], [1104, 330], [1176, 618], [1212, 690], [978, 726]]",,"[[1596, 468]]",,0.4477150221405978,0.3591780510762844
326,1,1,5.426000000000045,,13518,"[954, 270]",False,Right,True,0.0,False,strong,False,"[[1134, 126], [1332, 126], [1098, 324], [1170, 612], [1206, 684], [972, 720]]",,"[[1590, 462]]",,0.44884213109016635,0.3622713821126049
327,1,1,5.442999999999984,,13518,"[954, 270]",False,Right,True,0.0,False,strong,False,"[[1128, 120], [1326, 120], [1092, 318], [1164, 606], [1200, 678], [966, 714]]",,"[[1584, 456]]",,0.44884213109016635,0.3622713821126049
328,1,1,5.458999999999946,,13518,"[954, 270]",False,Right,True,0.0,False,strong,False,"[[1122, 114], [1320, 114], [1086, 312], [1158, 600], [1194, 672], [960, 708]]",,"[[1578, 450]]",,0.4434428436665859,0.3663849933474359
329,1,1,5.475999999999999,,13518,"[954, 270]",False,Right,True,0.0,False,strong,False,"[[1116, 108], [1314, 108], [1080, 306], [1152, 594], [1188, 666], [954, 702], [954, 810]]",,"[[1572, 444]]",,0.4434428436665859,0.3663849933474359
330,1,1,5.4909999999999854,,13518,"[954, 270]",False,Right,True,0.0,False,strong,False,"[[1110, 102], [1308, 102], [1074, 300], [1146, 588], [1182, 660], [948, 696], [948, 804]]",,"[[1566, 438]]",,0.4339920474333647,0.3573888078865466
331,1,1,5.506999999999948,,13518,"[954, 270]",False,Right,True,0.0,False,strong,False,"[[1104, 96], [1302, 96], [1068, 294], [1140, 582], [1176, 654], [942, 690], [942, 798]]",,"[[1560, 432]]",,0.4339920474333647,0.3573888078865466
332,1,1,5.524999999999977,,13518,"[954, 270]",False,,True,0.0,False,strong,False,"[[1098, 90], [1296, 90], [1062, 288], [1134, 576], [1170, 648], [936, 684], [936, 792]]",,"[[1560, 426]]",,0.23134754682427175,0.13163757173193147
333,1,1,5.541000000000054,,13518,"[954, 270]",False,,True,0.0,False,strong,False,"[[1098, 84], [1296, 84], [1062, 282], [1134, 570], [1170, 642], [936, 678], [936, 786]]",,"[[1560, 420]]",,0.23134754682427175,0.13163757173193147
334,1,1,5.557000000000016,,13518,"[954, 270]",False,,True,0.0,False,strong,False,"[[1098, 78], [1296, 78], [1062, 276], [1134, 564], [1170, 636], [936, 672], [936, 780]]",,"[[1560, 414]]",,0.43127346487325724,0.3560093669323421
335,1,1,5.572999999999979,,13518,"[954, 270]",False,,True,0.0,False,strong,False,"[[1098, 72], [1296, 72], [1062, 270], [1134, 558], [1170, 630], [936, 666], [936, 774]]",,"[[1560, 408]]",,0.43127346487325724,0.3560093669323421
336,1,1,5.590000000000032,,13518,"[954, 270]",False,,True,0.0,False,strong,False,"[[1098, 66], [1296, 66], [1062, 264], [1134, 552], [1170, 624], [936, 660], [936, 768]]",,"[[1560, 402]]",,0.23134754682427175,0.13163757173193147
337,1,1,5.606999999999971,,13518,"[954, 270]",False,,True,0.0,False,strong,False,"[[1098, 60], [1296, 60], [1062, 258], [1134, 546], [1170, 618], [936, 654], [936, 762]]",,"[[1560, 396]]",,0.23134754682427175,0.13163757173193147
338,1,1,5.623000000000047,,13518,"[954, 270]",False,,True,0.0,False,strong,False,"[[1098, 54], [1296, 54], [1062, 252], [1134, 540], [1170, 612], [936, 648], [936, 756]]",,"[[1560, 390]]",,0.4302301889368144,0.36066306533785086
339,1,1,5.639999999999986,,13518,"[954, 270]",False,,True,0.0,False,strong,False,"[[1098, 48], [1296, 48], [1062, 246], [1134, 534], [1170, 606], [936, 642], [936, 750]]",,"[[1560, 384]]",,0.4302301889368144,0.36066306533785086
340,1,1,5.655999999999949,,13518,"[954, 270]",False,,True,0.0,False,strong,False,"[[1098, 42], [1296, 42], [1062, 240], [1134, 528], [1170, 600], [936, 636], [936, 744]]",,"[[1560, 378]]",,0.430844988911079,0.36390909485702994
341,1,1,5.6720000000000255,,13518,"[954, 270]",False,,True,0.0,False,strong,False,"[[1098, 36], [1296, 36], [1062, 234], [1134, 522], [1170, 594], [936, 630], [936, 738]]",,"[[1560, 372]]",,0.430844988911079,0.36390909485702994
342,1,1,5.6889999999999645,,13518,"[954, 270]",False,,True,0.0,False,strong,False,"[[1098, 30], [1296, 30], [1062, 228], [1134, 516], [1170, 588], [936, 624], [936, 732]]",,"[[1560, 366]]",,0.43155785395131285,0.36535687537607386
343,1,1,5.706000000000017,,13518,"[954, 270]",False,,True,0.0,False,strong,False,"[[1098, 24], [1296, 24], [1062, 222], [1134, 510], [1170, 582], [936, 618], [936, 726]]",,"[[1560, 360]]",,0.4316517017184028,0.3652252547576913
344,1,1,5.72199999999998,,13518,"[954, 270]",False,,True,0.0,False,strong,False,"[[1098, 18], [1296, 18], [1062, 216], [1134, 504], [1170, 576], [936, 612], [936, 720]]",,"[[1560, 354]]",,0.4316001978971068,0.36653410622453875
345,1,1,5.739000000000033,,13518,"[954, 270]",False,,True,0.0,False,strong,False,"[[1098, 12], [1296, 12], [1062, 210], [1134, 498], [1170, 570], [936, 606], [936, 714]]",,"[[1560, 348]]",,0.4316001978971068,0.36653410622453875
346,1,1,5.755999999999972,,13518,"[954, 270]",False,,True,0.0,False,strong,False,"[[1098, 6], [1296, 6], [1062, 204], [1134, 492], [1170, 564], [936, 600], [936, 708]]",,"[[1560, 342]]",,0.43104532694221,0.37033808119801404
347,1,1,5.773000000000025,,13518,"[954, 270]",False,,True,0.0,False,strong,False,"[[1098, 0], [1296, 0], [1062, 198], [1134, 486], [1170, 558], [936, 594], [936, 702]]",,"[[1560, 336]]",,0.43104532694221,0.37033808119801404
348,1,1,5.788000000000011,,13518,"[954, 270]",False,,True,0.0,False,strong,False,"[[1062, 192], [1134, 480], [1170, 552], [936, 588], [936, 696]]",,"[[1560, 330]]",,0.4308243536682572,0.37286021125178137
349,1,1,5.80499999999995,,13518,"[954, 270]",False,Right,True,0.0,False,strong,False,"[[1062, 186], [1134, 474], [1170, 546], [936, 582], [936, 690]]",,"[[1554, 324], [648, 810]]",,0.43048711325052447,0.37317158177537346
350,1,1,5.821000000000026,,13518,"[954, 270]",False,Right,True,0.0,False,strong,False,"[[1056, 180], [1128, 468], [1164, 540], [930, 576], [930, 684]]",,"[[1548, 318], [642, 804]]",,0.4301481829873328,0.3752818968179834
351,1,1,5.836999999999989,,13518,"[954, 270]",False,Right,True,0.0,False,strong,False,"[[1050, 174], [1122, 462], [1158, 534], [924, 570], [924, 678]]",,"[[1542, 312], [636, 798]]",,0.43003317258136897,0.3752522117949052
352,1,1,5.854000000000042,,13518,"[954, 270]",False,Right,True,1.0,False,strong,False,"[[1044, 168], [1116, 456], [1152, 528], [918, 564], [918, 672]]",,"[[1536, 306], [630, 792]]",,0.4302241961659076,0.3779265361280798
353,1,1,5.870999999999981,,13518,"[954, 270]",False,Right,True,1.0,False,strong,False,"[[1038, 162], [1110, 450], [1146, 522], [912, 558], [912, 666]]",,"[[1536, 300], [630, 786]]",,0.4302241961659076,0.3779265361280798
354,1,1,5.886999999999944,,13518,"[954, 270]",False,Right,True,1.0,False,strong,False,"[[1038, 156], [1110, 444], [1146, 516], [912, 552], [912, 660]]",,"[[1536, 294], [630, 780]]",,0.4302553006919171,0.37986309021787956
355,1,1,5.903999999999996,,13518,"[954, 270]",False,Right,True,1.0,False,strong,False,"[[1038, 150], [1110, 438], [1146, 510], [912, 546], [912, 654]]",,"[[1536, 288], [630, 774]]",,0.4304855615005838,0.38213225965800435
356,1,1,5.919999999999959,,13518,"[954, 270]",False,Right,True,1.0,False,strong,False,"[[1038, 144], [1110, 432], [1146, 504], [912, 540], [912, 648], [858, 810]]",,"[[1536, 282], [630, 768]]",,0.4305341241273585,0.3848967765235982
357,1,1,5.9360000000000355,,13518,"[954, 270]",False,Right,True,1.0,False,strong,False,"[[1038, 138], [1110, 426], [1146, 498], [912, 534], [912, 642], [858, 804]]",,"[[1536, 276], [630, 762]]",,0.4305341241273585,0.3848967765235982
358,1,1,5.9529999999999745,,13518,"[954, 270]",False,,True,1.0,False,strong,False,"[[1038, 132], [1110, 420], [1146, 492], [912, 528], [912, 636], [858, 798]]",,"[[1542, 270], [636, 756]]",,0.4312777535355906,0.3874656110165269
359,1,1,5.969000000000051,,13518,"[954, 270]",False,,True,1.0,False,strong,False,"[[1044, 126], [1116, 414], [1152, 486], [918, 522], [918, 630], [864, 792]]",,"[[1548, 264], [642, 750]]",,0.4314137913071988,0.38766735005929354
360,1,1,5.985000000000014,,13518,"[954, 270]",False,,True,1.0,False,strong,False,"[[1050, 120], [1122, 408], [1158, 480], [924, 516], [924, 624], [870, 786]]",,"[[1554, 258], [648, 744]]",,0.4318903888393277,0.38784570963975995
361,1,1,6.000999999999976,,13518,"[954, 270]",False,,True,1.0,False,strong,False,"[[1056, 114], [1128, 402], [1164, 474], [930, 510], [930, 618], [876, 780]]",,"[[1560, 252], [654, 738]]",,0.4327656035901583,0.38866199710013594
362,1,1,6.018000000000029,,13518,"[954, 270]",False,,True,1.0,False,strong,False,"[[1062, 108], [1134, 396], [1170, 468], [936, 504], [936, 612], [882, 774]]",,"[[1566, 246], [660, 732]]",,0.43284030864118667,0.3889505647939002
363,1,1,6.033999999999992,,13518,"[954, 270]",False,,True,1.0,False,strong,False,"[[1068, 102], [1140, 390], [1176, 462], [942, 498], [942, 606], [888, 768]]",,"[[1572, 240], [666, 726]]",,0.43304852589017423,0.3889817818097384
364,1,1,6.0499999999999545,,13518,"[954, 270]",False,,True,1.0,False,strong,False,"[[1074, 96], [1146, 384], [1182, 456], [948, 492], [948, 600], [894, 762]]",,"[[1578, 234], [672, 720]]",,0.4334057020855216,0.3898759916264828
365,1,1,6.066000000000031,,13518,"[954, 270]",False,,True,1.0,False,strong,False,"[[1080, 90], [1152, 378], [1188, 450], [954, 486], [954, 594], [900, 756]]",,"[[1584, 228], [678, 714]]",,0.46397359692024975,0.33980853320885673
366,1,1,6.08299999999997,,13518,"[954, 270]",False,,True,1.0,False,strong,False,"[[1086, 84], [1158, 372], [1194, 444], [960, 480], [960, 588], [906, 750]]",,"[[1590, 222], [684, 708]]",,0.43339654807666034,0.39111739116482025
367,1,1,6.100000000000023,,13518,"[954, 270]",False,,True,1.0,False,strong,False,"[[1092, 78], [1164, 366], [1200, 438], [966, 474], [966, 582], [912, 744]]",,"[[1596, 216], [690, 702]]",,0.433483771058998,0.39278031293146587
368,1,1,6.116999999999962,,13518,"[954, 270]",False,,True,1.0,False,strong,False,"[[1098, 72], [1170, 360], [1206, 432], [972, 468], [972, 576], [918, 738]]",,"[[1602, 210], [696, 696]]",,0.43364481987713627,0.3937186215822921
369,1,1,6.131999999999948,,13518,"[954, 270]",False,,True,1.0,False,strong,False,"[[1104, 66], [1176, 354], [1212, 426], [978, 462], [978, 570], [924, 732]]",,"[[1608, 204], [702, 690]]",,0.465430382593275,0.34364318956437656
370,1,1,6.148000000000025,,13518,"[954, 270]",False,,True,1.0,False,strong,False,"[[1110, 60], [1182, 348], [1218, 420], [984, 456], [984, 564], [930, 726]]",,"[[1614, 198], [708, 684]]",,0.465430382593275,0.34364318956437656
371,1,1,6.163999999999987,,13518,"[954, 270]",False,,True,1.0,False,strong,False,"[[1116, 54], [1188, 342], [1224, 414], [990, 450], [990, 558], [936, 720]]",,"[[1620, 192], [714, 678]]",,0.23134754682427175,0.13163757173193147
372,1,1,6.17999999999995,,13518,"[954, 270]",False,,True,1.0,False,strong,False,"[[1122, 48], [1194, 336], [1230, 408], [996, 444], [996, 552], [942, 714]]",,"[[1626, 186], [720, 672]]",,0.23134754682427175,0.13163757173193147
373,1,1,6.197000000000003,,13518,"[954, 270]",False,Right,True,1.0,False,strong,False,"[[1128, 42], [1200, 330], [1236, 402], [1002, 438], [1002, 546], [948, 708]]",,"[[1626, 180], [720, 666]]",,0.46562941987651607,0.3469792142253082
374,1,1,6.212999999999965,,13518,"[954, 270]",False,Right,True,1.0,False,strong,False,"[[1128, 36], [1200, 324], [1236, 396], [1002, 432], [1002, 540], [948, 702]]",,"[[1626, 174], [720, 660]]",,0.46562941987651607,0.3469792142253082
375,1,1,6.229000000000042,,13518,"[954, 270]",False,Right,True,1.0,False,strong,False,"[[1128, 30], [1200, 318], [1236, 390], [1002, 426], [1002, 534], [948, 696]]",,"[[1626, 168], [720, 654]]",,0.46551667374071054,0.34864802383176496
376,1,1,6.2450000000000045,,13518,"[954, 270]",False,Right,True,1.0,False,strong,False,"[[1128, 24], [1200, 312], [1236, 384], [1002, 420], [1002, 528], [948, 690]]",,"[[1626, 162], [720, 648]]",,0.46551667374071054,0.34864802383176496
377,1,1,6.261999999999944,,13518,"[954, 270]",False,Right,True,1.0,False,strong,False,"[[1128, 18], [1200, 306], [1236, 378], [1002, 414], [1002, 522], [948, 684]]",,"[[1626, 156], [720, 642]]",,0.23134754682427175,0.13163757173193147
378,1,1,6.278999999999996,,13518,"[954, 270]",False,Right,True,1.0,False,strong,False,"[[1128, 12], [1200, 300], [1236, 372], [1002, 408], [1002, 516], [948, 678]]",,"[[1626, 150], [720, 636]]",,0.23134754682427175,0.13163757173193147
379,1,1,6.294999999999959,,13518,"[954, 270]",False,Right,True,1.0,False,strong,False,"[[1128, 6], [1200, 294], [1236, 366], [1002, 402], [1002, 510], [948, 672]]",,"[[1626, 144], [720, 630]]",,0.4663641229503047,0.34921941794047195
380,1,1,6.312000000000012,,13518,"[954, 270]",False,Right,True,1.0,False,strong,False,"[[1128, 0], [1200, 288], [1236, 360], [1002, 396], [1002, 504], [948, 666]]",,"[[1626, 138], [720, 624]]",,0.4663641229503047,0.34921941794047195
381,1,1,6.3279999999999745,,13518,"[954, 270]",False,Right,True,1.0,False,strong,False,"[[1200, 282], [1236, 354], [1002, 390], [1002, 498], [948, 660]]",,"[[1626, 132], [720, 618]]",,0.46770524834929156,0.3507737000997475
382,1,1,6.345000000000027,,13518,"[954, 270]",False,Right,True,1.0,False,strong,False,"[[1200, 276], [1236, 348], [1002, 384], [1002, 492], [948, 654]]",,"[[1626, 126], [720, 612]]",,0.46770524834929156,0.3507737000997475
383,1,1,6.36099999999999,,13518,"[954, 270]",False,Right,True,1.0,False,strong,False,"[[1200, 270], [1236, 342], [1002, 378], [1002, 486], [948, 648]]",,"[[1626, 120], [720, 606]]",,0.23134754682427175,0.13163757173193147
384,1,1,6.378000000000043,,13518,"[954, 270]",False,Right,True,1.0,False,strong,False,"[[1200, 264], [1236, 336], [1002, 372], [1002, 480], [948, 642]]",,"[[1626, 114], [720, 600]]",,0.23134754682427175,0.13163757173193147
385,1,1,6.394999999999982,,13518,"[954, 270]",False,Right,True,1.0,False,strong,False,"[[1200, 258], [1236, 330], [1002, 366], [1002, 474], [948, 636]]",,"[[1626, 108], [720, 594]]",,0.23134754682427175,0.13163757173193147
386,1,1,6.4109999999999445,,13518,"[954, 270]",False,Right,True,1.0,False,strong,False,"[[1200, 252], [1236, 324], [1002, 360], [1002, 468], [948, 630]]",,"[[1626, 102], [720, 588]]",,0.23134754682427175,0.13163757173193147
387,1,1,6.427999999999997,,13518,"[954, 270]",False,Right,True,1.0,False,strong,False,"[[1200, 246], [1236, 318], [1002, 354], [1002, 462], [948, 624]]",,"[[1626, 96], [720, 582]]",,0.47386603670982214,0.35662876705220914
388,1,1,6.44500000000005,,13518,"[954, 270]",False,Right,True,1.0,False,strong,False,"[[1200, 240], [1236, 312], [1002, 348], [1002, 456], [948, 618]]",,"[[1626, 90], [720, 576]]",,0.47386603670982214,0.35662876705220914
389,1,1,6.461000000000013,,13518,"[954, 270]",False,Right,True,1.0,False,strong,False,"[[1200, 234], [1236, 306], [1002, 342], [1002, 450], [948, 612]]",,"[[1626, 84], [720, 570]]",,0.23134754682427175,0.13163757173193147
390,1,1,6.476999999999975,,13518,"[954, 270]",False,Right,True,1.0,False,strong,False,"[[1200, 228], [1236, 300], [1002, 336], [1002, 444], [948, 606]]",,"[[1626, 78], [720, 564]]",,0.23134754682427175,0.13163757173193147
391,1,1,6.494000000000028,,13518,"[954, 270]",False,Right,True,1.0,False,strong,False,"[[1200, 222], [1236, 294], [1002, 330], [1002, 438], [948, 600]]",,"[[1626, 72], [720, 558]]",,0.4724906618170214,0.3579851776483475
392,1,1,6.509999999999991,,13518,"[954, 270]",False,Right,True,1.0,False,strong,False,"[[1200, 216], [1236, 288], [1002, 324], [1002, 432], [948, 594]]",,"[[1626, 66], [720, 552]]",,0.4724906618170214,0.3579851776483475
393,1,1,6.527000000000044,,13518,"[954, 270]",False,Right,True,1.0,False,strong,False,"[[1200, 210], [1236, 282], [1002, 318], [1002, 426], [948, 588]]",,"[[1626, 60], [720, 546]]",,0.23134754682427175,0.13163757173193147
394,1,1,6.543999999999983,,13518,"[954, 270]",False,Right,True,1.0,False,strong,False,"[[1200, 204], [1236, 276], [1002, 312], [1002, 420], [948, 582]]",,"[[1626, 54], [720, 540]]",,0.23134754682427175,0.13163757173193147
395,1,1,6.559999999999945,,13518,"[954, 270]",False,Right,True,1.0,False,strong,False,"[[1200, 198], [1236, 270], [1002, 306], [1002, 414], [948, 576]]",,"[[1626, 48], [720, 534]]",,0.23134754682427175,0.13163757173193147
396,1,1,6.576000000000022,,13518,"[954, 270]",False,Right,True,1.0,False,strong,False,"[[1200, 192], [1236, 264], [1002, 300], [1002, 408], [948, 570]]",,"[[1626, 42], [720, 528]]",,0.23134754682427175,0.13163757173193147
397,1,1,6.5919999999999845,,13518,"[954, 270]",False,Right,True,1.0,False,strong,False,"[[1200, 186], [1236, 258], [1002, 294], [1002, 402], [948, 564]]",,"[[1626, 36], [720, 522]]",,0.4632239757082166,0.35205494772168633
398,1,1,6.609000000000037,,13518,"[954, 270]",False,,True,1.0,False,strong,False,"[[1200, 180], [1236, 252], [1002, 288], [1002, 396], [948, 558]]",,"[[1632, 30], [726, 516]]",,0.4632239757082166,0.35205494772168633
399,1,1,6.625,,13518,"[954, 270]",False,,True,1.0,False,strong,False,"[[1206, 174], [1242, 246], [1008, 282], [1008, 390], [954, 552]]",,"[[1638, 24], [732, 510]]",,0.4627780358807995,0.3523917940100856
400,1,1,6.640999999999963,,13518,"[954, 270]",False,,True,1.0,False,strong,False,"[[1212, 168], [1248, 240], [1014, 276], [1014, 384], [960, 546]]",,"[[1644, 18], [738, 504]]",,0.4627780358807995,0.3523917940100856
401,1,1,6.657000000000039,,13518,"[954, 270]",False,,True,1.0,False,strong,False,"[[1218, 162], [1254, 234], [1020, 270], [1020, 378], [966, 540]]",,"[[1650, 12], [744, 498]]",,0.4645226186649841,0.352438288325154
402,1,1,6.673000000000002,,13518,"[954, 270]",False,,True,1.0,False,strong,False,"[[1224, 156], [1260, 228], [1026, 264], [1026, 372], [972, 534]]",,"[[1656, 6], [750, 492]]",,0.23134754682427175,0.13163757173193147
403,1,1,6.689999999999941,,13518,"[954, 270]",False,,True,0.0,False,strong,False,"[[1230, 150], [1266, 222], [1032, 258], [1032, 366], [978, 528]]",,"[[1662, 0], [756, 486], [1662, 810]]",,0.23134754682427175,0.13163757173193147
404,1,1,6.706000000000017,,13518,"[954, 270]",False,,True,0.0,False,strong,False,"[[1236, 144], [1272, 216], [1038, 252], [1038, 360], [984, 522]]",,"[[756, 480], [1662, 804]]",,0.23134754682427175,0.13163757173193147
405,1,1,6.722999999999956,,13518,"[954, 270]",False,,True,0.0,False,strong,False,"[[1236, 138], [1272, 210], [1038, 246], [1038, 354], [984, 516]]",,"[[756, 474], [1662, 798]]",,0.23134754682427175,0.13163757173193147
406,1,1,6.739000000000033,,13518,"[954, 270]",False,,True,0.0,False,strong,False,"[[1236, 132], [1272, 204], [1038, 240], [1038, 348], [984, 510]]",,"[[756, 468], [1662, 792]]",,0.23134754682427175,0.13163757173193147
407,1,1,6.7549999999999955,,13518,"[954, 270]",False,,True,0.0,False,strong,False,"[[1236, 126], [1272, 198], [1038, 234], [1038, 342], [984, 504]]",,"[[756, 462], [1662, 786]]",,0.4701183430880459,0.35623772960402167
408,1,1,6.772000000000048,,13518,"[954, 270]",False,,True,0.0,False,strong,False,"[[1236, 120], [1272, 192], [1038, 228], [1038, 336], [984, 498]]",,"[[756, 456], [1662, 780]]",,0.4695304871937737,0.3567018587665173
409,1,1,6.788000000000011,,13518,"[954, 270]",False,,True,0.0,False,strong,False,"[[1236, 114], [1272, 186], [1038, 222], [1038, 330], [984, 492]]",,"[[756, 450], [1662, 774]]",,0.4682964819402954,0.3583526813621044
410,1,1,6.803999999999974,,13518,"[954, 270]",False,,True,0.0,False,strong,False,"[[1236, 108], [1272, 180], [1038, 216], [1038, 324], [984, 486]]",,"[[756, 444], [1662, 768]]",,0.4682964819402954,0.3583526813621044
411,1,1,6.821000000000026,,13518,"[954, 270]",False,,True,0.0,False,strong,False,"[[1236, 102], [1272, 174], [1038, 210], [1038, 318], [984, 480]]",,"[[756, 438], [1662, 762]]",,0.4669556552914578,0.35909980238572636
412,1,1,6.837999999999965,,13518,"[954, 270]",False,,True,0.0,False,strong,False,"[[1236, 96], [1272, 168], [1038, 204], [1038, 312], [984, 474]]",,"[[756, 432], [1662, 756]]",,0.4669556552914578,0.35909980238572636
413,1,1,6.855000000000018,,13518,"[954, 270]",False,,True,0.0,False,strong,False,"[[1236, 90], [1272, 162], [1038, 198], [1038, 306], [984, 468]]",,"[[756, 426], [1662, 750]]",,0.46396580145725536,0.34849425286054614
414,1,1,6.870999999999981,,13518,"[954, 270]",False,,True,0.0,False,strong,False,"[[1236, 84], [1272, 156], [1038, 192], [1038, 300], [984, 462]]",,"[[756, 420], [1662, 744]]",,0.23134754682427175,0.13163757173193147
415,1,1,6.888000000000034,,13518,"[954, 270]",False,,True,0.0,False,strong,False,"[[1236, 78], [1272, 150], [1038, 186], [1038, 294], [984, 456]]",,"[[756, 414], [1662, 738]]",,0.23134754682427175,0.13163757173193147
416,1,1,6.904999999999973,,13518,"[954, 270]",False,,True,0.0,False,strong,False,"[[1236, 72], [1272, 144], [1038, 180], [1038, 288], [984, 450]]",,"[[756, 408], [1662, 732]]",,0.23134754682427175,0.13163757173193147
417,1,1,6.921000000000049,,13518,"[954, 270]",False,,True,0.0,False,strong,False,"[[1236, 66], [1272, 138], [1038, 174], [1038, 282], [984, 444]]",,"[[756, 402], [1662, 726]]",,0.23134754682427175,0.13163757173193147
418,1,1,6.937000000000012,,13518,"[954, 270]",False,,True,0.0,False,strong,False,"[[1236, 60], [1272, 132], [1038, 168], [1038, 276], [984, 438]]",,"[[756, 396], [1662, 720]]",,0.4633823086971455,0.3436894605673352
419,1,1,6.953999999999951,,13518,"[954, 270]",False,,True,0.0,False,strong,False,"[[1236, 54], [1272, 126], [1038, 162], [1038, 270], [984, 432], [894, 810]]",,"[[756, 390], [1662, 714]]",,0.23134754682427175,0.13163757173193147
420,1,1,6.971000000000004,,13518,"[954, 270]",False,,True,0.0,False,strong,False,"[[1236, 48], [1272, 120], [1038, 156], [1038, 264], [984, 426], [894, 804]]",,"[[756, 384], [1662, 708]]",,0.23134754682427175,0.13163757173193147
421,1,1,6.987999999999943,,13518,"[954, 270]",False,,True,0.0,False,strong,False,"[[1236, 42], [1272, 114], [1038, 150], [1038, 258], [984, 420], [894, 798]]",,"[[756, 378], [1662, 702]]",,0.4643735314556647,0.34239800804735565
422,1,1,7.005999999999972,,13518,"[954, 270]",False,Right,True,0.0,False,strong,False,"[[1236, 36], [1272, 108], [1038, 144], [1038, 252], [984, 414], [894, 792]]",,"[[750, 372], [1656, 696]]",,0.4645165454165065,0.34244845429530113
423,1,1,7.022000000000048,,13518,"[954, 270]",False,Right,True,0.0,False,strong,False,"[[1230, 30], [1266, 102], [1032, 138], [1032, 246], [978, 408], [888, 786]]",,"[[744, 366], [1650, 690]]",,0.4647898128847678,0.34314942133647375
424,1,1,7.038999999999987,,13518,"[954, 270]",False,Right,True,0.0,False,strong,False,"[[1224, 24], [1260, 96], [1026, 132], [1026, 240], [972, 402], [882, 780]]",,"[[738, 360], [1644, 684]]",,0.23134754682427175,0.13163757173193147
425,1,1,7.05499999999995,,13518,"[954, 270]",False,Right,True,0.0,False,strong,False,"[[1218, 18], [1254, 90], [1020, 126], [1020, 234], [966, 396], [876, 774]]",,"[[732, 354], [1638, 678]]",,0.46506110928159805,0.344438667236192
426,1,1,7.072000000000003,,13518,"[954, 270]",False,Right,True,0.0,False,strong,False,"[[1212, 12], [1248, 84], [1014, 120], [1014, 228], [960, 390], [870, 768]]",,"[[726, 348], [1632, 672]]",,0.23134754682427175,0.13163757173193147
427,1,1,7.090000000000032,,13518,"[954, 270]",False,Right,True,0.0,False,strong,False,"[[1206, 6], [1242, 78], [1008, 114], [1008, 222], [954, 384], [864, 762]]",,"[[720, 342], [1626, 666]]",,0.23134754682427175,0.13163757173193147
428,1,1,7.1059999999999945,,13518,"[954, 270]",False,Right,True,0.0,False,strong,False,"[[1200, 0], [1236, 72], [1002, 108], [1002, 216], [948, 378], [858, 756]]",,"[[714, 336], [1620, 660]]",,0.23134754682427175,0.13163757173193147
429,1,1,7.123000000000047,,13518,"[954, 270]",False,Right,True,0.0,False,strong,False,"[[1230, 66], [996, 102], [996, 210], [942, 372], [852, 750]]",,"[[708, 330], [1614, 654]]",,0.23134754682427175,0.13163757173193147
430,1,1,7.139999999999986,,13518,"[954, 270]",False,Right,True,0.0,False,strong,False,"[[1224, 60], [990, 96], [990, 204], [936, 366], [846, 744]]",,"[[702, 324], [1608, 648]]",,0.4656495087163174,0.3502929442429037
431,1,1,7.155999999999949,,13518,"[954, 270]",False,Right,True,0.0,False,strong,False,"[[1218, 54], [984, 90], [984, 198], [930, 360], [840, 738]]",,"[[696, 318], [1602, 642]]",,0.23134754682427175,0.13163757173193147
432,1,1,7.173000000000002,,13518,"[954, 270]",False,,True,0.0,False,strong,False,"[[1212, 48], [978, 84], [978, 192], [924, 354], [834, 732]]",,"[[696, 312], [1602, 636]]",,0.4679757633544762,0.352941023952168
433,1,1,7.189999999999941,,13518,"[954, 270]",False,,True,-1.0,False,strong,False,"[[1212, 42], [978, 78], [978, 186], [924, 348], [834, 726]]",,"[[696, 306], [1602, 630]]",,0.46838815037628273,0.35362005549990605
434,1,1,7.206000000000017,,13518,"[954, 270]",False,,True,-1.0,False,strong,False,"[[1212, 36], [978, 72], [978, 180], [924, 342], [834, 720]]",,"[[690, 300], [1596, 624]]",,0.23134754682427175,0.13163757173193147
435,1,1,7.222999999999956,,13518,"[954, 270]",False,,True,-1.0,False,strong,False,"[[1206, 30], [972, 66], [972, 174], [918, 336], [828, 714]]",,"[[684, 294], [1590, 618]]",,0.4711716032144098,0.35580910813109634
436,1,1,7.240000000000009,,13518,"[954, 270]",False,,True,-1.0,False,strong,False,"[[1200, 24], [966, 60], [966, 168], [912, 330], [822, 708]]",,"[[678, 288], [1584, 612]]",,0.47103345059714063,0.3563512706694595
437,1,1,7.255999999999972,,13518,"[954, 270]",False,,True,-1.0,False,strong,False,"[[1194, 18], [960, 54], [960, 162], [906, 324], [816, 702]]",,"[[672, 282], [1578, 606]]",,0.23134754682427175,0.13163757173193147
438,1,1,7.273000000000025,,13518,"[954, 270]",False,,True,-1.0,False,strong,False,"[[1188, 12], [954, 48], [954, 156], [900, 318], [810, 696]]",,"[[666, 276], [1572, 600]]",,0.47087163814931987,0.35733506625631706
439,1,1,7.289999999999964,,13518,"[954, 270]",False,,True,-1.0,False,strong,False,"[[1182, 6], [948, 42], [948, 150], [894, 312], [804, 690]]",,"[[660, 270], [1566, 594]]",,0.23134754682427175,0.13163757173193147
440,1,1,7.307000000000016,,13518,"[954, 270]",False,,True,-1.0,False,strong,False,"[[1176, 0], [942, 36], [942, 144], [888, 306], [798, 684], [780, 810]]",,"[[654, 264], [1560, 588]]",,0.4695906442628748,0.35818024340005583
441,1,1,7.323999999999955,,13518,"[954, 270]",False,,True,-1.0,False,strong,False,"[[936, 30], [936, 138], [882, 300], [792, 678], [774, 804]]",,"[[648, 258], [1554, 582]]",,0.23134754682427175,0.13163757173193147
442,1,1,7.341000000000008,,13518,"[954, 270]",False,,True,-1.0,False,strong,False,"[[930, 24], [930, 132], [876, 294], [786, 672], [768, 798]]",,"[[642, 252], [1548, 576]]",,0.469426828209759,0.35733091965446684
443,1,1,7.356999999999971,,13518,"[954, 270]",False,,True,-1.0,False,strong,False,"[[924, 18], [924, 126], [870, 288], [780, 666], [762, 792]]",,"[[636, 246], [1542, 570]]",,0.4695165505719098,0.35682423617332226
444,1,1,7.373000000000047,,13518,"[954, 270]",False,,True,-1.0,False,strong,False,"[[918, 12], [918, 120], [864, 282], [774, 660], [756, 786]]",,"[[630, 240], [1536, 564]]",,0.4695165505719098,0.35682423617332226
445,1,1,7.389999999999986,,13518,"[954, 270]",False,,True,-1.0,False,strong,False,"[[912, 6], [912, 114], [858, 276], [768, 654], [750, 780]]",,"[[624, 234], [1530, 558]]",,0.23134754682427175,0.13163757173193147
446,1,1,7.407000000000039,,13518,"[954, 270]",False,,True,-1.0,False,strong,False,"[[906, 0], [906, 108], [852, 270], [762, 648], [744, 774]]",,"[[618, 228], [1524, 552]]",,0.23134754682427175,0.13163757173193147
447,1,1,7.423000000000002,,13518,"[954, 270]",False,Right,True,-1.0,False,strong,False,"[[900, 102], [846, 264], [756, 642], [738, 768]]",,"[[606, 222], [1512, 546]]",,0.23134754682427175,0.13163757173193147
448,1,1,7.439999999999941,,13518,"[954, 270]",False,Right,True,-1.0,False,strong,False,"[[888, 96], [834, 258], [744, 636], [726, 762]]",,"[[594, 216], [1500, 540]]",,0.46682663021895293,0.34988758844661716
449,1,1,7.456999999999994,,13518,"[954, 270]",False,Right,True,-1.0,False,strong,False,"[[876, 90], [822, 252], [732, 630], [714, 756]]",,"[[582, 210], [1488, 534]]",,0.23134754682427175,0.13163757173193147
450,1,1,7.474000000000046,,13518,"[954, 270]",False,Right,True,-1.0,False,strong,False,"[[864, 84], [810, 246], [720, 624], [702, 750]]",,"[[570, 204], [1476, 528]]",,0.23134754682427175,0.13163757173193147
451,1,1,7.490000000000009,,13518,"[954, 270]",False,Right,True,-1.0,False,strong,False,"[[852, 78], [798, 240], [708, 618], [690, 744]]",,"[[558, 198], [1464, 522]]",,0.23134754682427175,0.13163757173193147
452,1,1,7.505999999999972,,13518,"[954, 270]",False,Right,True,-1.0,False,strong,False,"[[840, 72], [786, 234], [696, 612], [678, 738]]",,"[[546, 192], [1452, 516]]",,0.46870831124028384,0.3492728636020135
453,1,1,7.523000000000025,,13518,"[954, 270]",False,Right,True,-1.0,False,strong,False,"[[828, 66], [774, 228], [684, 606], [666, 732]]",,"[[534, 186], [1440, 510]]",,0.23134754682427175,0.13163757173193147
454,1,1,7.539999999999964,,13518,"[954, 270]",False,Right,True,-1.0,False,strong,False,"[[816, 60], [762, 222], [672, 600], [654, 726]]",,"[[522, 180], [1428, 504]]",,0.23134754682427175,0.13163757173193147
455,1,1,7.557000000000016,,13518,"[954, 270]",False,Right,True,-1.0,False,strong,False,"[[804, 54], [750, 216], [660, 594], [642, 720]]",,"[[510, 174], [1416, 498]]",,0.4699692597564014,0.3504407992940791
456,1,1,7.573999999999955,,13518,"[954, 270]",False,Right,True,-1.0,False,strong,False,"[[792, 48], [738, 210], [648, 588], [630, 714]]",,"[[498, 168], [1404, 492]]",,0.4702974495111848,0.3515909554950818
457,1,1,7.5919999999999845,,13518,"[954, 270]",False,,True,-1.0,False,strong,False,"[[780, 42], [726, 204], [636, 582], [618, 708]]",,"[[492, 162], [1398, 486]]",,0.4702269031251597,0.35256625868748515
458,1,1,7.609000000000037,,13518,"[954, 270]",False,,True,-1.0,False,strong,False,"[[774, 36], [720, 198], [630, 576], [612, 702]]",,"[[486, 156], [1392, 480]]",,0.4694946433268597,0.35338151313609845
459,1,1,7.624000000000024,,13518,"[954, 270]",False,,True,-1.0,False,strong,False,"[[768, 30], [714, 192], [624, 570], [606, 696]]",,"[[480, 150], [1386, 474]]",,0.23134754682427175,0.13163757173193147
460,1,1,7.640999999999963,,13518,"[954, 270]",False,,True,-1.0,False,strong,False,"[[762, 24], [708, 186], [618, 564], [600, 690]]",,"[[474, 144], [1380, 468]]",,0.23134754682427175,0.13163757173193147
461,1,1,7.6580000000000155,,13518,"[954, 270]",False,,True,-1.0,False,strong,False,"[[756, 18], [702, 180], [612, 558], [594, 684]]",,"[[468, 138], [1374, 462]]",,0.4668791227550383,0.35291593824526857
462,1,1,7.673999999999978,,13518,"[954, 270]",False,,True,-1.0,False,strong,False,"[[750, 12], [696, 174], [606, 552], [588, 678]]",,"[[462, 132], [1368, 456]]",,0.46605677723578587,0.3520657903578185
463,1,1,7.691000000000031,,13518,"[954, 270]",False,,True,-1.0,False,strong,False,"[[744, 6], [690, 168], [600, 546], [582, 672]]",,"[[456, 126], [1362, 450]]",,0.23134754682427175,0.13163757173193147
464,1,1,7.70799999999997,,13518,"[954, 270]",False,Left,True,-1.0,False,strong,False,"[[738, 0], [684, 162], [594, 540], [576, 666]]",,"[[456, 120], [1362, 444]]",,0.23134754682427175,0.13163757173193147
465,1,1,7.725000000000023,,13518,"[954, 270]",False,Left,True,-1.0,False,strong,False,"[[684, 156], [594, 534], [576, 660]]",,"[[456, 114], [1362, 438]]",,0.46561378533923004,0.34682711369416674
466,1,1,7.741999999999962,,13518,"[954, 270]",False,Left,True,-1.0,False,strong,False,"[[684, 150], [594, 528], [576, 654]]",,"[[456, 108], [1362, 432]]",,0.4680140007819181,0.3413311472207754
467,1,1,7.758000000000038,,13518,"[954, 270]",False,Left,True,-1.0,False,strong,False,"[[684, 144], [594, 522], [576, 648], [900, 810]]",,"[[456, 102], [1362, 426]]",,0.23134754682427175,0.13163757173193147
468,1,1,7.774999999999977,,13518,"[954, 270]",False,Left,True,-1.0,False,strong,False,"[[684, 138], [594, 516], [576, 642], [900, 804]]",,"[[456, 96], [1362, 420]]",,0.23134754682427175,0.13163757173193147
469,1,1,7.79200000000003,,13518,"[954, 270]",False,Left,True,-1.0,False,strong,False,"[[684, 132], [594, 510], [576, 636], [900, 798]]",,"[[456, 90], [1362, 414]]",,0.23134754682427175,0.13163757173193147
470,1,1,7.807999999999993,,13518,"[954, 270]",False,Left,True,-1.0,False,strong,False,"[[684, 126], [594, 504], [576, 630], [900, 792]]",,"[[456, 84], [1362, 408]]",,0.46711919864389584,0.34027707653296513
471,1,1,7.823999999999955,,13518,"[954, 270]",False,Left,True,-1.0,False,strong,False,"[[684, 120], [594, 498], [576, 624], [900, 786]]",,"[[456, 78], [1362, 402]]",,0.46711919864389584,0.34027707653296513
472,1,1,7.841000000000008,,13518,"[954, 270]",False,Left,True,-1.0,False,strong,False,"[[684, 114], [594, 492], [576, 618], [900, 780]]",,"[[456, 72], [1362, 396]]",,0.4670724187675043,0.3407739038563927
473,1,1,7.857999999999947,,13518,"[954, 270]",False,Left,True,-1.0,False,strong,False,"[[684, 108], [594, 486], [576, 612], [900, 774]]",,"[[456, 66], [1362, 390]]",,0.46747864114048304,0.341177049553647
474,1,1,7.874000000000024,,13518,"[954, 270]",False,Left,True,-1.0,False,strong,False,"[[684, 102], [594, 480], [576, 606], [900, 768]]",,"[[456, 60], [1362, 384]]",,0.23134754682427175,0.13163757173193147
475,1,1,7.889999999999986,,13518,"[954, 270]",False,Left,True,-1.0,False,strong,False,"[[684, 96], [594, 474], [576, 600], [900, 762]]",,"[[456, 54], [1362, 378]]",,0.23134754682427175,0.13163757173193147
476,1,1,7.907000000000039,,13518,"[954, 270]",False,Left,True,-1.0,False,strong,False,"[[684, 90], [594, 468], [576, 594], [900, 756]]",,"[[456, 48], [1362, 372]]",,0.23134754682427175,0.13163757173193147
477,1,1,7.923000000000002,,13518,"[954, 270]",False,Left,True,-1.0,False,strong,False,"[[684, 84], [594, 462], [576, 588], [900, 750]]",,"[[456, 42], [1362, 366]]",,0.23134754682427175,0.13163757173193147
478,1,1,7.939999999999941,,13518,"[954, 270]",False,Left,True,-1.0,False,strong,False,"[[684, 78], [594, 456], [576, 582], [900, 744]]",,"[[456, 36], [1362, 360]]",,0.4727431460228919,0.3461664673796431
479,1,1,7.956999999999994,,13518,"[954, 270]",False,Left,True,-1.0,False,strong,False,"[[684, 72], [594, 450], [576, 576], [900, 738]]",,"[[456, 30], [1362, 354]]",,0.4724029996395821,0.34625855126651206
480,1,1,7.972999999999956,,13518,"[954, 270]",False,Left,True,-1.0,False,strong,False,"[[684, 66], [594, 444], [576, 570], [900, 732]]",,"[[456, 24], [1362, 348]]",,0.4718192350184375,0.34641238097818683
481,1,1,7.990000000000009,,13518,"[954, 270]",False,Left,True,-1.0,False,strong,False,"[[684, 60], [594, 438], [576, 564], [900, 726]]",,"[[456, 18], [1362, 342]]",,0.4718192350184375,0.34641238097818683
482,1,1,8.005999999999972,,13518,"[954, 270]",False,Left,True,-1.0,False,strong,False,"[[684, 54], [594, 432], [576, 558], [900, 720]]",,"[[456, 12], [1362, 336]]",,0.4238112703692215,0.38201410215784737
483,1,1,8.023000000000025,,13518,"[954, 270]",False,Left,True,-1.0,False,strong,False,"[[684, 48], [594, 426], [576, 552], [900, 714]]",,"[[456, 6], [1362, 330]]",,0.4238112703692215,0.38201410215784737
484,1,1,8.039999999999964,,13518,"[954, 270]",False,Left,True,0.0,False,strong,False,"[[684, 42], [594, 420], [576, 546], [900, 708]]",,"[[456, 0], [1362, 324]]",,0.4234729518086814,0.38185287835950843
485,1,1,8.057999999999993,,13518,"[954, 270]",False,,True,0.0,False,strong,False,"[[684, 36], [594, 414], [576, 540], [900, 702]]",,"[[1362, 318]]",,0.4234729518086814,0.38185287835950843
486,1,1,8.072999999999979,,13518,"[954, 270]",False,,True,0.0,False,strong,False,"[[684, 30], [594, 408], [576, 534], [900, 696]]",,"[[1362, 312]]",,0.23134754682427175,0.13163757173193147
487,1,1,8.090000000000032,,13518,"[954, 270]",False,,True,1.0,False,strong,False,"[[684, 24], [594, 402], [576, 528], [900, 690]]",,"[[1362, 306]]",,0.23134754682427175,0.13163757173193147
488,1,1,8.105000000000018,,13518,"[954, 270]",False,,True,1.0,False,strong,False,"[[684, 18], [594, 396], [576, 522], [900, 684]]",,"[[1368, 300]]",,0.4534571815345396,0.3309556461366714
489,1,1,8.120999999999981,,13518,"[954, 270]",False,,True,1.0,False,strong,False,"[[690, 12], [600, 390], [582, 516], [906, 678]]",,"[[1374, 294]]",,0.4534571815345396,0.3309556461366714
490,1,1,8.136999999999944,,13518,"[954, 270]",False,,True,1.0,False,strong,False,"[[696, 6], [606, 384], [588, 510], [912, 672]]",,"[[1380, 288]]",,0.42470589277496273,0.386852775070053
491,1,1,8.15300000000002,,13518,"[954, 270]",False,,True,1.0,False,strong,False,"[[702, 0], [612, 378], [594, 504], [918, 666]]",,"[[1386, 282]]",,0.42470589277496273,0.386852775070053
492,1,1,8.17100000000005,,13518,"[954, 270]",False,Left,True,1.0,False,strong,False,"[[618, 372], [600, 498], [924, 660]]",,"[[1398, 276]]",,0.4567269062733982,0.3342386179765451
493,1,1,8.187000000000012,,13518,"[954, 270]",False,Left,True,1.0,False,strong,False,"[[630, 366], [612, 492], [936, 654]]",,"[[1410, 270]]",,0.4567269062733982,0.3342386179765451
494,1,1,8.20399999999995,,13518,"[954, 270]",False,Left,True,1.0,False,strong,False,"[[642, 360], [624, 486], [948, 648]]",,"[[1422, 264]]",,0.42523584876355836,0.3918767309673442
495,1,1,8.221000000000004,,13518,"[954, 270]",False,Left,True,1.0,False,strong,False,"[[654, 354], [636, 480], [960, 642]]",,"[[1434, 258]]",,0.42523584876355836,0.3918767309673442
496,1,1,8.236999999999966,,13518,"[954, 270]",False,Left,True,1.0,False,strong,False,"[[666, 348], [648, 474], [972, 636]]",,"[[1446, 252]]",,0.23134754682427175,0.13163757173193147
497,1,1,8.253000000000043,,13518,"[954, 270]",False,Left,True,1.0,False,strong,False,"[[678, 342], [660, 468], [984, 630]]",,"[[1458, 246]]",,0.23134754682427175,0.13163757173193147
498,1,1,8.269999999999982,,13518,"[954, 270]",False,Left,True,1.0,False,strong,False,"[[690, 336], [672, 462], [996, 624]]",,"[[1470, 240]]",,0.23134754682427175,0.13163757173193147
499,1,1,8.287000000000035,,13518,"[954, 270]",False,Left,True,1.0,False,strong,False,"[[702, 330], [684, 456], [1008, 618]]",,"[[1482, 234]]",,0.23134754682427175,0.13163757173193147
500,1,1,8.302999999999997,,13518,"[954, 270]",False,Left,True,1.0,False,strong,False,"[[714, 324], [696, 450], [1020, 612]]",,"[[1494, 228]]",,0.45767816239918496,0.3398250102204644
501,1,1,8.32000000000005,,13518,"[954, 270]",False,,True,1.0,False,strong,False,"[[726, 318], [708, 444], [1032, 606]]",,"[[1500, 222]]",,0.45767816239918496,0.3398250102204644
502,1,1,8.336000000000013,,13518,"[954, 270]",False,,True,1.0,False,strong,False,"[[732, 312], [714, 438], [1038, 600]]",,"[[1506, 216]]",,0.23134754682427175,0.13163757173193147
503,1,1,8.352999999999952,,13518,"[954, 270]",False,,True,1.0,False,strong,False,"[[738, 306], [720, 432], [1044, 594]]",,"[[1512, 210]]",,0.23134754682427175,0.13163757173193147
504,1,1,8.369000000000028,,13518,"[954, 270]",False,,True,1.0,False,strong,False,"[[744, 300], [726, 426], [1050, 588]]",,"[[1518, 204]]",,0.45808985653115253,0.3434179268906701
505,1,1,8.384999999999991,,13518,"[954, 270]",False,,True,1.0,False,strong,False,"[[750, 294], [732, 420], [1056, 582]]",,"[[1524, 198]]",,0.45808985653115253,0.3434179268906701
506,1,1,8.400999999999954,,13518,"[954, 270]",False,,True,1.0,False,strong,False,"[[756, 288], [738, 414], [1062, 576]]",,"[[1530, 192]]",,0.23134754682427175,0.13163757173193147
507,1,1,8.41700000000003,,13518,"[954, 270]",False,,True,1.0,False,strong,False,"[[762, 282], [744, 408], [1068, 570]]",,"[[1536, 186]]",,0.23134754682427175,0.13163757173193147
508,1,1,8.433999999999969,,13518,"[954, 270]",False,,True,1.0,False,strong,False,"[[768, 276], [750, 402], [1074, 564]]",,"[[1542, 180]]",,0.45955615741872863,0.34309673715143163
509,1,1,8.451000000000022,,13518,"[954, 270]",False,Left,True,1.0,False,strong,False,"[[774, 270], [756, 396], [1080, 558]]",,"[[1554, 174]]",,0.45955615741872863,0.34309673715143163
510,1,1,8.466999999999985,,13518,"[954, 270]",False,Left,True,1.0,False,strong,False,"[[786, 264], [768, 390], [1092, 552]]",,"[[1566, 168]]",,0.4607327461468671,0.3447552220037894
511,1,1,8.482999999999947,,13518,"[954, 270]",False,Left,True,1.0,False,strong,False,"[[798, 258], [780, 384], [1104, 546]]",,"[[1578, 162]]",,0.4607327461468671,0.3447552220037894
512,1,1,8.499000000000024,,13518,"[954, 270]",False,Left,True,1.0,False,strong,False,"[[810, 252], [792, 378], [1116, 540], [846, 810]]",,"[[1590, 156]]",,0.46151585316695504,0.345252289012586
513,1,1,8.515999999999963,,13518,"[954, 270]",False,,True,1.0,False,strong,False,"[[822, 246], [804, 372], [1128, 534], [858, 804]]",,"[[1596, 150]]",,0.46151585316695504,0.345252289012586
514,1,1,8.532000000000039,,13518,"[954, 270]",False,,True,1.0,False,strong,False,"[[828, 240], [810, 366], [1134, 528], [864, 798]]",,"[[1602, 144]]",,0.4605912258073042,0.34449170720292055
515,1,1,8.548000000000002,,13518,"[954, 270]",False,,True,1.0,False,strong,False,"[[834, 234], [816, 360], [1140, 522], [870, 792]]",,"[[1608, 138]]",,0.46065165593477664,0.3440812937200953
516,1,1,8.563999999999965,,13518,"[954, 270]",False,,True,1.0,False,strong,False,"[[840, 228], [822, 354], [1146, 516], [876, 786]]",,"[[1614, 132]]",,0.23134754682427175,0.13163757173193147
517,1,1,8.580000000000041,,13518,"[954, 270]",False,,True,1.0,False,strong,False,"[[846, 222], [828, 348], [1152, 510], [882, 780]]",,"[[1620, 126]]",,0.23134754682427175,0.13163757173193147
518,1,1,8.596000000000004,,13518,"[954, 270]",False,,True,1.0,False,strong,False,"[[852, 216], [834, 342], [1158, 504], [888, 774], [1374, 810]]",,"[[1626, 120]]",,0.4603811934999955,0.34428704596241666
519,1,1,8.612999999999943,,13518,"[954, 270]",False,,True,1.0,False,strong,False,"[[858, 210], [840, 336], [1164, 498], [894, 768], [1380, 804]]",,"[[1632, 114]]",,0.4608721400637704,0.34479724712546467
520,1,1,8.629999999999995,,13518,"[954, 270]",False,,True,1.0,False,strong,False,"[[864, 204], [846, 330], [1170, 492], [900, 762], [1386, 798]]",,"[[1638, 108]]",,0.23134754682427175,0.13163757173193147
521,1,1,8.647000000000048,,13518,"[954, 270]",False,Right,True,1.0,False,strong,False,"[[870, 198], [852, 324], [1176, 486], [906, 756], [1392, 792]]",,"[[1638, 102]]",,0.23134754682427175,0.13163757173193147
522,1,1,8.663000000000011,,13518,"[954, 270]",False,Right,True,1.0,False,strong,False,"[[870, 192], [852, 318], [1176, 480], [906, 750], [1392, 786]]",,"[[1638, 96]]",,0.46344653159782406,0.3489006110201409
523,1,1,8.67999999999995,,13518,"[954, 270]",False,Right,True,1.0,False,strong,False,"[[870, 186], [852, 312], [1176, 474], [906, 744], [1392, 780]]",,"[[1638, 90]]",,0.23134754682427175,0.13163757173193147
524,1,1,8.696000000000026,,13518,"[954, 270]",False,Right,True,1.0,False,strong,False,"[[870, 180], [852, 306], [1176, 468], [906, 738], [1392, 774]]",,"[[1638, 84]]",,0.23134754682427175,0.13163757173193147
525,1,1,8.712999999999965,,13518,"[954, 270]",False,Right,True,1.0,False,strong,False,"[[870, 174], [852, 300], [1176, 462], [906, 732], [1392, 768]]",,"[[1638, 78]]",,0.23134754682427175,0.13163757173193147
526,1,1,8.730000000000018,,13518,"[954, 270]",False,Right,True,1.0,False,strong,False,"[[870, 168], [852, 294], [1176, 456], [906, 726], [1392, 762]]",,"[[1638, 72]]",,0.46646059471234674,0.35096266097175766
527,1,1,8.746999999999957,,13518,"[954, 270]",False,Right,True,1.0,False,strong,False,"[[870, 162], [852, 288], [1176, 450], [906, 720], [1392, 756]]",,"[[1638, 66]]",,0.46496772302921424,0.34820401346307694
528,1,1,8.763000000000034,,13518,"[954, 270]",False,Right,True,1.0,False,strong,False,"[[870, 156], [852, 282], [1176, 444], [906, 714], [1392, 750]]",,"[[1638, 60]]",,0.46324037349087704,0.34338880063923527
529,1,1,8.779999999999973,,13518,"[954, 270]",False,Right,True,1.0,False,strong,False,"[[870, 150], [852, 276], [1176, 438], [906, 708], [1392, 744]]",,"[[1638, 54]]",,0.46328933398498523,0.3424365936623014
530,1,1,8.79600000000005,,13518,"[954, 270]",False,Right,True,1.0,False,strong,False,"[[870, 144], [852, 270], [1176, 432], [906, 702], [1392, 738]]",,"[[1638, 48]]",,0.46328933398498523,0.3424365936623014
531,1,1,8.812000000000012,,13518,"[954, 270]",False,Right,True,1.0,False,strong,False,"[[870, 138], [852, 264], [1176, 426], [906, 696], [1392, 732]]",,"[[1638, 42]]",,0.4613910775216607,0.34306451547937633
532,1,1,8.82899999999995,,13518,"[954, 270]",False,Right,True,1.0,False,strong,False,"[[870, 132], [852, 258], [1176, 420], [906, 690], [1392, 726]]",,"[[1638, 36]]",,0.4613910775216607,0.34306451547937633
533,1,1,8.846000000000004,,13518,"[954, 270]",False,Right,True,1.0,False,strong,False,"[[870, 126], [852, 252], [1176, 414], [906, 684], [1392, 720]]",,"[[1638, 30]]",,0.46061802332028445,0.343603385255125
534,1,1,8.861999999999966,,13518,"[954, 270]",False,Right,True,1.0,False,strong,False,"[[870, 120], [852, 246], [1176, 408], [906, 678], [1392, 714]]",,"[[1638, 24]]",,0.460319360929809,0.3444292916908057
535,1,1,8.878000000000043,,13518,"[954, 270]",False,Right,True,1.0,False,strong,False,"[[870, 114], [852, 240], [1176, 402], [906, 672], [1392, 708]]",,"[[1638, 18]]",,0.4603423202539158,0.34462166129225735
536,1,1,8.894000000000005,,13518,"[954, 270]",False,Right,True,1.0,False,strong,False,"[[870, 108], [852, 234], [1176, 396], [906, 666], [1392, 702]]",,"[[1638, 12]]",,0.4603423202539158,0.34462166129225735
537,1,1,8.909999999999968,,13518,"[954, 270]",False,Right,True,1.0,False,strong,False,"[[870, 102], [852, 228], [1176, 390], [906, 660], [1392, 696]]",,"[[1638, 6]]",,0.23134754682427175,0.13163757173193147
538,1,1,8.927000000000021,,13518,"[954, 270]",False,Right,True,0.0,False,strong,False,"[[870, 96], [852, 222], [1176, 384], [906, 654], [1392, 690]]",,"[[1638, 0]]",,0.23134754682427175,0.13163757173193147
539,1,1,8.942999999999984,,13518,"[954, 270]",False,Right,True,0.0,False,strong,False,"[[870, 90], [852, 216], [1176, 378], [906, 648], [1392, 684]]",,[],,0.23134754682427175,0.13163757173193147
540,1,1,8.960000000000036,,13518,"[954, 270]",False,Right,True,0.0,False,strong,False,"[[864, 84], [846, 210], [1170, 372], [900, 642], [1386, 678]]",,[],,0.23134754682427175,0.13163757173193147
541,1,1,8.977999999999952,,13518,"[954, 270]",False,,True,0.0,False,strong,False,"[[858, 78], [840, 204], [1164, 366], [894, 636], [1380, 672]]",,[],,0.4637488545060183,0.34626261834434713
542,1,1,8.994000000000028,,13518,"[954, 270]",False,,True,0.0,False,strong,False,"[[858, 72], [840, 198], [1164, 360], [894, 630], [1380, 666]]",,[],,0.4637488545060183,0.34626261834434713
543,1,1,9.009999999999991,,13518,"[954, 270]",False,,True,0.0,False,strong,False,"[[858, 66], [840, 192], [1164, 354], [894, 624], [1380, 660]]",,[],,0.23134754682427175,0.13163757173193147
544,1,1,9.025999999999954,,13518,"[954, 270]",False,,True,0.0,False,strong,False,"[[858, 60], [840, 186], [1164, 348], [894, 618], [1380, 654]]",,[],,0.23134754682427175,0.13163757173193147
545,1,1,9.043000000000006,,13518,"[954, 270]",False,,True,0.0,False,strong,False,"[[858, 54], [840, 180], [1164, 342], [894, 612], [1380, 648]]",,[],,0.23134754682427175,0.13163757173193147
546,1,1,9.059999999999945,,13518,"[954, 270]",False,,True,0.0,False,strong,False,"[[858, 48], [840, 174], [1164, 336], [894, 606], [1380, 642]]",,[],,0.23134754682427175,0.13163757173193147
547,1,1,9.077999999999975,,13518,"[954, 270]",False,Right,True,0.0,False,strong,False,"[[858, 42], [840, 168], [1164, 330], [894, 600], [1380, 636]]",,[],,0.23134754682427175,0.13163757173193147
548,1,1,9.092999999999961,,13518,"[954, 270]",False,Right,True,0.0,False,strong,False,"[[852, 36], [834, 162], [1158, 324], [888, 594], [1374, 630]]",,[],,0.23134754682427175,0.13163757173193147
549,1,1,9.107999999999947,,13518,"[954, 270]",False,Right,True,0.0,False,strong,False,"[[846, 30], [828, 156], [1152, 318], [882, 588], [1368, 624]]",,[],,0.23134754682427175,0.13163757173193147
550,1,1,9.124000000000024,,13518,"[954, 270]",False,Right,True,0.0,False,strong,False,"[[840, 24], [822, 150], [1146, 312], [876, 582], [1362, 618]]",,[],,0.23134754682427175,0.13163757173193147
551,1,1,9.140999999999963,,13518,"[954, 270]",False,Right,True,0.0,False,strong,False,"[[834, 18], [816, 144], [1140, 306], [870, 576], [1356, 612]]",,[],,0.45700186675824356,0.33034734463920246
552,1,1,9.158000000000015,,13518,"[954, 270]",False,Right,True,0.0,False,strong,False,"[[828, 12], [810, 138], [1134, 300], [864, 570], [1350, 606]]",,[],,0.45700186675824356,0.33034734463920246
553,1,1,9.173999999999978,,13518,"[954, 270]",False,Right,True,0.0,False,strong,False,"[[822, 6], [804, 132], [1128, 294], [858, 564], [1344, 600]]",,[],,0.4299418330711714,0.3860422145031781
554,1,1,9.18999999999994,,13518,"[954, 270]",False,Right,True,0.0,False,strong,False,"[[816, 0], [798, 126], [1122, 288], [852, 558], [1338, 594], [960, 810]]",,[],,0.4299418330711714,0.3860422145031781
555,1,1,9.20799999999997,,13518,"[954, 270]",False,,True,0.0,False,strong,False,"[[792, 120], [1116, 282], [846, 552], [1332, 588], [954, 804]]",,[],,0.23134754682427175,0.13163757173193147
556,1,1,9.222999999999956,,13518,"[954, 270]",False,,True,0.0,False,strong,False,"[[792, 114], [1116, 276], [846, 546], [1332, 582], [954, 798]]",,[],,0.23134754682427175,0.13163757173193147
557,1,1,9.240000000000009,,13518,"[954, 270]",False,,True,0.0,False,strong,False,"[[792, 108], [1116, 270], [846, 540], [1332, 576], [954, 792]]",,[],,0.4602735030102303,0.33332032204240736
558,1,1,9.255999999999972,,13518,"[954, 270]",False,,True,0.0,False,strong,False,"[[792, 102], [1116, 264], [846, 534], [1332, 570], [954, 786]]",,[],,0.4602735030102303,0.33332032204240736
559,1,1,9.272000000000048,,13518,"[954, 270]",False,,True,0.0,False,strong,False,"[[792, 96], [1116, 258], [846, 528], [1332, 564], [954, 780]]",,[],,0.23134754682427175,0.13163757173193147
560,1,1,9.288000000000011,,13518,"[954, 270]",False,,True,0.0,False,strong,False,"[[792, 90], [1116, 252], [846, 522], [1332, 558], [954, 774]]",,[],,0.23134754682427175,0.13163757173193147
561,1,1,9.303999999999974,,13518,"[954, 270]",False,,True,0.0,False,strong,False,"[[792, 84], [1116, 246], [846, 516], [1332, 552], [954, 768]]",,[],,0.45871074438731557,0.3383259619608885
562,1,1,9.322000000000003,,13518,"[954, 270]",False,Right,True,0.0,False,strong,False,"[[792, 78], [1116, 240], [846, 510], [1332, 546], [954, 762]]",,[],,0.45871074438731557,0.3383259619608885
563,1,1,9.337999999999965,,13518,"[954, 270]",False,Right,True,0.0,False,strong,False,"[[786, 72], [1110, 234], [840, 504], [1326, 540], [948, 756]]",,[],,0.45797250570923953,0.3391764018702418
564,1,1,9.354000000000042,,13518,"[954, 270]",False,Right,True,0.0,False,strong,False,"[[780, 66], [1104, 228], [834, 498], [1320, 534], [942, 750]]",,[],,0.45797250570923953,0.3391764018702418
565,1,1,9.370999999999981,,13518,"[954, 270]",False,Right,True,0.0,False,strong,False,"[[774, 60], [1098, 222], [828, 492], [1314, 528], [936, 744]]",,[],,0.45808090157958337,0.33856370101972644
566,1,1,9.388000000000034,,13518,"[954, 270]",False,,True,0.0,False,strong,False,"[[768, 54], [1092, 216], [822, 486], [1308, 522], [930, 738]]",,[],,0.45808090157958337,0.33856370101972644
567,1,1,9.403999999999996,,13518,"[954, 270]",False,,True,0.0,False,strong,False,"[[768, 48], [1092, 210], [822, 480], [1308, 516], [930, 732]]",,[],,0.4582159807502461,0.3383042075231195
568,1,1,9.419999999999959,,13518,"[954, 270]",False,,True,0.0,False,strong,False,"[[768, 42], [1092, 204], [822, 474], [1308, 510], [930, 726]]",,[],,0.4582159807502461,0.3383042075231195
569,1,1,9.436000000000035,,13518,"[954, 270]",False,,True,0.0,False,strong,False,"[[768, 36], [1092, 198], [822, 468], [1308, 504], [930, 720]]",,[],,0.4595261799712519,0.33994257617818713
570,1,1,9.451999999999998,,13518,"[954, 270]",False,,True,0.0,False,strong,False,"[[768, 30], [1092, 192], [822, 462], [1308, 498], [930, 714]]",,[],,0.23134754682427175,0.13163757173193147
571,1,1,9.469000000000051,,13518,"[954, 270]",False,,True,0.0,False,strong,False,"[[768, 24], [1092, 186], [822, 456], [1308, 492], [930, 708]]",,[],,0.4608365030107506,0.34162287504529654
572,1,1,9.485000000000014,,13518,"[954, 270]",False,,True,0.0,False,strong,False,"[[768, 18], [1092, 180], [822, 450], [1308, 486], [930, 702]]",,[],,0.4608365030107506,0.34162287504529654
573,1,1,9.501999999999953,,13518,"[954, 270]",False,,True,0.0,False,strong,False,"[[768, 12], [1092, 174], [822, 444], [1308, 480], [930, 696]]",,[],,0.23134754682427175,0.13163757173193147
574,1,1,9.518000000000029,,13518,"[954, 270]",False,,True,0.0,False,strong,False,"[[768, 6], [1092, 168], [822, 438], [1308, 474], [930, 690]]",,[],,0.46186911030422706,0.34349017583168295
575,1,1,9.534999999999968,,13518,"[954, 270]",False,,True,0.0,False,strong,False,"[[768, 0], [1092, 162], [822, 432], [1308, 468], [930, 684], [966, 810]]",,[],,0.23134754682427175,0.13163757173193147
576,1,1,9.552999999999997,,13518,"[954, 270]",False,,True,0.0,False,strong,False,"[[1092, 156], [822, 426], [1308, 462], [930, 678], [966, 804]]",,[],,0.46260629934021047,0.3443369862552379
577,1,1,9.56899999999996,,13518,"[954, 270]",False,,True,0.0,False,strong,False,"[[1092, 150], [822, 420], [1308, 456], [930, 672], [966, 798]]",,[],,0.4622219934517996,0.34480052968790464
578,1,1,9.585000000000036,,13518,"[954, 270]",False,,True,0.0,False,strong,False,"[[1092, 144], [822, 414], [1308, 450], [930, 666], [966, 792]]",,[],,0.4374393249193824,0.37946949386462814
579,1,1,9.600999999999999,,13518,"[954, 270]",False,,True,0.0,False,strong,False,"[[1092, 138], [822, 408], [1308, 444], [930, 660], [966, 786]]",,[],,0.43775055016725417,0.37994715757965336
580,1,1,9.618000000000052,,13518,"[954, 270]",False,,True,0.0,False,strong,False,"[[1092, 132], [822, 402], [1308, 438], [930, 654], [966, 780]]",,[],,0.4379787020787296,0.37935518579163674
581,1,1,9.634000000000015,,13518,"[954, 270]",False,,True,0.0,False,strong,False,"[[1092, 126], [822, 396], [1308, 432], [930, 648], [966, 774]]",,[],,0.23134754682427175,0.13163757173193147
582,1,1,9.652000000000044,,13518,"[954, 270]",False,Right,True,0.0,False,strong,False,"[[1092, 120], [822, 390], [1308, 426], [930, 642], [966, 768]]",,[],,0.43764659801565403,0.3785579076562311
583,1,1,9.668000000000006,,13518,"[954, 270]",False,Right,True,0.0,False,strong,False,"[[1086, 114], [816, 384], [1302, 420], [924, 636], [960, 762]]",,[],,0.46464693426627424,0.328255736416036
584,1,1,9.684999999999945,,13518,"[954, 270]",False,Right,True,0.0,False,strong,False,"[[1080, 108], [810, 378], [1296, 414], [918, 630], [954, 756]]",,[],,0.4649853543385484,0.32910117194902966
585,1,1,9.701999999999998,,13518,"[954, 270]",False,Right,True,0.0,False,strong,False,"[[1074, 102], [804, 372], [1290, 408], [912, 624], [948, 750]]",,[],,0.4369911966658873,0.38074159971856736
586,1,1,9.717999999999961,,13518,"[954, 270]",False,Right,True,0.0,False,strong,False,"[[1068, 96], [798, 366], [1284, 402], [906, 618], [942, 744]]",,[],,0.4363760639026507,0.38215944264251644
587,1,1,9.735000000000014,,13518,"[954, 270]",False,Right,True,0.0,False,strong,False,"[[1062, 90], [792, 360], [1278, 396], [900, 612], [936, 738]]",,[],,0.43667788515225,0.38317753264961074
588,1,1,9.751999999999953,,13518,"[954, 270]",False,,True,0.0,False,strong,False,"[[1056, 84], [786, 354], [1272, 390], [894, 606], [930, 732]]",,[],,0.23134754682427175,0.13163757173193147
589,1,1,9.768000000000029,,13518,"[954, 270]",False,,True,0.0,False,strong,False,"[[1056, 78], [786, 348], [1272, 384], [894, 600], [930, 726]]",,[],,0.23134754682427175,0.13163757173193147
590,1,1,9.783999999999992,,13518,"[954, 270]",False,,True,0.0,False,strong,False,"[[1056, 72], [786, 342], [1272, 378], [894, 594], [930, 720]]",,[],,0.23134754682427175,0.13163757173193147
591,1,1,9.801000000000045,,13518,"[954, 270]",False,,True,0.0,False,strong,False,"[[1056, 66], [786, 336], [1272, 372], [894, 588], [930, 714]]",,[],,0.46512225074504626,0.3323478476919155
592,1,1,9.817999999999984,,13518,"[954, 270]",False,,True,0.0,False,strong,False,"[[1056, 60], [786, 330], [1272, 366], [894, 582], [930, 708]]",,[],,0.46522030842554346,0.3326160699015541
593,1,1,9.83299999999997,,13518,"[954, 270]",False,Right,True,0.0,False,strong,False,"[[1056, 54], [786, 324], [1272, 360], [894, 576], [930, 702]]",,[],,0.46564448800682073,0.333256955310239
594,1,1,9.850000000000023,,13518,"[954, 270]",False,Right,True,0.0,False,strong,False,"[[1050, 48], [780, 318], [1266, 354], [888, 570], [924, 696]]",,[],,0.46633870672244615,0.3361818790391312
595,1,1,9.866999999999962,,13518,"[954, 270]",False,Right,True,0.0,False,strong,False,"[[1044, 42], [774, 312], [1260, 348], [882, 564], [918, 690]]",,[],,0.46633870672244615,0.3361818790391312
596,1,1,9.884000000000015,,13518,"[954, 270]",False,Right,True,0.0,False,strong,False,"[[1038, 36], [768, 306], [1254, 342], [876, 558], [912, 684]]",,[],,0.46512469110711285,0.33687725441483307
597,1,1,9.900999999999954,,13518,"[954, 270]",False,Right,True,0.0,False,strong,False,"[[1032, 30], [762, 300], [1248, 336], [870, 552], [906, 678]]",,[],,0.23134754682427175,0.13163757173193147
598,1,1,9.91700000000003,,13518,"[954, 270]",False,Right,True,0.0,False,strong,False,"[[1026, 24], [756, 294], [1242, 330], [864, 546], [900, 672]]",,[],,0.23134754682427175,0.13163757173193147
599,1,1,9.933999999999969,,13518,"[954, 270]",False,,True,0.0,False,strong,False,"[[1020, 18], [750, 288], [1236, 324], [858, 540], [894, 666]]",,[],,0.23134754682427175,0.13163757173193147
600,1,1,9.948999999999955,,13518,"[954, 270]",False,,True,0.0,False,strong,False,"[[1020, 12], [750, 282], [1236, 318], [858, 534], [894, 660]]",,[],,0.46240946624550794,0.3398677661677496
601,1,1,9.965000000000032,,13518,"[954, 270]",False,,True,0.0,False,strong,False,"[[1020, 6], [750, 276], [1236, 312], [858, 528], [894, 654]]",,[],,0.46240946624550794,0.3398677661677496
602,1,1,9.981999999999971,,13518,"[954, 270]",False,,True,0.0,False,strong,False,"[[1020, 0], [750, 270], [1236, 306], [858, 522], [894, 648]]",,[],,0.46510640219349747,0.342318284435014
603,1,1,9.998000000000047,,13518,"[954, 270]",False,,True,0.0,False,strong,False,"[[750, 264], [1236, 300], [858, 516], [894, 642]]",,[],,0.46510640219349747,0.342318284435014
604,1,1,10.014999999999986,,13518,"[954, 270]",False,,True,0.0,False,strong,False,"[[750, 258], [1236, 294], [858, 510], [894, 636]]",,[],,0.46646743027686927,0.3447318198117485
605,1,1,10.032000000000039,,13518,"[954, 270]",False,,True,0.0,False,strong,False,"[[750, 252], [1236, 288], [858, 504], [894, 630]]",,[],,0.46646743027686927,0.3447318198117485
606,1,1,10.048999999999978,,13518,"[954, 270]",False,Right,True,0.0,False,strong,False,"[[750, 246], [1236, 282], [858, 498], [894, 624]]",,[],,0.4659122636843345,0.3334418380640375
607,1,1,10.066000000000031,,13518,"[954, 270]",False,Right,True,0.0,False,strong,False,"[[744, 240], [1230, 276], [852, 492], [888, 618]]",,[],,0.4659122636843345,0.3334418380640375
608,1,1,10.08299999999997,,13518,"[954, 270]",False,Right,True,0.0,False,strong,False,"[[738, 234], [1224, 270], [846, 486], [882, 612]]",,[],,0.23134754682427175,0.13163757173193147
609,1,1,10.100000000000023,,13518,"[954, 270]",False,Right,True,0.0,False,strong,False,"[[732, 228], [1218, 264], [840, 480], [876, 606]]",,[],,0.23134754682427175,0.13163757173193147
610,1,1,10.115999999999985,,13518,"[954, 270]",False,Right,True,0.0,False,strong,False,"[[726, 222], [1212, 258], [834, 474], [870, 600]]",,[],,0.4412507415039923,0.36362658316654983
611,1,1,10.133000000000038,,13518,"[954, 270]",False,Right,True,0.0,False,strong,False,"[[720, 216], [1206, 252], [828, 468], [864, 594]]",,[],,0.4412507415039923,0.36362658316654983
612,1,1,10.149999999999977,,13518,"[954, 270]",False,Right,True,0.0,False,strong,False,"[[714, 210], [1200, 246], [822, 462], [858, 588]]",,[],,0.23134754682427175,0.13163757173193147
613,1,1,10.16700000000003,,13518,"[954, 270]",False,Right,True,0.0,False,strong,False,"[[708, 204], [1194, 240], [816, 456], [852, 582]]",,"[[528, 810]]",,0.23134754682427175,0.13163757173193147
614,1,1,10.183999999999969,,13518,"[954, 270]",False,,True,0.0,False,strong,False,"[[702, 198], [1188, 234], [810, 450], [846, 576]]",,"[[528, 804]]",,0.4391302440685541,0.3649491998805391
615,1,1,10.201000000000022,,13518,"[954, 270]",False,,True,0.0,False,strong,False,"[[702, 192], [1188, 228], [810, 444], [846, 570]]",,"[[528, 798]]",,0.4391302440685541,0.3649491998805391
616,1,1,10.216999999999985,,13518,"[954, 270]",False,,True,0.0,False,strong,False,"[[702, 186], [1188, 222], [810, 438], [846, 564]]",,"[[528, 792]]",,0.4388820760848017,0.36692281364244117
617,1,1,10.232999999999947,,13518,"[954, 270]",False,,True,0.0,False,strong,False,"[[702, 180], [1188, 216], [810, 432], [846, 558]]",,"[[528, 786]]",,0.4388820760848017,0.36692281364244117
618,1,1,10.25,,13518,"[954, 270]",False,,True,0.0,False,strong,False,"[[702, 174], [1188, 210], [810, 426], [846, 552]]",,"[[528, 780]]",,0.23134754682427175,0.13163757173193147
619,1,1,10.265999999999963,,13518,"[954, 270]",False,,True,0.0,False,strong,False,"[[702, 168], [1188, 204], [810, 420], [846, 546]]",,"[[528, 774]]",,0.23134754682427175,0.13163757173193147
620,1,1,10.283000000000015,,13518,"[954, 270]",False,,True,0.0,False,strong,False,"[[702, 162], [1188, 198], [810, 414], [846, 540]]",,"[[528, 768]]",,0.4403859898612783,0.36994551627507055
621,1,1,10.299999999999955,,13518,"[954, 270]",False,,True,0.0,False,strong,False,"[[702, 156], [1188, 192], [810, 408], [846, 534]]",,"[[528, 762]]",,0.4403859898612783,0.36994551627507055
622,1,1,10.317000000000007,,13518,"[954, 270]",False,,True,0.0,False,strong,False,"[[702, 150], [1188, 186], [810, 402], [846, 528]]",,"[[528, 756]]",,0.4416128876405061,0.3713958133563612
623,1,1,10.33299999999997,,13518,"[954, 270]",False,,True,0.0,False,strong,False,"[[702, 144], [1188, 180], [810, 396], [846, 522]]",,"[[528, 750]]",,0.4416128876405061,0.3713958133563612
624,1,1,10.350000000000023,,13518,"[954, 270]",False,,True,0.0,False,strong,False,"[[702, 138], [1188, 174], [810, 390], [846, 516]]",,"[[528, 744]]",,0.44253632550480687,0.3753541623472808
625,1,1,10.366999999999962,,13518,"[954, 270]",False,,True,0.0,False,strong,False,"[[702, 132], [1188, 168], [810, 384], [846, 510]]",,"[[528, 738]]",,0.44253632550480687,0.3753541623472808
626,1,1,10.384999999999991,,13518,"[954, 270]",False,,True,0.0,False,strong,False,"[[702, 126], [1188, 162], [810, 378], [846, 504]]",,"[[528, 732]]",,0.4419422227901305,0.37840650146517685
627,1,1,10.402000000000044,,13518,"[954, 270]",False,,True,0.0,False,strong,False,"[[702, 120], [1188, 156], [810, 372], [846, 498]]",,"[[528, 726]]",,0.4419422227901305,0.37840650146517685
628,1,1,10.418000000000006,,13518,"[954, 270]",False,,True,0.0,False,strong,False,"[[702, 114], [1188, 150], [810, 366], [846, 492]]",,"[[528, 720]]",,0.23134754682427175,0.13163757173193147
629,1,1,10.433999999999969,,13518,"[954, 270]",False,,True,0.0,False,strong,False,"[[702, 108], [1188, 144], [810, 360], [846, 486]]",,"[[528, 714]]",,0.23134754682427175,0.13163757173193147
630,1,1,10.451000000000022,,13518,"[954, 270]",False,,True,0.0,False,strong,False,"[[702, 102], [1188, 138], [810, 354], [846, 480]]",,"[[528, 708]]",,0.43881045186654,0.3850490500349212
631,1,1,10.466999999999985,,13518,"[954, 270]",False,,True,0.0,False,strong,False,"[[702, 96], [1188, 132], [810, 348], [846, 474]]",,"[[528, 702]]",,0.43881045186654,0.3850490500349212
632,1,1,10.484000000000037,,13518,"[954, 270]",False,Right,True,0.0,False,strong,False,"[[702, 90], [1188, 126], [810, 342], [846, 468]]",,"[[522, 696]]",,0.23134754682427175,0.13163757173193147
633,1,1,10.500999999999976,,13518,"[954, 270]",False,Right,True,0.0,False,strong,False,"[[696, 84], [1182, 120], [804, 336], [840, 462]]",,"[[516, 690]]",,0.23134754682427175,0.13163757173193147
634,1,1,10.517000000000053,,13518,"[954, 270]",False,Right,True,0.0,False,strong,False,"[[690, 78], [1176, 114], [798, 330], [834, 456]]",,"[[510, 684]]",,0.4081868096302209,0.26251357910027384
635,1,1,10.533000000000015,,13518,"[954, 270]",False,Right,True,0.0,False,strong,False,"[[684, 72], [1170, 108], [792, 324], [828, 450]]",,"[[504, 678]]",,0.4081868096302209,0.26251357910027384
636,1,1,10.549999999999955,,13518,"[954, 270]",False,Right,True,0.0,False,strong,False,"[[678, 66], [1164, 102], [786, 318], [822, 444]]",,"[[498, 672]]",,0.23134754682427175,0.13163757173193147
637,1,1,10.567000000000007,,13518,"[954, 270]",False,Right,True,0.0,False,strong,False,"[[672, 60], [1158, 96], [780, 312], [816, 438]]",,"[[492, 666]]",,0.23134754682427175,0.13163757173193147
638,1,1,10.585000000000036,,13518,"[954, 270]",False,,True,0.0,False,strong,False,"[[666, 54], [1152, 90], [774, 306], [810, 432]]",,"[[492, 660]]",,0.39699682622922133,0.44578105424924575
639,1,1,10.600999999999999,,13518,"[954, 270]",False,,True,0.0,False,strong,False,"[[666, 48], [1152, 84], [774, 300], [810, 426]]",,"[[492, 654]]",,0.39699682622922133,0.44578105424924575
640,1,1,10.616999999999962,,13518,"[954, 270]",False,,True,0.0,False,strong,False,"[[666, 42], [1152, 78], [774, 294], [810, 420]]",,"[[492, 648]]",,0.39040935643065267,0.4397735230881721
641,1,1,10.633000000000038,,13518,"[954, 270]",False,,True,0.0,False,strong,False,"[[666, 36], [1152, 72], [774, 288], [810, 414]]",,"[[492, 642]]",,0.39040935643065267,0.4397735230881721
642,1,1,10.649999999999977,,13518,"[954, 270]",False,,True,0.0,False,strong,False,"[[666, 30], [1152, 66], [774, 282], [810, 408]]",,"[[492, 636]]",,0.38564609083930323,0.43491780691114246
643,1,1,10.66700000000003,,13518,"[954, 270]",False,,True,0.0,False,strong,False,"[[666, 24], [1152, 60], [774, 276], [810, 402]]",,"[[492, 630]]",,0.38564609083930323,0.43491780691114246
644,1,1,10.682999999999993,,13518,"[954, 270]",False,,True,0.0,False,strong,False,"[[666, 18], [1152, 54], [774, 270], [810, 396]]",,"[[492, 624]]",,0.38130395897755925,0.4354799445855331
645,1,1,10.700000000000045,,13518,"[954, 270]",False,,True,0.0,False,strong,False,"[[666, 12], [1152, 48], [774, 264], [810, 390]]",,"[[492, 618]]",,0.38130395897755925,0.4354799445855331
646,1,1,10.716000000000008,,13518,"[954, 270]",False,,True,0.0,False,strong,False,"[[666, 6], [1152, 42], [774, 258], [810, 384]]",,"[[492, 612]]",,0.38009525768664665,0.4385914485604623
647,1,1,10.731999999999971,,13518,"[954, 270]",False,,True,0.0,False,strong,False,"[[666, 0], [1152, 36], [774, 252], [810, 378], [990, 810]]",,"[[492, 606]]",,0.38009525768664665,0.4385914485604623
648,1,1,10.748000000000047,,13518,"[954, 270]",False,,True,0.0,False,strong,False,"[[1152, 30], [774, 246], [810, 372], [990, 804]]",,"[[492, 600]]",,0.3798069550112413,0.43964677892055015
649,1,1,10.764999999999986,,13518,"[954, 270]",False,,True,0.0,False,strong,False,"[[1152, 24], [774, 240], [810, 366], [990, 798]]",,"[[492, 594]]",,0.3801847505766426,0.440280996872238
650,1,1,10.782000000000039,,13518,"[954, 270]",False,,True,0.0,False,strong,False,"[[1152, 18], [774, 234], [810, 360], [990, 792]]",,"[[492, 588]]",,0.40435729678226673,0.44305123536036173
651,1,1,10.798999999999978,,13518,"[954, 270]",False,Right,True,0.0,False,strong,False,"[[1152, 12], [774, 228], [810, 354], [990, 786]]",,"[[486, 582]]",,0.40435729678226673,0.44305123536036173
652,1,1,10.81499999999994,,13518,"[954, 270]",False,Right,True,0.0,False,strong,False,"[[1146, 6], [768, 222], [804, 348], [984, 780]]",,"[[480, 576]]",,0.4053277390817325,0.4478446980964975
653,1,1,10.831999999999994,,13518,"[954, 270]",False,Right,True,0.0,False,strong,False,"[[1140, 0], [762, 216], [798, 342], [978, 774]]",,"[[474, 570]]",,0.4053277390817325,0.4478446980964975
654,1,1,10.847999999999956,,13518,"[954, 270]",False,Right,True,0.0,False,strong,False,"[[756, 210], [792, 336], [972, 768]]",,"[[468, 564]]",,0.40707370948766525,0.4517547476661823
655,1,1,10.865000000000009,,13518,"[954, 270]",False,Right,True,0.0,False,strong,False,"[[750, 204], [786, 330], [966, 762]]",,"[[462, 558]]",,0.40707370948766525,0.4517547476661823
656,1,1,10.880999999999972,,13518,"[954, 270]",False,Right,True,0.0,False,strong,False,"[[744, 198], [780, 324], [960, 756]]",,"[[456, 552]]",,0.445664516091776,0.312303439327686
657,1,1,10.898000000000025,,13518,"[954, 270]",False,Right,True,0.0,False,strong,False,"[[738, 192], [774, 318], [954, 750]]",,"[[450, 546]]",,0.445664516091776,0.312303439327686
658,1,1,10.914999999999964,,13518,"[954, 270]",False,,True,0.0,False,strong,False,"[[732, 186], [768, 312], [948, 744]]",,"[[450, 540]]",,0.4083376630259469,0.46104723478432896
659,1,1,10.93100000000004,,13518,"[954, 270]",False,,True,0.0,False,strong,False,"[[732, 180], [768, 306], [948, 738]]",,"[[450, 534]]",,0.4083376630259469,0.46104723478432896
660,1,1,10.947000000000003,,13518,"[954, 270]",False,,True,0.0,False,strong,False,"[[732, 174], [768, 300], [948, 732]]",,"[[450, 528]]",,0.4077222011030253,0.4635223951535149
661,1,1,10.962999999999965,,13518,"[954, 270]",False,,True,0.0,False,strong,False,"[[732, 168], [768, 294], [948, 726]]",,"[[450, 522]]",,0.4077475550073788,0.46437061172400207
662,1,1,10.980000000000018,,13518,"[954, 270]",False,,True,0.0,False,strong,False,"[[732, 162], [768, 288], [948, 720]]",,"[[450, 516]]",,0.40826526786524725,0.4673266758711837
663,1,1,10.996999999999957,,13518,"[954, 270]",False,,True,0.0,False,strong,False,"[[732, 156], [768, 282], [948, 714]]",,"[[450, 510]]",,0.40831222567632075,0.46777432798746954
664,1,1,11.013000000000034,,13518,"[954, 270]",False,,True,0.0,False,strong,False,"[[732, 150], [768, 276], [948, 708]]",,"[[450, 504]]",,0.40828381648956913,0.4692561835232919
665,1,1,11.028999999999996,,13518,"[954, 270]",False,,True,0.0,False,strong,False,"[[732, 144], [768, 270], [948, 702]]",,"[[450, 498]]",,0.40803240230029003,0.47024497389471065
666,1,1,11.04600000000005,,13518,"[954, 270]",False,,True,0.0,False,strong,False,"[[732, 138], [768, 264], [948, 696]]",,"[[450, 492]]",,0.4077410729785451,0.4712261822630769
667,1,1,11.062999999999988,,13518,"[954, 270]",False,,True,0.0,False,strong,False,"[[732, 132], [768, 258], [948, 690]]",,"[[450, 486]]",,0.40699513340275617,0.4713251738192158
668,1,1,11.080000000000041,,13518,"[954, 270]",False,,True,0.0,False,strong,False,"[[732, 126], [768, 252], [948, 684]]",,"[[450, 480]]",,0.23134754682427175,0.13163757173193147
669,1,1,11.09699999999998,,13518,"[954, 270]",False,,True,0.0,False,strong,False,"[[732, 120], [768, 246], [948, 678]]",,"[[450, 474]]",,0.23134754682427175,0.13163757173193147
670,1,1,11.114000000000033,,13518,"[954, 270]",False,Left,True,0.0,False,strong,False,"[[732, 114], [768, 240], [948, 672]]",,"[[456, 468]]",,0.40592388001305624,0.4745192846543783
671,1,1,11.129999999999995,,13518,"[954, 270]",False,Left,True,0.0,False,strong,False,"[[738, 108], [774, 234], [954, 666]]",,"[[462, 462]]",,0.4063811579823663,0.47526499893771523
672,1,1,11.144999999999982,,13518,"[954, 270]",False,Left,True,0.0,False,strong,False,"[[744, 102], [780, 228], [960, 660]]",,"[[468, 456]]",,0.40677419500460194,0.4770777548482592
673,1,1,11.162000000000035,,13518,"[954, 270]",False,Left,True,0.0,False,strong,False,"[[750, 96], [786, 222], [966, 654]]",,"[[474, 450]]",,0.23134754682427175,0.13163757173193147
674,1,1,11.178999999999974,,13518,"[954, 270]",False,Left,True,0.0,False,strong,False,"[[756, 90], [792, 216], [972, 648], [756, 810]]",,"[[480, 444]]",,0.40631738483768653,0.48041374170719364
675,1,1,11.19500000000005,,13518,"[954, 270]",False,Left,True,0.0,False,strong,False,"[[762, 84], [798, 210], [978, 642], [762, 804]]",,"[[486, 438]]",,0.4060127057182962,0.48116878027039334
676,1,1,11.211000000000013,,13518,"[954, 270]",False,Left,True,0.0,False,strong,False,"[[768, 78], [804, 204], [984, 636], [768, 798]]",,"[[492, 432]]",,0.40569778739036966,0.48261073366498886
677,1,1,11.229000000000042,,13518,"[954, 270]",False,,True,0.0,False,strong,False,"[[774, 72], [810, 198], [990, 630], [774, 792]]",,"[[492, 426]]",,0.40504120008104694,0.48322408936416217
678,1,1,11.244000000000028,,13518,"[954, 270]",False,,True,0.0,False,strong,False,"[[774, 66], [810, 192], [990, 624], [774, 786]]",,"[[492, 420]]",,0.405019869402553,0.4848825207204648
679,1,1,11.260999999999967,,13518,"[954, 270]",False,,True,0.0,False,strong,False,"[[774, 60], [810, 186], [990, 618], [774, 780]]",,"[[492, 414]]",,0.4051518641829337,0.48600853082571116
680,1,1,11.27800000000002,,13518,"[954, 270]",False,,True,0.0,False,strong,False,"[[774, 54], [810, 180], [990, 612], [774, 774]]",,"[[492, 408]]",,0.4051518641829337,0.48600853082571116
681,1,1,11.293999999999983,,13518,"[954, 270]",False,,True,0.0,False,strong,False,"[[774, 48], [810, 174], [990, 606], [774, 768]]",,"[[492, 402]]",,0.39731675013669027,0.474929228068677
682,1,1,11.311000000000035,,13518,"[954, 270]",False,,True,0.0,False,strong,False,"[[774, 42], [810, 168], [990, 600], [774, 762]]",,"[[492, 396]]",,0.39582335344215197,0.46977873038874707
683,1,1,11.327999999999975,,13518,"[954, 270]",False,,True,0.0,False,strong,False,"[[774, 36], [810, 162], [990, 594], [774, 756]]",,"[[492, 390]]",,0.39378322705406055,0.4632363796488841
684,1,1,11.345000000000027,,13518,"[954, 270]",False,,True,0.0,False,strong,False,"[[774, 30], [810, 156], [990, 588], [774, 750]]",,"[[492, 384]]",,0.3934134414666481,0.4616702057058747
685,1,1,11.362999999999943,,13518,"[954, 270]",False,Left,True,0.0,False,strong,False,"[[774, 24], [810, 150], [990, 582], [774, 744]]",,"[[498, 378]]",,0.3937411832118717,0.46064669524348645
686,1,1,11.379000000000019,,13518,"[954, 270]",False,Left,True,0.0,False,strong,False,"[[780, 18], [816, 144], [996, 576], [780, 738]]",,"[[504, 372]]",,0.3936332183963652,0.459952356346061
687,1,1,11.395999999999958,,13518,"[954, 270]",False,Left,True,0.0,False,strong,False,"[[786, 12], [822, 138], [1002, 570], [786, 732]]",,"[[510, 366]]",,0.39424206294352104,0.46021164288106275
688,1,1,11.413000000000011,,13518,"[954, 270]",False,Left,True,0.0,False,strong,False,"[[792, 6], [828, 132], [1008, 564], [792, 726]]",,"[[516, 360]]",,0.39450284052624707,0.4625266235710873
689,1,1,11.42999999999995,,13518,"[954, 270]",False,Left,True,0.0,False,strong,False,"[[798, 0], [834, 126], [1014, 558], [798, 720]]",,"[[522, 354]]",,0.3949805466062112,0.46387195422265537
690,1,1,11.447000000000003,,13518,"[954, 270]",False,Left,True,0.0,False,strong,False,"[[840, 120], [1020, 552], [804, 714]]",,"[[528, 348]]",,0.3951860000814492,0.4648867554260788
691,1,1,11.463999999999942,,13518,"[954, 270]",False,,True,0.0,False,strong,False,"[[846, 114], [1026, 546], [810, 708]]",,"[[528, 342]]",,0.3964064234589651,0.4680254356434911
692,1,1,11.481999999999971,,13518,"[954, 270]",False,,True,0.0,False,strong,False,"[[846, 108], [1026, 540], [810, 702]]",,"[[528, 336]]",,0.23134754682427175,0.13163757173193147
693,1,1,11.496999999999957,,13518,"[954, 270]",False,,True,0.0,False,strong,False,"[[846, 102], [1026, 534], [810, 696]]",,"[[528, 330]]",,0.3973025495033028,0.47100678391310236
694,1,1,11.514999999999986,,13518,"[954, 270]",False,,True,0.0,False,strong,False,"[[846, 96], [1026, 528], [810, 690]]",,"[[528, 324]]",,0.39845655431637894,0.47383681268923517
695,1,1,11.532000000000039,,13518,"[954, 270]",False,,True,0.0,False,strong,False,"[[846, 90], [1026, 522], [810, 684]]",,"[[528, 318]]",,0.39845655431637894,0.47383681268923517
696,1,1,11.548000000000002,,13518,"[954, 270]",False,,True,0.0,False,strong,False,"[[846, 84], [1026, 516], [810, 678]]",,"[[528, 312]]",,0.3991059002388825,0.47515404121717875
697,1,1,11.56499999999994,,13518,"[954, 270]",False,Left,True,-1.0,False,strong,False,"[[846, 78], [1026, 510], [810, 672]]",,"[[534, 306]]",,0.4004436520377522,0.47707830214396285
698,1,1,11.581999999999994,,13518,"[954, 270]",False,Left,True,-1.0,False,strong,False,"[[852, 72], [1032, 504], [816, 666]]",,"[[534, 300]]",,0.40195794558019654,0.48036205520890884
699,1,1,11.599000000000046,,13518,"[954, 270]",False,Left,True,-1.0,False,strong,False,"[[852, 66], [1032, 498], [816, 660]]",,"[[534, 294]]",,0.4019710972324897,0.48084000702624385
700,1,1,11.615999999999985,,13518,"[954, 270]",False,Left,True,-1.0,False,strong,False,"[[852, 60], [1032, 492], [816, 654]]",,"[[534, 288]]",,0.44577088784806984,0.33190029657532094
701,1,1,11.633000000000038,,13518,"[954, 270]",False,Left,True,-1.0,False,strong,False,"[[852, 54], [1032, 486], [816, 648]]",,"[[534, 282]]",,0.44577088784806984,0.33190029657532094
702,1,1,11.649999999999977,,13518,"[954, 270]",False,Left,True,-1.0,False,strong,False,"[[852, 48], [1032, 480], [816, 642]]",,"[[534, 276]]",,0.40424770129444204,0.4860429619209574
703,1,1,11.668000000000006,,13518,"[954, 270]",False,,True,-1.0,False,strong,False,"[[852, 42], [1032, 474], [816, 636]]",,"[[528, 270]]",,0.40437282899643706,0.48730209976424155
704,1,1,11.683999999999969,,13518,"[954, 270]",False,,True,-1.0,False,strong,False,"[[846, 36], [1026, 468], [810, 630]]",,"[[522, 264]]",,0.404824694065243,0.4893997120557887
705,1,1,11.700000000000045,,13518,"[954, 270]",False,,True,-1.0,False,strong,False,"[[840, 30], [1020, 462], [804, 624]]",,"[[516, 258]]",,0.404824694065243,0.4893997120557887
706,1,1,11.716000000000008,,13518,"[954, 270]",False,,True,-1.0,False,strong,False,"[[834, 24], [1014, 456], [798, 618]]",,"[[510, 252]]",,0.23134754682427175,0.13163757173193147
707,1,1,11.732999999999947,,13518,"[954, 270]",False,,True,-1.0,False,strong,False,"[[828, 18], [1008, 450], [792, 612]]",,"[[504, 246]]",,0.23134754682427175,0.13163757173193147
708,1,1,11.75,,13518,"[954, 270]",False,,True,-1.0,False,strong,False,"[[822, 12], [1002, 444], [786, 606]]",,"[[498, 240]]",,0.4495262053628357,0.3396419472450879
709,1,1,11.765999999999963,,13518,"[954, 270]",False,,True,-1.0,False,strong,False,"[[816, 6], [996, 438], [780, 600]]",,"[[492, 234]]",,0.44970563678762376,0.3411729689793944
710,1,1,11.783999999999992,,13518,"[954, 270]",False,Left,True,-1.0,False,strong,False,"[[810, 0], [990, 432], [774, 594]]",,"[[492, 228]]",,0.4136338127559173,0.4884112154714515
711,1,1,11.798999999999978,,13518,"[954, 270]",False,Left,True,-1.0,False,strong,False,"[[990, 426], [774, 588]]",,"[[492, 222]]",,0.4136338127559173,0.4884112154714515
712,1,1,11.81499999999994,,13518,"[954, 270]",False,Left,True,-1.0,False,strong,False,"[[990, 420], [774, 582]]",,"[[492, 216]]",,0.23134754682427175,0.13163757173193147
713,1,1,11.831000000000017,,13518,"[954, 270]",False,Left,True,-1.0,False,strong,False,"[[990, 414], [774, 576]]",,"[[492, 210]]",,0.4160426140585266,0.4884242161914426
714,1,1,11.847999999999956,,13518,"[954, 270]",False,Left,True,-1.0,False,strong,False,"[[990, 408], [774, 570]]",,"[[492, 204]]",,0.23134754682427175,0.13163757173193147
715,1,1,11.865000000000009,,13518,"[954, 270]",False,,True,-1.0,False,strong,False,"[[990, 402], [774, 564]]",,"[[486, 198]]",,0.23134754682427175,0.13163757173193147
716,1,1,11.881999999999948,,13518,"[954, 270]",False,,True,-1.0,False,strong,False,"[[984, 396], [768, 558]]",,"[[480, 192]]",,0.23134754682427175,0.13163757173193147
717,1,1,11.897000000000048,,13518,"[954, 270]",False,,True,-1.0,False,strong,False,"[[978, 390], [762, 552]]",,"[[474, 186]]",,0.23134754682427175,0.13163757173193147
718,1,1,11.913999999999987,,13518,"[954, 270]",False,,True,-1.0,False,strong,False,"[[972, 384], [756, 546]]",,"[[468, 180]]",,0.23134754682427175,0.13163757173193147
719,1,1,11.92999999999995,,13518,"[954, 270]",False,,True,-1.0,False,strong,False,"[[966, 378], [750, 540]]",,"[[462, 174]]",,0.46145094891189997,0.3392530405222677
720,1,1,11.947000000000003,,13518,"[954, 270]",False,,True,-1.0,False,strong,False,"[[960, 372], [744, 534]]",,"[[456, 168]]",,0.23134754682427175,0.13163757173193147
721,1,1,11.963999999999942,,13518,"[954, 270]",False,Left,True,-1.0,False,strong,False,"[[954, 366], [738, 528]]",,"[[456, 162]]",,0.23134754682427175,0.13163757173193147
722,1,1,11.980000000000018,,13518,"[954, 270]",False,Left,True,-1.0,False,strong,False,"[[954, 360], [738, 522]]",,"[[456, 156]]",,0.23134754682427175,0.13163757173193147
723,1,1,11.995999999999981,,13518,"[954, 270]",False,Left,True,-1.0,False,strong,False,"[[954, 354], [738, 516]]",,"[[456, 150]]",,0.4651155493428166,0.3422086171592257
724,1,1,12.011999999999944,,13518,"[954, 270]",False,Left,True,-1.0,False,strong,False,"[[954, 348], [738, 510]]",,"[[456, 144]]",,0.4651155493428166,0.3422086171592257
725,1,1,12.029999999999973,,13518,"[954, 270]",False,Left,True,-1.0,False,strong,False,"[[954, 342], [738, 504]]",,"[[456, 138]]",,0.4681702707141281,0.3454361394787774
726,1,1,12.04600000000005,,13518,"[954, 270]",False,Left,True,-1.0,False,strong,False,"[[954, 336], [738, 498]]",,"[[456, 132]]",,0.23134754682427175,0.13163757173193147
727,1,1,12.062999999999988,,13518,"[954, 270]",False,Left,True,-1.0,False,strong,False,"[[954, 330], [738, 492]]",,"[[456, 126]]",,0.23134754682427175,0.13163757173193147
728,1,1,12.081000000000017,,13518,"[954, 270]",False,,True,-1.0,False,strong,False,"[[954, 324], [738, 486]]",,"[[450, 120]]",,0.23134754682427175,0.13163757173193147
729,1,1,12.09699999999998,,13518,"[954, 270]",False,,True,-1.0,False,strong,False,"[[948, 318], [732, 480]]",,"[[444, 114]]",,0.23134754682427175,0.13163757173193147
730,1,1,12.114000000000033,,13518,"[954, 270]",False,,True,-1.0,False,strong,False,"[[942, 312], [726, 474]]",,"[[438, 108]]",,0.23134754682427175,0.13163757173193147
731,1,1,12.130999999999972,,13518,"[954, 270]",False,,True,-1.0,False,strong,False,"[[936, 306], [720, 468]]",,"[[432, 102]]",,0.4664521985298767,0.3503215849201905
732,1,1,12.148000000000025,,13518,"[954, 270]",False,,True,-1.0,False,strong,False,"[[930, 300], [714, 462]]",,"[[426, 96]]",,0.46644127318036166,0.3498563855042862
733,1,1,12.164999999999964,,13518,"[954, 270]",False,Left,True,-1.0,False,strong,False,"[[924, 294], [708, 456]]",,"[[426, 90]]",,0.23134754682427175,0.13163757173193147
734,1,1,12.18100000000004,,13518,"[954, 270]",True,Left,True,-1.0,False,strong,False,"[[924, 288], [708, 450]]",,"[[426, 84]]",,0.23134754682427175,0.13163757173193147
735,1,1,14.118000000000052,,13518,"[954, 270]",True,Left,True,-1.0,False,strong,False,"[[924, 282], [708, 444]]",,"[[426, 84]]",5,0.32440186501279233,-0.12528110388598912
