,trial,attempt,time_played,time_tag,level_size_y,player_pos,collision,current_input,drift_enabled,current_drift,level_done,input_noise_magnitude,input_noise_on,visible_obstacles,adjacent_wall_tiles_x_pos,visible_drift_tiles,SoC,gaze_x,gaze_y
0,3,1,0.0,,13518,"[954, -86]",False,,True,0.0,False,,False,[],,[],,0.45368637259753297,0.21750425045941346
1,3,1,0.016000000000076398,,13518,"[954, -82]",False,,True,0.0,False,,False,[],,[],,0.4522159203113,0.22125698711448227
2,3,1,0.032000000000152795,,13518,"[954, -78]",False,,True,0.0,False,,False,[],,[],,0.4514570668151996,0.22204887843925258
3,3,1,0.04899999999997817,,13518,"[954, -74]",False,,True,0.0,False,,False,[],,[],,0.4514570668151996,0.22204887843925258
4,3,1,0.06600000000003092,,13518,"[954, -70]",False,,True,0.0,False,,False,[],,[],,0.45086579261947224,0.2210223913363193
5,3,1,0.08300000000008367,,13518,"[954, -66]",False,,True,0.0,False,,False,[],,[],,0.45200911489958095,0.2193491162672495
6,3,1,0.10000000000013642,,13518,"[954, -62]",False,,True,0.0,False,,False,[],,[],,0.4519716879647294,0.21829357978582808
7,3,1,0.11599999999998545,,13518,"[954, -58]",False,,True,0.0,False,,False,[],,[],,0.45242083982868975,0.2145379102852747
8,3,1,0.13200000000006185,,13518,"[954, -54]",False,,True,0.0,False,,False,[],,[],,0.45328037475766403,0.2127399018452062
9,3,1,0.1490000000001146,,13518,"[954, -50]",False,,True,0.0,False,,False,[],,[],,0.45328037475766403,0.2127399018452062
10,3,1,0.16599999999993997,,13518,"[954, -46]",False,,True,0.0,False,,False,[],,[],,0.45307297350101444,0.21067899463426554
11,3,1,0.18299999999999272,,13518,"[954, -42]",False,,True,0.0,False,,False,[],,[],,0.4546107823164923,0.20819799383026838
12,3,1,0.20000000000004547,,13518,"[954, -38]",False,,True,0.0,False,,False,[],,[],,0.4561226711926844,0.20245040436158868
13,3,1,0.21700000000009823,,13518,"[954, -34]",False,,True,0.0,False,,False,[],,[],,0.4574560474086864,0.20013618419525425
14,3,1,0.23299999999994725,,13518,"[954, -30]",False,,True,0.0,False,,False,[],,[],,0.46062027782569154,0.1938420507857861
15,3,1,0.24900000000002365,,13518,"[954, -26]",False,,True,0.0,False,,False,[],,[],,0.46062027782569154,0.1938420507857861
16,3,1,0.26500000000010004,,13518,"[954, -22]",False,,True,0.0,False,,False,[],,[],,0.4627407089395824,0.19142039480861905
17,3,1,0.28099999999994907,,13518,"[954, -18]",False,,True,0.0,False,,False,[],,[],,0.4624243780365303,0.19260894026630182
18,3,1,0.2980000000000018,,13518,"[954, -14]",False,,True,0.0,False,,False,[],,[],,0.460236345488617,0.1842095944546963
19,3,1,0.3140000000000782,,13518,"[954, -10]",False,,True,0.0,False,,False,[],,[],,0.4559998062332139,0.16810442591167596
20,3,1,0.33100000000013097,,13518,"[954, -6]",False,,True,0.0,False,,False,[],,[],,0.4441807366508983,0.10208303240218242
21,3,1,0.34699999999998,,13518,"[954, -2]",False,,True,0.0,False,,False,[],,[],,0.48543091016669343,0.1824202651010396
22,3,1,0.3630000000000564,,13518,"[954, 2]",False,,True,0.0,False,,False,[],,[],,0.4820870390392395,0.12689204199494908
23,3,1,0.3790000000001328,,13518,"[954, 6]",False,,True,0.0,False,,False,[],,[],,0.4820870390392395,0.12689204199494908
24,3,1,0.39599999999995816,,13518,"[954, 10]",False,,True,0.0,False,,False,[],,[],,0.44376215142983283,0.024756649710379164
25,3,1,0.41200000000003456,,13518,"[954, 14]",False,,True,0.0,False,,False,[],,[],,0.44376215142983283,0.024756649710379164
26,3,1,0.4290000000000873,,13518,"[954, 18]",False,,True,0.0,False,,False,[],,[],,0.44376215142983283,0.024756649710379164
27,3,1,0.44600000000014006,,13518,"[954, 22]",False,,True,0.0,False,,False,[],,[],,0.434563748530541,-0.12149829085290187
28,3,1,0.46299999999996544,,13518,"[954, 26]",False,,True,0.0,False,,False,[],,[],,0.2956811733638992,-0.13569058914026244
29,3,1,0.47900000000004184,,13518,"[954, 30]",False,,True,0.0,False,,False,[],,[],,0.37227387403336604,-0.06732458105877415
30,3,1,0.4960000000000946,,13518,"[954, 34]",False,,True,0.0,False,,False,[],,[],,0.37227387403336604,-0.06732458105877415
31,3,1,0.5119999999999436,,13518,"[954, 38]",False,,True,0.0,False,,False,[],,[],,0.3699614443425867,-0.07086500292851827
32,3,1,0.5289999999999964,,13518,"[954, 42]",False,,True,0.0,False,,False,[],,[],,0.3699614443425867,-0.07086500292851827
33,3,1,0.5450000000000728,,13518,"[954, 46]",False,,True,0.0,False,,False,[],,[],,0.48765703402227734,0.11683627498378224
34,3,1,0.5610000000001492,,13518,"[954, 50]",False,,True,0.0,False,,False,[],,[],,0.48765703402227734,0.11683627498378224
35,3,1,0.5769999999999982,,13518,"[954, 54]",False,,True,0.0,False,,False,[],,[],,0.41975270454854774,0.14058245624865195
36,3,1,0.5950000000000273,,13518,"[954, 58]",False,,True,0.0,False,,False,[],,[],,0.41975270454854774,0.14058245624865195
37,3,1,0.61200000000008,,13518,"[954, 62]",False,,True,0.0,False,,False,[],,[],,0.49097842106358014,0.11442044503920923
38,3,1,0.6280000000001564,,13518,"[954, 66]",False,,True,0.0,False,,False,[],,[],,0.49097842106358014,0.11442044503920923
39,3,1,0.6449999999999818,,13518,"[954, 70]",False,,True,0.0,False,,False,[],,[],,0.4177701325766723,-0.1930798293570033
40,3,1,0.6610000000000582,,13518,"[954, 74]",False,,True,0.0,False,,False,[],,[],,0.4177701325766723,-0.1930798293570033
41,3,1,0.6770000000001346,,13518,"[954, 78]",False,,True,0.0,False,,False,[],,[],,0.4957457462595004,0.1048820259262625
42,3,1,0.69399999999996,,13518,"[954, 82]",False,,True,0.0,False,,False,[],,[],,0.4957457462595004,0.1048820259262625
43,3,1,0.7100000000000364,,13518,"[954, 86]",False,,True,0.0,False,,False,[],,[],,0.41801837630022665,-0.19243661665459255
44,3,1,0.7270000000000891,,13518,"[954, 90]",False,,True,0.0,False,,False,[],,[],,0.41801837630022665,-0.19243661665459255
45,3,1,0.7429999999999382,,13518,"[954, 94]",False,,True,0.0,False,,False,[],,[],,0.49379297464483807,0.11234403317638109
46,3,1,0.7590000000000146,,13518,"[954, 98]",False,,True,0.0,False,,False,[],,[],,0.49379297464483807,0.11234403317638109
47,3,1,0.775000000000091,,13518,"[954, 102]",False,,True,0.0,False,,False,[],,[],,0.49449468208365277,0.11183977816548196
48,3,1,0.7920000000001437,,13518,"[954, 106]",False,,True,0.0,False,,False,[],,[],,0.49449468208365277,0.11183977816548196
49,3,1,0.8089999999999691,,13518,"[954, 110]",False,,True,0.0,False,,False,[],,[],,0.37993855542587496,-0.10105393854641576
50,3,1,0.8260000000000218,,13518,"[954, 114]",False,,True,0.0,False,,False,[],,[],,0.37993855542587496,-0.10105393854641576
51,3,1,0.8430000000000746,,13518,"[954, 118]",False,,True,0.0,False,,False,[],,[],,0.4959695022800255,0.11077002665564306
52,3,1,0.8600000000001273,,13518,"[954, 122]",False,,True,0.0,False,,False,[],,[],,0.4959695022800255,0.11077002665564306
53,3,1,0.8769999999999527,,13518,"[954, 126]",False,,True,0.0,False,,False,[],,[],,0.49665211535473724,0.11028291192023165
54,3,1,0.8930000000000291,,13518,"[954, 130]",False,,True,0.0,False,,False,[],,[],,0.49665211535473724,0.11028291192023165
55,3,1,0.9090000000001055,,13518,"[954, 134]",False,,True,0.0,False,,False,[],,[],,0.4175898041865899,-0.19991678505921273
56,3,1,0.9260000000001583,,13518,"[954, 138]",False,,True,0.0,False,,False,[],,[],,0.4175898041865899,-0.19991678505921273
57,3,1,0.9429999999999836,,13518,"[954, 142]",False,,True,0.0,False,,False,[],,[],,0.49798156915029096,0.10930592290424801
58,3,1,0.9600000000000364,,13518,"[954, 146]",False,,True,0.0,False,,False,[],,[],,0.49798156915029096,0.10930592290424801
59,3,1,0.9750000000001364,,13518,"[954, 150]",False,,True,0.0,False,,False,[],,[],,0.38285830864896764,-0.11416717108758112
60,3,1,0.9919999999999618,,13518,"[954, 154]",False,,True,0.0,False,,False,[],,[],,0.38285830864896764,-0.11416717108758112
61,3,1,1.0080000000000382,,13518,"[954, 158]",False,,True,0.0,False,,False,[],,[],,0.4961982393779392,0.11670529307425759
62,3,1,1.025000000000091,,13518,"[954, 162]",False,,True,0.0,False,,False,[],,[],,0.4961982393779392,0.11670529307425759
63,3,1,1.04099999999994,,13518,"[954, 166]",False,,True,0.0,False,,False,[],,[],,0.3190493126966629,-0.1342220649061978
64,3,1,1.0579999999999927,,13518,"[954, 170]",False,,True,0.0,False,,False,[],,[],,0.3190493126966629,-0.1342220649061978
65,3,1,1.0740000000000691,,13518,"[954, 174]",False,,True,0.0,False,,False,[],,[],,0.49330621261133584,0.14000843340389668
66,3,1,1.0910000000001219,,13518,"[954, 178]",False,,True,0.0,False,,False,[],,[],,0.49330621261133584,0.14000843340389668
67,3,1,1.106999999999971,,13518,"[954, 182]",False,,True,0.0,False,,False,[],,[],,0.4469839553703041,0.13951010683351706
68,3,1,1.1240000000000236,,13518,"[954, 186]",False,,True,0.0,False,,False,[],,[],,0.4469839553703041,0.13951010683351706
69,3,1,1.1400000000001,,13518,"[954, 190]",False,,True,0.0,False,,False,[],,[],,0.35231285237271665,-0.16855029127800725
70,3,1,1.155999999999949,,13518,"[954, 194]",False,,True,0.0,False,,False,[],,[],,0.35231285237271665,-0.16855029127800725
71,3,1,1.1730000000000018,,13518,"[954, 198]",False,,True,0.0,False,,False,[],,[],,0.35134998154357033,-0.17007320610911347
72,3,1,1.1890000000000782,,13518,"[954, 202]",False,,True,0.0,False,,False,[],,[],,0.35134998154357033,-0.17007320610911347
73,3,1,1.206000000000131,,13518,"[954, 206]",False,,True,0.0,False,,False,[],,[],,0.5434593520765775,0.14128437644508973
74,3,1,1.2229999999999563,,13518,"[954, 210]",False,,True,0.0,False,,False,[],,[],,0.5434593520765775,0.14128437644508973
75,3,1,1.2390000000000327,,13518,"[954, 214]",False,,True,0.0,False,,False,[],,[],,0.539993244755278,0.11035674661664752
76,3,1,1.2560000000000855,,13518,"[954, 218]",False,,True,0.0,False,,False,[],,[],,0.539993244755278,0.11035674661664752
77,3,1,1.2719999999999345,,13518,"[954, 222]",False,,True,0.0,False,,False,[],,[],,0.29139498057461766,-0.1045748319096731
78,3,1,1.2889999999999873,,13518,"[954, 226]",False,,True,0.0,False,,False,[],,[],,0.29139498057461766,-0.1045748319096731
79,3,1,1.3050000000000637,,13518,"[954, 230]",False,,True,0.0,False,,False,[],,[],,0.338077273473063,-0.24732225707420463
80,3,1,1.32100000000014,,13518,"[954, 234]",False,,True,0.0,False,,False,[],,[],,0.38908181859219093,-0.18660399051868026
81,3,1,1.336999999999989,,13518,"[954, 238]",False,,True,0.0,False,,False,[],,[],,0.3406313742446362,-0.13441110234481268
82,3,1,1.3550000000000182,,13518,"[954, 242]",False,,True,0.0,False,,False,[],,[],,0.3406313742446362,-0.13441110234481268
83,3,1,1.372000000000071,,13518,"[954, 246]",False,,True,0.0,False,,False,[],,[],,0.41245449865013384,0.16772642377956704
84,3,1,1.3890000000001237,,13518,"[954, 250]",False,,True,0.0,False,,False,[],,[],,0.41245449865013384,0.16772642377956704
85,3,1,1.4049999999999727,,13518,"[954, 254]",False,,True,0.0,False,,False,[],,[],,0.4023762484471331,0.22724580534659589
86,3,1,1.4210000000000491,,13518,"[954, 258]",False,,True,0.0,False,,False,[],,[],,0.41265164917440594,0.1708482044023979
87,3,1,1.4380000000001019,,13518,"[954, 262]",False,,True,0.0,False,,False,[],,[],,0.41297614107210867,0.17892637217725615
88,3,1,1.4550000000001546,,13518,"[954, 266]",False,,True,0.0,False,,False,[],,[],,0.41188491262144955,0.18829444130711548
89,3,1,1.47199999999998,,13518,"[954, 270]",False,,True,0.0,False,,False,[],,[],,0.41442289470349253,0.19875980563373408
90,3,1,1.4880000000000564,,13518,"[954, 270]",False,,True,0.0,False,,False,[],,[],,0.41732063717292667,0.2132581188552548
91,3,1,1.5050000000001091,,13518,"[954, 270]",False,,True,0.0,False,,False,[],,[],,0.41173577907803194,0.22686028656340895
92,3,1,1.5209999999999582,,13518,"[954, 270]",False,,True,0.0,False,,False,[],,[],,0.41975145067865577,0.23212696752612538
93,3,1,1.538000000000011,,13518,"[954, 270]",False,,True,0.0,False,,False,[],,[],,0.44310644707860813,0.23819366878484582
94,3,1,1.5540000000000873,,13518,"[954, 270]",False,,True,0.0,False,,False,[],,[],,0.4532945082888772,0.2188480132198175
95,3,1,1.5699999999999363,,13518,"[954, 270]",False,,True,0.0,False,,False,[],,[],,0.45425790389166903,0.2165244778109492
96,3,1,1.5860000000000127,,13518,"[954, 270]",False,,True,0.0,False,,False,[],,[],,0.45359939222563794,0.21486669117608825
97,3,1,1.6030000000000655,,13518,"[954, 270]",False,,True,0.0,False,,False,[],,[],,0.454046012482525,0.21458154684044073
98,3,1,1.6190000000001419,,13518,"[954, 270]",False,,True,0.0,False,,False,[],,[],,0.45198346839101766,0.21596279374050298
99,3,1,1.634999999999991,,13518,"[954, 270]",False,,True,0.0,False,,False,[],,[],,0.4519612083516815,0.2159037408238671
100,3,1,1.6510000000000673,,13518,"[954, 270]",False,,True,0.0,False,,False,[],,[],,0.449855981328783,0.2156644494431207
101,3,1,1.6670000000001437,,13518,"[954, 270]",False,,True,0.0,False,,False,[],,[],,0.449855981328783,0.2156644494431207
102,3,1,1.683999999999969,,13518,"[954, 270]",False,,True,0.0,False,,False,[],,[],,0.44780143588974264,0.21458714984896055
103,3,1,1.7010000000000218,,13518,"[954, 270]",False,,True,0.0,False,,False,[],,[],,0.44780143588974264,0.21458714984896055
104,3,1,1.7160000000001219,,13518,"[954, 270]",False,,True,0.0,False,,False,[],,[],,0.44852126609824794,0.21299701791311954
105,3,1,1.7329999999999472,,13518,"[954, 270]",False,,True,0.0,False,,False,[],,[],,0.44852126609824794,0.21299701791311954
106,3,1,1.75,,13518,"[954, 270]",False,,True,0.0,False,,False,[],,[],,0.44789950893477515,0.21780403838670248
107,3,1,1.7670000000000528,,13518,"[954, 270]",False,,True,0.0,False,,False,[],,[],,0.44789950893477515,0.21780403838670248
108,3,1,1.7830000000001291,,13518,"[954, 270]",False,,True,0.0,False,,False,[],,[],,0.44812324237099077,0.2238114469775193
109,3,1,1.7989999999999782,,13518,"[954, 270]",False,,True,0.0,False,,False,[],,[],,0.44812324237099077,0.2238114469775193
110,3,1,1.816000000000031,,13518,"[954, 270]",False,,True,0.0,False,,False,[],,[],,0.4474628253256957,0.2297704342430107
111,3,1,1.8320000000001073,,13518,"[954, 270]",False,,True,0.0,False,,False,[],,[],,0.4474628253256957,0.2297704342430107
112,3,1,1.8489999999999327,,13518,"[954, 270]",False,,True,0.0,False,,False,[],,[],,0.4509853127610525,0.23201967836304138
113,3,1,1.8640000000000327,,13518,"[954, 270]",False,,True,0.0,False,,False,[],,[],,0.4509853127610525,0.23201967836304138
114,3,1,1.8810000000000855,,13518,"[954, 270]",False,,True,0.0,False,,False,[],,[],,0.4542034484088255,0.23007171412720118
115,3,1,1.8969999999999345,,13518,"[954, 270]",False,,True,0.0,False,,False,[],,[],,0.4542034484088255,0.23007171412720118
116,3,1,1.9139999999999873,,13518,"[954, 270]",False,,True,0.0,False,,False,[],,[],,0.47139698723893514,0.22233020314373342
117,3,1,1.93100000000004,,13518,"[954, 270]",False,,True,0.0,False,,False,[],,[],,0.47139698723893514,0.22233020314373342
118,3,1,1.9480000000000928,,13518,"[954, 270]",False,,True,0.0,False,,False,[],,[],,0.47193620977954104,0.22462572228664301
119,3,1,1.9650000000001455,,13518,"[954, 270]",False,,True,0.0,False,,False,[],,[],,0.47193620977954104,0.22462572228664301
120,3,1,1.9809999999999945,,13518,"[954, 270]",False,,True,0.0,False,,False,[],,[],,0.47499789503190143,0.22382060208965004
121,3,1,1.997000000000071,,13518,"[954, 270]",False,,True,0.0,False,,False,[],,[],,0.47499789503190143,0.22382060208965004
122,3,1,2.0150000000001,,13518,"[954, 270]",False,,True,0.0,False,,False,[],,[],,0.47965600521270774,0.22087259812883842
123,3,1,2.032000000000153,,13518,"[954, 270]",False,,True,0.0,False,,False,[],,[],,0.47965600521270774,0.22087259812883842
124,3,1,2.048999999999978,,13518,"[954, 270]",False,,True,0.0,False,,False,[],,[],,0.48584179374402164,0.2178087691570656
125,3,1,2.0650000000000546,,13518,"[954, 270]",False,,True,0.0,False,,False,[],,[],,0.48584179374402164,0.2178087691570656
126,3,1,2.0820000000001073,,13518,"[954, 270]",False,,True,0.0,False,,False,[],,[],,0.48604946788752557,0.21992599336204532
127,3,1,2.0989999999999327,,13518,"[954, 270]",False,,True,0.0,False,,False,[],,[],,0.48604946788752557,0.21992599336204532
128,3,1,2.1159999999999854,,13518,"[954, 270]",False,,True,0.0,False,,False,[],,[],,0.46489475386333223,0.2619326048595584
129,3,1,2.132000000000062,,13518,"[954, 270]",False,,True,0.0,False,,False,[],,[],,0.46489475386333223,0.2619326048595584
130,3,1,2.1480000000001382,,13518,"[954, 270]",False,,True,0.0,False,,False,[],,[],,0.4606013437009204,0.2743627315794538
131,3,1,2.1649999999999636,,13518,"[954, 270]",False,,True,0.0,False,,False,[],,[],,0.4606013437009204,0.2743627315794538
132,3,1,2.18100000000004,,13518,"[954, 270]",False,,True,0.0,False,,False,[],,[],,0.45347130358724747,0.28521490798296667
133,3,1,2.1970000000001164,,13518,"[954, 270]",False,,True,0.0,False,,False,[],,[],,0.45347130358724747,0.28521490798296667
134,3,1,2.2129999999999654,,13518,"[954, 270]",False,,True,0.0,False,,False,[],,[],,0.45248536197755096,0.29202103685484404
135,3,1,2.229000000000042,,13518,"[954, 270]",False,,True,0.0,False,,False,[],,[],,0.45248536197755096,0.29202103685484404
136,3,1,2.2450000000001182,,13518,"[954, 270]",False,,True,0.0,False,,False,[],,[],,0.45410565908605055,0.29087623009796526
137,3,1,2.2609999999999673,,13518,"[954, 270]",False,,True,0.0,False,,False,[],,[],,0.4545154853459934,0.2929578934746445
138,3,1,2.27800000000002,,13518,"[954, 270]",False,,True,0.0,False,,False,[],,[],,0.4553157369950741,0.29468235530790277
139,3,1,2.2950000000000728,,13518,"[954, 270]",False,,True,0.0,False,,False,[],,[],,0.45578198353559973,0.29666374623020164
140,3,1,2.3120000000001255,,13518,"[954, 270]",False,,True,0.0,False,,False,[],,[],,0.45560338330673816,0.30281925824587697
141,3,1,2.328999999999951,,13518,"[954, 270]",False,,True,0.0,False,,False,[],,[],,0.45591124728197024,0.304881134187759
142,3,1,2.3460000000000036,,13518,"[954, 270]",False,,True,0.0,False,,False,[],,[],,0.4565872727494181,0.3085715232303088
143,3,1,2.36200000000008,,13518,"[954, 270]",False,,True,0.0,False,,False,[],,[],,0.4565872727494181,0.3085715232303088
144,3,1,2.3780000000001564,,13518,"[954, 270]",False,,True,0.0,False,,False,[],,[],,0.4628291641470287,0.30540288058047715
145,3,1,2.3940000000000055,,13518,"[954, 270]",False,,True,0.0,False,,False,[],,[],,0.4677500655374412,0.301266563341663
146,3,1,2.411000000000058,,13518,"[954, 270]",False,,True,0.0,False,,False,[],,[],,0.4702378106753177,0.29932422934957925
147,3,1,2.428000000000111,,13518,"[954, 270]",False,,True,0.0,False,,False,[],,[],,0.47151540327619157,0.2981541822855617
148,3,1,2.4449999999999363,,13518,"[954, 270]",False,,True,0.0,False,,False,[],,[],,0.47327982188384093,0.30027712558660347
149,3,1,2.461999999999989,,13518,"[954, 270]",False,,True,0.0,False,,False,[],,[],,0.47327982188384093,0.30027712558660347
150,3,1,2.479000000000042,,13518,"[954, 270]",False,,True,0.0,False,,False,[],,[],,0.47420932740602445,0.30327766059885153
151,3,1,2.497000000000071,,13518,"[954, 270]",False,,True,0.0,False,,False,[],,[],,0.4732100435321668,0.30506984200637166
152,3,1,2.5140000000001237,,13518,"[954, 270]",False,,True,0.0,False,,False,"[[864, 810]]",,[],,0.4723379844979772,0.3039992636113089
153,3,1,2.530999999999949,,13518,"[954, 270]",False,,True,0.0,False,,False,"[[864, 804]]",,[],,0.4723379844979772,0.3039992636113089
154,3,1,2.5470000000000255,,13518,"[954, 270]",False,,True,0.0,False,,False,"[[864, 798]]",,[],,0.4720006222316302,0.3052705211456509
155,3,1,2.564000000000078,,13518,"[954, 270]",False,,True,0.0,False,,False,"[[864, 792]]",,[],,0.4709887310848206,0.30401524409978187
156,3,1,2.581000000000131,,13518,"[954, 270]",False,,True,0.0,False,,False,"[[864, 786]]",,[],,0.47099143551395367,0.3025256923966506
157,3,1,2.59699999999998,,13518,"[954, 270]",False,,True,0.0,False,,False,"[[864, 780]]",,[],,0.47099143551395367,0.3025256923966506
158,3,1,2.6130000000000564,,13518,"[954, 270]",False,,True,0.0,False,,False,"[[864, 774]]",,[],,0.47225112257004637,0.2816496074962084
159,3,1,2.630000000000109,,13518,"[954, 270]",False,,True,0.0,False,,False,"[[864, 768]]",,[],,0.4714205682538649,0.26244205569552026
160,3,1,2.6469999999999345,,13518,"[954, 270]",False,,True,0.0,False,,False,"[[864, 762]]",,[],,0.4697766075802828,0.2350790123251707
161,3,1,2.663000000000011,,13518,"[954, 270]",False,,True,0.0,False,,False,"[[864, 756]]",,[],,0.4693974028121712,0.23464526840831368
162,3,1,2.6800000000000637,,13518,"[954, 270]",False,,True,0.0,False,,False,"[[864, 750]]",,[],,0.4676478709052736,0.22935913343958148
163,3,1,2.6970000000001164,,13518,"[954, 270]",False,,True,0.0,False,,False,"[[864, 744]]",,[],,0.46698280058729713,0.22916977210793033
164,3,1,2.7129999999999654,,13518,"[954, 270]",False,,True,0.0,False,,False,"[[864, 738]]",,[],,0.46466994175025833,0.23049349342226022
165,3,1,2.730000000000018,,13518,"[954, 270]",False,,True,0.0,False,,False,"[[864, 732]]",,[],,0.46466994175025833,0.23049349342226022
166,3,1,2.7460000000000946,,13518,"[954, 270]",False,,True,0.0,False,,False,"[[864, 726]]",,[],,0.46299522917684877,0.2375818196305962
167,3,1,2.7630000000001473,,13518,"[954, 270]",False,,True,0.0,False,,False,"[[864, 720]]",,[],,0.4619793846753561,0.24029950528830302
168,3,1,2.7789999999999964,,13518,"[954, 270]",False,,True,0.0,False,,False,"[[864, 714]]",,[],,0.46102042220503225,0.23870398976184504
169,3,1,2.796000000000049,,13518,"[954, 270]",False,,True,0.0,False,,False,"[[864, 708]]",,[],,0.46074324273500783,0.23935273950088942
170,3,1,2.8120000000001255,,13518,"[954, 270]",False,,True,0.0,False,,False,"[[864, 702]]",,[],,0.4611498344665084,0.23982466543978342
171,3,1,2.828999999999951,,13518,"[954, 270]",False,,True,0.0,False,,False,"[[864, 696]]",,[],,0.46083048355732076,0.24263453311638428
172,3,1,2.8450000000000273,,13518,"[954, 270]",False,,True,0.0,False,,False,"[[864, 690]]",,[],,0.4623975393708504,0.24327238771182647
173,3,1,2.86200000000008,,13518,"[954, 270]",False,,True,0.0,False,,False,"[[864, 684]]",,[],,0.4637964810982148,0.24189241017927987
174,3,1,2.879000000000133,,13518,"[954, 270]",False,,True,0.0,False,,False,"[[864, 678]]",,[],,0.46703263195690825,0.23965384170227255
175,3,1,2.895999999999958,,13518,"[954, 270]",False,,True,0.0,False,,False,"[[864, 672]]",,[],,0.4671311476630066,0.24000174968067678
176,3,1,2.913000000000011,,13518,"[954, 270]",False,,True,0.0,False,,False,"[[864, 666]]",,[],,0.4672741038476539,0.2388075219909792
177,3,1,2.9290000000000873,,13518,"[954, 270]",False,,True,0.0,False,,False,"[[864, 660]]",,[],,0.46944335405887383,0.23816461460207328
178,3,1,2.94600000000014,,13518,"[954, 270]",False,,True,0.0,False,,False,"[[864, 654]]",,[],,0.46964172201479515,0.2388085790293728
179,3,1,2.966000000000122,,13518,"[954, 270]",False,,True,0.0,False,,False,"[[864, 648]]",,[],,0.4688149084546686,0.24917472997307
180,3,1,2.984000000000151,,13518,"[954, 270]",False,,True,0.0,False,,False,"[[864, 642]]",,[],,0.46743557539531455,0.25262740116103255
181,3,1,3.0,,13518,"[954, 270]",False,,True,0.0,False,,False,"[[864, 636]]",,[],,0.46743557539531455,0.25262740116103255
182,3,1,3.0170000000000528,,13518,"[954, 270]",False,,True,0.0,False,,False,"[[864, 630], [954, 810]]",,[],,0.4680634917348014,0.254371475154745
183,3,1,3.033000000000129,,13518,"[954, 270]",False,,True,0.0,False,,False,"[[864, 624], [954, 804]]",,[],,0.4686796147753631,0.2531744128810247
184,3,1,3.0499999999999545,,13518,"[954, 270]",False,,True,0.0,False,,False,"[[864, 618], [954, 798]]",,[],,0.47005067508714476,0.2533202051028862
185,3,1,3.066000000000031,,13518,"[954, 270]",False,,True,0.0,False,,False,"[[864, 612], [954, 792]]",,[],,0.47005067508714476,0.2533202051028862
186,3,1,3.0820000000001073,,13518,"[954, 270]",False,,True,0.0,False,,False,"[[864, 606], [954, 786]]",,[],,0.47151498056467755,0.25612758366484134
187,3,1,3.0979999999999563,,13518,"[954, 270]",False,,True,0.0,False,,False,"[[864, 600], [954, 780]]",,[],,0.47186682304797667,0.2577660949852425
188,3,1,3.115000000000009,,13518,"[954, 270]",False,,True,0.0,False,,False,"[[864, 594], [954, 774]]",,[],,0.4717905756835406,0.2562987680847948
189,3,1,3.1310000000000855,,13518,"[954, 270]",False,,True,0.0,False,,False,"[[864, 588], [954, 768]]",,[],,0.4622862676738396,0.2508389449692441
190,3,1,3.1480000000001382,,13518,"[954, 270]",False,,True,0.0,False,,False,"[[864, 582], [954, 762]]",,[],,0.4491274616691726,0.23982100172548781
191,3,1,3.1649999999999636,,13518,"[954, 270]",False,,True,0.0,False,,False,"[[864, 576], [954, 756]]",,[],,0.4491274616691726,0.23982100172548781
192,3,1,3.18100000000004,,13518,"[954, 270]",False,,True,0.0,False,,False,"[[864, 570], [954, 750]]",,[],,0.4460229347363735,0.24103640110817692
193,3,1,3.1970000000001164,,13518,"[954, 270]",False,,True,0.0,False,,False,"[[864, 564], [954, 744]]",,[],,0.4432548001398066,0.23874790365165866
194,3,1,3.2150000000001455,,13518,"[954, 270]",False,,True,0.0,False,,False,"[[864, 558], [954, 738]]",,[],,0.4411353643198718,0.2389070954738285
195,3,1,3.231999999999971,,13518,"[954, 270]",False,,True,0.0,False,,False,"[[864, 552], [954, 732]]",,[],,0.4411353643198718,0.2389070954738285
196,3,1,3.2490000000000236,,13518,"[954, 270]",False,,True,0.0,False,,False,"[[864, 546], [954, 726]]",,[],,0.4415080972397087,0.2429076784595553
197,3,1,3.2660000000000764,,13518,"[954, 270]",False,,True,0.0,False,,False,"[[864, 540], [954, 720]]",,[],,0.4418469317752468,0.24485340019889745
198,3,1,3.283000000000129,,13518,"[954, 270]",False,,True,0.0,False,,False,"[[864, 534], [954, 714]]",,[],,0.44471770255314375,0.24472765653205686
199,3,1,3.298999999999978,,13518,"[954, 270]",False,,True,0.0,False,,False,"[[864, 528], [954, 708]]",,[],,0.4445748459060274,0.24580546421514893
200,3,1,3.316000000000031,,13518,"[954, 270]",False,,True,0.0,False,,False,"[[864, 522], [954, 702]]",,[],,0.44405438789629514,0.24559889777462696
201,3,1,3.3320000000001073,,13518,"[954, 270]",False,,True,0.0,False,,False,"[[864, 516], [954, 696]]",,[],,0.4440372808466459,0.24556120717206753
202,3,1,3.3479999999999563,,13518,"[954, 270]",False,,True,0.0,False,,False,"[[864, 510], [954, 690]]",,[],,0.44350018138146385,0.24431385498972713
203,3,1,3.365000000000009,,13518,"[954, 270]",False,,True,0.0,False,,False,"[[864, 504], [954, 684]]",,[],,0.4416185577767312,0.24322125518699422
204,3,1,3.380000000000109,,13518,"[954, 270]",False,,True,0.0,False,,False,"[[864, 498], [954, 678]]",,[],,0.44170352018723263,0.24283596609498626
205,3,1,3.3969999999999345,,13518,"[954, 270]",False,,True,0.0,False,,False,"[[864, 492], [954, 672]]",,[],,0.44236639336736355,0.2472478815527449
206,3,1,3.4149999999999636,,13518,"[954, 270]",False,,True,0.0,False,,False,"[[864, 486], [954, 666]]",,[],,0.4426921690906527,0.25358499168477644
207,3,1,3.4320000000000164,,13518,"[954, 270]",False,,True,0.0,False,,False,"[[864, 480], [954, 660]]",,[],,0.44410739220047757,0.2557866888243653
208,3,1,3.449000000000069,,13518,"[954, 270]",False,,True,0.0,False,,False,"[[864, 474], [954, 654]]",,[],,0.443821783159687,0.25842344841656073
209,3,1,3.466000000000122,,13518,"[954, 270]",False,,True,0.0,False,,False,"[[864, 468], [954, 648]]",,[],,0.4443923825378512,0.26095366813832455
210,3,1,3.4829999999999472,,13518,"[954, 270]",False,,True,0.0,False,,False,"[[864, 462], [954, 642]]",,[],,0.44605542408722487,0.2575811866898208
211,3,1,3.5,,13518,"[954, 270]",False,Right,True,0.0,False,,False,"[[864, 456], [954, 636]]",,[],,0.4514211236803053,0.2497958460133991
212,3,1,3.5160000000000764,,13518,"[954, 270]",False,Right,True,0.0,False,,False,"[[858, 450], [948, 630]]",,[],,0.45755302299587797,0.24308411034216704
213,3,1,3.533000000000129,,13518,"[954, 270]",False,Right,True,0.0,False,,False,"[[852, 444], [942, 624]]",,[],,0.45795067751369317,0.24374202524986877
214,3,1,3.548999999999978,,13518,"[954, 270]",False,Right,True,0.0,False,,False,"[[846, 438], [936, 618]]",,[],,0.45871283688239145,0.24492588979706542
215,3,1,3.5650000000000546,,13518,"[954, 270]",False,Right,True,0.0,False,,False,"[[840, 432], [930, 612]]",,[],,0.459484598266778,0.24423683384832895
216,3,1,3.581000000000131,,13518,"[954, 270]",False,Right,True,0.0,False,,False,"[[834, 426], [924, 606]]",,[],,0.46106423254299145,0.24310533627491548
217,3,1,3.5979999999999563,,13518,"[954, 270]",False,Right,True,0.0,False,,False,"[[828, 420], [918, 600]]",,[],,0.4623600525153576,0.2428589147019311
218,3,1,3.615000000000009,,13518,"[954, 270]",False,Right,True,0.0,False,,False,"[[822, 414], [912, 594]]",,[],,0.46280916951025386,0.24089226611698578
219,3,1,3.632000000000062,,13518,"[954, 270]",False,Right,True,0.0,False,,False,"[[816, 408], [906, 588]]",,[],,0.46401946796173804,0.24336638763314955
220,3,1,3.6490000000001146,,13518,"[954, 270]",False,Right,True,0.0,False,,False,"[[810, 402], [900, 582]]",,[],,0.46418320551541886,0.24470116370163864
221,3,1,3.66599999999994,,13518,"[954, 270]",False,Right,True,0.0,False,,False,"[[804, 396], [894, 576]]",,[],,0.4641270438787005,0.24563657861681698
222,3,1,3.6820000000000164,,13518,"[954, 270]",False,Right,True,0.0,False,,False,"[[798, 390], [888, 570]]",,[],,0.4642558200710747,0.24846100003172533
223,3,1,3.699000000000069,,13518,"[954, 270]",False,Right,True,0.0,False,,False,"[[792, 384], [882, 564]]",,[],,0.46350924656307146,0.25269485730761587
224,3,1,3.716000000000122,,13518,"[954, 270]",False,Right,True,0.0,False,,False,"[[786, 378], [876, 558]]",,[],,0.4633700975336311,0.2549097322036591
225,3,1,3.7329999999999472,,13518,"[954, 270]",False,Right,True,0.0,False,,False,"[[780, 372], [870, 552]]",,[],,0.46259489283801525,0.2619005440485469
226,3,1,3.7490000000000236,,13518,"[954, 270]",False,Right,True,0.0,False,,False,"[[774, 366], [864, 546]]",,[],,0.4623273504731954,0.2639849027242036
227,3,1,3.7660000000000764,,13518,"[954, 270]",False,Right,True,0.0,False,,False,"[[768, 360], [858, 540]]",,[],,0.46280529989023494,0.26552044863028135
228,3,1,3.783000000000129,,13518,"[954, 270]",False,Right,True,0.0,False,,False,"[[762, 354], [852, 534]]",,[],,0.4626114546754591,0.2657596732148494
229,3,1,3.7999999999999545,,13518,"[954, 270]",False,Right,True,0.0,False,,False,"[[756, 348], [846, 528]]",,[],,0.4624142713665827,0.2662177238142809
230,3,1,3.816000000000031,,13518,"[954, 270]",False,Right,True,0.0,False,,False,"[[750, 342], [840, 522]]",,[],,0.4627868081742255,0.26643127017824597
231,3,1,3.8330000000000837,,13518,"[954, 270]",False,Right,True,0.0,False,,False,"[[744, 336], [834, 516]]",,[],,0.46177023400980677,0.26412723221690526
232,3,1,3.8500000000001364,,13518,"[954, 270]",False,Right,True,0.0,False,,False,"[[738, 330], [828, 510]]",,[],,0.4605700293345304,0.26697622503743934
233,3,1,3.8659999999999854,,13518,"[954, 270]",False,Right,True,0.0,False,,False,"[[732, 324], [822, 504]]",,[],,0.45982851319000284,0.2679678021690788
234,3,1,3.883000000000038,,13518,"[954, 270]",False,Right,True,0.0,False,,False,"[[726, 318], [816, 498]]",,[],,0.4598595397601792,0.26871674987385763
235,3,1,3.900000000000091,,13518,"[954, 270]",False,Right,True,0.0,False,,False,"[[720, 312], [810, 492]]",,[],,0.4588242741101478,0.27039361833160025
236,3,1,3.91599999999994,,13518,"[954, 270]",False,Right,True,0.0,False,,False,"[[714, 306], [804, 486]]",,[],,0.4583914324140955,0.27032469353905086
237,3,1,3.9320000000000164,,13518,"[954, 270]",False,,True,0.0,False,,False,"[[708, 300], [798, 480]]",,[],,0.4587559835128906,0.2706168513735744
238,3,1,3.949000000000069,,13518,"[954, 270]",False,,True,0.0,False,,False,"[[708, 294], [798, 474]]",,[],,0.459478077370584,0.2617702763780917
239,3,1,3.966000000000122,,13518,"[954, 270]",False,,True,0.0,False,,False,"[[708, 288], [798, 468]]",,[],,0.46667357020224653,0.23814101622739814
240,3,1,3.9829999999999472,,13518,"[954, 270]",False,,True,0.0,False,,False,"[[708, 282], [798, 462]]",,[],,0.46878446927423856,0.22881793660479777
241,3,1,4.0,,13518,"[954, 270]",False,,True,0.0,False,,False,"[[708, 276], [798, 456]]",,[],,0.4672531338198397,0.22327115512923457
242,3,1,4.016000000000076,,13518,"[954, 270]",False,,True,0.0,False,,False,"[[708, 270], [798, 450], [582, 810]]",,[],,0.46680990586061116,0.2238481082318483
243,3,1,4.033000000000129,,13518,"[954, 270]",False,,True,0.0,False,,False,"[[708, 264], [798, 444], [582, 804]]",,[],,0.4670828569813585,0.22326279193304588
244,3,1,4.048999999999978,,13518,"[954, 270]",False,,True,0.0,False,,False,"[[708, 258], [798, 438], [582, 798]]",,[],,0.4670828569813585,0.22326279193304588
245,3,1,4.065000000000055,,13518,"[954, 270]",False,,True,0.0,False,,False,"[[708, 252], [798, 432], [582, 792]]",,[],,0.46847860351401804,0.22530639246941586
246,3,1,4.082000000000107,,13518,"[954, 270]",False,,True,0.0,False,,False,"[[708, 246], [798, 426], [582, 786]]",,[],,0.46847860351401804,0.22530639246941586
247,3,1,4.098999999999933,,13518,"[954, 270]",False,,True,0.0,False,,False,"[[708, 240], [798, 420], [582, 780]]",,[],,0.4687821912278827,0.22962942449184942
248,3,1,4.1159999999999854,,13518,"[954, 270]",False,,True,0.0,False,,False,"[[708, 234], [798, 414], [582, 774], [762, 810]]",,[],,0.46837622012201957,0.23064407918700458
249,3,1,4.133000000000038,,13518,"[954, 270]",False,,True,0.0,False,,False,"[[708, 228], [798, 408], [582, 768], [762, 804]]",,[],,0.4672575387560685,0.23457535172951804
250,3,1,4.149000000000115,,13518,"[954, 270]",False,,True,0.0,False,,False,"[[708, 222], [798, 402], [582, 762], [762, 798]]",,[],,0.4672575387560685,0.23457535172951804
251,3,1,4.16599999999994,,13518,"[954, 270]",False,,True,0.0,False,,False,"[[708, 216], [798, 396], [582, 756], [762, 792]]",,[],,0.46653736308670446,0.2342052278455924
252,3,1,4.182000000000016,,13518,"[954, 270]",False,,True,0.0,False,,False,"[[708, 210], [798, 390], [582, 750], [762, 786]]",,[],,0.46653736308670446,0.2342052278455924
253,3,1,4.198000000000093,,13518,"[954, 270]",False,,True,0.0,False,,False,"[[708, 204], [798, 384], [582, 744], [762, 780]]",,[],,0.466564461898613,0.23560389169061347
254,3,1,4.2150000000001455,,13518,"[954, 270]",False,,True,0.0,False,,False,"[[708, 198], [798, 378], [582, 738], [762, 774]]",,[],,0.46664591758266194,0.23603387641587992
255,3,1,4.2309999999999945,,13518,"[954, 270]",False,,True,0.0,False,,False,"[[708, 192], [798, 372], [582, 732], [762, 768]]",,[],,0.46666140127996714,0.2400644921854831
256,3,1,4.247000000000071,,13518,"[954, 270]",False,,True,0.0,False,,False,"[[708, 186], [798, 366], [582, 726], [762, 762]]",,[],,0.46666140127996714,0.2400644921854831
257,3,1,4.2650000000001,,13518,"[954, 270]",False,,True,0.0,False,,False,"[[708, 180], [798, 360], [582, 720], [762, 756]]",,[],,0.4669321019355256,0.24441621165324867
258,3,1,4.282000000000153,,13518,"[954, 270]",False,Right,True,0.0,False,,False,"[[708, 174], [798, 354], [582, 714], [762, 750]]",,[],,0.4669321019355256,0.24441621165324867
259,3,1,4.2970000000000255,,13518,"[954, 270]",False,Right,True,0.0,False,,False,"[[702, 168], [792, 348], [576, 708], [756, 744]]",,[],,0.4661527970918272,0.2459734367225508
260,3,1,4.314000000000078,,13518,"[954, 270]",False,Right,True,0.0,False,,False,"[[696, 162], [786, 342], [570, 702], [750, 738]]",,[],,0.4661527970918272,0.2459734367225508
261,3,1,4.331000000000131,,13518,"[954, 270]",False,Right,True,0.0,False,,False,"[[690, 156], [780, 336], [564, 696], [744, 732]]",,[],,0.4642684456937836,0.2463003592855838
262,3,1,4.346000000000004,,13518,"[954, 270]",False,Right,True,0.0,False,,False,"[[684, 150], [774, 330], [558, 690], [738, 726]]",,[],,0.4642684456937836,0.2463003592855838
263,3,1,4.36200000000008,,13518,"[954, 270]",False,Right,True,0.0,False,,False,"[[678, 144], [768, 324], [552, 684], [732, 720]]",,[],,0.4436623376009946,0.21991136730595118
264,3,1,4.379000000000133,,13518,"[954, 270]",False,Right,True,0.0,False,,False,"[[672, 138], [762, 318], [546, 678], [726, 714]]",,[],,0.4436623376009946,0.21991136730595118
265,3,1,4.3969999999999345,,13518,"[954, 270]",False,,True,0.0,False,,False,"[[666, 132], [756, 312], [540, 672], [720, 708]]",,[],,0.44273765016037403,0.21015436123164988
266,3,1,4.413000000000011,,13518,"[954, 270]",False,,True,0.0,False,,False,"[[666, 126], [756, 306], [540, 666], [720, 702]]",,[],,0.44273765016037403,0.21015436123164988
267,3,1,4.430000000000064,,13518,"[954, 270]",False,,True,0.0,False,,False,"[[666, 120], [756, 300], [540, 660], [720, 696]]",,[],,0.4413934854127285,0.1986678997044723
268,3,1,4.447000000000116,,13518,"[954, 270]",False,,True,0.0,False,,False,"[[666, 114], [756, 294], [540, 654], [720, 690]]",,"[[1218, 810]]",,0.4413934854127285,0.1986678997044723
269,3,1,4.463999999999942,,13518,"[954, 270]",False,,True,0.0,False,,False,"[[666, 108], [756, 288], [540, 648], [720, 684]]",,"[[1218, 804]]",,0.4448140333022952,0.19718901689345913
270,3,1,4.479000000000042,,13518,"[954, 270]",False,,True,0.0,False,,False,"[[666, 102], [756, 282], [540, 642], [720, 678]]",,"[[1218, 798]]",,0.4448140333022952,0.19718901689345913
271,3,1,4.496000000000095,,13518,"[954, 270]",False,,True,0.0,False,,False,"[[666, 96], [756, 276], [540, 636], [720, 672]]",,"[[1218, 792]]",,0.4454548020014208,0.20137220074294204
272,3,1,4.513000000000147,,13518,"[954, 270]",False,,True,0.0,False,,False,"[[666, 90], [756, 270], [540, 630], [720, 666]]",,"[[1218, 786]]",,0.4458736976442276,0.20231247819818743
273,3,1,4.529999999999973,,13518,"[954, 270]",False,,True,0.0,False,,False,"[[666, 84], [756, 264], [540, 624], [720, 660]]",,"[[1218, 780]]",,0.4461476423950277,0.20816119831009638
274,3,1,4.5470000000000255,,13518,"[954, 270]",False,,True,0.0,False,,False,"[[666, 78], [756, 258], [540, 618], [720, 654]]",,"[[1218, 774]]",,0.4461476423950277,0.20816119831009638
275,3,1,4.564000000000078,,13518,"[954, 270]",False,,True,0.0,False,,False,"[[666, 72], [756, 252], [540, 612], [720, 648]]",,"[[1218, 768]]",,0.4463437479946507,0.21190321658509015
276,3,1,4.580000000000155,,13518,"[954, 270]",False,,True,0.0,False,,False,"[[666, 66], [756, 246], [540, 606], [720, 642]]",,"[[1218, 762]]",,0.4463437479946507,0.21190321658509015
277,3,1,4.596000000000004,,13518,"[954, 270]",False,,True,0.0,False,,False,"[[666, 60], [756, 240], [540, 600], [720, 636]]",,"[[1218, 756]]",,0.4459420680886014,0.21654831112668316
278,3,1,4.61200000000008,,13518,"[954, 270]",False,,True,0.0,False,,False,"[[666, 54], [756, 234], [540, 594], [720, 630]]",,"[[1218, 750]]",,0.4459420680886014,0.21654831112668316
279,3,1,4.629000000000133,,13518,"[954, 270]",False,,True,0.0,False,,False,"[[666, 48], [756, 228], [540, 588], [720, 624]]",,"[[1218, 744]]",,0.45955300922163883,0.2061342762814432
280,3,1,4.645999999999958,,13518,"[954, 270]",False,,True,0.0,False,,False,"[[666, 42], [756, 222], [540, 582], [720, 618]]",,"[[1218, 738]]",,0.45955300922163883,0.2061342762814432
281,3,1,4.662000000000035,,13518,"[954, 270]",False,,True,0.0,False,,False,"[[666, 36], [756, 216], [540, 576], [720, 612]]",,"[[1218, 732]]",,0.4596747140325418,0.2097043299529765
282,3,1,4.679000000000087,,13518,"[954, 270]",False,,True,0.0,False,,False,"[[666, 30], [756, 210], [540, 570], [720, 606]]",,"[[1218, 726]]",,0.4596747140325418,0.2097043299529765
283,3,1,4.69600000000014,,13518,"[954, 270]",False,,True,0.0,False,,False,"[[666, 24], [756, 204], [540, 564], [720, 600]]",,"[[1218, 720]]",,0.4604934648309974,0.21259302371112543
284,3,1,4.712999999999965,,13518,"[954, 270]",False,,True,0.0,False,,False,"[[666, 18], [756, 198], [540, 558], [720, 594]]",,"[[1218, 714]]",,0.4604934648309974,0.21259302371112543
285,3,1,4.730000000000018,,13518,"[954, 270]",False,,True,0.0,False,,False,"[[666, 12], [756, 192], [540, 552], [720, 588]]",,"[[1218, 708]]",,0.45936634963868733,0.21464488550288507
286,3,1,4.747000000000071,,13518,"[954, 270]",False,,True,0.0,False,,False,"[[666, 6], [756, 186], [540, 546], [720, 582]]",,"[[1218, 702]]",,0.45936634963868733,0.21464488550288507
287,3,1,4.763000000000147,,13518,"[954, 270]",False,,True,0.0,False,,False,"[[666, 0], [756, 180], [540, 540], [720, 576]]",,"[[1218, 696]]",,0.4615587784804743,0.21390021651608448
288,3,1,4.780999999999949,,13518,"[954, 270]",False,,True,0.0,False,,False,"[[756, 174], [540, 534], [720, 570]]",,"[[1218, 690]]",,0.4615587784804743,0.21390021651608448
289,3,1,4.798999999999978,,13518,"[954, 270]",False,,True,0.0,False,,False,"[[756, 168], [540, 528], [720, 564]]",,"[[1218, 684]]",,0.47679814547095783,0.18277029731391004
290,3,1,4.816000000000031,,13518,"[954, 270]",False,,True,0.0,False,,False,"[[756, 162], [540, 522], [720, 558]]",,"[[1218, 678]]",,0.47679814547095783,0.18277029731391004
291,3,1,4.833000000000084,,13518,"[954, 270]",False,,True,0.0,False,,False,"[[756, 156], [540, 516], [720, 552]]",,"[[1218, 672]]",,0.4822661193254074,0.18046986385571917
292,3,1,4.848999999999933,,13518,"[954, 270]",False,,True,0.0,False,,False,"[[756, 150], [540, 510], [720, 546]]",,"[[1218, 666]]",,0.4822661193254074,0.18046986385571917
293,3,1,4.8659999999999854,,13518,"[954, 270]",False,,True,0.0,False,,False,"[[756, 144], [540, 504], [720, 540]]",,"[[1218, 660]]",,0.4853799940008904,0.18049913681364615
294,3,1,4.883000000000038,,13518,"[954, 270]",False,,True,0.0,False,,False,"[[756, 138], [540, 498], [720, 534]]",,"[[1218, 654]]",,0.4853799940008904,0.18049913681364615
295,3,1,4.899000000000115,,13518,"[954, 270]",False,,True,0.0,False,,False,"[[756, 132], [540, 492], [720, 528]]",,"[[1218, 648]]",,0.4854609560777269,0.1790884390566202
296,3,1,4.91599999999994,,13518,"[954, 270]",False,,True,0.0,False,,False,"[[756, 126], [540, 486], [720, 522]]",,"[[1218, 642]]",,0.4854609560777269,0.1790884390566202
297,3,1,4.932000000000016,,13518,"[954, 270]",False,,True,0.0,False,,False,"[[756, 120], [540, 480], [720, 516]]",,"[[1218, 636]]",,0.48783745901041964,0.17907030135970303
298,3,1,4.949000000000069,,13518,"[954, 270]",False,,True,0.0,False,,False,"[[756, 114], [540, 474], [720, 510]]",,"[[1218, 630]]",,0.48783745901041964,0.17907030135970303
299,3,1,4.9650000000001455,,13518,"[954, 270]",False,,True,0.0,False,,False,"[[756, 108], [540, 468], [720, 504]]",,"[[1218, 624]]",,0.48904034395838386,0.18286235893820935
300,3,1,4.981999999999971,,13518,"[954, 270]",False,,True,0.0,False,,False,"[[756, 102], [540, 462], [720, 498]]",,"[[1218, 618]]",,0.48904034395838386,0.18286235893820935
301,3,1,4.999000000000024,,13518,"[954, 270]",False,,True,0.0,False,,False,"[[756, 96], [540, 456], [720, 492]]",,"[[1218, 612]]",,0.47382291002911214,0.18523439035459588
302,3,1,5.016000000000076,,13518,"[954, 270]",False,,True,0.0,False,,False,"[[756, 90], [540, 450], [720, 486]]",,"[[1218, 606]]",,0.47382291002911214,0.18523439035459588
303,3,1,5.032000000000153,,13518,"[954, 270]",False,,True,0.0,False,,False,"[[756, 84], [540, 444], [720, 480]]",,"[[1218, 600]]",,0.4719785176160271,0.1859122491592572
304,3,1,5.048999999999978,,13518,"[954, 270]",False,,True,0.0,False,,False,"[[756, 78], [540, 438], [720, 474]]",,"[[1218, 594]]",,0.4719785176160271,0.1859122491592572
305,3,1,5.066000000000031,,13518,"[954, 270]",False,,True,0.0,False,,False,"[[756, 72], [540, 432], [720, 468]]",,"[[1218, 588]]",,0.4695300793718567,0.18920520783970685
306,3,1,5.083000000000084,,13518,"[954, 270]",False,,True,0.0,False,,False,"[[756, 66], [540, 426], [720, 462]]",,"[[1218, 582]]",,0.4695300793718567,0.18920520783970685
307,3,1,5.098999999999933,,13518,"[954, 270]",False,,True,0.0,False,,False,"[[756, 60], [540, 420], [720, 456]]",,"[[1218, 576]]",,0.4704462829905308,0.1926828416692269
308,3,1,5.1159999999999854,,13518,"[954, 270]",False,,True,0.0,False,,False,"[[756, 54], [540, 414], [720, 450]]",,"[[1218, 570]]",,0.4704462829905308,0.1926828416692269
309,3,1,5.133000000000038,,13518,"[954, 270]",False,,True,0.0,False,,False,"[[756, 48], [540, 408], [720, 444]]",,"[[1218, 564]]",,0.47295361103093675,0.19510339787676545
310,3,1,5.150000000000091,,13518,"[954, 270]",False,,True,0.0,False,,False,"[[756, 42], [540, 402], [720, 438]]",,"[[1218, 558]]",,0.47295361103093675,0.19510339787676545
311,3,1,5.167000000000144,,13518,"[954, 270]",False,,True,0.0,False,,False,"[[756, 36], [540, 396], [720, 432]]",,"[[1218, 552]]",,0.47402082723015937,0.1980605147155461
312,3,1,5.182999999999993,,13518,"[954, 270]",False,,True,0.0,False,,False,"[[756, 30], [540, 390], [720, 426]]",,"[[1218, 546]]",,0.47402082723015937,0.1980605147155461
313,3,1,5.2000000000000455,,13518,"[954, 270]",False,,True,0.0,False,,False,"[[756, 24], [540, 384], [720, 420]]",,"[[1218, 540]]",,0.4724177544640635,0.20315213622206063
314,3,1,5.217000000000098,,13518,"[954, 270]",False,,True,0.0,False,,False,"[[756, 18], [540, 378], [720, 414]]",,"[[1218, 534]]",,0.4724177544640635,0.20315213622206063
315,3,1,5.232999999999947,,13518,"[954, 270]",False,,True,0.0,False,,False,"[[756, 12], [540, 372], [720, 408]]",,"[[1218, 528]]",,0.47157334506446646,0.2082036215688141
316,3,1,5.249000000000024,,13518,"[954, 270]",False,,True,0.0,False,,False,"[[756, 6], [540, 366], [720, 402]]",,"[[1218, 522]]",,0.47157334506446646,0.2082036215688141
317,3,1,5.2650000000001,,13518,"[954, 270]",False,,True,0.0,False,,False,"[[756, 0], [540, 360], [720, 396]]",,"[[1218, 516]]",,0.4717414326128382,0.2114952361863789
318,3,1,5.282000000000153,,13518,"[954, 270]",False,,True,0.0,False,,False,"[[540, 354], [720, 390]]",,"[[1218, 510]]",,0.4717414326128382,0.2114952361863789
319,3,1,5.298999999999978,,13518,"[954, 270]",False,,True,0.0,False,,False,"[[540, 348], [720, 384]]",,"[[1218, 504]]",,0.47199420096930994,0.2149335473390731
320,3,1,5.315000000000055,,13518,"[954, 270]",False,,True,0.0,False,,False,"[[540, 342], [720, 378]]",,"[[1218, 498]]",,0.47199420096930994,0.2149335473390731
321,3,1,5.332000000000107,,13518,"[954, 270]",False,,True,0.0,False,,False,"[[540, 336], [720, 372]]",,"[[1218, 492]]",,0.47208289508660484,0.2160969482775753
322,3,1,5.347999999999956,,13518,"[954, 270]",False,,True,0.0,False,,False,"[[540, 330], [720, 366]]",,"[[1218, 486]]",,0.47208289508660484,0.2160969482775753
323,3,1,5.365000000000009,,13518,"[954, 270]",False,,True,0.0,False,,False,"[[540, 324], [720, 360]]",,"[[1218, 480]]",,0.47179729232791756,0.21672798199080445
324,3,1,5.3810000000000855,,13518,"[954, 270]",False,,True,0.0,False,,False,"[[540, 318], [720, 354]]",,"[[1218, 474]]",,0.47179729232791756,0.21672798199080445
325,3,1,5.3969999999999345,,13518,"[954, 270]",False,,True,0.0,False,,False,"[[540, 312], [720, 348]]",,"[[1218, 468]]",,0.4644884449131962,0.21837995929197163
326,3,1,5.413000000000011,,13518,"[954, 270]",False,,True,0.0,False,,False,"[[540, 306], [720, 342]]",,"[[1218, 462]]",,0.46302722040764965,0.21813239387192795
327,3,1,5.430000000000064,,13518,"[954, 270]",False,,True,0.0,False,,False,"[[540, 300], [720, 336]]",,"[[1218, 456]]",,0.4613229118648025,0.22390724471050905
328,3,1,5.447000000000116,,13518,"[954, 270]",False,,True,0.0,False,,False,"[[540, 294], [720, 330]]",,"[[1218, 450]]",,0.4613229118648025,0.22390724471050905
329,3,1,5.462999999999965,,13518,"[954, 270]",False,,True,0.0,False,,False,"[[540, 288], [720, 324]]",,"[[1218, 444]]",,0.4599227916722241,0.22739020729844495
330,3,1,5.479000000000042,,13518,"[954, 270]",False,,True,0.0,False,,False,"[[540, 282], [720, 318]]",,"[[1218, 438]]",,0.4599227916722241,0.22739020729844495
331,3,1,5.495000000000118,,13518,"[954, 270]",False,,True,0.0,False,,False,"[[540, 276], [720, 312]]",,"[[1218, 432]]",,0.45791433255337993,0.2296777366826228
332,3,1,5.510999999999967,,13518,"[954, 270]",False,,True,0.0,False,,False,"[[540, 270], [720, 306]]",,"[[1218, 426]]",,0.4581618697589402,0.23230548344836488
333,3,1,5.527000000000044,,13518,"[954, 270]",False,Right,True,0.0,False,,False,"[[540, 264], [720, 300]]",,"[[1212, 420]]",,0.4586075181563577,0.2328631570823837
334,3,1,5.545000000000073,,13518,"[954, 270]",False,Right,True,0.0,False,,False,"[[534, 258], [714, 294]]",,"[[1206, 414]]",,0.45909836778332186,0.23359998832344497
335,3,1,5.561000000000149,,13518,"[954, 270]",False,Right,True,0.0,False,,False,"[[528, 252], [708, 288]]",,"[[1200, 408]]",,0.4592193061118509,0.2340552564261268
336,3,1,5.576999999999998,,13518,"[954, 270]",False,Right,True,0.0,False,,False,"[[522, 246], [702, 282]]",,"[[1194, 402]]",,0.459421049671085,0.23455340982724993
337,3,1,5.595000000000027,,13518,"[954, 270]",False,Right,True,0.0,False,,False,"[[516, 240], [696, 276]]",,"[[1188, 396]]",,0.4593718467273854,0.2376812855106576
338,3,1,5.611000000000104,,13518,"[954, 270]",False,Right,True,0.0,False,,False,"[[510, 234], [690, 270]]",,"[[1182, 390]]",,0.4589388589936532,0.23842967200330234
339,3,1,5.628000000000156,,13518,"[954, 270]",False,,True,0.0,False,,False,"[[504, 228], [684, 264]]",,"[[1182, 384]]",,0.457768212024373,0.2407416930171744
340,3,1,5.644999999999982,,13518,"[954, 270]",False,,True,0.0,False,,False,"[[504, 222], [684, 258]]",,"[[1182, 378]]",,0.4579038725062574,0.24100549595928922
341,3,1,5.661000000000058,,13518,"[954, 270]",False,,True,0.0,False,,False,"[[504, 216], [684, 252]]",,"[[1182, 372]]",,0.4582221686025072,0.2425500456868418
342,3,1,5.678000000000111,,13518,"[954, 270]",False,,True,0.0,False,,False,"[[504, 210], [684, 246]]",,"[[1182, 366]]",,0.4589390062409667,0.24569764953598172
343,3,1,5.694999999999936,,13518,"[954, 270]",False,,True,0.0,False,,False,"[[504, 204], [684, 240]]",,"[[1182, 360]]",,0.4593815262512287,0.24586170134379715
344,3,1,5.711999999999989,,13518,"[954, 270]",False,,True,0.0,False,,False,"[[504, 198], [684, 234], [864, 810]]",,"[[1182, 354]]",,0.4593815262512287,0.24586170134379715
345,3,1,5.729000000000042,,13518,"[954, 270]",False,,True,0.0,False,,False,"[[504, 192], [684, 228], [864, 804]]",,"[[1182, 348]]",,0.4602764646792391,0.24622262864161226
346,3,1,5.746000000000095,,13518,"[954, 270]",False,,True,0.0,False,,False,"[[504, 186], [684, 222], [864, 798]]",,"[[1182, 342]]",,0.4602764646792391,0.24622262864161226
347,3,1,5.763000000000147,,13518,"[954, 270]",False,Right,True,0.0,False,,False,"[[504, 180], [684, 216], [864, 792]]",,"[[1176, 336]]",,0.459740321201631,0.24582553509706073
348,3,1,5.780999999999949,,13518,"[954, 270]",False,,True,0.0,False,,False,"[[498, 174], [678, 210], [858, 786]]",,"[[1176, 330]]",,0.4590732797471623,0.2466225484686344
349,3,1,5.796000000000049,,13518,"[954, 270]",False,,True,0.0,False,,False,"[[498, 168], [678, 204], [858, 780]]",,"[[1176, 324], [270, 810]]",,0.4590608783375053,0.24782114693065016
350,3,1,5.8120000000001255,,13518,"[954, 270]",False,,True,0.0,False,,False,"[[498, 162], [678, 198], [858, 774]]",,"[[1176, 318], [270, 804]]",,0.4590608783375053,0.24782114693065016
351,3,1,5.8279999999999745,,13518,"[954, 270]",False,,True,0.0,False,,False,"[[498, 156], [678, 192], [858, 768]]",,"[[1176, 312], [270, 798]]",,0.38659102776409426,0.2765889895367861
352,3,1,5.845000000000027,,13518,"[954, 270]",False,,True,1.0,False,,False,"[[498, 150], [678, 186], [858, 762]]",,"[[1176, 306], [270, 792]]",,0.4586331931387906,0.25115853816896905
353,3,1,5.861000000000104,,13518,"[954, 270]",False,,True,1.0,False,,False,"[[498, 144], [678, 180], [858, 756]]",,"[[1182, 300], [276, 786]]",,0.4583421262363273,0.252192683642288
354,3,1,5.878000000000156,,13518,"[954, 270]",False,,True,1.0,False,,False,"[[504, 138], [684, 174], [864, 750]]",,"[[1188, 294], [282, 780]]",,0.45882667484028916,0.25362531990339887
355,3,1,5.894999999999982,,13518,"[954, 270]",False,,True,1.0,False,,False,"[[510, 132], [690, 168], [870, 744]]",,"[[1194, 288], [288, 774]]",,0.45827590793223505,0.32106333865493764
356,3,1,5.912000000000035,,13518,"[954, 270]",False,,True,1.0,False,,False,"[[516, 126], [696, 162], [876, 738]]",,"[[1200, 282], [294, 768]]",,0.45827590793223505,0.32106333865493764
357,3,1,5.929000000000087,,13518,"[954, 270]",False,,True,1.0,False,,False,"[[522, 120], [702, 156], [882, 732]]",,"[[1206, 276], [300, 762]]",,0.4591747480059337,0.2547484019075644
358,3,1,5.94600000000014,,13518,"[954, 270]",False,,True,1.0,False,,False,"[[528, 114], [708, 150], [888, 726]]",,"[[1212, 270], [306, 756]]",,0.4585498997027385,0.32090600787041224
359,3,1,5.961999999999989,,13518,"[954, 270]",False,,True,1.0,False,,False,"[[534, 108], [714, 144], [894, 720]]",,"[[1218, 264], [312, 750]]",,0.4586787207808375,0.25712270720884933
360,3,1,5.979000000000042,,13518,"[954, 270]",False,,True,1.0,False,,False,"[[540, 102], [720, 138], [900, 714]]",,"[[1224, 258], [318, 744]]",,0.4586787207808375,0.25712270720884933
361,3,1,5.996000000000095,,13518,"[954, 270]",False,,True,1.0,False,,False,"[[546, 96], [726, 132], [906, 708]]",,"[[1230, 252], [324, 738]]",,0.4587412980782388,0.2581204543095271
362,3,1,6.013000000000147,,13518,"[954, 270]",False,,True,1.0,False,,False,"[[552, 90], [732, 126], [912, 702]]",,"[[1236, 246], [330, 732]]",,0.4576356367225428,0.258657405142542
363,3,1,6.029999999999973,,13518,"[954, 270]",False,,True,1.0,False,,False,"[[558, 84], [738, 120], [918, 696]]",,"[[1242, 240], [336, 726]]",,0.45701033607841035,0.2589829763592987
364,3,1,6.0470000000000255,,13518,"[954, 270]",False,,True,1.0,False,,False,"[[564, 78], [744, 114], [924, 690]]",,"[[1248, 234], [342, 720]]",,0.4571313812313618,0.26025745168014125
365,3,1,6.064000000000078,,13518,"[954, 270]",False,,True,1.0,False,,False,"[[570, 72], [750, 108], [930, 684]]",,"[[1254, 228], [348, 714]]",,0.45725052338592087,0.26053060202964706
366,3,1,6.081000000000131,,13518,"[954, 270]",False,,True,1.0,False,,False,"[[576, 66], [756, 102], [936, 678]]",,"[[1260, 222], [354, 708]]",,0.45725052338592087,0.26053060202964706
367,3,1,6.09699999999998,,13518,"[954, 270]",False,,True,1.0,False,,False,"[[582, 60], [762, 96], [942, 672]]",,"[[1266, 216], [360, 702]]",,0.457775296548563,0.2616699448126507
368,3,1,6.114000000000033,,13518,"[954, 270]",False,,True,1.0,False,,False,"[[588, 54], [768, 90], [948, 666], [750, 810]]",,"[[1272, 210], [366, 696]]",,0.4669180586613936,0.252013021663658
369,3,1,6.132000000000062,,13518,"[954, 270]",False,Right,True,1.0,False,,False,"[[594, 48], [774, 84], [954, 660], [756, 804]]",,"[[1272, 204], [366, 690]]",,0.4676813632467269,0.25284216202714727
370,3,1,6.1469999999999345,,13518,"[954, 270]",False,Right,True,1.0,False,,False,"[[594, 42], [774, 78], [954, 654], [756, 798]]",,"[[1272, 198], [366, 684]]",,0.46822199957791366,0.25245424819348605
371,3,1,6.163999999999987,,13518,"[954, 270]",False,Right,True,1.0,False,,False,"[[594, 36], [774, 72], [954, 648], [756, 792]]",,"[[1272, 192], [366, 678]]",,0.46924869075164627,0.2540399489687638
372,3,1,6.180000000000064,,13518,"[954, 270]",False,Right,True,1.0,False,,False,"[[594, 30], [774, 66], [954, 642], [756, 786]]",,"[[1272, 186], [366, 672]]",,0.46970111005801296,0.2544696514839788
373,3,1,6.197000000000116,,13518,"[954, 270]",False,Right,True,1.0,False,,False,"[[594, 24], [774, 60], [954, 636], [756, 780]]",,"[[1272, 180], [366, 666]]",,0.4694621913588871,0.25606163015859706
374,3,1,6.213999999999942,,13518,"[954, 270]",False,Right,True,1.0,False,,False,"[[594, 18], [774, 54], [954, 630], [756, 774]]",,"[[1272, 174], [366, 660]]",,0.46867015603708645,0.255719504187791
375,3,1,6.230000000000018,,13518,"[954, 270]",False,,True,1.0,False,,False,"[[594, 12], [774, 48], [954, 624], [756, 768]]",,"[[1278, 168], [372, 654]]",,0.46826252127930024,0.2563068610768826
376,3,1,6.246000000000095,,13518,"[954, 270]",False,,True,1.0,False,,False,"[[600, 6], [780, 42], [960, 618], [762, 762]]",,"[[1284, 162], [378, 648]]",,0.4675834039995901,0.2560777177542821
377,3,1,6.263000000000147,,13518,"[954, 270]",False,,True,1.0,False,,False,"[[606, 0], [786, 36], [966, 612], [768, 756]]",,"[[1290, 156], [384, 642]]",,0.4665461665888947,0.2555790365421732
378,3,1,6.278999999999996,,13518,"[954, 270]",False,,True,1.0,False,,False,"[[792, 30], [972, 606], [774, 750]]",,"[[1296, 150], [390, 636]]",,0.4664782707021714,0.256141952564101
379,3,1,6.296000000000049,,13518,"[954, 270]",False,,True,1.0,False,,False,"[[798, 24], [978, 600], [780, 744]]",,"[[1302, 144], [396, 630]]",,0.466022569022118,0.2551853116946099
380,3,1,6.313000000000102,,13518,"[954, 270]",False,Right,True,1.0,False,,False,"[[804, 18], [984, 594], [786, 738]]",,"[[1302, 138], [396, 624]]",,0.4659779576181481,0.25652789483934757
381,3,1,6.328999999999951,,13518,"[954, 270]",False,Right,True,1.0,False,,False,"[[804, 12], [984, 588], [786, 732]]",,"[[1302, 132], [396, 618]]",,0.46600348739595815,0.2580167649190426
382,3,1,6.346000000000004,,13518,"[954, 270]",False,Right,True,1.0,False,,False,"[[804, 6], [984, 582], [786, 726]]",,"[[1302, 126], [396, 612]]",,0.4647035864597184,0.2580879270303099
383,3,1,6.36200000000008,,13518,"[954, 270]",False,Right,True,1.0,False,,False,"[[804, 0], [984, 576], [786, 720]]",,"[[1302, 120], [396, 606]]",,0.4635646790378879,0.2548317555134184
384,3,1,6.378000000000156,,13518,"[954, 270]",False,Right,True,1.0,False,,False,"[[984, 570], [786, 714]]",,"[[1302, 114], [396, 600]]",,0.462741261239416,0.2548040459400429
385,3,1,6.394999999999982,,13518,"[954, 270]",False,,True,1.0,False,,False,"[[984, 564], [786, 708]]",,"[[1308, 108], [402, 594]]",,0.4623679396102448,0.25468250222884625
386,3,1,6.411000000000058,,13518,"[954, 270]",False,,True,1.0,False,,False,"[[990, 558], [792, 702]]",,"[[1314, 102], [408, 588]]",,0.4623145838724515,0.25525642881701305
387,3,1,6.427000000000135,,13518,"[954, 270]",False,,True,1.0,False,,False,"[[996, 552], [798, 696]]",,"[[1320, 96], [414, 582]]",,0.3863107691786499,0.2836661933455973
388,3,1,6.442999999999984,,13518,"[954, 270]",False,,True,1.0,False,,False,"[[1002, 546], [804, 690]]",,"[[1326, 90], [420, 576]]",,0.4612054262304512,0.2571889852829162
389,3,1,6.45900000000006,,13518,"[954, 270]",False,,True,1.0,False,,False,"[[1008, 540], [810, 684]]",,"[[1332, 84], [426, 570]]",,0.4612054262304512,0.2571889852829162
390,3,1,6.475000000000136,,13518,"[954, 270]",False,,True,1.0,False,,False,"[[1014, 534], [816, 678]]",,"[[1338, 78], [432, 564]]",,0.4596247787204488,0.25827723372506217
391,3,1,6.491999999999962,,13518,"[954, 270]",False,,True,1.0,False,,False,"[[1020, 528], [822, 672]]",,"[[1344, 72], [438, 558]]",,0.4596247787204488,0.25827723372506217
392,3,1,6.508000000000038,,13518,"[954, 270]",False,,True,1.0,False,,False,"[[1026, 522], [828, 666]]",,"[[1350, 66], [444, 552]]",,0.4584798541872449,0.2591128108096329
393,3,1,6.525000000000091,,13518,"[954, 270]",False,,True,1.0,False,,False,"[[1032, 516], [834, 660]]",,"[[1356, 60], [450, 546]]",,0.4584798541872449,0.2591128108096329
394,3,1,6.54099999999994,,13518,"[954, 270]",False,,True,1.0,False,,False,"[[1038, 510], [840, 654]]",,"[[1362, 54], [456, 540]]",,0.45838223049067556,0.2588664661262715
395,3,1,6.557000000000016,,13518,"[954, 270]",False,,True,1.0,False,,False,"[[1044, 504], [846, 648]]",,"[[1368, 48], [462, 534]]",,0.45838223049067556,0.2588664661262715
396,3,1,6.574000000000069,,13518,"[954, 270]",False,,True,1.0,False,,False,"[[1050, 498], [852, 642]]",,"[[1374, 42], [468, 528]]",,0.4594021735321137,0.25973178155459553
397,3,1,6.5900000000001455,,13518,"[954, 270]",False,,True,1.0,False,,False,"[[1056, 492], [858, 636]]",,"[[1380, 36], [474, 522]]",,0.4594021735321137,0.25973178155459553
398,3,1,6.606999999999971,,13518,"[954, 270]",False,,True,1.0,False,,False,"[[1062, 486], [864, 630]]",,"[[1386, 30], [480, 516]]",,0.4607321041411427,0.26159952688547405
399,3,1,6.623000000000047,,13518,"[954, 270]",False,,True,1.0,False,,False,"[[1068, 480], [870, 624]]",,"[[1392, 24], [486, 510]]",,0.4607321041411427,0.26159952688547405
400,3,1,6.639000000000124,,13518,"[954, 270]",False,,True,1.0,False,,False,"[[1074, 474], [876, 618]]",,"[[1398, 18], [492, 504]]",,0.4618003400443328,0.26370195311191924
401,3,1,6.654999999999973,,13518,"[954, 270]",False,,True,1.0,False,,False,"[[1080, 468], [882, 612]]",,"[[1404, 12], [498, 498]]",,0.4618003400443328,0.26370195311191924
402,3,1,6.671000000000049,,13518,"[954, 270]",False,,True,1.0,False,,False,"[[1086, 462], [888, 606]]",,"[[1410, 6], [504, 492]]",,0.46170822381518056,0.26435393530013296
403,3,1,6.688000000000102,,13518,"[954, 270]",False,,True,0.0,False,,False,"[[1092, 456], [894, 600]]",,"[[1416, 0], [510, 486], [1416, 810]]",,0.46170822381518056,0.26435393530013296
404,3,1,6.705000000000155,,13518,"[954, 270]",False,,True,0.0,False,,False,"[[1098, 450], [900, 594]]",,"[[510, 480], [1416, 804]]",,0.45677437180506103,0.25353197231238955
405,3,1,6.721000000000004,,13518,"[954, 270]",False,,True,0.0,False,,False,"[[1098, 444], [900, 588]]",,"[[510, 474], [1416, 798]]",,0.45677437180506103,0.25353197231238955
406,3,1,6.73700000000008,,13518,"[954, 270]",False,,True,0.0,False,,False,"[[1098, 438], [900, 582]]",,"[[510, 468], [1416, 792]]",,0.45572286408266593,0.2505027439979186
407,3,1,6.755000000000109,,13518,"[954, 270]",False,,True,0.0,False,,False,"[[1098, 432], [900, 576]]",,"[[510, 462], [1416, 786]]",,0.45572286408266593,0.2505027439979186
408,3,1,6.7719999999999345,,13518,"[954, 270]",False,,True,0.0,False,,False,"[[1098, 426], [900, 570]]",,"[[510, 456], [1416, 780]]",,0.3857751021657284,0.2954172700133194
409,3,1,6.788999999999987,,13518,"[954, 270]",False,,True,0.0,False,,False,"[[1098, 420], [900, 564]]",,"[[510, 450], [1416, 774]]",,0.3857751021657284,0.2954172700133194
410,3,1,6.805000000000064,,13518,"[954, 270]",False,,True,0.0,False,,False,"[[1098, 414], [900, 558]]",,"[[510, 444], [1416, 768]]",,0.45650885353531034,0.25021341698752175
411,3,1,6.822000000000116,,13518,"[954, 270]",False,Right,True,0.0,False,,False,"[[1098, 408], [900, 552]]",,"[[504, 438], [1410, 762]]",,0.45650885353531034,0.25021341698752175
412,3,1,6.838999999999942,,13518,"[954, 270]",False,Right,True,0.0,False,,False,"[[1092, 402], [894, 546]]",,"[[498, 432], [1404, 756]]",,0.45734278621843877,0.25217256600398974
413,3,1,6.8559999999999945,,13518,"[954, 270]",False,Right,True,0.0,False,,False,"[[1086, 396], [888, 540]]",,"[[492, 426], [1398, 750]]",,0.45734278621843877,0.25217256600398974
414,3,1,6.873000000000047,,13518,"[954, 270]",False,Right,True,0.0,False,,False,"[[1080, 390], [882, 534]]",,"[[486, 420], [1392, 744]]",,0.4563750693984746,0.25206371382900716
415,3,1,6.8900000000001,,13518,"[954, 270]",False,Right,True,0.0,False,,False,"[[1074, 384], [876, 528]]",,"[[480, 414], [1386, 738]]",,0.4563750693984746,0.25206371382900716
416,3,1,6.908000000000129,,13518,"[954, 270]",False,Right,True,0.0,False,,False,"[[1068, 378], [870, 522]]",,"[[474, 408], [1380, 732]]",,0.45526988490828096,0.25316946932913775
417,3,1,6.9249999999999545,,13518,"[954, 270]",False,,True,0.0,False,,False,"[[1062, 372], [864, 516]]",,"[[474, 402], [1380, 726]]",,0.45526988490828096,0.25316946932913775
418,3,1,6.942000000000007,,13518,"[954, 270]",False,,True,0.0,False,,False,"[[1062, 366], [864, 510]]",,"[[474, 396], [1380, 720]]",,0.45441605169223614,0.2538647985683925
419,3,1,6.95900000000006,,13518,"[954, 270]",False,,True,0.0,False,,False,"[[1062, 360], [864, 504]]",,"[[474, 390], [1380, 714]]",,0.45441605169223614,0.2538647985683925
420,3,1,6.977000000000089,,13518,"[954, 270]",False,,True,0.0,False,,False,"[[1062, 354], [864, 498]]",,"[[474, 384], [1380, 708]]",,0.4550202298448197,0.2547440073195608
421,3,1,6.992999999999938,,13518,"[954, 270]",False,,True,0.0,False,,False,"[[1062, 348], [864, 492]]",,"[[474, 378], [1380, 702]]",,0.4550202298448197,0.2547440073195608
422,3,1,7.009999999999991,,13518,"[954, 270]",False,,True,0.0,False,,False,"[[1062, 342], [864, 486]]",,"[[474, 372], [1380, 696]]",,0.45447608899308084,0.2541054994757552
423,3,1,7.027000000000044,,13518,"[954, 270]",False,,True,0.0,False,,False,"[[1062, 336], [864, 480]]",,"[[474, 366], [1380, 690]]",,0.45447608899308084,0.2541054994757552
424,3,1,7.04300000000012,,13518,"[954, 270]",False,,True,0.0,False,,False,"[[1062, 330], [864, 474]]",,"[[474, 360], [1380, 684]]",,0.45341316959505107,0.2540783632580923
425,3,1,7.058999999999969,,13518,"[954, 270]",False,,True,0.0,False,,False,"[[1062, 324], [864, 468], [774, 810]]",,"[[474, 354], [1380, 678]]",,0.45341316959505107,0.2540783632580923
426,3,1,7.0750000000000455,,13518,"[954, 270]",False,,True,0.0,False,,False,"[[1062, 318], [864, 462], [774, 804]]",,"[[474, 348], [1380, 672]]",,0.453189134582323,0.25640907053429063
427,3,1,7.091000000000122,,13518,"[954, 270]",False,,True,0.0,False,,False,"[[1062, 312], [864, 456], [774, 798]]",,"[[474, 342], [1380, 666]]",,0.453189134582323,0.25640907053429063
428,3,1,7.106999999999971,,13518,"[954, 270]",False,,True,0.0,False,,False,"[[1062, 306], [864, 450], [774, 792]]",,"[[474, 336], [1380, 660]]",,0.4541273277355236,0.25930144809831035
429,3,1,7.124000000000024,,13518,"[954, 270]",False,,True,0.0,False,,False,"[[1062, 300], [864, 444], [774, 786]]",,"[[474, 330], [1380, 654]]",,0.4541273277355236,0.25930144809831035
430,3,1,7.141000000000076,,13518,"[954, 270]",False,,True,0.0,False,,False,"[[1062, 294], [864, 438], [774, 780]]",,"[[474, 324], [1380, 648]]",,0.4539659280547957,0.260386533009208
431,3,1,7.157000000000153,,13518,"[954, 270]",False,,True,0.0,False,,False,"[[1062, 288], [864, 432], [774, 774]]",,"[[474, 318], [1380, 642]]",,0.4539659280547957,0.260386533009208
432,3,1,7.173000000000002,,13518,"[954, 270]",False,,True,0.0,False,,False,"[[1062, 282], [864, 426], [774, 768]]",,"[[474, 312], [1380, 636]]",,0.4551690270636036,0.24960820690908825
433,3,1,7.190000000000055,,13518,"[954, 270]",False,,True,-1.0,False,,False,"[[1062, 276], [864, 420], [774, 762]]",,"[[474, 306], [1380, 630]]",,0.4551690270636036,0.24960820690908825
434,3,1,7.207000000000107,,13518,"[954, 270]",False,,True,-1.0,False,,False,"[[1062, 270], [864, 414], [774, 756]]",,"[[468, 300], [1374, 624]]",,0.4548352657570244,0.24946418712815133
435,3,1,7.225000000000136,,13518,"[954, 270]",False,,True,-1.0,False,,False,"[[1056, 264], [858, 408], [768, 750]]",,"[[462, 294], [1368, 618]]",,0.4548352657570244,0.24946418712815133
436,3,1,7.241999999999962,,13518,"[954, 270]",False,,True,-1.0,False,,False,"[[1050, 258], [852, 402], [762, 744]]",,"[[456, 288], [1362, 612]]",,0.4553643321309261,0.24895809359976973
437,3,1,7.258000000000038,,13518,"[954, 270]",False,,True,-1.0,False,,False,"[[1044, 252], [846, 396], [756, 738]]",,"[[450, 282], [1356, 606]]",,0.4553643321309261,0.24895809359976973
438,3,1,7.275000000000091,,13518,"[954, 270]",False,,True,-1.0,False,,False,"[[1038, 246], [840, 390], [750, 732]]",,"[[444, 276], [1350, 600]]",,0.24573654917802812,0.5517780036302822
439,3,1,7.292000000000144,,13518,"[954, 270]",False,,True,-1.0,False,,False,"[[1032, 240], [834, 384], [744, 726]]",,"[[438, 270], [1344, 594]]",,0.24573654917802812,0.5517780036302822
440,3,1,7.308999999999969,,13518,"[954, 270]",False,Right,True,-1.0,False,,False,"[[1026, 234], [828, 378], [738, 720]]",,"[[426, 264], [1332, 588]]",,0.45737878398612164,0.28308365667560587
441,3,1,7.326000000000022,,13518,"[954, 270]",False,Right,True,-1.0,False,,False,"[[1014, 228], [816, 372], [726, 714]]",,"[[414, 258], [1320, 582]]",,0.45737878398612164,0.28308365667560587
442,3,1,7.342000000000098,,13518,"[954, 270]",False,Right,True,-1.0,False,,False,"[[1002, 222], [804, 366], [714, 708]]",,"[[402, 252], [1308, 576]]",,0.45790301317564996,0.2852779133968675
443,3,1,7.357999999999947,,13518,"[954, 270]",False,Right,True,-1.0,False,,False,"[[990, 216], [792, 360], [702, 702], [630, 810]]",,"[[390, 246], [1296, 570]]",,0.45790301317564996,0.2852779133968675
444,3,1,7.375,,13518,"[954, 270]",False,Right,True,-1.0,False,,False,"[[978, 210], [780, 354], [690, 696], [618, 804]]",,"[[378, 240], [1284, 564]]",,0.4587645731021716,0.2869417936688301
445,3,1,7.392000000000053,,13518,"[954, 270]",False,,True,-1.0,False,,False,"[[966, 204], [768, 348], [678, 690], [606, 798]]",,"[[372, 234], [1278, 558]]",,0.4587645731021716,0.2869417936688301
446,3,1,7.408000000000129,,13518,"[954, 270]",False,,True,-1.0,False,,False,"[[960, 198], [762, 342], [672, 684], [600, 792], [834, 810]]",,"[[366, 228], [1272, 552]]",,0.4593625260435634,0.28832327333202434
447,3,1,7.4249999999999545,,13518,"[954, 270]",False,,True,-1.0,False,,False,"[[954, 192], [756, 336], [666, 678], [594, 786], [828, 804]]",,"[[360, 222], [1266, 546]]",,0.4593625260435634,0.28832327333202434
448,3,1,7.442000000000007,,13518,"[954, 270]",False,,True,-1.0,False,,False,"[[948, 186], [750, 330], [660, 672], [588, 780], [822, 798]]",,"[[354, 216], [1260, 540]]",,0.44954235031949974,0.31801787183225805
449,3,1,7.458000000000084,,13518,"[954, 270]",False,,True,-1.0,False,,False,"[[942, 180], [744, 324], [654, 666], [582, 774], [816, 792]]",,"[[348, 210], [1254, 534]]",,0.44954235031949974,0.31801787183225805
450,3,1,7.475000000000136,,13518,"[954, 270]",False,,True,-1.0,False,,False,"[[936, 174], [738, 318], [648, 660], [576, 768], [810, 786]]",,"[[342, 204], [1248, 528]]",,0.4549075567758744,0.27981093133746104
451,3,1,7.491999999999962,,13518,"[954, 270]",False,,True,-1.0,False,,False,"[[930, 168], [732, 312], [642, 654], [570, 762], [804, 780]]",,"[[336, 198], [1242, 522]]",,0.4549075567758744,0.27981093133746104
452,3,1,7.5090000000000146,,13518,"[954, 270]",False,,True,-1.0,False,,False,"[[924, 162], [726, 306], [636, 648], [564, 756], [798, 774], [582, 810]]",,"[[330, 192], [1236, 516]]",,0.4557535032535693,0.27954212045899485
453,3,1,7.526000000000067,,13518,"[954, 270]",False,,True,-1.0,False,,False,"[[918, 156], [720, 300], [630, 642], [558, 750], [792, 768], [576, 804]]",,"[[324, 186], [1230, 510]]",,0.4557535032535693,0.27954212045899485
454,3,1,7.54300000000012,,13518,"[954, 270]",False,,True,-1.0,False,,False,"[[912, 150], [714, 294], [624, 636], [552, 744], [786, 762], [570, 798]]",,"[[318, 180], [1224, 504]]",,0.45565635726874787,0.27963482840447174
455,3,1,7.558999999999969,,13518,"[954, 270]",False,,True,-1.0,False,,False,"[[906, 144], [708, 288], [618, 630], [546, 738], [780, 756], [564, 792]]",,"[[312, 174], [1218, 498]]",,0.45565635726874787,0.27963482840447174
456,3,1,7.5750000000000455,,13518,"[954, 270]",False,,True,-1.0,False,,False,"[[900, 138], [702, 282], [612, 624], [540, 732], [774, 750], [558, 786]]",,"[[306, 168], [1212, 492]]",,0.45638506864931944,0.2810632036990103
457,3,1,7.591000000000122,,13518,"[954, 270]",False,,True,-1.0,False,,False,"[[894, 132], [696, 276], [606, 618], [534, 726], [768, 744], [552, 780]]",,"[[300, 162], [1206, 486]]",,0.45638506864931944,0.2810632036990103
458,3,1,7.606999999999971,,13518,"[954, 270]",False,,True,-1.0,False,,False,"[[888, 126], [690, 270], [600, 612], [528, 720], [762, 738], [546, 774], [906, 810]]",,"[[294, 156], [1200, 480]]",,0.456891864000291,0.2817849164483317
459,3,1,7.623000000000047,,13518,"[954, 270]",False,,True,-1.0,False,,False,"[[882, 120], [684, 264], [594, 606], [522, 714], [756, 732], [540, 768], [900, 804]]",,"[[288, 150], [1194, 474]]",,0.45673962940092494,0.2830689554874175
460,3,1,7.639000000000124,,13518,"[954, 270]",False,,True,-1.0,False,,False,"[[876, 114], [678, 258], [588, 600], [516, 708], [750, 726], [534, 762], [894, 798]]",,"[[282, 144], [1188, 468]]",,0.45641316838160284,0.28467964968724446
461,3,1,7.655999999999949,,13518,"[954, 270]",False,,True,-1.0,False,,False,"[[870, 108], [672, 252], [582, 594], [510, 702], [744, 720], [528, 756], [888, 792]]",,"[[276, 138], [1182, 462]]",,0.45651410826383243,0.2849728127145198
462,3,1,7.6720000000000255,,13518,"[954, 270]",False,,True,-1.0,False,,False,"[[864, 102], [666, 246], [576, 588], [504, 696], [738, 714], [522, 750], [882, 786]]",,"[[270, 132], [1176, 456]]",,0.45628454971172366,0.28631934616703014
463,3,1,7.689000000000078,,13518,"[954, 270]",False,,True,-1.0,False,,False,"[[858, 96], [660, 240], [570, 582], [498, 690], [732, 708], [516, 744], [876, 780]]",,"[[264, 126], [1170, 450]]",,0.45628454971172366,0.28631934616703014
464,3,1,7.706000000000131,,13518,"[954, 270]",False,,True,-1.0,False,,False,"[[852, 90], [654, 234], [564, 576], [492, 684], [726, 702], [510, 738], [870, 774]]",,"[[258, 120], [1164, 444]]",,0.45587118455894593,0.28717924330287337
465,3,1,7.72199999999998,,13518,"[954, 270]",False,Left,True,-1.0,False,,False,"[[846, 84], [648, 228], [558, 570], [486, 678], [720, 696], [504, 732], [864, 768]]",,"[[258, 114], [1164, 438]]",,0.4565196644515111,0.2899972753326526
466,3,1,7.739000000000033,,13518,"[954, 270]",False,Left,True,-1.0,False,,False,"[[846, 78], [648, 222], [558, 564], [486, 672], [720, 690], [504, 726], [864, 762]]",,"[[258, 108], [1164, 432]]",,0.45674677612605974,0.2916193328665234
467,3,1,7.7560000000000855,,13518,"[954, 270]",False,Left,True,-1.0,False,,False,"[[846, 72], [648, 216], [558, 558], [486, 666], [720, 684], [504, 720], [864, 756]]",,"[[258, 102], [1164, 426]]",,0.45691324277920753,0.29217138995959324
468,3,1,7.773000000000138,,13518,"[954, 270]",False,Left,True,-1.0,False,,False,"[[846, 66], [648, 210], [558, 552], [486, 660], [720, 678], [504, 714], [864, 750]]",,"[[258, 96], [1164, 420]]",,0.45703616869010943,0.2938074654284518
469,3,1,7.789999999999964,,13518,"[954, 270]",False,Left,True,-1.0,False,,False,"[[846, 60], [648, 204], [558, 546], [486, 654], [720, 672], [504, 708], [864, 744]]",,"[[258, 90], [1164, 414]]",,0.45704482043466477,0.2942625730104844
470,3,1,7.80600000000004,,13518,"[954, 270]",False,Left,True,-1.0,False,,False,"[[846, 54], [648, 198], [558, 540], [486, 648], [720, 666], [504, 702], [864, 738]]",,"[[258, 84], [1164, 408]]",,0.45740543197924965,0.29434747215867063
471,3,1,7.824000000000069,,13518,"[954, 270]",False,,True,-1.0,False,,False,"[[846, 48], [648, 192], [558, 534], [486, 642], [720, 660], [504, 696], [864, 732]]",,"[[252, 78], [1158, 402]]",,0.4574371431681235,0.29655252474795324
472,3,1,7.8400000000001455,,13518,"[954, 270]",False,,True,-1.0,False,,False,"[[840, 42], [642, 186], [552, 528], [480, 636], [714, 654], [498, 690], [858, 726]]",,"[[246, 72], [1152, 396]]",,0.45735604169098953,0.29780302161330807
473,3,1,7.856999999999971,,13518,"[954, 270]",False,,True,-1.0,False,,False,"[[834, 36], [636, 180], [546, 522], [474, 630], [708, 648], [492, 684], [852, 720]]",,"[[240, 66], [1146, 390]]",,0.45737521988174173,0.29768201417851936
474,3,1,7.874000000000024,,13518,"[954, 270]",False,,True,-1.0,False,,False,"[[828, 30], [630, 174], [540, 516], [468, 624], [702, 642], [486, 678], [846, 714]]",,"[[234, 60], [1140, 384]]",,0.4594023952276204,0.2894064489018806
475,3,1,7.8900000000001,,13518,"[954, 270]",False,,True,-1.0,False,,False,"[[822, 24], [624, 168], [534, 510], [462, 618], [696, 636], [480, 672], [840, 708]]",,"[[228, 54], [1134, 378]]",,0.4609726133244857,0.28431818650842966
476,3,1,7.907000000000153,,13518,"[954, 270]",False,Left,True,-1.0,False,,False,"[[816, 18], [618, 162], [528, 504], [456, 612], [690, 630], [474, 666], [834, 702]]",,"[[228, 48], [1134, 372]]",,0.4594489027798046,0.2842244454252374
477,3,1,7.923000000000002,,13518,"[954, 270]",False,Left,True,-1.0,False,,False,"[[816, 12], [618, 156], [528, 498], [456, 606], [690, 624], [474, 660], [834, 696]]",,"[[228, 42], [1134, 366]]",,0.4595435481128958,0.2838219470923653
478,3,1,7.939000000000078,,13518,"[954, 270]",False,Left,True,-1.0,False,,False,"[[816, 6], [618, 150], [528, 492], [456, 600], [690, 618], [474, 654], [834, 690]]",,"[[228, 36], [1134, 360]]",,0.4584337063406525,0.2821563292824306
479,3,1,7.956000000000131,,13518,"[954, 270]",False,Left,True,-1.0,False,,False,"[[816, 0], [618, 144], [528, 486], [456, 594], [690, 612], [474, 648], [834, 684], [816, 810]]",,"[[228, 30], [1134, 354]]",,0.4575006686145981,0.2814792894525866
480,3,1,7.97199999999998,,13518,"[954, 270]",False,Left,True,-1.0,False,,False,"[[618, 138], [528, 480], [456, 588], [690, 606], [474, 642], [834, 678], [816, 804]]",,"[[228, 24], [1134, 348]]",,0.45717643592986706,0.28094648010331924
481,3,1,7.988000000000056,,13518,"[954, 270]",False,Left,True,-1.0,False,,False,"[[618, 132], [528, 474], [456, 582], [690, 600], [474, 636], [834, 672], [816, 798]]",,"[[228, 18], [1134, 342]]",,0.45711809209326154,0.31611665352975526
482,3,1,8.00500000000011,,13518,"[954, 270]",False,,True,-1.0,False,,False,"[[618, 126], [528, 468], [456, 576], [690, 594], [474, 630], [834, 666], [816, 792]]",,"[[222, 12], [1128, 336]]",,0.4569727642419372,0.3156989959167802
483,3,1,8.021999999999935,,13518,"[954, 270]",False,,True,-1.0,False,,False,"[[612, 120], [522, 462], [450, 570], [684, 588], [468, 624], [828, 660], [810, 786]]",,"[[216, 6], [1122, 330]]",,0.45712431899388245,0.31606719991813215
484,3,1,8.038000000000011,,13518,"[954, 270]",False,,True,0.0,False,,False,"[[606, 114], [516, 456], [444, 564], [678, 582], [462, 618], [822, 654], [804, 780]]",,"[[210, 0], [1116, 324]]",,0.45780948575697106,0.3183662660597315
485,3,1,8.055000000000064,,13518,"[954, 270]",False,,True,0.0,False,,False,"[[600, 108], [510, 450], [438, 558], [672, 576], [456, 612], [816, 648], [798, 774], [924, 810]]",,"[[1116, 318]]",,0.4579138889426761,0.31815597434163023
486,3,1,8.072000000000116,,13518,"[954, 270]",False,Left,True,0.0,False,,False,"[[600, 102], [510, 444], [438, 552], [672, 570], [456, 606], [816, 642], [798, 768], [924, 804]]",,"[[1122, 312]]",,0.4582175059560313,0.3196992540951361
487,3,1,8.087999999999965,,13518,"[954, 270]",False,Left,True,1.0,False,,False,"[[606, 96], [516, 438], [444, 546], [678, 564], [462, 600], [822, 636], [804, 762], [930, 798]]",,"[[1128, 306]]",,0.45920243043958164,0.3220236166729731
488,3,1,8.105000000000018,,13518,"[954, 270]",False,Left,True,1.0,False,,False,"[[612, 90], [522, 432], [450, 540], [684, 558], [468, 594], [828, 630], [810, 756], [936, 792]]",,"[[1140, 300]]",,0.45993267041778674,0.323791561716646
489,3,1,8.121000000000095,,13518,"[954, 270]",False,Left,True,1.0,False,,False,"[[624, 84], [534, 426], [462, 534], [696, 552], [480, 588], [840, 624], [822, 750], [948, 786]]",,"[[1152, 294]]",,0.46021754608570997,0.3244306233789911
490,3,1,8.136999999999944,,13518,"[954, 270]",False,Left,True,1.0,False,,False,"[[636, 78], [546, 420], [474, 528], [708, 546], [492, 582], [852, 618], [834, 744], [960, 780]]",,"[[1164, 288]]",,0.46021754608570997,0.3244306233789911
491,3,1,8.153999999999996,,13518,"[954, 270]",False,,True,1.0,False,,False,"[[648, 72], [558, 414], [486, 522], [720, 540], [504, 576], [864, 612], [846, 738], [972, 774]]",,"[[1170, 282]]",,0.45989114390537333,0.3253636961740157
492,3,1,8.170000000000073,,13518,"[954, 270]",False,,True,1.0,False,,False,"[[654, 66], [564, 408], [492, 516], [726, 534], [510, 570], [870, 606], [852, 732], [978, 768]]",,"[[1176, 276]]",,0.45989114390537333,0.3253636961740157
493,3,1,8.187000000000126,,13518,"[954, 270]",False,,True,1.0,False,,False,"[[660, 60], [570, 402], [498, 510], [732, 528], [516, 564], [876, 600], [858, 726], [984, 762]]",,"[[1182, 270]]",,0.2488819470503858,0.6113141837993348
494,3,1,8.202999999999975,,13518,"[954, 270]",False,,True,1.0,False,,False,"[[666, 54], [576, 396], [504, 504], [738, 522], [522, 558], [882, 594], [864, 720], [990, 756]]",,"[[1188, 264]]",,0.24883953183675453,0.6111979150574036
495,3,1,8.219000000000051,,13518,"[954, 270]",False,,True,1.0,False,,False,"[[672, 48], [582, 390], [510, 498], [744, 516], [528, 552], [888, 588], [870, 714], [996, 750]]",,"[[1194, 258]]",,0.46250835491602327,0.39419549119951947
496,3,1,8.236000000000104,,13518,"[954, 270]",False,,True,1.0,False,,False,"[[678, 42], [588, 384], [516, 492], [750, 510], [534, 546], [894, 582], [876, 708], [1002, 744]]",,"[[1200, 252]]",,0.46250835491602327,0.39419549119951947
497,3,1,8.253000000000156,,13518,"[954, 270]",False,Left,True,1.0,False,,False,"[[684, 36], [594, 378], [522, 486], [756, 504], [540, 540], [900, 576], [882, 702], [1008, 738]]",,"[[1212, 246]]",,0.4609526074523919,0.3944625071155706
498,3,1,8.269999999999982,,13518,"[954, 270]",False,Left,True,1.0,False,,False,"[[696, 30], [606, 372], [534, 480], [768, 498], [552, 534], [912, 570], [894, 696], [1020, 732]]",,"[[1224, 240]]",,0.4609526074523919,0.3944625071155706
499,3,1,8.286000000000058,,13518,"[954, 270]",False,Left,True,1.0,False,,False,"[[708, 24], [618, 366], [546, 474], [780, 492], [564, 528], [924, 564], [906, 690], [1032, 726]]",,"[[1236, 234]]",,0.25321569009940476,0.6569824202676692
500,3,1,8.303000000000111,,13518,"[954, 270]",False,Left,True,1.0,False,,False,"[[720, 18], [630, 360], [558, 468], [792, 486], [576, 522], [936, 558], [918, 684], [1044, 720]]",,"[[1248, 228]]",,0.25359532586316547,0.6553704072319761
501,3,1,8.31899999999996,,13518,"[954, 270]",False,Left,True,1.0,False,,False,"[[732, 12], [642, 354], [570, 462], [804, 480], [588, 516], [948, 552], [930, 678], [1056, 714]]",,"[[1260, 222]]",,0.46473092569693775,0.4183554528685832
502,3,1,8.336000000000013,,13518,"[954, 270]",False,,True,1.0,False,,False,"[[744, 6], [654, 348], [582, 456], [816, 474], [600, 510], [960, 546], [942, 672], [1068, 708]]",,"[[1266, 216]]",,0.46473092569693775,0.4183554528685832
503,3,1,8.353000000000065,,13518,"[954, 270]",False,,True,1.0,False,,False,"[[750, 0], [660, 342], [588, 450], [822, 468], [606, 504], [966, 540], [948, 666], [1074, 702]]",,"[[1272, 210]]",,0.4656298844851469,0.4181728755519447
504,3,1,8.367999999999938,,13518,"[954, 270]",False,,True,1.0,False,,False,"[[666, 336], [594, 444], [828, 462], [612, 498], [972, 534], [954, 660], [1080, 696]]",,"[[1278, 204]]",,0.4656298844851469,0.4181728755519447
505,3,1,8.384999999999991,,13518,"[954, 270]",False,,True,1.0,False,,False,"[[672, 330], [600, 438], [834, 456], [618, 492], [978, 528], [960, 654], [1086, 690]]",,"[[1284, 198]]",,0.46611253596336144,0.41778409319256404
506,3,1,8.401000000000067,,13518,"[954, 270]",False,,True,1.0,False,,False,"[[678, 324], [606, 432], [840, 450], [624, 486], [984, 522], [966, 648], [1092, 684]]",,"[[1290, 192]]",,0.46611253596336144,0.41778409319256404
507,3,1,8.41800000000012,,13518,"[954, 270]",False,,True,1.0,False,,False,"[[684, 318], [612, 426], [846, 444], [630, 480], [990, 516], [972, 642], [1098, 678]]",,"[[1296, 186]]",,0.4660437999193453,0.41812253505908203
508,3,1,8.43600000000015,,13518,"[954, 270]",False,,True,1.0,False,,False,"[[690, 312], [618, 420], [852, 438], [636, 474], [996, 510], [978, 636], [1104, 672]]",,"[[1302, 180]]",,0.4660437999193453,0.41812253505908203
509,3,1,8.451999999999998,,13518,"[954, 270]",False,,True,1.0,False,,False,"[[696, 306], [624, 414], [858, 432], [642, 468], [1002, 504], [984, 630], [1110, 666]]",,"[[1308, 174]]",,0.4660749570151901,0.41763543346754406
510,3,1,8.468000000000075,,13518,"[954, 270]",False,,True,1.0,False,,False,"[[702, 300], [630, 408], [864, 426], [648, 462], [1008, 498], [990, 624], [1116, 660]]",,"[[1314, 168]]",,0.4660749570151901,0.41763543346754406
511,3,1,8.485000000000127,,13518,"[954, 270]",False,,True,1.0,False,,False,"[[708, 294], [636, 402], [870, 420], [654, 456], [1014, 492], [996, 618], [1122, 654]]",,"[[1320, 162]]",,0.46638162826545215,0.41796243814021206
512,3,1,8.501999999999953,,13518,"[954, 270]",False,,True,1.0,False,,False,"[[714, 288], [642, 396], [876, 414], [660, 450], [1020, 486], [1002, 612], [1128, 648]]",,"[[1326, 156]]",,0.46638162826545215,0.41796243814021206
513,3,1,8.519999999999982,,13518,"[954, 270]",False,,True,1.0,False,,False,"[[720, 282], [648, 390], [882, 408], [666, 444], [1026, 480], [1008, 606], [1134, 642]]",,"[[1332, 150]]",,0.46643097716266374,0.41866328794731034
514,3,1,8.537000000000035,,13518,"[954, 270]",False,,True,1.0,False,,False,"[[726, 276], [654, 384], [888, 402], [672, 438], [1032, 474], [1014, 600], [1140, 636]]",,"[[1338, 144]]",,0.46643097716266374,0.41866328794731034
515,3,1,8.554000000000087,,13518,"[954, 270]",False,,True,1.0,False,,False,"[[732, 270], [660, 378], [894, 396], [678, 432], [1038, 468], [1020, 594], [1146, 630]]",,"[[1344, 138]]",,0.46571510823069123,0.4225475171554396
516,3,1,8.569999999999936,,13518,"[954, 270]",False,,True,1.0,False,,False,"[[738, 264], [666, 372], [900, 390], [684, 426], [1044, 462], [1026, 588], [1152, 624]]",,"[[1350, 132]]",,0.46571510823069123,0.4225475171554396
517,3,1,8.586000000000013,,13518,"[954, 270]",False,,True,1.0,False,,False,"[[744, 258], [672, 366], [906, 384], [690, 420], [1050, 456], [1032, 582], [1158, 618]]",,"[[1356, 126]]",,0.46405490816996675,0.4233005148807878
518,3,1,8.604000000000042,,13518,"[954, 270]",False,,True,1.0,False,,False,"[[750, 252], [678, 360], [912, 378], [696, 414], [1056, 450], [1038, 576], [1164, 612]]",,"[[1362, 120]]",,0.46405490816996675,0.4233005148807878
519,3,1,8.620000000000118,,13518,"[954, 270]",False,,True,1.0,False,,False,"[[756, 246], [684, 354], [918, 372], [702, 408], [1062, 444], [1044, 570], [1170, 606]]",,"[[1368, 114]]",,0.4531251581227253,0.4113673758876448
520,3,1,8.636999999999944,,13518,"[954, 270]",False,Left,True,1.0,False,,False,"[[762, 240], [690, 348], [924, 366], [708, 402], [1068, 438], [1050, 564], [1176, 600]]",,"[[1380, 108]]",,0.4531251581227253,0.4113673758876448
521,3,1,8.65300000000002,,13518,"[954, 270]",False,Left,True,1.0,False,,False,"[[774, 234], [702, 342], [936, 360], [720, 396], [1080, 432], [1062, 558], [1188, 594]]",,"[[1392, 102]]",,0.4520316814911064,0.40867058109908416
522,3,1,8.669000000000096,,13518,"[954, 270]",False,Left,True,1.0,False,,False,"[[786, 228], [714, 336], [948, 354], [732, 390], [1092, 426], [1074, 552], [1200, 588]]",,"[[1404, 96]]",,0.4520316814911064,0.40867058109908416
523,3,1,8.684999999999945,,13518,"[954, 270]",False,,True,1.0,False,,False,"[[798, 222], [726, 330], [960, 348], [744, 384], [1104, 420], [1086, 546], [1212, 582]]",,"[[1410, 90]]",,0.44215061947238843,0.30959807180185417
524,3,1,8.701999999999998,,13518,"[954, 270]",False,,True,1.0,False,,False,"[[804, 216], [732, 324], [966, 342], [750, 378], [1110, 414], [1092, 540], [1218, 576]]",,"[[1416, 84]]",,0.44215061947238843,0.30959807180185417
525,3,1,8.718000000000075,,13518,"[954, 270]",False,,True,1.0,False,,False,"[[810, 210], [738, 318], [972, 336], [756, 372], [1116, 408], [1098, 534], [1224, 570]]",,"[[1422, 78]]",,0.4557481237471337,0.4075409979442064
526,3,1,8.735000000000127,,13518,"[954, 270]",False,,True,1.0,False,,False,"[[816, 204], [744, 312], [978, 330], [762, 366], [1122, 402], [1104, 528], [1230, 564]]",,"[[1428, 72]]",,0.4557481237471337,0.4075409979442064
527,3,1,8.750999999999976,,13518,"[954, 270]",False,,True,1.0,False,,False,"[[822, 198], [750, 306], [984, 324], [768, 360], [1128, 396], [1110, 522], [1236, 558]]",,"[[1434, 66]]",,0.45717273635977207,0.4097481389357307
528,3,1,8.767000000000053,,13518,"[954, 270]",False,,True,1.0,False,,False,"[[828, 192], [756, 300], [990, 318], [774, 354], [1134, 390], [1116, 516], [1242, 552]]",,"[[1440, 60]]",,0.45717273635977207,0.4097481389357307
529,3,1,8.78300000000013,,13518,"[954, 270]",False,,True,1.0,False,,False,"[[834, 186], [762, 294], [996, 312], [780, 348], [1140, 384], [1122, 510], [1248, 546]]",,"[[1446, 54]]",,0.46284173077905966,0.48300429043150983
530,3,1,8.798999999999978,,13518,"[954, 270]",False,,True,1.0,False,,False,"[[840, 180], [768, 288], [1002, 306], [786, 342], [1146, 378], [1128, 504], [1254, 540]]",,"[[1452, 48]]",,0.46284173077905966,0.48300429043150983
531,3,1,8.816000000000031,,13518,"[954, 270]",False,,True,1.0,False,,False,"[[846, 174], [774, 282], [1008, 300], [792, 336], [1152, 372], [1134, 498], [1260, 534]]",,"[[1458, 42]]",,0.4634357408950721,0.4850525584468258
532,3,1,8.832000000000107,,13518,"[954, 270]",False,,True,1.0,False,,False,"[[852, 168], [780, 276], [1014, 294], [798, 330], [1158, 366], [1140, 492], [1266, 528]]",,"[[1464, 36]]",,0.4634357408950721,0.4850525584468258
533,3,1,8.847999999999956,,13518,"[954, 270]",False,,True,1.0,False,,False,"[[858, 162], [786, 270], [1020, 288], [804, 324], [1164, 360], [1146, 486], [1272, 522]]",,"[[1470, 30]]",,0.46434418924930804,0.48781301954473966
534,3,1,8.865000000000009,,13518,"[954, 270]",False,,True,1.0,False,,False,"[[864, 156], [792, 264], [1026, 282], [810, 318], [1170, 354], [1152, 480], [1278, 516]]",,"[[1476, 24]]",,0.46490806378494803,0.4880340660641189
535,3,1,8.881000000000085,,13518,"[954, 270]",False,,True,1.0,False,,False,"[[870, 150], [798, 258], [1032, 276], [816, 312], [1176, 348], [1158, 474], [1284, 510]]",,"[[1482, 18]]",,0.2487833407012167,0.7894643104645526
536,3,1,8.898000000000138,,13518,"[954, 270]",False,,True,1.0,False,,False,"[[876, 144], [804, 252], [1038, 270], [822, 306], [1182, 342], [1164, 468], [1290, 504]]",,"[[1488, 12]]",,0.2487833407012167,0.7894643104645526
537,3,1,8.914999999999964,,13518,"[954, 270]",False,,True,1.0,False,,False,"[[882, 138], [810, 246], [1044, 264], [828, 300], [1188, 336], [1170, 462], [1296, 498]]",,"[[1494, 6]]",,0.47598477145411067,0.5800654139354184
538,3,1,8.932000000000016,,13518,"[954, 270]",False,,True,0.0,False,,False,"[[888, 132], [816, 240], [1050, 258], [834, 294], [1194, 330], [1176, 456], [1302, 492]]",,"[[1500, 0]]",,0.47598477145411067,0.5800654139354184
539,3,1,8.948000000000093,,13518,"[954, 270]",False,,True,0.0,False,,False,"[[894, 126], [822, 234], [1056, 252], [840, 288], [1200, 324], [1182, 450], [1308, 486]]",,[],,0.47571990828153743,0.5816758776679795
540,3,1,8.965000000000146,,13518,"[954, 270]",False,,True,0.0,False,,False,"[[894, 120], [822, 228], [1056, 246], [840, 282], [1200, 318], [1182, 444], [1308, 480]]",,[],,0.47607940292770035,0.5830259880715425
541,3,1,8.980999999999995,,13518,"[954, 270]",False,,True,0.0,False,,False,"[[894, 114], [822, 222], [1056, 240], [840, 276], [1200, 312], [1182, 438], [1308, 474]]",,[],,0.47578902640382575,0.5833809844450503
542,3,1,8.998000000000047,,13518,"[954, 270]",False,,True,0.0,False,,False,"[[894, 108], [822, 216], [1056, 234], [840, 270], [1200, 306], [1182, 432], [1308, 468]]",,[],,0.47578902640382575,0.5833809844450503
543,3,1,9.0150000000001,,13518,"[954, 270]",False,,True,0.0,False,,False,"[[894, 102], [822, 210], [1056, 228], [840, 264], [1200, 300], [1182, 426], [1308, 462]]",,[],,0.4750382050090421,0.5862745386734883
544,3,1,9.03300000000013,,13518,"[954, 270]",False,Right,True,0.0,False,,False,"[[894, 96], [822, 204], [1056, 222], [840, 258], [1200, 294], [1182, 420], [1308, 456]]",,[],,0.4750382050090421,0.5862745386734883
545,3,1,9.048000000000002,,13518,"[954, 270]",False,Right,True,0.0,False,,False,"[[888, 90], [816, 198], [1050, 216], [834, 252], [1194, 288], [1176, 414], [1302, 450]]",,[],,0.2411684897806683,0.8277853460820073
546,3,1,9.064000000000078,,13518,"[954, 270]",False,,True,0.0,False,,False,"[[882, 84], [810, 192], [1044, 210], [828, 246], [1188, 282], [1170, 408], [1296, 444]]",,[],,0.4855461718833148,0.6210877024620739
547,3,1,9.080000000000155,,13518,"[954, 270]",False,,True,0.0,False,,False,"[[882, 78], [810, 186], [1044, 204], [828, 240], [1188, 276], [1170, 402], [1296, 438]]",,[],,0.4868945895296336,0.6222948464730296
548,3,1,9.096000000000004,,13518,"[954, 270]",False,,True,0.0,False,,False,"[[882, 72], [810, 180], [1044, 198], [828, 234], [1188, 270], [1170, 396], [1296, 432]]",,[],,0.48704845238263383,0.6192661855270478
549,3,1,9.11200000000008,,13518,"[954, 270]",False,,True,0.0,False,,False,"[[882, 66], [810, 174], [1044, 192], [828, 228], [1188, 264], [1170, 390], [1296, 426]]",,[],,0.48261791152854727,0.6059333204346081
550,3,1,9.128000000000156,,13518,"[954, 270]",False,,True,0.0,False,,False,"[[882, 60], [810, 168], [1044, 186], [828, 222], [1188, 258], [1170, 384], [1296, 420]]",,[],,0.48387304235424367,0.6048623909506067
551,3,1,9.144999999999982,,13518,"[954, 270]",False,,True,0.0,False,,False,"[[882, 54], [810, 162], [1044, 180], [828, 216], [1188, 252], [1170, 378], [1296, 414]]",,[],,0.4843656765128263,0.604009405538702
552,3,1,9.162000000000035,,13518,"[954, 270]",False,,True,0.0,False,,False,"[[882, 48], [810, 156], [1044, 174], [828, 210], [1188, 246], [1170, 372], [1296, 408]]",,[],,0.4838255341840362,0.6020080572637987
553,3,1,9.178000000000111,,13518,"[954, 270]",False,,True,0.0,False,,False,"[[882, 42], [810, 150], [1044, 168], [828, 204], [1188, 240], [1170, 366], [1296, 402]]",,[],,0.4842609262200872,0.6027033112935982
554,3,1,9.194999999999936,,13518,"[954, 270]",False,,True,0.0,False,,False,"[[882, 36], [810, 144], [1044, 162], [828, 198], [1188, 234], [1170, 360], [1296, 396]]",,[],,0.48502119851325887,0.6030970014488102
555,3,1,9.212999999999965,,13518,"[954, 270]",False,Right,True,0.0,False,,False,"[[882, 30], [810, 138], [1044, 156], [828, 192], [1188, 228], [1170, 354], [1296, 390]]",,[],,0.48513657216770883,0.605445296945657
556,3,1,9.230000000000018,,13518,"[954, 270]",False,Right,True,0.0,False,,False,"[[876, 24], [804, 132], [1038, 150], [822, 186], [1182, 222], [1164, 348], [1290, 384]]",,[],,0.24404168500026396,0.8240613226928779
557,3,1,9.247000000000071,,13518,"[954, 270]",False,Right,True,0.0,False,,False,"[[870, 18], [798, 126], [1032, 144], [816, 180], [1176, 216], [1158, 342], [1284, 378]]",,[],,0.4822840330802041,0.601403403686136
558,3,1,9.264000000000124,,13518,"[954, 270]",False,Right,True,0.0,False,,False,"[[864, 12], [792, 120], [1026, 138], [810, 174], [1170, 210], [1152, 336], [1278, 372]]",,[],,0.4823899866978206,0.6021185078394946
559,3,1,9.278999999999996,,13518,"[954, 270]",False,,True,0.0,False,,False,"[[858, 6], [786, 114], [1020, 132], [804, 168], [1164, 204], [1146, 330], [1272, 366]]",,[],,0.4822650241796505,0.603580177812342
560,3,1,9.29600000000005,,13518,"[954, 270]",False,,True,0.0,False,,False,"[[858, 0], [786, 108], [1020, 126], [804, 162], [1164, 198], [1146, 324], [1272, 360]]",,[],,0.48193624821748415,0.6027078762206504
561,3,1,9.312000000000126,,13518,"[954, 270]",False,,True,0.0,False,,False,"[[786, 102], [1020, 120], [804, 156], [1164, 192], [1146, 318], [1272, 354]]",,[],,0.4817512905587892,0.6038875323245287
562,3,1,9.327999999999975,,13518,"[954, 270]",False,,True,0.0,False,,False,"[[786, 96], [1020, 114], [804, 150], [1164, 186], [1146, 312], [1272, 348]]",,[],,0.4813976835895823,0.6056179783433593
563,3,1,9.345000000000027,,13518,"[954, 270]",False,,True,0.0,False,,False,"[[786, 90], [1020, 108], [804, 144], [1164, 180], [1146, 306], [1272, 342]]",,[],,0.48109035845409576,0.6058865923067518
564,3,1,9.36200000000008,,13518,"[954, 270]",False,,True,0.0,False,,False,"[[786, 84], [1020, 102], [804, 138], [1164, 174], [1146, 300], [1272, 336]]",,[],,0.4813875170651337,0.6073472214234232
565,3,1,9.379000000000133,,13518,"[954, 270]",False,,True,0.0,False,,False,"[[786, 78], [1020, 96], [804, 132], [1164, 168], [1146, 294], [1272, 330]]",,[],,0.481292738110231,0.6074758807661216
566,3,1,9.395999999999958,,13518,"[954, 270]",False,,True,0.0,False,,False,"[[786, 72], [1020, 90], [804, 126], [1164, 162], [1146, 288], [1272, 324]]",,[],,0.48038884689958755,0.6093741388101641
567,3,1,9.411000000000058,,13518,"[954, 270]",False,,True,0.0,False,,False,"[[786, 66], [1020, 84], [804, 120], [1164, 156], [1146, 282], [1272, 318]]",,[],,0.47989340501348965,0.6097047939501276
568,3,1,9.427000000000135,,13518,"[954, 270]",False,,True,0.0,False,,False,"[[786, 60], [1020, 78], [804, 114], [1164, 150], [1146, 276], [1272, 312]]",,[],,0.4780952035137832,0.5908798635702546
569,3,1,9.444999999999936,,13518,"[954, 270]",False,,True,0.0,False,,False,"[[786, 54], [1020, 72], [804, 108], [1164, 144], [1146, 270], [1272, 306]]",,[],,0.47886132181894875,0.5777280192344499
570,3,1,9.461999999999989,,13518,"[954, 270]",False,,True,0.0,False,,False,"[[786, 48], [1020, 66], [804, 102], [1164, 138], [1146, 264], [1272, 300]]",,[],,0.479997480491685,0.5706009383952183
571,3,1,9.478000000000065,,13518,"[954, 270]",False,,True,0.0,False,,False,"[[786, 42], [1020, 60], [804, 96], [1164, 132], [1146, 258], [1272, 294]]",,[],,0.479997480491685,0.5706009383952183
572,3,1,9.495000000000118,,13518,"[954, 270]",False,,True,0.0,False,,False,"[[786, 36], [1020, 54], [804, 90], [1164, 126], [1146, 252], [1272, 288]]",,[],,0.48127233251424795,0.5686305179155848
573,3,1,9.511999999999944,,13518,"[954, 270]",False,,True,0.0,False,,False,"[[786, 30], [1020, 48], [804, 84], [1164, 120], [1146, 246], [1272, 282]]",,[],,0.48119442007830726,0.5665830959520552
574,3,1,9.52800000000002,,13518,"[954, 270]",False,,True,0.0,False,,False,"[[786, 24], [1020, 42], [804, 78], [1164, 114], [1146, 240], [1272, 276]]",,[],,0.4825793369873361,0.5676886740966349
575,3,1,9.545000000000073,,13518,"[954, 270]",False,,True,0.0,False,,False,"[[786, 18], [1020, 36], [804, 72], [1164, 108], [1146, 234], [1272, 270]]",,[],,0.4834756052464354,0.5684269348644058
576,3,1,9.56100000000015,,13518,"[954, 270]",False,,True,0.0,False,,False,"[[786, 12], [1020, 30], [804, 66], [1164, 102], [1146, 228], [1272, 264]]",,[],,0.48340836188289227,0.568466657207136
577,3,1,9.577999999999975,,13518,"[954, 270]",False,,True,0.0,False,,False,"[[786, 6], [1020, 24], [804, 60], [1164, 96], [1146, 222], [1272, 258]]",,[],,0.48340836188289227,0.568466657207136
578,3,1,9.595000000000027,,13518,"[954, 270]",False,,True,0.0,False,,False,"[[786, 0], [1020, 18], [804, 54], [1164, 90], [1146, 216], [1272, 252]]",,[],,0.48426962227012005,0.5716033108620409
579,3,1,9.611000000000104,,13518,"[954, 270]",False,,True,0.0,False,,False,"[[1020, 12], [804, 48], [1164, 84], [1146, 210], [1272, 246]]",,[],,0.4844034472324135,0.5725005425922544
580,3,1,9.628000000000156,,13518,"[954, 270]",False,,True,0.0,False,,False,"[[1020, 6], [804, 42], [1164, 78], [1146, 204], [1272, 240]]",,[],,0.48274115806118834,0.5697625688323982
581,3,1,9.644000000000005,,13518,"[954, 270]",False,,True,0.0,False,,False,"[[1020, 0], [804, 36], [1164, 72], [1146, 198], [1272, 234], [1146, 810]]",,[],,0.48274115806118834,0.5697625688323982
582,3,1,9.661000000000058,,13518,"[954, 270]",False,,True,0.0,False,,False,"[[804, 30], [1164, 66], [1146, 192], [1272, 228], [1146, 804]]",,[],,0.4723955859208503,0.5143186228544951
583,3,1,9.678000000000111,,13518,"[954, 270]",False,,True,0.0,False,,False,"[[804, 24], [1164, 60], [1146, 186], [1272, 222], [1146, 798]]",,[],,0.47205037456132437,0.46702061136074136
584,3,1,9.69399999999996,,13518,"[954, 270]",False,,True,0.0,False,,False,"[[804, 18], [1164, 54], [1146, 180], [1272, 216], [1146, 792]]",,[],,0.46099890282584377,0.3676397286865102
585,3,1,9.711000000000013,,13518,"[954, 270]",False,,True,0.0,False,,False,"[[804, 12], [1164, 48], [1146, 174], [1272, 210], [1146, 786]]",,[],,0.4574905909496675,0.3337071692207195
586,3,1,9.72700000000009,,13518,"[954, 270]",False,,True,0.0,False,,False,"[[804, 6], [1164, 42], [1146, 168], [1272, 204], [1146, 780]]",,[],,0.45289399712483486,0.22489852672433286
587,3,1,9.744000000000142,,13518,"[954, 270]",False,,True,0.0,False,,False,"[[804, 0], [1164, 36], [1146, 162], [1272, 198], [1146, 774]]",,[],,0.45289399712483486,0.22489852672433286
588,3,1,9.760999999999967,,13518,"[954, 270]",False,,True,0.0,False,,False,"[[1164, 30], [1146, 156], [1272, 192], [1146, 768]]",,[],,0.45731120588256,0.19454021245136366
589,3,1,9.777000000000044,,13518,"[954, 270]",False,,True,0.0,False,,False,"[[1164, 24], [1146, 150], [1272, 186], [1146, 762]]",,[],,0.45731120588256,0.19454021245136366
590,3,1,9.79300000000012,,13518,"[954, 270]",False,,True,0.0,False,,False,"[[1164, 18], [1146, 144], [1272, 180], [1146, 756], [786, 810]]",,[],,0.4622012331403173,0.1525830995692079
591,3,1,9.809999999999945,,13518,"[954, 270]",False,,True,0.0,False,,False,"[[1164, 12], [1146, 138], [1272, 174], [1146, 750], [786, 804]]",,[],,0.4622012331403173,0.1525830995692079
592,3,1,9.826000000000022,,13518,"[954, 270]",False,,True,0.0,False,,False,"[[1164, 6], [1146, 132], [1272, 168], [1146, 744], [786, 798]]",,[],,0.46385094158460244,0.15747403501575674
593,3,1,9.843000000000075,,13518,"[954, 270]",False,,True,0.0,False,,False,"[[1164, 0], [1146, 126], [1272, 162], [1146, 738], [786, 792], [1146, 810], [966, 810]]",,[],,0.46385094158460244,0.15747403501575674
594,3,1,9.860000000000127,,13518,"[954, 270]",False,,True,0.0,False,,False,"[[1146, 120], [1272, 156], [1146, 732], [786, 786], [1146, 804], [966, 804]]",,[],,0.46352600837719543,0.16233878299163862
595,3,1,9.876999999999953,,13518,"[954, 270]",False,,True,0.0,False,,False,"[[1146, 114], [1272, 150], [1146, 726], [786, 780], [1146, 798], [966, 798]]",,[],,0.46352600837719543,0.16233878299163862
596,3,1,9.893000000000029,,13518,"[954, 270]",False,,True,0.0,False,,False,"[[1146, 108], [1272, 144], [1146, 720], [786, 774], [1146, 792], [966, 792]]",,[],,0.46454971069940687,0.1648315457482391
597,3,1,9.909000000000106,,13518,"[954, 270]",False,,True,0.0,False,,False,"[[1146, 102], [1272, 138], [1146, 714], [786, 768], [1146, 786], [966, 786]]",,[],,0.46454971069940687,0.1648315457482391
598,3,1,9.924999999999955,,13518,"[954, 270]",False,,True,0.0,False,,False,"[[1146, 96], [1272, 132], [1146, 708], [786, 762], [1146, 780], [966, 780]]",,[],,0.46495824861563245,0.16844505556515232
599,3,1,9.942000000000007,,13518,"[954, 270]",False,,True,0.0,False,,False,"[[1146, 90], [1272, 126], [1146, 702], [786, 756], [1146, 774], [966, 774]]",,[],,0.46495824861563245,0.16844505556515232
600,3,1,9.958000000000084,,13518,"[954, 270]",False,,True,0.0,False,,False,"[[1146, 84], [1272, 120], [1146, 696], [786, 750], [1146, 768], [966, 768]]",,[],,0.4651565422098038,0.17205985992124528
601,3,1,9.975000000000136,,13518,"[954, 270]",False,,True,0.0,False,,False,"[[1146, 78], [1272, 114], [1146, 690], [786, 744], [1146, 762], [966, 762]]",,[],,0.4651565422098038,0.17205985992124528
602,3,1,9.991999999999962,,13518,"[954, 270]",False,,True,0.0,False,,False,"[[1146, 72], [1272, 108], [1146, 684], [786, 738], [1146, 756], [966, 756]]",,[],,0.46492117448558207,0.17711412784180602
603,3,1,10.008000000000038,,13518,"[954, 270]",False,,True,0.0,False,,False,"[[1146, 66], [1272, 102], [1146, 678], [786, 732], [1146, 750], [966, 750]]",,[],,0.46492117448558207,0.17711412784180602
604,3,1,10.025000000000091,,13518,"[954, 270]",False,,True,0.0,False,,False,"[[1146, 60], [1272, 96], [1146, 672], [786, 726], [1146, 744], [966, 744]]",,[],,0.4658297835163207,0.18126953105505095
605,3,1,10.04099999999994,,13518,"[954, 270]",False,,True,0.0,False,,False,"[[1146, 54], [1272, 90], [1146, 666], [786, 720], [1146, 738], [966, 738]]",,[],,0.4658297835163207,0.18126953105505095
606,3,1,10.057000000000016,,13518,"[954, 270]",False,,True,0.0,False,,False,"[[1146, 48], [1272, 84], [1146, 660], [786, 714], [1146, 732], [966, 732]]",,[],,0.46589160795201556,0.18364142528437521
607,3,1,10.07400000000007,,13518,"[954, 270]",False,,True,0.0,False,,False,"[[1146, 42], [1272, 78], [1146, 654], [786, 708], [1146, 726], [966, 726]]",,[],,0.46589160795201556,0.18364142528437521
608,3,1,10.091000000000122,,13518,"[954, 270]",False,,True,0.0,False,,False,"[[1146, 36], [1272, 72], [1146, 648], [786, 702], [1146, 720], [966, 720]]",,[],,0.45559154301025107,0.16469604252050885
609,3,1,10.106999999999971,,13518,"[954, 270]",False,,True,0.0,False,,False,"[[1146, 30], [1272, 66], [1146, 642], [786, 696], [1146, 714], [966, 714]]",,[],,0.45559154301025107,0.16469604252050885
610,3,1,10.123000000000047,,13518,"[954, 270]",False,,True,0.0,False,,False,"[[1146, 24], [1272, 60], [1146, 636], [786, 690], [1146, 708], [966, 708]]",,[],,0.4536515162955085,0.16336580719986604
611,3,1,10.139000000000124,,13518,"[954, 270]",False,,True,0.0,False,,False,"[[1146, 18], [1272, 54], [1146, 630], [786, 684], [1146, 702], [966, 702]]",,[],,0.4536515162955085,0.16336580719986604
612,3,1,10.154999999999973,,13518,"[954, 270]",False,,True,0.0,False,,False,"[[1146, 12], [1272, 48], [1146, 624], [786, 678], [1146, 696], [966, 696]]",,[],,0.45227551801086197,0.1640401433468185
613,3,1,10.172000000000025,,13518,"[954, 270]",False,,True,0.0,False,,False,"[[1146, 6], [1272, 42], [1146, 618], [786, 672], [1146, 690], [966, 690]]",,"[[558, 810]]",,0.45227551801086197,0.1640401433468185
614,3,1,10.188000000000102,,13518,"[954, 270]",False,,True,0.0,False,,False,"[[1146, 0], [1272, 36], [1146, 612], [786, 666], [1146, 684], [966, 684]]",,"[[558, 804]]",,0.45376265170150454,0.16757712236434952
615,3,1,10.20399999999995,,13518,"[954, 270]",False,,True,0.0,False,,False,"[[1272, 30], [1146, 606], [786, 660], [1146, 678], [966, 678]]",,"[[558, 798]]",,0.4547261619284876,0.17100169019269096
616,3,1,10.220000000000027,,13518,"[954, 270]",False,,True,0.0,False,,False,"[[1272, 24], [1146, 600], [786, 654], [1146, 672], [966, 672]]",,"[[558, 792]]",,0.45496980602379733,0.17500246502576222
617,3,1,10.23700000000008,,13518,"[954, 270]",False,,True,0.0,False,,False,"[[1272, 18], [1146, 594], [786, 648], [1146, 666], [966, 666]]",,"[[558, 786]]",,0.45496980602379733,0.17500246502576222
618,3,1,10.254000000000133,,13518,"[954, 270]",False,,True,0.0,False,,False,"[[1272, 12], [1146, 588], [786, 642], [1146, 660], [966, 660]]",,"[[558, 780]]",,0.45645479198669336,0.18144381752991912
619,3,1,10.270999999999958,,13518,"[954, 270]",False,,True,0.0,False,,False,"[[1272, 6], [1146, 582], [786, 636], [1146, 654], [966, 654]]",,"[[558, 774]]",,0.45640094293655586,0.18235803033946618
620,3,1,10.288000000000011,,13518,"[954, 270]",False,,True,0.0,False,,False,"[[1272, 0], [1146, 576], [786, 630], [1146, 648], [966, 648], [912, 810]]",,"[[558, 768]]",,0.45736087005006365,0.18470222645103518
621,3,1,10.305000000000064,,13518,"[954, 270]",False,,True,0.0,False,,False,"[[1146, 570], [786, 624], [1146, 642], [966, 642], [912, 804]]",,"[[558, 762]]",,0.45724732767847814,0.18544051778582638
622,3,1,10.322000000000116,,13518,"[954, 270]",False,,True,0.0,False,,False,"[[1146, 564], [786, 618], [1146, 636], [966, 636], [912, 798]]",,"[[558, 756]]",,0.4585135869703074,0.18759322118554944
623,3,1,10.338999999999942,,13518,"[954, 270]",False,Right,True,0.0,False,,False,"[[1146, 558], [786, 612], [1146, 630], [966, 630], [912, 792]]",,"[[552, 750]]",,0.4585135869703074,0.18759322118554944
624,3,1,10.355000000000018,,13518,"[954, 270]",False,Right,True,0.0,False,,False,"[[1140, 552], [780, 606], [1140, 624], [960, 624], [906, 786]]",,"[[546, 744]]",,0.45767529514021116,0.18825362636489007
625,3,1,10.372000000000071,,13518,"[954, 270]",False,,True,0.0,False,,False,"[[1134, 546], [774, 600], [1134, 618], [954, 618], [900, 780]]",,"[[546, 738]]",,0.4578219440298894,0.18947890612972618
626,3,1,10.388000000000147,,13518,"[954, 270]",False,,True,0.0,False,,False,"[[1134, 540], [774, 594], [1134, 612], [954, 612], [900, 774]]",,"[[546, 732]]",,0.45802943750326797,0.19225686204109105
627,3,1,10.404999999999973,,13518,"[954, 270]",False,,True,0.0,False,,False,"[[1134, 534], [774, 588], [1134, 606], [954, 606], [900, 768]]",,"[[546, 726]]",,0.458475625144702,0.1926797646367484
628,3,1,10.42100000000005,,13518,"[954, 270]",False,,True,0.0,False,,False,"[[1134, 528], [774, 582], [1134, 600], [954, 600], [900, 762]]",,"[[546, 720]]",,0.45847854792146253,0.19382915984326843
629,3,1,10.438000000000102,,13518,"[954, 270]",False,,True,0.0,False,,False,"[[1134, 522], [774, 576], [1134, 594], [954, 594], [900, 756]]",,"[[546, 714]]",,0.45847854792146253,0.19382915984326843
630,3,1,10.455000000000155,,13518,"[954, 270]",False,,True,0.0,False,,False,"[[1134, 516], [774, 570], [1134, 588], [954, 588], [900, 750]]",,"[[546, 708]]",,0.4574575583674223,0.1948104003942288
631,3,1,10.47199999999998,,13518,"[954, 270]",False,,True,0.0,False,,False,"[[1134, 510], [774, 564], [1134, 582], [954, 582], [900, 744]]",,"[[546, 702]]",,0.45599279155651723,0.19803259486144686
632,3,1,10.48700000000008,,13518,"[954, 270]",False,,True,0.0,False,,False,"[[1134, 504], [774, 558], [1134, 576], [954, 576], [900, 738]]",,"[[546, 696]]",,0.45409602333359206,0.2030474301364693
633,3,1,10.503000000000156,,13518,"[954, 270]",False,,True,0.0,False,,False,"[[1134, 498], [774, 552], [1134, 570], [954, 570], [900, 732]]",,"[[546, 690]]",,0.4530220568038189,0.20400056781966025
634,3,1,10.519999999999982,,13518,"[954, 270]",False,,True,0.0,False,,False,"[[1134, 492], [774, 546], [1134, 564], [954, 564], [900, 726]]",,"[[546, 684]]",,0.43583988746603053,0.20252881021455849
635,3,1,10.537000000000035,,13518,"[954, 270]",False,,True,0.0,False,,False,"[[1134, 486], [774, 540], [1134, 558], [954, 558], [900, 720]]",,"[[546, 678]]",,0.4355972539434583,0.20342480473038183
636,3,1,10.553000000000111,,13518,"[954, 270]",False,,True,0.0,False,,False,"[[1134, 480], [774, 534], [1134, 552], [954, 552], [900, 714]]",,"[[546, 672]]",,0.4319365357723761,0.2008625902552088
637,3,1,10.56899999999996,,13518,"[954, 270]",False,,True,0.0,False,,False,"[[1134, 474], [774, 528], [1134, 546], [954, 546], [900, 708]]",,"[[546, 666]]",,0.4272597772611467,0.2011310682264157
638,3,1,10.586000000000013,,13518,"[954, 270]",False,,True,0.0,False,,False,"[[1134, 468], [774, 522], [1134, 540], [954, 540], [900, 702]]",,"[[546, 660]]",,0.42559155976911145,0.2001137273029533
639,3,1,10.60200000000009,,13518,"[954, 270]",False,,True,0.0,False,,False,"[[1134, 462], [774, 516], [1134, 534], [954, 534], [900, 696]]",,"[[546, 654]]",,0.4244642611568108,0.20084781828539067
640,3,1,10.619000000000142,,13518,"[954, 270]",False,,True,0.0,False,,False,"[[1134, 456], [774, 510], [1134, 528], [954, 528], [900, 690]]",,"[[546, 648]]",,0.42444496013398414,0.20051316665140662
641,3,1,10.635999999999967,,13518,"[954, 270]",False,,True,0.0,False,,False,"[[1134, 450], [774, 504], [1134, 522], [954, 522], [900, 684]]",,"[[546, 642]]",,0.42340212790583304,0.20246699071515828
642,3,1,10.652000000000044,,13518,"[954, 270]",False,,True,0.0,False,,False,"[[1134, 444], [774, 498], [1134, 516], [954, 516], [900, 678]]",,"[[546, 636]]",,0.4231801997622835,0.20239699753531637
643,3,1,10.670000000000073,,13518,"[954, 270]",False,Left,True,0.0,False,,False,"[[1134, 438], [774, 492], [1134, 510], [954, 510], [900, 672]]",,"[[552, 630]]",,0.42336472125217145,0.2045007589266603
644,3,1,10.68600000000015,,13518,"[954, 270]",False,Left,True,0.0,False,,False,"[[1140, 432], [780, 486], [1140, 504], [960, 504], [906, 666]]",,"[[558, 624]]",,0.4234587551179926,0.2057685057995815
645,3,1,10.702999999999975,,13518,"[954, 270]",False,Left,True,0.0,False,,False,"[[1146, 426], [786, 480], [1146, 498], [966, 498], [912, 660]]",,"[[564, 618]]",,0.4231292396317201,0.20735857729237828
646,3,1,10.720000000000027,,13518,"[954, 270]",False,Left,True,0.0,False,,False,"[[1152, 420], [792, 474], [1152, 492], [972, 492], [918, 654]]",,"[[570, 612]]",,0.4233532464698719,0.20803564100508887
647,3,1,10.736000000000104,,13518,"[954, 270]",False,Left,True,0.0,False,,False,"[[1158, 414], [798, 468], [1158, 486], [978, 486], [924, 648]]",,"[[576, 606]]",,0.4234481398254906,0.20990847554659253
648,3,1,10.753000000000156,,13518,"[954, 270]",False,Left,True,0.0,False,,False,"[[1164, 408], [804, 462], [1164, 480], [984, 480], [930, 642]]",,"[[582, 600]]",,0.4240965158987236,0.2117049763813902
649,3,1,10.769000000000005,,13518,"[954, 270]",False,Left,True,0.0,False,,False,"[[1170, 402], [810, 456], [1170, 474], [990, 474], [936, 636]]",,"[[588, 594]]",,0.42411574364547844,0.21310338731864253
650,3,1,10.786000000000058,,13518,"[954, 270]",False,Left,True,0.0,False,,False,"[[1176, 396], [816, 450], [1176, 468], [996, 468], [942, 630]]",,"[[594, 588]]",,0.4251547168370345,0.2155367620165567
651,3,1,10.805000000000064,,13518,"[954, 270]",False,,True,0.0,False,,False,"[[1182, 390], [822, 444], [1182, 462], [1002, 462], [948, 624]]",,"[[594, 582]]",,0.42571583052163114,0.21628515190408437
652,3,1,10.819999999999936,,13518,"[954, 270]",False,,True,0.0,False,,False,"[[1182, 384], [822, 438], [1182, 456], [1002, 456], [948, 618]]",,"[[594, 576]]",,0.425751759914748,0.2171992565082722
653,3,1,10.836999999999989,,13518,"[954, 270]",False,,True,0.0,False,,False,"[[1182, 378], [822, 432], [1182, 450], [1002, 450], [948, 612]]",,"[[594, 570]]",,0.4389187822411914,0.2101962923485161
654,3,1,10.853000000000065,,13518,"[954, 270]",False,,True,0.0,False,,False,"[[1182, 372], [822, 426], [1182, 444], [1002, 444], [948, 606]]",,"[[594, 564]]",,0.43923001757850244,0.2100460100809356
655,3,1,10.869000000000142,,13518,"[954, 270]",False,,True,0.0,False,,False,"[[1182, 366], [822, 420], [1182, 438], [1002, 438], [948, 600]]",,"[[594, 558]]",,0.43996779300416167,0.21337332744019255
656,3,1,10.885999999999967,,13518,"[954, 270]",False,,True,0.0,False,,False,"[[1182, 360], [822, 414], [1182, 432], [1002, 432], [948, 594]]",,"[[594, 552]]",,0.43996779300416167,0.21337332744019255
657,3,1,10.902000000000044,,13518,"[954, 270]",False,,True,0.0,False,,False,"[[1182, 354], [822, 408], [1182, 426], [1002, 426], [948, 588]]",,"[[594, 546]]",,0.4412262803775663,0.2182573103257861
658,3,1,10.919000000000096,,13518,"[954, 270]",False,,True,0.0,False,,False,"[[1182, 348], [822, 402], [1182, 420], [1002, 420], [948, 582]]",,"[[594, 540]]",,0.4417519113526098,0.2187054752939872
659,3,1,10.93600000000015,,13518,"[954, 270]",False,,True,0.0,False,,False,"[[1182, 342], [822, 396], [1182, 414], [1002, 414], [948, 576], [876, 810]]",,"[[594, 534]]",,0.44137140923184626,0.21981012302089786
660,3,1,10.951999999999998,,13518,"[954, 270]",False,,True,0.0,False,,False,"[[1182, 336], [822, 390], [1182, 408], [1002, 408], [948, 570], [876, 804]]",,"[[594, 528]]",,0.44168297374182186,0.2209714816883387
661,3,1,10.969000000000051,,13518,"[954, 270]",False,,True,0.0,False,,False,"[[1182, 330], [822, 384], [1182, 402], [1002, 402], [948, 564], [876, 798]]",,"[[594, 522]]",,0.4412999124300524,0.22205819562034068
662,3,1,10.986000000000104,,13518,"[954, 270]",False,,True,0.0,False,,False,"[[1182, 324], [822, 378], [1182, 396], [1002, 396], [948, 558], [876, 792]]",,"[[594, 516]]",,0.4416481869071772,0.22269011420298235
663,3,1,11.003000000000156,,13518,"[954, 270]",False,,True,0.0,False,,False,"[[1182, 318], [822, 372], [1182, 390], [1002, 390], [948, 552], [876, 786]]",,"[[594, 510]]",,0.4418742197874611,0.22555470418993073
664,3,1,11.019000000000005,,13518,"[954, 270]",False,,True,0.0,False,,False,"[[1182, 312], [822, 366], [1182, 384], [1002, 384], [948, 546], [876, 780]]",,"[[594, 504]]",,0.442332864104191,0.22625762076112288
665,3,1,11.035000000000082,,13518,"[954, 270]",False,,True,0.0,False,,False,"[[1182, 306], [822, 360], [1182, 378], [1002, 378], [948, 540], [876, 774]]",,"[[594, 498]]",,0.4424375694734087,0.2272552851816635
666,3,1,11.051000000000158,,13518,"[954, 270]",False,,True,0.0,False,,False,"[[1182, 300], [822, 354], [1182, 372], [1002, 372], [948, 534], [876, 768]]",,"[[594, 492]]",,0.44211991395340206,0.2275898841155416
667,3,1,11.067999999999984,,13518,"[954, 270]",False,,True,0.0,False,,False,"[[1182, 294], [822, 348], [1182, 366], [1002, 366], [948, 528], [876, 762]]",,"[[594, 486]]",,0.4429943530351622,0.22924658681626553
668,3,1,11.086000000000013,,13518,"[954, 270]",False,Left,True,0.0,False,,False,"[[1182, 288], [822, 342], [1182, 360], [1002, 360], [948, 522], [876, 756]]",,"[[600, 480]]",,0.4429943530351622,0.22924658681626553
669,3,1,11.101000000000113,,13518,"[954, 270]",False,Left,True,0.0,False,,False,"[[1188, 282], [828, 336], [1188, 354], [1008, 354], [954, 516], [882, 750]]",,"[[606, 474]]",,0.4427393527020181,0.23279572847914765
670,3,1,11.117999999999938,,13518,"[954, 270]",False,Left,True,0.0,False,,False,"[[1194, 276], [834, 330], [1194, 348], [1014, 348], [960, 510], [888, 744]]",,"[[612, 468]]",,0.4427393527020181,0.23279572847914765
671,3,1,11.134999999999991,,13518,"[954, 270]",False,Left,True,0.0,False,,False,"[[1200, 270], [840, 324], [1200, 342], [1020, 342], [966, 504], [894, 738], [1038, 810], [894, 810]]",,"[[618, 462]]",,0.44248567415320056,0.23501712330795488
672,3,1,11.152000000000044,,13518,"[954, 270]",False,Left,True,0.0,False,,False,"[[1206, 264], [846, 318], [1206, 336], [1026, 336], [972, 498], [900, 732], [1044, 804], [900, 804]]",,"[[624, 456]]",,0.44248567415320056,0.23501712330795488
673,3,1,11.16800000000012,,13518,"[954, 270]",False,Left,True,0.0,False,,False,"[[1212, 258], [852, 312], [1212, 330], [1032, 330], [978, 492], [906, 726], [1050, 798], [906, 798]]",,"[[630, 450]]",,0.4421823382765912,0.2365756883884632
674,3,1,11.184999999999945,,13518,"[954, 270]",False,,True,0.0,False,,False,"[[1218, 252], [858, 306], [1218, 324], [1038, 324], [984, 486], [912, 720], [1056, 792], [912, 792]]",,"[[630, 444]]",,0.4421823382765912,0.2365756883884632
675,3,1,11.201999999999998,,13518,"[954, 270]",False,,True,0.0,False,,False,"[[1218, 246], [858, 300], [1218, 318], [1038, 318], [984, 480], [912, 714], [1056, 786], [912, 786]]",,"[[630, 438]]",,0.4430214569764043,0.23870162179558285
676,3,1,11.219000000000051,,13518,"[954, 270]",False,,True,0.0,False,,False,"[[1218, 240], [858, 294], [1218, 312], [1038, 312], [984, 474], [912, 708], [1056, 780], [912, 780]]",,"[[630, 432]]",,0.44305858907909973,0.2394410934671446
677,3,1,11.236000000000104,,13518,"[954, 270]",False,,True,0.0,False,,False,"[[1218, 234], [858, 288], [1218, 306], [1038, 306], [984, 468], [912, 702], [1056, 774], [912, 774]]",,"[[630, 426]]",,0.44186090392396854,0.30703545374949903
678,3,1,11.251999999999953,,13518,"[954, 270]",False,,True,0.0,False,,False,"[[1218, 228], [858, 282], [1218, 300], [1038, 300], [984, 462], [912, 696], [1056, 768], [912, 768]]",,"[[630, 420]]",,0.44186090392396854,0.30703545374949903
679,3,1,11.269999999999982,,13518,"[954, 270]",False,,True,0.0,False,,False,"[[1218, 222], [858, 276], [1218, 294], [1038, 294], [984, 456], [912, 690], [1056, 762], [912, 762]]",,"[[630, 414]]",,0.4437604200402701,0.24503901740906742
680,3,1,11.286000000000058,,13518,"[954, 270]",False,,True,0.0,False,,False,"[[1218, 216], [858, 270], [1218, 288], [1038, 288], [984, 450], [912, 684], [1056, 756], [912, 756]]",,"[[630, 408]]",,0.4437604200402701,0.24503901740906742
681,3,1,11.303000000000111,,13518,"[954, 270]",False,,True,0.0,False,,False,"[[1218, 210], [858, 264], [1218, 282], [1038, 282], [984, 444], [912, 678], [1056, 750], [912, 750]]",,"[[630, 402]]",,0.4430821934084784,0.24670469526415606
682,3,1,11.319999999999936,,13518,"[954, 270]",False,,True,0.0,False,,False,"[[1218, 204], [858, 258], [1218, 276], [1038, 276], [984, 438], [912, 672], [1056, 744], [912, 744]]",,"[[630, 396]]",,0.4419677146423048,0.3126934684977155
683,3,1,11.336999999999989,,13518,"[954, 270]",False,Left,True,0.0,False,,False,"[[1218, 198], [858, 252], [1218, 270], [1038, 270], [984, 432], [912, 666], [1056, 738], [912, 738]]",,"[[636, 390]]",,0.443906058183044,0.2496571822131679
684,3,1,11.353000000000065,,13518,"[954, 270]",False,Left,True,0.0,False,,False,"[[1224, 192], [864, 246], [1224, 264], [1044, 264], [990, 426], [918, 660], [1062, 732], [918, 732]]",,"[[642, 384]]",,0.443906058183044,0.2496571822131679
685,3,1,11.367999999999938,,13518,"[954, 270]",False,Left,True,0.0,False,,False,"[[1230, 186], [870, 240], [1230, 258], [1050, 258], [996, 420], [924, 654], [1068, 726], [924, 726]]",,"[[648, 378]]",,0.4446311168532572,0.25506963235702707
686,3,1,11.384000000000015,,13518,"[954, 270]",False,Left,True,0.0,False,,False,"[[1236, 180], [876, 234], [1236, 252], [1056, 252], [1002, 414], [930, 648], [1074, 720], [930, 720]]",,"[[654, 372]]",,0.4446311168532572,0.25506963235702707
687,3,1,11.400000000000091,,13518,"[954, 270]",False,Left,True,0.0,False,,False,"[[1242, 174], [882, 228], [1242, 246], [1062, 246], [1008, 408], [936, 642], [1080, 714], [936, 714]]",,"[[660, 366]]",,0.4453472391982046,0.31934428453727004
688,3,1,11.417000000000144,,13518,"[954, 270]",False,Left,True,0.0,False,,False,"[[1248, 168], [888, 222], [1248, 240], [1068, 240], [1014, 402], [942, 636], [1086, 708], [942, 708]]",,"[[666, 360]]",,0.4453472391982046,0.31934428453727004
689,3,1,11.433999999999969,,13518,"[954, 270]",False,Left,True,0.0,False,,False,"[[1254, 162], [894, 216], [1254, 234], [1074, 234], [1020, 396], [948, 630], [1092, 702], [948, 702]]",,"[[672, 354]]",,0.44446734661704823,0.2576948827733343
690,3,1,11.451000000000022,,13518,"[954, 270]",False,,True,0.0,False,,False,"[[1260, 156], [900, 210], [1260, 228], [1080, 228], [1026, 390], [954, 624], [1098, 696], [954, 696]]",,"[[672, 348]]",,0.44446734661704823,0.2576948827733343
691,3,1,11.469000000000051,,13518,"[954, 270]",False,,True,0.0,False,,False,"[[1260, 150], [900, 204], [1260, 222], [1080, 222], [1026, 384], [954, 618], [1098, 690], [954, 690]]",,"[[672, 342]]",,0.443552421534765,0.25919611631078365
692,3,1,11.484000000000151,,13518,"[954, 270]",False,,True,0.0,False,,False,"[[1260, 144], [900, 198], [1260, 216], [1080, 216], [1026, 378], [954, 612], [1098, 684], [954, 684]]",,"[[672, 336]]",,0.443552421534765,0.25919611631078365
693,3,1,11.5,,13518,"[954, 270]",False,,True,0.0,False,,False,"[[1260, 138], [900, 192], [1260, 210], [1080, 210], [1026, 372], [954, 606], [1098, 678], [954, 678]]",,"[[672, 330]]",,0.44453521032915966,0.26273463813094244
694,3,1,11.517000000000053,,13518,"[954, 270]",False,,True,0.0,False,,False,"[[1260, 132], [900, 186], [1260, 204], [1080, 204], [1026, 366], [954, 600], [1098, 672], [954, 672]]",,"[[672, 324]]",,0.44453521032915966,0.26273463813094244
695,3,1,11.534000000000106,,13518,"[954, 270]",False,,True,0.0,False,,False,"[[1260, 126], [900, 180], [1260, 198], [1080, 198], [1026, 360], [954, 594], [1098, 666], [954, 666]]",,"[[672, 318]]",,0.4427727639103165,0.23503389758734716
696,3,1,11.551000000000158,,13518,"[954, 270]",False,Left,True,0.0,False,,False,"[[1260, 120], [900, 174], [1260, 192], [1080, 192], [1026, 354], [954, 588], [1098, 660], [954, 660]]",,"[[678, 312]]",,0.4427727639103165,0.23503389758734716
697,3,1,11.567999999999984,,13518,"[954, 270]",False,Left,True,-1.0,False,,False,"[[1266, 114], [906, 168], [1266, 186], [1086, 186], [1032, 348], [960, 582], [1104, 654], [960, 654]]",,"[[684, 306]]",,0.44337338325796144,0.23586652105824601
698,3,1,11.58400000000006,,13518,"[954, 270]",False,Left,True,-1.0,False,,False,"[[1272, 108], [912, 162], [1272, 180], [1092, 180], [1038, 342], [966, 576], [1110, 648], [966, 648]]",,"[[684, 300]]",,0.44337338325796144,0.23586652105824601
699,3,1,11.60200000000009,,13518,"[954, 270]",False,Left,True,-1.0,False,,False,"[[1272, 102], [912, 156], [1272, 174], [1092, 174], [1038, 336], [966, 570], [1110, 642], [966, 642]]",,"[[684, 294]]",,0.44313508455190986,0.23142087454489502
700,3,1,11.617999999999938,,13518,"[954, 270]",False,,True,-1.0,False,,False,"[[1272, 96], [912, 150], [1272, 168], [1092, 168], [1038, 330], [966, 564], [1110, 636], [966, 636]]",,"[[678, 288]]",,0.44313508455190986,0.23142087454489502
701,3,1,11.634999999999991,,13518,"[954, 270]",False,,True,-1.0,False,,False,"[[1266, 90], [906, 144], [1266, 162], [1086, 162], [1032, 324], [960, 558], [1104, 630], [960, 630]]",,"[[672, 282]]",,0.44426968395607186,0.2302740281008847
702,3,1,11.652000000000044,,13518,"[954, 270]",False,,True,-1.0,False,,False,"[[1260, 84], [900, 138], [1260, 156], [1080, 156], [1026, 318], [954, 552], [1098, 624], [954, 624]]",,"[[666, 276]]",,0.44426968395607186,0.2302740281008847
703,3,1,11.669000000000096,,13518,"[954, 270]",False,,True,-1.0,False,,False,"[[1254, 78], [894, 132], [1254, 150], [1074, 150], [1020, 312], [948, 546], [1092, 618], [948, 618]]",,"[[660, 270]]",,0.4455333844755474,0.23286219827958232
704,3,1,11.68600000000015,,13518,"[954, 270]",False,,True,-1.0,False,,False,"[[1248, 72], [888, 126], [1248, 144], [1068, 144], [1014, 306], [942, 540], [1086, 612], [942, 612]]",,"[[654, 264]]",,0.4455333844755474,0.23286219827958232
705,3,1,11.701999999999998,,13518,"[954, 270]",False,,True,-1.0,False,,False,"[[1242, 66], [882, 120], [1242, 138], [1062, 138], [1008, 300], [936, 534], [1080, 606], [936, 606]]",,"[[648, 258]]",,0.4467628558644797,0.23944998939606277
706,3,1,11.719000000000051,,13518,"[954, 270]",False,,True,-1.0,False,,False,"[[1236, 60], [876, 114], [1236, 132], [1056, 132], [1002, 294], [930, 528], [1074, 600], [930, 600]]",,"[[642, 252]]",,0.4467628558644797,0.23944998939606277
707,3,1,11.735000000000127,,13518,"[954, 270]",False,,True,-1.0,False,,False,"[[1230, 54], [870, 108], [1230, 126], [1050, 126], [996, 288], [924, 522], [1068, 594], [924, 594]]",,"[[636, 246]]",,0.44800968531212115,0.24199377296930402
708,3,1,11.751999999999953,,13518,"[954, 270]",False,,True,-1.0,False,,False,"[[1224, 48], [864, 102], [1224, 120], [1044, 120], [990, 282], [918, 516], [1062, 588], [918, 588]]",,"[[630, 240]]",,0.44800968531212115,0.24199377296930402
709,3,1,11.768000000000029,,13518,"[954, 270]",False,,True,-1.0,False,,False,"[[1218, 42], [858, 96], [1218, 114], [1038, 114], [984, 276], [912, 510], [1056, 582], [912, 582]]",,"[[624, 234]]",,0.4494863439382188,0.24640089617947336
710,3,1,11.784000000000106,,13518,"[954, 270]",False,,True,-1.0,False,,False,"[[1212, 36], [852, 90], [1212, 108], [1032, 108], [978, 270], [906, 504], [1050, 576], [906, 576]]",,"[[618, 228]]",,0.4494863439382188,0.24640089617947336
711,3,1,11.801000000000158,,13518,"[954, 270]",True,,True,-1.0,False,,False,"[[1206, 30], [846, 84], [1206, 102], [1026, 102], [972, 264], [900, 498], [1044, 570], [900, 570]]",,"[[612, 222]]",,0.2322237467763099,0.13222478328631693
712,3,1,13.075000000000045,,13518,"[954, 270]",True,,True,-1.0,False,,False,"[[1200, 24], [840, 78], [1200, 96], [1020, 96], [966, 258], [894, 492], [1038, 564], [894, 564]]",,"[[612, 222]]",1,0.4596136863439889,0.1404364031167019
