,trial,attempt,time_played,time_tag,level_size_y,player_pos,collision,current_input,drift_enabled,current_drift,level_done,input_noise_magnitude,input_noise_on,visible_obstacles,adjacent_wall_tiles_x_pos,visible_drift_tiles,SoC,gaze_x,gaze_y
0,2,3,0.0009999999999763531,,13518,"[954, -86]",False,,True,0.0,False,medium,False,[],,[],,0.435224877644168,0.2821103894173449
1,2,3,0.016000000000076398,,13518,"[954, -82]",False,,True,0.0,False,medium,False,[],,[],,0.435224877644168,0.2821103894173449
2,2,3,0.032999999999901775,,13518,"[954, -78]",False,,True,0.0,False,medium,False,[],,[],,0.43477598124668393,0.28051478061524204
3,2,3,0.05099999999993088,,13518,"[954, -74]",False,,True,0.0,False,medium,False,[],,[],,0.4345585128088956,0.27824787157676856
4,2,3,0.06799999999998363,,13518,"[954, -70]",False,,True,0.0,False,medium,False,[],,[],,0.4333734353031005,0.2759426418813171
5,2,3,0.08400000000006003,,13518,"[954, -66]",False,,True,0.0,False,medium,False,[],,[],,0.4289675403317309,0.27711371070980484
6,2,3,0.10100000000011278,,13518,"[954, -62]",False,,True,0.0,False,medium,False,[],,[],,0.42564888697517816,0.2782573411098912
7,2,3,0.11799999999993815,,13518,"[954, -58]",False,,True,0.0,False,medium,False,[],,[],,0.42564888697517816,0.2782573411098912
8,2,3,0.13599999999996726,,13518,"[954, -54]",False,,True,0.0,False,medium,False,[],,[],,0.4240313649884081,0.2785092560815804
9,2,3,0.15200000000004366,,13518,"[954, -50]",False,,True,0.0,False,medium,False,[],,[],,0.4316644874575027,0.3393171965219095
10,2,3,0.16800000000012005,,13518,"[954, -46]",False,,True,0.0,False,medium,False,[],,[],,0.42232143646585946,0.2785899269210347
11,2,3,0.18599999999992178,,13518,"[954, -42]",False,,True,0.0,False,medium,False,[],,[],,0.42232143646585946,0.2785899269210347
12,2,3,0.20199999999999818,,13518,"[954, -38]",False,,True,0.0,False,medium,False,[],,[],,0.3725208668259949,0.3248949254625576
13,2,3,0.21900000000005093,,13518,"[954, -34]",False,,True,0.0,False,medium,False,[],,[],,0.3725208668259949,0.3248949254625576
14,2,3,0.23600000000010368,,13518,"[954, -30]",False,,True,0.0,False,medium,False,[],,[],,0.3720401588531014,0.32480428816545337
15,2,3,0.25299999999992906,,13518,"[954, -26]",False,,True,0.0,False,medium,False,[],,[],,0.43264935663640525,0.3420683949998662
16,2,3,0.2699999999999818,,13518,"[954, -22]",False,,True,0.0,False,medium,False,[],,[],,0.4234344148695678,0.2850041077803831
17,2,3,0.28700000000003456,,13518,"[954, -18]",False,,True,0.0,False,medium,False,[],,[],,0.4234344148695678,0.2850041077803831
18,2,3,0.3040000000000873,,13518,"[954, -14]",False,,True,0.0,False,medium,False,[],,[],,0.4219716364178385,0.2851657824719499
19,2,3,0.3209999999999127,,13518,"[954, -10]",False,,True,0.0,False,medium,False,[],,[],,0.4219716364178385,0.2851657824719499
20,2,3,0.33799999999996544,,13518,"[954, -6]",False,,True,0.0,False,medium,False,[],,[],,0.42263334476123404,0.3330318645677993
21,2,3,0.3550000000000182,,13518,"[954, -2]",False,,True,0.0,False,medium,False,[],,[],,0.42263334476123404,0.3330318645677993
22,2,3,0.3710000000000946,,13518,"[954, 2]",False,,True,0.0,False,medium,False,[],,[],,0.4233730766999805,0.33414094782302617
23,2,3,0.38799999999991996,,13518,"[954, 6]",False,,True,0.0,False,medium,False,[],,[],,0.4233730766999805,0.33414094782302617
24,2,3,0.40399999999999636,,13518,"[954, 10]",False,,True,0.0,False,medium,False,[],,[],,0.4236679621904124,0.3333591297769328
25,2,3,0.4210000000000491,,13518,"[954, 14]",False,,True,0.0,False,medium,False,[],,[],,0.4236679621904124,0.3333591297769328
26,2,3,0.4370000000001255,,13518,"[954, 18]",False,,True,0.0,False,medium,False,[],,[],,0.42278215852937173,0.33100258318016396
27,2,3,0.45299999999997453,,13518,"[954, 22]",False,,True,0.0,False,medium,False,[],,[],,0.42278215852937173,0.33100258318016396
28,2,3,0.4700000000000273,,13518,"[954, 26]",False,,True,0.0,False,medium,False,[],,[],,0.4371742130722539,0.2818311020161468
29,2,3,0.48700000000008004,,13518,"[954, 30]",False,,True,0.0,False,medium,False,[],,[],,0.4371742130722539,0.2818311020161468
30,2,3,0.5019999999999527,,13518,"[954, 34]",False,,True,0.0,False,medium,False,[],,[],,0.43978647942049254,0.26276972459615844
31,2,3,0.5190000000000055,,13518,"[954, 38]",False,,True,0.0,False,medium,False,[],,[],,0.43966359452829984,0.2564068351225113
32,2,3,0.5370000000000346,,13518,"[954, 42]",False,,True,0.0,False,medium,False,[],,[],,0.44118780571530525,0.24967090640829104
33,2,3,0.553000000000111,,13518,"[954, 46]",False,,True,0.0,False,medium,False,[],,[],,0.44118780571530525,0.24967090640829104
34,2,3,0.5699999999999363,,13518,"[954, 50]",False,,True,0.0,False,medium,False,[],,[],,0.4427005886438586,0.24730660786480518
35,2,3,0.5860000000000127,,13518,"[954, 54]",False,,True,0.0,False,medium,False,[],,[],,0.4429620306072256,0.2521953597845499
36,2,3,0.6020000000000891,,13518,"[954, 58]",False,,True,0.0,False,medium,False,[],,[],,0.4449540653529082,0.2559670145671826
37,2,3,0.6189999999999145,,13518,"[954, 62]",False,,True,0.0,False,medium,False,[],,[],,0.4449540653529082,0.2559670145671826
38,2,3,0.6359999999999673,,13518,"[954, 66]",False,,True,0.0,False,medium,False,[],,[],,0.4465949935455149,0.25737892651657845
39,2,3,0.65300000000002,,13518,"[954, 70]",False,,True,0.0,False,medium,False,[],,[],,0.4465949935455149,0.25737892651657845
40,2,3,0.6700000000000728,,13518,"[954, 74]",False,,True,0.0,False,medium,False,[],,[],,0.4469572323235604,0.2564149132735849
41,2,3,0.6859999999999218,,13518,"[954, 78]",False,,True,0.0,False,medium,False,[],,[],,0.44646577300045676,0.2552660992237511
42,2,3,0.7029999999999745,,13518,"[954, 82]",False,,True,0.0,False,medium,False,[],,[],,0.4460182763193842,0.24939671831027288
43,2,3,0.7190000000000509,,13518,"[954, 86]",False,,True,0.0,False,medium,False,[],,[],,0.4460182763193842,0.24939671831027288
44,2,3,0.7349999999999,,13518,"[954, 90]",False,,True,0.0,False,medium,False,[],,[],,0.44339542805565657,0.24597357490093885
45,2,3,0.7519999999999527,,13518,"[954, 94]",False,,True,0.0,False,medium,False,[],,[],,0.44308596945464035,0.24572794870003933
46,2,3,0.7680000000000291,,13518,"[954, 98]",False,,True,0.0,False,medium,False,[],,[],,0.44401158118363604,0.241778680218376
47,2,3,0.7840000000001055,,13518,"[954, 102]",False,,True,0.0,False,medium,False,[],,[],,0.46888470349719996,0.21281162104771156
48,2,3,0.8009999999999309,,13518,"[954, 106]",False,,True,0.0,False,medium,False,[],,[],,0.47501203983644213,0.20224839705933562
49,2,3,0.8170000000000073,,13518,"[954, 110]",False,,True,0.0,False,medium,False,[],,[],,0.4753786797896763,0.2015978597349537
50,2,3,0.8330000000000837,,13518,"[954, 114]",False,,True,0.0,False,medium,False,[],,[],,0.4762837375224388,0.19995822955085596
51,2,3,0.849999999999909,,13518,"[954, 118]",False,,True,0.0,False,medium,False,[],,[],,0.4798640892396885,0.19783880497642103
52,2,3,0.8659999999999854,,13518,"[954, 122]",False,,True,0.0,False,medium,False,[],,[],,0.478985587824836,0.20312786455492993
53,2,3,0.8830000000000382,,13518,"[954, 126]",False,,True,0.0,False,medium,False,[],,[],,0.4773954089101399,0.20669714772216263
54,2,3,0.8990000000001146,,13518,"[954, 130]",False,,True,0.0,False,medium,False,[],,[],,0.47530411183413224,0.21208822729877208
55,2,3,0.91599999999994,,13518,"[954, 134]",False,,True,0.0,False,medium,False,[],,[],,0.47438408338028004,0.22030192834699314
56,2,3,0.9329999999999927,,13518,"[954, 138]",False,,True,0.0,False,medium,False,[],,[],,0.47311412117807017,0.22337638102100532
57,2,3,0.9500000000000455,,13518,"[954, 142]",False,,True,0.0,False,medium,False,[],,[],,0.47006901215891583,0.23010296149174536
58,2,3,0.9660000000001219,,13518,"[954, 146]",False,,True,0.0,False,medium,False,[],,[],,0.4694057630661483,0.23067933570241617
59,2,3,0.9829999999999472,,13518,"[954, 150]",False,,True,0.0,False,medium,False,[],,[],,0.4672098959056479,0.23257406681828363
60,2,3,1.0,,13518,"[954, 154]",False,,True,0.0,False,medium,False,[],,[],,0.4672098959056479,0.23257406681828363
61,2,3,1.0170000000000528,,13518,"[954, 158]",False,,True,0.0,False,medium,False,[],,[],,0.5267454368259121,0.2933081802137113
62,2,3,1.0340000000001055,,13518,"[954, 162]",False,,True,0.0,False,medium,False,[],,[],,0.45271150307274244,0.2955335754511115
63,2,3,1.0509999999999309,,13518,"[954, 166]",False,,True,0.0,False,medium,False,[],,[],,0.4528449408589907,0.29657184614841536
64,2,3,1.0670000000000073,,13518,"[954, 170]",False,,True,0.0,False,medium,False,[],,[],,0.45196164328190996,0.3031131670229633
65,2,3,1.08400000000006,,13518,"[954, 174]",False,,True,0.0,False,medium,False,[],,[],,0.451549232128149,0.3040007098708244
66,2,3,1.1010000000001128,,13518,"[954, 178]",False,,True,0.0,False,medium,False,[],,[],,0.451549232128149,0.3040007098708244
67,2,3,1.1179999999999382,,13518,"[954, 182]",False,,True,0.0,False,medium,False,[],,[],,0.4505737967358777,0.31888587713690375
68,2,3,1.134999999999991,,13518,"[954, 186]",False,,True,0.0,False,medium,False,[],,[],,0.45218772611200714,0.32670276723329095
69,2,3,1.1520000000000437,,13518,"[954, 190]",False,,True,0.0,False,medium,False,[],,[],,0.45235423293428295,0.3264101721393765
70,2,3,1.16800000000012,,13518,"[954, 194]",False,,True,0.0,False,medium,False,[],,[],,0.4531963152650652,0.3272390265168913
71,2,3,1.183999999999969,,13518,"[954, 198]",False,,True,0.0,False,medium,False,[],,[],,0.45352065001256897,0.3272009389456141
72,2,3,1.2010000000000218,,13518,"[954, 202]",False,,True,0.0,False,medium,False,[],,[],,0.3877318748108805,0.3221267058402003
73,2,3,1.2170000000000982,,13518,"[954, 206]",False,,True,0.0,False,medium,False,[],,[],,0.38808884869046256,0.31123412587648247
74,2,3,1.2329999999999472,,13518,"[954, 210]",False,,True,0.0,False,medium,False,[],,[],,0.4526826610387033,0.32768602328484997
75,2,3,1.2490000000000236,,13518,"[954, 214]",False,,True,0.0,False,medium,False,[],,[],,0.4446799906407997,0.3290657906330734
76,2,3,1.2660000000000764,,13518,"[954, 218]",False,,True,0.0,False,medium,False,[],,[],,0.4446799906407997,0.3290657906330734
77,2,3,1.2829999999999018,,13518,"[954, 222]",False,,True,0.0,False,medium,False,[],,[],,0.4438654195468305,0.3275994750379544
78,2,3,1.2999999999999545,,13518,"[954, 226]",False,,True,0.0,False,medium,False,[],,[],,0.4438654195468305,0.3275994750379544
79,2,3,1.316000000000031,,13518,"[954, 230]",False,,True,0.0,False,medium,False,[],,[],,0.4430557941481944,0.32672082860238794
80,2,3,1.3320000000001073,,13518,"[954, 234]",False,,True,0.0,False,medium,False,[],,[],,0.4430557941481944,0.32672082860238794
81,2,3,1.3479999999999563,,13518,"[954, 238]",False,,True,0.0,False,medium,False,[],,[],,0.4529582115463119,0.3526526272628824
82,2,3,1.3640000000000327,,13518,"[954, 242]",False,,True,0.0,False,medium,False,[],,[],,0.4529582115463119,0.3526526272628824
83,2,3,1.3810000000000855,,13518,"[954, 246]",False,,True,0.0,False,medium,False,[],,[],,0.4413627043514869,0.3265523870141701
84,2,3,1.3969999999999345,,13518,"[954, 250]",False,,True,0.0,False,medium,False,[],,[],,0.4413627043514869,0.3265523870141701
85,2,3,1.4139999999999873,,13518,"[954, 254]",False,,True,0.0,False,medium,False,[],,[],,0.4407807997159022,0.32402631973718377
86,2,3,1.43100000000004,,13518,"[954, 258]",False,,True,0.0,False,medium,False,[],,[],,0.4407807997159022,0.32402631973718377
87,2,3,1.4470000000001164,,13518,"[954, 262]",False,,True,0.0,False,medium,False,[],,[],,0.435898397603558,0.2831743352724855
88,2,3,1.4639999999999418,,13518,"[954, 266]",False,,True,0.0,False,medium,False,[],,[],,0.435898397603558,0.2831743352724855
89,2,3,1.4800000000000182,,13518,"[954, 270]",False,,True,0.0,False,medium,False,[],,[],,0.5094020612197199,0.2194122340807544
90,2,3,1.4960000000000946,,13518,"[954, 270]",False,,True,0.0,False,medium,False,[],,[],,0.5094020612197199,0.2194122340807544
91,2,3,1.51299999999992,,13518,"[954, 270]",False,,True,0.0,False,medium,False,[],,[],,0.5074594983114984,0.22751746023468955
92,2,3,1.5299999999999727,,13518,"[954, 270]",False,,True,0.0,False,medium,False,[],,[],,0.5074594983114984,0.22751746023468955
93,2,3,1.5470000000000255,,13518,"[954, 270]",False,,True,0.0,False,medium,False,[],,[],,0.5363555141135844,0.2864781284905926
94,2,3,1.5640000000000782,,13518,"[954, 270]",False,,True,0.0,False,medium,False,[],,[],,0.5363555141135844,0.2864781284905926
95,2,3,1.5809999999999036,,13518,"[954, 270]",False,,True,0.0,False,medium,False,[],,[],,0.4795272498973063,0.0809014171066208
96,2,3,1.59699999999998,,13518,"[954, 270]",False,,True,0.0,False,medium,False,[],,[],,0.4795272498973063,0.0809014171066208
97,2,3,1.6130000000000564,,13518,"[954, 270]",False,,True,0.0,False,medium,False,[],,[],,0.5284373992967922,0.27980340047530394
98,2,3,1.6300000000001091,,13518,"[954, 270]",False,,True,0.0,False,medium,False,[],,[],,0.5284373992967922,0.27980340047530394
99,2,3,1.6459999999999582,,13518,"[954, 270]",False,,True,0.0,False,medium,False,[],,[],,0.5175808738453955,0.3068626414609281
100,2,3,1.663000000000011,,13518,"[954, 270]",False,,True,0.0,False,medium,False,[],,[],,0.5175808738453955,0.3068626414609281
101,2,3,1.6790000000000873,,13518,"[954, 270]",False,,True,0.0,False,medium,False,[],,[],,0.4450710289375306,0.32308899201485497
102,2,3,1.6959999999999127,,13518,"[954, 270]",False,,True,0.0,False,medium,False,[],,[],,0.4450710289375306,0.32308899201485497
103,2,3,1.711999999999989,,13518,"[954, 270]",False,,True,0.0,False,medium,False,[],,[],,0.4459435490480085,0.3164119939426955
104,2,3,1.7280000000000655,,13518,"[954, 270]",False,,True,0.0,False,medium,False,[],,[],,0.4459435490480085,0.3164119939426955
105,2,3,1.7450000000001182,,13518,"[954, 270]",False,,True,0.0,False,medium,False,[],,[],,0.4227691708607577,0.34270206057905706
106,2,3,1.7619999999999436,,13518,"[954, 270]",False,,True,0.0,False,medium,False,[],,[],,0.4227691708607577,0.34270206057905706
107,2,3,1.7789999999999964,,13518,"[954, 270]",False,,True,0.0,False,medium,False,[],,[],,0.4224344326981453,0.34212299575878147
108,2,3,1.7950000000000728,,13518,"[954, 270]",False,,True,0.0,False,medium,False,[],,[],,0.4224344326981453,0.34212299575878147
109,2,3,1.8130000000001019,,13518,"[954, 270]",False,,True,0.0,False,medium,False,[],,[],,0.4232654253138781,0.34078830584432684
110,2,3,1.8299999999999272,,13518,"[954, 270]",False,,True,0.0,False,medium,False,[],,[],,0.4232654253138781,0.34078830584432684
111,2,3,1.8460000000000036,,13518,"[954, 270]",False,,True,0.0,False,medium,False,[],,[],,0.4233804537747969,0.3438702998120362
112,2,3,1.8630000000000564,,13518,"[954, 270]",False,,True,0.0,False,medium,False,[],,[],,0.4233804537747969,0.3438702998120362
113,2,3,1.8810000000000855,,13518,"[954, 270]",False,,True,0.0,False,medium,False,[],,[],,0.04936161919271438,-0.0018466399021084268
114,2,3,1.8979999999999109,,13518,"[954, 270]",False,,True,0.0,False,medium,False,[],,[],,0.04936161919271438,-0.0018466399021084268
115,2,3,1.9149999999999636,,13518,"[954, 270]",False,,True,0.0,False,medium,False,[],,[],,0.42261726026927615,0.34721799751581284
116,2,3,1.9320000000000164,,13518,"[954, 270]",False,,True,0.0,False,medium,False,[],,[],,0.42261726026927615,0.34721799751581284
117,2,3,1.9480000000000928,,13518,"[954, 270]",False,,True,0.0,False,medium,False,[],,[],,0.42269430233892147,0.34820668267691657
118,2,3,1.9639999999999418,,13518,"[954, 270]",False,,True,0.0,False,medium,False,[],,[],,0.42269430233892147,0.34820668267691657
119,2,3,1.9809999999999945,,13518,"[954, 270]",False,,True,0.0,False,medium,False,[],,[],,0.4258228032003637,0.35244010230963785
120,2,3,1.997000000000071,,13518,"[954, 270]",False,,True,0.0,False,medium,False,[],,[],,0.4258228032003637,0.35244010230963785
121,2,3,2.01299999999992,,13518,"[954, 270]",False,,True,0.0,False,medium,False,[],,[],,0.4279285357240976,0.3528781261764725
122,2,3,2.0299999999999727,,13518,"[954, 270]",False,,True,0.0,False,medium,False,[],,[],,0.4279285357240976,0.3528781261764725
123,2,3,2.046000000000049,,13518,"[954, 270]",False,,True,0.0,False,medium,False,[],,[],,0.4283700184700333,0.3550880934469215
124,2,3,2.0620000000001255,,13518,"[954, 270]",False,,True,0.0,False,medium,False,[],,[],,0.4283700184700333,0.3550880934469215
125,2,3,2.0779999999999745,,13518,"[954, 270]",False,,True,0.0,False,medium,False,[],,[],,0.42844450494013725,0.3545360624716386
126,2,3,2.094000000000051,,13518,"[954, 270]",False,,True,0.0,False,medium,False,[],,[],,0.4274591904814504,0.35614829042880214
127,2,3,2.1110000000001037,,13518,"[954, 270]",False,,True,0.0,False,medium,False,[],,[],,0.44496113616748867,0.2951770592920274
128,2,3,2.127999999999929,,13518,"[954, 270]",False,,True,0.0,False,medium,False,[],,[],,0.44496113616748867,0.2951770592920274
129,2,3,2.144999999999982,,13518,"[954, 270]",False,,True,0.0,False,medium,False,[],,[],,0.445121149052373,0.28437011893800745
130,2,3,2.161000000000058,,13518,"[954, 270]",False,,True,0.0,False,medium,False,[],,[],,0.445121149052373,0.28437011893800745
131,2,3,2.1769999999999072,,13518,"[954, 270]",False,,True,0.0,False,medium,False,[],,[],,0.461386146971864,0.2239331115382891
132,2,3,2.19399999999996,,13518,"[954, 270]",False,,True,0.0,False,medium,False,[],,[],,0.4609250784873632,0.22265961149396774
133,2,3,2.2110000000000127,,13518,"[954, 270]",False,,True,0.0,False,medium,False,[],,[],,0.46049759882396346,0.21944898978859728
134,2,3,2.2280000000000655,,13518,"[954, 270]",False,,True,0.0,False,medium,False,[],,[],,0.4598808243460103,0.21849644970225846
135,2,3,2.2439999999999145,,13518,"[954, 270]",False,,True,0.0,False,medium,False,[],,[],,0.46202532748631137,0.21628914249785502
136,2,3,2.2609999999999673,,13518,"[954, 270]",False,,True,0.0,False,medium,False,[],,[],,0.46202532748631137,0.21628914249785502
137,2,3,2.27800000000002,,13518,"[954, 270]",False,,True,0.0,False,medium,False,[],,[],,0.4635103481877489,0.2191816242213389
138,2,3,2.2940000000000964,,13518,"[954, 270]",False,,True,0.0,False,medium,False,[],,[],,0.4640854669123729,0.21950568204088294
139,2,3,2.310999999999922,,13518,"[954, 270]",False,,True,0.0,False,medium,False,[],,[],,0.4639236654272719,0.22175192736091132
140,2,3,2.3279999999999745,,13518,"[954, 270]",False,,True,0.0,False,medium,False,[],,[],,0.4639236654272719,0.22175192736091132
141,2,3,2.344000000000051,,13518,"[954, 270]",False,,True,0.0,False,medium,False,[],,[],,0.46436461548822844,0.2248154797437678
142,2,3,2.3610000000001037,,13518,"[954, 270]",False,,True,0.0,False,medium,False,[],,[],,0.46491180390137077,0.22785768551516938
143,2,3,2.377999999999929,,13518,"[954, 270]",False,,True,0.0,False,medium,False,[],,[],,0.46486095551879475,0.22903332431628376
144,2,3,2.3940000000000055,,13518,"[954, 270]",False,,True,0.0,False,medium,False,[],,[],,0.46486095551879475,0.22903332431628376
145,2,3,2.411000000000058,,13518,"[954, 270]",False,,True,0.0,False,medium,False,[],,[],,0.46420565127580665,0.2349023657669107
146,2,3,2.4269999999999072,,13518,"[954, 270]",False,,True,0.0,False,medium,False,[],,[],,0.4645835563689745,0.23620276995148226
147,2,3,2.44399999999996,,13518,"[954, 270]",False,,True,0.0,False,medium,False,[],,[],,0.46443039817428,0.23738320029741722
148,2,3,2.4610000000000127,,13518,"[954, 270]",False,,True,0.0,False,medium,False,[],,[],,0.4644316943523471,0.23925674784924567
149,2,3,2.4780000000000655,,13518,"[954, 270]",False,,True,0.0,False,medium,False,[],,[],,0.46538370636827214,0.2424011299465868
150,2,3,2.4939999999999145,,13518,"[954, 270]",False,,True,0.0,False,medium,False,[],,[],,0.4650691488955159,0.24274576800063952
151,2,3,2.5109999999999673,,13518,"[954, 270]",False,,True,0.0,False,medium,False,[],,[],,0.4646705383462787,0.24424702974437862
152,2,3,2.5270000000000437,,13518,"[954, 270]",False,,True,0.0,False,medium,False,[],,[],,0.4648025886693735,0.24668686260351125
153,2,3,2.5440000000000964,,13518,"[954, 270]",False,,True,0.0,False,medium,False,[],,[],,0.46442620279853636,0.2507526204046736
154,2,3,2.5599999999999454,,13518,"[954, 270]",False,,True,0.0,False,medium,False,[],,[],,0.4639869281345071,0.2522925462464283
155,2,3,2.576999999999998,,13518,"[954, 270]",False,,True,0.0,False,medium,False,[],,[],,0.451665534323672,0.2384314743993463
156,2,3,2.5930000000000746,,13518,"[954, 270]",False,,True,0.0,False,medium,False,[],,[],,0.4483102234732136,0.23536937846088302
157,2,3,2.6099999999999,,13518,"[954, 270]",False,,True,0.0,False,medium,False,[],,[],,0.44805370170673636,0.23536581393933143
158,2,3,2.6269999999999527,,13518,"[954, 270]",False,,True,0.0,False,medium,False,[],,[],,0.4463310191827011,0.23151031699929092
159,2,3,2.6440000000000055,,13518,"[954, 270]",False,,True,0.0,False,medium,False,[],,[],,0.445610675520378,0.23105290588241223
160,2,3,2.661000000000058,,13518,"[954, 270]",False,,True,0.0,False,medium,False,[],,[],,0.44566696535377515,0.22962005397962626
161,2,3,2.678000000000111,,13518,"[954, 270]",False,,True,0.0,False,medium,False,[],,[],,0.44596443606384817,0.23468056650996227
162,2,3,2.6949999999999363,,13518,"[954, 270]",False,,True,0.0,False,medium,False,[],,[],,0.44546710699817044,0.23634459213237857
163,2,3,2.711999999999989,,13518,"[954, 270]",False,,True,0.0,False,medium,False,[],,[],,0.4456667694607447,0.23760702830006442
164,2,3,2.729000000000042,,13518,"[954, 270]",False,,True,0.0,False,medium,False,[],,[],,0.44558409438628044,0.23926710464302436
165,2,3,2.7450000000001182,,13518,"[954, 270]",False,,True,0.0,False,medium,False,[],,[],,0.44505103213300623,0.24282747201752863
166,2,3,2.7619999999999436,,13518,"[954, 270]",False,,True,0.0,False,medium,False,[],,[],,0.4453006005828195,0.24222521616859283
167,2,3,2.7789999999999964,,13518,"[954, 270]",False,,True,0.0,False,medium,False,[],,[],,0.4466177367267889,0.24218460974837785
168,2,3,2.796000000000049,,13518,"[954, 270]",False,,True,0.0,False,medium,False,[],,[],,0.4472710780281345,0.24213496695776815
169,2,3,2.813000000000102,,13518,"[954, 270]",False,,True,0.0,False,medium,False,[],,[],,0.4476464258387988,0.24434029563038373
170,2,3,2.8309999999999036,,13518,"[954, 270]",False,,True,0.0,False,medium,False,[],,[],,0.4482541958119324,0.24515626843427085
171,2,3,2.84699999999998,,13518,"[954, 270]",False,,True,0.0,False,medium,False,[],,[],,0.44803094879890254,0.248289608319325
172,2,3,2.8640000000000327,,13518,"[954, 270]",False,,True,0.0,False,medium,False,[],,[],,0.44803094879890254,0.248289608319325
173,2,3,2.8810000000000855,,13518,"[954, 270]",False,,True,0.0,False,medium,False,[],,[],,0.4483781034192639,0.25027937353255314
174,2,3,2.8990000000001146,,13518,"[954, 270]",False,,True,0.0,False,medium,False,[],,[],,0.4482927303250811,0.2509647757313953
175,2,3,2.9139999999999873,,13518,"[954, 270]",False,,True,0.0,False,medium,False,[],,[],,0.44787635328830955,0.25183874481730917
176,2,3,2.93100000000004,,13518,"[954, 270]",False,,True,0.0,False,medium,False,[],,[],,0.44736728180722285,0.25297404663814926
177,2,3,2.9480000000000928,,13518,"[954, 270]",False,,True,0.0,False,medium,False,[],,[],,0.4488591859531669,0.2495136900160031
178,2,3,2.964999999999918,,13518,"[954, 270]",False,,True,0.0,False,medium,False,[],,[],,0.4488591859531669,0.2495136900160031
179,2,3,2.9809999999999945,,13518,"[954, 270]",False,,True,0.0,False,medium,False,[],,[],,0.45846249003242334,0.21684905858439707
180,2,3,2.997000000000071,,13518,"[954, 270]",False,,True,0.0,False,medium,False,[],,[],,0.4593576547277262,0.20401645696726722
181,2,3,3.01299999999992,,13518,"[954, 270]",False,,True,0.0,False,medium,False,[],,[],,0.4613171733010998,0.1981296727337104
182,2,3,3.0299999999999727,,13518,"[954, 270]",False,,True,0.0,False,medium,False,[],,[],,0.4613171733010998,0.1981296727337104
183,2,3,3.046000000000049,,13518,"[954, 270]",False,,True,0.0,False,medium,False,[],,[],,0.46190814168655675,0.19628834144182572
184,2,3,3.063000000000102,,13518,"[954, 270]",False,,True,0.0,False,medium,False,[],,[],,0.46359855956701457,0.19083884685660324
185,2,3,3.0799999999999272,,13518,"[954, 270]",False,,True,0.0,False,medium,False,[],,[],,0.46286951994518455,0.19585983588960498
186,2,3,3.09699999999998,,13518,"[954, 270]",False,,True,0.0,False,medium,False,[],,[],,0.4622427454366716,0.19725484548382577
187,2,3,3.1130000000000564,,13518,"[954, 270]",False,,True,0.0,False,medium,False,[],,[],,0.46109851760726794,0.2009966894533971
188,2,3,3.1289999999999054,,13518,"[954, 270]",False,,True,0.0,False,medium,False,[],,[],,0.46097417583826295,0.20450299938698524
189,2,3,3.144999999999982,,13518,"[954, 270]",False,,True,0.0,False,medium,False,[],,[],,0.4609176120754726,0.2047056831401537
190,2,3,3.1620000000000346,,13518,"[954, 270]",False,,True,0.0,False,medium,False,[],,[],,0.46005550485599,0.2088620244879943
191,2,3,3.178000000000111,,13518,"[954, 270]",False,,True,0.0,False,medium,False,[],,[],,0.46079486676994935,0.20805474759500897
192,2,3,3.19399999999996,,13518,"[954, 270]",False,,True,0.0,False,medium,False,[],,[],,0.4614853595888479,0.2091004242316239
193,2,3,3.2110000000000127,,13518,"[954, 270]",False,,True,0.0,False,medium,False,[],,[],,0.46123700829733183,0.20886275886491512
194,2,3,3.227000000000089,,13518,"[954, 270]",False,,True,0.0,False,medium,False,[],,[],,0.4613462198391537,0.21121148755501873
195,2,3,3.2439999999999145,,13518,"[954, 270]",False,,True,0.0,False,medium,False,[],,[],,0.46126316400214773,0.21215112083708543
196,2,3,3.2609999999999673,,13518,"[954, 270]",False,,True,0.0,False,medium,False,[],,[],,0.4616757168610125,0.2152903682390307
197,2,3,3.27800000000002,,13518,"[954, 270]",False,,True,0.0,False,medium,False,[],,[],,0.4615226183457325,0.2158529313910077
198,2,3,3.2940000000000964,,13518,"[954, 270]",False,,True,0.0,False,medium,False,[],,[],,0.4854140809177562,0.19330364812757128
199,2,3,3.310999999999922,,13518,"[954, 270]",False,,True,0.0,False,medium,False,[],,[],,0.4854140809177562,0.19330364812757128
200,2,3,3.326999999999998,,13518,"[954, 270]",False,,True,0.0,False,medium,False,[],,[],,0.49673591877916656,0.17645659544562098
201,2,3,3.344000000000051,,13518,"[954, 270]",False,,True,0.0,False,medium,False,[],,[],,0.49673591877916656,0.17645659544562098
202,2,3,3.3610000000001037,,13518,"[954, 270]",False,,True,0.0,False,medium,False,[],,[],,0.4996652169862754,0.1836958326854724
203,2,3,3.377999999999929,,13518,"[954, 270]",False,,True,0.0,False,medium,False,[],,[],,0.5030946469584264,0.1846662982551689
204,2,3,3.3940000000000055,,13518,"[954, 270]",False,,True,0.0,False,medium,False,[],,[],,0.5011249346709449,0.18669078264376493
205,2,3,3.410000000000082,,13518,"[954, 270]",False,,True,0.0,False,medium,False,[],,[],,0.5011249346709449,0.18669078264376493
206,2,3,3.4269999999999072,,13518,"[954, 270]",False,,True,0.0,False,medium,False,[],,[],,0.500157493289816,0.18860288540717784
207,2,3,3.44399999999996,,13518,"[954, 270]",False,,True,0.0,False,medium,False,[],,[],,0.500157493289816,0.18860288540717784
208,2,3,3.4610000000000127,,13518,"[954, 270]",False,,True,0.0,False,medium,False,[],,[],,0.5018173302397015,0.1881593563776851
209,2,3,3.477000000000089,,13518,"[954, 270]",False,,True,0.0,False,medium,False,[],,[],,0.5028976561015175,0.18682216436000876
210,2,3,3.4939999999999145,,13518,"[954, 270]",False,,True,0.0,False,medium,False,[],,[],,0.5070230301756478,0.18391399795688967
211,2,3,3.5109999999999673,,13518,"[954, 270]",False,,True,0.0,False,medium,False,[],,[],,0.5070230301756478,0.18391399795688967
212,2,3,3.5270000000000437,,13518,"[954, 270]",False,,True,0.0,False,medium,False,[],,[],,0.5111872024197356,0.18199844322230563
213,2,3,3.5440000000000964,,13518,"[954, 270]",False,,True,0.0,False,medium,False,[],,[],,0.5111872024197356,0.18199844322230563
214,2,3,3.560999999999922,,13518,"[954, 270]",False,,True,0.0,False,medium,False,[],,[],,0.511616023066978,0.18425706359078176
215,2,3,3.5779999999999745,,13518,"[954, 270]",False,,True,0.0,False,medium,False,[],,[],,0.511616023066978,0.18425706359078176
216,2,3,3.5950000000000273,,13518,"[954, 270]",False,,True,0.0,False,medium,False,[],,[],,0.5086440072223024,0.19095690489693484
217,2,3,3.61200000000008,,13518,"[954, 270]",False,,True,0.0,False,medium,False,[],,[],,0.5087645660987454,0.19309830658871574
218,2,3,3.6289999999999054,,13518,"[954, 270]",False,,True,0.0,False,medium,False,[],,[],,0.5084191125091109,0.19655572953520972
219,2,3,3.644999999999982,,13518,"[954, 270]",False,,True,0.0,False,medium,False,[],,[],,0.5084789925649582,0.19842146036385389
220,2,3,3.6620000000000346,,13518,"[954, 270]",False,,True,0.0,False,medium,False,[],,[],,0.5080871760382621,0.20491107072325798
221,2,3,3.678000000000111,,13518,"[954, 270]",False,,True,0.0,False,medium,False,[],,[],,0.5080871760382621,0.20491107072325798
222,2,3,3.6949999999999363,,13518,"[954, 270]",False,,True,0.0,False,medium,False,[],,[],,0.5011652898621544,0.19826297116126457
223,2,3,3.7110000000000127,,13518,"[954, 270]",False,,True,0.0,False,medium,False,[],,[],,0.5011652898621544,0.19826297116126457
224,2,3,3.727000000000089,,13518,"[954, 270]",False,,True,0.0,False,medium,False,[],,[],,0.4835122780592675,0.1684529923356537
225,2,3,3.7439999999999145,,13518,"[954, 270]",False,,True,0.0,False,medium,False,[],,[],,0.4835122780592675,0.1684529923356537
226,2,3,3.759999999999991,,13518,"[954, 270]",False,,True,0.0,False,medium,False,[],,[],,0.4773357323460889,0.1608984919576406
227,2,3,3.7770000000000437,,13518,"[954, 270]",False,,True,0.0,False,medium,False,[],,[],,0.4773357323460889,0.1608984919576406
228,2,3,3.7940000000000964,,13518,"[954, 270]",False,,True,0.0,False,medium,False,[],,[],,0.47442270144042303,0.16309343494017337
229,2,3,3.810999999999922,,13518,"[954, 270]",False,,True,0.0,False,medium,False,[],,[],,0.47442270144042303,0.16309343494017337
230,2,3,3.8279999999999745,,13518,"[954, 270]",False,,True,0.0,False,medium,False,[],,[],,0.4757348056623275,0.1756181575846606
231,2,3,3.8450000000000273,,13518,"[954, 270]",False,,True,0.0,False,medium,False,[],,[],,0.4757348056623275,0.1756181575846606
232,2,3,3.8610000000001037,,13518,"[954, 270]",False,,True,0.0,False,medium,False,[],,[],,0.4761323169435479,0.18318328687690721
233,2,3,3.8769999999999527,,13518,"[954, 270]",False,,True,0.0,False,medium,False,[],,[],,0.4761323169435479,0.18318328687690721
234,2,3,3.8940000000000055,,13518,"[954, 270]",False,,True,0.0,False,medium,False,[],,[],,0.47707057171487854,0.18275585013459472
235,2,3,3.911000000000058,,13518,"[954, 270]",False,,True,0.0,False,medium,False,[],,[],,0.47707057171487854,0.18275585013459472
236,2,3,3.928000000000111,,13518,"[954, 270]",False,,True,0.0,False,medium,False,[],,[],,0.48087255815321556,0.1773808385255652
237,2,3,3.94399999999996,,13518,"[954, 270]",False,,True,0.0,False,medium,False,[],,[],,0.48087255815321556,0.1773808385255652
238,2,3,3.9610000000000127,,13518,"[954, 270]",False,,True,0.0,False,medium,False,[],,[],,0.4847019751657111,0.17640255880921574
239,2,3,3.977000000000089,,13518,"[954, 270]",False,,True,0.0,False,medium,False,"[[1098, 810]]",,[],,0.4847019751657111,0.17640255880921574
240,2,3,3.9939999999999145,,13518,"[954, 270]",False,,True,0.0,False,medium,False,"[[1098, 804]]",,[],,0.4844014164753411,0.1764572433611057
241,2,3,4.010999999999967,,13518,"[954, 270]",False,,True,0.0,False,medium,False,"[[1098, 798]]",,[],,0.4844014164753411,0.1764572433611057
242,2,3,4.027000000000044,,13518,"[954, 270]",False,,True,0.0,False,medium,False,"[[1098, 792]]",,[],,0.48451942608634707,0.17423532645014317
243,2,3,4.044000000000096,,13518,"[954, 270]",False,,True,0.0,False,medium,False,"[[1098, 786]]",,[],,0.48418025247353447,0.17484362139961185
244,2,3,4.060999999999922,,13518,"[954, 270]",False,,True,0.0,False,medium,False,"[[1098, 780]]",,[],,0.48343488826533043,0.17379585267517994
245,2,3,4.076999999999998,,13518,"[954, 270]",False,,True,0.0,False,medium,False,"[[1098, 774]]",,[],,0.48343488826533043,0.17379585267517994
246,2,3,4.094000000000051,,13518,"[954, 270]",False,,True,0.0,False,medium,False,"[[1098, 768]]",,[],,0.48712982949903616,0.1539539652274271
247,2,3,4.111000000000104,,13518,"[954, 270]",False,,True,0.0,False,medium,False,"[[1098, 762]]",,[],,0.48712982949903616,0.1539539652274271
248,2,3,4.127999999999929,,13518,"[954, 270]",False,,True,0.0,False,medium,False,"[[1098, 756]]",,[],,0.48762852000375256,0.15279050847651088
249,2,3,4.144999999999982,,13518,"[954, 270]",False,,True,0.0,False,medium,False,"[[1098, 750]]",,[],,0.484462578662949,0.16127272932577563
250,2,3,4.161000000000058,,13518,"[954, 270]",False,,True,0.0,False,medium,False,"[[1098, 744]]",,[],,0.484350807615577,0.16627069587847398
251,2,3,4.178000000000111,,13518,"[954, 270]",False,,True,0.0,False,medium,False,"[[1098, 738]]",,[],,0.484350807615577,0.16627069587847398
252,2,3,4.19399999999996,,13518,"[954, 270]",False,,True,0.0,False,medium,False,"[[1098, 732]]",,[],,0.4841990607527219,0.1747642987672685
253,2,3,4.211000000000013,,13518,"[954, 270]",False,,True,0.0,False,medium,False,"[[1098, 726]]",,[],,0.4841990607527219,0.1747642987672685
254,2,3,4.227000000000089,,13518,"[954, 270]",False,,True,0.0,False,medium,False,"[[1098, 720]]",,[],,0.4894168921938693,0.17106145764159908
255,2,3,4.242999999999938,,13518,"[954, 270]",False,,True,0.0,False,medium,False,"[[1098, 714]]",,[],,0.4894168921938693,0.17106145764159908
256,2,3,4.259999999999991,,13518,"[954, 270]",False,,True,0.0,False,medium,False,"[[1098, 708]]",,[],,0.49341336163811517,0.1686561111233179
257,2,3,4.276000000000067,,13518,"[954, 270]",False,,True,0.0,False,medium,False,"[[1098, 702]]",,[],,0.49341336163811517,0.1686561111233179
258,2,3,4.29300000000012,,13518,"[954, 270]",False,,True,0.0,False,medium,False,"[[1098, 696]]",,[],,0.493234400295687,0.1692957899516344
259,2,3,4.309999999999945,,13518,"[954, 270]",False,,True,0.0,False,medium,False,"[[1098, 690]]",,[],,0.493234400295687,0.1692957899516344
260,2,3,4.326000000000022,,13518,"[954, 270]",False,,True,0.0,False,medium,False,"[[1098, 684]]",,[],,0.48461981637679985,0.15268656951350612
261,2,3,4.343000000000075,,13518,"[954, 270]",False,,True,0.0,False,medium,False,"[[1098, 678]]",,[],,0.48461981637679985,0.15268656951350612
262,2,3,4.3599999999999,,13518,"[954, 270]",False,,True,0.0,False,medium,False,"[[1098, 672]]",,[],,0.48110439175969055,0.1570921034122107
263,2,3,4.375999999999976,,13518,"[954, 270]",False,,True,0.0,False,medium,False,"[[1098, 666]]",,[],,0.48110439175969055,0.1570921034122107
264,2,3,4.393000000000029,,13518,"[954, 270]",False,,True,0.0,False,medium,False,"[[1098, 660]]",,[],,0.47799623698485866,0.16203343994178188
265,2,3,4.4090000000001055,,13518,"[954, 270]",False,,True,0.0,False,medium,False,"[[1098, 654]]",,[],,0.47799623698485866,0.16203343994178188
266,2,3,4.425999999999931,,13518,"[954, 270]",False,,True,0.0,False,medium,False,"[[1098, 648]]",,[],,0.47980895681620633,0.1685321925246378
267,2,3,4.442000000000007,,13518,"[954, 270]",False,,True,0.0,False,medium,False,"[[1098, 642]]",,[],,0.47980895681620633,0.1685321925246378
268,2,3,4.45900000000006,,13518,"[954, 270]",False,,True,0.0,False,medium,False,"[[1098, 636]]",,"[[1416, 810]]",,0.480585202369402,0.17445913105298194
269,2,3,4.476000000000113,,13518,"[954, 270]",False,,True,0.0,False,medium,False,"[[1098, 630]]",,"[[1416, 804]]",,0.480585202369402,0.17445913105298194
270,2,3,4.491999999999962,,13518,"[954, 270]",False,Right,True,0.0,False,medium,False,"[[1098, 624]]",,"[[1410, 798]]",,0.4816234431192686,0.17581542998037158
271,2,3,4.508000000000038,,13518,"[954, 270]",False,Right,True,0.0,False,medium,False,"[[1092, 618]]",,"[[1404, 792]]",,0.4816234431192686,0.17581542998037158
272,2,3,4.524000000000115,,13518,"[954, 270]",False,Right,True,0.0,False,medium,False,"[[1086, 612]]",,"[[1398, 786]]",,0.4826556917565565,0.18135323579095597
273,2,3,4.54099999999994,,13518,"[954, 270]",False,Right,True,0.0,False,medium,False,"[[1080, 606]]",,"[[1392, 780]]",,0.4826556917565565,0.18135323579095597
274,2,3,4.557999999999993,,13518,"[954, 270]",False,Right,True,0.0,False,medium,False,"[[1074, 600]]",,"[[1386, 774]]",,0.4857396759069674,0.1805662143460084
275,2,3,4.5750000000000455,,13518,"[954, 270]",False,Right,True,0.0,False,medium,False,"[[1068, 594]]",,"[[1380, 768]]",,0.48560216901352354,0.18087189238306633
276,2,3,4.591000000000122,,13518,"[954, 270]",False,Right,True,0.0,False,medium,False,"[[1062, 588]]",,"[[1374, 762]]",,0.4866188725445876,0.1811896006867989
277,2,3,4.606999999999971,,13518,"[954, 270]",False,Right,True,0.0,False,medium,False,"[[1056, 582]]",,"[[1368, 756]]",,0.48707730503639224,0.18126673436571294
278,2,3,4.624000000000024,,13518,"[954, 270]",False,Right,True,0.0,False,medium,False,"[[1050, 576], [978, 810]]",,"[[1362, 750]]",,0.48884181197018706,0.18292937245313712
279,2,3,4.641000000000076,,13518,"[954, 270]",False,Right,True,0.0,False,medium,False,"[[1044, 570], [972, 804]]",,"[[1356, 744]]",,0.48884181197018706,0.18292937245313712
280,2,3,4.6590000000001055,,13518,"[954, 270]",False,Right,True,0.0,False,medium,False,"[[1038, 564], [966, 798]]",,"[[1350, 738]]",,0.48925539323677814,0.18297090005979744
281,2,3,4.6749999999999545,,13518,"[954, 270]",False,Right,True,0.0,False,medium,False,"[[1032, 558], [960, 792]]",,"[[1344, 732]]",,0.48988194995623974,0.18100961645177416
282,2,3,4.691000000000031,,13518,"[954, 270]",False,Right,True,0.0,False,medium,False,"[[1026, 552], [954, 786]]",,"[[1338, 726]]",,0.4914267767928654,0.18121729067865056
283,2,3,4.707000000000107,,13518,"[954, 270]",False,Right,True,0.0,False,medium,False,"[[1020, 546], [948, 780]]",,"[[1332, 720]]",,0.49225322185822884,0.18046661664281993
284,2,3,4.723999999999933,,13518,"[954, 270]",False,Right,True,0.0,False,medium,False,"[[1014, 540], [942, 774]]",,"[[1326, 714]]",,0.49155878610033454,0.1809247549721854
285,2,3,4.7409999999999854,,13518,"[954, 270]",False,Right,True,0.0,False,medium,False,"[[1008, 534], [936, 768]]",,"[[1320, 708]]",,0.49155878610033454,0.1809247549721854
286,2,3,4.757000000000062,,13518,"[954, 270]",False,Right,True,0.0,False,medium,False,"[[1002, 528], [930, 762]]",,"[[1314, 702]]",,0.4915572893517869,0.18399214272325137
287,2,3,4.774000000000115,,13518,"[954, 270]",False,Right,True,0.0,False,medium,False,"[[996, 522], [924, 756]]",,"[[1308, 696]]",,0.49008963625375357,0.18808796290312024
288,2,3,4.79099999999994,,13518,"[954, 270]",False,Right,True,0.0,False,medium,False,"[[990, 516], [918, 750]]",,"[[1302, 690]]",,0.4881539725970132,0.1939362240724718
289,2,3,4.807000000000016,,13518,"[954, 270]",False,Right,True,0.0,False,medium,False,"[[984, 510], [912, 744]]",,"[[1296, 684]]",,0.4881539725970132,0.1939362240724718
290,2,3,4.824000000000069,,13518,"[954, 270]",False,Right,True,0.0,False,medium,False,"[[978, 504], [906, 738]]",,"[[1290, 678]]",,0.48783586930919254,0.19634365843281598
291,2,3,4.841000000000122,,13518,"[954, 270]",False,Right,True,0.0,False,medium,False,"[[972, 498], [900, 732]]",,"[[1284, 672]]",,0.4881394168718084,0.19889250038150608
292,2,3,4.857999999999947,,13518,"[954, 270]",False,Right,True,0.0,False,medium,False,"[[966, 492], [894, 726]]",,"[[1278, 666]]",,0.4873883304141923,0.20476493426545117
293,2,3,4.874000000000024,,13518,"[954, 270]",False,Right,True,0.0,False,medium,False,"[[960, 486], [888, 720]]",,"[[1272, 660]]",,0.4874160522144969,0.20651785680387447
294,2,3,4.8900000000001,,13518,"[954, 270]",False,Right,True,0.0,False,medium,False,"[[954, 480], [882, 714]]",,"[[1266, 654]]",,0.48564800141399367,0.21161116864298357
295,2,3,4.906999999999925,,13518,"[954, 270]",False,Right,True,0.0,False,medium,False,"[[948, 474], [876, 708]]",,"[[1260, 648]]",,0.48564800141399367,0.21161116864298357
296,2,3,4.923999999999978,,13518,"[954, 270]",False,Right,True,0.0,False,medium,False,"[[942, 468], [870, 702]]",,"[[1254, 642]]",,0.4846160087801586,0.21396102203276102
297,2,3,4.941000000000031,,13518,"[954, 270]",False,Right,True,0.0,False,medium,False,"[[936, 462], [864, 696]]",,"[[1248, 636]]",,0.4828830469148458,0.21235547822659906
298,2,3,4.958000000000084,,13518,"[954, 270]",False,Right,True,0.0,False,medium,False,"[[930, 456], [858, 690]]",,"[[1242, 630]]",,0.48340938031277025,0.21014995968598327
299,2,3,4.973999999999933,,13518,"[954, 270]",False,Right,True,0.0,False,medium,False,"[[924, 450], [852, 684]]",,"[[1236, 624]]",,0.48340938031277025,0.21014995968598327
300,2,3,4.991999999999962,,13518,"[954, 270]",False,Right,True,0.0,False,medium,False,"[[918, 444], [846, 678]]",,"[[1230, 618]]",,0.48212006628013027,0.20639385227221363
301,2,3,5.008000000000038,,13518,"[954, 270]",False,Right,True,0.0,False,medium,False,"[[912, 438], [840, 672]]",,"[[1224, 612]]",,0.4810429967791596,0.20681214131343595
302,2,3,5.025000000000091,,13518,"[954, 270]",False,Right,True,0.0,False,medium,False,"[[906, 432], [834, 666]]",,"[[1218, 606]]",,0.4793350375893873,0.21040664264681452
303,2,3,5.04099999999994,,13518,"[954, 270]",False,Right,True,0.0,False,medium,False,"[[900, 426], [828, 660]]",,"[[1212, 600]]",,0.47715432257813495,0.21245860296536534
304,2,3,5.057999999999993,,13518,"[954, 270]",False,Right,True,0.0,False,medium,False,"[[894, 420], [822, 654]]",,"[[1206, 594]]",,0.4745549983350112,0.21852909920631902
305,2,3,5.076000000000022,,13518,"[954, 270]",False,Right,True,0.0,False,medium,False,"[[888, 414], [816, 648]]",,"[[1200, 588]]",,0.4746416334793274,0.21950457394998701
306,2,3,5.092000000000098,,13518,"[954, 270]",False,Right,True,0.0,False,medium,False,"[[882, 408], [810, 642]]",,"[[1194, 582]]",,0.4744932234261069,0.22291112413403036
307,2,3,5.108999999999924,,13518,"[954, 270]",False,Right,True,0.0,False,medium,False,"[[876, 402], [804, 636]]",,"[[1188, 576]]",,0.4736076461163459,0.22564962275231015
308,2,3,5.126999999999953,,13518,"[954, 270]",False,,True,0.0,False,medium,False,"[[870, 396], [798, 630]]",,"[[1188, 570]]",,0.4721627315364735,0.22857263398686611
309,2,3,5.143000000000029,,13518,"[954, 270]",False,,True,0.0,False,medium,False,"[[870, 390], [798, 624]]",,"[[1188, 564]]",,0.4721627315364735,0.22857263398686611
310,2,3,5.160000000000082,,13518,"[954, 270]",False,,True,0.0,False,medium,False,"[[870, 384], [798, 618]]",,"[[1188, 558]]",,0.46988930281022184,0.23280038260723246
311,2,3,5.175999999999931,,13518,"[954, 270]",False,,True,0.0,False,medium,False,"[[870, 378], [798, 612]]",,"[[1188, 552]]",,0.4696282094922708,0.23291001956737178
312,2,3,5.192999999999984,,13518,"[954, 270]",False,,True,0.0,False,medium,False,"[[870, 372], [798, 606]]",,"[[1188, 546]]",,0.468933441461011,0.23459821705004602
313,2,3,5.210000000000036,,13518,"[954, 270]",False,,True,0.0,False,medium,False,"[[870, 366], [798, 600]]",,"[[1188, 540]]",,0.4684150408706776,0.2357373704646284
314,2,3,5.227000000000089,,13518,"[954, 270]",False,,True,0.0,False,medium,False,"[[870, 360], [798, 594]]",,"[[1188, 534]]",,0.4676928648114854,0.23818271624355392
315,2,3,5.2439999999999145,,13518,"[954, 270]",False,,True,0.0,False,medium,False,"[[870, 354], [798, 588]]",,"[[1188, 528]]",,0.4676928648114854,0.23818271624355392
316,2,3,5.260999999999967,,13518,"[954, 270]",False,,True,0.0,False,medium,False,"[[870, 348], [798, 582]]",,"[[1188, 522]]",,0.46645023047668843,0.24051919220091045
317,2,3,5.277000000000044,,13518,"[954, 270]",False,,True,0.0,False,medium,False,"[[870, 342], [798, 576]]",,"[[1188, 516]]",,0.46645023047668843,0.24051919220091045
318,2,3,5.294000000000096,,13518,"[954, 270]",False,,True,0.0,False,medium,False,"[[870, 336], [798, 570]]",,"[[1188, 510]]",,0.46217961027690846,0.24865428448011262
319,2,3,5.310999999999922,,13518,"[954, 270]",False,,True,0.0,False,medium,False,"[[870, 330], [798, 564]]",,"[[1188, 504]]",,0.46217961027690846,0.24865428448011262
320,2,3,5.328999999999951,,13518,"[954, 270]",False,,True,0.0,False,medium,False,"[[870, 324], [798, 558]]",,"[[1188, 498]]",,0.4601115384597018,0.25795646835444663
321,2,3,5.345000000000027,,13518,"[954, 270]",False,,True,0.0,False,medium,False,"[[870, 318], [798, 552]]",,"[[1188, 492]]",,0.4601115384597018,0.25795646835444663
322,2,3,5.361000000000104,,13518,"[954, 270]",False,,True,0.0,False,medium,False,"[[870, 312], [798, 546]]",,"[[1188, 486]]",,0.38421872289764414,0.3020610267032485
323,2,3,5.376999999999953,,13518,"[954, 270]",False,,True,0.0,False,medium,False,"[[870, 306], [798, 540]]",,"[[1188, 480]]",,0.45810582481097784,0.3200538371280225
324,2,3,5.3940000000000055,,13518,"[954, 270]",False,,True,0.0,False,medium,False,"[[870, 300], [798, 534]]",,"[[1188, 474]]",,0.45805942385291676,0.2610936966487961
325,2,3,5.411000000000058,,13518,"[954, 270]",False,,True,0.0,False,medium,False,"[[870, 294], [798, 528]]",,"[[1188, 468]]",,0.45792405501360706,0.26075002037978656
326,2,3,5.428000000000111,,13518,"[954, 270]",False,,True,0.0,False,medium,False,"[[870, 288], [798, 522]]",,"[[1188, 462]]",,0.45756775919234693,0.26333161574591324
327,2,3,5.44399999999996,,13518,"[954, 270]",False,,True,0.0,False,medium,False,"[[870, 282], [798, 516]]",,"[[1188, 456]]",,0.45756775919234693,0.26333161574591324
328,2,3,5.461000000000013,,13518,"[954, 270]",False,,True,0.0,False,medium,False,"[[870, 276], [798, 510]]",,"[[1188, 450]]",,0.4569639951535923,0.26566732440746255
329,2,3,5.4780000000000655,,13518,"[954, 270]",False,,True,0.0,False,medium,False,"[[870, 270], [798, 504]]",,"[[1188, 444]]",,0.45701725616134486,0.265071710543498
330,2,3,5.496000000000095,,13518,"[954, 270]",False,,True,0.0,False,medium,False,"[[870, 264], [798, 498]]",,"[[1188, 438]]",,0.45723591098798344,0.2673828012374
331,2,3,5.511999999999944,,13518,"[954, 270]",False,,True,0.0,False,medium,False,"[[870, 258], [798, 492]]",,"[[1188, 432]]",,0.45723591098798344,0.2673828012374
332,2,3,5.528999999999996,,13518,"[954, 270]",False,,True,0.0,False,medium,False,"[[870, 252], [798, 486], [546, 810], [888, 810]]",,"[[1188, 426]]",,0.4573556538608202,0.26814327329084575
333,2,3,5.546000000000049,,13518,"[954, 270]",False,,True,0.0,False,medium,False,"[[870, 246], [798, 480], [546, 804], [888, 804]]",,"[[1188, 420]]",,0.4573556538608202,0.26814327329084575
334,2,3,5.563000000000102,,13518,"[954, 270]",False,,True,0.0,False,medium,False,"[[870, 240], [798, 474], [546, 798], [888, 798]]",,"[[1188, 414]]",,0.4572502438271786,0.27040661080248085
335,2,3,5.578999999999951,,13518,"[954, 270]",False,,True,0.0,False,medium,False,"[[870, 234], [798, 468], [546, 792], [888, 792], [528, 810]]",,"[[1188, 408]]",,0.4572502438271786,0.27040661080248085
336,2,3,5.595000000000027,,13518,"[954, 270]",False,,True,0.0,False,medium,False,"[[870, 228], [798, 462], [546, 786], [888, 786], [528, 804]]",,"[[1188, 402]]",,0.4569789629498636,0.27219856518644325
337,2,3,5.61200000000008,,13518,"[954, 270]",False,,True,0.0,False,medium,False,"[[870, 222], [798, 456], [546, 780], [888, 780], [528, 798]]",,"[[1188, 396]]",,0.4569789629498636,0.27219856518644325
338,2,3,5.630000000000109,,13518,"[954, 270]",False,Left,True,0.0,False,medium,False,"[[870, 216], [798, 450], [546, 774], [888, 774], [528, 792]]",,"[[1194, 390]]",,0.45764819288858327,0.2728102285470908
339,2,3,5.644999999999982,,13518,"[954, 270]",False,Left,True,0.0,False,medium,False,"[[876, 210], [804, 444], [552, 768], [894, 768], [534, 786]]",,"[[1200, 384]]",,0.4579266207936469,0.2732145518651464
340,2,3,5.662000000000035,,13518,"[954, 270]",False,Left,True,0.0,False,medium,False,"[[882, 204], [810, 438], [558, 762], [900, 762], [540, 780]]",,"[[1206, 378]]",,0.45888053975908694,0.2744026612912751
341,2,3,5.679000000000087,,13518,"[954, 270]",False,Left,True,0.0,False,medium,False,"[[888, 198], [816, 432], [564, 756], [906, 756], [546, 774]]",,"[[1212, 372]]",,0.4588894366759713,0.2752164705240099
342,2,3,5.695999999999913,,13518,"[954, 270]",False,Left,True,0.0,False,medium,False,"[[894, 192], [822, 426], [570, 750], [912, 750], [552, 768]]",,"[[1218, 366]]",,0.4588636387680746,0.27782753045612796
343,2,3,5.712999999999965,,13518,"[954, 270]",False,Left,True,0.0,False,medium,False,"[[900, 186], [828, 420], [576, 744], [918, 744], [558, 762]]",,"[[1224, 360]]",,0.4588636387680746,0.27782753045612796
344,2,3,5.730000000000018,,13518,"[954, 270]",False,Left,True,0.0,False,medium,False,"[[906, 180], [834, 414], [582, 738], [924, 738], [564, 756]]",,"[[1230, 354]]",,0.4585948533778394,0.27889646788013955
345,2,3,5.747000000000071,,13518,"[954, 270]",False,Left,True,0.0,False,medium,False,"[[912, 174], [840, 408], [588, 732], [930, 732], [570, 750]]",,"[[1236, 348]]",,0.4586503134982493,0.2784994593491018
346,2,3,5.764000000000124,,13518,"[954, 270]",False,Left,True,0.0,False,medium,False,"[[918, 168], [846, 402], [594, 726], [936, 726], [576, 744]]",,"[[1242, 342]]",,0.4590772685978709,0.28113936485041124
347,2,3,5.780999999999949,,13518,"[954, 270]",False,Left,True,0.0,False,medium,False,"[[924, 162], [852, 396], [600, 720], [942, 720], [582, 738]]",,"[[1248, 336]]",,0.4590772685978709,0.28113936485041124
348,2,3,5.798000000000002,,13518,"[954, 270]",False,Left,True,0.0,False,medium,False,"[[930, 156], [858, 390], [606, 714], [948, 714], [588, 732]]",,"[[1254, 330]]",,0.4588282431839654,0.28197418156621634
349,2,3,5.814000000000078,,13518,"[954, 270]",False,Left,True,0.0,False,medium,False,"[[936, 150], [864, 384], [612, 708], [954, 708], [594, 726]]",,"[[1260, 324], [354, 810]]",,0.4587327508616405,0.28176464027552206
350,2,3,5.830999999999904,,13518,"[954, 270]",False,Left,True,0.0,False,medium,False,"[[942, 144], [870, 378], [618, 702], [960, 702], [600, 720]]",,"[[1266, 318], [360, 804]]",,0.45776928496509794,0.28291261311021587
351,2,3,5.84699999999998,,13518,"[954, 270]",False,Left,True,0.0,False,medium,False,"[[948, 138], [876, 372], [624, 696], [966, 696], [606, 714]]",,"[[1272, 312], [366, 798]]",,0.45776928496509794,0.28291261311021587
352,2,3,5.863000000000056,,13518,"[954, 270]",False,Left,True,1.0,False,medium,False,"[[954, 132], [882, 366], [630, 690], [972, 690], [612, 708]]",,"[[1278, 306], [372, 792]]",,0.45741526685134987,0.2827081523372843
353,2,3,5.878999999999905,,13518,"[954, 270]",False,Left,True,1.0,False,medium,False,"[[960, 126], [888, 360], [636, 684], [978, 684], [618, 702]]",,"[[1290, 300], [384, 786]]",,0.4573264941742609,0.28265023725626626
354,2,3,5.895999999999958,,13518,"[954, 270]",False,Left,True,1.0,False,medium,False,"[[972, 120], [900, 354], [648, 678], [990, 678], [630, 696]]",,"[[1302, 294], [396, 780]]",,0.45730190223660594,0.28327408719323377
355,2,3,5.913000000000011,,13518,"[954, 270]",False,Left,True,1.0,False,medium,False,"[[984, 114], [912, 348], [660, 672], [1002, 672], [642, 690]]",,"[[1314, 288], [408, 774]]",,0.4572309402696716,0.28290160365830785
356,2,3,5.929000000000087,,13518,"[954, 270]",False,Left,True,1.0,False,medium,False,"[[996, 108], [924, 342], [672, 666], [1014, 666], [654, 684]]",,"[[1326, 282], [420, 768]]",,0.45688923477430493,0.2839610248884715
357,2,3,5.945999999999913,,13518,"[954, 270]",False,Left,True,1.0,False,medium,False,"[[1008, 102], [936, 336], [684, 660], [1026, 660], [666, 678]]",,"[[1338, 276], [432, 762]]",,0.4566048141021778,0.28300194005378465
358,2,3,5.962999999999965,,13518,"[954, 270]",False,Left,True,1.0,False,medium,False,"[[1020, 96], [948, 330], [696, 654], [1038, 654], [678, 672]]",,"[[1350, 270], [444, 756]]",,0.4584573805662309,0.2737529208808043
359,2,3,5.979000000000042,,13518,"[954, 270]",False,Left,True,1.0,False,medium,False,"[[1032, 90], [960, 324], [708, 648], [1050, 648], [690, 666]]",,"[[1362, 264], [456, 750]]",,0.4584573805662309,0.2737529208808043
360,2,3,5.996000000000095,,13518,"[954, 270]",False,Left,True,1.0,False,medium,False,"[[1044, 84], [972, 318], [720, 642], [1062, 642], [702, 660]]",,"[[1374, 258], [468, 744]]",,0.45689078940667727,0.26835666424308535
361,2,3,6.011999999999944,,13518,"[954, 270]",False,Left,True,1.0,False,medium,False,"[[1056, 78], [984, 312], [732, 636], [1074, 636], [714, 654]]",,"[[1386, 252], [480, 738]]",,0.3809416515434683,0.3131651136113862
362,2,3,6.028999999999996,,13518,"[954, 270]",False,Left,True,1.0,False,medium,False,"[[1068, 72], [996, 306], [744, 630], [1086, 630], [726, 648]]",,"[[1398, 246], [492, 732]]",,0.45837149514410835,0.2674573772962907
363,2,3,6.046000000000049,,13518,"[954, 270]",False,Left,True,1.0,False,medium,False,"[[1080, 66], [1008, 300], [756, 624], [1098, 624], [738, 642]]",,"[[1410, 240], [504, 726]]",,0.45883893092439487,0.2684387336268478
364,2,3,6.0620000000001255,,13518,"[954, 270]",False,Left,True,1.0,False,medium,False,"[[1092, 60], [1020, 294], [768, 618], [1110, 618], [750, 636]]",,"[[1422, 234], [516, 720]]",,0.45970626635557393,0.26783116515370686
365,2,3,6.078999999999951,,13518,"[954, 270]",False,Left,True,1.0,False,medium,False,"[[1104, 54], [1032, 288], [780, 612], [1122, 612], [762, 630]]",,"[[1434, 228], [528, 714]]",,0.46064001774599195,0.27011232219384695
366,2,3,6.095000000000027,,13518,"[954, 270]",False,Left,True,1.0,False,medium,False,"[[1116, 48], [1044, 282], [792, 606], [1134, 606], [774, 624]]",,"[[1446, 222], [540, 708]]",,0.46035122579245813,0.2712255099148101
367,2,3,6.111000000000104,,13518,"[954, 270]",False,Left,True,1.0,False,medium,False,"[[1128, 42], [1056, 276], [804, 600], [1146, 600], [786, 618]]",,"[[1458, 216], [552, 702]]",,0.4603216172796799,0.2719413215203067
368,2,3,6.126999999999953,,13518,"[954, 270]",False,Left,True,1.0,False,medium,False,"[[1140, 36], [1068, 270], [816, 594], [1158, 594], [798, 612]]",,"[[1470, 210], [564, 696]]",,0.46082082138953695,0.27301349121429486
369,2,3,6.1440000000000055,,13518,"[954, 270]",False,Left,True,1.0,False,medium,False,"[[1152, 30], [1080, 264], [828, 588], [1170, 588], [810, 606]]",,"[[1482, 204], [576, 690]]",,0.4600735681863286,0.27331040872166
370,2,3,6.160000000000082,,13518,"[954, 270]",False,Left,True,1.0,False,medium,False,"[[1164, 24], [1092, 258], [840, 582], [1182, 582], [822, 600]]",,"[[1494, 198], [588, 684]]",,0.4600735681863286,0.27331040872166
371,2,3,6.175999999999931,,13518,"[954, 270]",False,Left,True,1.0,False,medium,False,"[[1176, 18], [1104, 252], [852, 576], [1194, 576], [834, 594]]",,"[[1506, 192], [600, 678]]",,0.4598768214875995,0.27389931782371757
372,2,3,6.192999999999984,,13518,"[954, 270]",False,Left,True,1.0,False,medium,False,"[[1188, 12], [1116, 246], [864, 570], [1206, 570], [846, 588]]",,"[[1518, 186], [612, 672]]",,0.4600255046051525,0.274170437279429
373,2,3,6.210000000000036,,13518,"[954, 270]",False,Left,True,1.0,False,medium,False,"[[1200, 6], [1128, 240], [876, 564], [1218, 564], [858, 582]]",,"[[1530, 180], [624, 666]]",,0.4590637524505592,0.274946198267211
374,2,3,6.227000000000089,,13518,"[954, 270]",False,Left,True,1.0,False,medium,False,"[[1212, 0], [1140, 234], [888, 558], [1230, 558], [870, 576]]",,"[[1542, 174], [636, 660]]",,0.45913985702253424,0.2748549845168957
375,2,3,6.241999999999962,,13518,"[954, 270]",False,Left,True,1.0,False,medium,False,"[[1152, 228], [900, 552], [1242, 552], [882, 570]]",,"[[1554, 168], [648, 654]]",,0.4587812373605445,0.27469909735443343
376,2,3,6.266000000000076,,13518,"[954, 270]",False,Left,True,1.0,False,medium,False,"[[1164, 222], [912, 546], [1254, 546], [894, 564]]",,"[[1566, 162], [660, 648]]",,0.45866290013540567,0.27464178472131096
377,2,3,6.280999999999949,,13518,"[954, 270]",False,Left,True,1.0,False,medium,False,"[[1176, 216], [924, 540], [1266, 540], [906, 558]]",,"[[1578, 156], [672, 642]]",,0.45596883290758033,0.2722387294840344
378,2,3,6.298000000000002,,13518,"[954, 270]",False,Left,True,1.0,False,medium,False,"[[1188, 210], [936, 534], [1278, 534], [918, 552]]",,"[[1590, 150], [684, 636]]",,0.4541137971099555,0.2686173760081856
379,2,3,6.314000000000078,,13518,"[954, 270]",False,Left,True,1.0,False,medium,False,"[[1200, 204], [948, 528], [1290, 528], [930, 546]]",,"[[1602, 144], [696, 630]]",,0.4541426543425655,0.26868861945759204
380,2,3,6.335000000000036,,13518,"[954, 270]",False,Left,True,1.0,False,medium,False,"[[1212, 198], [960, 522], [1302, 522], [942, 540]]",,"[[1614, 138], [708, 624]]",,0.4546504315650951,0.2691024453931662
381,2,3,6.348999999999933,,13518,"[954, 270]",False,,True,1.0,False,medium,False,"[[1224, 192], [972, 516], [1314, 516], [954, 534]]",,"[[1620, 132], [714, 618]]",,0.4548096734404489,0.2696465265727249
382,2,3,6.3659999999999854,,13518,"[954, 270]",False,,True,1.0,False,medium,False,"[[1230, 186], [978, 510], [1320, 510], [960, 528]]",,"[[1626, 126], [720, 612]]",,0.4552367019295655,0.2695350199423495
383,2,3,6.383000000000038,,13518,"[954, 270]",False,Right,True,1.0,False,medium,False,"[[1236, 180], [984, 504], [1326, 504], [966, 522]]",,"[[1626, 120], [720, 606]]",,0.45580850261006817,0.27024746169490466
384,2,3,6.400000000000091,,13518,"[954, 270]",False,Right,True,1.0,False,medium,False,"[[1236, 174], [984, 498], [1326, 498], [966, 516]]",,"[[1626, 114], [720, 600]]",,0.45539290453162573,0.2703955779797984
385,2,3,6.41599999999994,,13518,"[954, 270]",False,Right,True,1.0,False,medium,False,"[[1236, 168], [984, 492], [1326, 492], [966, 510]]",,"[[1626, 108], [720, 594]]",,0.45539290453162573,0.2703955779797984
386,2,3,6.432000000000016,,13518,"[954, 270]",False,Right,True,1.0,False,medium,False,"[[1236, 162], [984, 486], [1326, 486], [966, 504]]",,"[[1626, 102], [720, 588]]",,0.4553887030294548,0.2702353787997247
387,2,3,6.448000000000093,,13518,"[954, 270]",False,Right,True,1.0,False,medium,False,"[[1236, 156], [984, 480], [1326, 480], [966, 498]]",,"[[1626, 96], [720, 582]]",,0.4550226390533937,0.2709416948128579
388,2,3,6.464999999999918,,13518,"[954, 270]",False,Right,True,1.0,False,medium,False,"[[1236, 150], [984, 474], [1326, 474], [966, 492]]",,"[[1626, 90], [720, 576]]",,0.4543636018033507,0.27062039806566196
389,2,3,6.481999999999971,,13518,"[954, 270]",False,Right,True,1.0,False,medium,False,"[[1236, 144], [984, 468], [1326, 468], [966, 486]]",,"[[1626, 84], [720, 570]]",,0.4543473018336293,0.27041312789096883
390,2,3,6.498000000000047,,13518,"[954, 270]",False,Right,True,1.0,False,medium,False,"[[1236, 138], [984, 462], [1326, 462], [966, 480]]",,"[[1626, 78], [720, 564]]",,0.45345079768207724,0.2703388280151662
391,2,3,6.516000000000076,,13518,"[954, 270]",False,Right,True,1.0,False,medium,False,"[[1236, 132], [984, 456], [1326, 456], [966, 474]]",,"[[1626, 72], [720, 558]]",,0.4532917886284823,0.2706971818808196
392,2,3,6.531999999999925,,13518,"[954, 270]",False,Right,True,1.0,False,medium,False,"[[1236, 126], [984, 450], [1326, 450], [966, 468]]",,"[[1626, 66], [720, 552]]",,0.45323429826013123,0.2721567400136703
393,2,3,6.548999999999978,,13518,"[954, 270]",False,Right,True,1.0,False,medium,False,"[[1236, 120], [984, 444], [1326, 444], [966, 462]]",,"[[1626, 60], [720, 546]]",,0.4532613919425593,0.2715675326356628
394,2,3,6.566000000000031,,13518,"[954, 270]",False,Right,True,1.0,False,medium,False,"[[1236, 114], [984, 438], [1326, 438], [966, 456]]",,"[[1626, 54], [720, 540]]",,0.45359778230678705,0.27141661592019994
395,2,3,6.583000000000084,,13518,"[954, 270]",False,Right,True,1.0,False,medium,False,"[[1236, 108], [984, 432], [1326, 432], [966, 450]]",,"[[1626, 48], [720, 534]]",,0.4537288770794161,0.2704047348053009
396,2,3,6.598999999999933,,13518,"[954, 270]",False,Right,True,1.0,False,medium,False,"[[1236, 102], [984, 426], [1326, 426], [966, 444]]",,"[[1626, 42], [720, 528]]",,0.45375527517767783,0.2706487537730179
397,2,3,6.615000000000009,,13518,"[954, 270]",False,Right,True,1.0,False,medium,False,"[[1236, 96], [984, 420], [1326, 420], [966, 438]]",,"[[1626, 36], [720, 522]]",,0.45517661148673494,0.2690292508590264
398,2,3,6.6310000000000855,,13518,"[954, 270]",False,Right,True,1.0,False,medium,False,"[[1236, 90], [984, 414], [1326, 414], [966, 432]]",,"[[1626, 30], [720, 516]]",,0.4555697810072806,0.2694193829614635
399,2,3,6.6469999999999345,,13518,"[954, 270]",False,Right,True,1.0,False,medium,False,"[[1236, 84], [984, 408], [1326, 408], [966, 426]]",,"[[1626, 24], [720, 510]]",,0.4559922225393298,0.2694763863668441
400,2,3,6.663999999999987,,13518,"[954, 270]",False,Right,True,1.0,False,medium,False,"[[1236, 78], [984, 402], [1326, 402], [966, 420]]",,"[[1626, 18], [720, 504]]",,0.45599760425765695,0.2700755015798614
401,2,3,6.680000000000064,,13518,"[954, 270]",False,Right,True,1.0,False,medium,False,"[[1236, 72], [984, 396], [1326, 396], [966, 414]]",,"[[1626, 12], [720, 498]]",,0.45618334133929084,0.2714968756949746
402,2,3,6.697000000000116,,13518,"[954, 270]",False,Right,True,1.0,False,medium,False,"[[1236, 66], [984, 390], [1326, 390], [966, 408]]",,"[[1626, 6], [720, 492]]",,0.4559694232082692,0.2717716016105699
403,2,3,6.712999999999965,,13518,"[954, 270]",False,Right,True,0.0,False,medium,False,"[[1236, 60], [984, 384], [1326, 384], [966, 402]]",,"[[1626, 0], [720, 486], [1626, 810]]",,0.4552124436766401,0.27264484219571283
404,2,3,6.730000000000018,,13518,"[954, 270]",False,Right,True,0.0,False,medium,False,"[[1236, 54], [984, 378], [1326, 378], [966, 396]]",,"[[714, 480], [1620, 804]]",,0.45486254469621434,0.2731586290344208
405,2,3,6.746000000000095,,13518,"[954, 270]",False,Right,True,0.0,False,medium,False,"[[1230, 48], [978, 372], [1320, 372], [960, 390]]",,"[[708, 474], [1614, 798]]",,0.4548587458009301,0.274236614096535
406,2,3,6.761999999999944,,13518,"[954, 270]",False,Right,True,0.0,False,medium,False,"[[1224, 42], [972, 366], [1314, 366], [954, 384]]",,"[[702, 468], [1608, 792]]",,0.4537686147526,0.2728216511148076
407,2,3,6.77800000000002,,13518,"[954, 270]",False,Right,True,0.0,False,medium,False,"[[1218, 36], [966, 360], [1308, 360], [948, 378]]",,"[[696, 462], [1602, 786]]",,0.45021761887034356,0.25955938992648553
408,2,3,6.795000000000073,,13518,"[954, 270]",False,Right,True,0.0,False,medium,False,"[[1212, 30], [960, 354], [1302, 354], [942, 372]]",,"[[690, 456], [1596, 780]]",,0.45021761887034356,0.25955938992648553
409,2,3,6.8120000000001255,,13518,"[954, 270]",False,Right,True,0.0,False,medium,False,"[[1206, 24], [954, 348], [1296, 348], [936, 366]]",,"[[684, 450], [1590, 774]]",,0.4515503023902519,0.2591430333621064
410,2,3,6.828999999999951,,13518,"[954, 270]",False,Right,True,0.0,False,medium,False,"[[1200, 18], [948, 342], [1290, 342], [930, 360]]",,"[[678, 444], [1584, 768]]",,0.45138561374996755,0.26013824593524537
411,2,3,6.845000000000027,,13518,"[954, 270]",False,Right,True,0.0,False,medium,False,"[[1194, 12], [942, 336], [1284, 336], [924, 354]]",,"[[672, 438], [1578, 762]]",,0.3803163367944264,0.30265343066640515
412,2,3,6.86200000000008,,13518,"[954, 270]",False,Right,True,0.0,False,medium,False,"[[1188, 6], [936, 330], [1278, 330], [918, 348]]",,"[[666, 432], [1572, 756]]",,0.3803163367944264,0.30265343066640515
413,2,3,6.880000000000109,,13518,"[954, 270]",False,Right,True,0.0,False,medium,False,"[[1182, 0], [930, 324], [1272, 324], [912, 342]]",,"[[660, 426], [1566, 750]]",,0.45373082119818575,0.2636153043147387
414,2,3,6.895999999999958,,13518,"[954, 270]",False,Right,True,0.0,False,medium,False,"[[924, 318], [1266, 318], [906, 336]]",,"[[654, 420], [1560, 744]]",,0.45373082119818575,0.2636153043147387
415,2,3,6.912000000000035,,13518,"[954, 270]",False,Right,True,0.0,False,medium,False,"[[918, 312], [1260, 312], [900, 330]]",,"[[648, 414], [1554, 738]]",,0.3806489590741092,0.3027109407351355
416,2,3,6.929000000000087,,13518,"[954, 270]",False,Right,True,0.0,False,medium,False,"[[912, 306], [1254, 306], [894, 324]]",,"[[642, 408], [1548, 732]]",,0.4511718972716247,0.3220576573993643
417,2,3,6.944999999999936,,13518,"[954, 270]",False,Right,True,0.0,False,medium,False,"[[906, 300], [1248, 300], [888, 318]]",,"[[636, 402], [1542, 726]]",,0.4517062929510883,0.2683083359667625
418,2,3,6.960000000000036,,13518,"[954, 270]",False,Right,True,0.0,False,medium,False,"[[900, 294], [1242, 294], [882, 312]]",,"[[630, 396], [1536, 720]]",,0.4517062929510883,0.2683083359667625
419,2,3,6.976000000000113,,13518,"[954, 270]",False,Right,True,0.0,False,medium,False,"[[894, 288], [1236, 288], [876, 306]]",,"[[624, 390], [1530, 714]]",,0.4511785445903141,0.2681247429881872
420,2,3,6.991999999999962,,13518,"[954, 270]",False,Right,True,0.0,False,medium,False,"[[888, 282], [1230, 282], [870, 300]]",,"[[618, 384], [1524, 708]]",,0.4511785445903141,0.2681247429881872
421,2,3,7.0090000000000146,,13518,"[954, 270]",False,Right,True,0.0,False,medium,False,"[[882, 276], [1224, 276], [864, 294]]",,"[[612, 378], [1518, 702]]",,0.4505444670931412,0.27075438985582434
422,2,3,7.026000000000067,,13518,"[954, 270]",False,Right,True,0.0,False,medium,False,"[[876, 270], [1218, 270], [858, 288]]",,"[[606, 372], [1512, 696]]",,0.4505444670931412,0.27075438985582434
423,2,3,7.04300000000012,,13518,"[954, 270]",False,Right,True,0.0,False,medium,False,"[[870, 264], [1212, 264], [852, 282]]",,"[[600, 366], [1506, 690]]",,0.44957786897685725,0.271345175293051
424,2,3,7.059999999999945,,13518,"[954, 270]",False,Right,True,0.0,False,medium,False,"[[864, 258], [1206, 258], [846, 276]]",,"[[594, 360], [1500, 684]]",,0.44957786897685725,0.271345175293051
425,2,3,7.076000000000022,,13518,"[954, 270]",False,Right,True,0.0,False,medium,False,"[[858, 252], [1200, 252], [840, 270]]",,"[[588, 354], [1494, 678]]",,0.4493626850987041,0.27446337007217836
426,2,3,7.091000000000122,,13518,"[954, 270]",False,Right,True,0.0,False,medium,False,"[[852, 246], [1194, 246], [834, 264]]",,"[[582, 348], [1488, 672]]",,0.4493626850987041,0.27446337007217836
427,2,3,7.107999999999947,,13518,"[954, 270]",False,Right,True,0.0,False,medium,False,"[[846, 240], [1188, 240], [828, 258]]",,"[[576, 342], [1482, 666]]",,0.44887090789416356,0.2743254614918066
428,2,3,7.125,,13518,"[954, 270]",False,Right,True,0.0,False,medium,False,"[[840, 234], [1182, 234], [822, 252]]",,"[[570, 336], [1476, 660]]",,0.44887090789416356,0.2743254614918066
429,2,3,7.143000000000029,,13518,"[954, 270]",False,Right,True,0.0,False,medium,False,"[[834, 228], [1176, 228], [816, 246]]",,"[[564, 330], [1470, 654]]",,0.4497431360222145,0.27535793755559757
430,2,3,7.157999999999902,,13518,"[954, 270]",False,Right,True,0.0,False,medium,False,"[[828, 222], [1170, 222], [810, 240]]",,"[[558, 324], [1464, 648]]",,0.4497431360222145,0.27535793755559757
431,2,3,7.1749999999999545,,13518,"[954, 270]",False,Right,True,0.0,False,medium,False,"[[822, 216], [1164, 216], [804, 234], [858, 810]]",,"[[552, 318], [1458, 642]]",,0.4496291292416957,0.2745329009609421
432,2,3,7.192000000000007,,13518,"[954, 270]",False,Right,True,0.0,False,medium,False,"[[816, 210], [1158, 210], [798, 228], [852, 804]]",,"[[546, 312], [1452, 636]]",,0.4496291292416957,0.2745329009609421
433,2,3,7.20900000000006,,13518,"[954, 270]",False,Right,True,-1.0,False,medium,False,"[[810, 204], [1152, 204], [792, 222], [846, 798]]",,"[[540, 306], [1446, 630]]",,0.45508241259094895,0.26114536668369104
434,2,3,7.224999999999909,,13518,"[954, 270]",False,Right,True,-1.0,False,medium,False,"[[804, 198], [1146, 198], [786, 216], [840, 792]]",,"[[528, 300], [1434, 624]]",,0.45508241259094895,0.26114536668369104
435,2,3,7.2409999999999854,,13518,"[954, 270]",False,Right,True,-1.0,False,medium,False,"[[792, 192], [1134, 192], [774, 210], [828, 786]]",,"[[516, 294], [1422, 618]]",,0.4517398899652901,0.3217663868192563
436,2,3,7.258000000000038,,13518,"[954, 270]",False,Right,True,-1.0,False,medium,False,"[[780, 186], [1122, 186], [762, 204], [816, 780]]",,"[[504, 288], [1410, 612]]",,0.4517398899652901,0.3217663868192563
437,2,3,7.275000000000091,,13518,"[954, 270]",False,Right,True,-1.0,False,medium,False,"[[768, 180], [1110, 180], [750, 198], [804, 774]]",,"[[492, 282], [1398, 606]]",,0.4557191044149819,0.25985401999145585
438,2,3,7.289999999999964,,13518,"[954, 270]",False,Right,True,-1.0,False,medium,False,"[[756, 174], [1098, 174], [738, 192], [792, 768]]",,"[[480, 276], [1386, 600]]",,0.4557191044149819,0.25985401999145585
439,2,3,7.307999999999993,,13518,"[954, 270]",False,Right,True,-1.0,False,medium,False,"[[744, 168], [1086, 168], [726, 186], [780, 762]]",,"[[468, 270], [1374, 594]]",,0.4573028200004914,0.26080295393950936
440,2,3,7.3250000000000455,,13518,"[954, 270]",False,Right,True,-1.0,False,medium,False,"[[732, 162], [1074, 162], [714, 180], [768, 756]]",,"[[456, 264], [1362, 588]]",,0.4573028200004914,0.26080295393950936
441,2,3,7.342000000000098,,13518,"[954, 270]",False,Right,True,-1.0,False,medium,False,"[[720, 156], [1062, 156], [702, 174], [756, 750]]",,"[[444, 258], [1350, 582]]",,0.45688855312117466,0.26194010386857436
442,2,3,7.357999999999947,,13518,"[954, 270]",False,Right,True,-1.0,False,medium,False,"[[708, 150], [1050, 150], [690, 168], [744, 744]]",,"[[432, 252], [1338, 576]]",,0.45688855312117466,0.26194010386857436
443,2,3,7.375,,13518,"[954, 270]",False,,True,-1.0,False,medium,False,"[[696, 144], [1038, 144], [678, 162], [732, 738]]",,"[[426, 246], [1332, 570]]",,0.45616351617846096,0.2648511314177302
444,2,3,7.3900000000001,,13518,"[954, 270]",False,,True,-1.0,False,medium,False,"[[690, 138], [1032, 138], [672, 156], [726, 732]]",,"[[420, 240], [1326, 564]]",,0.45616351617846096,0.2648511314177302
445,2,3,7.406999999999925,,13518,"[954, 270]",False,,True,-1.0,False,medium,False,"[[684, 132], [1026, 132], [666, 150], [720, 726]]",,"[[414, 234], [1320, 558]]",,0.4552434905914036,0.26748214829531913
446,2,3,7.423000000000002,,13518,"[954, 270]",False,,True,-1.0,False,medium,False,"[[678, 126], [1020, 126], [660, 144], [714, 720]]",,"[[408, 228], [1314, 552]]",,0.45502552638005617,0.2677838446890013
447,2,3,7.440000000000055,,13518,"[954, 270]",False,,True,-1.0,False,medium,False,"[[672, 120], [1014, 120], [654, 138], [708, 714]]",,"[[402, 222], [1308, 546]]",,0.4541817045355391,0.27137692852937867
448,2,3,7.457000000000107,,13518,"[954, 270]",False,,True,-1.0,False,medium,False,"[[666, 114], [1008, 114], [648, 132], [702, 708]]",,"[[396, 216], [1302, 540]]",,0.4541817045355391,0.27137692852937867
449,2,3,7.473999999999933,,13518,"[954, 270]",False,,True,-1.0,False,medium,False,"[[660, 108], [1002, 108], [642, 126], [696, 702]]",,"[[390, 210], [1296, 534]]",,0.45347691183440986,0.2727136502011105
450,2,3,7.4909999999999854,,13518,"[954, 270]",False,,True,-1.0,False,medium,False,"[[654, 102], [996, 102], [636, 120], [690, 696]]",,"[[384, 204], [1290, 528]]",,0.45347691183440986,0.2727136502011105
451,2,3,7.507000000000062,,13518,"[954, 270]",False,,True,-1.0,False,medium,False,"[[648, 96], [990, 96], [630, 114], [684, 690]]",,"[[378, 198], [1284, 522]]",,0.45158850492992675,0.27194213073361184
452,2,3,7.524000000000115,,13518,"[954, 270]",False,Left,True,-1.0,False,medium,False,"[[642, 90], [984, 90], [624, 108], [678, 684], [822, 810]]",,"[[378, 192], [1284, 516]]",,0.45097154750251744,0.27253783420408706
453,2,3,7.539999999999964,,13518,"[954, 270]",False,Left,True,-1.0,False,medium,False,"[[642, 84], [984, 84], [624, 102], [678, 678], [822, 804]]",,"[[378, 186], [1284, 510]]",,0.44945966339510734,0.27113419233163527
454,2,3,7.55600000000004,,13518,"[954, 270]",False,Left,True,-1.0,False,medium,False,"[[642, 78], [984, 78], [624, 96], [678, 672], [822, 798]]",,"[[378, 180], [1284, 504]]",,0.44945966339510734,0.27113419233163527
455,2,3,7.573000000000093,,13518,"[954, 270]",False,Left,True,-1.0,False,medium,False,"[[642, 72], [984, 72], [624, 90], [678, 666], [822, 792]]",,"[[378, 174], [1284, 498]]",,0.4475613363680476,0.2710392228192089
456,2,3,7.589999999999918,,13518,"[954, 270]",False,Left,True,-1.0,False,medium,False,"[[642, 66], [984, 66], [624, 84], [678, 660], [822, 786]]",,"[[378, 168], [1284, 492]]",,0.44730789345255867,0.27075687568740214
457,2,3,7.607999999999947,,13518,"[954, 270]",False,Left,True,-1.0,False,medium,False,"[[642, 60], [984, 60], [624, 78], [678, 654], [822, 780]]",,"[[378, 162], [1284, 486]]",,0.44444116575859294,0.3278117122750871
458,2,3,7.625,,13518,"[954, 270]",False,Left,True,-1.0,False,medium,False,"[[642, 54], [984, 54], [624, 72], [678, 648], [822, 774]]",,"[[378, 156], [1284, 480]]",,0.44444116575859294,0.3278117122750871
459,2,3,7.641000000000076,,13518,"[954, 270]",False,Left,True,-1.0,False,medium,False,"[[642, 48], [984, 48], [624, 66], [678, 642], [822, 768]]",,"[[378, 150], [1284, 474]]",,0.45132714225721837,0.25262572640978065
460,2,3,7.657999999999902,,13518,"[954, 270]",False,Left,True,-1.0,False,medium,False,"[[642, 42], [984, 42], [624, 60], [678, 636], [822, 762]]",,"[[378, 144], [1284, 468]]",,0.45132714225721837,0.25262572640978065
461,2,3,7.6749999999999545,,13518,"[954, 270]",False,Left,True,-1.0,False,medium,False,"[[642, 36], [984, 36], [624, 54], [678, 630], [822, 756]]",,"[[378, 138], [1284, 462]]",,0.4527987379403335,0.2549028420609887
462,2,3,7.692000000000007,,13518,"[954, 270]",False,Left,True,-1.0,False,medium,False,"[[642, 30], [984, 30], [624, 48], [678, 624], [822, 750]]",,"[[378, 132], [1284, 456]]",,0.45305551035662106,0.25550994161433416
463,2,3,7.708000000000084,,13518,"[954, 270]",False,Left,True,-1.0,False,medium,False,"[[642, 24], [984, 24], [624, 42], [678, 618], [822, 744]]",,"[[378, 126], [1284, 450]]",,0.45329680116192483,0.25604156624645724
464,2,3,7.724999999999909,,13518,"[954, 270]",False,Left,True,-1.0,False,medium,False,"[[642, 18], [984, 18], [624, 36], [678, 612], [822, 738]]",,"[[378, 120], [1284, 444]]",,0.45329680116192483,0.25604156624645724
465,2,3,7.741999999999962,,13518,"[954, 270]",False,Left,True,-1.0,False,medium,False,"[[642, 12], [984, 12], [624, 30], [678, 606], [822, 732]]",,"[[378, 114], [1284, 438]]",,0.4523915278127726,0.25832509691179595
466,2,3,7.758000000000038,,13518,"[954, 270]",False,Left,True,-1.0,False,medium,False,"[[642, 6], [984, 6], [624, 24], [678, 600], [822, 726]]",,"[[378, 108], [1284, 432]]",,0.4523915278127726,0.25832509691179595
467,2,3,7.775000000000091,,13518,"[954, 270]",False,Left,True,-1.0,False,medium,False,"[[642, 0], [984, 0], [624, 18], [678, 594], [822, 720]]",,"[[378, 102], [1284, 426]]",,0.45165829472653785,0.25937722319869494
468,2,3,7.79099999999994,,13518,"[954, 270]",False,Left,True,-1.0,False,medium,False,"[[624, 12], [678, 588], [822, 714]]",,"[[378, 96], [1284, 420]]",,0.45165829472653785,0.25937722319869494
469,2,3,7.807999999999993,,13518,"[954, 270]",False,Left,True,-1.0,False,medium,False,"[[624, 6], [678, 582], [822, 708]]",,"[[378, 90], [1284, 414]]",,0.45103860847929483,0.26010023463753906
470,2,3,7.8250000000000455,,13518,"[954, 270]",False,Left,True,-1.0,False,medium,False,"[[624, 0], [678, 576], [822, 702]]",,"[[378, 84], [1284, 408]]",,0.45103860847929483,0.26010023463753906
471,2,3,7.841000000000122,,13518,"[954, 270]",False,Left,True,-1.0,False,medium,False,"[[678, 570], [822, 696]]",,"[[378, 78], [1284, 402]]",,0.4507423215767858,0.2627433113212103
472,2,3,7.858999999999924,,13518,"[954, 270]",False,,True,-1.0,False,medium,False,"[[678, 564], [822, 690]]",,"[[372, 72], [1278, 396]]",,0.4508617868989351,0.263424322083069
473,2,3,7.875999999999976,,13518,"[954, 270]",False,,True,-1.0,False,medium,False,"[[672, 558], [816, 684]]",,"[[366, 66], [1272, 390]]",,0.43987744104954796,0.2384452917944755
474,2,3,7.892000000000053,,13518,"[954, 270]",False,,True,-1.0,False,medium,False,"[[666, 552], [810, 678]]",,"[[360, 60], [1266, 384]]",,0.43987744104954796,0.2384452917944755
475,2,3,7.9090000000001055,,13518,"[954, 270]",False,,True,-1.0,False,medium,False,"[[660, 546], [804, 672]]",,"[[354, 54], [1260, 378]]",,0.4324880172389177,0.22823219049079768
476,2,3,7.925999999999931,,13518,"[954, 270]",False,,True,-1.0,False,medium,False,"[[654, 540], [798, 666]]",,"[[348, 48], [1254, 372]]",,0.4324880172389177,0.22823219049079768
477,2,3,7.942000000000007,,13518,"[954, 270]",False,,True,-1.0,False,medium,False,"[[648, 534], [792, 660]]",,"[[342, 42], [1248, 366]]",,0.4324476777096275,0.22668992890949824
478,2,3,7.95900000000006,,13518,"[954, 270]",False,,True,-1.0,False,medium,False,"[[642, 528], [786, 654]]",,"[[336, 36], [1242, 360]]",,0.43221703368780784,0.22500883876659827
479,2,3,7.976000000000113,,13518,"[954, 270]",False,,True,-1.0,False,medium,False,"[[636, 522], [780, 648]]",,"[[330, 30], [1236, 354]]",,0.43333599072070667,0.22106810958129697
480,2,3,7.991999999999962,,13518,"[954, 270]",False,,True,-1.0,False,medium,False,"[[630, 516], [774, 642]]",,"[[324, 24], [1230, 348]]",,0.43333599072070667,0.22106810958129697
481,2,3,8.008000000000038,,13518,"[954, 270]",False,,True,-1.0,False,medium,False,"[[624, 510], [768, 636]]",,"[[318, 18], [1224, 342]]",,0.4353229837812342,0.22600028223356328
482,2,3,8.024000000000115,,13518,"[954, 270]",False,,True,-1.0,False,medium,False,"[[618, 504], [762, 630]]",,"[[312, 12], [1218, 336]]",,0.4353229837812342,0.22600028223356328
483,2,3,8.04099999999994,,13518,"[954, 270]",False,,True,-1.0,False,medium,False,"[[612, 498], [756, 624]]",,"[[306, 6], [1212, 330]]",,0.4358473403544328,0.22855153049775379
484,2,3,8.057000000000016,,13518,"[954, 270]",False,,True,0.0,False,medium,False,"[[606, 492], [750, 618]]",,"[[300, 0], [1206, 324]]",,0.43578688508741276,0.2293567851016064
485,2,3,8.075000000000045,,13518,"[954, 270]",False,,True,0.0,False,medium,False,"[[600, 486], [744, 612]]",,"[[1206, 318]]",,0.4359754742086951,0.23260501153786717
486,2,3,8.091000000000122,,13518,"[954, 270]",False,,True,0.0,False,medium,False,"[[600, 480], [744, 606]]",,"[[1206, 312]]",,0.4358418386910726,0.2332626482346064
487,2,3,8.107999999999947,,13518,"[954, 270]",False,,True,1.0,False,medium,False,"[[600, 474], [744, 600]]",,"[[1206, 306]]",,0.43563653349750214,0.23487490243511755
488,2,3,8.124000000000024,,13518,"[954, 270]",False,,True,1.0,False,medium,False,"[[600, 468], [744, 594]]",,"[[1212, 300]]",,0.4361034783226259,0.23623440130291773
489,2,3,8.141000000000076,,13518,"[954, 270]",False,,True,1.0,False,medium,False,"[[606, 462], [750, 588]]",,"[[1218, 294]]",,0.436687303748667,0.23650561740156462
490,2,3,8.156999999999925,,13518,"[954, 270]",False,,True,1.0,False,medium,False,"[[612, 456], [756, 582]]",,"[[1224, 288]]",,0.43576099939119306,0.2376311912553002
491,2,3,8.173999999999978,,13518,"[954, 270]",False,,True,1.0,False,medium,False,"[[618, 450], [762, 576], [708, 810]]",,"[[1230, 282]]",,0.43471024518295726,0.23993750606352016
492,2,3,8.191000000000031,,13518,"[954, 270]",False,,True,1.0,False,medium,False,"[[624, 444], [768, 570], [714, 804]]",,"[[1236, 276]]",,0.43469994239867854,0.24006135201605328
493,2,3,8.208000000000084,,13518,"[954, 270]",False,Left,True,1.0,False,medium,False,"[[630, 438], [774, 564], [720, 798]]",,"[[1248, 270]]",,0.4359181284370786,0.23583278385883033
494,2,3,8.222999999999956,,13518,"[954, 270]",False,Left,True,1.0,False,medium,False,"[[642, 432], [786, 558], [732, 792]]",,"[[1260, 264]]",,0.4455334560285218,0.2362721513281386
495,2,3,8.240000000000009,,13518,"[954, 270]",False,Left,True,1.0,False,medium,False,"[[654, 426], [798, 552], [744, 786]]",,"[[1272, 258]]",,0.44678897819980445,0.2377887317433568
496,2,3,8.257000000000062,,13518,"[954, 270]",False,Left,True,1.0,False,medium,False,"[[666, 420], [810, 546], [756, 780]]",,"[[1284, 252]]",,0.44716442045814275,0.2384774903145116
497,2,3,8.274000000000115,,13518,"[954, 270]",False,Left,True,1.0,False,medium,False,"[[678, 414], [822, 540], [768, 774], [570, 810]]",,"[[1296, 246]]",,0.4486932336930308,0.24173607670603114
498,2,3,8.29099999999994,,13518,"[954, 270]",False,Left,True,1.0,False,medium,False,"[[690, 408], [834, 534], [780, 768], [582, 804]]",,"[[1308, 240]]",,0.4486932336930308,0.24173607670603114
499,2,3,8.307000000000016,,13518,"[954, 270]",False,Left,True,1.0,False,medium,False,"[[702, 402], [846, 528], [792, 762], [594, 798]]",,"[[1320, 234]]",,0.44977992140875767,0.24397581565160054
500,2,3,8.325000000000045,,13518,"[954, 270]",False,Left,True,1.0,False,medium,False,"[[714, 396], [858, 522], [804, 756], [606, 792]]",,"[[1332, 228]]",,0.38525562800728846,0.2929254318488813
501,2,3,8.341000000000122,,13518,"[954, 270]",False,Left,True,1.0,False,medium,False,"[[726, 390], [870, 516], [816, 750], [618, 786]]",,"[[1344, 222]]",,0.4498561217392461,0.24778101999067048
502,2,3,8.357999999999947,,13518,"[954, 270]",False,Left,True,1.0,False,medium,False,"[[738, 384], [882, 510], [828, 744], [630, 780]]",,"[[1356, 216]]",,0.4498561217392461,0.24778101999067048
503,2,3,8.374000000000024,,13518,"[954, 270]",False,Left,True,1.0,False,medium,False,"[[750, 378], [894, 504], [840, 738], [642, 774]]",,"[[1368, 210]]",,0.45020833310769737,0.25053799049411907
504,2,3,8.391000000000076,,13518,"[954, 270]",False,Left,True,1.0,False,medium,False,"[[762, 372], [906, 498], [852, 732], [654, 768]]",,"[[1380, 204]]",,0.45071139505628804,0.2529476988083218
505,2,3,8.407999999999902,,13518,"[954, 270]",False,Left,True,1.0,False,medium,False,"[[774, 366], [918, 492], [864, 726], [666, 762]]",,"[[1392, 198]]",,0.4516451866912815,0.2546574029574723
506,2,3,8.42599999999993,,13518,"[954, 270]",False,Left,True,1.0,False,medium,False,"[[786, 360], [930, 486], [876, 720], [678, 756]]",,"[[1404, 192]]",,0.45194046765564133,0.2565943294779752
507,2,3,8.442999999999984,,13518,"[954, 270]",False,Left,True,1.0,False,medium,False,"[[798, 354], [942, 480], [888, 714], [690, 750]]",,"[[1416, 186]]",,0.4511021178265204,0.2575037587400705
508,2,3,8.45900000000006,,13518,"[954, 270]",False,Left,True,1.0,False,medium,False,"[[810, 348], [954, 474], [900, 708], [702, 744]]",,"[[1428, 180]]",,0.4508528146433915,0.2577572957280806
509,2,3,8.476000000000113,,13518,"[954, 270]",False,Left,True,1.0,False,medium,False,"[[822, 342], [966, 468], [912, 702], [714, 738]]",,"[[1440, 174]]",,0.45109847064804837,0.2581772661612405
510,2,3,8.491999999999962,,13518,"[954, 270]",False,Left,True,1.0,False,medium,False,"[[834, 336], [978, 462], [924, 696], [726, 732]]",,"[[1452, 168]]",,0.45133546830688537,0.25753807838997067
511,2,3,8.509000000000015,,13518,"[954, 270]",False,Left,True,1.0,False,medium,False,"[[846, 330], [990, 456], [936, 690], [738, 726]]",,"[[1464, 162]]",,0.45092857771712425,0.2574033337187207
512,2,3,8.526000000000067,,13518,"[954, 270]",False,Left,True,1.0,False,medium,False,"[[858, 324], [1002, 450], [948, 684], [750, 720]]",,"[[1476, 156]]",,0.4507251827542792,0.2576681205774477
513,2,3,8.541999999999916,,13518,"[954, 270]",False,,True,1.0,False,medium,False,"[[870, 318], [1014, 444], [960, 678], [762, 714]]",,"[[1482, 150]]",,0.45074578083010897,0.26051667885570295
514,2,3,8.558999999999969,,13518,"[954, 270]",False,,True,1.0,False,medium,False,"[[876, 312], [1020, 438], [966, 672], [768, 708]]",,"[[1488, 144]]",,0.4508193686372805,0.2607071136776752
515,2,3,8.576000000000022,,13518,"[954, 270]",False,Right,True,1.0,False,medium,False,"[[882, 306], [1026, 432], [972, 666], [774, 702]]",,"[[1488, 138]]",,0.38733076075899536,0.29326772182850525
516,2,3,8.592000000000098,,13518,"[954, 270]",False,Right,True,1.0,False,medium,False,"[[882, 300], [1026, 426], [972, 660], [774, 696]]",,"[[1488, 132]]",,0.45086902440441123,0.2647861304195932
517,2,3,8.608999999999924,,13518,"[954, 270]",False,Right,True,1.0,False,medium,False,"[[882, 294], [1026, 420], [972, 654], [774, 690]]",,"[[1488, 126]]",,0.4510272574998438,0.26558724869616335
518,2,3,8.625,,13518,"[954, 270]",False,Right,True,1.0,False,medium,False,"[[882, 288], [1026, 414], [972, 648], [774, 684]]",,"[[1488, 120]]",,0.4479393885271553,0.270682357139148
519,2,3,8.642000000000053,,13518,"[954, 270]",False,Right,True,1.0,False,medium,False,"[[882, 282], [1026, 408], [972, 642], [774, 678]]",,"[[1488, 114]]",,0.4451858708138623,0.2713596721756062
520,2,3,8.659000000000106,,13518,"[954, 270]",False,Right,True,1.0,False,medium,False,"[[882, 276], [1026, 402], [972, 636], [774, 672]]",,"[[1488, 108]]",,0.38114098249647727,0.2933771141216259
521,2,3,8.67599999999993,,13518,"[954, 270]",False,Right,True,1.0,False,medium,False,"[[882, 270], [1026, 396], [972, 630], [774, 666]]",,"[[1488, 102]]",,0.44258110623215535,0.26913679540665914
522,2,3,8.692999999999984,,13518,"[954, 270]",False,Right,True,1.0,False,medium,False,"[[882, 264], [1026, 390], [972, 624], [774, 660]]",,"[[1488, 96]]",,0.441647968200831,0.2690463441315998
523,2,3,8.70900000000006,,13518,"[954, 270]",False,Right,True,1.0,False,medium,False,"[[882, 258], [1026, 384], [972, 618], [774, 654]]",,"[[1488, 90]]",,0.44092789229777907,0.26970435070739085
524,2,3,8.724999999999909,,13518,"[954, 270]",False,Right,True,1.0,False,medium,False,"[[882, 252], [1026, 378], [972, 612], [774, 648]]",,"[[1488, 84]]",,0.44205566434128646,0.2705613370124894
525,2,3,8.741999999999962,,13518,"[954, 270]",False,Right,True,1.0,False,medium,False,"[[882, 246], [1026, 372], [972, 606], [774, 642]]",,"[[1488, 78]]",,0.44179539557794695,0.27061817041001646
526,2,3,8.758000000000038,,13518,"[954, 270]",False,Right,True,1.0,False,medium,False,"[[882, 240], [1026, 366], [972, 600], [774, 636]]",,"[[1488, 72]]",,0.4416766604785556,0.2716382353496959
527,2,3,8.774000000000115,,13518,"[954, 270]",False,Right,True,1.0,False,medium,False,"[[882, 234], [1026, 360], [972, 594], [774, 630]]",,"[[1488, 66]]",,0.442037500507867,0.27151828385244126
528,2,3,8.79099999999994,,13518,"[954, 270]",False,Right,True,1.0,False,medium,False,"[[882, 228], [1026, 354], [972, 588], [774, 624]]",,"[[1488, 60]]",,0.442935223439632,0.2722566734071302
529,2,3,8.807000000000016,,13518,"[954, 270]",False,Right,True,1.0,False,medium,False,"[[882, 222], [1026, 348], [972, 582], [774, 618]]",,"[[1488, 54]]",,0.442935223439632,0.2722566734071302
530,2,3,8.82400000000007,,13518,"[954, 270]",False,Right,True,1.0,False,medium,False,"[[882, 216], [1026, 342], [972, 576], [774, 612]]",,"[[1488, 48]]",,0.4481517586060527,0.30520977579494024
531,2,3,8.841000000000122,,13518,"[954, 270]",False,Right,True,1.0,False,medium,False,"[[882, 210], [1026, 336], [972, 570], [774, 606]]",,"[[1488, 42]]",,0.44806079057410503,0.305027394452306
532,2,3,8.857999999999947,,13518,"[954, 270]",False,Right,True,1.0,False,medium,False,"[[882, 204], [1026, 330], [972, 564], [774, 600]]",,"[[1488, 36]]",,0.4478671283519575,0.30550129092047273
533,2,3,8.875,,13518,"[954, 270]",False,Right,True,1.0,False,medium,False,"[[882, 198], [1026, 324], [972, 558], [774, 594]]",,"[[1488, 30]]",,0.4471036842855227,0.3055940719333792
534,2,3,8.891000000000076,,13518,"[954, 270]",False,Right,True,1.0,False,medium,False,"[[882, 192], [1026, 318], [972, 552], [774, 588]]",,"[[1488, 24]]",,0.4468303420512689,0.3067839961263533
535,2,3,8.907999999999902,,13518,"[954, 270]",False,Right,True,1.0,False,medium,False,"[[882, 186], [1026, 312], [972, 546], [774, 582]]",,"[[1488, 18]]",,0.4468303420512689,0.3067839961263533
536,2,3,8.923999999999978,,13518,"[954, 270]",False,Right,True,1.0,False,medium,False,"[[882, 180], [1026, 306], [972, 540], [774, 576], [1062, 810]]",,"[[1488, 12]]",,0.447261153058942,0.3084999934262107
537,2,3,8.941000000000031,,13518,"[954, 270]",False,Right,True,1.0,False,medium,False,"[[882, 174], [1026, 300], [972, 534], [774, 570], [1062, 804]]",,"[[1488, 6]]",,0.447536994501636,0.30871236485449693
538,2,3,8.957000000000107,,13518,"[954, 270]",False,Right,True,0.0,False,medium,False,"[[882, 168], [1026, 294], [972, 528], [774, 564], [1062, 798]]",,"[[1488, 0]]",,0.4474617132651387,0.3085313062645717
539,2,3,8.973999999999933,,13518,"[954, 270]",False,Right,True,0.0,False,medium,False,"[[882, 162], [1026, 288], [972, 522], [774, 558], [1062, 792]]",,[],,0.44802789576208585,0.3090463890258963
540,2,3,8.990999999999985,,13518,"[954, 270]",False,Right,True,0.0,False,medium,False,"[[876, 156], [1020, 282], [966, 516], [768, 552], [1056, 786]]",,[],,0.44819577468013927,0.30974475697029114
541,2,3,9.008000000000038,,13518,"[954, 270]",False,Right,True,0.0,False,medium,False,"[[870, 150], [1014, 276], [960, 510], [762, 546], [1050, 780]]",,[],,0.44749281326489976,0.310383573737962
542,2,3,9.025000000000091,,13518,"[954, 270]",False,Right,True,0.0,False,medium,False,"[[864, 144], [1008, 270], [954, 504], [756, 540], [1044, 774]]",,[],,0.4534107598877194,0.2993732878443812
543,2,3,9.04099999999994,,13518,"[954, 270]",False,Right,True,0.0,False,medium,False,"[[858, 138], [1002, 264], [948, 498], [750, 534], [1038, 768]]",,[],,0.45314713443627375,0.2996001220591086
544,2,3,9.057999999999993,,13518,"[954, 270]",False,Right,True,0.0,False,medium,False,"[[852, 132], [996, 258], [942, 492], [744, 528], [1032, 762]]",,[],,0.45290258604034,0.29926771715710854
545,2,3,9.075000000000045,,13518,"[954, 270]",False,Right,True,0.0,False,medium,False,"[[846, 126], [990, 252], [936, 486], [738, 522], [1026, 756]]",,[],,0.45290258604034,0.29926771715710854
546,2,3,9.091000000000122,,13518,"[954, 270]",False,Right,True,0.0,False,medium,False,"[[840, 120], [984, 246], [930, 480], [732, 516], [1020, 750]]",,[],,0.4544851081810001,0.3021014377217309
547,2,3,9.106999999999971,,13518,"[954, 270]",False,Right,True,0.0,False,medium,False,"[[834, 114], [978, 240], [924, 474], [726, 510], [1014, 744]]",,[],,0.4544851081810001,0.3021014377217309
548,2,3,9.124000000000024,,13518,"[954, 270]",False,Right,True,0.0,False,medium,False,"[[828, 108], [972, 234], [918, 468], [720, 504], [1008, 738]]",,[],,0.45446848551854757,0.3045564517021493
549,2,3,9.143000000000029,,13518,"[954, 270]",False,Right,True,0.0,False,medium,False,"[[822, 102], [966, 228], [912, 462], [714, 498], [1002, 732]]",,[],,0.45435417941965384,0.30497504141407783
550,2,3,9.159000000000106,,13518,"[954, 270]",False,Right,True,0.0,False,medium,False,"[[816, 96], [960, 222], [906, 456], [708, 492], [996, 726]]",,[],,0.4552379152796475,0.30722730513691
551,2,3,9.174999999999955,,13518,"[954, 270]",False,Right,True,0.0,False,medium,False,"[[810, 90], [954, 216], [900, 450], [702, 486], [990, 720]]",,[],,0.4552379152796475,0.30722730513691
552,2,3,9.191000000000031,,13518,"[954, 270]",False,Right,True,0.0,False,medium,False,"[[804, 84], [948, 210], [894, 444], [696, 480], [984, 714]]",,[],,0.45583325886214016,0.3103066852338343
553,2,3,9.20900000000006,,13518,"[954, 270]",False,Right,True,0.0,False,medium,False,"[[798, 78], [942, 204], [888, 438], [690, 474], [978, 708]]",,[],,0.45583325886214016,0.3103066852338343
554,2,3,9.224999999999909,,13518,"[954, 270]",False,Right,True,0.0,False,medium,False,"[[792, 72], [936, 198], [882, 432], [684, 468], [972, 702]]",,[],,0.4571101588974858,0.3134631079691431
555,2,3,9.240999999999985,,13518,"[954, 270]",False,Right,True,0.0,False,medium,False,"[[786, 66], [930, 192], [876, 426], [678, 462], [966, 696]]",,[],,0.3857190965200389,0.3047570745217937
556,2,3,9.257000000000062,,13518,"[954, 270]",False,Right,True,0.0,False,medium,False,"[[780, 60], [924, 186], [870, 420], [672, 456], [960, 690]]",,[],,0.4569531491027596,0.3150122027846549
557,2,3,9.27299999999991,,13518,"[954, 270]",False,Right,True,0.0,False,medium,False,"[[774, 54], [918, 180], [864, 414], [666, 450], [954, 684]]",,[],,0.4569531491027596,0.3150122027846549
558,2,3,9.288999999999987,,13518,"[954, 270]",False,Right,True,0.0,False,medium,False,"[[768, 48], [912, 174], [858, 408], [660, 444], [948, 678]]",,[],,0.45652663463116133,0.31796920032804754
559,2,3,9.307000000000016,,13518,"[954, 270]",False,Right,True,0.0,False,medium,False,"[[762, 42], [906, 168], [852, 402], [654, 438], [942, 672]]",,[],,0.45652663463116133,0.31796920032804754
560,2,3,9.322000000000116,,13518,"[954, 270]",False,Right,True,0.0,False,medium,False,"[[756, 36], [900, 162], [846, 396], [648, 432], [936, 666]]",,[],,0.4558525935873704,0.31790829561041645
561,2,3,9.339999999999918,,13518,"[954, 270]",False,Right,True,0.0,False,medium,False,"[[750, 30], [894, 156], [840, 390], [642, 426], [930, 660]]",,[],,0.4558525935873704,0.31790829561041645
562,2,3,9.355999999999995,,13518,"[954, 270]",False,Right,True,0.0,False,medium,False,"[[744, 24], [888, 150], [834, 384], [636, 420], [924, 654]]",,[],,0.45566712049989044,0.3188229847947842
563,2,3,9.374000000000024,,13518,"[954, 270]",False,Right,True,0.0,False,medium,False,"[[738, 18], [882, 144], [828, 378], [630, 414], [918, 648]]",,[],,0.45566712049989044,0.3188229847947842
564,2,3,9.389000000000124,,13518,"[954, 270]",False,Right,True,0.0,False,medium,False,"[[732, 12], [876, 138], [822, 372], [624, 408], [912, 642]]",,[],,0.4559180835347979,0.3196739973697491
565,2,3,9.406999999999925,,13518,"[954, 270]",False,Right,True,0.0,False,medium,False,"[[726, 6], [870, 132], [816, 366], [618, 402], [906, 636]]",,[],,0.4559180835347979,0.3196739973697491
566,2,3,9.423000000000002,,13518,"[954, 270]",False,Right,True,0.0,False,medium,False,"[[720, 0], [864, 126], [810, 360], [612, 396], [900, 630]]",,[],,0.4558877055142281,0.32099963298923173
567,2,3,9.439000000000078,,13518,"[954, 270]",False,Right,True,0.0,False,medium,False,"[[858, 120], [804, 354], [606, 390], [894, 624]]",,[],,0.4558877055142281,0.32099963298923173
568,2,3,9.454999999999927,,13518,"[954, 270]",False,Right,True,0.0,False,medium,False,"[[852, 114], [798, 348], [600, 384], [888, 618]]",,[],,0.45452951970714517,0.3212440808224636
569,2,3,9.471000000000004,,13518,"[954, 270]",False,Right,True,0.0,False,medium,False,"[[846, 108], [792, 342], [594, 378], [882, 612], [990, 810]]",,[],,0.45452951970714517,0.3212440808224636
570,2,3,9.488000000000056,,13518,"[954, 270]",False,Right,True,0.0,False,medium,False,"[[840, 102], [786, 336], [588, 372], [876, 606], [984, 804]]",,[],,0.45556980137904207,0.275101071326866
571,2,3,9.503999999999905,,13518,"[954, 270]",False,Right,True,0.0,False,medium,False,"[[834, 96], [780, 330], [582, 366], [870, 600], [978, 798]]",,[],,0.45556980137904207,0.275101071326866
572,2,3,9.520999999999958,,13518,"[954, 270]",False,Right,True,0.0,False,medium,False,"[[828, 90], [774, 324], [576, 360], [864, 594], [972, 792]]",,[],,0.4473138740753543,0.3134521942080294
573,2,3,9.538000000000011,,13518,"[954, 270]",False,Right,True,0.0,False,medium,False,"[[822, 84], [768, 318], [570, 354], [858, 588], [966, 786]]",,[],,0.4473138740753543,0.3134521942080294
574,2,3,9.553000000000111,,13518,"[954, 270]",False,Right,True,0.0,False,medium,False,"[[816, 78], [762, 312], [564, 348], [852, 582], [960, 780]]",,[],,0.4491597835039213,0.30582425784990563
575,2,3,9.56899999999996,,13518,"[954, 270]",False,Right,True,0.0,False,medium,False,"[[810, 72], [756, 306], [558, 342], [846, 576], [954, 774]]",,[],,0.4491597835039213,0.30582425784990563
576,2,3,9.586000000000013,,13518,"[954, 270]",False,Right,True,0.0,False,medium,False,"[[804, 66], [750, 300], [552, 336], [840, 570], [948, 768]]",,[],,0.4612448153800076,0.27594720831068587
577,2,3,9.60200000000009,,13518,"[954, 270]",False,Right,True,0.0,False,medium,False,"[[798, 60], [744, 294], [546, 330], [834, 564], [942, 762]]",,[],,0.4612448153800076,0.27594720831068587
578,2,3,9.618999999999915,,13518,"[954, 270]",False,Right,True,0.0,False,medium,False,"[[792, 54], [738, 288], [540, 324], [828, 558], [936, 756]]",,[],,0.45972225305655723,0.2777728744175292
579,2,3,9.635999999999967,,13518,"[954, 270]",False,Right,True,0.0,False,medium,False,"[[786, 48], [732, 282], [534, 318], [822, 552], [930, 750]]",,[],,0.45922341589379095,0.278887752134788
580,2,3,9.652000000000044,,13518,"[954, 270]",False,Right,True,0.0,False,medium,False,"[[780, 42], [726, 276], [528, 312], [816, 546], [924, 744]]",,[],,0.45767757300842,0.28070239951216025
581,2,3,9.669000000000096,,13518,"[954, 270]",False,,True,0.0,False,medium,False,"[[774, 36], [720, 270], [522, 306], [810, 540], [918, 738]]",,[],,0.45767757300842,0.28070239951216025
582,2,3,9.684999999999945,,13518,"[954, 270]",False,,True,0.0,False,medium,False,"[[774, 30], [720, 264], [522, 300], [810, 534], [918, 732]]",,[],,0.45687761114359693,0.2836430837327495
583,2,3,9.701000000000022,,13518,"[954, 270]",False,,True,0.0,False,medium,False,"[[774, 24], [720, 258], [522, 294], [810, 528], [918, 726]]",,[],,0.45687761114359693,0.2836430837327495
584,2,3,9.717000000000098,,13518,"[954, 270]",False,,True,0.0,False,medium,False,"[[774, 18], [720, 252], [522, 288], [810, 522], [918, 720]]",,[],,0.45626024923286224,0.28452074627888446
585,2,3,9.733999999999924,,13518,"[954, 270]",False,,True,0.0,False,medium,False,"[[774, 12], [720, 246], [522, 282], [810, 516], [918, 714]]",,[],,0.4564424974484681,0.2875878612007674
586,2,3,9.750999999999976,,13518,"[954, 270]",False,,True,0.0,False,medium,False,"[[774, 6], [720, 240], [522, 276], [810, 510], [918, 708]]",,[],,0.4565967188799161,0.2895572882670904
587,2,3,9.768000000000029,,13518,"[954, 270]",False,,True,0.0,False,medium,False,"[[774, 0], [720, 234], [522, 270], [810, 504], [918, 702]]",,[],,0.4565967188799161,0.2895572882670904
588,2,3,9.785000000000082,,13518,"[954, 270]",False,,True,0.0,False,medium,False,"[[720, 228], [522, 264], [810, 498], [918, 696]]",,[],,0.45560226642478974,0.28965768806022196
589,2,3,9.80099999999993,,13518,"[954, 270]",False,,True,0.0,False,medium,False,"[[720, 222], [522, 258], [810, 492], [918, 690]]",,[],,0.45560226642478974,0.28965768806022196
590,2,3,9.817000000000007,,13518,"[954, 270]",False,,True,0.0,False,medium,False,"[[720, 216], [522, 252], [810, 486], [918, 684]]",,[],,0.4546039344789291,0.29042283678838343
591,2,3,9.83400000000006,,13518,"[954, 270]",False,,True,0.0,False,medium,False,"[[720, 210], [522, 246], [810, 480], [918, 678]]",,[],,0.4537472315340286,0.2913733347275542
592,2,3,9.851000000000113,,13518,"[954, 270]",False,,True,0.0,False,medium,False,"[[720, 204], [522, 240], [810, 474], [918, 672]]",,[],,0.45177240928724743,0.29078938068890936
593,2,3,9.866999999999962,,13518,"[954, 270]",False,,True,0.0,False,medium,False,"[[720, 198], [522, 234], [810, 468], [918, 666]]",,[],,0.45177240928724743,0.29078938068890936
594,2,3,9.883000000000038,,13518,"[954, 270]",False,,True,0.0,False,medium,False,"[[720, 192], [522, 228], [810, 462], [918, 660]]",,[],,0.45109107767052237,0.29207837658991387
595,2,3,9.900000000000091,,13518,"[954, 270]",False,,True,0.0,False,medium,False,"[[720, 186], [522, 222], [810, 456], [918, 654]]",,[],,0.4510343174569435,0.29479901077842785
596,2,3,9.916999999999916,,13518,"[954, 270]",False,,True,0.0,False,medium,False,"[[720, 180], [522, 216], [810, 450], [918, 648]]",,[],,0.4510654945079554,0.29851335376072263
597,2,3,9.933999999999969,,13518,"[954, 270]",False,,True,0.0,False,medium,False,"[[720, 174], [522, 210], [810, 444], [918, 642]]",,[],,0.4510654945079554,0.29851335376072263
598,2,3,9.951999999999998,,13518,"[954, 270]",False,,True,0.0,False,medium,False,"[[720, 168], [522, 204], [810, 438], [918, 636]]",,[],,0.4513469080971526,0.3010324999060875
599,2,3,9.969000000000051,,13518,"[954, 270]",False,,True,0.0,False,medium,False,"[[720, 162], [522, 198], [810, 432], [918, 630]]",,[],,0.4513469080971526,0.3010324999060875
600,2,3,9.986000000000104,,13518,"[954, 270]",False,,True,0.0,False,medium,False,"[[720, 156], [522, 192], [810, 426], [918, 624]]",,[],,0.44873936353120725,0.3036760951198393
601,2,3,10.003999999999905,,13518,"[954, 270]",False,,True,0.0,False,medium,False,"[[720, 150], [522, 186], [810, 420], [918, 618]]",,[],,0.4394889052949994,0.28913792672518623
602,2,3,10.020999999999958,,13518,"[954, 270]",False,,True,0.0,False,medium,False,"[[720, 144], [522, 180], [810, 414], [918, 612]]",,[],,0.4395474398415221,0.2881069897844646
603,2,3,10.036000000000058,,13518,"[954, 270]",False,,True,0.0,False,medium,False,"[[720, 138], [522, 174], [810, 408], [918, 606]]",,[],,0.4395474398415221,0.2881069897844646
604,2,3,10.053000000000111,,13518,"[954, 270]",False,,True,0.0,False,medium,False,"[[720, 132], [522, 168], [810, 402], [918, 600]]",,[],,0.43912788303781225,0.28686430402246166
605,2,3,10.069999999999936,,13518,"[954, 270]",False,,True,0.0,False,medium,False,"[[720, 126], [522, 162], [810, 396], [918, 594]]",,[],,0.43912788303781225,0.28686430402246166
606,2,3,10.086999999999989,,13518,"[954, 270]",False,,True,0.0,False,medium,False,"[[720, 120], [522, 156], [810, 390], [918, 588]]",,[],,0.4382320101534112,0.28733643058945446
607,2,3,10.104000000000042,,13518,"[954, 270]",False,,True,0.0,False,medium,False,"[[720, 114], [522, 150], [810, 384], [918, 582]]",,[],,0.3723917120444037,0.3053555028085613
608,2,3,10.121000000000095,,13518,"[954, 270]",False,,True,0.0,False,medium,False,"[[720, 108], [522, 144], [810, 378], [918, 576]]",,[],,0.43859313295047697,0.2917924907781799
609,2,3,10.13799999999992,,13518,"[954, 270]",False,,True,0.0,False,medium,False,"[[720, 102], [522, 138], [810, 372], [918, 570]]",,[],,0.43859313295047697,0.2917924907781799
610,2,3,10.153999999999996,,13518,"[954, 270]",False,,True,0.0,False,medium,False,"[[720, 96], [522, 132], [810, 366], [918, 564]]",,[],,0.437830479911688,0.29402379291153025
611,2,3,10.17100000000005,,13518,"[954, 270]",False,,True,0.0,False,medium,False,"[[720, 90], [522, 126], [810, 360], [918, 558]]",,[],,0.43782142267756885,0.29463599166338084
612,2,3,10.188000000000102,,13518,"[954, 270]",False,,True,0.0,False,medium,False,"[[720, 84], [522, 120], [810, 354], [918, 552]]",,[],,0.37392057688623326,0.29472354730450734
613,2,3,10.20399999999995,,13518,"[954, 270]",False,,True,0.0,False,medium,False,"[[720, 78], [522, 114], [810, 348], [918, 546]]",,"[[330, 810]]",,0.37392057688623326,0.29472354730450734
614,2,3,10.221000000000004,,13518,"[954, 270]",False,Left,True,0.0,False,medium,False,"[[720, 72], [522, 108], [810, 342], [918, 540]]",,"[[336, 804]]",,0.44109452412978767,0.27728646654393496
615,2,3,10.238000000000056,,13518,"[954, 270]",False,Left,True,0.0,False,medium,False,"[[726, 66], [528, 102], [816, 336], [924, 534]]",,"[[342, 798]]",,0.44109452412978767,0.27728646654393496
616,2,3,10.253999999999905,,13518,"[954, 270]",False,Left,True,0.0,False,medium,False,"[[732, 60], [534, 96], [822, 330], [930, 528]]",,"[[348, 792]]",,0.44064294175480534,0.2738033895899248
617,2,3,10.270999999999958,,13518,"[954, 270]",False,Left,True,0.0,False,medium,False,"[[738, 54], [540, 90], [828, 324], [936, 522]]",,"[[354, 786]]",,0.4403530110462303,0.27401659911217136
618,2,3,10.288000000000011,,13518,"[954, 270]",False,Left,True,0.0,False,medium,False,"[[744, 48], [546, 84], [834, 318], [942, 516]]",,"[[360, 780]]",,0.4404946308202028,0.27233768809036785
619,2,3,10.30600000000004,,13518,"[954, 270]",False,Left,True,0.0,False,medium,False,"[[750, 42], [552, 78], [840, 312], [948, 510]]",,"[[366, 774]]",,0.4404946308202028,0.27233768809036785
620,2,3,10.323000000000093,,13518,"[954, 270]",False,Left,True,0.0,False,medium,False,"[[756, 36], [558, 72], [846, 306], [954, 504]]",,"[[372, 768]]",,0.4420286812380194,0.27522712991384657
621,2,3,10.339999999999918,,13518,"[954, 270]",False,Left,True,0.0,False,medium,False,"[[762, 30], [564, 66], [852, 300], [960, 498]]",,"[[378, 762]]",,0.4420286812380194,0.27522712991384657
622,2,3,10.356999999999971,,13518,"[954, 270]",False,Left,True,0.0,False,medium,False,"[[768, 24], [570, 60], [858, 294], [966, 492]]",,"[[384, 756]]",,0.4423229362735149,0.27742869722271657
623,2,3,10.374000000000024,,13518,"[954, 270]",False,Left,True,0.0,False,medium,False,"[[774, 18], [576, 54], [864, 288], [972, 486]]",,"[[390, 750]]",,0.4423229362735149,0.27742869722271657
624,2,3,10.391000000000076,,13518,"[954, 270]",False,Left,True,0.0,False,medium,False,"[[780, 12], [582, 48], [870, 282], [978, 480]]",,"[[396, 744]]",,0.44221675928727605,0.2791392439144742
625,2,3,10.407999999999902,,13518,"[954, 270]",False,Left,True,0.0,False,medium,False,"[[786, 6], [588, 42], [876, 276], [984, 474]]",,"[[402, 738]]",,0.44221675928727605,0.2791392439144742
626,2,3,10.424999999999955,,13518,"[954, 270]",False,Left,True,0.0,False,medium,False,"[[792, 0], [594, 36], [882, 270], [990, 468]]",,"[[408, 732]]",,0.44369498668659846,0.2840729898742993
627,2,3,10.441000000000031,,13518,"[954, 270]",False,Left,True,0.0,False,medium,False,"[[600, 30], [888, 264], [996, 462]]",,"[[414, 726]]",,0.44369498668659846,0.2840729898742993
628,2,3,10.458000000000084,,13518,"[954, 270]",False,Left,True,0.0,False,medium,False,"[[606, 24], [894, 258], [1002, 456]]",,"[[420, 720]]",,0.3764676686148298,0.2950042942660711
629,2,3,10.472999999999956,,13518,"[954, 270]",False,Left,True,0.0,False,medium,False,"[[612, 18], [900, 252], [1008, 450]]",,"[[426, 714]]",,0.3764676686148298,0.2950042942660711
630,2,3,10.490000000000009,,13518,"[954, 270]",False,Left,True,0.0,False,medium,False,"[[618, 12], [906, 246], [1014, 444]]",,"[[432, 708]]",,0.4465634506902125,0.29159842381451806
631,2,3,10.508000000000038,,13518,"[954, 270]",False,Left,True,0.0,False,medium,False,"[[624, 6], [912, 240], [1020, 438]]",,"[[438, 702]]",,0.4465634506902125,0.29159842381451806
632,2,3,10.524000000000115,,13518,"[954, 270]",False,Left,True,0.0,False,medium,False,"[[630, 0], [918, 234], [1026, 432]]",,"[[444, 696]]",,0.44698986565896864,0.2929878988317933
633,2,3,10.54099999999994,,13518,"[954, 270]",False,Left,True,0.0,False,medium,False,"[[924, 228], [1032, 426]]",,"[[450, 690]]",,0.44698986565896864,0.2929878988317933
634,2,3,10.557000000000016,,13518,"[954, 270]",False,Left,True,0.0,False,medium,False,"[[930, 222], [1038, 420]]",,"[[456, 684]]",,0.44495249549311244,0.31812317884779207
635,2,3,10.573000000000093,,13518,"[954, 270]",False,Left,True,0.0,False,medium,False,"[[936, 216], [1044, 414], [972, 810]]",,"[[462, 678]]",,0.44495249549311244,0.31812317884779207
636,2,3,10.588999999999942,,13518,"[954, 270]",False,Left,True,0.0,False,medium,False,"[[942, 210], [1050, 408], [978, 804]]",,"[[468, 672]]",,0.3771566188759302,0.30599337654825276
637,2,3,10.605999999999995,,13518,"[954, 270]",False,Left,True,0.0,False,medium,False,"[[948, 204], [1056, 402], [984, 798]]",,"[[474, 666]]",,0.44913207355516693,0.29934696577047026
638,2,3,10.623000000000047,,13518,"[954, 270]",False,Left,True,0.0,False,medium,False,"[[954, 198], [1062, 396], [990, 792]]",,"[[480, 660]]",,0.44904867840567153,0.3019612809257437
639,2,3,10.639000000000124,,13518,"[954, 270]",False,Left,True,0.0,False,medium,False,"[[960, 192], [1068, 390], [996, 786]]",,"[[486, 654]]",,0.44904867840567153,0.3019612809257437
640,2,3,10.655999999999949,,13518,"[954, 270]",False,Left,True,0.0,False,medium,False,"[[966, 186], [1074, 384], [1002, 780]]",,"[[492, 648]]",,0.44815506491936763,0.30435131606357857
641,2,3,10.672000000000025,,13518,"[954, 270]",False,Left,True,0.0,False,medium,False,"[[972, 180], [1080, 378], [1008, 774]]",,"[[498, 642]]",,0.44815506491936763,0.30435131606357857
642,2,3,10.689000000000078,,13518,"[954, 270]",False,Left,True,0.0,False,medium,False,"[[978, 174], [1086, 372], [1014, 768]]",,"[[504, 636]]",,0.4475206802336764,0.3052143660937182
643,2,3,10.704999999999927,,13518,"[954, 270]",False,Left,True,0.0,False,medium,False,"[[984, 168], [1092, 366], [1020, 762]]",,"[[510, 630]]",,0.3783068591458275,0.306168664233886
644,2,3,10.72199999999998,,13518,"[954, 270]",False,Left,True,0.0,False,medium,False,"[[990, 162], [1098, 360], [1026, 756]]",,"[[516, 624]]",,0.44811296092333314,0.306829168742198
645,2,3,10.739000000000033,,13518,"[954, 270]",False,Left,True,0.0,False,medium,False,"[[996, 156], [1104, 354], [1032, 750]]",,"[[522, 618]]",,0.44811296092333314,0.306829168742198
646,2,3,10.757000000000062,,13518,"[954, 270]",False,,True,0.0,False,medium,False,"[[1002, 150], [1110, 348], [1038, 744]]",,"[[522, 612]]",,0.44833380302201886,0.30745092991426237
647,2,3,10.774000000000115,,13518,"[954, 270]",False,,True,0.0,False,medium,False,"[[1002, 144], [1110, 342], [1038, 738]]",,"[[522, 606]]",,0.44833380302201886,0.30745092991426237
648,2,3,10.79099999999994,,13518,"[954, 270]",False,,True,0.0,False,medium,False,"[[1002, 138], [1110, 336], [1038, 732]]",,"[[522, 600]]",,0.42877362628051346,0.28857460562386683
649,2,3,10.807999999999993,,13518,"[954, 270]",False,,True,0.0,False,medium,False,"[[1002, 132], [1110, 330], [1038, 726]]",,"[[522, 594]]",,0.42569923019255684,0.284734755819668
650,2,3,10.825000000000045,,13518,"[954, 270]",False,,True,0.0,False,medium,False,"[[1002, 126], [1110, 324], [1038, 720]]",,"[[522, 588]]",,0.4247429318413509,0.2812660747453666
651,2,3,10.841000000000122,,13518,"[954, 270]",False,,True,0.0,False,medium,False,"[[1002, 120], [1110, 318], [1038, 714]]",,"[[522, 582]]",,0.4247429318413509,0.2812660747453666
652,2,3,10.857999999999947,,13518,"[954, 270]",False,,True,0.0,False,medium,False,"[[1002, 114], [1110, 312], [1038, 708]]",,"[[522, 576]]",,0.42411210957173295,0.27851525729483895
653,2,3,10.875,,13518,"[954, 270]",False,,True,0.0,False,medium,False,"[[1002, 108], [1110, 306], [1038, 702]]",,"[[522, 570]]",,0.42308633256006123,0.2741875921635972
654,2,3,10.892000000000053,,13518,"[954, 270]",False,,True,0.0,False,medium,False,"[[1002, 102], [1110, 300], [1038, 696]]",,"[[522, 564]]",,0.42552266643280284,0.2742843028213411
655,2,3,10.907999999999902,,13518,"[954, 270]",False,,True,0.0,False,medium,False,"[[1002, 96], [1110, 294], [1038, 690]]",,"[[522, 558]]",,0.42552266643280284,0.2742843028213411
656,2,3,10.923999999999978,,13518,"[954, 270]",False,,True,0.0,False,medium,False,"[[1002, 90], [1110, 288], [1038, 684]]",,"[[522, 552]]",,0.42581702625475903,0.2761754405308777
657,2,3,10.941000000000031,,13518,"[954, 270]",False,Left,True,0.0,False,medium,False,"[[1002, 84], [1110, 282], [1038, 678]]",,"[[528, 546]]",,0.42581702625475903,0.2761754405308777
658,2,3,10.958000000000084,,13518,"[954, 270]",False,Left,True,0.0,False,medium,False,"[[1008, 78], [1116, 276], [1044, 672]]",,"[[534, 540]]",,0.4268795722083209,0.2796707295154396
659,2,3,10.973999999999933,,13518,"[954, 270]",False,Left,True,0.0,False,medium,False,"[[1014, 72], [1122, 270], [1050, 666]]",,"[[540, 534]]",,0.42710262694814355,0.2810393820566651
660,2,3,10.990999999999985,,13518,"[954, 270]",False,Left,True,0.0,False,medium,False,"[[1020, 66], [1128, 264], [1056, 660]]",,"[[546, 528]]",,0.42867358567598846,0.28283644240767225
661,2,3,11.007000000000062,,13518,"[954, 270]",False,Left,True,0.0,False,medium,False,"[[1026, 60], [1134, 258], [1062, 654]]",,"[[552, 522]]",,0.42867358567598846,0.28283644240767225
662,2,3,11.024000000000115,,13518,"[954, 270]",False,Left,True,0.0,False,medium,False,"[[1032, 54], [1140, 252], [1068, 648]]",,"[[558, 516]]",,0.42829089745363014,0.2846199570486607
663,2,3,11.04099999999994,,13518,"[954, 270]",False,Left,True,0.0,False,medium,False,"[[1038, 48], [1146, 246], [1074, 642]]",,"[[564, 510]]",,0.42829089745363014,0.2846199570486607
664,2,3,11.057999999999993,,13518,"[954, 270]",False,Left,True,0.0,False,medium,False,"[[1044, 42], [1152, 240], [1080, 636]]",,"[[570, 504]]",,0.42578504437962683,0.31253498518648726
665,2,3,11.075000000000045,,13518,"[954, 270]",False,Left,True,0.0,False,medium,False,"[[1050, 36], [1158, 234], [1086, 630]]",,"[[576, 498]]",,0.43025075478243496,0.28244846201896223
666,2,3,11.091000000000122,,13518,"[954, 270]",False,Left,True,0.0,False,medium,False,"[[1056, 30], [1164, 228], [1092, 624]]",,"[[582, 492]]",,0.4383514929965499,0.2572976854238984
667,2,3,11.107999999999947,,13518,"[954, 270]",False,Left,True,0.0,False,medium,False,"[[1062, 24], [1170, 222], [1098, 618]]",,"[[588, 486]]",,0.4383792388712564,0.2581410771529703
668,2,3,11.124000000000024,,13518,"[954, 270]",False,Left,True,0.0,False,medium,False,"[[1068, 18], [1176, 216], [1104, 612]]",,"[[594, 480]]",,0.4383078846472751,0.2565823949362681
669,2,3,11.141000000000076,,13518,"[954, 270]",False,Left,True,0.0,False,medium,False,"[[1074, 12], [1182, 210], [1110, 606]]",,"[[600, 474]]",,0.4377836857564854,0.25687004872334274
670,2,3,11.157999999999902,,13518,"[954, 270]",False,Left,True,0.0,False,medium,False,"[[1080, 6], [1188, 204], [1116, 600]]",,"[[606, 468]]",,0.4398052885121281,0.2560793575655539
671,2,3,11.174999999999955,,13518,"[954, 270]",False,Left,True,0.0,False,medium,False,"[[1086, 0], [1194, 198], [1122, 594]]",,"[[612, 462]]",,0.43987090718642985,0.25694128427508345
672,2,3,11.194999999999936,,13518,"[954, 270]",False,Left,True,0.0,False,medium,False,"[[1200, 192], [1128, 588]]",,"[[618, 456]]",,0.4403255318186153,0.25882731493721456
673,2,3,11.211000000000013,,13518,"[954, 270]",False,Left,True,0.0,False,medium,False,"[[1206, 186], [1134, 582]]",,"[[624, 450]]",,0.4403255318186153,0.25882731493721456
674,2,3,11.22700000000009,,13518,"[954, 270]",False,,True,0.0,False,medium,False,"[[1212, 180], [1140, 576]]",,"[[624, 444]]",,0.4425637380223428,0.2628017249907295
675,2,3,11.243999999999915,,13518,"[954, 270]",False,,True,0.0,False,medium,False,"[[1212, 174], [1140, 570]]",,"[[624, 438]]",,0.44289626755803385,0.2640859293684261
676,2,3,11.261999999999944,,13518,"[954, 270]",False,,True,0.0,False,medium,False,"[[1212, 168], [1140, 564]]",,"[[624, 432]]",,0.44462469680179284,0.26593063685618057
677,2,3,11.278999999999996,,13518,"[954, 270]",False,,True,0.0,False,medium,False,"[[1212, 162], [1140, 558]]",,"[[624, 426]]",,0.44462469680179284,0.26593063685618057
678,2,3,11.295000000000073,,13518,"[954, 270]",False,,True,0.0,False,medium,False,"[[1212, 156], [1140, 552]]",,"[[624, 420]]",,0.37825833341074205,0.28523027232080467
679,2,3,11.312000000000126,,13518,"[954, 270]",False,,True,0.0,False,medium,False,"[[1212, 150], [1140, 546]]",,"[[624, 414]]",,0.37825833341074205,0.28523027232080467
680,2,3,11.32899999999995,,13518,"[954, 270]",False,,True,0.0,False,medium,False,"[[1212, 144], [1140, 540]]",,"[[624, 408]]",,0.44575049898804703,0.2698952741845867
681,2,3,11.346000000000004,,13518,"[954, 270]",False,,True,0.0,False,medium,False,"[[1212, 138], [1140, 534]]",,"[[624, 402]]",,0.44575049898804703,0.2698952741845867
682,2,3,11.363000000000056,,13518,"[954, 270]",False,,True,0.0,False,medium,False,"[[1212, 132], [1140, 528]]",,"[[624, 396]]",,0.4472481182709845,0.2709588460295568
683,2,3,11.378999999999905,,13518,"[954, 270]",False,,True,0.0,False,medium,False,"[[1212, 126], [1140, 522], [1212, 810]]",,"[[624, 390]]",,0.4472481182709845,0.2709588460295568
684,2,3,11.394999999999982,,13518,"[954, 270]",False,,True,0.0,False,medium,False,"[[1212, 120], [1140, 516], [1212, 804]]",,"[[624, 384]]",,0.4478711028328915,0.2738127014808842
685,2,3,11.412000000000035,,13518,"[954, 270]",False,,True,0.0,False,medium,False,"[[1212, 114], [1140, 510], [1212, 798]]",,"[[624, 378]]",,0.4478711028328915,0.2738127014808842
686,2,3,11.429000000000087,,13518,"[954, 270]",False,Left,True,0.0,False,medium,False,"[[1212, 108], [1140, 504], [1212, 792]]",,"[[630, 372]]",,0.4475634494215247,0.27706463335266973
687,2,3,11.44399999999996,,13518,"[954, 270]",False,Left,True,0.0,False,medium,False,"[[1218, 102], [1146, 498], [1218, 786]]",,"[[636, 366]]",,0.4475634494215247,0.27706463335266973
688,2,3,11.461000000000013,,13518,"[954, 270]",False,Left,True,0.0,False,medium,False,"[[1224, 96], [1152, 492], [1224, 780]]",,"[[642, 360]]",,0.4478576487118945,0.2786423166885701
689,2,3,11.47700000000009,,13518,"[954, 270]",False,Left,True,0.0,False,medium,False,"[[1230, 90], [1158, 486], [1230, 774], [1392, 810]]",,"[[648, 354]]",,0.4478576487118945,0.2786423166885701
690,2,3,11.492999999999938,,13518,"[954, 270]",False,Left,True,0.0,False,medium,False,"[[1236, 84], [1164, 480], [1236, 768], [1398, 804]]",,"[[654, 348]]",,0.5197190448492657,0.2616616583451361
691,2,3,11.509999999999991,,13518,"[954, 270]",False,Left,True,0.0,False,medium,False,"[[1242, 78], [1170, 474], [1242, 762], [1404, 798]]",,"[[660, 342]]",,0.46217348234745287,0.27127334030385586
692,2,3,11.526000000000067,,13518,"[954, 270]",False,Left,True,0.0,False,medium,False,"[[1248, 72], [1176, 468], [1248, 756], [1410, 792]]",,"[[666, 336]]",,0.4476531841685757,0.2024736233255977
693,2,3,11.541999999999916,,13518,"[954, 270]",False,Left,True,0.0,False,medium,False,"[[1254, 66], [1182, 462], [1254, 750], [1416, 786]]",,"[[672, 330]]",,0.44907532954974994,0.19751253083041653
694,2,3,11.558999999999969,,13518,"[954, 270]",False,Left,True,0.0,False,medium,False,"[[1260, 60], [1188, 456], [1260, 744], [1422, 780]]",,"[[678, 324]]",,0.45177585373983736,0.19256056297155288
695,2,3,11.576000000000022,,13518,"[954, 270]",False,Left,True,0.0,False,medium,False,"[[1266, 54], [1194, 450], [1266, 738], [1428, 774], [906, 810]]",,"[[684, 318]]",,0.45177585373983736,0.19256056297155288
696,2,3,11.593000000000075,,13518,"[954, 270]",False,Left,True,0.0,False,medium,False,"[[1272, 48], [1200, 444], [1272, 732], [1434, 768], [912, 804]]",,"[[690, 312]]",,0.452663854019418,0.1862862915986565
697,2,3,11.607999999999947,,13518,"[954, 270]",False,Left,True,-1.0,False,medium,False,"[[1278, 42], [1206, 438], [1278, 726], [1440, 762], [918, 798]]",,"[[696, 306]]",,0.453293662430141,0.18527769894546398
698,2,3,11.624000000000024,,13518,"[954, 270]",False,Left,True,-1.0,False,medium,False,"[[1284, 36], [1212, 432], [1284, 720], [1446, 756], [924, 792]]",,"[[696, 300]]",,0.45402141386040273,0.18712137637666237
699,2,3,11.6400000000001,,13518,"[954, 270]",False,Left,True,-1.0,False,medium,False,"[[1284, 30], [1212, 426], [1284, 714], [1446, 750], [924, 786]]",,"[[696, 294]]",,0.4543889368573937,0.1894323937979413
700,2,3,11.655999999999949,,13518,"[954, 270]",False,Left,True,-1.0,False,medium,False,"[[1284, 24], [1212, 420], [1284, 708], [1446, 744], [924, 780]]",,"[[696, 288]]",,0.45328919409142143,0.1887366589870414
701,2,3,11.672000000000025,,13518,"[954, 270]",False,Left,True,-1.0,False,medium,False,"[[1284, 18], [1212, 414], [1284, 702], [1446, 738], [924, 774]]",,"[[696, 282]]",,0.4547361963050379,0.1933748455968013
702,2,3,11.688000000000102,,13518,"[954, 270]",False,Left,True,-1.0,False,medium,False,"[[1284, 12], [1212, 408], [1284, 696], [1446, 732], [924, 768]]",,"[[696, 276]]",,0.4548351920288153,0.19355979726638184
703,2,3,11.704999999999927,,13518,"[954, 270]",False,Left,True,-1.0,False,medium,False,"[[1284, 6], [1212, 402], [1284, 690], [1446, 726], [924, 762]]",,"[[696, 270]]",,0.4551527344936937,0.19638961683425116
704,2,3,11.72199999999998,,13518,"[954, 270]",False,Left,True,-1.0,False,medium,False,"[[1284, 0], [1212, 396], [1284, 684], [1446, 720], [924, 756]]",,"[[696, 264]]",,0.4560106794778679,0.19699671840188238
705,2,3,11.739000000000033,,13518,"[954, 270]",False,Left,True,-1.0,False,medium,False,"[[1212, 390], [1284, 678], [1446, 714], [924, 750]]",,"[[696, 258]]",,0.45615288385727676,0.2006142982064003
706,2,3,11.756000000000085,,13518,"[954, 270]",False,Left,True,-1.0,False,medium,False,"[[1212, 384], [1284, 672], [1446, 708], [924, 744]]",,"[[696, 252]]",,0.45575487387281094,0.20128151545628692
707,2,3,11.77299999999991,,13518,"[954, 270]",False,Left,True,-1.0,False,medium,False,"[[1212, 378], [1284, 666], [1446, 702], [924, 738]]",,"[[696, 246]]",,0.455982166580519,0.20277753005642907
708,2,3,11.789999999999964,,13518,"[954, 270]",False,Left,True,-1.0,False,medium,False,"[[1212, 372], [1284, 660], [1446, 696], [924, 732]]",,"[[696, 240]]",,0.4557609528944465,0.20405321484438055
709,2,3,11.807000000000016,,13518,"[954, 270]",False,Left,True,-1.0,False,medium,False,"[[1212, 366], [1284, 654], [1446, 690], [924, 726]]",,"[[696, 234]]",,0.4554342266725856,0.20506720453995042
710,2,3,11.823000000000093,,13518,"[954, 270]",False,Left,True,-1.0,False,medium,False,"[[1212, 360], [1284, 648], [1446, 684], [924, 720]]",,"[[696, 228]]",,0.4555665266133616,0.20639253072803487
711,2,3,11.838999999999942,,13518,"[954, 270]",False,Left,True,-1.0,False,medium,False,"[[1212, 354], [1284, 642], [1446, 678], [924, 714]]",,"[[696, 222]]",,0.4565059409296815,0.20939011596079493
712,2,3,11.855999999999995,,13518,"[954, 270]",False,Left,True,-1.0,False,medium,False,"[[1212, 348], [1284, 636], [1446, 672], [924, 708]]",,"[[696, 216]]",,0.45642198757696617,0.21010387093771132
713,2,3,11.873000000000047,,13518,"[954, 270]",False,Left,True,-1.0,False,medium,False,"[[1212, 342], [1284, 630], [1446, 666], [924, 702]]",,"[[696, 210]]",,0.45715775981764367,0.21312730183527673
714,2,3,11.8900000000001,,13518,"[954, 270]",False,Left,True,-1.0,False,medium,False,"[[1212, 336], [1284, 624], [1446, 660], [924, 696]]",,"[[696, 204]]",,0.45720850451853945,0.21446133698986913
715,2,3,11.904999999999973,,13518,"[954, 270]",False,Left,True,-1.0,False,medium,False,"[[1212, 330], [1284, 618], [1446, 654], [924, 690]]",,"[[696, 198]]",,0.45708160927998004,0.21525814862654136
716,2,3,11.922000000000025,,13518,"[954, 270]",False,Left,True,-1.0,False,medium,False,"[[1212, 324], [1284, 612], [1446, 648], [924, 684]]",,"[[696, 192]]",,0.45708160927998004,0.21525814862654136
717,2,3,11.938000000000102,,13518,"[954, 270]",False,Left,True,-1.0,False,medium,False,"[[1212, 318], [1284, 606], [1446, 642], [924, 678]]",,"[[696, 186]]",,0.38492013939678305,0.28612630601071254
718,2,3,11.954999999999927,,13518,"[954, 270]",False,Left,True,-1.0,False,medium,False,"[[1212, 312], [1284, 600], [1446, 636], [924, 672]]",,"[[696, 180]]",,0.38492013939678305,0.28612630601071254
719,2,3,11.97199999999998,,13518,"[954, 270]",False,Left,True,-1.0,False,medium,False,"[[1212, 306], [1284, 594], [1446, 630], [924, 666]]",,"[[696, 174]]",,0.4562174477179865,0.21929936028268504
720,2,3,11.989000000000033,,13518,"[954, 270]",False,Left,True,-1.0,False,medium,False,"[[1212, 300], [1284, 588], [1446, 624], [924, 660]]",,"[[696, 168]]",,0.4566654718956496,0.220091046184413
721,2,3,12.007000000000062,,13518,"[954, 270]",False,Left,True,-1.0,False,medium,False,"[[1212, 294], [1284, 582], [1446, 618], [924, 654]]",,"[[696, 162]]",,0.4572838616429805,0.22456864071512372
722,2,3,12.021999999999935,,13518,"[954, 270]",False,Left,True,-1.0,False,medium,False,"[[1212, 288], [1284, 576], [1446, 612], [924, 648]]",,"[[696, 156]]",,0.4572838616429805,0.22456864071512372
723,2,3,12.038999999999987,,13518,"[954, 270]",False,Left,True,-1.0,False,medium,False,"[[1212, 282], [1284, 570], [1446, 606], [924, 642]]",,"[[696, 150]]",,0.45751896890290533,0.2264439907437179
724,2,3,12.057000000000016,,13518,"[954, 270]",False,Left,True,-1.0,False,medium,False,"[[1212, 276], [1284, 564], [1446, 600], [924, 636]]",,"[[696, 144]]",,0.45751896890290533,0.2264439907437179
725,2,3,12.070999999999913,,13518,"[954, 270]",False,Left,True,-1.0,False,medium,False,"[[1212, 270], [1284, 558], [1446, 594], [924, 630], [870, 810]]",,"[[696, 138]]",,0.4505171858845416,0.3109023078904918
726,2,3,12.087999999999965,,13518,"[954, 270]",False,Left,True,-1.0,False,medium,False,"[[1212, 264], [1284, 552], [1446, 588], [924, 624], [870, 804]]",,"[[696, 132]]",,0.4505171858845416,0.3109023078904918
727,2,3,12.106999999999971,,13518,"[954, 270]",False,Left,True,-1.0,False,medium,False,"[[1212, 258], [1284, 546], [1446, 582], [924, 618], [870, 798]]",,"[[696, 126]]",,0.45723900838858034,0.23235033092099222
728,2,3,12.122000000000071,,13518,"[954, 270]",False,Left,True,-1.0,False,medium,False,"[[1212, 252], [1284, 540], [1446, 576], [924, 612], [870, 792]]",,"[[696, 120]]",,0.45723900838858034,0.23235033092099222
729,2,3,12.136999999999944,,13518,"[954, 270]",False,Left,True,-1.0,False,medium,False,"[[1212, 246], [1284, 534], [1446, 570], [924, 606], [870, 786]]",,"[[696, 114]]",,0.38655140966253637,0.2972313394687437
730,2,3,12.153999999999996,,13518,"[954, 270]",False,Left,True,-1.0,False,medium,False,"[[1212, 240], [1284, 528], [1446, 564], [924, 600], [870, 780]]",,"[[696, 108]]",,0.38655140966253637,0.2972313394687437
731,2,3,12.17100000000005,,13518,"[954, 270]",False,Left,True,-1.0,False,medium,False,"[[1212, 234], [1284, 522], [1446, 558], [924, 594], [870, 774]]",,"[[696, 102]]",,0.4560844004370613,0.2367717563142302
732,2,3,12.187000000000126,,13518,"[954, 270]",False,Left,True,-1.0,False,medium,False,"[[1212, 228], [1284, 516], [1446, 552], [924, 588], [870, 768]]",,"[[696, 96]]",,0.4560844004370613,0.2367717563142302
733,2,3,12.202999999999975,,13518,"[954, 270]",False,Left,True,-1.0,False,medium,False,"[[1212, 222], [1284, 510], [1446, 546], [924, 582], [870, 762]]",,"[[696, 90]]",,0.45602021123931735,0.23910666470853892
734,2,3,12.219000000000051,,13518,"[954, 270]",False,Left,True,-1.0,False,medium,False,"[[1212, 216], [1284, 504], [1446, 540], [924, 576], [870, 756]]",,"[[696, 84]]",,0.45602021123931735,0.23910666470853892
735,2,3,12.236000000000104,,13518,"[954, 270]",False,Left,True,-1.0,False,medium,False,"[[1212, 210], [1284, 498], [1446, 534], [924, 570], [870, 750]]",,"[[696, 78]]",,0.45004855415790945,0.23921406127579636
736,2,3,12.250999999999976,,13518,"[954, 270]",False,Left,True,-1.0,False,medium,False,"[[1212, 204], [1284, 492], [1446, 528], [924, 564], [870, 744]]",,"[[696, 72]]",,0.45004855415790945,0.23921406127579636
737,2,3,12.268000000000029,,13518,"[954, 270]",False,Left,True,-1.0,False,medium,False,"[[1212, 198], [1284, 486], [1446, 522], [924, 558], [870, 738]]",,"[[696, 66]]",,0.4496247528564414,0.24008062123201912
738,2,3,12.284000000000106,,13518,"[954, 270]",False,Left,True,-1.0,False,medium,False,"[[1212, 192], [1284, 480], [1446, 516], [924, 552], [870, 732]]",,"[[696, 60]]",,0.4496247528564414,0.24008062123201912
739,2,3,12.30099999999993,,13518,"[954, 270]",False,Left,True,-1.0,False,medium,False,"[[1212, 186], [1284, 474], [1446, 510], [924, 546], [870, 726]]",,"[[696, 54]]",,0.4493654083425141,0.24213445554242252
740,2,3,12.317000000000007,,13518,"[954, 270]",False,Left,True,-1.0,False,medium,False,"[[1212, 180], [1284, 468], [1446, 504], [924, 540], [870, 720], [1374, 810]]",,"[[696, 48]]",,0.4493654083425141,0.24213445554242252
741,2,3,12.333000000000084,,13518,"[954, 270]",False,Left,True,-1.0,False,medium,False,"[[1212, 174], [1284, 462], [1446, 498], [924, 534], [870, 714], [1374, 804]]",,"[[696, 42]]",,0.4491048738185054,0.24436855597117024
742,2,3,12.351000000000113,,13518,"[954, 270]",False,Left,True,-1.0,False,medium,False,"[[1212, 168], [1284, 456], [1446, 492], [924, 528], [870, 708], [1374, 798]]",,"[[696, 36]]",,0.4491048738185054,0.24436855597117024
743,2,3,12.366999999999962,,13518,"[954, 270]",False,Left,True,-1.0,False,medium,False,"[[1212, 162], [1284, 450], [1446, 486], [924, 522], [870, 702], [1374, 792]]",,"[[696, 30]]",,0.44785757197580633,0.24542147573695494
744,2,3,12.384999999999991,,13518,"[954, 270]",False,Left,True,-1.0,False,medium,False,"[[1212, 156], [1284, 444], [1446, 480], [924, 516], [870, 696], [1374, 786]]",,"[[696, 24]]",,0.4475921935542407,0.24601185055282504
745,2,3,12.400000000000091,,13518,"[954, 270]",False,Left,True,-1.0,False,medium,False,"[[1212, 150], [1284, 438], [1446, 474], [924, 510], [870, 690], [1374, 780]]",,"[[696, 18]]",,0.44753523484159763,0.24728200589974203
746,2,3,12.416999999999916,,13518,"[954, 270]",False,Left,True,-1.0,False,medium,False,"[[1212, 144], [1284, 432], [1446, 468], [924, 504], [870, 684], [1374, 774]]",,"[[696, 12]]",,0.44753523484159763,0.24728200589974203
747,2,3,12.433999999999969,,13518,"[954, 270]",False,Left,True,-1.0,False,medium,False,"[[1212, 138], [1284, 426], [1446, 462], [924, 498], [870, 678], [1374, 768]]",,"[[696, 6]]",,0.44400391747084733,0.3269522895181153
748,2,3,12.451000000000022,,13518,"[954, 270]",False,Left,True,0.0,False,medium,False,"[[1212, 132], [1284, 420], [1446, 456], [924, 492], [870, 672], [1374, 762]]",,"[[696, 0]]",,0.44400391747084733,0.3269522895181153
749,2,3,12.469000000000051,,13518,"[954, 270]",False,Left,True,0.0,False,medium,False,"[[1212, 126], [1284, 414], [1446, 450], [924, 486], [870, 666], [1374, 756]]",,[],,0.44599892798604535,0.2323477093837787
750,2,3,12.4849999999999,,13518,"[954, 270]",False,Left,True,0.0,False,medium,False,"[[1218, 120], [1290, 408], [1452, 444], [930, 480], [876, 660], [1380, 750]]",,[],,0.44599892798604535,0.2323477093837787
751,2,3,12.502999999999929,,13518,"[954, 270]",False,Left,True,0.0,False,medium,False,"[[1224, 114], [1296, 402], [1458, 438], [936, 474], [882, 654], [1386, 744]]",,[],,0.4489436787021022,0.22357818872441992
752,2,3,12.519999999999982,,13518,"[954, 270]",False,Left,True,0.0,False,medium,False,"[[1230, 108], [1302, 396], [1464, 432], [942, 468], [888, 648], [1392, 738]]",,[],,0.4489436787021022,0.22357818872441992
753,2,3,12.536000000000058,,13518,"[954, 270]",False,Left,True,0.0,False,medium,False,"[[1236, 102], [1308, 390], [1470, 426], [948, 462], [894, 642], [1398, 732]]",,[],,0.4492622687217537,0.2231107593401287
754,2,3,12.553000000000111,,13518,"[954, 270]",False,Left,True,0.0,False,medium,False,"[[1242, 96], [1314, 384], [1476, 420], [954, 456], [900, 636], [1404, 726]]",,[],,0.4492622687217537,0.2231107593401287
755,2,3,12.567999999999984,,13518,"[954, 270]",False,Left,True,0.0,False,medium,False,"[[1248, 90], [1320, 378], [1482, 414], [960, 450], [906, 630], [1410, 720]]",,[],,0.4497835138719948,0.22089745283686946
756,2,3,12.586000000000013,,13518,"[954, 270]",False,Left,True,0.0,False,medium,False,"[[1254, 84], [1326, 372], [1488, 408], [966, 444], [912, 624], [1416, 714]]",,[],,0.4495113514959078,0.22202370830412244
757,2,3,12.60200000000009,,13518,"[954, 270]",False,Left,True,0.0,False,medium,False,"[[1260, 78], [1332, 366], [1494, 402], [972, 438], [918, 618], [1422, 708]]",,[],,0.4495144401654181,0.22312289785056216
758,2,3,12.618999999999915,,13518,"[954, 270]",False,Left,True,0.0,False,medium,False,"[[1266, 72], [1338, 360], [1500, 396], [978, 432], [924, 612], [1428, 702]]",,[],,0.4495144401654181,0.22312289785056216
759,2,3,12.635999999999967,,13518,"[954, 270]",False,Left,True,0.0,False,medium,False,"[[1272, 66], [1344, 354], [1506, 390], [984, 426], [930, 606], [1434, 696]]",,[],,0.4499467838091225,0.22545708838037792
760,2,3,12.652000000000044,,13518,"[954, 270]",False,Left,True,0.0,False,medium,False,"[[1278, 60], [1350, 348], [1512, 384], [990, 420], [936, 600], [1440, 690]]",,[],,0.449978198594287,0.2259527679295631
761,2,3,12.66800000000012,,13518,"[954, 270]",False,Left,True,0.0,False,medium,False,"[[1284, 54], [1356, 342], [1518, 378], [996, 414], [942, 594], [1446, 684]]",,[],,0.44892147677262806,0.22779845656145215
762,2,3,12.684999999999945,,13518,"[954, 270]",False,Left,True,0.0,False,medium,False,"[[1290, 48], [1362, 336], [1524, 372], [1002, 408], [948, 588], [1452, 678]]",,[],,0.44849283793847683,0.22758204562666273
763,2,3,12.701000000000022,,13518,"[954, 270]",False,Left,True,0.0,False,medium,False,"[[1296, 42], [1368, 330], [1530, 366], [1008, 402], [954, 582], [1458, 672]]",,[],,0.4419440327423299,0.3108697933831661
764,2,3,12.719000000000051,,13518,"[954, 270]",False,Left,True,0.0,False,medium,False,"[[1302, 36], [1374, 324], [1536, 360], [1014, 396], [960, 576], [1464, 666]]",,[],,0.4419440327423299,0.3108697933831661
765,2,3,12.7349999999999,,13518,"[954, 270]",False,Left,True,0.0,False,medium,False,"[[1308, 30], [1380, 318], [1542, 354], [1020, 390], [966, 570], [1470, 660]]",,[],,0.38657067147659224,0.28733333828096796
766,2,3,12.750999999999976,,13518,"[954, 270]",False,Left,True,0.0,False,medium,False,"[[1314, 24], [1386, 312], [1548, 348], [1026, 384], [972, 564], [1476, 654]]",,[],,0.44686791372350426,0.22957677980288715
767,2,3,12.767000000000053,,13518,"[954, 270]",False,,True,0.0,False,medium,False,"[[1320, 18], [1392, 306], [1554, 342], [1032, 378], [978, 558], [1482, 648]]",,[],,0.4471965284815879,0.23036832805609364
768,2,3,12.782999999999902,,13518,"[954, 270]",False,,True,0.0,False,medium,False,"[[1320, 12], [1392, 300], [1554, 336], [1032, 372], [978, 552], [1482, 642]]",,[],,0.4471965284815879,0.23036832805609364
769,2,3,12.799999999999955,,13518,"[954, 270]",False,Right,True,0.0,False,medium,False,"[[1320, 6], [1392, 294], [1554, 330], [1032, 366], [978, 546], [1482, 636]]",,[],,0.44708933604078815,0.23283795831087017
770,2,3,12.817000000000007,,13518,"[954, 270]",False,Right,True,0.0,False,medium,False,"[[1314, 0], [1386, 288], [1548, 324], [1026, 360], [972, 540], [1476, 630]]",,[],,0.38755818278138265,0.2874975489279782
771,2,3,12.833000000000084,,13518,"[954, 270]",False,Right,True,0.0,False,medium,False,"[[1380, 282], [1542, 318], [1020, 354], [966, 534], [1470, 624]]",,[],,0.4471550053294762,0.23349908519882379
772,2,3,12.848999999999933,,13518,"[954, 270]",False,Right,True,0.0,False,medium,False,"[[1374, 276], [1536, 312], [1014, 348], [960, 528], [1464, 618]]",,[],,0.4471550053294762,0.23349908519882379
773,2,3,12.865999999999985,,13518,"[954, 270]",False,Right,True,0.0,False,medium,False,"[[1368, 270], [1530, 306], [1008, 342], [954, 522], [1458, 612]]",,[],,0.44644564263934133,0.23577394302046872
774,2,3,12.883000000000038,,13518,"[954, 270]",False,Right,True,0.0,False,medium,False,"[[1362, 264], [1524, 300], [1002, 336], [948, 516], [1452, 606]]",,[],,0.4410845164904518,0.3178814218848238
775,2,3,12.899000000000115,,13518,"[954, 270]",False,,True,0.0,False,medium,False,"[[1356, 258], [1518, 294], [996, 330], [942, 510], [1446, 600]]",,[],,0.44792372772934036,0.23759270470050842
776,2,3,12.91599999999994,,13518,"[954, 270]",False,,True,0.0,False,medium,False,"[[1356, 252], [1518, 288], [996, 324], [942, 504], [1446, 594], [1212, 810]]",,[],,0.44787247110485184,0.23903631659644475
777,2,3,12.93100000000004,,13518,"[954, 270]",False,,True,0.0,False,medium,False,"[[1356, 246], [1518, 282], [996, 318], [942, 498], [1446, 588], [1212, 804]]",,[],,0.44811943312024416,0.23957570752200275
778,2,3,12.948000000000093,,13518,"[954, 270]",False,Right,True,0.0,False,medium,False,"[[1356, 240], [1518, 276], [996, 312], [942, 492], [1446, 582], [1212, 798]]",,[],,0.4503307669578934,0.24290992592701754
779,2,3,12.964999999999918,,13518,"[954, 270]",False,Right,True,0.0,False,medium,False,"[[1350, 234], [1512, 270], [990, 306], [936, 486], [1440, 576], [1206, 792]]",,[],,0.45114541537885494,0.24530801797263813
780,2,3,12.980999999999995,,13518,"[954, 270]",False,Right,True,0.0,False,medium,False,"[[1344, 228], [1506, 264], [984, 300], [930, 480], [1434, 570], [1200, 786]]",,[],,0.45114541537885494,0.24530801797263813
781,2,3,12.997000000000071,,13518,"[954, 270]",False,Right,True,0.0,False,medium,False,"[[1338, 222], [1500, 258], [978, 294], [924, 474], [1428, 564], [1194, 780]]",,[],,0.4511906661727016,0.24535467323724047
782,2,3,13.014000000000124,,13518,"[954, 270]",True,Right,True,0.0,False,medium,False,"[[1332, 216], [1494, 252], [972, 288], [918, 468], [1422, 558], [1188, 774]]",,[],,0.45157945540616096,0.24906501037397788
783,2,3,14.276000000000067,,13518,"[954, 270]",True,Right,True,0.0,False,medium,False,"[[1326, 210], [1488, 246], [966, 282], [912, 462], [1416, 552], [1182, 768]]",,[],1,0.5169394567855778,0.09964111500259742
