,trial,attempt,time_played,time_tag,level_size_y,player_pos,collision,current_input,drift_enabled,current_drift,level_done,input_noise_magnitude,input_noise_on,visible_obstacles,adjacent_wall_tiles_x_pos,visible_drift_tiles,SoC,gaze_x,gaze_y
0,5,3,0.0019999999999527063,,13518,"[954, -86]",False,,True,0.0,False,,False,[],,[],,0.5088274649608895,0.10904156596242875
1,5,3,0.016000000000076398,,13518,"[954, -82]",False,,True,0.0,False,,False,[],,[],,0.4553871118811075,0.0739313896934356
2,5,3,0.032999999999901775,,13518,"[954, -78]",False,,True,0.0,False,,False,[],,[],,0.45317779175437495,0.17256390581543668
3,5,3,0.049999999999954525,,13518,"[954, -74]",False,,True,0.0,False,,False,[],,[],,0.565161680910423,0.22625085099547337
4,5,3,0.06799999999998363,,13518,"[954, -70]",False,,True,0.0,False,,False,[],,[],,0.565161680910423,0.22625085099547337
5,5,3,0.08300000000008367,,13518,"[954, -66]",False,,True,0.0,False,,False,[],,[],,0.39525958263402056,0.18472270189964557
6,5,3,0.09999999999990905,,13518,"[954, -62]",False,,True,0.0,False,,False,[],,[],,0.4302049293602813,0.19032849556285558
7,5,3,0.11799999999993815,,13518,"[954, -58]",False,,True,0.0,False,,False,[],,[],,0.4142092660883726,0.1510513358845511
8,5,3,0.13400000000001455,,13518,"[954, -54]",False,,True,0.0,False,,False,[],,[],,0.4142092660883726,0.1510513358845511
9,5,3,0.15000000000009095,,13518,"[954, -50]",False,,True,0.0,False,,False,[],,[],,0.5320517061020223,0.2772086510616575
10,5,3,0.16699999999991633,,13518,"[954, -46]",False,,True,0.0,False,,False,[],,[],,0.5320517061020223,0.2772086510616575
11,5,3,0.18299999999999272,,13518,"[954, -42]",False,,True,0.0,False,,False,[],,[],,0.5380024113371247,0.2582838365249881
12,5,3,0.20000000000004547,,13518,"[954, -38]",False,,True,0.0,False,,False,[],,[],,0.5555673471061555,0.07437135696210107
13,5,3,0.21800000000007458,,13518,"[954, -34]",False,,True,0.0,False,,False,[],,[],,0.37395131059183456,0.29949709730310015
14,5,3,0.2339999999999236,,13518,"[954, -30]",False,,True,0.0,False,,False,[],,[],,0.504911032214689,0.1860061338550847
15,5,3,0.25,,13518,"[954, -26]",False,,True,0.0,False,,False,[],,[],,0.504911032214689,0.1860061338550847
16,5,3,0.2660000000000764,,13518,"[954, -22]",False,,True,0.0,False,,False,[],,[],,0.5032115422291554,0.19071070151232616
17,5,3,0.2819999999999254,,13518,"[954, -18]",False,,True,0.0,False,,False,[],,[],,0.5032115422291554,0.19071070151232616
18,5,3,0.29899999999997817,,13518,"[954, -14]",False,,True,0.0,False,,False,[],,[],,0.47720538276449054,0.22434217469280815
19,5,3,0.31500000000005457,,13518,"[954, -10]",False,,True,0.0,False,,False,[],,[],,0.4560156295749092,0.2674721611272607
20,5,3,0.3309999999999036,,13518,"[954, -6]",False,,True,0.0,False,,False,[],,[],,0.4539269498058859,0.2631245999648414
21,5,3,0.3489999999999327,,13518,"[954, -2]",False,,True,0.0,False,,False,[],,[],,0.4539269498058859,0.2631245999648414
22,5,3,0.36599999999998545,,13518,"[954, 2]",False,,True,0.0,False,,False,[],,[],,0.4602068529781066,0.2550101704825385
23,5,3,0.38200000000006185,,13518,"[954, 6]",False,,True,0.0,False,,False,[],,[],,0.4602068529781066,0.2550101704825385
24,5,3,0.39799999999991087,,13518,"[954, 10]",False,,True,0.0,False,,False,[],,[],,0.45746573258480583,0.2568003891505092
25,5,3,0.41399999999998727,,13518,"[954, 14]",False,,True,0.0,False,,False,[],,[],,0.45746573258480583,0.2568003891505092
26,5,3,0.43100000000004,,13518,"[954, 18]",False,,True,0.0,False,,False,[],,[],,0.456559761673334,0.25504230614639345
27,5,3,0.44800000000009277,,13518,"[954, 22]",False,,True,0.0,False,,False,[],,[],,0.456559761673334,0.25504230614639345
28,5,3,0.4639999999999418,,13518,"[954, 26]",False,,True,0.0,False,,False,[],,[],,0.45786452378836423,0.2531452637148782
29,5,3,0.48099999999999454,,13518,"[954, 30]",False,,True,0.0,False,,False,[],,[],,0.45786452378836423,0.2531452637148782
30,5,3,0.49700000000007094,,13518,"[954, 34]",False,,True,0.0,False,,False,[],,[],,0.4587330245905177,0.2530600520513666
31,5,3,0.5139999999998963,,13518,"[954, 38]",False,,True,0.0,False,,False,[],,[],,0.4587330245905177,0.2530600520513666
32,5,3,0.5309999999999491,,13518,"[954, 42]",False,,True,0.0,False,,False,[],,[],,0.4603775261442783,0.25353621211194066
33,5,3,0.5470000000000255,,13518,"[954, 46]",False,,True,0.0,False,,False,[],,[],,0.4603775261442783,0.25353621211194066
34,5,3,0.5630000000001019,,13518,"[954, 50]",False,,True,0.0,False,,False,[],,[],,0.5280509167591474,0.22210680461678678
35,5,3,0.5799999999999272,,13518,"[954, 54]",False,,True,0.0,False,,False,[],,[],,0.5280509167591474,0.22210680461678678
36,5,3,0.5960000000000036,,13518,"[954, 58]",False,,True,0.0,False,,False,[],,[],,0.599566116606003,0.21668288518645418
37,5,3,0.61200000000008,,13518,"[954, 62]",False,,True,0.0,False,,False,[],,[],,0.599566116606003,0.21668288518645418
38,5,3,0.6279999999999291,,13518,"[954, 66]",False,,True,0.0,False,,False,[],,[],,0.6185321697899999,0.2236342243577749
39,5,3,0.6449999999999818,,13518,"[954, 70]",False,,True,0.0,False,,False,[],,[],,0.6240253865339718,0.22418617339567992
40,5,3,0.6620000000000346,,13518,"[954, 74]",False,,True,0.0,False,,False,[],,[],,0.631391914795294,0.2197963792960751
41,5,3,0.678000000000111,,13518,"[954, 78]",False,,True,0.0,False,,False,[],,[],,0.631391914795294,0.2197963792960751
42,5,3,0.6949999999999363,,13518,"[954, 82]",False,,True,0.0,False,,False,[],,[],,0.6293345332738415,0.21649959682280362
43,5,3,0.7119999999999891,,13518,"[954, 86]",False,,True,0.0,False,,False,[],,[],,0.6293345332738415,0.21649959682280362
44,5,3,0.7300000000000182,,13518,"[954, 90]",False,,True,0.0,False,,False,[],,[],,0.5071901524259129,0.26466329765980745
45,5,3,0.7460000000000946,,13518,"[954, 94]",False,,True,0.0,False,,False,[],,[],,0.5071901524259129,0.26466329765980745
46,5,3,0.76299999999992,,13518,"[954, 98]",False,,True,0.0,False,,False,[],,[],,0.7211464455491471,0.18142966697636953
47,5,3,0.7799999999999727,,13518,"[954, 102]",False,,True,0.0,False,,False,[],,[],,0.7211464455491471,0.18142966697636953
48,5,3,0.7960000000000491,,13518,"[954, 106]",False,,True,0.0,False,,False,[],,[],,0.7325131716779744,0.18263993047424976
49,5,3,0.8119999999998981,,13518,"[954, 110]",False,,True,0.0,False,,False,[],,[],,0.7347345805813535,0.18088587728928185
50,5,3,0.8289999999999509,,13518,"[954, 114]",False,,True,0.0,False,,False,[],,[],,0.745881394551201,0.16553520763998253
51,5,3,0.8440000000000509,,13518,"[954, 118]",False,,True,0.0,False,,False,[],,[],,0.745881394551201,0.16553520763998253
52,5,3,0.8610000000001037,,13518,"[954, 122]",False,,True,0.0,False,,False,[],,[],,0.7462918954169935,0.16188428818163803
53,5,3,0.8769999999999527,,13518,"[954, 126]",False,,True,0.0,False,,False,[],,[],,0.7462918954169935,0.16188428818163803
54,5,3,0.8930000000000291,,13518,"[954, 130]",False,,True,0.0,False,,False,[],,[],,0.7449943216571577,0.16160658738788147
55,5,3,0.9100000000000819,,13518,"[954, 134]",False,,True,0.0,False,,False,[],,[],,0.7451495453177948,0.16156694295244833
56,5,3,0.9269999999999072,,13518,"[954, 138]",False,,True,0.0,False,,False,[],,[],,0.7444574275797884,0.16193075020329073
57,5,3,0.9429999999999836,,13518,"[954, 142]",False,,True,0.0,False,,False,[],,[],,0.7444574275797884,0.16193075020329073
58,5,3,0.9600000000000364,,13518,"[954, 146]",False,,True,0.0,False,,False,[],,[],,0.7438050953496609,0.16402201293618912
59,5,3,0.9770000000000891,,13518,"[954, 150]",False,,True,0.0,False,,False,[],,[],,0.7438050953496609,0.16402201293618912
60,5,3,0.9939999999999145,,13518,"[954, 154]",False,,True,0.0,False,,False,[],,[],,0.7445012866620839,0.1657964151161726
61,5,3,1.009999999999991,,13518,"[954, 158]",False,,True,0.0,False,,False,[],,[],,0.744453557508907,0.16606715042451603
62,5,3,1.0260000000000673,,13518,"[954, 162]",False,,True,0.0,False,,False,[],,[],,0.7449157969536477,0.1673003135421185
63,5,3,1.0429999999998927,,13518,"[954, 166]",False,,True,0.0,False,,False,[],,[],,0.7449157969536477,0.1673003135421185
64,5,3,1.0599999999999454,,13518,"[954, 170]",False,,True,0.0,False,,False,[],,[],,0.744916785597972,0.16649632007025383
65,5,3,1.0760000000000218,,13518,"[954, 174]",False,,True,0.0,False,,False,[],,[],,0.7441288360132278,0.16644523178700787
66,5,3,1.0920000000000982,,13518,"[954, 178]",False,,True,0.0,False,,False,[],,[],,0.653299973969732,0.23208579874833613
67,5,3,1.1089999999999236,,13518,"[954, 182]",False,,True,0.0,False,,False,[],,[],,0.6426534005570106,0.22029209829179375
68,5,3,1.1259999999999764,,13518,"[954, 186]",False,,True,0.0,False,,False,[],,[],,0.5496157870889636,0.29607250295059384
69,5,3,1.143000000000029,,13518,"[954, 190]",False,,True,0.0,False,,False,[],,[],,0.5496157870889636,0.29607250295059384
70,5,3,1.1600000000000819,,13518,"[954, 194]",False,,True,0.0,False,,False,[],,[],,0.5112549412574318,0.30044314991936916
71,5,3,1.1769999999999072,,13518,"[954, 198]",False,,True,0.0,False,,False,[],,[],,0.49820043885885196,0.3015920199266855
72,5,3,1.19399999999996,,13518,"[954, 202]",False,,True,0.0,False,,False,[],,[],,0.4594871097341797,0.3107445659427154
73,5,3,1.2110000000000127,,13518,"[954, 206]",False,,True,0.0,False,,False,[],,[],,0.45599114301183413,0.30842073794418357
74,5,3,1.2270000000000891,,13518,"[954, 210]",False,,True,0.0,False,,False,[],,[],,0.44912143560389595,0.3072729369977246
75,5,3,1.2439999999999145,,13518,"[954, 214]",False,,True,0.0,False,,False,[],,[],,0.44912143560389595,0.3072729369977246
76,5,3,1.2609999999999673,,13518,"[954, 218]",False,,True,0.0,False,,False,[],,[],,0.44834130333925354,0.29093774904532765
77,5,3,1.2770000000000437,,13518,"[954, 222]",False,,True,0.0,False,,False,[],,[],,0.4492899987141161,0.2792465849961827
78,5,3,1.2940000000000964,,13518,"[954, 226]",False,,True,0.0,False,,False,[],,[],,0.45205036104768076,0.2629643217861509
79,5,3,1.3109999999999218,,13518,"[954, 230]",False,,True,0.0,False,,False,[],,[],,0.45205036104768076,0.2629643217861509
80,5,3,1.3269999999999982,,13518,"[954, 234]",False,,True,0.0,False,,False,[],,[],,0.45223546700480083,0.26249752830864503
81,5,3,1.3430000000000746,,13518,"[954, 238]",False,,True,0.0,False,,False,[],,[],,0.45304085971012026,0.26105578996155776
82,5,3,1.3599999999999,,13518,"[954, 242]",False,,True,0.0,False,,False,[],,[],,0.4541255699083592,0.2608387678581324
83,5,3,1.3769999999999527,,13518,"[954, 246]",False,,True,0.0,False,,False,[],,[],,0.45435137871569486,0.26177315547344315
84,5,3,1.3940000000000055,,13518,"[954, 250]",False,,True,0.0,False,,False,[],,[],,0.4550117887745678,0.2592332346133651
85,5,3,1.4100000000000819,,13518,"[954, 254]",False,,True,0.0,False,,False,[],,[],,0.45594211438382476,0.2579863543210852
86,5,3,1.4269999999999072,,13518,"[954, 258]",False,,True,0.0,False,,False,[],,[],,0.4558595359301802,0.25722079908526385
87,5,3,1.4449999999999363,,13518,"[954, 262]",False,,True,0.0,False,,False,[],,[],,0.4549248902598551,0.2577326425380734
88,5,3,1.461999999999989,,13518,"[954, 266]",False,,True,0.0,False,,False,[],,[],,0.4544142570049396,0.2564288582149429
89,5,3,1.4790000000000418,,13518,"[954, 270]",False,,True,0.0,False,,False,[],,[],,0.4544142570049396,0.2564288582149429
90,5,3,1.4960000000000946,,13518,"[954, 270]",False,,True,0.0,False,,False,[],,[],,0.4546629470575961,0.2550068563790575
91,5,3,1.51299999999992,,13518,"[954, 270]",False,,True,0.0,False,,False,[],,[],,0.4546629470575961,0.2550068563790575
92,5,3,1.5299999999999727,,13518,"[954, 270]",False,,True,0.0,False,,False,[],,[],,0.45534389524504776,0.2554804033559427
93,5,3,1.5460000000000491,,13518,"[954, 270]",False,,True,0.0,False,,False,[],,[],,0.45534389524504776,0.2554804033559427
94,5,3,1.5619999999998981,,13518,"[954, 270]",False,,True,0.0,False,,False,[],,[],,0.45601220006286525,0.25240281871795456
95,5,3,1.5779999999999745,,13518,"[954, 270]",False,,True,0.0,False,,False,[],,[],,0.45617291274456273,0.25298031505754903
96,5,3,1.594000000000051,,13518,"[954, 270]",False,,True,0.0,False,,False,[],,[],,0.4560788811580535,0.25361350413124817
97,5,3,1.6099999999999,,13518,"[954, 270]",False,,True,0.0,False,,False,[],,[],,0.45614666810898247,0.2547686834035571
98,5,3,1.6269999999999527,,13518,"[954, 270]",False,,True,0.0,False,,False,[],,[],,0.45600313774949,0.25522794640489954
99,5,3,1.643000000000029,,13518,"[954, 270]",False,,True,0.0,False,,False,[],,[],,0.4550430958531167,0.258447869725159
100,5,3,1.6600000000000819,,13518,"[954, 270]",False,,True,0.0,False,,False,[],,[],,0.45396329452808193,0.26006398322018076
101,5,3,1.6759999999999309,,13518,"[954, 270]",False,,True,0.0,False,,False,[],,[],,0.45174247243722043,0.26044095733252604
102,5,3,1.6929999999999836,,13518,"[954, 270]",False,,True,0.0,False,,False,[],,[],,0.44928563529316207,0.26014215255951634
103,5,3,1.7100000000000364,,13518,"[954, 270]",False,,True,0.0,False,,False,[],,[],,0.4484488055439694,0.26051552900454455
104,5,3,1.7270000000000891,,13518,"[954, 270]",False,,True,0.0,False,,False,[],,[],,0.4491451375422294,0.25970193903293004
105,5,3,1.7429999999999382,,13518,"[954, 270]",False,,True,0.0,False,,False,[],,[],,0.44897944641572235,0.25883811911323085
106,5,3,1.759999999999991,,13518,"[954, 270]",False,,True,0.0,False,,False,[],,[],,0.44987428567441246,0.25877260949310443
107,5,3,1.7760000000000673,,13518,"[954, 270]",False,,True,0.0,False,,False,[],,[],,0.451834365137621,0.2614206774472905
108,5,3,1.7919999999999163,,13518,"[954, 270]",False,,True,0.0,False,,False,[],,[],,0.45147535586014464,0.26308895079553907
109,5,3,1.8079999999999927,,13518,"[954, 270]",False,,True,0.0,False,,False,[],,[],,0.45287768633334113,0.26456239268429027
110,5,3,1.8250000000000455,,13518,"[954, 270]",False,,True,0.0,False,,False,[],,[],,0.4530073393463894,0.2653866963946532
111,5,3,1.8420000000000982,,13518,"[954, 270]",False,,True,0.0,False,,False,[],,[],,0.45322333132506093,0.2674604146214926
112,5,3,1.8589999999999236,,13518,"[954, 270]",False,,True,0.0,False,,False,[],,[],,0.45322333132506093,0.2674604146214926
113,5,3,1.875,,13518,"[954, 270]",False,,True,0.0,False,,False,[],,[],,0.45391351250129847,0.2658574995070113
114,5,3,1.8920000000000528,,13518,"[954, 270]",False,,True,0.0,False,,False,[],,[],,0.45386023007237963,0.2652788090320395
115,5,3,1.9079999999999018,,13518,"[954, 270]",False,,True,0.0,False,,False,[],,[],,0.4562698777564134,0.2426318371920514
116,5,3,1.9239999999999782,,13518,"[954, 270]",False,,True,0.0,False,,False,[],,[],,0.4560880161714004,0.2248374953654173
117,5,3,1.941000000000031,,13518,"[954, 270]",False,,True,0.0,False,,False,[],,[],,0.4537925691664075,0.21107557967303436
118,5,3,1.9580000000000837,,13518,"[954, 270]",False,,True,0.0,False,,False,[],,[],,0.4537925691664075,0.21107557967303436
119,5,3,1.9739999999999327,,13518,"[954, 270]",False,,True,0.0,False,,False,[],,[],,0.4477869616430983,0.2157526506918236
120,5,3,1.9909999999999854,,13518,"[954, 270]",False,,True,0.0,False,,False,[],,[],,0.44750080433646666,0.2140354360944572
121,5,3,2.007000000000062,,13518,"[954, 270]",False,,True,0.0,False,,False,[],,[],,0.4436317829428552,0.21584715036754287
122,5,3,2.0240000000001146,,13518,"[954, 270]",False,,True,0.0,False,,False,[],,[],,0.4436317829428552,0.21584715036754287
123,5,3,2.0399999999999636,,13518,"[954, 270]",False,,True,0.0,False,,False,[],,[],,0.4428373209700146,0.23076367216778582
124,5,3,2.05600000000004,,13518,"[954, 270]",False,,True,0.0,False,,False,[],,[],,0.4428373209700146,0.23076367216778582
125,5,3,2.0730000000000928,,13518,"[954, 270]",False,,True,0.0,False,,False,[],,[],,0.44587317676754007,0.22586218097903177
126,5,3,2.089999999999918,,13518,"[954, 270]",False,,True,0.0,False,,False,[],,[],,0.44587317676754007,0.22586218097903177
127,5,3,2.1059999999999945,,13518,"[954, 270]",False,,True,0.0,False,,False,[],,[],,0.45260797268866415,0.21380488356340832
128,5,3,2.1230000000000473,,13518,"[954, 270]",False,,True,0.0,False,,False,[],,[],,0.45260797268866415,0.21380488356340832
129,5,3,2.1400000000001,,13518,"[954, 270]",False,,True,0.0,False,,False,[],,[],,0.4522914216292584,0.21705128988612743
130,5,3,2.1569999999999254,,13518,"[954, 270]",False,,True,0.0,False,,False,[],,[],,0.4522914216292584,0.21705128988612743
131,5,3,2.173000000000002,,13518,"[954, 270]",False,,True,0.0,False,,False,[],,[],,0.4541208642047633,0.21984428302723158
132,5,3,2.189000000000078,,13518,"[954, 270]",False,,True,0.0,False,,False,[],,[],,0.4541208642047633,0.21984428302723158
133,5,3,2.2059999999999036,,13518,"[954, 270]",False,,True,0.0,False,,False,[],,[],,0.4554265208285879,0.21262833048507146
134,5,3,2.22199999999998,,13518,"[954, 270]",False,,True,0.0,False,,False,[],,[],,0.4554265208285879,0.21262833048507146
135,5,3,2.2380000000000564,,13518,"[954, 270]",False,,True,0.0,False,,False,[],,[],,0.4526055211148554,0.17714265700614096
136,5,3,2.255000000000109,,13518,"[954, 270]",False,,True,0.0,False,,False,[],,[],,0.4526055211148554,0.17714265700614096
137,5,3,2.2719999999999345,,13518,"[954, 270]",False,,True,0.0,False,,False,[],,[],,0.45044868353133405,0.17169882450809015
138,5,3,2.288000000000011,,13518,"[954, 270]",False,,True,0.0,False,,False,[],,[],,0.45044868353133405,0.17169882450809015
139,5,3,2.3050000000000637,,13518,"[954, 270]",False,,True,0.0,False,,False,[],,[],,0.4480521848687558,0.17614998926750225
140,5,3,2.3199999999999363,,13518,"[954, 270]",False,,True,0.0,False,,False,[],,[],,0.4480521848687558,0.17614998926750225
141,5,3,2.3360000000000127,,13518,"[954, 270]",False,,True,0.0,False,,False,[],,[],,0.4495020078663378,0.18806973084887801
142,5,3,2.352000000000089,,13518,"[954, 270]",False,,True,0.0,False,,False,[],,[],,0.4495020078663378,0.18806973084887801
143,5,3,2.3689999999999145,,13518,"[954, 270]",False,,True,0.0,False,,False,[],,[],,0.4499579548581498,0.19276177475553435
144,5,3,2.384999999999991,,13518,"[954, 270]",False,,True,0.0,False,,False,[],,[],,0.4499579548581498,0.19276177475553435
145,5,3,2.4020000000000437,,13518,"[954, 270]",False,,True,0.0,False,,False,[],,[],,0.4513219991758475,0.19402308483862907
146,5,3,2.4200000000000728,,13518,"[954, 270]",False,,True,0.0,False,,False,[],,[],,0.45198665478829786,0.19439198703735094
147,5,3,2.436999999999898,,13518,"[954, 270]",False,,True,0.0,False,,False,[],,[],,0.4538857620731826,0.19429311002407323
148,5,3,2.453999999999951,,13518,"[954, 270]",False,,True,0.0,False,,False,[],,[],,0.4538857620731826,0.19429311002407323
149,5,3,2.4700000000000273,,13518,"[954, 270]",False,,True,0.0,False,,False,[],,[],,0.45403426304373673,0.1972645071373863
150,5,3,2.48700000000008,,13518,"[954, 270]",False,,True,0.0,False,,False,[],,[],,0.45403426304373673,0.1972645071373863
151,5,3,2.5039999999999054,,13518,"[954, 270]",False,,True,0.0,False,,False,[],,[],,0.4518702220620421,0.20374476438027234
152,5,3,2.520999999999958,,13518,"[954, 270]",False,,True,0.0,False,,False,[],,[],,0.4518702220620421,0.20374476438027234
153,5,3,2.5370000000000346,,13518,"[954, 270]",False,,True,0.0,False,,False,[],,[],,0.44896953790326377,0.21560800168378635
154,5,3,2.5540000000000873,,13518,"[954, 270]",False,,True,0.0,False,,False,[],,[],,0.44896953790326377,0.21560800168378635
155,5,3,2.5709999999999127,,13518,"[954, 270]",False,,True,0.0,False,,False,[],,[],,0.4489186951452136,0.223181748890796
156,5,3,2.5879999999999654,,13518,"[954, 270]",False,,True,0.0,False,,False,[],,[],,0.4489186951452136,0.223181748890796
157,5,3,2.604000000000042,,13518,"[954, 270]",False,,True,0.0,False,,False,[],,[],,0.45062828007792144,0.22993352933127165
158,5,3,2.6210000000000946,,13518,"[954, 270]",False,,True,0.0,False,,False,[],,[],,0.45062828007792144,0.22993352933127165
159,5,3,2.6369999999999436,,13518,"[954, 270]",False,,True,0.0,False,,False,[],,[],,0.4475757648970576,0.19020224118228346
160,5,3,2.65300000000002,,13518,"[954, 270]",False,,True,0.0,False,,False,[],,[],,0.4475757648970576,0.19020224118228346
161,5,3,2.6690000000000964,,13518,"[954, 270]",False,,True,0.0,False,,False,"[[702, 810]]",,[],,0.43029376843583,0.16083755458892512
162,5,3,2.685999999999922,,13518,"[954, 270]",False,,True,0.0,False,,False,"[[702, 804]]",,[],,0.42722306461275206,0.1568342189508798
163,5,3,2.7029999999999745,,13518,"[954, 270]",False,,True,0.0,False,,False,"[[702, 798]]",,[],,0.4217030801274121,0.1500358994530594
164,5,3,2.7200000000000273,,13518,"[954, 270]",False,,True,0.0,False,,False,"[[702, 792]]",,[],,0.4217030801274121,0.1500358994530594
165,5,3,2.73700000000008,,13518,"[954, 270]",False,,True,0.0,False,,False,"[[702, 786]]",,[],,0.42167918583498826,0.16051897911713364
166,5,3,2.752999999999929,,13518,"[954, 270]",False,,True,0.0,False,,False,"[[702, 780]]",,[],,0.42167918583498826,0.16051897911713364
167,5,3,2.769999999999982,,13518,"[954, 270]",False,,True,0.0,False,,False,"[[702, 774]]",,[],,0.4230579631002579,0.16061171360776905
168,5,3,2.7870000000000346,,13518,"[954, 270]",False,,True,0.0,False,,False,"[[702, 768]]",,[],,0.4230579631002579,0.16061171360776905
169,5,3,2.803000000000111,,13518,"[954, 270]",False,,True,0.0,False,,False,"[[702, 762]]",,[],,0.42219176988666973,0.16230054472763866
170,5,3,2.8199999999999363,,13518,"[954, 270]",False,,True,0.0,False,,False,"[[702, 756]]",,[],,0.4218111478459547,0.16429272470130185
171,5,3,2.836999999999989,,13518,"[954, 270]",False,,True,0.0,False,,False,"[[702, 750]]",,[],,0.42029971296814245,0.16873218079921815
172,5,3,2.8530000000000655,,13518,"[954, 270]",False,,True,0.0,False,,False,"[[702, 744]]",,[],,0.41998902927769655,0.17314770273984514
173,5,3,2.869999999999891,,13518,"[954, 270]",False,,True,0.0,False,,False,"[[702, 738]]",,[],,0.42020751073279605,0.1791063507776941
174,5,3,2.8869999999999436,,13518,"[954, 270]",False,,True,0.0,False,,False,"[[702, 732]]",,[],,0.42020751073279605,0.1791063507776941
175,5,3,2.9039999999999964,,13518,"[954, 270]",False,,True,0.0,False,,False,"[[702, 726]]",,[],,0.423190581047694,0.17717370107767927
176,5,3,2.921000000000049,,13518,"[954, 270]",False,,True,0.0,False,,False,"[[702, 720]]",,[],,0.423190581047694,0.17717370107767927
177,5,3,2.938000000000102,,13518,"[954, 270]",False,,True,0.0,False,,False,"[[702, 714]]",,[],,0.4235328681814473,0.17539809158200814
178,5,3,2.953999999999951,,13518,"[954, 270]",False,,True,0.0,False,,False,"[[702, 708]]",,[],,0.42317954179643735,0.17433657801391478
179,5,3,2.9710000000000036,,13518,"[954, 270]",False,,True,0.0,False,,False,"[[702, 702], [828, 810]]",,[],,0.40555480143541944,0.15633933620312446
180,5,3,2.9880000000000564,,13518,"[954, 270]",False,,True,0.0,False,,False,"[[702, 696], [828, 804]]",,[],,0.40555480143541944,0.15633933620312446
181,5,3,3.005000000000109,,13518,"[954, 270]",False,,True,0.0,False,,False,"[[702, 690], [828, 798]]",,[],,0.39589243923716216,0.15685612490238032
182,5,3,3.020999999999958,,13518,"[954, 270]",False,,True,0.0,False,,False,"[[702, 684], [828, 792], [666, 810]]",,[],,0.39589243923716216,0.15685612490238032
183,5,3,3.038000000000011,,13518,"[954, 270]",False,,True,0.0,False,,False,"[[702, 678], [828, 786], [666, 804]]",,[],,0.39189416885660655,0.1661455549337466
184,5,3,3.0550000000000637,,13518,"[954, 270]",False,,True,0.0,False,,False,"[[702, 672], [828, 780], [666, 798]]",,[],,0.39118845201010155,0.16955635099715372
185,5,3,3.0720000000001164,,13518,"[954, 270]",False,,True,0.0,False,,False,"[[702, 666], [828, 774], [666, 792], [648, 810]]",,[],,0.3902846586980884,0.17547644939698337
186,5,3,3.089999999999918,,13518,"[954, 270]",False,,True,0.0,False,,False,"[[702, 660], [828, 768], [666, 786], [648, 804]]",,[],,0.3902846586980884,0.17547644939698337
187,5,3,3.106999999999971,,13518,"[954, 270]",False,,True,0.0,False,,False,"[[702, 654], [828, 762], [666, 780], [648, 798]]",,[],,0.3963235886812574,0.1817090660161793
188,5,3,3.1240000000000236,,13518,"[954, 270]",False,,True,0.0,False,,False,"[[702, 648], [828, 756], [666, 774], [648, 792]]",,[],,0.3962987729079176,0.1817629693519428
189,5,3,3.1410000000000764,,13518,"[954, 270]",False,,True,0.0,False,,False,"[[702, 642], [828, 750], [666, 768], [648, 786]]",,[],,0.3970079343978844,0.1844647409045842
190,5,3,3.1569999999999254,,13518,"[954, 270]",False,,True,0.0,False,,False,"[[702, 636], [828, 744], [666, 762], [648, 780]]",,[],,0.3970079343978844,0.1844647409045842
191,5,3,3.173000000000002,,13518,"[954, 270]",False,,True,0.0,False,,False,"[[702, 630], [828, 738], [666, 756], [648, 774], [846, 810]]",,[],,0.3978560844453128,0.1860884639602456
192,5,3,3.1900000000000546,,13518,"[954, 270]",False,,True,0.0,False,,False,"[[702, 624], [828, 732], [666, 750], [648, 768], [846, 804]]",,[],,0.3978560844453128,0.1860884639602456
193,5,3,3.2070000000001073,,13518,"[954, 270]",False,,True,0.0,False,,False,"[[702, 618], [828, 726], [666, 744], [648, 762], [846, 798]]",,[],,0.3980427780282452,0.18933047838830597
194,5,3,3.2239999999999327,,13518,"[954, 270]",False,,True,0.0,False,,False,"[[702, 612], [828, 720], [666, 738], [648, 756], [846, 792]]",,[],,0.39942428907129324,0.18927733177111905
195,5,3,3.2409999999999854,,13518,"[954, 270]",False,,True,0.0,False,,False,"[[702, 606], [828, 714], [666, 732], [648, 750], [846, 786]]",,[],,0.4011840432884776,0.18643348046581454
196,5,3,3.258000000000038,,13518,"[954, 270]",False,,True,0.0,False,,False,"[[702, 600], [828, 708], [666, 726], [648, 744], [846, 780]]",,[],,0.4011840432884776,0.18643348046581454
197,5,3,3.275000000000091,,13518,"[954, 270]",False,,True,0.0,False,,False,"[[702, 594], [828, 702], [666, 720], [648, 738], [846, 774]]",,[],,0.40499628373841184,0.17705586791112438
198,5,3,3.29099999999994,,13518,"[954, 270]",False,,True,0.0,False,,False,"[[702, 588], [828, 696], [666, 714], [648, 732], [846, 768]]",,[],,0.40499628373841184,0.17705586791112438
199,5,3,3.3070000000000164,,13518,"[954, 270]",False,,True,0.0,False,,False,"[[702, 582], [828, 690], [666, 708], [648, 726], [846, 762]]",,[],,0.41654236459092786,0.1587509657463484
200,5,3,3.324000000000069,,13518,"[954, 270]",False,,True,0.0,False,,False,"[[702, 576], [828, 684], [666, 702], [648, 720], [846, 756]]",,[],,0.41654236459092786,0.1587509657463484
201,5,3,3.339999999999918,,13518,"[954, 270]",False,,True,0.0,False,,False,"[[702, 570], [828, 678], [666, 696], [648, 714], [846, 750]]",,[],,0.4155775382783268,0.16208388668008145
202,5,3,3.3559999999999945,,13518,"[954, 270]",False,,True,0.0,False,,False,"[[702, 564], [828, 672], [666, 690], [648, 708], [846, 744]]",,[],,0.41526198666737824,0.16328767013048473
203,5,3,3.372000000000071,,13518,"[954, 270]",False,,True,0.0,False,,False,"[[702, 558], [828, 666], [666, 684], [648, 702], [846, 738]]",,[],,0.41548890178513115,0.16927756345065315
204,5,3,3.3889999999998963,,13518,"[954, 270]",False,,True,0.0,False,,False,"[[702, 552], [828, 660], [666, 678], [648, 696], [846, 732]]",,[],,0.4155878490933834,0.17208239365508304
205,5,3,3.405999999999949,,13518,"[954, 270]",False,,True,0.0,False,,False,"[[702, 546], [828, 654], [666, 672], [648, 690], [846, 726]]",,[],,0.42071688476519825,0.16994171173951822
206,5,3,3.4220000000000255,,13518,"[954, 270]",False,,True,0.0,False,,False,"[[702, 540], [828, 648], [666, 666], [648, 684], [846, 720]]",,[],,0.42071688476519825,0.16994171173951822
207,5,3,3.438000000000102,,13518,"[954, 270]",False,,True,0.0,False,,False,"[[702, 534], [828, 642], [666, 660], [648, 678], [846, 714]]",,[],,0.4266259690383273,0.16506016154564052
208,5,3,3.4549999999999272,,13518,"[954, 270]",False,,True,0.0,False,,False,"[[702, 528], [828, 636], [666, 654], [648, 672], [846, 708]]",,[],,0.4266259690383273,0.16506016154564052
209,5,3,3.47199999999998,,13518,"[954, 270]",False,,True,0.0,False,,False,"[[702, 522], [828, 630], [666, 648], [648, 666], [846, 702]]",,[],,0.4279242603649706,0.16414484000078045
210,5,3,3.4890000000000327,,13518,"[954, 270]",False,,True,0.0,False,,False,"[[702, 516], [828, 624], [666, 642], [648, 660], [846, 696]]",,[],,0.42884913175958717,0.16120997766098544
211,5,3,3.5060000000000855,,13518,"[954, 270]",False,,True,0.0,False,,False,"[[702, 510], [828, 618], [666, 636], [648, 654], [846, 690]]",,[],,0.42899503280249024,0.16062637550338466
212,5,3,3.520999999999958,,13518,"[954, 270]",False,,True,0.0,False,,False,"[[702, 504], [828, 612], [666, 630], [648, 648], [846, 684]]",,[],,0.4288589690051324,0.1607803507140173
213,5,3,3.5370000000000346,,13518,"[954, 270]",False,,True,0.0,False,,False,"[[702, 498], [828, 606], [666, 624], [648, 642], [846, 678]]",,[],,0.4283047194875288,0.16309145338282272
214,5,3,3.5540000000000873,,13518,"[954, 270]",False,,True,0.0,False,,False,"[[702, 492], [828, 600], [666, 618], [648, 636], [846, 672]]",,[],,0.42917617369554717,0.16385625135992665
215,5,3,3.5699999999999363,,13518,"[954, 270]",False,,True,0.0,False,,False,"[[702, 486], [828, 594], [666, 612], [648, 630], [846, 666]]",,[],,0.4293090807304781,0.16508139108898978
216,5,3,3.5860000000000127,,13518,"[954, 270]",False,,True,0.0,False,,False,"[[702, 480], [828, 588], [666, 606], [648, 624], [846, 660]]",,[],,0.4291864114114345,0.16745839676979601
217,5,3,3.602000000000089,,13518,"[954, 270]",False,,True,0.0,False,,False,"[[702, 474], [828, 582], [666, 600], [648, 618], [846, 654]]",,[],,0.42895415196093556,0.17050470546023022
218,5,3,3.6189999999999145,,13518,"[954, 270]",False,,True,0.0,False,,False,"[[702, 468], [828, 576], [666, 594], [648, 612], [846, 648]]",,[],,0.4278792538917884,0.1782233495704285
219,5,3,3.634999999999991,,13518,"[954, 270]",False,,True,0.0,False,,False,"[[702, 462], [828, 570], [666, 588], [648, 606], [846, 642]]",,[],,0.42783094242635905,0.1795609608570652
220,5,3,3.6520000000000437,,13518,"[954, 270]",False,,True,0.0,False,,False,"[[702, 456], [828, 564], [666, 582], [648, 600], [846, 636]]",,[],,0.4282896773152558,0.1846340398111168
221,5,3,3.6679999999998927,,13518,"[954, 270]",False,,True,0.0,False,,False,"[[702, 450], [828, 558], [666, 576], [648, 594], [846, 630]]",,[],,0.4278572181309446,0.18554440685260798
222,5,3,3.6849999999999454,,13518,"[954, 270]",False,,True,0.0,False,,False,"[[702, 444], [828, 552], [666, 570], [648, 588], [846, 624]]",,[],,0.427693823686819,0.18894546652850075
223,5,3,3.701999999999998,,13518,"[954, 270]",False,,True,0.0,False,,False,"[[702, 438], [828, 546], [666, 564], [648, 582], [846, 618]]",,[],,0.42770968961682243,0.19027971916045883
224,5,3,3.719000000000051,,13518,"[954, 270]",False,,True,0.0,False,,False,"[[702, 432], [828, 540], [666, 558], [648, 576], [846, 612], [936, 810]]",,[],,0.4256071529478758,0.19528565452354107
225,5,3,3.7349999999999,,13518,"[954, 270]",False,,True,0.0,False,,False,"[[702, 426], [828, 534], [666, 552], [648, 570], [846, 606], [936, 804]]",,[],,0.4253526999128602,0.1973000075233935
226,5,3,3.7519999999999527,,13518,"[954, 270]",False,,True,0.0,False,,False,"[[702, 420], [828, 528], [666, 546], [648, 564], [846, 600], [936, 798]]",,[],,0.422370247021842,0.2068722283299378
227,5,3,3.768000000000029,,13518,"[954, 270]",False,,True,0.0,False,,False,"[[702, 414], [828, 522], [666, 540], [648, 558], [846, 594], [936, 792]]",,[],,0.4256101269075231,0.20796780349932864
228,5,3,3.785000000000082,,13518,"[954, 270]",False,,True,0.0,False,,False,"[[702, 408], [828, 516], [666, 534], [648, 552], [846, 588], [936, 786]]",,[],,0.44154167503358577,0.18561989311695348
229,5,3,3.800999999999931,,13518,"[954, 270]",False,,True,0.0,False,,False,"[[702, 402], [828, 510], [666, 528], [648, 546], [846, 582], [936, 780]]",,[],,0.44154167503358577,0.18561989311695348
230,5,3,3.8179999999999836,,13518,"[954, 270]",False,,True,0.0,False,,False,"[[702, 396], [828, 504], [666, 522], [648, 540], [846, 576], [936, 774]]",,[],,0.45296961115082846,0.1639697280613488
231,5,3,3.83400000000006,,13518,"[954, 270]",False,,True,0.0,False,,False,"[[702, 390], [828, 498], [666, 516], [648, 534], [846, 570], [936, 768]]",,[],,0.45296961115082846,0.1639697280613488
232,5,3,3.8510000000001128,,13518,"[954, 270]",False,,True,0.0,False,,False,"[[702, 384], [828, 492], [666, 510], [648, 528], [846, 564], [936, 762]]",,[],,0.45655461935735175,0.15994074757025756
233,5,3,3.867999999999938,,13518,"[954, 270]",False,,True,0.0,False,,False,"[[702, 378], [828, 486], [666, 504], [648, 522], [846, 558], [936, 756]]",,[],,0.45767092058409825,0.16020356877176267
234,5,3,3.8840000000000146,,13518,"[954, 270]",False,,True,0.0,False,,False,"[[702, 372], [828, 480], [666, 498], [648, 516], [846, 552], [936, 750]]",,[],,0.4552046646960881,0.16636718718969268
235,5,3,3.9010000000000673,,13518,"[954, 270]",False,,True,0.0,False,,False,"[[702, 366], [828, 474], [666, 492], [648, 510], [846, 546], [936, 744]]",,[],,0.4552046646960881,0.16636718718969268
236,5,3,3.9179999999998927,,13518,"[954, 270]",False,,True,0.0,False,,False,"[[702, 360], [828, 468], [666, 486], [648, 504], [846, 540], [936, 738]]",,[],,0.45366987740960163,0.17452313317541646
237,5,3,3.9349999999999454,,13518,"[954, 270]",False,,True,0.0,False,,False,"[[702, 354], [828, 462], [666, 480], [648, 498], [846, 534], [936, 732]]",,[],,0.4539869313304468,0.17478978044243754
238,5,3,3.951000000000022,,13518,"[954, 270]",False,,True,0.0,False,,False,"[[702, 348], [828, 456], [666, 474], [648, 492], [846, 528], [936, 726]]",,[],,0.4551752725435623,0.1793093616213728
239,5,3,3.9680000000000746,,13518,"[954, 270]",False,,True,0.0,False,,False,"[[702, 342], [828, 450], [666, 468], [648, 486], [846, 522], [936, 720]]",,[],,0.45557502999692245,0.17945577767886067
240,5,3,3.9839999999999236,,13518,"[954, 270]",False,,True,0.0,False,,False,"[[702, 336], [828, 444], [666, 462], [648, 480], [846, 516], [936, 714]]",,[],,0.4530369326649284,0.19381626353541415
241,5,3,4.000999999999976,,13518,"[954, 270]",False,,True,0.0,False,,False,"[[702, 330], [828, 438], [666, 456], [648, 474], [846, 510], [936, 708]]",,[],,0.4530369326649284,0.19381626353541415
242,5,3,4.018000000000029,,13518,"[954, 270]",False,,True,0.0,False,,False,"[[702, 324], [828, 432], [666, 450], [648, 468], [846, 504], [936, 702]]",,[],,0.4496297559429324,0.20480255247442736
243,5,3,4.0340000000001055,,13518,"[954, 270]",False,,True,0.0,False,,False,"[[702, 318], [828, 426], [666, 444], [648, 462], [846, 498], [936, 696]]",,[],,0.4496297559429324,0.20480255247442736
244,5,3,4.050999999999931,,13518,"[954, 270]",False,,True,0.0,False,,False,"[[702, 312], [828, 420], [666, 438], [648, 456], [846, 492], [936, 690]]",,[],,0.446289208477208,0.18473778576642097
245,5,3,4.067999999999984,,13518,"[954, 270]",False,,True,0.0,False,,False,"[[702, 306], [828, 414], [666, 432], [648, 450], [846, 486], [936, 684]]",,[],,0.446289208477208,0.18473778576642097
246,5,3,4.08400000000006,,13518,"[954, 270]",False,,True,0.0,False,,False,"[[702, 300], [828, 408], [666, 426], [648, 444], [846, 480], [936, 678]]",,[],,0.44839795801849636,0.16959157175877082
247,5,3,4.101000000000113,,13518,"[954, 270]",False,,True,0.0,False,,False,"[[702, 294], [828, 402], [666, 420], [648, 438], [846, 474], [936, 672]]",,[],,0.44839795801849636,0.16959157175877082
248,5,3,4.117999999999938,,13518,"[954, 270]",False,,True,0.0,False,,False,"[[702, 288], [828, 396], [666, 414], [648, 432], [846, 468], [936, 666], [1260, 810]]",,[],,0.45102194276948904,0.16159876331287049
249,5,3,4.134999999999991,,13518,"[954, 270]",False,,True,0.0,False,,False,"[[702, 282], [828, 390], [666, 408], [648, 426], [846, 462], [936, 660], [1260, 804]]",,[],,0.45102194276948904,0.16159876331287049
250,5,3,4.152000000000044,,13518,"[954, 270]",False,,True,0.0,False,,False,"[[702, 276], [828, 384], [666, 402], [648, 420], [846, 456], [936, 654], [1260, 798]]",,[],,0.45121389906137377,0.17001735441939947
251,5,3,4.169000000000096,,13518,"[954, 270]",False,,True,0.0,False,,False,"[[702, 270], [828, 378], [666, 396], [648, 414], [846, 450], [936, 648], [1260, 792]]",,[],,0.45121389906137377,0.17001735441939947
252,5,3,4.185999999999922,,13518,"[954, 270]",False,,True,0.0,False,,False,"[[702, 264], [828, 372], [666, 390], [648, 408], [846, 444], [936, 642], [1260, 786]]",,[],,0.4493439381234137,0.17465318262583673
253,5,3,4.201999999999998,,13518,"[954, 270]",False,,True,0.0,False,,False,"[[702, 258], [828, 366], [666, 384], [648, 402], [846, 438], [936, 636], [1260, 780]]",,[],,0.4493439381234137,0.17465318262583673
254,5,3,4.218000000000075,,13518,"[954, 270]",False,,True,0.0,False,,False,"[[702, 252], [828, 360], [666, 378], [648, 396], [846, 432], [936, 630], [1260, 774], [1260, 810]]",,[],,0.44802851370709396,0.1809906802843555
255,5,3,4.2349999999999,,13518,"[954, 270]",False,,True,0.0,False,,False,"[[702, 246], [828, 354], [666, 372], [648, 390], [846, 426], [936, 624], [1260, 768], [1260, 804]]",,[],,0.44802851370709396,0.1809906802843555
256,5,3,4.250999999999976,,13518,"[954, 270]",False,,True,0.0,False,,False,"[[702, 240], [828, 348], [666, 366], [648, 384], [846, 420], [936, 618], [1260, 762], [1260, 798]]",,[],,0.44647116569508194,0.1911824248959184
257,5,3,4.268000000000029,,13518,"[954, 270]",False,,True,0.0,False,,False,"[[702, 234], [828, 342], [666, 360], [648, 378], [846, 414], [936, 612], [1260, 756], [1260, 792]]",,[],,0.44647116569508194,0.1911824248959184
258,5,3,4.285000000000082,,13518,"[954, 270]",False,,True,0.0,False,,False,"[[702, 228], [828, 336], [666, 354], [648, 372], [846, 408], [936, 606], [1260, 750], [1260, 786]]",,[],,0.4457503973120579,0.20033878857353926
259,5,3,4.301999999999907,,13518,"[954, 270]",False,,True,0.0,False,,False,"[[702, 222], [828, 330], [666, 348], [648, 366], [846, 402], [936, 600], [1260, 744], [1260, 780]]",,[],,0.4457503973120579,0.20033878857353926
260,5,3,4.317999999999984,,13518,"[954, 270]",False,,True,0.0,False,,False,"[[702, 216], [828, 324], [666, 342], [648, 360], [846, 396], [936, 594], [1260, 738], [1260, 774]]",,[],,0.44618899781096244,0.20578271383981717
261,5,3,4.335000000000036,,13518,"[954, 270]",False,,True,0.0,False,,False,"[[702, 210], [828, 318], [666, 336], [648, 354], [846, 390], [936, 588], [1260, 732], [1260, 768]]",,[],,0.44618899781096244,0.20578271383981717
262,5,3,4.351000000000113,,13518,"[954, 270]",False,,True,0.0,False,,False,"[[702, 204], [828, 312], [666, 330], [648, 348], [846, 384], [936, 582], [1260, 726], [1260, 762]]",,[],,0.45056854573330407,0.2034031366976058
263,5,3,4.367999999999938,,13518,"[954, 270]",False,,True,0.0,False,,False,"[[702, 198], [828, 306], [666, 324], [648, 342], [846, 378], [936, 576], [1260, 720], [1260, 756]]",,[],,0.45056854573330407,0.2034031366976058
264,5,3,4.3840000000000146,,13518,"[954, 270]",False,,True,0.0,False,,False,"[[702, 192], [828, 300], [666, 318], [648, 336], [846, 372], [936, 570], [1260, 714], [1260, 750]]",,[],,0.45601164227237445,0.1945733441444385
265,5,3,4.401000000000067,,13518,"[954, 270]",False,,True,0.0,False,,False,"[[702, 186], [828, 294], [666, 312], [648, 330], [846, 366], [936, 564], [1260, 708], [1260, 744]]",,[],,0.45601164227237445,0.1945733441444385
266,5,3,4.416999999999916,,13518,"[954, 270]",False,,True,0.0,False,,False,"[[702, 180], [828, 288], [666, 306], [648, 324], [846, 360], [936, 558], [1260, 702], [1260, 738]]",,[],,0.45758526084404033,0.1900110002240557
267,5,3,4.433999999999969,,13518,"[954, 270]",False,,True,0.0,False,,False,"[[702, 174], [828, 282], [666, 300], [648, 318], [846, 354], [936, 552], [1260, 696], [1260, 732]]",,[],,0.45758526084404033,0.1900110002240557
268,5,3,4.451000000000022,,13518,"[954, 270]",False,,True,0.0,False,,False,"[[702, 168], [828, 276], [666, 294], [648, 312], [846, 348], [936, 546], [1260, 690], [1260, 726]]",,"[[1416, 810]]",,0.4554898867384626,0.19557246892025704
269,5,3,4.468000000000075,,13518,"[954, 270]",False,,True,0.0,False,,False,"[[702, 162], [828, 270], [666, 288], [648, 306], [846, 342], [936, 540], [1260, 684], [1260, 720], [720, 810]]",,"[[1416, 804]]",,0.4554898867384626,0.19557246892025704
270,5,3,4.483999999999924,,13518,"[954, 270]",False,,True,0.0,False,,False,"[[702, 156], [828, 264], [666, 282], [648, 300], [846, 336], [936, 534], [1260, 678], [1260, 714], [720, 804]]",,"[[1416, 798]]",,0.45478734941953364,0.19788722054274055
271,5,3,4.500999999999976,,13518,"[954, 270]",False,,True,0.0,False,,False,"[[702, 150], [828, 258], [666, 276], [648, 294], [846, 330], [936, 528], [1260, 672], [1260, 708], [720, 798]]",,"[[1416, 792]]",,0.45478734941953364,0.19788722054274055
272,5,3,4.518000000000029,,13518,"[954, 270]",False,,True,0.0,False,,False,"[[702, 144], [828, 252], [666, 270], [648, 288], [846, 324], [936, 522], [1260, 666], [1260, 702], [720, 792]]",,"[[1416, 786]]",,0.4546796404586407,0.19983717278520396
273,5,3,4.535000000000082,,13518,"[954, 270]",False,,True,0.0,False,,False,"[[702, 138], [828, 246], [666, 264], [648, 282], [846, 318], [936, 516], [1260, 660], [1260, 696], [720, 786]]",,"[[1416, 780]]",,0.4546796404586407,0.19983717278520396
274,5,3,4.550999999999931,,13518,"[954, 270]",False,,True,0.0,False,,False,"[[702, 132], [828, 240], [666, 258], [648, 276], [846, 312], [936, 510], [1260, 654], [1260, 690], [720, 780]]",,"[[1416, 774]]",,0.45765588005771185,0.198489430024839
275,5,3,4.567999999999984,,13518,"[954, 270]",False,,True,0.0,False,,False,"[[702, 126], [828, 234], [666, 252], [648, 270], [846, 306], [936, 504], [1260, 648], [1260, 684], [720, 774]]",,"[[1416, 768]]",,0.45765588005771185,0.198489430024839
276,5,3,4.58400000000006,,13518,"[954, 270]",False,,True,0.0,False,,False,"[[702, 120], [828, 228], [666, 246], [648, 264], [846, 300], [936, 498], [1260, 642], [1260, 678], [720, 768]]",,"[[1416, 762]]",,0.45922838560619744,0.1993832115481763
277,5,3,4.599999999999909,,13518,"[954, 270]",False,,True,0.0,False,,False,"[[702, 114], [828, 222], [666, 240], [648, 258], [846, 294], [936, 492], [1260, 636], [1260, 672], [720, 762]]",,"[[1416, 756]]",,0.45922838560619744,0.1993832115481763
278,5,3,4.616999999999962,,13518,"[954, 270]",False,,True,0.0,False,,False,"[[702, 108], [828, 216], [666, 234], [648, 252], [846, 288], [936, 486], [1260, 630], [1260, 666], [720, 756], [702, 810]]",,"[[1416, 750]]",,0.4602185881938448,0.19886582563511945
279,5,3,4.6340000000000146,,13518,"[954, 270]",False,,True,0.0,False,,False,"[[702, 102], [828, 210], [666, 228], [648, 246], [846, 282], [936, 480], [1260, 624], [1260, 660], [720, 750], [702, 804]]",,"[[1416, 744]]",,0.4602185881938448,0.19886582563511945
280,5,3,4.650000000000091,,13518,"[954, 270]",False,,True,0.0,False,,False,"[[702, 96], [828, 204], [666, 222], [648, 240], [846, 276], [936, 474], [1260, 618], [1260, 654], [720, 744], [702, 798]]",,"[[1416, 738]]",,0.4597361798282288,0.19951519264936524
281,5,3,4.66599999999994,,13518,"[954, 270]",False,,True,0.0,False,,False,"[[702, 90], [828, 198], [666, 216], [648, 234], [846, 270], [936, 468], [1260, 612], [1260, 648], [720, 738], [702, 792]]",,"[[1416, 732]]",,0.4597361798282288,0.19951519264936524
282,5,3,4.682000000000016,,13518,"[954, 270]",False,,True,0.0,False,,False,"[[702, 84], [828, 192], [666, 210], [648, 228], [846, 264], [936, 462], [1260, 606], [1260, 642], [720, 732], [702, 786]]",,"[[1416, 726]]",,0.45498089996615987,0.2068757771161488
283,5,3,4.698000000000093,,13518,"[954, 270]",False,,True,0.0,False,,False,"[[702, 78], [828, 186], [666, 204], [648, 222], [846, 258], [936, 456], [1260, 600], [1260, 636], [720, 726], [702, 780]]",,"[[1416, 720]]",,0.4548842503371153,0.21002976296676212
284,5,3,4.714999999999918,,13518,"[954, 270]",False,,True,0.0,False,,False,"[[702, 72], [828, 180], [666, 198], [648, 216], [846, 252], [936, 450], [1260, 594], [1260, 630], [720, 720], [702, 774]]",,"[[1416, 714]]",,0.4548495827970999,0.21578285579627443
285,5,3,4.730000000000018,,13518,"[954, 270]",False,,True,0.0,False,,False,"[[702, 66], [828, 174], [666, 192], [648, 210], [846, 246], [936, 444], [1260, 588], [1260, 624], [720, 714], [702, 768]]",,"[[1416, 708]]",,0.4548495827970999,0.21578285579627443
286,5,3,4.747000000000071,,13518,"[954, 270]",False,,True,0.0,False,,False,"[[702, 60], [828, 168], [666, 186], [648, 204], [846, 240], [936, 438], [1260, 582], [1260, 618], [720, 708], [702, 762]]",,"[[1416, 702]]",,0.4560694846418218,0.21610933546477384
287,5,3,4.76299999999992,,13518,"[954, 270]",False,,True,0.0,False,,False,"[[702, 54], [828, 162], [666, 180], [648, 198], [846, 234], [936, 432], [1260, 576], [1260, 612], [720, 702], [702, 756]]",,"[[1416, 696]]",,0.4560694846418218,0.21610933546477384
288,5,3,4.779999999999973,,13518,"[954, 270]",False,,True,0.0,False,,False,"[[702, 48], [828, 156], [666, 174], [648, 192], [846, 228], [936, 426], [1260, 570], [1260, 606], [720, 696], [702, 750]]",,"[[1416, 690]]",,0.4590790027931707,0.21817872436311603
289,5,3,4.7970000000000255,,13518,"[954, 270]",False,,True,0.0,False,,False,"[[702, 42], [828, 150], [666, 168], [648, 186], [846, 222], [936, 420], [1260, 564], [1260, 600], [720, 690], [702, 744]]",,"[[1416, 684]]",,0.4590790027931707,0.21817872436311603
290,5,3,4.813000000000102,,13518,"[954, 270]",False,,True,0.0,False,,False,"[[702, 36], [828, 144], [666, 162], [648, 180], [846, 216], [936, 414], [1260, 558], [1260, 594], [720, 684], [702, 738]]",,"[[1416, 678]]",,0.45968793374634165,0.2212231660715166
291,5,3,4.829999999999927,,13518,"[954, 270]",False,,True,0.0,False,,False,"[[702, 30], [828, 138], [666, 156], [648, 174], [846, 210], [936, 408], [1260, 552], [1260, 588], [720, 678], [702, 732]]",,"[[1416, 672]]",,0.45983022169724086,0.22262013220875065
292,5,3,4.84699999999998,,13518,"[954, 270]",False,,True,0.0,False,,False,"[[702, 24], [828, 132], [666, 150], [648, 168], [846, 204], [936, 402], [1260, 546], [1260, 582], [720, 672], [702, 726]]",,"[[1416, 666]]",,0.460259347125635,0.22729834977593633
293,5,3,4.864000000000033,,13518,"[954, 270]",False,,True,0.0,False,,False,"[[702, 18], [828, 126], [666, 144], [648, 162], [846, 198], [936, 396], [1260, 540], [1260, 576], [720, 666], [702, 720]]",,"[[1416, 660]]",,0.460259347125635,0.22729834977593633
294,5,3,4.8810000000000855,,13518,"[954, 270]",False,,True,0.0,False,,False,"[[702, 12], [828, 120], [666, 138], [648, 156], [846, 192], [936, 390], [1260, 534], [1260, 570], [720, 660], [702, 714]]",,"[[1416, 654]]",,0.46007698884271775,0.23276119940291096
295,5,3,4.899000000000115,,13518,"[954, 270]",False,Right,True,0.0,False,,False,"[[702, 6], [828, 114], [666, 132], [648, 150], [846, 186], [936, 384], [1260, 528], [1260, 564], [720, 654], [702, 708]]",,"[[1410, 648]]",,0.4602991373349844,0.23391436895547157
296,5,3,4.913999999999987,,13518,"[954, 270]",False,Right,True,0.0,False,,False,"[[696, 0], [822, 108], [660, 126], [642, 144], [840, 180], [930, 378], [1254, 522], [1254, 558], [714, 648], [696, 702]]",,"[[1404, 642]]",,0.4609455210187458,0.23740926511952098
297,5,3,4.93100000000004,,13518,"[954, 270]",False,Right,True,0.0,False,,False,"[[816, 102], [654, 120], [636, 138], [834, 174], [924, 372], [1248, 516], [1248, 552], [708, 642], [690, 696]]",,"[[1398, 636]]",,0.4609455210187458,0.23740926511952098
298,5,3,4.948000000000093,,13518,"[954, 270]",False,Right,True,0.0,False,,False,"[[810, 96], [648, 114], [630, 132], [828, 168], [918, 366], [1242, 510], [1242, 546], [702, 636], [684, 690]]",,"[[1392, 630]]",,0.4618998851435494,0.24182230826879825
299,5,3,4.963999999999942,,13518,"[954, 270]",False,Right,True,0.0,False,,False,"[[804, 90], [642, 108], [624, 126], [822, 162], [912, 360], [1236, 504], [1236, 540], [696, 630], [678, 684]]",,"[[1386, 624]]",,0.4618998851435494,0.24182230826879825
300,5,3,4.980000000000018,,13518,"[954, 270]",False,Right,True,0.0,False,,False,"[[798, 84], [636, 102], [618, 120], [816, 156], [906, 354], [1230, 498], [1230, 534], [690, 624], [672, 678]]",,"[[1380, 618]]",,0.46221352147081635,0.24223828447180906
301,5,3,4.997000000000071,,13518,"[954, 270]",False,Right,True,0.0,False,,False,"[[792, 78], [630, 96], [612, 114], [810, 150], [900, 348], [1224, 492], [1224, 528], [684, 618], [666, 672]]",,"[[1374, 612]]",,0.4618745371586668,0.24246917761196352
302,5,3,5.013999999999896,,13518,"[954, 270]",False,Right,True,0.0,False,,False,"[[786, 72], [624, 90], [606, 108], [804, 144], [894, 342], [1218, 486], [1218, 522], [678, 612], [660, 666], [966, 810]]",,"[[1368, 606]]",,0.4614738739579007,0.24452324957612237
303,5,3,5.029999999999973,,13518,"[954, 270]",False,Right,True,0.0,False,,False,"[[780, 66], [618, 84], [600, 102], [798, 138], [888, 336], [1212, 480], [1212, 516], [672, 606], [654, 660], [960, 804]]",,"[[1362, 600]]",,0.46146845040302187,0.24462408482880926
304,5,3,5.046000000000049,,13518,"[954, 270]",False,Right,True,0.0,False,,False,"[[774, 60], [612, 78], [594, 96], [792, 132], [882, 330], [1206, 474], [1206, 510], [666, 600], [648, 654], [954, 798]]",,"[[1356, 594]]",,0.4615459981332881,0.24575323943708105
305,5,3,5.063000000000102,,13518,"[954, 270]",False,Right,True,0.0,False,,False,"[[768, 54], [606, 72], [588, 90], [786, 126], [876, 324], [1200, 468], [1200, 504], [660, 594], [642, 648], [948, 792]]",,"[[1350, 588]]",,0.46051676344762604,0.24707165055465308
306,5,3,5.079999999999927,,13518,"[954, 270]",False,Right,True,0.0,False,,False,"[[762, 48], [600, 66], [582, 84], [780, 120], [870, 318], [1194, 462], [1194, 498], [654, 588], [636, 642], [942, 786]]",,"[[1344, 582]]",,0.4607161867692254,0.2478909045809844
307,5,3,5.09699999999998,,13518,"[954, 270]",False,Right,True,0.0,False,,False,"[[756, 42], [594, 60], [576, 78], [774, 114], [864, 312], [1188, 456], [1188, 492], [648, 582], [630, 636], [936, 780]]",,"[[1338, 576]]",,0.4607161867692254,0.2478909045809844
308,5,3,5.11200000000008,,13518,"[954, 270]",False,Right,True,0.0,False,,False,"[[750, 36], [588, 54], [570, 72], [768, 108], [858, 306], [1182, 450], [1182, 486], [642, 576], [624, 630], [930, 774]]",,"[[1332, 570]]",,0.46026143798068864,0.2508622588834367
309,5,3,5.128999999999905,,13518,"[954, 270]",False,Right,True,0.0,False,,False,"[[744, 30], [582, 48], [564, 66], [762, 102], [852, 300], [1176, 444], [1176, 480], [636, 570], [618, 624], [924, 768]]",,"[[1326, 564]]",,0.37772025536535325,0.3155786817443623
310,5,3,5.144999999999982,,13518,"[954, 270]",False,Right,True,0.0,False,,False,"[[738, 24], [576, 42], [558, 60], [756, 96], [846, 294], [1170, 438], [1170, 474], [630, 564], [612, 618], [918, 762]]",,"[[1320, 558]]",,0.45874701708254734,0.3112233560408709
311,5,3,5.161000000000058,,13518,"[954, 270]",False,Right,True,0.0,False,,False,"[[732, 18], [570, 36], [552, 54], [750, 90], [840, 288], [1164, 432], [1164, 468], [624, 558], [606, 612], [912, 756]]",,"[[1314, 552]]",,0.4619326645021607,0.2565934648739816
312,5,3,5.178000000000111,,13518,"[954, 270]",False,Right,True,0.0,False,,False,"[[726, 12], [564, 30], [546, 48], [744, 84], [834, 282], [1158, 426], [1158, 462], [618, 552], [600, 606], [906, 750]]",,"[[1308, 546]]",,0.4625716786949348,0.25891968057922454
313,5,3,5.194999999999936,,13518,"[954, 270]",False,,True,0.0,False,,False,"[[720, 6], [558, 24], [540, 42], [738, 78], [828, 276], [1152, 420], [1152, 456], [612, 546], [594, 600], [900, 744]]",,"[[1308, 540]]",,0.37736881022456925,0.31532683089982116
314,5,3,5.210000000000036,,13518,"[954, 270]",False,,True,0.0,False,,False,"[[720, 0], [558, 18], [540, 36], [738, 72], [828, 270], [1152, 414], [1152, 450], [612, 540], [594, 594], [900, 738]]",,"[[1308, 534]]",,0.4630056239630454,0.2603128345696559
315,5,3,5.227000000000089,,13518,"[954, 270]",False,,True,0.0,False,,False,"[[558, 12], [540, 30], [738, 66], [828, 264], [1152, 408], [1152, 444], [612, 534], [594, 588], [900, 732]]",,"[[1308, 528]]",,0.46313383004256875,0.2600753065522181
316,5,3,5.2439999999999145,,13518,"[954, 270]",False,,True,0.0,False,,False,"[[558, 6], [540, 24], [738, 60], [828, 258], [1152, 402], [1152, 438], [612, 528], [594, 582], [900, 726]]",,"[[1308, 522]]",,0.46371999946406095,0.26024331584109417
317,5,3,5.261999999999944,,13518,"[954, 270]",False,,True,0.0,False,,False,"[[558, 0], [540, 18], [738, 54], [828, 252], [1152, 396], [1152, 432], [612, 522], [594, 576], [900, 720]]",,"[[1308, 516]]",,0.46336086479565564,0.2620014304205144
318,5,3,5.278999999999996,,13518,"[954, 270]",False,,True,0.0,False,,False,"[[540, 12], [738, 48], [828, 246], [1152, 390], [1152, 426], [612, 516], [594, 570], [900, 714]]",,"[[1308, 510]]",,0.4636217583532912,0.26331793384960867
319,5,3,5.294000000000096,,13518,"[954, 270]",False,,True,0.0,False,,False,"[[540, 6], [738, 42], [828, 240], [1152, 384], [1152, 420], [612, 510], [594, 564], [900, 708]]",,"[[1308, 504]]",,0.46311298418105584,0.25858984667949936
320,5,3,5.310999999999922,,13518,"[954, 270]",False,,True,0.0,False,,False,"[[540, 0], [738, 36], [828, 234], [1152, 378], [1152, 414], [612, 504], [594, 558], [900, 702]]",,"[[1308, 498]]",,0.46311298418105584,0.25858984667949936
321,5,3,5.3279999999999745,,13518,"[954, 270]",False,,True,0.0,False,,False,"[[738, 30], [828, 228], [1152, 372], [1152, 408], [612, 498], [594, 552], [900, 696]]",,"[[1308, 492]]",,0.45742139387816605,0.21295353979933018
322,5,3,5.344000000000051,,13518,"[954, 270]",False,,True,0.0,False,,False,"[[738, 24], [828, 222], [1152, 366], [1152, 402], [612, 492], [594, 546], [900, 690]]",,"[[1308, 486]]",,0.45738070529643293,0.20794869525192472
323,5,3,5.3599999999999,,13518,"[954, 270]",False,,True,0.0,False,,False,"[[738, 18], [828, 216], [1152, 360], [1152, 396], [612, 486], [594, 540], [900, 684]]",,"[[1308, 480]]",,0.45580217796316375,0.19522501958524052
324,5,3,5.375999999999976,,13518,"[954, 270]",False,,True,0.0,False,,False,"[[738, 12], [828, 210], [1152, 354], [1152, 390], [612, 480], [594, 534], [900, 678]]",,"[[1308, 474]]",,0.45552839296186887,0.19300160139347278
325,5,3,5.393000000000029,,13518,"[954, 270]",False,,True,0.0,False,,False,"[[738, 6], [828, 204], [1152, 348], [1152, 384], [612, 474], [594, 528], [900, 672]]",,"[[1308, 468]]",,0.4542348079076737,0.18577609973195008
326,5,3,5.4090000000001055,,13518,"[954, 270]",False,,True,0.0,False,,False,"[[738, 0], [828, 198], [1152, 342], [1152, 378], [612, 468], [594, 522], [900, 666]]",,"[[1308, 462]]",,0.4542348079076737,0.18577609973195008
327,5,3,5.425999999999931,,13518,"[954, 270]",False,,True,0.0,False,,False,"[[828, 192], [1152, 336], [1152, 372], [612, 462], [594, 516], [900, 660]]",,"[[1308, 456]]",,0.4529121086268491,0.1900981482935873
328,5,3,5.442999999999984,,13518,"[954, 270]",False,,True,0.0,False,,False,"[[828, 186], [1152, 330], [1152, 366], [612, 456], [594, 510], [900, 654]]",,"[[1308, 450]]",,0.4529121086268491,0.1900981482935873
329,5,3,5.460000000000036,,13518,"[954, 270]",False,,True,0.0,False,,False,"[[828, 180], [1152, 324], [1152, 360], [612, 450], [594, 504], [900, 648]]",,"[[1308, 444]]",,0.45074860084971125,0.19820118563981426
330,5,3,5.476000000000113,,13518,"[954, 270]",False,,True,0.0,False,,False,"[[828, 174], [1152, 318], [1152, 354], [612, 444], [594, 498], [900, 642]]",,"[[1308, 438]]",,0.45080994386952034,0.19999859967824163
331,5,3,5.491999999999962,,13518,"[954, 270]",False,,True,0.0,False,,False,"[[828, 168], [1152, 312], [1152, 348], [612, 438], [594, 492], [900, 636]]",,"[[1308, 432]]",,0.4516132909090168,0.20237782107170021
332,5,3,5.5090000000000146,,13518,"[954, 270]",False,,True,0.0,False,,False,"[[828, 162], [1152, 306], [1152, 342], [612, 432], [594, 486], [900, 630], [666, 810]]",,"[[1308, 426]]",,0.4516132909090168,0.20237782107170021
333,5,3,5.525000000000091,,13518,"[954, 270]",False,,True,0.0,False,,False,"[[828, 156], [1152, 300], [1152, 336], [612, 426], [594, 480], [900, 624], [666, 804]]",,"[[1308, 420]]",,0.4513457678365554,0.21304682675785735
334,5,3,5.54099999999994,,13518,"[954, 270]",False,,True,0.0,False,,False,"[[828, 150], [1152, 294], [1152, 330], [612, 420], [594, 474], [900, 618], [666, 798]]",,"[[1308, 414]]",,0.4513457678365554,0.21304682675785735
335,5,3,5.557999999999993,,13518,"[954, 270]",False,Right,True,0.0,False,,False,"[[828, 144], [1152, 288], [1152, 324], [612, 414], [594, 468], [900, 612], [666, 792], [684, 810]]",,"[[1302, 408]]",,0.45077526835242887,0.214342452510074
336,5,3,5.5750000000000455,,13518,"[954, 270]",False,Right,True,0.0,False,,False,"[[822, 138], [1146, 282], [1146, 318], [606, 408], [588, 462], [894, 606], [660, 786], [678, 804]]",,"[[1296, 402]]",,0.45077526835242887,0.214342452510074
337,5,3,5.592000000000098,,13518,"[954, 270]",False,Right,True,0.0,False,,False,"[[816, 132], [1140, 276], [1140, 312], [600, 402], [582, 456], [888, 600], [654, 780], [672, 798]]",,"[[1290, 396]]",,0.4505296950159008,0.21507483960618157
338,5,3,5.608999999999924,,13518,"[954, 270]",False,Right,True,0.0,False,,False,"[[810, 126], [1134, 270], [1134, 306], [594, 396], [576, 450], [882, 594], [648, 774], [666, 792]]",,"[[1284, 390]]",,0.4505296950159008,0.21507483960618157
339,5,3,5.625999999999976,,13518,"[954, 270]",False,Right,True,0.0,False,,False,"[[804, 120], [1128, 264], [1128, 300], [588, 390], [570, 444], [876, 588], [642, 768], [660, 786]]",,"[[1278, 384]]",,0.450971170567344,0.21915505976885785
340,5,3,5.642000000000053,,13518,"[954, 270]",False,Right,True,0.0,False,,False,"[[798, 114], [1122, 258], [1122, 294], [582, 384], [564, 438], [870, 582], [636, 762], [654, 780]]",,"[[1272, 378]]",,0.450971170567344,0.21915505976885785
341,5,3,5.657999999999902,,13518,"[954, 270]",False,Right,True,0.0,False,,False,"[[792, 108], [1116, 252], [1116, 288], [576, 378], [558, 432], [864, 576], [630, 756], [648, 774], [612, 810]]",,"[[1266, 372]]",,0.45004270177201755,0.2204617927660526
342,5,3,5.6749999999999545,,13518,"[954, 270]",False,Right,True,0.0,False,,False,"[[786, 102], [1110, 246], [1110, 282], [570, 372], [552, 426], [858, 570], [624, 750], [642, 768], [606, 804]]",,"[[1260, 366]]",,0.45004270177201755,0.2204617927660526
343,5,3,5.692000000000007,,13518,"[954, 270]",False,Right,True,0.0,False,,False,"[[780, 96], [1104, 240], [1104, 276], [564, 366], [546, 420], [852, 564], [618, 744], [636, 762], [600, 798]]",,"[[1254, 360]]",,0.45014359585381003,0.22387321243856495
344,5,3,5.70900000000006,,13518,"[954, 270]",False,Right,True,0.0,False,,False,"[[774, 90], [1098, 234], [1098, 270], [558, 360], [540, 414], [846, 558], [612, 738], [630, 756], [594, 792]]",,"[[1248, 354]]",,0.45014359585381003,0.22387321243856495
345,5,3,5.726000000000113,,13518,"[954, 270]",False,Right,True,0.0,False,,False,"[[768, 84], [1092, 228], [1092, 264], [552, 354], [534, 408], [840, 552], [606, 732], [624, 750], [588, 786]]",,"[[1242, 348]]",,0.4491319334970501,0.2286129906000427
346,5,3,5.741999999999962,,13518,"[954, 270]",False,Right,True,0.0,False,,False,"[[762, 78], [1086, 222], [1086, 258], [546, 348], [528, 402], [834, 546], [600, 726], [618, 744], [582, 780]]",,"[[1236, 342]]",,0.4491319334970501,0.2286129906000427
347,5,3,5.7590000000000146,,13518,"[954, 270]",False,Right,True,0.0,False,,False,"[[756, 72], [1080, 216], [1080, 252], [540, 342], [522, 396], [828, 540], [594, 720], [612, 738], [576, 774]]",,"[[1230, 336]]",,0.4499771191790122,0.23181523604052878
348,5,3,5.776000000000067,,13518,"[954, 270]",False,Right,True,0.0,False,,False,"[[750, 66], [1074, 210], [1074, 246], [534, 336], [516, 390], [822, 534], [588, 714], [606, 732], [570, 768]]",,"[[1224, 330]]",,0.4499771191790122,0.23181523604052878
349,5,3,5.792999999999893,,13518,"[954, 270]",False,Right,True,0.0,False,,False,"[[744, 60], [1068, 204], [1068, 240], [528, 330], [510, 384], [816, 528], [582, 708], [600, 726], [564, 762]]",,"[[1218, 324], [312, 810]]",,0.4496905834600458,0.2322400486552858
350,5,3,5.809999999999945,,13518,"[954, 270]",False,Right,True,0.0,False,,False,"[[738, 54], [1062, 198], [1062, 234], [522, 324], [504, 378], [810, 522], [576, 702], [594, 720], [558, 756], [738, 810]]",,"[[1212, 318], [306, 804]]",,0.4496905834600458,0.2322400486552858
351,5,3,5.826000000000022,,13518,"[954, 270]",False,Right,True,0.0,False,,False,"[[732, 48], [1056, 192], [1056, 228], [516, 318], [498, 372], [804, 516], [570, 696], [588, 714], [552, 750], [732, 804]]",,"[[1206, 312], [300, 798]]",,0.44798008009291346,0.23169913912408446
352,5,3,5.843000000000075,,13518,"[954, 270]",False,Right,True,1.0,False,,False,"[[726, 42], [1050, 186], [1050, 222], [510, 312], [492, 366], [798, 510], [564, 690], [582, 708], [546, 744], [726, 798]]",,"[[1200, 306], [294, 792]]",,0.44798008009291346,0.23169913912408446
353,5,3,5.8599999999999,,13518,"[954, 270]",False,,True,1.0,False,,False,"[[720, 36], [1044, 180], [1044, 216], [504, 306], [486, 360], [792, 504], [558, 684], [576, 702], [540, 738], [720, 792], [702, 810]]",,"[[1206, 300], [300, 786]]",,0.44629909891353126,0.2330943787849683
354,5,3,5.875999999999976,,13518,"[954, 270]",False,,True,1.0,False,,False,"[[726, 30], [1050, 174], [1050, 210], [510, 300], [492, 354], [798, 498], [564, 678], [582, 696], [546, 732], [726, 786], [708, 804]]",,"[[1212, 294], [306, 780]]",,0.44629909891353126,0.2330943787849683
355,5,3,5.892000000000053,,13518,"[954, 270]",False,,True,1.0,False,,False,"[[732, 24], [1056, 168], [1056, 204], [516, 294], [498, 348], [804, 492], [570, 672], [588, 690], [552, 726], [732, 780], [714, 798]]",,"[[1218, 288], [312, 774]]",,0.4453885488821694,0.23405296462765424
356,5,3,5.9090000000001055,,13518,"[954, 270]",False,,True,1.0,False,,False,"[[738, 18], [1062, 162], [1062, 198], [522, 288], [504, 342], [810, 486], [576, 666], [594, 684], [558, 720], [738, 774], [720, 792]]",,"[[1224, 282], [318, 768]]",,0.4453885488821694,0.23405296462765424
357,5,3,5.925999999999931,,13518,"[954, 270]",False,,True,1.0,False,,False,"[[744, 12], [1068, 156], [1068, 192], [528, 282], [510, 336], [816, 480], [582, 660], [600, 678], [564, 714], [744, 768], [726, 786]]",,"[[1230, 276], [324, 762]]",,0.4458751127650589,0.23296705820249963
358,5,3,5.942999999999984,,13518,"[954, 270]",False,,True,1.0,False,,False,"[[750, 6], [1074, 150], [1074, 186], [534, 276], [516, 330], [822, 474], [588, 654], [606, 672], [570, 708], [750, 762], [732, 780]]",,"[[1236, 270], [330, 756]]",,0.4458751127650589,0.23296705820249963
359,5,3,5.95900000000006,,13518,"[954, 270]",False,,True,1.0,False,,False,"[[756, 0], [1080, 144], [1080, 180], [540, 270], [522, 324], [828, 468], [594, 648], [612, 666], [576, 702], [756, 756], [738, 774]]",,"[[1242, 264], [336, 750]]",,0.44592734804265904,0.23293216029430663
360,5,3,5.974999999999909,,13518,"[954, 270]",False,,True,1.0,False,,False,"[[1086, 138], [1086, 174], [546, 264], [528, 318], [834, 462], [600, 642], [618, 660], [582, 696], [762, 750], [744, 768]]",,"[[1248, 258], [342, 744]]",,0.44592734804265904,0.23293216029430663
361,5,3,5.9909999999999854,,13518,"[954, 270]",False,,True,1.0,False,,False,"[[1092, 132], [1092, 168], [552, 258], [534, 312], [840, 456], [606, 636], [624, 654], [588, 690], [768, 744], [750, 762]]",,"[[1254, 252], [348, 738]]",,0.44198128079708426,0.2988142423064537
362,5,3,6.008000000000038,,13518,"[954, 270]",False,,True,1.0,False,,False,"[[1098, 126], [1098, 162], [558, 252], [540, 306], [846, 450], [612, 630], [630, 648], [594, 684], [774, 738], [756, 756]]",,"[[1260, 246], [354, 732]]",,0.44198128079708426,0.2988142423064537
363,5,3,6.024000000000115,,13518,"[954, 270]",False,,True,1.0,False,,False,"[[1104, 120], [1104, 156], [564, 246], [546, 300], [852, 444], [618, 624], [636, 642], [600, 678], [780, 732], [762, 750]]",,"[[1266, 240], [360, 726]]",,0.4479806277663941,0.23630112227883693
364,5,3,6.04099999999994,,13518,"[954, 270]",False,Right,True,1.0,False,,False,"[[1110, 114], [1110, 150], [570, 240], [552, 294], [858, 438], [624, 618], [642, 636], [606, 672], [786, 726], [768, 744]]",,"[[1266, 234], [360, 720]]",,0.4479806277663941,0.23630112227883693
365,5,3,6.05600000000004,,13518,"[954, 270]",False,Right,True,1.0,False,,False,"[[1110, 108], [1110, 144], [570, 234], [552, 288], [858, 432], [624, 612], [642, 630], [606, 666], [786, 720], [768, 738]]",,"[[1266, 228], [360, 714]]",,0.3724014035590974,0.3116540344514487
366,5,3,6.073000000000093,,13518,"[954, 270]",False,Right,True,1.0,False,,False,"[[1110, 102], [1110, 138], [570, 228], [552, 282], [858, 426], [624, 606], [642, 624], [606, 660], [786, 714], [768, 732]]",,"[[1266, 222], [360, 708]]",,0.3724014035590974,0.3116540344514487
367,5,3,6.089999999999918,,13518,"[954, 270]",False,Right,True,1.0,False,,False,"[[1110, 96], [1110, 132], [570, 222], [552, 276], [858, 420], [624, 600], [642, 618], [606, 654], [786, 708], [768, 726]]",,"[[1266, 216], [360, 702]]",,0.44791570483072823,0.24336485464854818
368,5,3,6.1059999999999945,,13518,"[954, 270]",False,Right,True,1.0,False,,False,"[[1110, 90], [1110, 126], [570, 216], [552, 270], [858, 414], [624, 594], [642, 612], [606, 648], [786, 702], [768, 720]]",,"[[1266, 210], [360, 696]]",,0.44791570483072823,0.24336485464854818
369,5,3,6.123000000000047,,13518,"[954, 270]",False,Right,True,1.0,False,,False,"[[1110, 84], [1110, 120], [570, 210], [552, 264], [858, 408], [624, 588], [642, 606], [606, 642], [786, 696], [768, 714]]",,"[[1266, 204], [360, 690]]",,0.44694538034857273,0.24501469359063544
370,5,3,6.1400000000001,,13518,"[954, 270]",False,Right,True,1.0,False,,False,"[[1110, 78], [1110, 114], [570, 204], [552, 258], [858, 402], [624, 582], [642, 600], [606, 636], [786, 690], [768, 708]]",,"[[1266, 198], [360, 684]]",,0.44694538034857273,0.24501469359063544
371,5,3,6.155999999999949,,13518,"[954, 270]",False,Right,True,1.0,False,,False,"[[1110, 72], [1110, 108], [570, 198], [552, 252], [858, 396], [624, 576], [642, 594], [606, 630], [786, 684], [768, 702]]",,"[[1266, 192], [360, 678]]",,0.4481048479770939,0.2488815810748246
372,5,3,6.173000000000002,,13518,"[954, 270]",False,Right,True,1.0,False,,False,"[[1110, 66], [1110, 102], [570, 192], [552, 246], [858, 390], [624, 570], [642, 588], [606, 624], [786, 678], [768, 696]]",,"[[1266, 186], [360, 672]]",,0.4481048479770939,0.2488815810748246
373,5,3,6.190000000000055,,13518,"[954, 270]",False,Right,True,1.0,False,,False,"[[1110, 60], [1110, 96], [570, 186], [552, 240], [858, 384], [624, 564], [642, 582], [606, 618], [786, 672], [768, 690]]",,"[[1266, 180], [360, 666]]",,0.44942853075864236,0.25223013631078417
374,5,3,6.205999999999904,,13518,"[954, 270]",False,Right,True,1.0,False,,False,"[[1110, 54], [1110, 90], [570, 180], [552, 234], [858, 378], [624, 558], [642, 576], [606, 612], [786, 666], [768, 684]]",,"[[1266, 174], [360, 660]]",,0.44942853075864236,0.25223013631078417
375,5,3,6.22199999999998,,13518,"[954, 270]",False,Right,True,1.0,False,,False,"[[1110, 48], [1110, 84], [570, 174], [552, 228], [858, 372], [624, 552], [642, 570], [606, 606], [786, 660], [768, 678]]",,"[[1266, 168], [360, 654]]",,0.44969675892412536,0.25416444434679386
376,5,3,6.238000000000056,,13518,"[954, 270]",False,Right,True,1.0,False,,False,"[[1110, 42], [1110, 78], [570, 168], [552, 222], [858, 366], [624, 546], [642, 564], [606, 600], [786, 654], [768, 672]]",,"[[1266, 162], [360, 648]]",,0.3714495298154138,0.3109843794387218
377,5,3,6.255000000000109,,13518,"[954, 270]",False,Right,True,1.0,False,,False,"[[1110, 36], [1110, 72], [570, 162], [552, 216], [858, 360], [624, 540], [642, 558], [606, 594], [786, 648], [768, 666]]",,"[[1266, 156], [360, 642]]",,0.44936403136344855,0.2557704991810946
378,5,3,6.2719999999999345,,13518,"[954, 270]",False,Right,True,1.0,False,,False,"[[1110, 30], [1110, 66], [570, 156], [552, 210], [858, 354], [624, 534], [642, 552], [606, 588], [786, 642], [768, 660]]",,"[[1266, 150], [360, 636]]",,0.44936403136344855,0.2557704991810946
379,5,3,6.288000000000011,,13518,"[954, 270]",False,Right,True,1.0,False,,False,"[[1110, 24], [1110, 60], [570, 150], [552, 204], [858, 348], [624, 528], [642, 546], [606, 582], [786, 636], [768, 654]]",,"[[1266, 144], [360, 630]]",,0.4494436732393538,0.3174981163777224
380,5,3,6.304000000000087,,13518,"[954, 270]",False,Right,True,1.0,False,,False,"[[1110, 18], [1110, 54], [570, 144], [552, 198], [858, 342], [624, 522], [642, 540], [606, 576], [786, 630], [768, 648], [732, 810], [1056, 810]]",,"[[1266, 138], [360, 624]]",,0.4494436732393538,0.3174981163777224
381,5,3,6.320999999999913,,13518,"[954, 270]",False,Right,True,1.0,False,,False,"[[1110, 12], [1110, 48], [570, 138], [552, 192], [858, 336], [624, 516], [642, 534], [606, 570], [786, 624], [768, 642], [732, 804], [1056, 804]]",,"[[1266, 132], [360, 618]]",,0.44921254206260197,0.25826926452968146
382,5,3,6.336999999999989,,13518,"[954, 270]",False,Right,True,1.0,False,,False,"[[1110, 6], [1110, 42], [570, 132], [552, 186], [858, 330], [624, 510], [642, 528], [606, 564], [786, 618], [768, 636], [732, 798], [1056, 798]]",,"[[1266, 126], [360, 612]]",,0.44922385344481136,0.2592287478997327
383,5,3,6.3559999999999945,,13518,"[954, 270]",False,Right,True,1.0,False,,False,"[[1110, 0], [1110, 36], [570, 126], [552, 180], [858, 324], [624, 504], [642, 522], [606, 558], [786, 612], [768, 630], [732, 792], [1056, 792]]",,"[[1266, 120], [360, 606]]",,0.4504183697035337,0.26051330703378694
384,5,3,6.373000000000047,,13518,"[954, 270]",False,Right,True,1.0,False,,False,"[[1110, 30], [570, 120], [552, 174], [858, 318], [624, 498], [642, 516], [606, 552], [786, 606], [768, 624], [732, 786], [1056, 786]]",,"[[1266, 114], [360, 600]]",,0.4504183697035337,0.26051330703378694
385,5,3,6.3900000000001,,13518,"[954, 270]",False,Right,True,1.0,False,,False,"[[1110, 24], [570, 114], [552, 168], [858, 312], [624, 492], [642, 510], [606, 546], [786, 600], [768, 618], [732, 780], [1056, 780]]",,"[[1266, 108], [360, 594]]",,0.4513185083827923,0.24016833051847475
386,5,3,6.405999999999949,,13518,"[954, 270]",False,Right,True,1.0,False,,False,"[[1110, 18], [570, 108], [552, 162], [858, 306], [624, 486], [642, 504], [606, 540], [786, 594], [768, 612], [732, 774], [1056, 774], [552, 810]]",,"[[1266, 102], [360, 588]]",,0.45141268763186854,0.2404441121144283
387,5,3,6.423000000000002,,13518,"[954, 270]",False,Right,True,1.0,False,,False,"[[1110, 12], [570, 102], [552, 156], [858, 300], [624, 480], [642, 498], [606, 534], [786, 588], [768, 606], [732, 768], [1056, 768], [552, 804]]",,"[[1266, 96], [360, 582]]",,0.45058433170058054,0.23803045117864075
388,5,3,6.440000000000055,,13518,"[954, 270]",False,Right,True,1.0,False,,False,"[[1110, 6], [570, 96], [552, 150], [858, 294], [624, 474], [642, 492], [606, 528], [786, 582], [768, 600], [732, 762], [1056, 762], [552, 798]]",,"[[1266, 90], [360, 576]]",,0.45058433170058054,0.23803045117864075
389,5,3,6.455999999999904,,13518,"[954, 270]",False,Right,True,1.0,False,,False,"[[1110, 0], [570, 90], [552, 144], [858, 288], [624, 468], [642, 486], [606, 522], [786, 576], [768, 594], [732, 756], [1056, 756], [552, 792], [876, 810]]",,"[[1266, 84], [360, 570]]",,0.4499717292061459,0.2365609317141545
390,5,3,6.47199999999998,,13518,"[954, 270]",False,Right,True,1.0,False,,False,"[[570, 84], [552, 138], [858, 282], [624, 462], [642, 480], [606, 516], [786, 570], [768, 588], [732, 750], [1056, 750], [552, 786], [876, 804]]",,"[[1266, 78], [360, 564]]",,0.4499717292061459,0.2365609317141545
391,5,3,6.488000000000056,,13518,"[954, 270]",False,Right,True,1.0,False,,False,"[[570, 78], [552, 132], [858, 276], [624, 456], [642, 474], [606, 510], [786, 564], [768, 582], [732, 744], [1056, 744], [552, 780], [876, 798]]",,"[[1266, 72], [360, 558]]",,0.4509564508063342,0.23680169894606395
392,5,3,6.503999999999905,,13518,"[954, 270]",False,Right,True,1.0,False,,False,"[[570, 72], [552, 126], [858, 270], [624, 450], [642, 468], [606, 504], [786, 558], [768, 576], [732, 738], [1056, 738], [552, 774], [876, 792], [1056, 810]]",,"[[1266, 66], [360, 552]]",,0.4526618094540729,0.23505418425567381
393,5,3,6.520999999999958,,13518,"[954, 270]",False,Right,True,1.0,False,,False,"[[570, 66], [552, 120], [858, 264], [624, 444], [642, 462], [606, 498], [786, 552], [768, 570], [732, 732], [1056, 732], [552, 768], [876, 786], [1056, 804]]",,"[[1266, 60], [360, 546]]",,0.4533464926883872,0.23734624742126398
394,5,3,6.538000000000011,,13518,"[954, 270]",False,Right,True,1.0,False,,False,"[[570, 60], [552, 114], [858, 258], [624, 438], [642, 456], [606, 492], [786, 546], [768, 564], [732, 726], [1056, 726], [552, 762], [876, 780], [1056, 798]]",,"[[1266, 54], [360, 540]]",,0.4533464926883872,0.23734624742126398
395,5,3,6.555000000000064,,13518,"[954, 270]",False,Right,True,1.0,False,,False,"[[570, 54], [552, 108], [858, 252], [624, 432], [642, 450], [606, 486], [786, 540], [768, 558], [732, 720], [1056, 720], [552, 756], [876, 774], [1056, 792]]",,"[[1266, 48], [360, 534]]",,0.4536596138464777,0.23909471565699758
396,5,3,6.570999999999913,,13518,"[954, 270]",False,Right,True,1.0,False,,False,"[[570, 48], [552, 102], [858, 246], [624, 426], [642, 444], [606, 480], [786, 534], [768, 552], [732, 714], [1056, 714], [552, 750], [876, 768], [1056, 786]]",,"[[1266, 42], [360, 528]]",,0.453860759134842,0.23928213678274912
397,5,3,6.587999999999965,,13518,"[954, 270]",False,Right,True,1.0,False,,False,"[[570, 42], [552, 96], [858, 240], [624, 420], [642, 438], [606, 474], [786, 528], [768, 546], [732, 708], [1056, 708], [552, 744], [876, 762], [1056, 780]]",,"[[1266, 36], [360, 522]]",,0.4497462797869984,0.23033651076623873
398,5,3,6.6059999999999945,,13518,"[954, 270]",False,Right,True,1.0,False,,False,"[[570, 36], [552, 90], [858, 234], [624, 414], [642, 432], [606, 468], [786, 522], [768, 540], [732, 702], [1056, 702], [552, 738], [876, 756], [1056, 774]]",,"[[1266, 30], [360, 516]]",,0.44793507722936976,0.2168021807831405
399,5,3,6.622000000000071,,13518,"[954, 270]",False,Right,True,1.0,False,,False,"[[570, 30], [552, 84], [858, 228], [624, 408], [642, 426], [606, 462], [786, 516], [768, 534], [732, 696], [1056, 696], [552, 732], [876, 750], [1056, 768]]",,"[[1266, 24], [360, 510]]",,0.448022737135915,0.20938352924339754
400,5,3,6.636999999999944,,13518,"[954, 270]",False,Right,True,1.0,False,,False,"[[570, 24], [552, 78], [858, 222], [624, 402], [642, 420], [606, 456], [786, 510], [768, 528], [732, 690], [1056, 690], [552, 726], [876, 744], [1056, 762]]",,"[[1266, 18], [360, 504]]",,0.44770451806511574,0.20806195250072257
401,5,3,6.654999999999973,,13518,"[954, 270]",False,,True,1.0,False,,False,"[[570, 18], [552, 72], [858, 216], [624, 396], [642, 414], [606, 450], [786, 504], [768, 522], [732, 684], [1056, 684], [552, 720], [876, 738], [1056, 756]]",,"[[1272, 12], [366, 498]]",,0.447410300858754,0.20800607816189387
402,5,3,6.671000000000049,,13518,"[954, 270]",False,,True,1.0,False,,False,"[[576, 12], [558, 66], [864, 210], [630, 390], [648, 408], [612, 444], [792, 498], [774, 516], [738, 678], [1062, 678], [558, 714], [882, 732], [1062, 750]]",,"[[1278, 6], [372, 492]]",,0.4464459740829446,0.20631313187731937
403,5,3,6.686999999999898,,13518,"[954, 270]",False,,True,0.0,False,,False,"[[582, 6], [564, 60], [870, 204], [636, 384], [654, 402], [618, 438], [798, 492], [780, 510], [744, 672], [1068, 672], [564, 708], [888, 726], [1068, 744]]",,"[[1284, 0], [378, 486], [1284, 810]]",,0.44558227618096213,0.20847847622039717
404,5,3,6.7029999999999745,,13518,"[954, 270]",False,,True,0.0,False,,False,"[[588, 0], [570, 54], [876, 198], [642, 378], [660, 396], [624, 432], [804, 486], [786, 504], [750, 666], [1074, 666], [570, 702], [894, 720], [1074, 738], [714, 810]]",,"[[378, 480], [1284, 804]]",,0.4459922893722094,0.21067546510408763
405,5,3,6.720000000000027,,13518,"[954, 270]",False,,True,0.0,False,,False,"[[570, 48], [876, 192], [642, 372], [660, 390], [624, 426], [804, 480], [786, 498], [750, 660], [1074, 660], [570, 696], [894, 714], [1074, 732], [714, 804]]",,"[[378, 474], [1284, 798]]",,0.44530890018182845,0.2124520820890442
406,5,3,6.73700000000008,,13518,"[954, 270]",False,,True,0.0,False,,False,"[[570, 42], [876, 186], [642, 366], [660, 384], [624, 420], [804, 474], [786, 492], [750, 654], [1074, 654], [570, 690], [894, 708], [1074, 726], [714, 798]]",,"[[378, 468], [1284, 792]]",,0.4451255108519171,0.21733968909504775
407,5,3,6.753999999999905,,13518,"[954, 270]",False,,True,0.0,False,,False,"[[570, 36], [876, 180], [642, 360], [660, 378], [624, 414], [804, 468], [786, 486], [750, 648], [1074, 648], [570, 684], [894, 702], [1074, 720], [714, 792]]",,"[[378, 462], [1284, 786]]",,0.4456289830784697,0.2201574890279845
408,5,3,6.769999999999982,,13518,"[954, 270]",False,,True,0.0,False,,False,"[[570, 30], [876, 174], [642, 354], [660, 372], [624, 408], [804, 462], [786, 480], [750, 642], [1074, 642], [570, 678], [894, 696], [1074, 714], [714, 786]]",,"[[378, 456], [1284, 780]]",,0.44765771281989997,0.223397617781377
409,5,3,6.787000000000035,,13518,"[954, 270]",False,,True,0.0,False,,False,"[[570, 24], [876, 168], [642, 348], [660, 366], [624, 402], [804, 456], [786, 474], [750, 636], [1074, 636], [570, 672], [894, 690], [1074, 708], [714, 780]]",,"[[378, 450], [1284, 774]]",,0.4481195327688578,0.22524822981646286
410,5,3,6.803000000000111,,13518,"[954, 270]",False,,True,0.0,False,,False,"[[570, 18], [876, 162], [642, 342], [660, 360], [624, 396], [804, 450], [786, 468], [750, 630], [1074, 630], [570, 666], [894, 684], [1074, 702], [714, 774]]",,"[[378, 444], [1284, 768]]",,0.44886584893667025,0.22729131637669675
411,5,3,6.819999999999936,,13518,"[954, 270]",False,,True,0.0,False,,False,"[[570, 12], [876, 156], [642, 336], [660, 354], [624, 390], [804, 444], [786, 462], [750, 624], [1074, 624], [570, 660], [894, 678], [1074, 696], [714, 768]]",,"[[378, 438], [1284, 762]]",,0.44875223365754335,0.2278312039147159
412,5,3,6.836999999999989,,13518,"[954, 270]",False,,True,0.0,False,,False,"[[570, 6], [876, 150], [642, 330], [660, 348], [624, 384], [804, 438], [786, 456], [750, 618], [1074, 618], [570, 654], [894, 672], [1074, 690], [714, 762]]",,"[[378, 432], [1284, 756]]",,0.44817858205409494,0.23203595688087864
413,5,3,6.854000000000042,,13518,"[954, 270]",False,,True,0.0,False,,False,"[[570, 0], [876, 144], [642, 324], [660, 342], [624, 378], [804, 432], [786, 450], [750, 612], [1074, 612], [570, 648], [894, 666], [1074, 684], [714, 756]]",,"[[378, 426], [1284, 750]]",,0.4470728640223668,0.23303364782063163
414,5,3,6.869999999999891,,13518,"[954, 270]",False,,True,0.0,False,,False,"[[876, 138], [642, 318], [660, 336], [624, 372], [804, 426], [786, 444], [750, 606], [1074, 606], [570, 642], [894, 660], [1074, 678], [714, 750]]",,"[[378, 420], [1284, 744]]",,0.37516813492573575,0.29744456607388936
415,5,3,6.885999999999967,,13518,"[954, 270]",False,,True,0.0,False,,False,"[[876, 132], [642, 312], [660, 330], [624, 366], [804, 420], [786, 438], [750, 600], [1074, 600], [570, 636], [894, 654], [1074, 672], [714, 744]]",,"[[378, 414], [1284, 738]]",,0.4466828958795558,0.23629465058224042
416,5,3,6.90300000000002,,13518,"[954, 270]",False,,True,0.0,False,,False,"[[876, 126], [642, 306], [660, 324], [624, 360], [804, 414], [786, 432], [750, 594], [1074, 594], [570, 630], [894, 648], [1074, 666], [714, 738]]",,"[[378, 408], [1284, 732]]",,0.44689156432144533,0.23855472492038687
417,5,3,6.921000000000049,,13518,"[954, 270]",False,Left,True,0.0,False,,False,"[[876, 120], [642, 300], [660, 318], [624, 354], [804, 408], [786, 426], [750, 588], [1074, 588], [570, 624], [894, 642], [1074, 660], [714, 732]]",,"[[384, 402], [1290, 726]]",,0.4471251549752145,0.2381970058104519
418,5,3,6.936999999999898,,13518,"[954, 270]",False,Left,True,0.0,False,,False,"[[882, 114], [648, 294], [666, 312], [630, 348], [810, 402], [792, 420], [756, 582], [1080, 582], [576, 618], [900, 636], [1080, 654], [720, 726]]",,"[[390, 396], [1296, 720]]",,0.44651098570336323,0.2426923102087759
419,5,3,6.953999999999951,,13518,"[954, 270]",False,Left,True,0.0,False,,False,"[[888, 108], [654, 288], [672, 306], [636, 342], [816, 396], [798, 414], [762, 576], [1086, 576], [582, 612], [906, 630], [1086, 648], [726, 720]]",,"[[396, 390], [1302, 714]]",,0.4464377918304819,0.24306553204335268
420,5,3,6.971000000000004,,13518,"[954, 270]",False,Left,True,0.0,False,,False,"[[894, 102], [660, 282], [678, 300], [642, 336], [822, 390], [804, 408], [768, 570], [1092, 570], [588, 606], [912, 624], [1092, 642], [732, 714]]",,"[[402, 384], [1308, 708]]",,0.44697966747028695,0.24383194323362367
421,5,3,6.988000000000056,,13518,"[954, 270]",False,Left,True,0.0,False,,False,"[[900, 96], [666, 276], [684, 294], [648, 330], [828, 384], [810, 402], [774, 564], [1098, 564], [594, 600], [918, 618], [1098, 636], [738, 708]]",,"[[408, 378], [1314, 702]]",,0.44720666711176893,0.24550412851622394
422,5,3,7.003999999999905,,13518,"[954, 270]",False,Left,True,0.0,False,,False,"[[906, 90], [672, 270], [690, 288], [654, 324], [834, 378], [816, 396], [780, 558], [1104, 558], [600, 594], [924, 612], [1104, 630], [744, 702]]",,"[[414, 372], [1320, 696]]",,0.4469832094695919,0.2455769754415248
423,5,3,7.020999999999958,,13518,"[954, 270]",False,Left,True,0.0,False,,False,"[[912, 84], [678, 264], [696, 282], [660, 318], [840, 372], [822, 390], [786, 552], [1110, 552], [606, 588], [930, 606], [1110, 624], [750, 696]]",,"[[420, 366], [1326, 690]]",,0.44713866199243374,0.24728117813390615
424,5,3,7.038999999999987,,13518,"[954, 270]",False,Left,True,0.0,False,,False,"[[918, 78], [684, 258], [702, 276], [666, 312], [846, 366], [828, 384], [792, 546], [1116, 546], [612, 582], [936, 600], [1116, 618], [756, 690]]",,"[[426, 360], [1332, 684]]",,0.4478483217773965,0.24962404082020762
425,5,3,7.05600000000004,,13518,"[954, 270]",False,Left,True,0.0,False,,False,"[[924, 72], [690, 252], [708, 270], [672, 306], [852, 360], [834, 378], [798, 540], [1122, 540], [618, 576], [942, 594], [1122, 612], [762, 684]]",,"[[432, 354], [1338, 678]]",,0.3735267580728875,0.3075241693303514
426,5,3,7.073000000000093,,13518,"[954, 270]",False,Left,True,0.0,False,,False,"[[930, 66], [696, 246], [714, 264], [678, 300], [858, 354], [840, 372], [804, 534], [1128, 534], [624, 570], [948, 588], [1128, 606], [768, 678]]",,"[[438, 348], [1344, 672]]",,0.4457166365690301,0.3181762124314763
427,5,3,7.089999999999918,,13518,"[954, 270]",False,Left,True,0.0,False,,False,"[[936, 60], [702, 240], [720, 258], [684, 294], [864, 348], [846, 366], [810, 528], [1134, 528], [630, 564], [954, 582], [1134, 600], [774, 672]]",,"[[444, 342], [1350, 666]]",,0.44785549413756814,0.2538943924367697
428,5,3,7.106999999999971,,13518,"[954, 270]",False,Left,True,0.0,False,,False,"[[942, 54], [708, 234], [726, 252], [690, 288], [870, 342], [852, 360], [816, 522], [1140, 522], [636, 558], [960, 576], [1140, 594], [780, 666]]",,"[[450, 336], [1356, 660]]",,0.44713703212035405,0.32141842314300617
429,5,3,7.124000000000024,,13518,"[954, 270]",False,Left,True,0.0,False,,False,"[[948, 48], [714, 228], [732, 246], [696, 282], [876, 336], [858, 354], [822, 516], [1146, 516], [642, 552], [966, 570], [1146, 588], [786, 660]]",,"[[456, 330], [1362, 654]]",,0.448617992175594,0.25865998523356015
430,5,3,7.141000000000076,,13518,"[954, 270]",False,Left,True,0.0,False,,False,"[[954, 42], [720, 222], [738, 240], [702, 276], [882, 330], [864, 348], [828, 510], [1152, 510], [648, 546], [972, 564], [1152, 582], [792, 654]]",,"[[462, 324], [1368, 648]]",,0.4491871641835948,0.2591473101791645
431,5,3,7.157999999999902,,13518,"[954, 270]",False,Left,True,0.0,False,,False,"[[960, 36], [726, 216], [744, 234], [708, 270], [888, 324], [870, 342], [834, 504], [1158, 504], [654, 540], [978, 558], [1158, 576], [798, 648]]",,"[[468, 318], [1374, 642]]",,0.44940303883915006,0.26246685891759747
432,5,3,7.1749999999999545,,13518,"[954, 270]",False,Left,True,0.0,False,,False,"[[966, 30], [732, 210], [750, 228], [714, 264], [894, 318], [876, 336], [840, 498], [1164, 498], [660, 534], [984, 552], [1164, 570], [804, 642]]",,"[[474, 312], [1380, 636]]",,0.449511698789789,0.26277668813520705
433,5,3,7.192000000000007,,13518,"[954, 270]",False,Left,True,-1.0,False,,False,"[[972, 24], [738, 204], [756, 222], [720, 258], [900, 312], [882, 330], [846, 492], [1170, 492], [666, 528], [990, 546], [1170, 564], [810, 636]]",,"[[480, 306], [1386, 630]]",,0.44996960995159146,0.32754990236344705
434,5,3,7.20900000000006,,13518,"[954, 270]",False,Left,True,-1.0,False,,False,"[[978, 18], [744, 198], [762, 216], [726, 252], [906, 306], [888, 324], [852, 486], [1176, 486], [672, 522], [996, 540], [1176, 558], [816, 630], [1104, 810]]",,"[[480, 300], [1386, 624]]",,0.45045270925169545,0.26590679766737757
435,5,3,7.226000000000113,,13518,"[954, 270]",False,Left,True,-1.0,False,,False,"[[978, 12], [744, 192], [762, 210], [726, 246], [906, 300], [888, 318], [852, 480], [1176, 480], [672, 516], [996, 534], [1176, 552], [816, 624], [1104, 804]]",,"[[480, 294], [1386, 618]]",,0.4498191257423801,0.26879267699370324
436,5,3,7.2439999999999145,,13518,"[954, 270]",False,,True,-1.0,False,,False,"[[978, 6], [744, 186], [762, 204], [726, 240], [906, 294], [888, 312], [852, 474], [1176, 474], [672, 510], [996, 528], [1176, 546], [816, 618], [1104, 798]]",,"[[474, 288], [1380, 612]]",,0.4498191257423801,0.26879267699370324
437,5,3,7.260999999999967,,13518,"[954, 270]",False,,True,-1.0,False,,False,"[[972, 0], [738, 180], [756, 198], [720, 234], [900, 288], [882, 306], [846, 468], [1170, 468], [666, 504], [990, 522], [1170, 540], [810, 612], [1098, 792]]",,"[[468, 282], [1374, 606]]",,0.3788946157593134,0.3177036096552909
438,5,3,7.277000000000044,,13518,"[954, 270]",False,,True,-1.0,False,,False,"[[732, 174], [750, 192], [714, 228], [894, 282], [876, 300], [840, 462], [1164, 462], [660, 498], [984, 516], [1164, 534], [804, 606], [1092, 786]]",,"[[462, 276], [1368, 600]]",,0.3788946157593134,0.3177036096552909
439,5,3,7.294000000000096,,13518,"[954, 270]",False,,True,-1.0,False,,False,"[[726, 168], [744, 186], [708, 222], [888, 276], [870, 294], [834, 456], [1158, 456], [654, 492], [978, 510], [1158, 528], [798, 600], [1086, 780]]",,"[[456, 270], [1362, 594]]",,0.45151011942682573,0.2727712263238844
440,5,3,7.310999999999922,,13518,"[954, 270]",False,,True,-1.0,False,,False,"[[720, 162], [738, 180], [702, 216], [882, 270], [864, 288], [828, 450], [1152, 450], [648, 486], [972, 504], [1152, 522], [792, 594], [1080, 774]]",,"[[450, 264], [1356, 588]]",,0.45151011942682573,0.2727712263238844
441,5,3,7.326999999999998,,13518,"[954, 270]",False,,True,-1.0,False,,False,"[[714, 156], [732, 174], [696, 210], [876, 264], [858, 282], [822, 444], [1146, 444], [642, 480], [966, 498], [1146, 516], [786, 588], [1074, 768]]",,"[[444, 258], [1350, 582]]",,0.44921810787297367,0.2537350559768725
442,5,3,7.344000000000051,,13518,"[954, 270]",False,,True,-1.0,False,,False,"[[708, 150], [726, 168], [690, 204], [870, 258], [852, 276], [816, 438], [1140, 438], [636, 474], [960, 492], [1140, 510], [780, 582], [1068, 762]]",,"[[438, 252], [1344, 576]]",,0.44921810787297367,0.2537350559768725
443,5,3,7.3599999999999,,13518,"[954, 270]",False,,True,-1.0,False,,False,"[[702, 144], [720, 162], [684, 198], [864, 252], [846, 270], [810, 432], [1134, 432], [630, 468], [954, 486], [1134, 504], [774, 576], [1062, 756], [558, 810]]",,"[[432, 246], [1338, 570]]",,0.44943372552606287,0.2539045960822218
444,5,3,7.376999999999953,,13518,"[954, 270]",False,,True,-1.0,False,,False,"[[696, 138], [714, 156], [678, 192], [858, 246], [840, 264], [804, 426], [1128, 426], [624, 462], [948, 480], [1128, 498], [768, 570], [1056, 750], [552, 804]]",,"[[426, 240], [1332, 564]]",,0.44976684851518145,0.25255879027058104
445,5,3,7.393000000000029,,13518,"[954, 270]",False,,True,-1.0,False,,False,"[[690, 132], [708, 150], [672, 186], [852, 240], [834, 258], [798, 420], [1122, 420], [618, 456], [942, 474], [1122, 492], [762, 564], [1050, 744], [546, 798]]",,"[[420, 234], [1326, 558]]",,0.45002745191576016,0.25099313319327987
446,5,3,7.410000000000082,,13518,"[954, 270]",False,,True,-1.0,False,,False,"[[684, 126], [702, 144], [666, 180], [846, 234], [828, 252], [792, 414], [1116, 414], [612, 450], [936, 468], [1116, 486], [756, 558], [1044, 738], [540, 792]]",,"[[414, 228], [1320, 552]]",,0.45039955560934547,0.2503414646565193
447,5,3,7.425999999999931,,13518,"[954, 270]",False,,True,-1.0,False,,False,"[[678, 120], [696, 138], [660, 174], [840, 228], [822, 246], [786, 408], [1110, 408], [606, 444], [930, 462], [1110, 480], [750, 552], [1038, 732], [534, 786]]",,"[[408, 222], [1314, 546]]",,0.4519791328333308,0.25146441539202713
448,5,3,7.442000000000007,,13518,"[954, 270]",False,,True,-1.0,False,,False,"[[672, 114], [690, 132], [654, 168], [834, 222], [816, 240], [780, 402], [1104, 402], [600, 438], [924, 456], [1104, 474], [744, 546], [1032, 726], [528, 780]]",,"[[402, 216], [1308, 540]]",,0.4519791328333308,0.25146441539202713
449,5,3,7.45900000000006,,13518,"[954, 270]",False,,True,-1.0,False,,False,"[[666, 108], [684, 126], [648, 162], [828, 216], [810, 234], [774, 396], [1098, 396], [594, 432], [918, 450], [1098, 468], [738, 540], [1026, 720], [522, 774]]",,"[[396, 210], [1302, 534]]",,0.4521609738958873,0.2514604003580958
450,5,3,7.474999999999909,,13518,"[954, 270]",False,,True,-1.0,False,,False,"[[660, 102], [678, 120], [642, 156], [822, 210], [804, 228], [768, 390], [1092, 390], [588, 426], [912, 444], [1092, 462], [732, 534], [1020, 714], [516, 768]]",,"[[390, 204], [1296, 528]]",,0.45247254269571024,0.2518233170034908
451,5,3,7.491999999999962,,13518,"[954, 270]",False,,True,-1.0,False,,False,"[[654, 96], [672, 114], [636, 150], [816, 204], [798, 222], [762, 384], [1086, 384], [582, 420], [906, 438], [1086, 456], [726, 528], [1014, 708], [510, 762]]",,"[[384, 198], [1290, 522]]",,0.37783760909271435,0.3056553395315753
452,5,3,7.508000000000038,,13518,"[954, 270]",False,,True,-1.0,False,,False,"[[648, 90], [666, 108], [630, 144], [810, 198], [792, 216], [756, 378], [1080, 378], [576, 414], [900, 432], [1080, 450], [720, 522], [1008, 702], [504, 756]]",,"[[378, 192], [1284, 516]]",,0.37783760909271435,0.3056553395315753
453,5,3,7.527000000000044,,13518,"[954, 270]",False,Left,True,-1.0,False,,False,"[[642, 84], [660, 102], [624, 138], [804, 192], [786, 210], [750, 372], [1074, 372], [570, 408], [894, 426], [1074, 444], [714, 516], [1002, 696], [498, 750]]",,"[[378, 186], [1284, 510]]",,0.45127889336427407,0.25172304681705704
454,5,3,7.542999999999893,,13518,"[954, 270]",False,Left,True,-1.0,False,,False,"[[642, 78], [660, 96], [624, 132], [804, 186], [786, 204], [750, 366], [1074, 366], [570, 402], [894, 420], [1074, 438], [714, 510], [1002, 690], [498, 744]]",,"[[378, 180], [1284, 504]]",,0.37762706004112945,0.30551187116841727
455,5,3,7.558999999999969,,13518,"[954, 270]",False,Left,True,-1.0,False,,False,"[[642, 72], [660, 90], [624, 126], [804, 180], [786, 198], [750, 360], [1074, 360], [570, 396], [894, 414], [1074, 432], [714, 504], [1002, 684], [498, 738]]",,"[[378, 174], [1284, 498]]",,0.4507371129092069,0.25432260536808315
456,5,3,7.5750000000000455,,13518,"[954, 270]",False,Left,True,-1.0,False,,False,"[[642, 66], [660, 84], [624, 120], [804, 174], [786, 192], [750, 354], [1074, 354], [570, 390], [894, 408], [1074, 426], [714, 498], [1002, 678], [498, 732]]",,"[[378, 168], [1284, 492]]",,0.4477468494041732,0.3188042459720084
457,5,3,7.592000000000098,,13518,"[954, 270]",False,Left,True,-1.0,False,,False,"[[642, 60], [660, 78], [624, 114], [804, 168], [786, 186], [750, 348], [1074, 348], [570, 384], [894, 402], [1074, 420], [714, 492], [1002, 672], [498, 726]]",,"[[378, 162], [1284, 486]]",,0.4501966633136757,0.25657273671766156
458,5,3,7.607999999999947,,13518,"[954, 270]",False,Left,True,-1.0,False,,False,"[[642, 54], [660, 72], [624, 108], [804, 162], [786, 180], [750, 342], [1074, 342], [570, 378], [894, 396], [1074, 414], [714, 486], [1002, 666], [498, 720]]",,"[[378, 156], [1284, 480]]",,0.44991418226378255,0.25715294523863785
459,5,3,7.625,,13518,"[954, 270]",False,Left,True,-1.0,False,,False,"[[642, 48], [660, 66], [624, 102], [804, 156], [786, 174], [750, 336], [1074, 336], [570, 372], [894, 390], [1074, 408], [714, 480], [1002, 660], [498, 714]]",,"[[378, 150], [1284, 474]]",,0.4497546612491889,0.25820634375890505
460,5,3,7.642000000000053,,13518,"[954, 270]",False,Left,True,-1.0,False,,False,"[[642, 42], [660, 60], [624, 96], [804, 150], [786, 168], [750, 330], [1074, 330], [570, 366], [894, 384], [1074, 402], [714, 474], [1002, 654], [498, 708]]",,"[[378, 144], [1284, 468]]",,0.44968503437716534,0.25990422272606495
461,5,3,7.6590000000001055,,13518,"[954, 270]",False,Left,True,-1.0,False,,False,"[[642, 36], [660, 54], [624, 90], [804, 144], [786, 162], [750, 324], [1074, 324], [570, 360], [894, 378], [1074, 396], [714, 468], [1002, 648], [498, 702]]",,"[[378, 138], [1284, 462]]",,0.4501895869139516,0.2620139496683993
462,5,3,7.673999999999978,,13518,"[954, 270]",False,Left,True,-1.0,False,,False,"[[642, 30], [660, 48], [624, 84], [804, 138], [786, 156], [750, 318], [1074, 318], [570, 354], [894, 372], [1074, 390], [714, 462], [1002, 642], [498, 696]]",,"[[378, 132], [1284, 456]]",,0.4501342600213034,0.2626582173250974
463,5,3,7.690000000000055,,13518,"[954, 270]",False,Left,True,-1.0,False,,False,"[[642, 24], [660, 42], [624, 78], [804, 132], [786, 150], [750, 312], [1074, 312], [570, 348], [894, 366], [1074, 384], [714, 456], [1002, 636], [498, 690]]",,"[[378, 126], [1284, 450]]",,0.45010078979471757,0.2637467623563734
464,5,3,7.705999999999904,,13518,"[954, 270]",False,Left,True,-1.0,False,,False,"[[642, 18], [660, 36], [624, 72], [804, 126], [786, 144], [750, 306], [1074, 306], [570, 342], [894, 360], [1074, 378], [714, 450], [1002, 630], [498, 684]]",,"[[378, 120], [1284, 444]]",,0.451442848311921,0.26622419088086213
465,5,3,7.722999999999956,,13518,"[954, 270]",False,Left,True,-1.0,False,,False,"[[642, 12], [660, 30], [624, 66], [804, 120], [786, 138], [750, 300], [1074, 300], [570, 336], [894, 354], [1074, 372], [714, 444], [1002, 624], [498, 678]]",,"[[378, 114], [1284, 438]]",,0.451442848311921,0.26622419088086213
466,5,3,7.740000000000009,,13518,"[954, 270]",False,Left,True,-1.0,False,,False,"[[642, 6], [660, 24], [624, 60], [804, 114], [786, 132], [750, 294], [1074, 294], [570, 330], [894, 348], [1074, 366], [714, 438], [1002, 618], [498, 672]]",,"[[378, 108], [1284, 432]]",,0.4530206805837397,0.2673482023689189
467,5,3,7.7560000000000855,,13518,"[954, 270]",False,Left,True,-1.0,False,,False,"[[642, 0], [660, 18], [624, 54], [804, 108], [786, 126], [750, 288], [1074, 288], [570, 324], [894, 342], [1074, 360], [714, 432], [1002, 612], [498, 666]]",,"[[378, 102], [1284, 426]]",,0.37532066546922016,0.32641696605210235
468,5,3,7.772999999999911,,13518,"[954, 270]",False,Left,True,-1.0,False,,False,"[[660, 12], [624, 48], [804, 102], [786, 120], [750, 282], [1074, 282], [570, 318], [894, 336], [1074, 354], [714, 426], [1002, 606], [498, 660]]",,"[[378, 96], [1284, 420]]",,0.4530858787338822,0.2678099412878865
469,5,3,7.788999999999987,,13518,"[954, 270]",False,Left,True,-1.0,False,,False,"[[660, 6], [624, 42], [804, 96], [786, 114], [750, 276], [1074, 276], [570, 312], [894, 330], [1074, 348], [714, 420], [1002, 600], [498, 654]]",,"[[378, 90], [1284, 414]]",,0.45291988586342746,0.26820523852123
470,5,3,7.805000000000064,,13518,"[954, 270]",False,Left,True,-1.0,False,,False,"[[660, 0], [624, 36], [804, 90], [786, 108], [750, 270], [1074, 270], [570, 306], [894, 324], [1074, 342], [714, 414], [1002, 594], [498, 648]]",,"[[378, 84], [1284, 408]]",,0.45193879713432716,0.26828906507029116
471,5,3,7.822000000000116,,13518,"[954, 270]",False,Left,True,-1.0,False,,False,"[[624, 30], [804, 84], [786, 102], [750, 264], [1074, 264], [570, 300], [894, 318], [1074, 336], [714, 408], [1002, 588], [498, 642]]",,"[[378, 78], [1284, 402]]",,0.45193879713432716,0.26828906507029116
472,5,3,7.838999999999942,,13518,"[954, 270]",False,Left,True,-1.0,False,,False,"[[624, 24], [804, 78], [786, 96], [750, 258], [1074, 258], [570, 294], [894, 312], [1074, 330], [714, 402], [1002, 582], [498, 636]]",,"[[378, 72], [1284, 396]]",,0.37476185324018213,0.3260111555648658
473,5,3,7.8559999999999945,,13518,"[954, 270]",False,Left,True,-1.0,False,,False,"[[624, 18], [804, 72], [786, 90], [750, 252], [1074, 252], [570, 288], [894, 306], [1074, 324], [714, 396], [1002, 576], [498, 630]]",,"[[378, 66], [1284, 390]]",,0.45050842255013174,0.329586853800101
474,5,3,7.872000000000071,,13518,"[954, 270]",False,Left,True,-1.0,False,,False,"[[624, 12], [804, 66], [786, 84], [750, 246], [1074, 246], [570, 282], [894, 300], [1074, 318], [714, 390], [1002, 570], [498, 624]]",,"[[378, 60], [1284, 384]]",,0.4498979181047512,0.27168685076858723
475,5,3,7.888999999999896,,13518,"[954, 270]",False,Left,True,-1.0,False,,False,"[[624, 6], [804, 60], [786, 78], [750, 240], [1074, 240], [570, 276], [894, 294], [1074, 312], [714, 384], [1002, 564], [498, 618]]",,"[[378, 54], [1284, 378]]",,0.4498979181047512,0.27168685076858723
476,5,3,7.905999999999949,,13518,"[954, 270]",False,Left,True,-1.0,False,,False,"[[624, 0], [804, 54], [786, 72], [750, 234], [1074, 234], [570, 270], [894, 288], [1074, 306], [714, 378], [1002, 558], [498, 612]]",,"[[378, 48], [1284, 372]]",,0.45245620999664826,0.25889872241408507
477,5,3,7.9220000000000255,,13518,"[954, 270]",False,Left,True,-1.0,False,,False,"[[804, 48], [786, 66], [750, 228], [1074, 228], [570, 264], [894, 282], [1074, 300], [714, 372], [1002, 552], [498, 606]]",,"[[378, 42], [1284, 366]]",,0.45245620999664826,0.25889872241408507
478,5,3,7.938000000000102,,13518,"[954, 270]",False,Left,True,-1.0,False,,False,"[[804, 42], [786, 60], [750, 222], [1074, 222], [570, 258], [894, 276], [1074, 294], [714, 366], [1002, 546], [498, 600]]",,"[[378, 36], [1284, 360]]",,0.45540290666279476,0.2604635153399735
479,5,3,7.954999999999927,,13518,"[954, 270]",False,Left,True,-1.0,False,,False,"[[804, 36], [786, 54], [750, 216], [1074, 216], [570, 252], [894, 270], [1074, 288], [714, 360], [1002, 540], [498, 594]]",,"[[378, 30], [1284, 354]]",,0.45540290666279476,0.2604635153399735
480,5,3,7.971000000000004,,13518,"[954, 270]",False,Left,True,-1.0,False,,False,"[[804, 30], [786, 48], [750, 210], [1074, 210], [570, 246], [894, 264], [1074, 282], [714, 354], [1002, 534], [498, 588]]",,"[[378, 24], [1284, 348]]",,0.45528119383012655,0.3241191043838998
481,5,3,7.988000000000056,,13518,"[954, 270]",False,Left,True,-1.0,False,,False,"[[804, 24], [786, 42], [750, 204], [1074, 204], [570, 240], [894, 258], [1074, 276], [714, 348], [1002, 528], [498, 582]]",,"[[378, 18], [1284, 342]]",,0.45528119383012655,0.3241191043838998
482,5,3,8.003999999999905,,13518,"[954, 270]",False,Left,True,-1.0,False,,False,"[[804, 18], [786, 36], [750, 198], [1074, 198], [570, 234], [894, 252], [1074, 270], [714, 342], [1002, 522], [498, 576]]",,"[[378, 12], [1284, 336]]",,0.4560026132500582,0.26527296125612754
483,5,3,8.019999999999982,,13518,"[954, 270]",False,Left,True,-1.0,False,,False,"[[804, 12], [786, 30], [750, 192], [1074, 192], [570, 228], [894, 246], [1074, 264], [714, 336], [1002, 516], [498, 570]]",,"[[378, 6], [1284, 330]]",,0.45601269955123147,0.2656703614652457
484,5,3,8.038000000000011,,13518,"[954, 270]",False,Left,True,0.0,False,,False,"[[804, 6], [786, 24], [750, 186], [1074, 186], [570, 222], [894, 240], [1074, 258], [714, 330], [1002, 510], [498, 564]]",,"[[378, 0], [1284, 324]]",,0.4552872289087114,0.26567336071018444
485,5,3,8.055000000000064,,13518,"[954, 270]",False,Left,True,0.0,False,,False,"[[804, 0], [786, 18], [750, 180], [1074, 180], [570, 216], [894, 234], [1074, 252], [714, 324], [1002, 504], [498, 558]]",,"[[1290, 318]]",,0.4552872289087114,0.26567336071018444
486,5,3,8.072000000000116,,13518,"[954, 270]",False,Left,True,0.0,False,,False,"[[792, 12], [756, 174], [1080, 174], [576, 210], [900, 228], [1080, 246], [720, 318], [1008, 498], [504, 552]]",,"[[1296, 312]]",,0.45510363005514626,0.26795323666752213
487,5,3,8.087999999999965,,13518,"[954, 270]",False,Left,True,1.0,False,,False,"[[798, 6], [762, 168], [1086, 168], [582, 204], [906, 222], [1086, 240], [726, 312], [1014, 492], [510, 546]]",,"[[1302, 306]]",,0.45510363005514626,0.26795323666752213
488,5,3,8.105999999999995,,13518,"[954, 270]",False,Left,True,1.0,False,,False,"[[804, 0], [768, 162], [1092, 162], [588, 198], [912, 216], [1092, 234], [732, 306], [1020, 486], [516, 540]]",,"[[1314, 300]]",,0.455288840361356,0.26753527487472706
489,5,3,8.122000000000071,,13518,"[954, 270]",False,Left,True,1.0,False,,False,"[[780, 156], [1104, 156], [600, 192], [924, 210], [1104, 228], [744, 300], [1032, 480], [528, 534]]",,"[[1326, 294]]",,0.45513587590709825,0.26757241788914155
490,5,3,8.138999999999896,,13518,"[954, 270]",False,Left,True,1.0,False,,False,"[[792, 150], [1116, 150], [612, 186], [936, 204], [1116, 222], [756, 294], [1044, 474], [540, 528]]",,"[[1338, 288]]",,0.45538768057086737,0.2681329112552725
491,5,3,8.154999999999973,,13518,"[954, 270]",False,Left,True,1.0,False,,False,"[[804, 144], [1128, 144], [624, 180], [948, 198], [1128, 216], [768, 288], [1056, 468], [552, 522]]",,"[[1350, 282]]",,0.45538768057086737,0.2681329112552725
492,5,3,8.17100000000005,,13518,"[954, 270]",False,Left,True,1.0,False,,False,"[[816, 138], [1140, 138], [636, 174], [960, 192], [1140, 210], [780, 282], [1068, 462], [564, 516]]",,"[[1362, 276]]",,0.4554010537973327,0.26761724227820305
493,5,3,8.185999999999922,,13518,"[954, 270]",False,Left,True,1.0,False,,False,"[[828, 132], [1152, 132], [648, 168], [972, 186], [1152, 204], [792, 276], [1080, 456], [576, 510]]",,"[[1374, 270]]",,0.4554010537973327,0.26761724227820305
494,5,3,8.202999999999975,,13518,"[954, 270]",False,Left,True,1.0,False,,False,"[[840, 126], [1164, 126], [660, 162], [984, 180], [1164, 198], [804, 270], [1092, 450], [588, 504]]",,"[[1386, 264]]",,0.454575786554033,0.2684434991484772
495,5,3,8.220000000000027,,13518,"[954, 270]",False,Left,True,1.0,False,,False,"[[852, 120], [1176, 120], [672, 156], [996, 174], [1176, 192], [816, 264], [1104, 444], [600, 498]]",,"[[1398, 258]]",,0.454575786554033,0.2684434991484772
496,5,3,8.2349999999999,,13518,"[954, 270]",False,Left,True,1.0,False,,False,"[[864, 114], [1188, 114], [684, 150], [1008, 168], [1188, 186], [828, 258], [1116, 438], [612, 492]]",,"[[1410, 252]]",,0.4490973389645531,0.25777052451562554
497,5,3,8.250999999999976,,13518,"[954, 270]",False,Left,True,1.0,False,,False,"[[876, 108], [1200, 108], [696, 144], [1020, 162], [1200, 180], [840, 252], [1128, 432], [624, 486]]",,"[[1422, 246]]",,0.4490973389645531,0.25777052451562554
498,5,3,8.268000000000029,,13518,"[954, 270]",False,Left,True,1.0,False,,False,"[[888, 102], [1212, 102], [708, 138], [1032, 156], [1212, 174], [852, 246], [1140, 426], [636, 480]]",,"[[1434, 240]]",,0.44779271496278533,0.25102503746413063
499,5,3,8.282999999999902,,13518,"[954, 270]",False,Left,True,1.0,False,,False,"[[900, 96], [1224, 96], [720, 132], [1044, 150], [1224, 168], [864, 240], [1152, 420], [648, 474]]",,"[[1446, 234]]",,0.44779271496278533,0.25102503746413063
500,5,3,8.298999999999978,,13518,"[954, 270]",False,,True,1.0,False,,False,"[[912, 90], [1236, 90], [732, 126], [1056, 144], [1236, 162], [876, 234], [1164, 414], [660, 468]]",,"[[1452, 228]]",,0.44789635424146895,0.25165222650524366
501,5,3,8.316000000000031,,13518,"[954, 270]",False,,True,1.0,False,,False,"[[918, 84], [1242, 84], [738, 120], [1062, 138], [1242, 156], [882, 228], [1170, 408], [666, 462]]",,"[[1458, 222]]",,0.44789635424146895,0.25165222650524366
502,5,3,8.330999999999904,,13518,"[954, 270]",False,,True,1.0,False,,False,"[[924, 78], [1248, 78], [744, 114], [1068, 132], [1248, 150], [888, 222], [1176, 402], [672, 456]]",,"[[1464, 216]]",,0.4476216101675302,0.2500983988521368
503,5,3,8.347999999999956,,13518,"[954, 270]",False,,True,1.0,False,,False,"[[930, 72], [1254, 72], [750, 108], [1074, 126], [1254, 144], [894, 216], [1182, 396], [678, 450]]",,"[[1470, 210]]",,0.4483558935403701,0.24928683244629357
504,5,3,8.365000000000009,,13518,"[954, 270]",False,,True,1.0,False,,False,"[[936, 66], [1260, 66], [756, 102], [1080, 120], [1260, 138], [900, 210], [1188, 390], [684, 444]]",,"[[1476, 204]]",,0.44907794143059815,0.25161530734922655
505,5,3,8.38000000000011,,13518,"[954, 270]",False,,True,1.0,False,,False,"[[942, 60], [1266, 60], [762, 96], [1086, 114], [1266, 132], [906, 204], [1194, 384], [690, 438]]",,"[[1482, 198]]",,0.4491269324206518,0.25147927859525465
506,5,3,8.395999999999958,,13518,"[954, 270]",False,,True,1.0,False,,False,"[[948, 54], [1272, 54], [768, 90], [1092, 108], [1272, 126], [912, 198], [1200, 378], [696, 432], [750, 810]]",,"[[1488, 192]]",,0.4497188662444369,0.25256753182398384
507,5,3,8.413000000000011,,13518,"[954, 270]",False,,True,1.0,False,,False,"[[954, 48], [1278, 48], [774, 84], [1098, 102], [1278, 120], [918, 192], [1206, 372], [702, 426], [756, 804]]",,"[[1494, 186]]",,0.4504434049356506,0.2532268418188104
508,5,3,8.430000000000064,,13518,"[954, 270]",False,,True,1.0,False,,False,"[[960, 42], [1284, 42], [780, 78], [1104, 96], [1284, 114], [924, 186], [1212, 366], [708, 420], [762, 798]]",,"[[1500, 180]]",,0.4511102347482212,0.253944295790266
509,5,3,8.447000000000116,,13518,"[954, 270]",False,,True,1.0,False,,False,"[[966, 36], [1290, 36], [786, 72], [1110, 90], [1290, 108], [930, 180], [1218, 360], [714, 414], [768, 792]]",,"[[1506, 174]]",,0.4518888690040167,0.2547006967988641
510,5,3,8.463999999999942,,13518,"[954, 270]",False,,True,1.0,False,,False,"[[972, 30], [1296, 30], [792, 66], [1116, 84], [1296, 102], [936, 174], [1224, 354], [720, 408], [774, 786]]",,"[[1512, 168]]",,0.45036484547815026,0.3165342624237488
511,5,3,8.480999999999995,,13518,"[954, 270]",False,,True,1.0,False,,False,"[[978, 24], [1302, 24], [798, 60], [1122, 78], [1302, 96], [942, 168], [1230, 348], [726, 402], [780, 780]]",,"[[1518, 162]]",,0.45036484547815026,0.3165342624237488
512,5,3,8.498000000000047,,13518,"[954, 270]",False,,True,1.0,False,,False,"[[984, 18], [1308, 18], [804, 54], [1128, 72], [1308, 90], [948, 162], [1236, 342], [732, 396], [786, 774]]",,"[[1524, 156]]",,0.4521990064473152,0.3181011020811879
513,5,3,8.51299999999992,,13518,"[954, 270]",False,,True,1.0,False,,False,"[[990, 12], [1314, 12], [810, 48], [1134, 66], [1314, 84], [954, 156], [1242, 336], [738, 390], [792, 768]]",,"[[1530, 150]]",,0.4521990064473152,0.3181011020811879
514,5,3,8.529999999999973,,13518,"[954, 270]",False,,True,1.0,False,,False,"[[996, 6], [1320, 6], [816, 42], [1140, 60], [1320, 78], [960, 150], [1248, 330], [744, 384], [798, 762]]",,"[[1536, 144]]",,0.45317258640795216,0.2586499958045013
515,5,3,8.54600000000005,,13518,"[954, 270]",False,,True,1.0,False,,False,"[[1002, 0], [1326, 0], [822, 36], [1146, 54], [1326, 72], [966, 144], [1254, 324], [750, 378], [804, 756]]",,"[[1542, 138]]",,0.45273392917356886,0.25851237490110623
516,5,3,8.563000000000102,,13518,"[954, 270]",False,,True,1.0,False,,False,"[[828, 30], [1152, 48], [1332, 66], [972, 138], [1260, 318], [756, 372], [810, 750]]",,"[[1548, 132]]",,0.3774001693212761,0.3116624945312476
517,5,3,8.579999999999927,,13518,"[954, 270]",False,,True,1.0,False,,False,"[[834, 24], [1158, 42], [1338, 60], [978, 132], [1266, 312], [762, 366], [816, 744]]",,"[[1554, 126]]",,0.45245162927952887,0.25873385640553326
518,5,3,8.59699999999998,,13518,"[954, 270]",False,,True,1.0,False,,False,"[[840, 18], [1164, 36], [1344, 54], [984, 126], [1272, 306], [768, 360], [822, 738]]",,"[[1560, 120]]",,0.4513396544675087,0.258525841066891
519,5,3,8.614000000000033,,13518,"[954, 270]",False,,True,1.0,False,,False,"[[846, 12], [1170, 30], [1350, 48], [990, 120], [1278, 300], [774, 354], [828, 732]]",,"[[1566, 114]]",,0.3770453313037115,0.31142408187882564
520,5,3,8.631000000000085,,13518,"[954, 270]",False,,True,1.0,False,,False,"[[852, 6], [1176, 24], [1356, 42], [996, 114], [1284, 294], [780, 348], [834, 726]]",,"[[1572, 108]]",,0.4518642358279088,0.26069642764493706
521,5,3,8.64799999999991,,13518,"[954, 270]",False,,True,1.0,False,,False,"[[858, 0], [1182, 18], [1362, 36], [1002, 108], [1290, 288], [786, 342], [840, 720]]",,"[[1578, 102]]",,0.4518642358279088,0.26069642764493706
522,5,3,8.664999999999964,,13518,"[954, 270]",False,,True,1.0,False,,False,"[[1188, 12], [1368, 30], [1008, 102], [1296, 282], [792, 336], [846, 714]]",,"[[1584, 96]]",,0.4514431326678784,0.25799781495353646
523,5,3,8.682000000000016,,13518,"[954, 270]",False,,True,1.0,False,,False,"[[1194, 6], [1374, 24], [1014, 96], [1302, 276], [798, 330], [852, 708]]",,"[[1590, 90]]",,0.4509377655740748,0.2473829818608405
524,5,3,8.697000000000116,,13518,"[954, 270]",False,,True,1.0,False,,False,"[[1200, 0], [1380, 18], [1020, 90], [1308, 270], [804, 324], [858, 702]]",,"[[1596, 84]]",,0.44927711076382615,0.23411825373494777
525,5,3,8.713999999999942,,13518,"[954, 270]",False,,True,1.0,False,,False,"[[1386, 12], [1026, 84], [1314, 264], [810, 318], [864, 696]]",,"[[1602, 78]]",,0.44830451809104066,0.22180973572221707
526,5,3,8.730999999999995,,13518,"[954, 270]",False,,True,1.0,False,,False,"[[1392, 6], [1032, 78], [1320, 258], [816, 312], [870, 690]]",,"[[1608, 72]]",,0.44757749011359704,0.21940951718396984
527,5,3,8.749000000000024,,13518,"[954, 270]",False,Right,True,1.0,False,,False,"[[1398, 0], [1038, 72], [1326, 252], [822, 306], [876, 684]]",,"[[1608, 66]]",,0.4474231787547677,0.219796372731348
528,5,3,8.7650000000001,,13518,"[954, 270]",False,Right,True,1.0,False,,False,"[[1038, 66], [1326, 246], [822, 300], [876, 678]]",,"[[1608, 60]]",,0.44928713751357574,0.21428383328728995
529,5,3,8.780999999999949,,13518,"[954, 270]",False,Right,True,1.0,False,,False,"[[1038, 60], [1326, 240], [822, 294], [876, 672]]",,"[[1608, 54]]",,0.45027409945196817,0.2131305410693175
530,5,3,8.797000000000025,,13518,"[954, 270]",False,Right,True,1.0,False,,False,"[[1038, 54], [1326, 234], [822, 288], [876, 666]]",,"[[1608, 48]]",,0.45068259467400706,0.21351717509929524
531,5,3,8.815000000000055,,13518,"[954, 270]",False,Right,True,1.0,False,,False,"[[1038, 48], [1326, 228], [822, 282], [876, 660]]",,"[[1608, 42]]",,0.45066104807864116,0.21409173566512718
532,5,3,8.833000000000084,,13518,"[954, 270]",False,Right,True,1.0,False,,False,"[[1038, 42], [1326, 222], [822, 276], [876, 654]]",,"[[1608, 36]]",,0.45029279717423154,0.21519023119802183
533,5,3,8.849999999999909,,13518,"[954, 270]",False,Right,True,1.0,False,,False,"[[1038, 36], [1326, 216], [822, 270], [876, 648]]",,"[[1608, 30]]",,0.4503789577488767,0.21512557815238464
534,5,3,8.866999999999962,,13518,"[954, 270]",False,Right,True,1.0,False,,False,"[[1038, 30], [1326, 210], [822, 264], [876, 642]]",,"[[1608, 24]]",,0.45095204488114027,0.21510880120366682
535,5,3,8.884000000000015,,13518,"[954, 270]",False,Right,True,1.0,False,,False,"[[1038, 24], [1326, 204], [822, 258], [876, 636]]",,"[[1608, 18]]",,0.450732601689677,0.2162196696897407
536,5,3,8.900000000000091,,13518,"[954, 270]",False,Right,True,1.0,False,,False,"[[1038, 18], [1326, 198], [822, 252], [876, 630], [822, 810]]",,"[[1608, 12]]",,0.4510099823190994,0.21747080571667288
537,5,3,8.916999999999916,,13518,"[954, 270]",False,Right,True,1.0,False,,False,"[[1038, 12], [1326, 192], [822, 246], [876, 624], [822, 804]]",,"[[1608, 6]]",,0.4510326839457236,0.21832533941142962
538,5,3,8.932999999999993,,13518,"[954, 270]",False,Right,True,0.0,False,,False,"[[1038, 6], [1326, 186], [822, 240], [876, 618], [822, 798]]",,"[[1608, 0]]",,0.4516761129005432,0.2211218895076289
539,5,3,8.950000000000045,,13518,"[954, 270]",False,Right,True,0.0,False,,False,"[[1038, 0], [1326, 180], [822, 234], [876, 612], [822, 792]]",,[],,0.45233933216312794,0.2212112820651958
540,5,3,8.965999999999894,,13518,"[954, 270]",False,Right,True,0.0,False,,False,"[[1320, 174], [816, 228], [870, 606], [816, 786]]",,[],,0.4537466979489668,0.2231555743022814
541,5,3,8.982999999999947,,13518,"[954, 270]",False,Right,True,0.0,False,,False,"[[1314, 168], [810, 222], [864, 600], [810, 780]]",,[],,0.4540330969163599,0.22363851973161675
542,5,3,9.0,,13518,"[954, 270]",False,Right,True,0.0,False,,False,"[[1308, 162], [804, 216], [858, 594], [804, 774]]",,[],,0.45460817741944287,0.2244061617750952
543,5,3,9.017000000000053,,13518,"[954, 270]",False,Right,True,0.0,False,,False,"[[1302, 156], [798, 210], [852, 588], [798, 768]]",,[],,0.4552622779796935,0.22425009430788112
544,5,3,9.034000000000106,,13518,"[954, 270]",False,Right,True,0.0,False,,False,"[[1296, 150], [792, 204], [846, 582], [792, 762]]",,[],,0.4552779214787672,0.22622565792838345
545,5,3,9.049999999999955,,13518,"[954, 270]",False,Right,True,0.0,False,,False,"[[1290, 144], [786, 198], [840, 576], [786, 756]]",,[],,0.4552779214787672,0.22622565792838345
546,5,3,9.067000000000007,,13518,"[954, 270]",False,Right,True,0.0,False,,False,"[[1284, 138], [780, 192], [834, 570], [780, 750]]",,[],,0.4558471825333463,0.2269661383321363
547,5,3,9.085000000000036,,13518,"[954, 270]",False,Right,True,0.0,False,,False,"[[1278, 132], [774, 186], [828, 564], [774, 744]]",,[],,0.4689936764429814,0.20167591507884453
548,5,3,9.101000000000113,,13518,"[954, 270]",False,Right,True,0.0,False,,False,"[[1272, 126], [768, 180], [822, 558], [768, 738]]",,[],,0.4883804597457225,0.18159149285848553
549,5,3,9.116999999999962,,13518,"[954, 270]",False,Right,True,0.0,False,,False,"[[1266, 120], [762, 174], [816, 552], [762, 732]]",,[],,0.49199284481471944,0.18055757361209113
550,5,3,9.134000000000015,,13518,"[954, 270]",False,Right,True,0.0,False,,False,"[[1260, 114], [756, 168], [810, 546], [756, 726]]",,[],,0.4923862939675125,0.181647288085516
551,5,3,9.150000000000091,,13518,"[954, 270]",False,Right,True,0.0,False,,False,"[[1254, 108], [750, 162], [804, 540], [750, 720]]",,[],,0.4968021166870839,0.1798972807326129
552,5,3,9.166999999999916,,13518,"[954, 270]",False,Right,True,0.0,False,,False,"[[1248, 102], [744, 156], [798, 534], [744, 714]]",,[],,0.5004270483497156,0.1793448054014143
553,5,3,9.183999999999969,,13518,"[954, 270]",False,Right,True,0.0,False,,False,"[[1242, 96], [738, 150], [792, 528], [738, 708]]",,[],,0.5024860845698589,0.1814969639011218
554,5,3,9.201000000000022,,13518,"[954, 270]",False,Right,True,0.0,False,,False,"[[1236, 90], [732, 144], [786, 522], [732, 702]]",,[],,0.5037512821468864,0.1858101834101269
555,5,3,9.217000000000098,,13518,"[954, 270]",False,Right,True,0.0,False,,False,"[[1230, 84], [726, 138], [780, 516], [726, 696]]",,[],,0.5040469292521446,0.1844680489416629
556,5,3,9.233999999999924,,13518,"[954, 270]",False,Right,True,0.0,False,,False,"[[1224, 78], [720, 132], [774, 510], [720, 690]]",,[],,0.5042043324656513,0.1850219788532631
557,5,3,9.250999999999976,,13518,"[954, 270]",False,Right,True,0.0,False,,False,"[[1218, 72], [714, 126], [768, 504], [714, 684]]",,[],,0.504062466408852,0.18668608851320034
558,5,3,9.268000000000029,,13518,"[954, 270]",False,Right,True,0.0,False,,False,"[[1212, 66], [708, 120], [762, 498], [708, 678]]",,[],,0.5026703901962181,0.18987667431548416
559,5,3,9.285000000000082,,13518,"[954, 270]",False,Right,True,0.0,False,,False,"[[1206, 60], [702, 114], [756, 492], [702, 672]]",,[],,0.5016471743872556,0.19212877633213454
560,5,3,9.301999999999907,,13518,"[954, 270]",False,Right,True,0.0,False,,False,"[[1200, 54], [696, 108], [750, 486], [696, 666]]",,[],,0.4988850845901509,0.19855389208836238
561,5,3,9.317999999999984,,13518,"[954, 270]",False,Right,True,0.0,False,,False,"[[1194, 48], [690, 102], [744, 480], [690, 660]]",,[],,0.4988850845901509,0.19855389208836238
562,5,3,9.333000000000084,,13518,"[954, 270]",False,Right,True,0.0,False,,False,"[[1188, 42], [684, 96], [738, 474], [684, 654]]",,[],,0.49908320706257286,0.20198672288985842
563,5,3,9.351000000000113,,13518,"[954, 270]",False,Right,True,0.0,False,,False,"[[1182, 36], [678, 90], [732, 468], [678, 648]]",,[],,0.4998066345519178,0.20559498170493895
564,5,3,9.366999999999962,,13518,"[954, 270]",False,Right,True,0.0,False,,False,"[[1176, 30], [672, 84], [726, 462], [672, 642]]",,[],,0.49946208079034093,0.20998195659285335
565,5,3,9.383000000000038,,13518,"[954, 270]",False,Right,True,0.0,False,,False,"[[1170, 24], [666, 78], [720, 456], [666, 636]]",,[],,0.498560256856146,0.21308475013823147
566,5,3,9.39799999999991,,13518,"[954, 270]",False,Right,True,0.0,False,,False,"[[1164, 18], [660, 72], [714, 450], [660, 630]]",,[],,0.498560256856146,0.21308475013823147
567,5,3,9.413999999999987,,13518,"[954, 270]",False,Right,True,0.0,False,,False,"[[1158, 12], [654, 66], [708, 444], [654, 624]]",,[],,0.49911305198482775,0.21811118278380204
568,5,3,9.430000000000064,,13518,"[954, 270]",False,Right,True,0.0,False,,False,"[[1152, 6], [648, 60], [702, 438], [648, 618]]",,[],,0.49911305198482775,0.21811118278380204
569,5,3,9.448000000000093,,13518,"[954, 270]",False,Right,True,0.0,False,,False,"[[1146, 0], [642, 54], [696, 432], [642, 612]]",,[],,0.4982561556610562,0.22241535182083538
570,5,3,9.462999999999965,,13518,"[954, 270]",False,Right,True,0.0,False,,False,"[[636, 48], [690, 426], [636, 606]]",,[],,0.4982561556610562,0.22241535182083538
571,5,3,9.480000000000018,,13518,"[954, 270]",False,Right,True,0.0,False,,False,"[[630, 42], [684, 420], [630, 600]]",,[],,0.4829347888112607,0.19759029122452954
572,5,3,9.497000000000071,,13518,"[954, 270]",False,Right,True,0.0,False,,False,"[[624, 36], [678, 414], [624, 594]]",,[],,0.4829347888112607,0.19759029122452954
573,5,3,9.51299999999992,,13518,"[954, 270]",False,Right,True,0.0,False,,False,"[[618, 30], [672, 408], [618, 588]]",,[],,0.4784030226897408,0.18494437859558843
574,5,3,9.529999999999973,,13518,"[954, 270]",False,Right,True,0.0,False,,False,"[[612, 24], [666, 402], [612, 582]]",,[],,0.4784030226897408,0.18494437859558843
575,5,3,9.54600000000005,,13518,"[954, 270]",False,Right,True,0.0,False,,False,"[[606, 18], [660, 396], [606, 576]]",,[],,0.47551182360043037,0.18282477686069265
576,5,3,9.563000000000102,,13518,"[954, 270]",False,Right,True,0.0,False,,False,"[[600, 12], [654, 390], [600, 570]]",,[],,0.47551182360043037,0.18282477686069265
577,5,3,9.57899999999995,,13518,"[954, 270]",False,Right,True,0.0,False,,False,"[[594, 6], [648, 384], [594, 564]]",,[],,0.4751630099055177,0.19097170501843075
578,5,3,9.596000000000004,,13518,"[954, 270]",False,,True,0.0,False,,False,"[[588, 0], [642, 378], [588, 558]]",,[],,0.4751630099055177,0.19097170501843075
579,5,3,9.611000000000104,,13518,"[954, 270]",False,,True,0.0,False,,False,"[[642, 372], [588, 552]]",,[],,0.47211887114962403,0.1973660064441385
580,5,3,9.627999999999929,,13518,"[954, 270]",False,,True,0.0,False,,False,"[[642, 366], [588, 546]]",,[],,0.47211887114962403,0.1973660064441385
581,5,3,9.644000000000005,,13518,"[954, 270]",False,,True,0.0,False,,False,"[[642, 360], [588, 540]]",,[],,0.4714996480494859,0.19635235976896026
582,5,3,9.661000000000058,,13518,"[954, 270]",False,,True,0.0,False,,False,"[[642, 354], [588, 534]]",,[],,0.4714996480494859,0.19635235976896026
583,5,3,9.676999999999907,,13518,"[954, 270]",False,,True,0.0,False,,False,"[[642, 348], [588, 528]]",,[],,0.47069209488104213,0.19643429569100546
584,5,3,9.69399999999996,,13518,"[954, 270]",False,,True,0.0,False,,False,"[[642, 342], [588, 522]]",,[],,0.47069209488104213,0.19643429569100546
585,5,3,9.711000000000013,,13518,"[954, 270]",False,,True,0.0,False,,False,"[[642, 336], [588, 516]]",,[],,0.46909669350306027,0.20287093592075278
586,5,3,9.728000000000065,,13518,"[954, 270]",False,,True,0.0,False,,False,"[[642, 330], [588, 510]]",,[],,0.46909669350306027,0.20287093592075278
587,5,3,9.746000000000095,,13518,"[954, 270]",False,,True,0.0,False,,False,"[[642, 324], [588, 504]]",,[],,0.4662732244207611,0.2107279963460834
588,5,3,9.76299999999992,,13518,"[954, 270]",False,,True,0.0,False,,False,"[[642, 318], [588, 498]]",,[],,0.4662732244207611,0.2107279963460834
589,5,3,9.779999999999973,,13518,"[954, 270]",False,,True,0.0,False,,False,"[[642, 312], [588, 492]]",,[],,0.45787563416211086,0.19797961602041458
590,5,3,9.797000000000025,,13518,"[954, 270]",False,,True,0.0,False,,False,"[[642, 306], [588, 486]]",,[],,0.45787563416211086,0.19797961602041458
591,5,3,9.813000000000102,,13518,"[954, 270]",False,,True,0.0,False,,False,"[[642, 300], [588, 480]]",,[],,0.45561314266445657,0.18951889609425132
592,5,3,9.829999999999927,,13518,"[954, 270]",False,,True,0.0,False,,False,"[[642, 294], [588, 474]]",,[],,0.45561314266445657,0.18951889609425132
593,5,3,9.84699999999998,,13518,"[954, 270]",False,,True,0.0,False,,False,"[[642, 288], [588, 468]]",,[],,0.45426893345127733,0.18883957433301357
594,5,3,9.864000000000033,,13518,"[954, 270]",False,,True,0.0,False,,False,"[[642, 282], [588, 462]]",,[],,0.45426893345127733,0.18883957433301357
595,5,3,9.881000000000085,,13518,"[954, 270]",False,,True,0.0,False,,False,"[[642, 276], [588, 456]]",,[],,0.45295643678847475,0.191209255020647
596,5,3,9.89799999999991,,13518,"[954, 270]",False,,True,0.0,False,,False,"[[642, 270], [588, 450]]",,[],,0.45295643678847475,0.191209255020647
597,5,3,9.913999999999987,,13518,"[954, 270]",False,,True,0.0,False,,False,"[[642, 264], [588, 444]]",,[],,0.4513274534065007,0.1929994739880162
598,5,3,9.930000000000064,,13518,"[954, 270]",False,,True,0.0,False,,False,"[[642, 258], [588, 438]]",,[],,0.4513274534065007,0.1929994739880162
599,5,3,9.945999999999913,,13518,"[954, 270]",False,,True,0.0,False,,False,"[[642, 252], [588, 432]]",,[],,0.451045556552527,0.19995467783483478
600,5,3,9.961999999999989,,13518,"[954, 270]",False,,True,0.0,False,,False,"[[642, 246], [588, 426]]",,[],,0.451045556552527,0.19995467783483478
601,5,3,9.978000000000065,,13518,"[954, 270]",False,,True,0.0,False,,False,"[[642, 240], [588, 420]]",,[],,0.4509472510947633,0.20643001007425077
602,5,3,9.993999999999915,,13518,"[954, 270]",False,,True,0.0,False,,False,"[[642, 234], [588, 414]]",,[],,0.45035845765112203,0.2067827939992568
603,5,3,10.011999999999944,,13518,"[954, 270]",False,,True,0.0,False,,False,"[[642, 228], [588, 408]]",,[],,0.4506338854412129,0.20665483489433378
604,5,3,10.028999999999996,,13518,"[954, 270]",False,,True,0.0,False,,False,"[[642, 222], [588, 402]]",,[],,0.4506338854412129,0.20665483489433378
605,5,3,10.04600000000005,,13518,"[954, 270]",False,,True,0.0,False,,False,"[[642, 216], [588, 396]]",,[],,0.4482785937517816,0.21218475503355516
606,5,3,10.063000000000102,,13518,"[954, 270]",False,,True,0.0,False,,False,"[[642, 210], [588, 390]]",,[],,0.4482785937517816,0.21218475503355516
607,5,3,10.079999999999927,,13518,"[954, 270]",False,,True,0.0,False,,False,"[[642, 204], [588, 384]]",,[],,0.44942174295635073,0.21479769472781196
608,5,3,10.096000000000004,,13518,"[954, 270]",False,,True,0.0,False,,False,"[[642, 198], [588, 378], [660, 810]]",,[],,0.44942174295635073,0.21479769472781196
609,5,3,10.11200000000008,,13518,"[954, 270]",False,,True,0.0,False,,False,"[[642, 192], [588, 372], [660, 804]]",,[],,0.4500786237547338,0.20978099150608753
610,5,3,10.127999999999929,,13518,"[954, 270]",False,,True,0.0,False,,False,"[[642, 186], [588, 366], [660, 798]]",,[],,0.4506237565976301,0.2036922967164001
611,5,3,10.144000000000005,,13518,"[954, 270]",False,,True,0.0,False,,False,"[[642, 180], [588, 360], [660, 792]]",,[],,0.45015295204195427,0.1896790884423496
612,5,3,10.160000000000082,,13518,"[954, 270]",False,,True,0.0,False,,False,"[[642, 174], [588, 354], [660, 786]]",,[],,0.45015295204195427,0.1896790884423496
613,5,3,10.17599999999993,,13518,"[954, 270]",False,,True,0.0,False,,False,"[[642, 168], [588, 348], [660, 780]]",,"[[468, 810]]",,0.4498371494276639,0.18760436740697062
614,5,3,10.19399999999996,,13518,"[954, 270]",False,,True,0.0,False,,False,"[[642, 162], [588, 342], [660, 774]]",,"[[468, 804]]",,0.4498371494276639,0.18760436740697062
615,5,3,10.210000000000036,,13518,"[954, 270]",False,,True,0.0,False,,False,"[[642, 156], [588, 336], [660, 768]]",,"[[468, 798]]",,0.4497121893384143,0.18748598290125174
616,5,3,10.22700000000009,,13518,"[954, 270]",False,,True,0.0,False,,False,"[[642, 150], [588, 330], [660, 762]]",,"[[468, 792]]",,0.4495548678371761,0.1891175840877467
617,5,3,10.24499999999989,,13518,"[954, 270]",False,,True,0.0,False,,False,"[[642, 144], [588, 324], [660, 756]]",,"[[468, 786]]",,0.4501226354931018,0.19609551021216853
618,5,3,10.260999999999967,,13518,"[954, 270]",False,,True,0.0,False,,False,"[[642, 138], [588, 318], [660, 750]]",,"[[468, 780]]",,0.4501226354931018,0.19609551021216853
619,5,3,10.27800000000002,,13518,"[954, 270]",False,,True,0.0,False,,False,"[[642, 132], [588, 312], [660, 744]]",,"[[468, 774]]",,0.44966773659903697,0.20038172359304995
620,5,3,10.295000000000073,,13518,"[954, 270]",False,,True,0.0,False,,False,"[[642, 126], [588, 306], [660, 738], [1200, 810]]",,"[[468, 768]]",,0.44966773659903697,0.20038172359304995
621,5,3,10.310999999999922,,13518,"[954, 270]",False,,True,0.0,False,,False,"[[642, 120], [588, 300], [660, 732], [1200, 804]]",,"[[468, 762]]",,0.4497095578739474,0.20302066916798844
622,5,3,10.327999999999975,,13518,"[954, 270]",False,,True,0.0,False,,False,"[[642, 114], [588, 294], [660, 726], [1200, 798]]",,"[[468, 756]]",,0.4498082370838034,0.20278073898094628
623,5,3,10.345000000000027,,13518,"[954, 270]",False,,True,0.0,False,,False,"[[642, 108], [588, 288], [660, 720], [1200, 792]]",,"[[468, 750]]",,0.44968707178598144,0.20450444630801445
624,5,3,10.36200000000008,,13518,"[954, 270]",False,,True,0.0,False,,False,"[[642, 102], [588, 282], [660, 714], [1200, 786]]",,"[[468, 744]]",,0.44968707178598144,0.20450444630801445
625,5,3,10.377999999999929,,13518,"[954, 270]",False,,True,0.0,False,,False,"[[642, 96], [588, 276], [660, 708], [1200, 780]]",,"[[468, 738]]",,0.45158281029280706,0.20421848292634037
626,5,3,10.394999999999982,,13518,"[954, 270]",False,,True,0.0,False,,False,"[[642, 90], [588, 270], [660, 702], [1200, 774], [660, 810]]",,"[[468, 732]]",,0.45158573178805944,0.20436242408108363
627,5,3,10.411000000000058,,13518,"[954, 270]",False,,True,0.0,False,,False,"[[642, 84], [588, 264], [660, 696], [1200, 768], [660, 804]]",,"[[468, 726]]",,0.4477943959075029,0.2032738253291616
628,5,3,10.428000000000111,,13518,"[954, 270]",False,,True,0.0,False,,False,"[[642, 78], [588, 258], [660, 690], [1200, 762], [660, 798]]",,"[[468, 720]]",,0.4477943959075029,0.2032738253291616
629,5,3,10.444999999999936,,13518,"[954, 270]",False,,True,0.0,False,,False,"[[642, 72], [588, 252], [660, 684], [1200, 756], [660, 792]]",,"[[468, 714]]",,0.4348811739373506,0.19002503595751252
630,5,3,10.461000000000013,,13518,"[954, 270]",False,,True,0.0,False,,False,"[[642, 66], [588, 246], [660, 678], [1200, 750], [660, 786]]",,"[[468, 708]]",,0.4348811739373506,0.19002503595751252
631,5,3,10.47700000000009,,13518,"[954, 270]",False,,True,0.0,False,,False,"[[642, 60], [588, 240], [660, 672], [1200, 744], [660, 780]]",,"[[468, 702]]",,0.43297867681980035,0.1902145988001065
632,5,3,10.493999999999915,,13518,"[954, 270]",False,,True,0.0,False,,False,"[[642, 54], [588, 234], [660, 666], [1200, 738], [660, 774]]",,"[[468, 696]]",,0.4313198803722137,0.19230429995114096
633,5,3,10.510999999999967,,13518,"[954, 270]",False,,True,0.0,False,,False,"[[642, 48], [588, 228], [660, 660], [1200, 732], [660, 768]]",,"[[468, 690]]",,0.4317605953189173,0.19345825154231067
634,5,3,10.527000000000044,,13518,"[954, 270]",False,,True,0.0,False,,False,"[[642, 42], [588, 222], [660, 654], [1200, 726], [660, 762]]",,"[[468, 684]]",,0.4317605953189173,0.19345825154231067
635,5,3,10.542999999999893,,13518,"[954, 270]",False,,True,0.0,False,,False,"[[642, 36], [588, 216], [660, 648], [1200, 720], [660, 756]]",,"[[468, 678]]",,0.4322901336129257,0.19714151231842614
636,5,3,10.559999999999945,,13518,"[954, 270]",False,,True,0.0,False,,False,"[[642, 30], [588, 210], [660, 642], [1200, 714], [660, 750]]",,"[[468, 672]]",,0.4322901336129257,0.19714151231842614
637,5,3,10.576000000000022,,13518,"[954, 270]",False,,True,0.0,False,,False,"[[642, 24], [588, 204], [660, 636], [1200, 708], [660, 744]]",,"[[468, 666]]",,0.4328855295594988,0.2004535475732726
638,5,3,10.592000000000098,,13518,"[954, 270]",False,,True,0.0,False,,False,"[[642, 18], [588, 198], [660, 630], [1200, 702], [660, 738]]",,"[[468, 660]]",,0.43225005190164445,0.20201707933967894
639,5,3,10.607999999999947,,13518,"[954, 270]",False,,True,0.0,False,,False,"[[642, 12], [588, 192], [660, 624], [1200, 696], [660, 732]]",,"[[468, 654]]",,0.43245821840648324,0.20488684725614437
640,5,3,10.625,,13518,"[954, 270]",False,Right,True,0.0,False,,False,"[[642, 6], [588, 186], [660, 618], [1200, 690], [660, 726]]",,"[[462, 648]]",,0.43245821840648324,0.20488684725614437
641,5,3,10.642000000000053,,13518,"[954, 270]",False,Right,True,0.0,False,,False,"[[636, 0], [582, 180], [654, 612], [1194, 684], [654, 720]]",,"[[456, 642]]",,0.43191619968103173,0.20585604776671196
642,5,3,10.660000000000082,,13518,"[954, 270]",False,Right,True,0.0,False,,False,"[[576, 174], [648, 606], [1188, 678], [648, 714]]",,"[[450, 636]]",,0.4203802864673943,0.20051352355446506
643,5,3,10.676999999999907,,13518,"[954, 270]",False,Right,True,0.0,False,,False,"[[570, 168], [642, 600], [1182, 672], [642, 708]]",,"[[444, 630]]",,0.38969971739634424,0.20841515161123847
644,5,3,10.69399999999996,,13518,"[954, 270]",False,Right,True,0.0,False,,False,"[[564, 162], [636, 594], [1176, 666], [636, 702]]",,"[[438, 624]]",,0.38969971739634424,0.20841515161123847
645,5,3,10.710000000000036,,13518,"[954, 270]",False,Right,True,0.0,False,,False,"[[558, 156], [630, 588], [1170, 660], [630, 696]]",,"[[432, 618]]",,0.3790304611222598,0.22489089253723227
646,5,3,10.726000000000113,,13518,"[954, 270]",False,Right,True,0.0,False,,False,"[[552, 150], [624, 582], [1164, 654], [624, 690]]",,"[[426, 612]]",,0.3778095211693041,0.22985632325065175
647,5,3,10.742999999999938,,13518,"[954, 270]",False,Right,True,0.0,False,,False,"[[546, 144], [618, 576], [1158, 648], [618, 684]]",,"[[420, 606]]",,0.37182493713396597,0.22866369187753766
648,5,3,10.759999999999991,,13518,"[954, 270]",False,Right,True,0.0,False,,False,"[[540, 138], [612, 570], [1152, 642], [612, 678]]",,"[[414, 600]]",,0.371269896592702,0.22338558735117087
649,5,3,10.777000000000044,,13518,"[954, 270]",False,Right,True,0.0,False,,False,"[[534, 132], [606, 564], [1146, 636], [606, 672]]",,"[[408, 594]]",,0.3686661372305049,0.22032185095090406
650,5,3,10.795000000000073,,13518,"[954, 270]",False,,True,0.0,False,,False,"[[528, 126], [600, 558], [1140, 630], [600, 666]]",,"[[408, 588]]",,0.3684232714307333,0.21995266561858728
651,5,3,10.809999999999945,,13518,"[954, 270]",False,,True,0.0,False,,False,"[[528, 120], [600, 552], [1140, 624], [600, 660]]",,"[[408, 582]]",,0.37965100808482016,0.22454952952776797
652,5,3,10.826000000000022,,13518,"[954, 270]",False,,True,0.0,False,,False,"[[528, 114], [600, 546], [1140, 618], [600, 654]]",,"[[408, 576]]",,0.40663469862497853,0.23339641783318166
653,5,3,10.843000000000075,,13518,"[954, 270]",False,,True,0.0,False,,False,"[[528, 108], [600, 540], [1140, 612], [600, 648], [528, 810]]",,"[[408, 570]]",,0.4226543826704895,0.21778318722208823
654,5,3,10.8599999999999,,13518,"[954, 270]",False,,True,0.0,False,,False,"[[528, 102], [600, 534], [1140, 606], [600, 642], [528, 804]]",,"[[408, 564]]",,0.4235829316264682,0.21591669602879715
655,5,3,10.875999999999976,,13518,"[954, 270]",False,,True,0.0,False,,False,"[[528, 96], [600, 528], [1140, 600], [600, 636], [528, 798]]",,"[[408, 558]]",,0.4295633725814815,0.21096124216814316
656,5,3,10.893000000000029,,13518,"[954, 270]",False,,True,0.0,False,,False,"[[528, 90], [600, 522], [1140, 594], [600, 630], [528, 792]]",,"[[408, 552]]",,0.43604151449569784,0.20559907422773271
657,5,3,10.910000000000082,,13518,"[954, 270]",False,,True,0.0,False,,False,"[[528, 84], [600, 516], [1140, 588], [600, 624], [528, 786]]",,"[[408, 546]]",,0.44105216297723937,0.2008146100335224
658,5,3,10.930000000000064,,13518,"[954, 270]",False,Left,True,0.0,False,,False,"[[528, 78], [600, 510], [1140, 582], [600, 618], [528, 780]]",,"[[414, 540]]",,0.4439310569112739,0.1992702719417001
659,5,3,10.948000000000093,,13518,"[954, 270]",False,Left,True,0.0,False,,False,"[[534, 72], [606, 504], [1146, 576], [606, 612], [534, 774]]",,"[[420, 534]]",,0.44226043012491073,0.1992150900003774
660,5,3,10.962999999999965,,13518,"[954, 270]",False,Left,True,0.0,False,,False,"[[540, 66], [612, 498], [1152, 570], [612, 606], [540, 768]]",,"[[426, 528]]",,0.44194426496416267,0.19948857902827177
661,5,3,10.980000000000018,,13518,"[954, 270]",False,Left,True,0.0,False,,False,"[[546, 60], [618, 492], [1158, 564], [618, 600], [546, 762]]",,"[[432, 522]]",,0.4412679782972681,0.20503433434682594
662,5,3,10.997000000000071,,13518,"[954, 270]",False,Left,True,0.0,False,,False,"[[552, 54], [624, 486], [1164, 558], [624, 594], [552, 756], [714, 810]]",,"[[438, 516]]",,0.4412679782972681,0.20503433434682594
663,5,3,11.013999999999896,,13518,"[954, 270]",False,Left,True,0.0,False,,False,"[[558, 48], [630, 480], [1170, 552], [630, 588], [558, 750], [720, 804]]",,"[[444, 510]]",,0.4410231302989952,0.21332279517744757
664,5,3,11.029999999999973,,13518,"[954, 270]",False,Left,True,0.0,False,,False,"[[564, 42], [636, 474], [1176, 546], [636, 582], [564, 744], [726, 798]]",,"[[450, 504]]",,0.4414484493636578,0.2137072902101207
665,5,3,11.047000000000025,,13518,"[954, 270]",False,Left,True,0.0,False,,False,"[[570, 36], [642, 468], [1182, 540], [642, 576], [570, 738], [732, 792], [1074, 810], [570, 810]]",,"[[456, 498]]",,0.4404519915587094,0.220736979716446
666,5,3,11.063000000000102,,13518,"[954, 270]",False,Left,True,0.0,False,,False,"[[576, 30], [648, 462], [1188, 534], [648, 570], [576, 732], [738, 786], [1080, 804], [576, 804]]",,"[[462, 492]]",,0.4404519915587094,0.220736979716446
667,5,3,11.079999999999927,,13518,"[954, 270]",False,Left,True,0.0,False,,False,"[[582, 24], [654, 456], [1194, 528], [654, 564], [582, 726], [744, 780], [1086, 798], [582, 798]]",,"[[468, 486]]",,0.44169857347968094,0.22447565720704477
668,5,3,11.096000000000004,,13518,"[954, 270]",False,Left,True,0.0,False,,False,"[[588, 18], [660, 450], [1200, 522], [660, 558], [588, 720], [750, 774], [1092, 792], [588, 792]]",,"[[474, 480]]",,0.44169857347968094,0.22447565720704477
669,5,3,11.11200000000008,,13518,"[954, 270]",False,Left,True,0.0,False,,False,"[[594, 12], [666, 444], [1206, 516], [666, 552], [594, 714], [756, 768], [1098, 786], [594, 786]]",,"[[480, 474]]",,0.44187190293744677,0.22608343277567966
670,5,3,11.128999999999905,,13518,"[954, 270]",False,Left,True,0.0,False,,False,"[[600, 6], [672, 438], [1212, 510], [672, 546], [600, 708], [762, 762], [1104, 780], [600, 780]]",,"[[486, 468]]",,0.44291327028545496,0.22589812962930111
671,5,3,11.145999999999958,,13518,"[954, 270]",False,Left,True,0.0,False,,False,"[[606, 0], [678, 432], [1218, 504], [678, 540], [606, 702], [768, 756], [1110, 774], [606, 774]]",,"[[492, 462]]",,0.4442982403277842,0.22725043492347774
672,5,3,11.163000000000011,,13518,"[954, 270]",False,Left,True,0.0,False,,False,"[[684, 426], [1224, 498], [684, 534], [612, 696], [774, 750], [1116, 768], [612, 768]]",,"[[498, 456]]",,0.44494430107529936,0.22846651418457609
673,5,3,11.180000000000064,,13518,"[954, 270]",False,Left,True,0.0,False,,False,"[[690, 420], [1230, 492], [690, 528], [618, 690], [780, 744], [1122, 762], [618, 762]]",,"[[504, 450]]",,0.4450350450188352,0.23077065645582895
674,5,3,11.195999999999913,,13518,"[954, 270]",False,Left,True,0.0,False,,False,"[[696, 414], [1236, 486], [696, 522], [624, 684], [786, 738], [1128, 756], [624, 756]]",,"[[510, 444]]",,0.44573048502251805,0.2332321918104232
675,5,3,11.211999999999989,,13518,"[954, 270]",False,Left,True,0.0,False,,False,"[[702, 408], [1242, 480], [702, 516], [630, 678], [792, 732], [1134, 750], [630, 750]]",,"[[516, 438]]",,0.44600785835939216,0.2354689845375022
676,5,3,11.228000000000065,,13518,"[954, 270]",False,Left,True,0.0,False,,False,"[[708, 402], [1248, 474], [708, 510], [636, 672], [798, 726], [1140, 744], [636, 744]]",,"[[522, 432]]",,0.44600785835939216,0.2354689845375022
677,5,3,11.243999999999915,,13518,"[954, 270]",False,Left,True,0.0,False,,False,"[[714, 396], [1254, 468], [714, 504], [642, 666], [804, 720], [1146, 738], [642, 738]]",,"[[528, 426]]",,0.44634676372642607,0.23663036680672211
678,5,3,11.260999999999967,,13518,"[954, 270]",False,Left,True,0.0,False,,False,"[[720, 390], [1260, 462], [720, 498], [648, 660], [810, 714], [1152, 732], [648, 732]]",,"[[534, 420]]",,0.4467003365867024,0.23906653985280812
679,5,3,11.277000000000044,,13518,"[954, 270]",False,Left,True,0.0,False,,False,"[[726, 384], [1266, 456], [726, 492], [654, 654], [816, 708], [1158, 726], [654, 726]]",,"[[540, 414]]",,0.4467485066748469,0.23939303655705135
680,5,3,11.292999999999893,,13518,"[954, 270]",False,Left,True,0.0,False,,False,"[[732, 378], [1272, 450], [732, 486], [660, 648], [822, 702], [1164, 720], [660, 720]]",,"[[546, 408]]",,0.44620010304671787,0.24303743016859902
681,5,3,11.309999999999945,,13518,"[954, 270]",False,,True,0.0,False,,False,"[[738, 372], [1278, 444], [738, 480], [666, 642], [828, 696], [1170, 714], [666, 714]]",,"[[546, 402]]",,0.4465298466390243,0.24427890028718968
682,5,3,11.326000000000022,,13518,"[954, 270]",False,,True,0.0,False,,False,"[[738, 366], [1278, 438], [738, 474], [666, 636], [828, 690], [1170, 708], [666, 708]]",,"[[546, 396]]",,0.44710715826593495,0.2464917981880499
683,5,3,11.342000000000098,,13518,"[954, 270]",False,,True,0.0,False,,False,"[[738, 360], [1278, 432], [738, 468], [666, 630], [828, 684], [1170, 702], [666, 702]]",,"[[546, 390]]",,0.4479313390771189,0.2475665968980283
684,5,3,11.3599999999999,,13518,"[954, 270]",False,,True,0.0,False,,False,"[[738, 354], [1278, 426], [738, 462], [666, 624], [828, 678], [1170, 696], [666, 696]]",,"[[546, 384]]",,0.4488295196641962,0.24914044584730288
685,5,3,11.375999999999976,,13518,"[954, 270]",False,,True,0.0,False,,False,"[[738, 348], [1278, 420], [738, 456], [666, 618], [828, 672], [1170, 690], [666, 690]]",,"[[546, 378]]",,0.44892747370310915,0.2503695881930791
686,5,3,11.393000000000029,,13518,"[954, 270]",False,,True,0.0,False,,False,"[[738, 342], [1278, 414], [738, 450], [666, 612], [828, 666], [1170, 684], [666, 684]]",,"[[546, 372]]",,0.4495439805352045,0.25150522939009456
687,5,3,11.409000000000106,,13518,"[954, 270]",False,,True,0.0,False,,False,"[[738, 336], [1278, 408], [738, 444], [666, 606], [828, 660], [1170, 678], [666, 678]]",,"[[546, 366]]",,0.4497404536138978,0.2522476433653381
688,5,3,11.424999999999955,,13518,"[954, 270]",False,,True,0.0,False,,False,"[[738, 330], [1278, 402], [738, 438], [666, 600], [828, 654], [1170, 672], [666, 672]]",,"[[546, 360]]",,0.4505222390470857,0.25259500236388455
689,5,3,11.442000000000007,,13518,"[954, 270]",False,,True,0.0,False,,False,"[[738, 324], [1278, 396], [738, 432], [666, 594], [828, 648], [1170, 666], [666, 666]]",,"[[546, 354]]",,0.4505222390470857,0.25259500236388455
690,5,3,11.45900000000006,,13518,"[954, 270]",False,,True,0.0,False,,False,"[[738, 318], [1278, 390], [738, 426], [666, 588], [828, 642], [1170, 660], [666, 660]]",,"[[546, 348]]",,0.4504159863369555,0.2542278078183918
691,5,3,11.474999999999909,,13518,"[954, 270]",False,,True,0.0,False,,False,"[[738, 312], [1278, 384], [738, 420], [666, 582], [828, 636], [1170, 654], [666, 654]]",,"[[546, 342]]",,0.4504856402595653,0.2552168839094471
692,5,3,11.492999999999938,,13518,"[954, 270]",False,Left,True,0.0,False,,False,"[[738, 306], [1278, 378], [738, 414], [666, 576], [828, 630], [1170, 648], [666, 648], [1314, 810]]",,"[[552, 336]]",,0.4511057630711795,0.2593699745415181
693,5,3,11.513999999999896,,13518,"[954, 270]",False,Left,True,0.0,False,,False,"[[744, 300], [1284, 372], [744, 408], [672, 570], [834, 624], [1176, 642], [672, 642], [1320, 804]]",,"[[558, 330]]",,0.4515427746904802,0.26282114514177723
694,5,3,11.531999999999925,,13518,"[954, 270]",False,Left,True,0.0,False,,False,"[[750, 294], [1290, 366], [750, 402], [678, 564], [840, 618], [1182, 636], [678, 636], [1326, 798]]",,"[[564, 324]]",,0.4515427746904802,0.26282114514177723
695,5,3,11.548000000000002,,13518,"[954, 270]",False,Left,True,0.0,False,,False,"[[756, 288], [1296, 360], [756, 396], [684, 558], [846, 612], [1188, 630], [684, 630], [1332, 792]]",,"[[570, 318]]",,0.4522723290311256,0.26428651261794867
696,5,3,11.565000000000055,,13518,"[954, 270]",False,Left,True,0.0,False,,False,"[[762, 282], [1302, 354], [762, 390], [690, 552], [852, 606], [1194, 624], [690, 624], [1338, 786]]",,"[[576, 312]]",,0.4519584450257884,0.264147120691023
697,5,3,11.582000000000107,,13518,"[954, 270]",False,Left,True,-1.0,False,,False,"[[768, 276], [1308, 348], [768, 384], [696, 546], [858, 600], [1200, 618], [696, 618], [1344, 780]]",,"[[582, 306]]",,0.45188241597385115,0.26546246315478694
698,5,3,11.597999999999956,,13518,"[954, 270]",False,Left,True,-1.0,False,,False,"[[774, 270], [1314, 342], [774, 378], [702, 540], [864, 594], [1206, 612], [702, 612], [1350, 774]]",,"[[582, 300]]",,0.45182198845161015,0.2657269292545945
699,5,3,11.615000000000009,,13518,"[954, 270]",False,Left,True,-1.0,False,,False,"[[774, 264], [1314, 336], [774, 372], [702, 534], [864, 588], [1206, 606], [702, 606], [1350, 768]]",,"[[582, 294]]",,0.4515945173764182,0.3157753002781243
700,5,3,11.632000000000062,,13518,"[954, 270]",False,Left,True,-1.0,False,,False,"[[774, 258], [1314, 330], [774, 366], [702, 528], [864, 582], [1206, 600], [702, 600], [1350, 762]]",,"[[582, 288]]",,0.4513405723759961,0.2688781048063591
701,5,3,11.64799999999991,,13518,"[954, 270]",False,Left,True,-1.0,False,,False,"[[774, 252], [1314, 324], [774, 360], [702, 522], [864, 576], [1206, 594], [702, 594], [1350, 756]]",,"[[582, 282]]",,0.4509486615337952,0.2702038096682451
702,5,3,11.663999999999987,,13518,"[954, 270]",False,Left,True,-1.0,False,,False,"[[774, 246], [1314, 318], [774, 354], [702, 516], [864, 570], [1206, 588], [702, 588], [1350, 750]]",,"[[582, 276]]",,0.451540458243457,0.31970393628907734
703,5,3,11.680000000000064,,13518,"[954, 270]",False,Left,True,-1.0,False,,False,"[[774, 240], [1314, 312], [774, 348], [702, 510], [864, 564], [1206, 582], [702, 582], [1350, 744]]",,"[[582, 270]]",,0.45179779730578173,0.27595919772633426
704,5,3,11.695999999999913,,13518,"[954, 270]",False,Left,True,-1.0,False,,False,"[[774, 234], [1314, 306], [774, 342], [702, 504], [864, 558], [1206, 576], [702, 576], [1350, 738]]",,"[[582, 264]]",,0.45210753037680096,0.27720674556806335
705,5,3,11.712999999999965,,13518,"[954, 270]",False,Left,True,-1.0,False,,False,"[[774, 228], [1314, 300], [774, 336], [702, 498], [864, 552], [1206, 570], [702, 570], [1350, 732]]",,"[[582, 258]]",,0.45233846162948577,0.27804058479402216
706,5,3,11.730000000000018,,13518,"[954, 270]",False,Left,True,-1.0,False,,False,"[[774, 222], [1314, 294], [774, 330], [702, 492], [864, 546], [1206, 564], [702, 564], [1350, 726]]",,"[[582, 252]]",,0.4522267210088957,0.2805013576398445
707,5,3,11.747000000000071,,13518,"[954, 270]",False,Left,True,-1.0,False,,False,"[[774, 216], [1314, 288], [774, 324], [702, 486], [864, 540], [1206, 558], [702, 558], [1350, 720]]",,"[[582, 246]]",,0.45204042241233466,0.28198901610158156
708,5,3,11.76299999999992,,13518,"[954, 270]",False,Left,True,-1.0,False,,False,"[[774, 210], [1314, 282], [774, 318], [702, 480], [864, 534], [1206, 552], [702, 552], [1350, 714]]",,"[[582, 240]]",,0.45182273213694657,0.2821466581042158
709,5,3,11.779999999999973,,13518,"[954, 270]",False,Left,True,-1.0,False,,False,"[[774, 204], [1314, 276], [774, 312], [702, 474], [864, 528], [1206, 546], [702, 546], [1350, 708]]",,"[[582, 234]]",,0.4516560744265231,0.28249872626055195
710,5,3,11.79600000000005,,13518,"[954, 270]",False,Left,True,-1.0,False,,False,"[[774, 198], [1314, 270], [774, 306], [702, 468], [864, 522], [1206, 540], [702, 540], [1350, 702]]",,"[[582, 228]]",,0.4517250841201067,0.282499886656571
711,5,3,11.813000000000102,,13518,"[954, 270]",False,,True,-1.0,False,,False,"[[774, 192], [1314, 264], [774, 300], [702, 462], [864, 516], [1206, 534], [702, 534], [1350, 696]]",,"[[576, 222]]",,0.45206165114823527,0.28318266011171
712,5,3,11.82899999999995,,13518,"[954, 270]",False,,True,-1.0,False,,False,"[[768, 186], [1308, 258], [768, 294], [696, 456], [858, 510], [1200, 528], [696, 528], [1344, 690]]",,"[[570, 216]]",,0.45299056671506754,0.2843337353376918
713,5,3,11.846000000000004,,13518,"[954, 270]",False,,True,-1.0,False,,False,"[[762, 180], [1302, 252], [762, 288], [690, 450], [852, 504], [1194, 522], [690, 522], [1338, 684]]",,"[[564, 210]]",,0.45322299936336047,0.285087132874034
714,5,3,11.863000000000056,,13518,"[954, 270]",False,,True,-1.0,False,,False,"[[756, 174], [1296, 246], [756, 282], [684, 444], [846, 498], [1188, 516], [684, 516], [1332, 678]]",,"[[558, 204]]",,0.2783724227557375,0.5212016222261173
715,5,3,11.88000000000011,,13518,"[954, 270]",False,,True,-1.0,False,,False,"[[750, 168], [1290, 240], [750, 276], [678, 438], [840, 492], [1182, 510], [678, 510], [1326, 672]]",,"[[552, 198]]",,0.27803899796675374,0.524988106246235
716,5,3,11.896999999999935,,13518,"[954, 270]",False,,True,-1.0,False,,False,"[[744, 162], [1284, 234], [744, 270], [672, 432], [834, 486], [1176, 504], [672, 504], [1320, 666]]",,"[[546, 192]]",,0.46167073640739104,0.3175147964261369
717,5,3,11.912000000000035,,13518,"[954, 270]",False,,True,-1.0,False,,False,"[[738, 156], [1278, 228], [738, 264], [666, 426], [828, 480], [1170, 498], [666, 498], [1314, 660]]",,"[[540, 186]]",,0.4617775605180034,0.31741563695996466
718,5,3,11.930000000000064,,13518,"[954, 270]",False,Left,True,-1.0,False,,False,"[[732, 150], [1272, 222], [732, 258], [660, 420], [822, 474], [1164, 492], [660, 492], [1308, 654]]",,"[[540, 180]]",,0.4603568637033345,0.3044024677187871
719,5,3,11.945999999999913,,13518,"[954, 270]",False,Left,True,-1.0,False,,False,"[[732, 144], [1272, 216], [732, 252], [660, 414], [822, 468], [1164, 486], [660, 486], [1308, 648]]",,"[[540, 174]]",,0.4602551972993861,0.30470663442134993
720,5,3,11.962999999999965,,13518,"[954, 270]",False,Left,True,-1.0,False,,False,"[[732, 138], [1272, 210], [732, 246], [660, 408], [822, 462], [1164, 480], [660, 480], [1308, 642]]",,"[[540, 168]]",,0.4603411085337119,0.3047622439067218
721,5,3,11.980000000000018,,13518,"[954, 270]",False,Left,True,-1.0,False,,False,"[[732, 132], [1272, 204], [732, 240], [660, 402], [822, 456], [1164, 474], [660, 474], [1308, 636]]",,"[[540, 162]]",,0.4603651965306118,0.30466067609042624
722,5,3,11.997000000000071,,13518,"[954, 270]",False,Left,True,-1.0,False,,False,"[[732, 126], [1272, 198], [732, 234], [660, 396], [822, 450], [1164, 468], [660, 468], [1308, 630]]",,"[[540, 156]]",,0.4599282185306864,0.3059851798598795
723,5,3,12.01299999999992,,13518,"[954, 270]",False,Left,True,-1.0,False,,False,"[[732, 120], [1272, 192], [732, 228], [660, 390], [822, 444], [1164, 462], [660, 462], [1308, 624]]",,"[[540, 150]]",,0.4604800369084871,0.30572415517826523
724,5,3,12.029999999999973,,13518,"[954, 270]",False,Left,True,-1.0,False,,False,"[[732, 114], [1272, 186], [732, 222], [660, 384], [822, 438], [1164, 456], [660, 456], [1308, 618]]",,"[[540, 144]]",,0.46038492100197026,0.30577009927591936
725,5,3,12.047000000000025,,13518,"[954, 270]",False,Left,True,-1.0,False,,False,"[[732, 108], [1272, 180], [732, 216], [660, 378], [822, 432], [1164, 450], [660, 450], [1308, 612]]",,"[[540, 138]]",,0.4604434244468491,0.3070623662633567
726,5,3,12.064000000000078,,13518,"[954, 270]",False,Left,True,-1.0,False,,False,"[[732, 102], [1272, 174], [732, 210], [660, 372], [822, 426], [1164, 444], [660, 444], [1308, 606]]",,"[[540, 132]]",,0.46059664087280155,0.3086228704661451
727,5,3,12.080999999999904,,13518,"[954, 270]",False,Left,True,-1.0,False,,False,"[[732, 96], [1272, 168], [732, 204], [660, 366], [822, 420], [1164, 438], [660, 438], [1308, 600]]",,"[[540, 126]]",,0.460841321583629,0.3094106062762553
728,5,3,12.096000000000004,,13518,"[954, 270]",False,Left,True,-1.0,False,,False,"[[732, 90], [1272, 162], [732, 198], [660, 360], [822, 414], [1164, 432], [660, 432], [1308, 594]]",,"[[540, 120]]",,0.4607089398793899,0.3096046728836922
729,5,3,12.11200000000008,,13518,"[954, 270]",False,Left,True,-1.0,False,,False,"[[732, 84], [1272, 156], [732, 192], [660, 354], [822, 408], [1164, 426], [660, 426], [1308, 588]]",,"[[540, 114]]",,0.4609723241495341,0.31007099307333874
730,5,3,12.127999999999929,,13518,"[954, 270]",False,Left,True,-1.0,False,,False,"[[732, 78], [1272, 150], [732, 186], [660, 348], [822, 402], [1164, 420], [660, 420], [1308, 582]]",,"[[540, 108]]",,0.46115989639517296,0.31217317110300635
731,5,3,12.144999999999982,,13518,"[954, 270]",False,Left,True,-1.0,False,,False,"[[732, 72], [1272, 144], [732, 180], [660, 342], [822, 396], [1164, 414], [660, 414], [1308, 576]]",,"[[540, 102]]",,0.46115989639517296,0.31217317110300635
732,5,3,12.162000000000035,,13518,"[954, 270]",False,Left,True,-1.0,False,,False,"[[732, 66], [1272, 138], [732, 174], [660, 336], [822, 390], [1164, 408], [660, 408], [1308, 570]]",,"[[540, 96]]",,0.45982632985069893,0.3120744436091806
733,5,3,12.178000000000111,,13518,"[954, 270]",False,Left,True,-1.0,False,,False,"[[732, 60], [1272, 132], [732, 168], [660, 330], [822, 384], [1164, 402], [660, 402], [1308, 564]]",,"[[540, 90]]",,0.45982632985069893,0.3120744436091806
734,5,3,12.19399999999996,,13518,"[954, 270]",False,Left,True,-1.0,False,,False,"[[732, 54], [1272, 126], [732, 162], [660, 324], [822, 378], [1164, 396], [660, 396], [1308, 558]]",,"[[540, 84]]",,0.45982348204897605,0.3121162645184957
735,5,3,12.211000000000013,,13518,"[954, 270]",False,Left,True,-1.0,False,,False,"[[732, 48], [1272, 120], [732, 156], [660, 318], [822, 372], [1164, 390], [660, 390], [1308, 552]]",,"[[540, 78]]",,0.45982348204897605,0.3121162645184957
736,5,3,12.22700000000009,,13518,"[954, 270]",False,Left,True,-1.0,False,,False,"[[732, 42], [1272, 114], [732, 150], [660, 312], [822, 366], [1164, 384], [660, 384], [1308, 546]]",,"[[540, 72]]",,0.45978665230032234,0.3119454631193025
737,5,3,12.242999999999938,,13518,"[954, 270]",False,Left,True,-1.0,False,,False,"[[732, 36], [1272, 108], [732, 144], [660, 306], [822, 360], [1164, 378], [660, 378], [1308, 540]]",,"[[540, 66]]",,0.45978665230032234,0.3119454631193025
738,5,3,12.259000000000015,,13518,"[954, 270]",False,Left,True,-1.0,False,,False,"[[732, 30], [1272, 102], [732, 138], [660, 300], [822, 354], [1164, 372], [660, 372], [1308, 534]]",,"[[540, 60]]",,0.45981576894542364,0.31058801899043975
739,5,3,12.276000000000067,,13518,"[954, 270]",False,Left,True,-1.0,False,,False,"[[732, 24], [1272, 96], [732, 132], [660, 294], [822, 348], [1164, 366], [660, 366], [1308, 528]]",,"[[540, 54]]",,0.45981576894542364,0.31058801899043975
740,5,3,12.292999999999893,,13518,"[954, 270]",False,Left,True,-1.0,False,,False,"[[732, 18], [1272, 90], [732, 126], [660, 288], [822, 342], [1164, 360], [660, 360], [1308, 522]]",,"[[540, 48]]",,0.4598795166327084,0.31131894151235795
741,5,3,12.309999999999945,,13518,"[954, 270]",False,Left,True,-1.0,False,,False,"[[732, 12], [1272, 84], [732, 120], [660, 282], [822, 336], [1164, 354], [660, 354], [1308, 516]]",,"[[540, 42]]",,0.4598795166327084,0.31131894151235795
742,5,3,12.326000000000022,,13518,"[954, 270]",False,Left,True,-1.0,False,,False,"[[732, 6], [1272, 78], [732, 114], [660, 276], [822, 330], [1164, 348], [660, 348], [1308, 510]]",,"[[540, 36]]",,0.4573087282099473,0.2999404744833811
743,5,3,12.343000000000075,,13518,"[954, 270]",False,Left,True,-1.0,False,,False,"[[732, 0], [1272, 72], [732, 108], [660, 270], [822, 324], [1164, 342], [660, 342], [1308, 504]]",,"[[540, 30]]",,0.4573087282099473,0.2999404744833811
744,5,3,12.358999999999924,,13518,"[954, 270]",False,Left,True,-1.0,False,,False,"[[1272, 66], [732, 102], [660, 264], [822, 318], [1164, 336], [660, 336], [1308, 498]]",,"[[540, 24]]",,0.45654731853016817,0.2999105923888604
745,5,3,12.375999999999976,,13518,"[954, 270]",False,Left,True,-1.0,False,,False,"[[1272, 60], [732, 96], [660, 258], [822, 312], [1164, 330], [660, 330], [1308, 492]]",,"[[540, 18]]",,0.45654731853016817,0.2999105923888604
746,5,3,12.394999999999982,,13518,"[954, 270]",False,Left,True,-1.0,False,,False,"[[1272, 54], [732, 90], [660, 252], [822, 306], [1164, 324], [660, 324], [1308, 486]]",,"[[540, 12]]",,0.4557490106063112,0.3006776658081206
747,5,3,12.412000000000035,,13518,"[954, 270]",False,,True,-1.0,False,,False,"[[1272, 48], [732, 84], [660, 246], [822, 300], [1164, 318], [660, 318], [1308, 480]]",,"[[534, 6]]",,0.4557490106063112,0.3006776658081206
748,5,3,12.428000000000111,,13518,"[954, 270]",False,,True,0.0,False,,False,"[[1266, 42], [726, 78], [654, 240], [816, 294], [1158, 312], [654, 312], [1302, 474]]",,"[[528, 0]]",,0.4561677582543474,0.3021880099159131
749,5,3,12.442999999999984,,13518,"[954, 270]",False,,True,0.0,False,,False,"[[1260, 36], [720, 72], [648, 234], [810, 288], [1152, 306], [648, 306], [1296, 468]]",,[],,0.4561677582543474,0.3021880099159131
750,5,3,12.45900000000006,,13518,"[954, 270]",False,,True,0.0,False,,False,"[[1260, 30], [720, 66], [648, 228], [810, 282], [1152, 300], [648, 300], [1296, 462]]",,[],,0.4565458180278871,0.3040843681572598
751,5,3,12.474999999999909,,13518,"[954, 270]",False,,True,0.0,False,,False,"[[1260, 24], [720, 60], [648, 222], [810, 276], [1152, 294], [648, 294], [1296, 456]]",,[],,0.4565458180278871,0.3040843681572598
752,5,3,12.493999999999915,,13518,"[954, 270]",False,,True,0.0,False,,False,"[[1260, 18], [720, 54], [648, 216], [810, 270], [1152, 288], [648, 288], [1296, 450]]",,[],,0.4566753868279078,0.3042925805078688
753,5,3,12.510999999999967,,13518,"[954, 270]",False,,True,0.0,False,,False,"[[1260, 12], [720, 48], [648, 210], [810, 264], [1152, 282], [648, 282], [1296, 444]]",,[],,0.4566753868279078,0.3042925805078688
754,5,3,12.527000000000044,,13518,"[954, 270]",False,,True,0.0,False,,False,"[[1260, 6], [720, 42], [648, 204], [810, 258], [1152, 276], [648, 276], [1296, 438]]",,[],,0.45767229876759485,0.3049217842244787
755,5,3,12.54600000000005,,13518,"[954, 270]",False,Left,True,0.0,False,,False,"[[1260, 0], [720, 36], [648, 198], [810, 252], [1152, 270], [648, 270], [1296, 432]]",,[],,0.45767229876759485,0.3049217842244787
756,5,3,12.563000000000102,,13518,"[954, 270]",False,Left,True,0.0,False,,False,"[[726, 30], [654, 192], [816, 246], [1158, 264], [654, 264], [1302, 426]]",,[],,0.4576660371261749,0.30657119663949983
757,5,3,12.579999999999927,,13518,"[954, 270]",False,Left,True,0.0,False,,False,"[[732, 24], [660, 186], [822, 240], [1164, 258], [660, 258], [1308, 420]]",,[],,0.4576910990885656,0.30627783834577726
758,5,3,12.596000000000004,,13518,"[954, 270]",False,Left,True,0.0,False,,False,"[[738, 18], [666, 180], [828, 234], [1170, 252], [666, 252], [1314, 414]]",,[],,0.4575273091459243,0.3074408382692546
759,5,3,12.61200000000008,,13518,"[954, 270]",False,Left,True,0.0,False,,False,"[[744, 12], [672, 174], [834, 228], [1176, 246], [672, 246], [1320, 408]]",,[],,0.4575273091459243,0.3074408382692546
760,5,3,12.627999999999929,,13518,"[954, 270]",False,Left,True,0.0,False,,False,"[[750, 6], [678, 168], [840, 222], [1182, 240], [678, 240], [1326, 402]]",,[],,0.45729328975626277,0.3087784210369542
761,5,3,12.644000000000005,,13518,"[954, 270]",False,Left,True,0.0,False,,False,"[[756, 0], [684, 162], [846, 216], [1188, 234], [684, 234], [1332, 396]]",,[],,0.45729328975626277,0.3087784210369542
762,5,3,12.660000000000082,,13518,"[954, 270]",False,Left,True,0.0,False,,False,"[[690, 156], [852, 210], [1194, 228], [690, 228], [1338, 390]]",,[],,0.37633612225602786,0.3243990029012357
763,5,3,12.676999999999907,,13518,"[954, 270]",False,Left,True,0.0,False,,False,"[[696, 150], [858, 204], [1200, 222], [696, 222], [1344, 384]]",,[],,0.37633612225602786,0.3243990029012357
764,5,3,12.692999999999984,,13518,"[954, 270]",False,Left,True,0.0,False,,False,"[[702, 144], [864, 198], [1206, 216], [702, 216], [1350, 378]]",,[],,0.45147628813895213,0.3272382584028689
765,5,3,12.710000000000036,,13518,"[954, 270]",False,Left,True,0.0,False,,False,"[[708, 138], [870, 192], [1212, 210], [708, 210], [1356, 372]]",,[],,0.45147628813895213,0.3272382584028689
766,5,3,12.72700000000009,,13518,"[954, 270]",False,Left,True,0.0,False,,False,"[[714, 132], [876, 186], [1218, 204], [714, 204], [1362, 366]]",,[],,0.4566566453412756,0.31334792552016677
767,5,3,12.743999999999915,,13518,"[954, 270]",False,Left,True,0.0,False,,False,"[[720, 126], [882, 180], [1224, 198], [720, 198], [1368, 360]]",,[],,0.4566566453412756,0.31334792552016677
768,5,3,12.760999999999967,,13518,"[954, 270]",False,,True,0.0,False,,False,"[[726, 120], [888, 174], [1230, 192], [726, 192], [1374, 354]]",,[],,0.45810566982437956,0.30566209796673904
769,5,3,12.776000000000067,,13518,"[954, 270]",False,,True,0.0,False,,False,"[[726, 114], [888, 168], [1230, 186], [726, 186], [1374, 348]]",,[],,0.45810566982437956,0.30566209796673904
770,5,3,12.792999999999893,,13518,"[954, 270]",False,,True,0.0,False,,False,"[[726, 108], [888, 162], [1230, 180], [726, 180], [1374, 342]]",,[],,0.45797870996818474,0.30448316061374037
771,5,3,12.809999999999945,,13518,"[954, 270]",False,,True,0.0,False,,False,"[[726, 102], [888, 156], [1230, 174], [726, 174], [1374, 336]]",,[],,0.45797870996818474,0.30448316061374037
772,5,3,12.826000000000022,,13518,"[954, 270]",False,,True,0.0,False,,False,"[[726, 96], [888, 150], [1230, 168], [726, 168], [1374, 330]]",,[],,0.37554089878952024,0.3135405509817687
773,5,3,12.842000000000098,,13518,"[954, 270]",False,,True,0.0,False,,False,"[[726, 90], [888, 144], [1230, 162], [726, 162], [1374, 324], [726, 810]]",,[],,0.37554089878952024,0.3135405509817687
774,5,3,12.858999999999924,,13518,"[954, 270]",False,,True,0.0,False,,False,"[[726, 84], [888, 138], [1230, 156], [726, 156], [1374, 318], [726, 804]]",,[],,0.4597204978223832,0.30395830258541123
775,5,3,12.875,,13518,"[954, 270]",False,,True,0.0,False,,False,"[[726, 78], [888, 132], [1230, 150], [726, 150], [1374, 312], [726, 798]]",,[],,0.4597204978223832,0.30395830258541123
776,5,3,12.892000000000053,,13518,"[954, 270]",False,,True,0.0,False,,False,"[[726, 72], [888, 126], [1230, 144], [726, 144], [1374, 306], [726, 792], [924, 810]]",,[],,0.460729875158082,0.30569229518198604
777,5,3,12.909000000000106,,13518,"[954, 270]",False,,True,0.0,False,,False,"[[726, 66], [888, 120], [1230, 138], [726, 138], [1374, 300], [726, 786], [924, 804]]",,[],,0.460729875158082,0.30569229518198604
778,5,3,12.924999999999955,,13518,"[954, 270]",False,,True,0.0,False,,False,"[[726, 60], [888, 114], [1230, 132], [726, 132], [1374, 294], [726, 780], [924, 798]]",,[],,0.4604313696868084,0.3064100170372339
779,5,3,12.942000000000007,,13518,"[954, 270]",False,,True,0.0,False,,False,"[[726, 54], [888, 108], [1230, 126], [726, 126], [1374, 288], [726, 774], [924, 792]]",,[],,0.4604313696868084,0.3064100170372339
780,5,3,12.95900000000006,,13518,"[954, 270]",False,,True,0.0,False,,False,"[[726, 48], [888, 102], [1230, 120], [726, 120], [1374, 282], [726, 768], [924, 786]]",,[],,0.46026098939946347,0.30698622903776407
781,5,3,12.974999999999909,,13518,"[954, 270]",False,,True,0.0,False,,False,"[[726, 42], [888, 96], [1230, 114], [726, 114], [1374, 276], [726, 762], [924, 780]]",,[],,0.46026098939946347,0.30698622903776407
782,5,3,12.990999999999985,,13518,"[954, 270]",False,,True,0.0,False,,False,"[[726, 36], [888, 90], [1230, 108], [726, 108], [1374, 270], [726, 756], [924, 774]]",,[],,0.46015229565557725,0.3111575406239767
783,5,3,13.007000000000062,,13518,"[954, 270]",False,,True,0.0,False,,False,"[[726, 30], [888, 84], [1230, 102], [726, 102], [1374, 264], [726, 750], [924, 768]]",,[],,0.46015229565557725,0.3111575406239767
784,5,3,13.02299999999991,,13518,"[954, 270]",False,,True,0.0,False,,False,"[[726, 24], [888, 78], [1230, 96], [726, 96], [1374, 258], [726, 744], [924, 762]]",,[],,0.4610349951387313,0.31179604754561197
785,5,3,13.039999999999964,,13518,"[954, 270]",False,,True,0.0,False,,False,"[[726, 18], [888, 72], [1230, 90], [726, 90], [1374, 252], [726, 738], [924, 756], [1032, 810]]",,[],,0.4610349951387313,0.31179604754561197
786,5,3,13.057000000000016,,13518,"[954, 270]",False,,True,0.0,False,,False,"[[726, 12], [888, 66], [1230, 84], [726, 84], [1374, 246], [726, 732], [924, 750], [1032, 804]]",,[],,0.46073769432478484,0.3126349286277217
787,5,3,13.073000000000093,,13518,"[954, 270]",False,,True,0.0,False,,False,"[[726, 6], [888, 60], [1230, 78], [726, 78], [1374, 240], [726, 726], [924, 744], [1032, 798]]",,[],,0.46094570062773005,0.3129536895643371
788,5,3,13.090999999999894,,13518,"[954, 270]",False,,True,0.0,False,,False,"[[726, 0], [888, 54], [1230, 72], [726, 72], [1374, 234], [726, 720], [924, 738], [1032, 792], [1068, 810]]",,[],,0.4554452988753905,0.2578587598049441
789,5,3,13.107999999999947,,13518,"[954, 270]",False,,True,0.0,False,,False,"[[888, 48], [1230, 66], [726, 66], [1374, 228], [726, 714], [924, 732], [1032, 786], [1068, 804]]",,[],,0.4554452988753905,0.2578587598049441
790,5,3,13.124000000000024,,13518,"[954, 270]",False,,True,0.0,False,,False,"[[888, 42], [1230, 60], [726, 60], [1374, 222], [726, 708], [924, 726], [1032, 780], [1068, 798]]",,[],,0.45013075081752607,0.21642603539199723
791,5,3,13.1400000000001,,13518,"[954, 270]",False,,True,0.0,False,,False,"[[888, 36], [1230, 54], [726, 54], [1374, 216], [726, 702], [924, 720], [1032, 774], [1068, 792]]",,[],,0.4493704035245768,0.2010411555399957
792,5,3,13.155999999999949,,13518,"[954, 270]",False,,True,0.0,False,,False,"[[888, 30], [1230, 48], [726, 48], [1374, 210], [726, 696], [924, 714], [1032, 768], [1068, 786]]",,[],,0.44158333724943366,0.1551189039019889
793,5,3,13.173000000000002,,13518,"[954, 270]",False,,True,0.0,False,,False,"[[888, 24], [1230, 42], [726, 42], [1374, 204], [726, 690], [924, 708], [1032, 762], [1068, 780]]",,[],,0.4429233383381345,0.15272780078498505
794,5,3,13.190000000000055,,13518,"[954, 270]",False,,True,0.0,False,,False,"[[888, 18], [1230, 36], [726, 36], [1374, 198], [726, 684], [924, 702], [1032, 756], [1068, 774]]",,[],,0.4451553349823052,0.13974103307270147
795,5,3,13.207000000000107,,13518,"[954, 270]",False,,True,0.0,False,,False,"[[888, 12], [1230, 30], [726, 30], [1374, 192], [726, 678], [924, 696], [1032, 750], [1068, 768]]",,[],,0.4451553349823052,0.13974103307270147
796,5,3,13.223999999999933,,13518,"[954, 270]",False,,True,0.0,False,,False,"[[888, 6], [1230, 24], [726, 24], [1374, 186], [726, 672], [924, 690], [1032, 744], [1068, 762]]",,[],,0.4483259587559044,0.1413128948556841
797,5,3,13.240000000000009,,13518,"[954, 270]",False,,True,0.0,False,,False,"[[888, 0], [1230, 18], [726, 18], [1374, 180], [726, 666], [924, 684], [1032, 738], [1068, 756]]",,[],,0.44931397729409916,0.14229767747855404
798,5,3,13.256000000000085,,13518,"[954, 270]",False,,True,0.0,False,,False,"[[1230, 12], [726, 12], [1374, 174], [726, 660], [924, 678], [1032, 732], [1068, 750]]",,[],,0.45081583077884557,0.1408407209953354
799,5,3,13.27299999999991,,13518,"[954, 270]",False,,True,0.0,False,,False,"[[1230, 6], [726, 6], [1374, 168], [726, 654], [924, 672], [1032, 726], [1068, 744]]",,[],,0.45081583077884557,0.1408407209953354
800,5,3,13.289999999999964,,13518,"[954, 270]",False,,True,0.0,False,,False,"[[1230, 0], [726, 0], [1374, 162], [726, 648], [924, 666], [1032, 720], [1068, 738], [1356, 810]]",,[],,0.4504792429831327,0.14264486996778658
801,5,3,13.307000000000016,,13518,"[954, 270]",False,,True,0.0,False,,False,"[[1374, 156], [726, 642], [924, 660], [1032, 714], [1068, 732], [1356, 804]]",,[],,0.44959019437234843,0.14237149336416688
802,5,3,13.32400000000007,,13518,"[954, 270]",False,,True,0.0,False,,False,"[[1374, 150], [726, 636], [924, 654], [1032, 708], [1068, 726], [1356, 798]]",,[],,0.44844058034646395,0.14471899145202072
803,5,3,13.342000000000098,,13518,"[954, 270]",False,Right,True,0.0,False,,False,"[[1374, 144], [726, 630], [924, 648], [1032, 702], [1068, 720], [1356, 792]]",,[],,0.4487891617206487,0.1446094275152311
804,5,3,13.357999999999947,,13518,"[954, 270]",False,Right,True,0.0,False,,False,"[[1368, 138], [720, 624], [918, 642], [1026, 696], [1062, 714], [1350, 786]]",,[],,0.44866510932466064,0.14912945573446124
805,5,3,13.375,,13518,"[954, 270]",False,Right,True,0.0,False,,False,"[[1362, 132], [714, 618], [912, 636], [1020, 690], [1056, 708], [1344, 780]]",,[],,0.44866510932466064,0.14912945573446124
806,5,3,13.391000000000076,,13518,"[954, 270]",False,Right,True,0.0,False,,False,"[[1356, 126], [708, 612], [906, 630], [1014, 684], [1050, 702], [1338, 774], [1176, 810]]",,[],,0.4570047276734927,0.13971568620878116
807,5,3,13.406999999999925,,13518,"[954, 270]",False,Right,True,0.0,False,,False,"[[1350, 120], [702, 606], [900, 624], [1008, 678], [1044, 696], [1332, 768], [1170, 804]]",,[],,0.462866854964248,0.1339063197961694
808,5,3,13.423000000000002,,13518,"[954, 270]",False,Right,True,0.0,False,,False,"[[1344, 114], [696, 600], [894, 618], [1002, 672], [1038, 690], [1326, 762], [1164, 798]]",,[],,0.4655547981536247,0.13531756500570014
809,5,3,13.440000000000055,,13518,"[954, 270]",False,Right,True,0.0,False,,False,"[[1338, 108], [690, 594], [888, 612], [996, 666], [1032, 684], [1320, 756], [1158, 792], [996, 810]]",,[],,0.46680942500516653,0.136460460547982
810,5,3,13.457000000000107,,13518,"[954, 270]",False,Right,True,0.0,False,,False,"[[1332, 102], [684, 588], [882, 606], [990, 660], [1026, 678], [1314, 750], [1152, 786], [990, 804]]",,[],,0.467833837178237,0.13835425885687713
811,5,3,13.472999999999956,,13518,"[954, 270]",False,Right,True,0.0,False,,False,"[[1326, 96], [678, 582], [876, 600], [984, 654], [1020, 672], [1308, 744], [1146, 780], [984, 798]]",,[],,0.4686203261726246,0.1394065343316473
812,5,3,13.490000000000009,,13518,"[954, 270]",False,Right,True,0.0,False,,False,"[[1320, 90], [672, 576], [870, 594], [978, 648], [1014, 666], [1302, 738], [1140, 774], [978, 792]]",,[],,0.469052049273526,0.14321632439589904
813,5,3,13.506000000000085,,13518,"[954, 270]",False,Right,True,0.0,False,,False,"[[1314, 84], [666, 570], [864, 588], [972, 642], [1008, 660], [1296, 732], [1134, 768], [972, 786]]",,[],,0.4691021816411478,0.15031875037141762
814,5,3,13.52299999999991,,13518,"[954, 270]",False,Right,True,0.0,False,,False,"[[1308, 78], [660, 564], [858, 582], [966, 636], [1002, 654], [1290, 726], [1128, 762], [966, 780]]",,[],,0.46835921625217736,0.1547999156211568
815,5,3,13.539999999999964,,13518,"[954, 270]",False,Right,True,0.0,False,,False,"[[1302, 72], [654, 558], [852, 576], [960, 630], [996, 648], [1284, 720], [1122, 756], [960, 774]]",,[],,0.4683461065241731,0.1589959402619816
816,5,3,13.557000000000016,,13518,"[954, 270]",False,Right,True,0.0,False,,False,"[[1296, 66], [648, 552], [846, 570], [954, 624], [990, 642], [1278, 714], [1116, 750], [954, 768]]",,[],,0.46570148003989437,0.16744230929163695
817,5,3,13.57400000000007,,13518,"[954, 270]",False,Right,True,0.0,False,,False,"[[1290, 60], [642, 546], [840, 564], [948, 618], [984, 636], [1272, 708], [1110, 744], [948, 762]]",,[],,0.46570148003989437,0.16744230929163695
818,5,3,13.590999999999894,,13518,"[954, 270]",False,Right,True,0.0,False,,False,"[[1284, 54], [636, 540], [834, 558], [942, 612], [978, 630], [1266, 702], [1104, 738], [942, 756]]",,[],,0.4646995630978621,0.16825805038629593
819,5,3,13.606999999999971,,13518,"[954, 270]",False,Right,True,0.0,False,,False,"[[1278, 48], [630, 534], [828, 552], [936, 606], [972, 624], [1260, 696], [1098, 732], [936, 750]]",,[],,0.4649794101953161,0.167727547192018
820,5,3,13.624000000000024,,13518,"[954, 270]",False,Right,True,0.0,False,,False,"[[1272, 42], [624, 528], [822, 546], [930, 600], [966, 618], [1254, 690], [1092, 726], [930, 744]]",,[],,0.4760662742630012,0.14561684204792902
821,5,3,13.641000000000076,,13518,"[954, 270]",False,Right,True,0.0,False,,False,"[[1266, 36], [618, 522], [816, 540], [924, 594], [960, 612], [1248, 684], [1086, 720], [924, 738]]",,[],,0.49105428934020845,0.1452671661636008
822,5,3,13.656999999999925,,13518,"[954, 270]",False,Right,True,0.0,False,,False,"[[1260, 30], [612, 516], [810, 534], [918, 588], [954, 606], [1242, 678], [1080, 714], [918, 732]]",,[],,0.49294443804570315,0.14273994686692193
823,5,3,13.673000000000002,,13518,"[954, 270]",False,Right,True,0.0,False,,False,"[[1254, 24], [606, 510], [804, 528], [912, 582], [948, 600], [1236, 672], [1074, 708], [912, 726]]",,[],,0.4965816158827859,0.1374113844241841
824,5,3,13.690000000000055,,13518,"[954, 270]",False,Right,True,0.0,False,,False,"[[1248, 18], [600, 504], [798, 522], [906, 576], [942, 594], [1230, 666], [1068, 702], [906, 720]]",,[],,0.4976008177282217,0.1370047479848826
825,5,3,13.705999999999904,,13518,"[954, 270]",False,Right,True,0.0,False,,False,"[[1242, 12], [594, 498], [792, 516], [900, 570], [936, 588], [1224, 660], [1062, 696], [900, 714]]",,[],,0.4973954388312201,0.1380531597499972
826,5,3,13.72199999999998,,13518,"[954, 270]",False,Right,True,0.0,False,,False,"[[1236, 6], [588, 492], [786, 510], [894, 564], [930, 582], [1218, 654], [1056, 690], [894, 708]]",,[],,0.4967118594448741,0.1376691779916197
827,5,3,13.738000000000056,,13518,"[954, 270]",False,Right,True,0.0,False,,False,"[[1230, 0], [582, 486], [780, 504], [888, 558], [924, 576], [1212, 648], [1050, 684], [888, 702]]",,[],,0.49499964128476925,0.14087093717329002
828,5,3,13.75500000000011,,13518,"[954, 270]",False,Right,True,0.0,False,,False,"[[576, 480], [774, 498], [882, 552], [918, 570], [1206, 642], [1044, 678], [882, 696]]",,[],,0.49493003195293017,0.14193771521758103
829,5,3,13.771999999999935,,13518,"[954, 270]",False,Right,True,0.0,False,,False,"[[570, 474], [768, 492], [876, 546], [912, 564], [1200, 636], [1038, 672], [876, 690]]",,[],,0.49348837986119276,0.1466920045535226
830,5,3,13.788000000000011,,13518,"[954, 270]",False,Right,True,0.0,False,,False,"[[564, 468], [762, 486], [870, 540], [906, 558], [1194, 630], [1032, 666], [870, 684]]",,[],,0.4932058894941993,0.1476139667840134
831,5,3,13.804000000000087,,13518,"[954, 270]",False,Right,True,0.0,False,,False,"[[558, 462], [756, 480], [864, 534], [900, 552], [1188, 624], [1026, 660], [864, 678]]",,[],,0.4898438308510854,0.158461694238909
832,5,3,13.820999999999913,,13518,"[954, 270]",False,Right,True,0.0,False,,False,"[[552, 456], [750, 474], [858, 528], [894, 546], [1182, 618], [1020, 654], [858, 672]]",,[],,0.4882289496460923,0.16226992175940425
833,5,3,13.836999999999989,,13518,"[954, 270]",False,Right,True,0.0,False,,False,"[[546, 450], [744, 468], [852, 522], [888, 540], [1176, 612], [1014, 648], [852, 666]]",,[],,0.48480759513477756,0.17001984056551844
834,5,3,13.855000000000018,,13518,"[954, 270]",False,Right,True,0.0,False,,False,"[[540, 444], [738, 462], [846, 516], [882, 534], [1170, 606], [1008, 642], [846, 660]]",,[],,0.48480759513477756,0.17001984056551844
835,5,3,13.873000000000047,,13518,"[954, 270]",False,Right,True,0.0,False,,False,"[[534, 438], [732, 456], [840, 510], [876, 528], [1164, 600], [1002, 636], [840, 654]]",,[],,0.48006700153181303,0.17696942978884356
836,5,3,13.88799999999992,,13518,"[954, 270]",False,,True,0.0,False,,False,"[[528, 432], [726, 450], [834, 504], [870, 522], [1158, 594], [996, 630], [834, 648]]",,[],,0.4793900816968081,0.17681516515525808
837,5,3,13.90300000000002,,13518,"[954, 270]",False,,True,0.0,False,,False,"[[528, 426], [726, 444], [834, 498], [870, 516], [1158, 588], [996, 624], [834, 642]]",,[],,0.4656425242109913,0.17711924084336972
838,5,3,13.919000000000096,,13518,"[954, 270]",False,,True,0.0,False,,False,"[[528, 420], [726, 438], [834, 492], [870, 510], [1158, 582], [996, 618], [834, 636]]",,[],,0.4656425242109913,0.17711924084336972
839,5,3,13.935999999999922,,13518,"[954, 270]",False,,True,0.0,False,,False,"[[528, 414], [726, 432], [834, 486], [870, 504], [1158, 576], [996, 612], [834, 630], [762, 810]]",,[],,0.4641949614829633,0.17229756438704635
840,5,3,13.951999999999998,,13518,"[954, 270]",False,,True,0.0,False,,False,"[[528, 408], [726, 426], [834, 480], [870, 498], [1158, 570], [996, 606], [834, 624], [762, 804]]",,[],,0.4641949614829633,0.17229756438704635
841,5,3,13.970000000000027,,13518,"[954, 270]",False,,True,0.0,False,,False,"[[528, 402], [726, 420], [834, 474], [870, 492], [1158, 564], [996, 600], [834, 618], [762, 798]]",,[],,0.4589133950669836,0.1728546670926644
842,5,3,13.98700000000008,,13518,"[954, 270]",False,,True,0.0,False,,False,"[[528, 396], [726, 414], [834, 468], [870, 486], [1158, 558], [996, 594], [834, 612], [762, 792]]",,[],,0.4589133950669836,0.1728546670926644
843,5,3,14.001999999999953,,13518,"[954, 270]",False,,True,0.0,False,,False,"[[528, 390], [726, 408], [834, 462], [870, 480], [1158, 552], [996, 588], [834, 606], [762, 786]]",,[],,0.4595372902802584,0.1676903044878898
844,5,3,14.019000000000005,,13518,"[954, 270]",False,,True,0.0,False,,False,"[[528, 384], [726, 402], [834, 456], [870, 474], [1158, 546], [996, 582], [834, 600], [762, 780]]",,[],,0.4595372902802584,0.1676903044878898
845,5,3,14.035000000000082,,13518,"[954, 270]",False,,True,0.0,False,,False,"[[528, 378], [726, 396], [834, 450], [870, 468], [1158, 540], [996, 576], [834, 594], [762, 774]]",,[],,0.4567330411651412,0.17661610545223094
846,5,3,14.05099999999993,,13518,"[954, 270]",False,,True,0.0,False,,False,"[[528, 372], [726, 390], [834, 444], [870, 462], [1158, 534], [996, 570], [834, 588], [762, 768]]",,[],,0.4567330411651412,0.17661610545223094
847,5,3,14.067999999999984,,13518,"[954, 270]",False,,True,0.0,False,,False,"[[528, 366], [726, 384], [834, 438], [870, 456], [1158, 528], [996, 564], [834, 582], [762, 762]]",,[],,0.45666697705425346,0.18159729694824533
848,5,3,14.085000000000036,,13518,"[954, 270]",False,,True,0.0,False,,False,"[[528, 360], [726, 378], [834, 432], [870, 450], [1158, 522], [996, 558], [834, 576], [762, 756]]",,[],,0.45666697705425346,0.18159729694824533
849,5,3,14.101000000000113,,13518,"[954, 270]",False,,True,0.0,False,,False,"[[528, 354], [726, 372], [834, 426], [870, 444], [1158, 516], [996, 552], [834, 570], [762, 750]]",,[],,0.4567457770005413,0.18332599032437724
850,5,3,14.116999999999962,,13518,"[954, 270]",False,,True,0.0,False,,False,"[[528, 348], [726, 366], [834, 420], [870, 438], [1158, 510], [996, 546], [834, 564], [762, 744]]",,[],,0.4567457770005413,0.18332599032437724
851,5,3,14.133000000000038,,13518,"[954, 270]",False,,True,0.0,False,,False,"[[528, 342], [726, 360], [834, 414], [870, 432], [1158, 504], [996, 540], [834, 558], [762, 738], [906, 810]]",,[],,0.45510185777025375,0.18856138789202204
852,5,3,14.150000000000091,,13518,"[954, 270]",False,,True,0.0,False,,False,"[[528, 336], [726, 354], [834, 408], [870, 426], [1158, 498], [996, 534], [834, 552], [762, 732], [906, 804]]",,[],,0.45510185777025375,0.18856138789202204
853,5,3,14.16599999999994,,13518,"[954, 270]",False,,True,0.0,False,,False,"[[528, 330], [726, 348], [834, 402], [870, 420], [1158, 492], [996, 528], [834, 546], [762, 726], [906, 798]]",,[],,0.45372476172072107,0.1912745676156523
854,5,3,14.183999999999969,,13518,"[954, 270]",False,,True,0.0,False,,False,"[[528, 324], [726, 342], [834, 396], [870, 414], [1158, 486], [996, 522], [834, 540], [762, 720], [906, 792], [582, 810]]",,[],,0.45372476172072107,0.1912745676156523
855,5,3,14.201000000000022,,13518,"[954, 270]",False,,True,0.0,False,,False,"[[528, 318], [726, 336], [834, 390], [870, 408], [1158, 480], [996, 516], [834, 534], [762, 714], [906, 786], [582, 804]]",,[],,0.4529057678775814,0.1972130991160469
856,5,3,14.218000000000075,,13518,"[954, 270]",False,,True,0.0,False,,False,"[[528, 312], [726, 330], [834, 384], [870, 402], [1158, 474], [996, 510], [834, 528], [762, 708], [906, 780], [582, 798]]",,[],,0.4528218962967431,0.19833554072255655
857,5,3,14.2349999999999,,13518,"[954, 270]",False,,True,0.0,False,,False,"[[528, 306], [726, 324], [834, 378], [870, 396], [1158, 468], [996, 504], [834, 522], [762, 702], [906, 774], [582, 792]]",,[],,0.4519445245652268,0.20331358643728847
858,5,3,14.250999999999976,,13518,"[954, 270]",False,,True,0.0,False,,False,"[[528, 300], [726, 318], [834, 372], [870, 390], [1158, 462], [996, 498], [834, 516], [762, 696], [906, 768], [582, 786]]",,[],,0.4519445245652268,0.20331358643728847
859,5,3,14.267000000000053,,13518,"[954, 270]",False,,True,0.0,False,,False,"[[528, 294], [726, 312], [834, 366], [870, 384], [1158, 456], [996, 492], [834, 510], [762, 690], [906, 762], [582, 780]]",,[],,0.45215832966004726,0.2055023946187553
860,5,3,14.282999999999902,,13518,"[954, 270]",False,,True,0.0,False,,False,"[[528, 288], [726, 306], [834, 360], [870, 378], [1158, 450], [996, 486], [834, 504], [762, 684], [906, 756], [582, 774]]",,[],,0.45215832966004726,0.2055023946187553
861,5,3,14.299999999999955,,13518,"[954, 270]",False,,True,0.0,False,,False,"[[528, 282], [726, 300], [834, 354], [870, 372], [1158, 444], [996, 480], [834, 498], [762, 678], [906, 750], [582, 768]]",,[],,0.4505525176063587,0.20862710303293952
862,5,3,14.317000000000007,,13518,"[954, 270]",False,,True,0.0,False,,False,"[[528, 276], [726, 294], [834, 348], [870, 366], [1158, 438], [996, 474], [834, 492], [762, 672], [906, 744], [582, 762]]",,[],,0.4505525176063587,0.20862710303293952
863,5,3,14.33400000000006,,13518,"[954, 270]",False,,True,0.0,False,,False,"[[528, 270], [726, 288], [834, 342], [870, 360], [1158, 432], [996, 468], [834, 486], [762, 666], [906, 738], [582, 756]]",,[],,0.4502804709246668,0.21162085483245952
864,5,3,14.349999999999909,,13518,"[954, 270]",False,,True,0.0,False,,False,"[[528, 264], [726, 282], [834, 336], [870, 354], [1158, 426], [996, 462], [834, 480], [762, 660], [906, 732], [582, 750]]",,[],,0.4502804709246668,0.21162085483245952
865,5,3,14.366999999999962,,13518,"[954, 270]",False,,True,0.0,False,,False,"[[528, 258], [726, 276], [834, 330], [870, 348], [1158, 420], [996, 456], [834, 474], [762, 654], [906, 726], [582, 744]]",,[],,0.4496732298368514,0.21646460652792332
866,5,3,14.383000000000038,,13518,"[954, 270]",False,,True,0.0,False,,False,"[[528, 252], [726, 270], [834, 324], [870, 342], [1158, 414], [996, 450], [834, 468], [762, 648], [906, 720], [582, 738]]",,[],,0.4496732298368514,0.21646460652792332
867,5,3,14.399000000000115,,13518,"[954, 270]",False,,True,0.0,False,,False,"[[528, 246], [726, 264], [834, 318], [870, 336], [1158, 408], [996, 444], [834, 462], [762, 642], [906, 714], [582, 732]]",,[],,0.4502293811888216,0.22305635490670395
868,5,3,14.41599999999994,,13518,"[954, 270]",False,,True,0.0,False,,False,"[[528, 240], [726, 258], [834, 312], [870, 330], [1158, 402], [996, 438], [834, 456], [762, 636], [906, 708], [582, 726]]",,[],,0.4502577421534422,0.22318465228205053
869,5,3,14.432999999999993,,13518,"[954, 270]",False,,True,0.0,False,,False,"[[528, 234], [726, 252], [834, 306], [870, 324], [1158, 396], [996, 432], [834, 450], [762, 630], [906, 702], [582, 720]]",,[],,0.44936332258534906,0.22597549435633846
870,5,3,14.44900000000007,,13518,"[954, 270]",False,,True,0.0,False,,False,"[[528, 228], [726, 246], [834, 300], [870, 318], [1158, 390], [996, 426], [834, 444], [762, 624], [906, 696], [582, 714]]",,[],,0.44936332258534906,0.22597549435633846
871,5,3,14.465999999999894,,13518,"[954, 270]",False,Left,True,0.0,False,,False,"[[528, 222], [726, 240], [834, 294], [870, 312], [1158, 384], [996, 420], [834, 438], [762, 618], [906, 690], [582, 708]]",,[],,0.4442497180205133,0.3027411205167925
872,5,3,14.480999999999995,,13518,"[954, 270]",False,Left,True,0.0,False,,False,"[[534, 216], [732, 234], [840, 288], [876, 306], [1164, 378], [1002, 414], [840, 432], [768, 612], [912, 684], [588, 702], [732, 810]]",,[],,0.45063664765877426,0.22892796410769434
873,5,3,14.497000000000071,,13518,"[954, 270]",False,Left,True,0.0,False,,False,"[[540, 210], [738, 228], [846, 282], [882, 300], [1170, 372], [1008, 408], [846, 426], [774, 606], [918, 678], [594, 696], [738, 804]]",,[],,0.45000414259711363,0.2312495992273761
874,5,3,14.513999999999896,,13518,"[954, 270]",False,Left,True,0.0,False,,False,"[[546, 204], [744, 222], [852, 276], [888, 294], [1176, 366], [1014, 402], [852, 420], [780, 600], [924, 672], [600, 690], [744, 798]]",,[],,0.45000414259711363,0.2312495992273761
875,5,3,14.529999999999973,,13518,"[954, 270]",False,Left,True,0.0,False,,False,"[[552, 198], [750, 216], [858, 270], [894, 288], [1182, 360], [1020, 396], [858, 414], [786, 594], [930, 666], [606, 684], [750, 792]]",,[],,0.4512119912720631,0.23457398195998946
876,5,3,14.54600000000005,,13518,"[954, 270]",False,Left,True,0.0,False,,False,"[[558, 192], [756, 210], [864, 264], [900, 282], [1188, 354], [1026, 390], [864, 408], [792, 588], [936, 660], [612, 678], [756, 786]]",,[],,0.4512119912720631,0.23457398195998946
877,5,3,14.563000000000102,,13518,"[954, 270]",False,,True,0.0,False,,False,"[[564, 186], [762, 204], [870, 258], [906, 276], [1194, 348], [1032, 384], [870, 402], [798, 582], [942, 654], [618, 672], [762, 780]]",,[],,0.4474056378704973,0.30482987083413793
878,5,3,14.577999999999975,,13518,"[954, 270]",False,,True,0.0,False,,False,"[[564, 180], [762, 198], [870, 252], [906, 270], [1194, 342], [1032, 378], [870, 396], [798, 576], [942, 648], [618, 666], [762, 774]]",,[],,0.4509780070330581,0.2382151381573525
879,5,3,14.594000000000051,,13518,"[954, 270]",False,,True,0.0,False,,False,"[[564, 174], [762, 192], [870, 246], [906, 264], [1194, 336], [1032, 372], [870, 390], [798, 570], [942, 642], [618, 660], [762, 768]]",,[],,0.4506468981879797,0.24040961733553623
880,5,3,14.611000000000104,,13518,"[954, 270]",False,,True,0.0,False,,False,"[[564, 168], [762, 186], [870, 240], [906, 258], [1194, 330], [1032, 366], [870, 384], [798, 564], [942, 636], [618, 654], [762, 762]]",,[],,0.45051366848522667,0.2420508711471323
881,5,3,14.626999999999953,,13518,"[954, 270]",False,,True,0.0,False,,False,"[[564, 162], [762, 180], [870, 234], [906, 252], [1194, 324], [1032, 360], [870, 378], [798, 558], [942, 630], [618, 648], [762, 756]]",,[],,0.45051366848522667,0.2420508711471323
882,5,3,14.643000000000029,,13518,"[954, 270]",False,,True,0.0,False,,False,"[[564, 156], [762, 174], [870, 228], [906, 246], [1194, 318], [1032, 354], [870, 372], [798, 552], [942, 624], [618, 642], [762, 750]]",,[],,0.44885941645097593,0.24373697651790338
883,5,3,14.660000000000082,,13518,"[954, 270]",False,,True,0.0,False,,False,"[[564, 150], [762, 168], [870, 222], [906, 240], [1194, 312], [1032, 348], [870, 366], [798, 546], [942, 618], [618, 636], [762, 744]]",,[],,0.4486557992816168,0.24550903611424857
884,5,3,14.678000000000111,,13518,"[954, 270]",False,,True,0.0,False,,False,"[[564, 144], [762, 162], [870, 216], [906, 234], [1194, 306], [1032, 342], [870, 360], [798, 540], [942, 612], [618, 630], [762, 738], [744, 810]]",,[],,0.44825477759949556,0.24850758186323907
885,5,3,14.694999999999936,,13518,"[954, 270]",False,,True,0.0,False,,False,"[[564, 138], [762, 156], [870, 210], [906, 228], [1194, 300], [1032, 336], [870, 354], [798, 534], [942, 606], [618, 624], [762, 732], [744, 804]]",,[],,0.44868266872115203,0.24935910207835899
886,5,3,14.711999999999989,,13518,"[954, 270]",False,,True,0.0,False,,False,"[[564, 132], [762, 150], [870, 204], [906, 222], [1194, 294], [1032, 330], [870, 348], [798, 528], [942, 600], [618, 618], [762, 726], [744, 798]]",,[],,0.4498811709061239,0.2519877471015145
887,5,3,14.728000000000065,,13518,"[954, 270]",False,,True,0.0,False,,False,"[[564, 126], [762, 144], [870, 198], [906, 216], [1194, 288], [1032, 324], [870, 342], [798, 522], [942, 594], [618, 612], [762, 720], [744, 792]]",,[],,0.4498123401495852,0.2523213094211527
888,5,3,14.743999999999915,,13518,"[954, 270]",False,,True,0.0,False,,False,"[[564, 120], [762, 138], [870, 192], [906, 210], [1194, 282], [1032, 318], [870, 336], [798, 516], [942, 588], [618, 606], [762, 714], [744, 786]]",,[],,0.4507694665334549,0.25442615408129665
889,5,3,14.759999999999991,,13518,"[954, 270]",False,,True,0.0,False,,False,"[[564, 114], [762, 132], [870, 186], [906, 204], [1194, 276], [1032, 312], [870, 330], [798, 510], [942, 582], [618, 600], [762, 708], [744, 780]]",,[],,0.45111165658156854,0.25479581676072616
890,5,3,14.776000000000067,,13518,"[954, 270]",False,,True,0.0,False,,False,"[[564, 108], [762, 126], [870, 180], [906, 198], [1194, 270], [1032, 306], [870, 324], [798, 504], [942, 576], [618, 594], [762, 702], [744, 774]]",,[],,0.45232848763468925,0.2572748938829851
891,5,3,14.791999999999916,,13518,"[954, 270]",False,,True,0.0,False,,False,"[[564, 102], [762, 120], [870, 174], [906, 192], [1194, 264], [1032, 300], [870, 318], [798, 498], [942, 570], [618, 588], [762, 696], [744, 768]]",,[],,0.4518783598637266,0.2569464122639955
892,5,3,14.807999999999993,,13518,"[954, 270]",False,,True,0.0,False,,False,"[[564, 96], [762, 114], [870, 168], [906, 186], [1194, 258], [1032, 294], [870, 312], [798, 492], [942, 564], [618, 582], [762, 690], [744, 762]]",,[],,0.4509189044567177,0.2568050167850079
893,5,3,14.82400000000007,,13518,"[954, 270]",False,,True,0.0,False,,False,"[[564, 90], [762, 108], [870, 162], [906, 180], [1194, 252], [1032, 288], [870, 306], [798, 486], [942, 558], [618, 576], [762, 684], [744, 756]]",,[],,0.4509189044567177,0.2568050167850079
894,5,3,14.839999999999918,,13518,"[954, 270]",False,,True,0.0,False,,False,"[[564, 84], [762, 102], [870, 156], [906, 174], [1194, 246], [1032, 282], [870, 300], [798, 480], [942, 552], [618, 570], [762, 678], [744, 750]]",,[],,0.4509283760199769,0.2602875107254021
895,5,3,14.856999999999971,,13518,"[954, 270]",False,,True,0.0,False,,False,"[[564, 78], [762, 96], [870, 150], [906, 168], [1194, 240], [1032, 276], [870, 294], [798, 474], [942, 546], [618, 564], [762, 672], [744, 744]]",,[],,0.4509283760199769,0.2602875107254021
896,5,3,14.873000000000047,,13518,"[954, 270]",False,,True,0.0,False,,False,"[[564, 72], [762, 90], [870, 144], [906, 162], [1194, 234], [1032, 270], [870, 288], [798, 468], [942, 540], [618, 558], [762, 666], [744, 738]]",,[],,0.45052974185069533,0.26464581329742565
897,5,3,14.8900000000001,,13518,"[954, 270]",False,,True,0.0,False,,False,"[[564, 66], [762, 84], [870, 138], [906, 156], [1194, 228], [1032, 264], [870, 282], [798, 462], [942, 534], [618, 552], [762, 660], [744, 732]]",,[],,0.45052974185069533,0.26464581329742565
898,5,3,14.906999999999925,,13518,"[954, 270]",False,,True,0.0,False,,False,"[[564, 60], [762, 78], [870, 132], [906, 150], [1194, 222], [1032, 258], [870, 276], [798, 456], [942, 528], [618, 546], [762, 654], [744, 726]]",,[],,0.4510366642844537,0.2679069623999466
899,5,3,14.923000000000002,,13518,"[954, 270]",False,,True,0.0,False,,False,"[[564, 54], [762, 72], [870, 126], [906, 144], [1194, 216], [1032, 252], [870, 270], [798, 450], [942, 522], [618, 540], [762, 648], [744, 720]]",,[],,0.4510366642844537,0.2679069623999466
900,5,3,14.939000000000078,,13518,"[954, 270]",False,Left,True,0.0,False,,False,"[[564, 48], [762, 66], [870, 120], [906, 138], [1194, 210], [1032, 246], [870, 264], [798, 444], [942, 516], [618, 534], [762, 642], [744, 714]]",,[],,0.3810654842808644,0.31928405009191374
901,5,3,14.955999999999904,,13518,"[954, 270]",False,Left,True,0.0,False,,False,"[[570, 42], [768, 60], [876, 114], [912, 132], [1200, 204], [1038, 240], [876, 258], [804, 438], [948, 510], [624, 528], [768, 636], [750, 708]]",,[],,0.3810654842808644,0.31928405009191374
902,5,3,14.972999999999956,,13518,"[954, 270]",False,Left,True,0.0,False,,False,"[[576, 36], [774, 54], [882, 108], [918, 126], [1206, 198], [1044, 234], [882, 252], [810, 432], [954, 504], [630, 522], [774, 630], [756, 702]]",,[],,0.4516211334291832,0.2733175713279353
903,5,3,14.990000000000009,,13518,"[954, 270]",False,Left,True,0.0,False,,False,"[[582, 30], [780, 48], [888, 102], [924, 120], [1212, 192], [1050, 228], [888, 246], [816, 426], [960, 498], [636, 516], [780, 624], [762, 696]]",,[],,0.4516211334291832,0.2733175713279353
904,5,3,15.007000000000062,,13518,"[954, 270]",False,Left,True,0.0,False,,False,"[[588, 24], [786, 42], [894, 96], [930, 114], [1218, 186], [1056, 222], [894, 240], [822, 420], [966, 492], [642, 510], [786, 618], [768, 690]]",,[],,0.4513694319735775,0.27409591088537455
905,5,3,15.02299999999991,,13518,"[954, 270]",False,Left,True,0.0,False,,False,"[[594, 18], [792, 36], [900, 90], [936, 108], [1224, 180], [1062, 216], [900, 234], [828, 414], [972, 486], [648, 504], [792, 612], [774, 684]]",,[],,0.4513694319735775,0.27409591088537455
906,5,3,15.039999999999964,,13518,"[954, 270]",False,Left,True,0.0,False,,False,"[[600, 12], [798, 30], [906, 84], [942, 102], [1230, 174], [1068, 210], [906, 228], [834, 408], [978, 480], [654, 498], [798, 606], [780, 678]]",,[],,0.4541302398810102,0.25591178494618827
907,5,3,15.05600000000004,,13518,"[954, 270]",False,Left,True,0.0,False,,False,"[[606, 6], [804, 24], [912, 78], [948, 96], [1236, 168], [1074, 204], [912, 222], [840, 402], [984, 474], [660, 492], [804, 600], [786, 672]]",,"[[1398, 810]]",,0.4541302398810102,0.25591178494618827
908,5,3,15.075000000000045,,13518,"[954, 270]",False,,True,0.0,False,,False,"[[612, 0], [810, 18], [918, 72], [954, 90], [1242, 162], [1080, 198], [918, 216], [846, 396], [990, 468], [666, 486], [810, 594], [792, 666]]",,"[[1398, 804]]",,0.45374866630256394,0.253720931547883
909,5,3,15.090999999999894,,13518,"[954, 270]",False,,True,0.0,False,,False,"[[810, 12], [918, 66], [954, 84], [1242, 156], [1080, 192], [918, 210], [846, 390], [990, 462], [666, 480], [810, 588], [792, 660]]",,"[[1398, 798]]",,0.45374866630256394,0.253720931547883
910,5,3,15.106999999999971,,13518,"[954, 270]",False,,True,0.0,False,,False,"[[810, 6], [918, 60], [954, 78], [1242, 150], [1080, 186], [918, 204], [846, 384], [990, 456], [666, 474], [810, 582], [792, 654]]",,"[[1398, 792]]",,0.45101676116225464,0.31657494452309964
911,5,3,15.123000000000047,,13518,"[954, 270]",False,,True,0.0,False,,False,"[[810, 0], [918, 54], [954, 72], [1242, 144], [1080, 180], [918, 198], [846, 378], [990, 450], [666, 468], [810, 576], [792, 648]]",,"[[1398, 786]]",,0.45101676116225464,0.31657494452309964
912,5,3,15.138999999999896,,13518,"[954, 270]",False,,True,0.0,False,,False,"[[918, 48], [954, 66], [1242, 138], [1080, 174], [918, 192], [846, 372], [990, 444], [666, 462], [810, 570], [792, 642]]",,"[[1398, 780]]",,0.4533109187244361,0.25438198416067814
913,5,3,15.155999999999949,,13518,"[954, 270]",False,Right,True,0.0,False,,False,"[[918, 42], [954, 60], [1242, 132], [1080, 168], [918, 186], [846, 366], [990, 438], [666, 456], [810, 564], [792, 636]]",,"[[1392, 774]]",,0.4533109187244361,0.25438198416067814
914,5,3,15.172000000000025,,13518,"[954, 270]",False,Right,True,0.0,False,,False,"[[912, 36], [948, 54], [1236, 126], [1074, 162], [912, 180], [840, 360], [984, 432], [660, 450], [804, 558], [786, 630], [1074, 810]]",,"[[1386, 768]]",,0.45394967807402037,0.25865907294392454
915,5,3,15.188000000000102,,13518,"[954, 270]",False,Right,True,0.0,False,,False,"[[906, 30], [942, 48], [1230, 120], [1068, 156], [906, 174], [834, 354], [978, 426], [654, 444], [798, 552], [780, 624], [1068, 804]]",,"[[1380, 762]]",,0.45413044376201617,0.25915277453790764
916,5,3,15.20399999999995,,13518,"[954, 270]",False,Right,True,0.0,False,,False,"[[900, 24], [936, 42], [1224, 114], [1062, 150], [900, 168], [828, 348], [972, 420], [648, 438], [792, 546], [774, 618], [1062, 798]]",,"[[1374, 756]]",,0.45458234790720453,0.26061736351553166
917,5,3,15.221000000000004,,13518,"[954, 270]",False,Right,True,0.0,False,,False,"[[894, 18], [930, 36], [1218, 108], [1056, 144], [894, 162], [822, 342], [966, 414], [642, 432], [786, 540], [768, 612], [1056, 792]]",,"[[1368, 750]]",,0.45458234790720453,0.26061736351553166
918,5,3,15.238000000000056,,13518,"[954, 270]",False,Right,True,0.0,False,,False,"[[888, 12], [924, 30], [1212, 102], [1050, 138], [888, 156], [816, 336], [960, 408], [636, 426], [780, 534], [762, 606], [1050, 786]]",,"[[1362, 744]]",,0.455144405337146,0.2623243200794435
919,5,3,15.25500000000011,,13518,"[954, 270]",False,Right,True,0.0,False,,False,"[[882, 6], [918, 24], [1206, 96], [1044, 132], [882, 150], [810, 330], [954, 402], [630, 420], [774, 528], [756, 600], [1044, 780]]",,"[[1356, 738]]",,0.455144405337146,0.2623243200794435
920,5,3,15.270999999999958,,13518,"[954, 270]",False,Right,True,0.0,False,,False,"[[876, 0], [912, 18], [1200, 90], [1038, 126], [876, 144], [804, 324], [948, 396], [624, 414], [768, 522], [750, 594], [1038, 774], [1038, 810], [858, 810]]",,"[[1350, 732]]",,0.45553077950697307,0.26337075496991136
921,5,3,15.287000000000035,,13518,"[954, 270]",False,Right,True,0.0,False,,False,"[[906, 12], [1194, 84], [1032, 120], [870, 138], [798, 318], [942, 390], [618, 408], [762, 516], [744, 588], [1032, 768], [1032, 804], [852, 804]]",,"[[1344, 726]]",,0.45553077950697307,0.26337075496991136
922,5,3,15.303000000000111,,13518,"[954, 270]",False,Right,True,0.0,False,,False,"[[900, 6], [1188, 78], [1026, 114], [864, 132], [792, 312], [936, 384], [612, 402], [756, 510], [738, 582], [1026, 762], [1026, 798], [846, 798]]",,"[[1338, 720]]",,0.39043199840566417,0.3077424036590922
923,5,3,15.31899999999996,,13518,"[954, 270]",False,Right,True,0.0,False,,False,"[[894, 0], [1182, 72], [1020, 108], [858, 126], [786, 306], [930, 378], [606, 396], [750, 504], [732, 576], [1020, 756], [1020, 792], [840, 792]]",,"[[1332, 714]]",,0.39043199840566417,0.3077424036590922
924,5,3,15.335000000000036,,13518,"[954, 270]",False,Right,True,0.0,False,,False,"[[1176, 66], [1014, 102], [852, 120], [780, 300], [924, 372], [600, 390], [744, 498], [726, 570], [1014, 750], [1014, 786], [834, 786]]",,"[[1326, 708]]",,0.4561924113515656,0.2668593610736594
925,5,3,15.35200000000009,,13518,"[954, 270]",False,Right,True,0.0,False,,False,"[[1170, 60], [1008, 96], [846, 114], [774, 294], [918, 366], [594, 384], [738, 492], [720, 564], [1008, 744], [1008, 780], [828, 780]]",,"[[1320, 702]]",,0.4561924113515656,0.2668593610736594
926,5,3,15.368999999999915,,13518,"[954, 270]",False,Right,True,0.0,False,,False,"[[1164, 54], [1002, 90], [840, 108], [768, 288], [912, 360], [588, 378], [732, 486], [714, 558], [1002, 738], [1002, 774], [822, 774]]",,"[[1314, 696]]",,0.3832029991309793,0.3184747071673566
927,5,3,15.384999999999991,,13518,"[954, 270]",False,Right,True,0.0,False,,False,"[[1158, 48], [996, 84], [834, 102], [762, 282], [906, 354], [582, 372], [726, 480], [708, 552], [996, 732], [996, 768], [816, 768]]",,"[[1308, 690]]",,0.4583475018252714,0.2698430124334633
928,5,3,15.401000000000067,,13518,"[954, 270]",False,Right,True,0.0,False,,False,"[[1152, 42], [990, 78], [828, 96], [756, 276], [900, 348], [576, 366], [720, 474], [702, 546], [990, 726], [990, 762], [810, 762]]",,"[[1302, 684]]",,0.45930759315383396,0.27244532587258286
929,5,3,15.416999999999916,,13518,"[954, 270]",False,Right,True,0.0,False,,False,"[[1146, 36], [984, 72], [822, 90], [750, 270], [894, 342], [570, 360], [714, 468], [696, 540], [984, 720], [984, 756], [804, 756]]",,"[[1296, 678]]",,0.45914415870371095,0.27201831852413594
930,5,3,15.432999999999993,,13518,"[954, 270]",False,Right,True,0.0,False,,False,"[[1140, 30], [978, 66], [816, 84], [744, 264], [888, 336], [564, 354], [708, 462], [690, 534], [978, 714], [978, 750], [798, 750]]",,"[[1290, 672]]",,0.4595547665820904,0.2709034821980383
931,5,3,15.451000000000022,,13518,"[954, 270]",False,Right,True,0.0,False,,False,"[[1134, 24], [972, 60], [810, 78], [738, 258], [882, 330], [558, 348], [702, 456], [684, 528], [972, 708], [972, 744], [792, 744]]",,"[[1284, 666]]",,0.4658826360609056,0.23846585928867958
932,5,3,15.467000000000098,,13518,"[954, 270]",False,Right,True,0.0,False,,False,"[[1128, 18], [966, 54], [804, 72], [732, 252], [876, 324], [552, 342], [696, 450], [678, 522], [966, 702], [966, 738], [786, 738], [1128, 810]]",,"[[1278, 660]]",,0.463428903532368,0.24110344196142375
933,5,3,15.483999999999924,,13518,"[954, 270]",False,Right,True,0.0,False,,False,"[[1122, 12], [960, 48], [798, 66], [726, 246], [870, 318], [546, 336], [690, 444], [672, 516], [960, 696], [960, 732], [780, 732], [1122, 804]]",,"[[1272, 654]]",,0.46326743602622233,0.2408127206775207
934,5,3,15.5,,13518,"[954, 270]",False,Right,True,0.0,False,,False,"[[1116, 6], [954, 42], [792, 60], [720, 240], [864, 312], [540, 330], [684, 438], [666, 510], [954, 690], [954, 726], [774, 726], [1116, 798]]",,"[[1266, 648]]",,0.46205188422816185,0.24088004921789907
935,5,3,15.516000000000076,,13518,"[954, 270]",False,Right,True,0.0,False,,False,"[[1110, 0], [948, 36], [786, 54], [714, 234], [858, 306], [534, 324], [678, 432], [660, 504], [948, 684], [948, 720], [768, 720], [1110, 792]]",,"[[1260, 642]]",,0.46195015559733205,0.24238320856671147
936,5,3,15.531999999999925,,13518,"[954, 270]",False,Right,True,0.0,False,,False,"[[942, 30], [780, 48], [708, 228], [852, 300], [528, 318], [672, 426], [654, 498], [942, 678], [942, 714], [762, 714], [1104, 786]]",,"[[1254, 636]]",,0.46184693419740014,0.24238523911278342
937,5,3,15.548000000000002,,13518,"[954, 270]",False,Right,True,0.0,False,,False,"[[936, 24], [774, 42], [702, 222], [846, 294], [522, 312], [666, 420], [648, 492], [936, 672], [936, 708], [756, 708], [1098, 780]]",,"[[1248, 630]]",,0.46067328864265766,0.24367276055899334
938,5,3,15.566000000000031,,13518,"[954, 270]",False,,True,0.0,False,,False,"[[930, 18], [768, 36], [696, 216], [840, 288], [516, 306], [660, 414], [642, 486], [930, 666], [930, 702], [750, 702], [1092, 774]]",,"[[1248, 624]]",,0.4606574797188686,0.24487156879639782
939,5,3,15.58400000000006,,13518,"[954, 270]",False,Left,True,0.0,False,,False,"[[930, 12], [768, 30], [696, 210], [840, 282], [516, 300], [660, 408], [642, 480], [930, 660], [930, 696], [750, 696], [1092, 768]]",,"[[1254, 618]]",,0.46006835065966933,0.24400906349860996
940,5,3,15.599999999999909,,13518,"[954, 270]",False,Left,True,0.0,False,,False,"[[936, 6], [774, 24], [702, 204], [846, 276], [522, 294], [666, 402], [648, 474], [936, 654], [936, 690], [756, 690], [1098, 762]]",,"[[1260, 612]]",,0.45975190076871125,0.24505963901124828
941,5,3,15.617999999999938,,13518,"[954, 270]",False,Left,True,0.0,False,,False,"[[942, 0], [780, 18], [708, 198], [852, 270], [528, 288], [672, 396], [654, 468], [942, 648], [942, 684], [762, 684], [1104, 756]]",,"[[1266, 606]]",,0.4592396307029884,0.24805138295874463
942,5,3,15.634000000000015,,13518,"[954, 270]",False,Left,True,0.0,False,,False,"[[786, 12], [714, 192], [858, 264], [534, 282], [678, 390], [660, 462], [948, 642], [948, 678], [768, 678], [1110, 750]]",,"[[1272, 600]]",,0.4561853221640962,0.3067015194060373
943,5,3,15.650000000000091,,13518,"[954, 270]",False,Left,True,0.0,False,,False,"[[792, 6], [720, 186], [864, 258], [540, 276], [684, 384], [666, 456], [954, 636], [954, 672], [774, 672], [1116, 744]]",,"[[1278, 594]]",,0.45877619826836025,0.25338527294305213
944,5,3,15.666999999999916,,13518,"[954, 270]",False,Left,True,0.0,False,,False,"[[798, 0], [726, 180], [870, 252], [546, 270], [690, 378], [672, 450], [960, 630], [960, 666], [780, 666], [1122, 738], [942, 810]]",,"[[1284, 588]]",,0.4585266105382698,0.2566616946755583
945,5,3,15.682999999999993,,13518,"[954, 270]",False,Left,True,0.0,False,,False,"[[732, 174], [876, 246], [552, 264], [696, 372], [678, 444], [966, 624], [966, 660], [786, 660], [1128, 732], [948, 804]]",,"[[1290, 582]]",,0.4582405044888341,0.2583075440083926
946,5,3,15.700000000000045,,13518,"[954, 270]",False,Left,True,0.0,False,,False,"[[738, 168], [882, 240], [558, 258], [702, 366], [684, 438], [972, 618], [972, 654], [792, 654], [1134, 726], [954, 798]]",,"[[1296, 576]]",,0.45827384716089803,0.258661050757544
947,5,3,15.715999999999894,,13518,"[954, 270]",False,Left,True,0.0,False,,False,"[[744, 162], [888, 234], [564, 252], [708, 360], [690, 432], [978, 612], [978, 648], [798, 648], [1140, 720], [960, 792], [1104, 810]]",,"[[1302, 570]]",,0.45607003597665996,0.2594952730697301
948,5,3,15.732999999999947,,13518,"[954, 270]",False,Left,True,0.0,False,,False,"[[750, 156], [894, 228], [570, 246], [714, 354], [696, 426], [984, 606], [984, 642], [804, 642], [1146, 714], [966, 786], [1110, 804]]",,"[[1308, 564]]",,0.4519424049791033,0.2626225281742387
949,5,3,15.749000000000024,,13518,"[954, 270]",False,Left,True,0.0,False,,False,"[[756, 150], [900, 222], [576, 240], [720, 348], [702, 420], [990, 600], [990, 636], [810, 636], [1152, 708], [972, 780], [1116, 798]]",,"[[1314, 558]]",,0.4404383623096041,0.24870500718936217
950,5,3,15.7650000000001,,13518,"[954, 270]",False,Left,True,0.0,False,,False,"[[762, 144], [906, 216], [582, 234], [726, 342], [708, 414], [996, 594], [996, 630], [816, 630], [1158, 702], [978, 774], [1122, 792]]",,"[[1320, 552]]",,0.43976298970598726,0.24865349265704395
951,5,3,15.781999999999925,,13518,"[954, 270]",False,Left,True,0.0,False,,False,"[[768, 138], [912, 210], [588, 228], [732, 336], [714, 408], [1002, 588], [1002, 624], [822, 624], [1164, 696], [984, 768], [1128, 786]]",,"[[1326, 546]]",,0.43968681964236306,0.24596136457429085
952,5,3,15.798999999999978,,13518,"[954, 270]",False,,True,0.0,False,,False,"[[774, 132], [918, 204], [594, 222], [738, 330], [720, 402], [1008, 582], [1008, 618], [828, 618], [1170, 690], [990, 762], [1134, 780]]",,"[[1326, 540]]",,0.43968681964236306,0.24596136457429085
953,5,3,15.817000000000007,,13518,"[954, 270]",False,,True,0.0,False,,False,"[[774, 126], [918, 198], [594, 216], [738, 324], [720, 396], [1008, 576], [1008, 612], [828, 612], [1170, 684], [990, 756], [1134, 774]]",,"[[1326, 534]]",,0.43749946307464016,0.24123056027533918
954,5,3,15.833000000000084,,13518,"[954, 270]",False,,True,0.0,False,,False,"[[774, 120], [918, 192], [594, 210], [738, 318], [720, 390], [1008, 570], [1008, 606], [828, 606], [1170, 678], [990, 750], [1134, 768]]",,"[[1326, 528]]",,0.4375700233069691,0.2403104173926789
955,5,3,15.848999999999933,,13518,"[954, 270]",False,,True,0.0,False,,False,"[[774, 114], [918, 186], [594, 204], [738, 312], [720, 384], [1008, 564], [1008, 600], [828, 600], [1170, 672], [990, 744], [1134, 762]]",,"[[1326, 522]]",,0.4388468904539825,0.24533450479370633
956,5,3,15.865999999999985,,13518,"[954, 270]",False,,True,0.0,False,,False,"[[774, 108], [918, 180], [594, 198], [738, 306], [720, 378], [1008, 558], [1008, 594], [828, 594], [1170, 666], [990, 738], [1134, 756]]",,"[[1326, 516]]",,0.43881961962058647,0.24663528841275295
957,5,3,15.882000000000062,,13518,"[954, 270]",False,,True,0.0,False,,False,"[[774, 102], [918, 174], [594, 192], [738, 300], [720, 372], [1008, 552], [1008, 588], [828, 588], [1170, 660], [990, 732], [1134, 750]]",,"[[1326, 510]]",,0.44065426347223546,0.24843920614561377
958,5,3,15.89799999999991,,13518,"[954, 270]",False,,True,0.0,False,,False,"[[774, 96], [918, 168], [594, 186], [738, 294], [720, 366], [1008, 546], [1008, 582], [828, 582], [1170, 654], [990, 726], [1134, 744]]",,"[[1326, 504]]",,0.44065426347223546,0.24843920614561377
959,5,3,15.914999999999964,,13518,"[954, 270]",False,,True,0.0,False,,False,"[[774, 90], [918, 162], [594, 180], [738, 288], [720, 360], [1008, 540], [1008, 576], [828, 576], [1170, 648], [990, 720], [1134, 738]]",,"[[1326, 498]]",,0.44287571932490444,0.253374975767116
960,5,3,15.93100000000004,,13518,"[954, 270]",False,,True,0.0,False,,False,"[[774, 84], [918, 156], [594, 174], [738, 282], [720, 354], [1008, 534], [1008, 570], [828, 570], [1170, 642], [990, 714], [1134, 732]]",,"[[1326, 492]]",,0.44296820794396047,0.2544656478455083
961,5,3,15.948000000000093,,13518,"[954, 270]",False,,True,0.0,False,,False,"[[774, 78], [918, 150], [594, 168], [738, 276], [720, 348], [1008, 528], [1008, 564], [828, 564], [1170, 636], [990, 708], [1134, 726]]",,"[[1326, 486]]",,0.44427119934429965,0.2567824140096552
962,5,3,15.963999999999942,,13518,"[954, 270]",False,,True,0.0,False,,False,"[[774, 72], [918, 144], [594, 162], [738, 270], [720, 342], [1008, 522], [1008, 558], [828, 558], [1170, 630], [990, 702], [1134, 720]]",,"[[1326, 480]]",,0.44427119934429965,0.2567824140096552
963,5,3,15.980999999999995,,13518,"[954, 270]",False,,True,0.0,False,,False,"[[774, 66], [918, 138], [594, 156], [738, 264], [720, 336], [1008, 516], [1008, 552], [828, 552], [1170, 624], [990, 696], [1134, 714]]",,"[[1326, 474]]",,0.4454061556795116,0.2611959446877249
964,5,3,15.998000000000047,,13518,"[954, 270]",False,,True,0.0,False,,False,"[[774, 60], [918, 132], [594, 150], [738, 258], [720, 330], [1008, 510], [1008, 546], [828, 546], [1170, 618], [990, 690], [1134, 708]]",,"[[1326, 468]]",,0.4454061556795116,0.2611959446877249
965,5,3,16.013999999999896,,13518,"[954, 270]",False,,True,0.0,False,,False,"[[774, 54], [918, 126], [594, 144], [738, 252], [720, 324], [1008, 504], [1008, 540], [828, 540], [1170, 612], [990, 684], [1134, 702], [1116, 810]]",,"[[1326, 462]]",,0.44590750965309434,0.26055805120244613
966,5,3,16.03099999999995,,13518,"[954, 270]",False,,True,0.0,False,,False,"[[774, 48], [918, 120], [594, 138], [738, 246], [720, 318], [1008, 498], [1008, 534], [828, 534], [1170, 606], [990, 678], [1134, 696], [1116, 804]]",,"[[1326, 456]]",,0.44590750965309434,0.26055805120244613
967,5,3,16.048000000000002,,13518,"[954, 270]",False,,True,0.0,False,,False,"[[774, 42], [918, 114], [594, 132], [738, 240], [720, 312], [1008, 492], [1008, 528], [828, 528], [1170, 600], [990, 672], [1134, 690], [1116, 798]]",,"[[1326, 450]]",,0.44481428180971677,0.2615538432454604
968,5,3,16.065000000000055,,13518,"[954, 270]",False,,True,0.0,False,,False,"[[774, 36], [918, 108], [594, 126], [738, 234], [720, 306], [1008, 486], [1008, 522], [828, 522], [1170, 594], [990, 666], [1134, 684], [1116, 792]]",,"[[1326, 444]]",,0.44481428180971677,0.2615538432454604
969,5,3,16.082000000000107,,13518,"[954, 270]",False,,True,0.0,False,,False,"[[774, 30], [918, 102], [594, 120], [738, 228], [720, 300], [1008, 480], [1008, 516], [828, 516], [1170, 588], [990, 660], [1134, 678], [1116, 786]]",,"[[1326, 438]]",,0.4455345015203129,0.2628551998063552
970,5,3,16.09999999999991,,13518,"[954, 270]",False,Left,True,0.0,False,,False,"[[774, 24], [918, 96], [594, 114], [738, 222], [720, 294], [1008, 474], [1008, 510], [828, 510], [1170, 582], [990, 654], [1134, 672], [1116, 780]]",,"[[1332, 432]]",,0.4455345015203129,0.2628551998063552
971,5,3,16.11999999999989,,13518,"[954, 270]",False,Left,True,0.0,False,,False,"[[780, 18], [924, 90], [600, 108], [744, 216], [726, 288], [1014, 468], [1014, 504], [834, 504], [1176, 576], [996, 648], [1140, 666], [1122, 774], [618, 810]]",,"[[1338, 426]]",,0.4477411613423469,0.24229835694913537
972,5,3,16.135999999999967,,13518,"[954, 270]",False,Left,True,0.0,False,,False,"[[786, 12], [930, 84], [606, 102], [750, 210], [732, 282], [1020, 462], [1020, 498], [840, 498], [1182, 570], [1002, 642], [1146, 660], [1128, 768], [624, 804]]",,"[[1344, 420]]",,0.44978690180100667,0.24346089596401965
973,5,3,16.152000000000044,,13518,"[954, 270]",False,Left,True,0.0,False,,False,"[[792, 6], [936, 78], [612, 96], [756, 204], [738, 276], [1026, 456], [1026, 492], [846, 492], [1188, 564], [1008, 636], [1152, 654], [1134, 762], [630, 798]]",,"[[1350, 414]]",,0.450305319009653,0.24314188875496068
974,5,3,16.167999999999893,,13518,"[954, 270]",False,Left,True,0.0,False,,False,"[[798, 0], [942, 72], [618, 90], [762, 198], [744, 270], [1032, 450], [1032, 486], [852, 486], [1194, 558], [1014, 630], [1158, 648], [1140, 756], [636, 792]]",,"[[1356, 408]]",,0.4508455075033889,0.24307873668769497
975,5,3,16.18399999999997,,13518,"[954, 270]",False,Left,True,0.0,False,,False,"[[948, 66], [624, 84], [768, 192], [750, 264], [1038, 444], [1038, 480], [858, 480], [1200, 552], [1020, 624], [1164, 642], [1146, 750], [642, 786]]",,"[[1362, 402]]",,0.4506545647977127,0.24318896741260843
976,5,3,16.200000000000045,,13518,"[954, 270]",False,Left,True,0.0,False,,False,"[[954, 60], [630, 78], [774, 186], [756, 258], [1044, 438], [1044, 474], [864, 474], [1206, 546], [1026, 618], [1170, 636], [1152, 744], [648, 780]]",,"[[1368, 396]]",,0.4512641098150546,0.24314924296655505
977,5,3,16.2170000000001,,13518,"[954, 270]",False,Left,True,0.0,False,,False,"[[960, 54], [636, 72], [780, 180], [762, 252], [1050, 432], [1050, 468], [870, 468], [1212, 540], [1032, 612], [1176, 630], [1158, 738], [654, 774], [1140, 810], [1122, 810]]",,"[[1374, 390]]",,0.45173743230401336,0.24483741920684965
978,5,3,16.232999999999947,,13518,"[954, 270]",False,Left,True,0.0,False,,False,"[[966, 48], [642, 66], [786, 174], [768, 246], [1056, 426], [1056, 462], [876, 462], [1218, 534], [1038, 606], [1182, 624], [1164, 732], [660, 768], [1146, 804], [1128, 804]]",,"[[1380, 384]]",,0.45173743230401336,0.24483741920684965
979,5,3,16.25,,13518,"[954, 270]",False,Left,True,0.0,False,,False,"[[972, 42], [648, 60], [792, 168], [774, 240], [1062, 420], [1062, 456], [882, 456], [1224, 528], [1044, 600], [1188, 618], [1170, 726], [666, 762], [1152, 798], [1134, 798]]",,"[[1386, 378]]",,0.4519574699481752,0.2496538322187688
980,5,3,16.266000000000076,,13518,"[954, 270]",False,Left,True,0.0,False,,False,"[[978, 36], [654, 54], [798, 162], [780, 234], [1068, 414], [1068, 450], [888, 450], [1230, 522], [1050, 594], [1194, 612], [1176, 720], [672, 756], [1158, 792], [1140, 792]]",,"[[1392, 372]]",,0.4519574699481752,0.2496538322187688
981,5,3,16.2829999999999,,13518,"[954, 270]",False,Left,True,0.0,False,,False,"[[984, 30], [660, 48], [804, 156], [786, 228], [1074, 408], [1074, 444], [894, 444], [1236, 516], [1056, 588], [1200, 606], [1182, 714], [678, 750], [1164, 786], [1146, 786]]",,"[[1398, 366]]",,0.4509313727663063,0.25464843968388584
982,5,3,16.299999999999955,,13518,"[954, 270]",False,Left,True,0.0,False,,False,"[[990, 24], [666, 42], [810, 150], [792, 222], [1080, 402], [1080, 438], [900, 438], [1242, 510], [1062, 582], [1206, 600], [1188, 708], [684, 744], [1170, 780], [1152, 780]]",,"[[1404, 360]]",,0.4508688653841462,0.2547141536045361
983,5,3,16.317999999999984,,13518,"[954, 270]",False,,True,0.0,False,,False,"[[996, 18], [672, 36], [816, 144], [798, 216], [1086, 396], [1086, 432], [906, 432], [1248, 504], [1068, 576], [1212, 594], [1194, 702], [690, 738], [1176, 774], [1158, 774]]",,"[[1404, 354]]",,0.45167368369978134,0.2580938888028761
984,5,3,16.332000000000107,,13518,"[954, 270]",False,,True,0.0,False,,False,"[[996, 12], [672, 30], [816, 138], [798, 210], [1086, 390], [1086, 426], [906, 426], [1248, 498], [1068, 570], [1212, 588], [1194, 696], [690, 732], [1176, 768], [1158, 768]]",,"[[1404, 348]]",,0.45167368369978134,0.2580938888028761
985,5,3,16.348999999999933,,13518,"[954, 270]",False,,True,0.0,False,,False,"[[996, 6], [672, 24], [816, 132], [798, 204], [1086, 384], [1086, 420], [906, 420], [1248, 492], [1068, 564], [1212, 582], [1194, 690], [690, 726], [1176, 762], [1158, 762]]",,"[[1404, 342]]",,0.4524667976971012,0.2618723485634511
986,5,3,16.36500000000001,,13518,"[954, 270]",False,,True,0.0,False,,False,"[[996, 0], [672, 18], [816, 126], [798, 198], [1086, 378], [1086, 414], [906, 414], [1248, 486], [1068, 558], [1212, 576], [1194, 684], [690, 720], [1176, 756], [1158, 756]]",,"[[1404, 336]]",,0.4524667976971012,0.2618723485634511
987,5,3,16.382000000000062,,13518,"[954, 270]",False,,True,0.0,False,,False,"[[672, 12], [816, 120], [798, 192], [1086, 372], [1086, 408], [906, 408], [1248, 480], [1068, 552], [1212, 570], [1194, 678], [690, 714], [1176, 750], [1158, 750]]",,"[[1404, 330]]",,0.4551454353367211,0.26645572104119186
988,5,3,16.399000000000115,,13518,"[954, 270]",False,,True,0.0,False,,False,"[[672, 6], [816, 114], [798, 186], [1086, 366], [1086, 402], [906, 402], [1248, 474], [1068, 546], [1212, 564], [1194, 672], [690, 708], [1176, 744], [1158, 744]]",,"[[1404, 324]]",,0.4551454353367211,0.26645572104119186
989,5,3,16.41599999999994,,13518,"[954, 270]",False,,True,0.0,False,,False,"[[672, 0], [816, 108], [798, 180], [1086, 360], [1086, 396], [906, 396], [1248, 468], [1068, 540], [1212, 558], [1194, 666], [690, 702], [1176, 738], [1158, 738]]",,"[[1404, 318]]",,0.45596754820695284,0.2683562337392901
990,5,3,16.432999999999993,,13518,"[954, 270]",False,,True,0.0,False,,False,"[[816, 102], [798, 174], [1086, 354], [1086, 390], [906, 390], [1248, 462], [1068, 534], [1212, 552], [1194, 660], [690, 696], [1176, 732], [1158, 732]]",,"[[1404, 312]]",,0.45596754820695284,0.2683562337392901
991,5,3,16.44900000000007,,13518,"[954, 270]",False,,True,1.0,False,,False,"[[816, 96], [798, 168], [1086, 348], [1086, 384], [906, 384], [1248, 456], [1068, 528], [1212, 546], [1194, 654], [690, 690], [1176, 726], [1158, 726]]",,"[[1404, 306]]",,0.45605767436070527,0.2693009018205833
992,5,3,16.465999999999894,,13518,"[954, 270]",False,,True,1.0,False,,False,"[[816, 90], [798, 162], [1086, 342], [1086, 378], [906, 378], [1248, 450], [1068, 522], [1212, 540], [1194, 648], [690, 684], [1176, 720], [1158, 720]]",,"[[1410, 300]]",,0.45605767436070527,0.2693009018205833
993,5,3,16.48199999999997,,13518,"[954, 270]",False,Left,True,1.0,False,,False,"[[822, 84], [804, 156], [1092, 336], [1092, 372], [912, 372], [1254, 444], [1074, 516], [1218, 534], [1200, 642], [696, 678], [1182, 714], [1164, 714]]",,"[[1422, 294]]",,0.45510109601054144,0.26916689988358233
994,5,3,16.5,,13518,"[954, 270]",False,Left,True,1.0,False,,False,"[[834, 78], [816, 150], [1104, 330], [1104, 366], [924, 366], [1266, 438], [1086, 510], [1230, 528], [1212, 636], [708, 672], [1194, 708], [1176, 708]]",,"[[1434, 288]]",,0.45510109601054144,0.26916689988358233
995,5,3,16.517000000000053,,13518,"[954, 270]",False,Left,True,1.0,False,,False,"[[846, 72], [828, 144], [1116, 324], [1116, 360], [936, 360], [1278, 432], [1098, 504], [1242, 522], [1224, 630], [720, 666], [1206, 702], [1188, 702]]",,"[[1446, 282]]",,0.4563385392046017,0.3254321503007589
996,5,3,16.5329999999999,,13518,"[954, 270]",False,Left,True,1.0,False,,False,"[[858, 66], [840, 138], [1128, 318], [1128, 354], [948, 354], [1290, 426], [1110, 498], [1254, 516], [1236, 624], [732, 660], [1218, 696], [1200, 696]]",,"[[1458, 276]]",,0.4563385392046017,0.3254321503007589
997,5,3,16.549999999999955,,13518,"[954, 270]",False,Left,True,1.0,False,,False,"[[870, 60], [852, 132], [1140, 312], [1140, 348], [960, 348], [1302, 420], [1122, 492], [1266, 510], [1248, 618], [744, 654], [1230, 690], [1212, 690]]",,"[[1470, 270]]",,0.4571988260841934,0.32899265775941233
998,5,3,16.567999999999984,,13518,"[954, 270]",False,Left,True,1.0,False,,False,"[[882, 54], [864, 126], [1152, 306], [1152, 342], [972, 342], [1314, 414], [1134, 486], [1278, 504], [1260, 612], [756, 648], [1242, 684], [1224, 684], [702, 810]]",,"[[1482, 264]]",,0.45574926415856376,0.276882360207109
999,5,3,16.585000000000036,,13518,"[954, 270]",False,Left,True,1.0,False,,False,"[[894, 48], [876, 120], [1164, 300], [1164, 336], [984, 336], [1326, 408], [1146, 480], [1290, 498], [1272, 606], [768, 642], [1254, 678], [1236, 678], [714, 804]]",,"[[1494, 258]]",,0.3826355172330378,0.31617064679972806
1000,5,3,16.601000000000113,,13518,"[954, 270]",False,Left,True,1.0,False,,False,"[[906, 42], [888, 114], [1176, 294], [1176, 330], [996, 330], [1338, 402], [1158, 474], [1302, 492], [1284, 600], [780, 636], [1266, 672], [1248, 672], [726, 798]]",,"[[1506, 252]]",,0.3826355172330378,0.31617064679972806
1001,5,3,16.616999999999962,,13518,"[954, 270]",False,Left,True,1.0,False,,False,"[[918, 36], [900, 108], [1188, 288], [1188, 324], [1008, 324], [1350, 396], [1170, 468], [1314, 486], [1296, 594], [792, 630], [1278, 666], [1260, 666], [738, 792]]",,"[[1518, 246]]",,0.45202900520134826,0.27013706761093614
1002,5,3,16.633000000000038,,13518,"[954, 270]",False,Left,True,1.0,False,,False,"[[930, 30], [912, 102], [1200, 282], [1200, 318], [1020, 318], [1362, 390], [1182, 462], [1326, 480], [1308, 588], [804, 624], [1290, 660], [1272, 660], [750, 786]]",,"[[1530, 240]]",,0.45202900520134826,0.27013706761093614
1003,5,3,16.65000000000009,,13518,"[954, 270]",False,Left,True,1.0,False,,False,"[[942, 24], [924, 96], [1212, 276], [1212, 312], [1032, 312], [1374, 384], [1194, 456], [1338, 474], [1320, 582], [816, 618], [1302, 654], [1284, 654], [762, 780]]",,"[[1542, 234]]",,0.45260377178624045,0.2708311670481941
1004,5,3,16.66599999999994,,13518,"[954, 270]",False,Left,True,1.0,False,,False,"[[954, 18], [936, 90], [1224, 270], [1224, 306], [1044, 306], [1386, 378], [1206, 450], [1350, 468], [1332, 576], [828, 612], [1314, 648], [1296, 648], [774, 774]]",,"[[1554, 228]]",,0.45260377178624045,0.2708311670481941
1005,5,3,16.682000000000016,,13518,"[954, 270]",False,Left,True,1.0,False,,False,"[[966, 12], [948, 84], [1236, 264], [1236, 300], [1056, 300], [1398, 372], [1218, 444], [1362, 462], [1344, 570], [840, 606], [1326, 642], [1308, 642], [786, 768]]",,"[[1566, 222]]",,0.4523820342390329,0.2721401493171999
1006,5,3,16.698000000000093,,13518,"[954, 270]",False,Left,True,1.0,False,,False,"[[978, 6], [960, 78], [1248, 258], [1248, 294], [1068, 294], [1410, 366], [1230, 438], [1374, 456], [1356, 564], [852, 600], [1338, 636], [1320, 636], [798, 762]]",,"[[1578, 216]]",,0.4523820342390329,0.2721401493171999
1007,5,3,16.713999999999942,,13518,"[954, 270]",False,Left,True,1.0,False,,False,"[[990, 0], [972, 72], [1260, 252], [1260, 288], [1080, 288], [1422, 360], [1242, 432], [1386, 450], [1368, 558], [864, 594], [1350, 630], [1332, 630], [810, 756]]",,"[[1590, 210]]",,0.45207840337573757,0.27442523841192634
1008,5,3,16.730000000000018,,13518,"[954, 270]",False,Left,True,1.0,False,,False,"[[984, 66], [1272, 246], [1272, 282], [1092, 282], [1434, 354], [1254, 426], [1398, 444], [1380, 552], [876, 588], [1362, 624], [1344, 624], [822, 750]]",,"[[1602, 204]]",,0.45207840337573757,0.27442523841192634
1009,5,3,16.746000000000095,,13518,"[954, 270]",False,Left,True,1.0,False,,False,"[[996, 60], [1284, 240], [1284, 276], [1104, 276], [1446, 348], [1266, 420], [1410, 438], [1392, 546], [888, 582], [1374, 618], [1356, 618], [834, 744]]",,"[[1614, 198]]",,0.45189546964730287,0.2759538795965034
1010,5,3,16.76299999999992,,13518,"[954, 270]",False,Left,True,1.0,False,,False,"[[1008, 54], [1296, 234], [1296, 270], [1116, 270], [1458, 342], [1278, 414], [1422, 432], [1404, 540], [900, 576], [1386, 612], [1368, 612], [846, 738]]",,"[[1626, 192]]",,0.45189546964730287,0.2759538795965034
1011,5,3,16.77800000000002,,13518,"[954, 270]",False,Left,True,1.0,False,,False,"[[1020, 48], [1308, 228], [1308, 264], [1128, 264], [1470, 336], [1290, 408], [1434, 426], [1416, 534], [912, 570], [1398, 606], [1380, 606], [858, 732]]",,"[[1638, 186]]",,0.45341300923671407,0.27711344041574804
1012,5,3,16.794000000000096,,13518,"[954, 270]",False,Left,True,1.0,False,,False,"[[1032, 42], [1320, 222], [1320, 258], [1140, 258], [1482, 330], [1302, 402], [1446, 420], [1428, 528], [924, 564], [1410, 600], [1392, 600], [870, 726]]",,"[[1650, 180]]",,0.45348315752818646,0.2769283351886178
1013,5,3,16.810999999999922,,13518,"[954, 270]",False,,True,1.0,False,,False,"[[1044, 36], [1332, 216], [1332, 252], [1152, 252], [1494, 324], [1314, 396], [1458, 414], [1440, 522], [936, 558], [1422, 594], [1404, 594], [882, 720]]",,"[[1656, 174]]",,0.4540577402015722,0.27721863014707016
1014,5,3,16.827999999999975,,13518,"[954, 270]",False,,True,1.0,False,,False,"[[1050, 30], [1338, 210], [1338, 246], [1158, 246], [1500, 318], [1320, 390], [1464, 408], [1446, 516], [942, 552], [1428, 588], [1410, 588], [888, 714]]",,"[[1662, 168]]",,0.4540577402015722,0.27721863014707016
1015,5,3,16.846000000000004,,13518,"[954, 270]",False,Right,True,1.0,False,,False,"[[1056, 24], [1344, 204], [1344, 240], [1164, 240], [1506, 312], [1326, 384], [1470, 402], [1452, 510], [948, 546], [1434, 582], [1416, 582], [894, 708]]",,"[[1662, 162]]",,0.3766320243974903,0.32655288410751804
1016,5,3,16.861000000000104,,13518,"[954, 270]",False,Right,True,1.0,False,,False,"[[1056, 18], [1344, 198], [1344, 234], [1164, 234], [1506, 306], [1326, 378], [1470, 396], [1452, 504], [948, 540], [1434, 576], [1416, 576], [894, 702]]",,"[[1662, 156]]",,0.3766320243974903,0.32655288410751804
1017,5,3,16.876999999999953,,13518,"[954, 270]",False,Right,True,1.0,False,,False,"[[1056, 12], [1344, 192], [1344, 228], [1164, 228], [1506, 300], [1326, 372], [1470, 390], [1452, 498], [948, 534], [1434, 570], [1416, 570], [894, 696]]",,"[[1662, 150]]",,0.45378690324125975,0.27913847834733374
1018,5,3,16.894999999999982,,13518,"[954, 270]",False,Right,True,1.0,False,,False,"[[1056, 6], [1344, 186], [1344, 222], [1164, 222], [1506, 294], [1326, 366], [1470, 384], [1452, 492], [948, 528], [1434, 564], [1416, 564], [894, 690]]",,"[[1662, 144]]",,0.4538515342742094,0.27918853838089797
1019,5,3,16.911000000000058,,13518,"[954, 270]",False,Right,True,1.0,False,,False,"[[1056, 0], [1344, 180], [1344, 216], [1164, 216], [1506, 288], [1326, 360], [1470, 378], [1452, 486], [948, 522], [1434, 558], [1416, 558], [894, 684]]",,"[[1662, 138]]",,0.45373050721215674,0.2793061330495792
1020,5,3,16.92800000000011,,13518,"[954, 270]",False,Right,True,1.0,False,,False,"[[1344, 174], [1344, 210], [1164, 210], [1506, 282], [1326, 354], [1470, 372], [1452, 480], [948, 516], [1434, 552], [1416, 552], [894, 678]]",,"[[1662, 132]]",,0.45373050721215674,0.2793061330495792
1021,5,3,16.94399999999996,,13518,"[954, 270]",False,Right,True,1.0,False,,False,"[[1344, 168], [1344, 204], [1164, 204], [1506, 276], [1326, 348], [1470, 366], [1452, 474], [948, 510], [1434, 546], [1416, 546], [894, 672]]",,"[[1662, 126]]",,0.4547179910973349,0.280927568850289
1022,5,3,16.961000000000013,,13518,"[954, 270]",False,Right,True,1.0,False,,False,"[[1344, 162], [1344, 198], [1164, 198], [1506, 270], [1326, 342], [1470, 360], [1452, 468], [948, 504], [1434, 540], [1416, 540], [894, 666]]",,"[[1662, 120]]",,0.454762527659093,0.2816261587442922
1023,5,3,16.97700000000009,,13518,"[954, 270]",False,Right,True,1.0,False,,False,"[[1344, 156], [1344, 192], [1164, 192], [1506, 264], [1326, 336], [1470, 354], [1452, 462], [948, 498], [1434, 534], [1416, 534], [894, 660]]",,"[[1662, 114]]",,0.4551201330406087,0.28150463027842987
1024,5,3,16.992999999999938,,13518,"[954, 270]",False,Right,True,1.0,False,,False,"[[1344, 150], [1344, 186], [1164, 186], [1506, 258], [1326, 330], [1470, 348], [1452, 456], [948, 492], [1434, 528], [1416, 528], [894, 654]]",,"[[1662, 108]]",,0.4551201330406087,0.28150463027842987
1025,5,3,17.00999999999999,,13518,"[954, 270]",False,Right,True,1.0,False,,False,"[[1344, 144], [1344, 180], [1164, 180], [1506, 252], [1326, 324], [1470, 342], [1452, 450], [948, 486], [1434, 522], [1416, 522], [894, 648]]",,"[[1662, 102]]",,0.4563949138875872,0.28504118985225724
1026,5,3,17.027000000000044,,13518,"[954, 270]",False,Right,True,1.0,False,,False,"[[1344, 138], [1344, 174], [1164, 174], [1506, 246], [1326, 318], [1470, 336], [1452, 444], [948, 480], [1434, 516], [1416, 516], [894, 642]]",,"[[1662, 96]]",,0.4563949138875872,0.28504118985225724
1027,5,3,17.042999999999893,,13518,"[954, 270]",False,Right,True,1.0,False,,False,"[[1344, 132], [1344, 168], [1164, 168], [1506, 240], [1326, 312], [1470, 330], [1452, 438], [948, 474], [1434, 510], [1416, 510], [894, 636]]",,"[[1662, 90]]",,0.45672552496031293,0.28536602365808583
1028,5,3,17.05899999999997,,13518,"[954, 270]",False,Right,True,1.0,False,,False,"[[1344, 126], [1344, 162], [1164, 162], [1506, 234], [1326, 306], [1470, 324], [1452, 432], [948, 468], [1434, 504], [1416, 504], [894, 630]]",,"[[1662, 84]]",,0.45654831440394306,0.286458006713027
1029,5,3,17.075000000000045,,13518,"[954, 270]",False,Right,True,1.0,False,,False,"[[1344, 120], [1344, 156], [1164, 156], [1506, 228], [1326, 300], [1470, 318], [1452, 426], [948, 462], [1434, 498], [1416, 498], [894, 624]]",,"[[1662, 78]]",,0.4572998473712276,0.2875450225014149
1030,5,3,17.0920000000001,,13518,"[954, 270]",False,Right,True,1.0,False,,False,"[[1344, 114], [1344, 150], [1164, 150], [1506, 222], [1326, 294], [1470, 312], [1452, 420], [948, 456], [1434, 492], [1416, 492], [894, 618]]",,"[[1662, 72]]",,0.3851286905933804,0.32622738300712006
1031,5,3,17.108999999999924,,13518,"[954, 270]",False,Right,True,1.0,False,,False,"[[1344, 108], [1344, 144], [1164, 144], [1506, 216], [1326, 288], [1470, 306], [1452, 414], [948, 450], [1434, 486], [1416, 486], [894, 612], [1524, 810]]",,"[[1662, 66]]",,0.457843840634051,0.28707632357874435
1032,5,3,17.124000000000024,,13518,"[954, 270]",False,Right,True,1.0,False,,False,"[[1344, 102], [1344, 138], [1164, 138], [1506, 210], [1326, 282], [1470, 300], [1452, 408], [948, 444], [1434, 480], [1416, 480], [894, 606], [1524, 804]]",,"[[1662, 60]]",,0.4583175441046793,0.28184598848478815
1033,5,3,17.1400000000001,,13518,"[954, 270]",False,Right,True,1.0,False,,False,"[[1344, 96], [1344, 132], [1164, 132], [1506, 204], [1326, 276], [1470, 294], [1452, 402], [948, 438], [1434, 474], [1416, 474], [894, 600], [1524, 798]]",,"[[1662, 54]]",,0.459919739746214,0.27274157593450177
1034,5,3,17.159000000000106,,13518,"[954, 270]",False,Right,True,1.0,False,,False,"[[1344, 90], [1344, 126], [1164, 126], [1506, 198], [1326, 270], [1470, 288], [1452, 396], [948, 432], [1434, 468], [1416, 468], [894, 594], [1524, 792]]",,"[[1662, 48]]",,0.4607003316575848,0.3285706178842146
1035,5,3,17.17599999999993,,13518,"[954, 270]",False,Right,True,1.0,False,,False,"[[1344, 84], [1344, 120], [1164, 120], [1506, 192], [1326, 264], [1470, 282], [1452, 390], [948, 426], [1434, 462], [1416, 462], [894, 588], [1524, 786]]",,"[[1662, 42]]",,0.4595421123369997,0.2681075473428507
1036,5,3,17.19399999999996,,13518,"[954, 270]",False,Right,True,1.0,False,,False,"[[1344, 78], [1344, 114], [1164, 114], [1506, 186], [1326, 258], [1470, 276], [1452, 384], [948, 420], [1434, 456], [1416, 456], [894, 582], [1524, 780]]",,"[[1662, 36]]",,0.4590395557678099,0.2677329611778886
1037,5,3,17.211000000000013,,13518,"[954, 270]",False,Right,True,1.0,False,,False,"[[1344, 72], [1344, 108], [1164, 108], [1506, 180], [1326, 252], [1470, 270], [1452, 378], [948, 414], [1434, 450], [1416, 450], [894, 576], [1524, 774]]",,"[[1662, 30]]",,0.4591167354899207,0.2677165704361927
1038,5,3,17.228000000000065,,13518,"[954, 270]",False,Right,True,1.0,False,,False,"[[1344, 66], [1344, 102], [1164, 102], [1506, 174], [1326, 246], [1470, 264], [1452, 372], [948, 408], [1434, 444], [1416, 444], [894, 570], [1524, 768]]",,"[[1662, 24]]",,0.45941303140122647,0.2690214717998586
1039,5,3,17.243999999999915,,13518,"[954, 270]",False,Right,True,1.0,False,,False,"[[1344, 60], [1344, 96], [1164, 96], [1506, 168], [1326, 240], [1470, 258], [1452, 366], [948, 402], [1434, 438], [1416, 438], [894, 564], [1524, 762]]",,"[[1662, 18]]",,0.45916590613448427,0.26929882353569745
1040,5,3,17.25999999999999,,13518,"[954, 270]",False,Right,True,1.0,False,,False,"[[1344, 54], [1344, 90], [1164, 90], [1506, 162], [1326, 234], [1470, 252], [1452, 360], [948, 396], [1434, 432], [1416, 432], [894, 558], [1524, 756], [1020, 810]]",,"[[1662, 12]]",,0.386121892304124,0.3258261552432321
1041,5,3,17.277000000000044,,13518,"[954, 270]",False,Right,True,1.0,False,,False,"[[1344, 48], [1344, 84], [1164, 84], [1506, 156], [1326, 228], [1470, 246], [1452, 354], [948, 390], [1434, 426], [1416, 426], [894, 552], [1524, 750], [1020, 804]]",,"[[1662, 6]]",,0.458365471087001,0.26912198989218294
1042,5,3,17.292999999999893,,13518,"[954, 270]",False,Right,True,0.0,False,,False,"[[1344, 42], [1344, 78], [1164, 78], [1506, 150], [1326, 222], [1470, 240], [1452, 348], [948, 384], [1434, 420], [1416, 420], [894, 546], [1524, 744], [1020, 798]]",,"[[1662, 0]]",,0.4582369863126856,0.26894705312260525
1043,5,3,17.310999999999922,,13518,"[954, 270]",False,Right,True,0.0,False,,False,"[[1344, 36], [1344, 72], [1164, 72], [1506, 144], [1326, 216], [1470, 234], [1452, 342], [948, 378], [1434, 414], [1416, 414], [894, 540], [1524, 738], [1020, 792], [1506, 810]]",,[],,0.4578304612152538,0.27019380685059735
1044,5,3,17.327999999999975,,13518,"[954, 270]",False,Right,True,0.0,False,,False,"[[1338, 30], [1338, 66], [1158, 66], [1500, 138], [1320, 210], [1464, 228], [1446, 336], [942, 372], [1428, 408], [1410, 408], [888, 534], [1518, 732], [1014, 786], [1500, 804]]",,[],,0.45728776143118993,0.2722097025701369
1045,5,3,17.34699999999998,,13518,"[954, 270]",False,Right,True,0.0,False,,False,"[[1332, 24], [1332, 60], [1152, 60], [1494, 132], [1314, 204], [1458, 222], [1440, 330], [936, 366], [1422, 402], [1404, 402], [882, 528], [1512, 726], [1008, 780], [1494, 798]]",,[],,0.4561862398165764,0.2728076458850902
1046,5,3,17.36500000000001,,13518,"[954, 270]",False,Right,True,0.0,False,,False,"[[1326, 18], [1326, 54], [1146, 54], [1488, 126], [1308, 198], [1452, 216], [1434, 324], [930, 360], [1416, 396], [1398, 396], [876, 522], [1506, 720], [1002, 774], [1488, 792]]",,[],,0.4561862398165764,0.2728076458850902
1047,5,3,17.38000000000011,,13518,"[954, 270]",False,Right,True,0.0,False,,False,"[[1320, 12], [1320, 48], [1140, 48], [1482, 120], [1302, 192], [1446, 210], [1428, 318], [924, 354], [1410, 390], [1392, 390], [870, 516], [1500, 714], [996, 768], [1482, 786]]",,[],,0.4519385388244196,0.2723765679257666
1048,5,3,17.396999999999935,,13518,"[954, 270]",False,Right,True,0.0,False,,False,"[[1314, 6], [1314, 42], [1134, 42], [1476, 114], [1296, 186], [1440, 204], [1422, 312], [918, 348], [1404, 384], [1386, 384], [864, 510], [1494, 708], [990, 762], [1476, 780]]",,[],,0.4519385388244196,0.2723765679257666
1049,5,3,17.416999999999916,,13518,"[954, 270]",False,Right,True,0.0,False,,False,"[[1308, 0], [1308, 36], [1128, 36], [1470, 108], [1290, 180], [1434, 198], [1416, 306], [912, 342], [1398, 378], [1380, 378], [858, 504], [1488, 702], [984, 756], [1470, 774]]",,[],,0.4509480261294068,0.2712658462790105
1050,5,3,17.432999999999993,,13518,"[954, 270]",False,Right,True,0.0,False,,False,"[[1302, 30], [1122, 30], [1464, 102], [1284, 174], [1428, 192], [1410, 300], [906, 336], [1392, 372], [1374, 372], [852, 498], [1482, 696], [978, 750], [1464, 768]]",,[],,0.4509480261294068,0.2712658462790105
1051,5,3,17.44900000000007,,13518,"[954, 270]",False,Right,True,0.0,False,,False,"[[1296, 24], [1116, 24], [1458, 96], [1278, 168], [1422, 186], [1404, 294], [900, 330], [1386, 366], [1368, 366], [846, 492], [1476, 690], [972, 744], [1458, 762]]",,[],,0.4497796530869881,0.2715017548377129
1052,5,3,17.464999999999918,,13518,"[954, 270]",False,,True,0.0,False,,False,"[[1290, 18], [1110, 18], [1452, 90], [1272, 162], [1416, 180], [1398, 288], [894, 324], [1380, 360], [1362, 360], [840, 486], [1470, 684], [966, 738], [1452, 756]]",,[],,0.4497796530869881,0.2715017548377129
1053,5,3,17.48199999999997,,13518,"[954, 270]",False,,True,0.0,False,,False,"[[1290, 12], [1110, 12], [1452, 84], [1272, 156], [1416, 174], [1398, 282], [894, 318], [1380, 354], [1362, 354], [840, 480], [1470, 678], [966, 732], [1452, 750]]",,[],,0.44764996690383335,0.2726481223486833
1054,5,3,17.5,,13518,"[954, 270]",False,,True,0.0,False,,False,"[[1290, 6], [1110, 6], [1452, 78], [1272, 150], [1416, 168], [1398, 276], [894, 312], [1380, 348], [1362, 348], [840, 474], [1470, 672], [966, 726], [1452, 744]]",,[],,0.44764996690383335,0.2726481223486833
1055,5,3,17.516000000000076,,13518,"[954, 270]",False,,True,0.0,False,,False,"[[1290, 0], [1110, 0], [1452, 72], [1272, 144], [1416, 162], [1398, 270], [894, 306], [1380, 342], [1362, 342], [840, 468], [1470, 666], [966, 720], [1452, 738]]",,[],,0.4472267864906786,0.275230310201627
1056,5,3,17.534000000000106,,13518,"[954, 270]",False,Right,True,0.0,False,,False,"[[1452, 66], [1272, 138], [1416, 156], [1398, 264], [894, 300], [1380, 336], [1362, 336], [840, 462], [1470, 660], [966, 714], [1452, 732]]",,[],,0.4472267864906786,0.275230310201627
1057,5,3,17.548999999999978,,13518,"[954, 270]",False,Right,True,0.0,False,,False,"[[1446, 60], [1266, 132], [1410, 150], [1392, 258], [888, 294], [1374, 330], [1356, 330], [834, 456], [1464, 654], [960, 708], [1446, 726]]",,[],,0.38088901829011174,0.32517254690699937
1058,5,3,17.565000000000055,,13518,"[954, 270]",False,Right,True,0.0,False,,False,"[[1440, 54], [1260, 126], [1404, 144], [1386, 252], [882, 288], [1368, 324], [1350, 324], [828, 450], [1458, 648], [954, 702], [1440, 720]]",,[],,0.38088901829011174,0.32517254690699937
1059,5,3,17.580999999999904,,13518,"[954, 270]",False,Right,True,0.0,False,,False,"[[1434, 48], [1254, 120], [1398, 138], [1380, 246], [876, 282], [1362, 318], [1344, 318], [822, 444], [1452, 642], [948, 696], [1434, 714]]",,[],,0.4454713727914797,0.278307623405058
1060,5,3,17.59699999999998,,13518,"[954, 270]",False,Right,True,0.0,False,,False,"[[1428, 42], [1248, 114], [1392, 132], [1374, 240], [870, 276], [1356, 312], [1338, 312], [816, 438], [1446, 636], [942, 690], [1428, 708]]",,[],,0.4454811996639054,0.2782847799391672
1061,5,3,17.614000000000033,,13518,"[954, 270]",False,Right,True,0.0,False,,False,"[[1422, 36], [1242, 108], [1386, 126], [1368, 234], [864, 270], [1350, 306], [1332, 306], [810, 432], [1440, 630], [936, 684], [1422, 702]]",,[],,0.4456466375679142,0.2776054298966314
1062,5,3,17.63000000000011,,13518,"[954, 270]",False,Right,True,0.0,False,,False,"[[1416, 30], [1236, 102], [1380, 120], [1362, 228], [858, 264], [1344, 300], [1326, 300], [804, 426], [1434, 624], [930, 678], [1416, 696]]",,[],,0.4456466375679142,0.2776054298966314
1063,5,3,17.646999999999935,,13518,"[954, 270]",False,Right,True,0.0,False,,False,"[[1410, 24], [1230, 96], [1374, 114], [1356, 222], [852, 258], [1338, 294], [1320, 294], [798, 420], [1428, 618], [924, 672], [1410, 690]]",,[],,0.4462612742345642,0.2812582499066064
1064,5,3,17.664999999999964,,13518,"[954, 270]",False,Right,True,0.0,False,,False,"[[1404, 18], [1224, 90], [1368, 108], [1350, 216], [846, 252], [1332, 288], [1314, 288], [792, 414], [1422, 612], [918, 666], [1404, 684], [1368, 810]]",,[],,0.44635591152656584,0.28167508997228397
1065,5,3,17.68100000000004,,13518,"[954, 270]",False,Right,True,0.0,False,,False,"[[1398, 12], [1218, 84], [1362, 102], [1344, 210], [840, 246], [1326, 282], [1308, 282], [786, 408], [1416, 606], [912, 660], [1398, 678], [1362, 804]]",,[],,0.44695960348815367,0.2836797692704057
1066,5,3,17.697000000000116,,13518,"[954, 270]",False,Right,True,0.0,False,,False,"[[1392, 6], [1212, 78], [1356, 96], [1338, 204], [834, 240], [1320, 276], [1302, 276], [780, 402], [1410, 600], [906, 654], [1392, 672], [1356, 798]]",,[],,0.44851582447626803,0.2762014537414328
1067,5,3,17.712999999999965,,13518,"[954, 270]",False,Right,True,0.0,False,,False,"[[1386, 0], [1206, 72], [1350, 90], [1332, 198], [828, 234], [1314, 270], [1296, 270], [774, 396], [1404, 594], [900, 648], [1386, 666], [1350, 792]]",,[],,0.4511536123863308,0.2710402603848544
1068,5,3,17.730000000000018,,13518,"[954, 270]",False,Right,True,0.0,False,,False,"[[1200, 66], [1344, 84], [1326, 192], [822, 228], [1308, 264], [1290, 264], [768, 390], [1398, 588], [894, 642], [1380, 660], [1344, 786]]",,[],,0.45184389011598264,0.2717717123016816
1069,5,3,17.746000000000095,,13518,"[954, 270]",False,Right,True,0.0,False,,False,"[[1194, 60], [1338, 78], [1320, 186], [816, 222], [1302, 258], [1284, 258], [762, 384], [1392, 582], [888, 636], [1374, 654], [1338, 780]]",,[],,0.4526091894698089,0.27215465301124675
1070,5,3,17.761999999999944,,13518,"[954, 270]",False,Right,True,0.0,False,,False,"[[1188, 54], [1332, 72], [1314, 180], [810, 216], [1296, 252], [1278, 252], [756, 378], [1386, 576], [882, 630], [1368, 648], [1332, 774], [990, 810]]",,[],,0.4528435175408417,0.2722687809729085
1071,5,3,17.77800000000002,,13518,"[954, 270]",False,Right,True,0.0,False,,False,"[[1182, 48], [1326, 66], [1308, 174], [804, 210], [1290, 246], [1272, 246], [750, 372], [1380, 570], [876, 624], [1362, 642], [1326, 768], [984, 804]]",,[],,0.45295997035892166,0.27223921869581424
1072,5,3,17.794000000000096,,13518,"[954, 270]",False,Right,True,0.0,False,,False,"[[1176, 42], [1320, 60], [1302, 168], [798, 204], [1284, 240], [1266, 240], [744, 366], [1374, 564], [870, 618], [1356, 636], [1320, 762], [978, 798]]",,[],,0.38267599141341685,0.3138272612233729
1073,5,3,17.810999999999922,,13518,"[954, 270]",False,Right,True,0.0,False,,False,"[[1170, 36], [1314, 54], [1296, 162], [792, 198], [1278, 234], [1260, 234], [738, 360], [1368, 558], [864, 612], [1350, 630], [1314, 756], [972, 792]]",,[],,0.4542637246951683,0.2739518018522642
1074,5,3,17.826999999999998,,13518,"[954, 270]",False,Right,True,0.0,False,,False,"[[1164, 30], [1308, 48], [1290, 156], [786, 192], [1272, 228], [1254, 228], [732, 354], [1362, 552], [858, 606], [1344, 624], [1308, 750], [966, 786]]",,[],,0.45384167639158485,0.2731641900427716
1075,5,3,17.84400000000005,,13518,"[954, 270]",False,Right,True,0.0,False,,False,"[[1158, 24], [1302, 42], [1284, 150], [780, 186], [1266, 222], [1248, 222], [726, 348], [1356, 546], [852, 600], [1338, 618], [1302, 744], [960, 780]]",,[],,0.45361824175352083,0.27328897082147074
1076,5,3,17.8599999999999,,13518,"[954, 270]",False,Right,True,0.0,False,,False,"[[1152, 18], [1296, 36], [1278, 144], [774, 180], [1260, 216], [1242, 216], [720, 342], [1350, 540], [846, 594], [1332, 612], [1296, 738], [954, 774]]",,[],,0.4533418072219166,0.2749172388852781
1077,5,3,17.876999999999953,,13518,"[954, 270]",False,Right,True,0.0,False,,False,"[[1146, 12], [1290, 30], [1272, 138], [768, 174], [1254, 210], [1236, 210], [714, 336], [1344, 534], [840, 588], [1326, 606], [1290, 732], [948, 768]]",,[],,0.4534830619267248,0.27534580008257337
1078,5,3,17.894000000000005,,13518,"[954, 270]",False,Right,True,0.0,False,,False,"[[1140, 6], [1284, 24], [1266, 132], [762, 168], [1248, 204], [1230, 204], [708, 330], [1338, 528], [834, 582], [1320, 600], [1284, 726], [942, 762]]",,[],,0.4531650270665425,0.27546560380575813
1079,5,3,17.910000000000082,,13518,"[954, 270]",False,Right,True,0.0,False,,False,"[[1134, 0], [1278, 18], [1260, 126], [756, 162], [1242, 198], [1224, 198], [702, 324], [1332, 522], [828, 576], [1314, 594], [1278, 720], [936, 756]]",,[],,0.4531650270665425,0.27546560380575813
1080,5,3,17.92599999999993,,13518,"[954, 270]",False,Right,True,0.0,False,,False,"[[1272, 12], [1254, 120], [750, 156], [1236, 192], [1218, 192], [696, 318], [1326, 516], [822, 570], [1308, 588], [1272, 714], [930, 750]]",,[],,0.4568748617148177,0.2666839415905675
1081,5,3,17.942999999999984,,13518,"[954, 270]",False,Right,True,0.0,False,,False,"[[1266, 6], [1248, 114], [744, 150], [1230, 186], [1212, 186], [690, 312], [1320, 510], [816, 564], [1302, 582], [1266, 708], [924, 744]]",,[],,0.4568748617148177,0.2666839415905675
1082,5,3,17.95900000000006,,13518,"[954, 270]",False,Right,True,0.0,False,,False,"[[1260, 0], [1242, 108], [738, 144], [1224, 180], [1206, 180], [684, 306], [1314, 504], [810, 558], [1296, 576], [1260, 702], [918, 738]]",,[],,0.48854032738169756,0.23221892236759412
1083,5,3,17.976000000000113,,13518,"[954, 270]",False,Right,True,0.0,False,,False,"[[1236, 102], [732, 138], [1218, 174], [1200, 174], [678, 300], [1308, 498], [804, 552], [1290, 570], [1254, 696], [912, 732]]",,[],,0.4897436150755019,0.2318218676410233
1084,5,3,17.992999999999938,,13518,"[954, 270]",False,Right,True,0.0,False,,False,"[[1230, 96], [726, 132], [1212, 168], [1194, 168], [672, 294], [1302, 492], [798, 546], [1284, 564], [1248, 690], [906, 726]]",,[],,0.49128873822538066,0.23211430532742505
1085,5,3,18.00999999999999,,13518,"[954, 270]",False,Right,True,0.0,False,,False,"[[1224, 90], [720, 126], [1206, 162], [1188, 162], [666, 288], [1296, 486], [792, 540], [1278, 558], [1242, 684], [900, 720]]",,[],,0.49128873822538066,0.23211430532742505
1086,5,3,18.026000000000067,,13518,"[954, 270]",False,Right,True,0.0,False,,False,"[[1218, 84], [714, 120], [1200, 156], [1182, 156], [660, 282], [1290, 480], [786, 534], [1272, 552], [1236, 678], [894, 714]]",,[],,0.4959424932867134,0.23423428129575252
1087,5,3,18.045000000000073,,13518,"[954, 270]",False,Right,True,0.0,False,,False,"[[1212, 78], [708, 114], [1194, 150], [1176, 150], [654, 276], [1284, 474], [780, 528], [1266, 546], [1230, 672], [888, 708]]",,[],,0.496844120641767,0.23624303512304723
1088,5,3,18.064000000000078,,13518,"[954, 270]",False,Right,True,0.0,False,,False,"[[1206, 72], [702, 108], [1188, 144], [1170, 144], [648, 270], [1278, 468], [774, 522], [1260, 540], [1224, 666], [882, 702]]",,[],,0.49755634791557685,0.2373804472615112
1089,5,3,18.082000000000107,,13518,"[954, 270]",False,Right,True,0.0,False,,False,"[[1200, 66], [696, 102], [1182, 138], [1164, 138], [642, 264], [1272, 462], [768, 516], [1254, 534], [1218, 660], [876, 696]]",,[],,0.4960452988423068,0.23875281901590895
1090,5,3,18.096000000000004,,13518,"[954, 270]",False,Right,True,0.0,False,,False,"[[1194, 60], [690, 96], [1176, 132], [1158, 132], [636, 258], [1266, 456], [762, 510], [1248, 528], [1212, 654], [870, 690]]",,[],,0.49563368691080634,0.2391022605764348
1091,5,3,18.113000000000056,,13518,"[954, 270]",False,Right,True,0.0,False,,False,"[[1188, 54], [684, 90], [1170, 126], [1152, 126], [630, 252], [1260, 450], [756, 504], [1242, 522], [1206, 648], [864, 684]]",,[],,0.4955120727863439,0.23956014555844196
1092,5,3,18.131000000000085,,13518,"[954, 270]",False,Right,True,0.0,False,,False,"[[1182, 48], [678, 84], [1164, 120], [1146, 120], [624, 246], [1254, 444], [750, 498], [1236, 516], [1200, 642], [858, 678]]",,[],,0.49326675007722676,0.24336681961377293
1093,5,3,18.144999999999982,,13518,"[954, 270]",False,Right,True,0.0,False,,False,"[[1176, 42], [672, 78], [1158, 114], [1140, 114], [618, 240], [1248, 438], [744, 492], [1230, 510], [1194, 636], [852, 672]]",,[],,0.4930693602187347,0.24339407701459725
1094,5,3,18.162000000000035,,13518,"[954, 270]",False,Right,True,0.0,False,,False,"[[1170, 36], [666, 72], [1152, 108], [1134, 108], [612, 234], [1242, 432], [738, 486], [1224, 504], [1188, 630], [846, 666]]",,[],,0.4788627800359538,0.2221715569264695
1095,5,3,18.179000000000087,,13518,"[954, 270]",False,Right,True,0.0,False,,False,"[[1164, 30], [660, 66], [1146, 102], [1128, 102], [606, 228], [1236, 426], [732, 480], [1218, 498], [1182, 624], [840, 660]]",,[],,0.4788627800359538,0.2221715569264695
1096,5,3,18.195999999999913,,13518,"[954, 270]",False,,True,0.0,False,,False,"[[1158, 24], [654, 60], [1140, 96], [1122, 96], [600, 222], [1230, 420], [726, 474], [1212, 492], [1176, 618], [834, 654]]",,[],,0.46828888510375855,0.18576980127972165
1097,5,3,18.21199999999999,,13518,"[954, 270]",False,,True,0.0,False,,False,"[[1158, 18], [654, 54], [1140, 90], [1122, 90], [600, 216], [1230, 414], [726, 468], [1212, 486], [1176, 612], [834, 648]]",,[],,0.46828888510375855,0.18576980127972165
1098,5,3,18.22700000000009,,13518,"[954, 270]",False,,True,0.0,False,,False,"[[1158, 12], [654, 48], [1140, 84], [1122, 84], [600, 210], [1230, 408], [726, 462], [1212, 480], [1176, 606], [834, 642]]",,[],,0.46547794735751713,0.1722762062438179
1099,5,3,18.243999999999915,,13518,"[954, 270]",False,,True,0.0,False,,False,"[[1158, 6], [654, 42], [1140, 78], [1122, 78], [600, 204], [1230, 402], [726, 456], [1212, 474], [1176, 600], [834, 636]]",,[],,0.46472144441914204,0.17036170804074657
1100,5,3,18.260999999999967,,13518,"[954, 270]",False,,True,0.0,False,,False,"[[1158, 0], [654, 36], [1140, 72], [1122, 72], [600, 198], [1230, 396], [726, 450], [1212, 468], [1176, 594], [834, 630]]",,[],,0.46153493685439706,0.1672550047732061
1101,5,3,18.27800000000002,,13518,"[954, 270]",False,,True,0.0,False,,False,"[[654, 30], [1140, 66], [1122, 66], [600, 192], [1230, 390], [726, 444], [1212, 462], [1176, 588], [834, 624]]",,[],,0.46153493685439706,0.1672550047732061
1102,5,3,18.295000000000073,,13518,"[954, 270]",False,,True,0.0,False,,False,"[[654, 24], [1140, 60], [1122, 60], [600, 186], [1230, 384], [726, 438], [1212, 456], [1176, 582], [834, 618]]",,[],,0.4664370335909133,0.17975594395939776
1103,5,3,18.311999999999898,,13518,"[954, 270]",False,,True,0.0,False,,False,"[[654, 18], [1140, 54], [1122, 54], [600, 180], [1230, 378], [726, 432], [1212, 450], [1176, 576], [834, 612]]",,[],,0.4664119959532472,0.18056783517368413
1104,5,3,18.32899999999995,,13518,"[954, 270]",False,,True,0.0,False,,False,"[[654, 12], [1140, 48], [1122, 48], [600, 174], [1230, 372], [726, 426], [1212, 444], [1176, 570], [834, 606]]",,[],,0.4658458530502503,0.18179211544706475
1105,5,3,18.34400000000005,,13518,"[954, 270]",False,,True,0.0,False,,False,"[[654, 6], [1140, 42], [1122, 42], [600, 168], [1230, 366], [726, 420], [1212, 438], [1176, 564], [834, 600]]",,[],,0.46599615324725113,0.18233989144165375
1106,5,3,18.361000000000104,,13518,"[954, 270]",False,,True,0.0,False,,False,"[[654, 0], [1140, 36], [1122, 36], [600, 162], [1230, 360], [726, 414], [1212, 432], [1176, 558], [834, 594]]",,[],,0.46807084014407146,0.18234027000872888
1107,5,3,18.376999999999953,,13518,"[954, 270]",False,,True,0.0,False,,False,"[[1140, 30], [1122, 30], [600, 156], [1230, 354], [726, 408], [1212, 426], [1176, 552], [834, 588]]",,[],,0.46807084014407146,0.18234027000872888
1108,5,3,18.394000000000005,,13518,"[954, 270]",False,Left,True,0.0,False,,False,"[[1140, 24], [1122, 24], [600, 150], [1230, 348], [726, 402], [1212, 420], [1176, 546], [834, 582]]",,[],,0.4708726211874457,0.18371818761733294
1109,5,3,18.409000000000106,,13518,"[954, 270]",False,Left,True,0.0,False,,False,"[[1146, 18], [1128, 18], [606, 144], [1236, 342], [732, 396], [1218, 414], [1182, 540], [840, 576]]",,[],,0.4708726211874457,0.18371818761733294
1110,5,3,18.42599999999993,,13518,"[954, 270]",False,Left,True,0.0,False,,False,"[[1152, 12], [1134, 12], [612, 138], [1242, 336], [738, 390], [1224, 408], [1188, 534], [846, 570]]",,[],,0.4729922012394721,0.18714952401745977
1111,5,3,18.442999999999984,,13518,"[954, 270]",False,Left,True,0.0,False,,False,"[[1158, 6], [1140, 6], [618, 132], [1248, 330], [744, 384], [1230, 402], [1194, 528], [852, 564]]",,[],,0.4729922012394721,0.18714952401745977
1112,5,3,18.45900000000006,,13518,"[954, 270]",False,Left,True,0.0,False,,False,"[[1164, 0], [1146, 0], [624, 126], [1254, 324], [750, 378], [1236, 396], [1200, 522], [858, 558]]",,[],,0.47161204216196867,0.1909051174839893
1113,5,3,18.47499999999991,,13518,"[954, 270]",False,Left,True,0.0,False,,False,"[[630, 120], [1260, 318], [756, 372], [1242, 390], [1206, 516], [864, 552]]",,[],,0.47161204216196867,0.1909051174839893
1114,5,3,18.491999999999962,,13518,"[954, 270]",False,Left,True,0.0,False,,False,"[[636, 114], [1266, 312], [762, 366], [1248, 384], [1212, 510], [870, 546]]",,[],,0.47053673791897843,0.1909295026527581
1115,5,3,18.508000000000038,,13518,"[954, 270]",False,Left,True,0.0,False,,False,"[[642, 108], [1272, 306], [768, 360], [1254, 378], [1218, 504], [876, 540]]",,[],,0.47053673791897843,0.1909295026527581
1116,5,3,18.524000000000115,,13518,"[954, 270]",False,,True,0.0,False,,False,"[[648, 102], [1278, 300], [774, 354], [1260, 372], [1224, 498], [882, 534]]",,[],,0.46988238888260064,0.19333849744801646
1117,5,3,18.54099999999994,,13518,"[954, 270]",False,,True,0.0,False,,False,"[[648, 96], [1278, 294], [774, 348], [1260, 366], [1224, 492], [882, 528]]",,[],,0.46988238888260064,0.19333849744801646
1118,5,3,18.55899999999997,,13518,"[954, 270]",False,,True,0.0,False,,False,"[[648, 90], [1278, 288], [774, 342], [1260, 360], [1224, 486], [882, 522]]",,[],,0.46839039711025904,0.1991970090828955
1119,5,3,18.576000000000022,,13518,"[954, 270]",False,,True,0.0,False,,False,"[[648, 84], [1278, 282], [774, 336], [1260, 354], [1224, 480], [882, 516]]",,[],,0.46839039711025904,0.1991970090828955
1120,5,3,18.593000000000075,,13518,"[954, 270]",False,,True,0.0,False,,False,"[[648, 78], [1278, 276], [774, 330], [1260, 348], [1224, 474], [882, 510]]",,[],,0.4549838419761656,0.2018583109638491
1121,5,3,18.6099999999999,,13518,"[954, 270]",False,,True,0.0,False,,False,"[[648, 72], [1278, 270], [774, 324], [1260, 342], [1224, 468], [882, 504]]",,[],,0.4549838419761656,0.2018583109638491
1122,5,3,18.628999999999905,,13518,"[954, 270]",False,,True,0.0,False,,False,"[[648, 66], [1278, 264], [774, 318], [1260, 336], [1224, 462], [882, 498]]",,[],,0.4511314968179378,0.2030589293864431
1123,5,3,18.644999999999982,,13518,"[954, 270]",False,,True,0.0,False,,False,"[[648, 60], [1278, 258], [774, 312], [1260, 330], [1224, 456], [882, 492]]",,[],,0.4511314968179378,0.2030589293864431
1124,5,3,18.661000000000058,,13518,"[954, 270]",False,,True,0.0,False,,False,"[[648, 54], [1278, 252], [774, 306], [1260, 324], [1224, 450], [882, 486]]",,[],,0.44773384311855063,0.20506981519640122
1125,5,3,18.67800000000011,,13518,"[954, 270]",False,Right,True,0.0,False,,False,"[[648, 48], [1278, 246], [774, 300], [1260, 318], [1224, 444], [882, 480]]",,[],,0.44773384311855063,0.20506981519640122
1126,5,3,18.69399999999996,,13518,"[954, 270]",False,Right,True,0.0,False,,False,"[[642, 42], [1272, 240], [768, 294], [1254, 312], [1218, 438], [876, 474]]",,[],,0.44562681110440516,0.20485150926383078
1127,5,3,18.70900000000006,,13518,"[954, 270]",False,Right,True,0.0,False,,False,"[[636, 36], [1266, 234], [762, 288], [1248, 306], [1212, 432], [870, 468]]",,[],,0.44562681110440516,0.20485150926383078
1128,5,3,18.72499999999991,,13518,"[954, 270]",False,Right,True,0.0,False,,False,"[[630, 30], [1260, 228], [756, 282], [1242, 300], [1206, 426], [864, 462]]",,[],,0.44403381254774993,0.20767522502267843
1129,5,3,18.740999999999985,,13518,"[954, 270]",False,Right,True,0.0,False,,False,"[[624, 24], [1254, 222], [750, 276], [1236, 294], [1200, 420], [858, 456]]",,[],,0.44403381254774993,0.20767522502267843
1130,5,3,18.758000000000038,,13518,"[954, 270]",False,Right,True,0.0,False,,False,"[[618, 18], [1248, 216], [744, 270], [1230, 288], [1194, 414], [852, 450]]",,[],,0.44317462126011603,0.21137640240695077
1131,5,3,18.77500000000009,,13518,"[954, 270]",False,Right,True,0.0,False,,False,"[[612, 12], [1242, 210], [738, 264], [1224, 282], [1188, 408], [846, 444]]",,[],,0.44317462126011603,0.21137640240695077
1132,5,3,18.79099999999994,,13518,"[954, 270]",False,Right,True,0.0,False,,False,"[[606, 6], [1236, 204], [732, 258], [1218, 276], [1182, 402], [840, 438]]",,[],,0.44165340665214936,0.21395554348447854
1133,5,3,18.807999999999993,,13518,"[954, 270]",False,Right,True,0.0,False,,False,"[[600, 0], [1230, 198], [726, 252], [1212, 270], [1176, 396], [834, 432]]",,[],,0.44165340665214936,0.21395554348447854
1134,5,3,18.82400000000007,,13518,"[954, 270]",False,Right,True,0.0,False,,False,"[[1224, 192], [720, 246], [1206, 264], [1170, 390], [828, 426]]",,[],,0.4410107860203607,0.21530677790029418
1135,5,3,18.839999999999918,,13518,"[954, 270]",False,Right,True,0.0,False,,False,"[[1218, 186], [714, 240], [1200, 258], [1164, 384], [822, 420]]",,[],,0.4410107860203607,0.21530677790029418
1136,5,3,18.85699999999997,,13518,"[954, 270]",False,,True,0.0,False,,False,"[[1212, 180], [708, 234], [1194, 252], [1158, 378], [816, 414]]",,[],,0.44136240714143427,0.2179484917817428
1137,5,3,18.874000000000024,,13518,"[954, 270]",False,,True,0.0,False,,False,"[[1212, 174], [708, 228], [1194, 246], [1158, 372], [816, 408]]",,[],,0.44136240714143427,0.2179484917817428
1138,5,3,18.8900000000001,,13518,"[954, 270]",False,,True,0.0,False,,False,"[[1212, 168], [708, 222], [1194, 240], [1158, 366], [816, 402]]",,[],,0.4420658691351259,0.22152407117260864
1139,5,3,18.90599999999995,,13518,"[954, 270]",False,,True,0.0,False,,False,"[[1212, 162], [708, 216], [1194, 234], [1158, 360], [816, 396]]",,[],,0.4420658691351259,0.22152407117260864
1140,5,3,18.923000000000002,,13518,"[954, 270]",False,,True,0.0,False,,False,"[[1212, 156], [708, 210], [1194, 228], [1158, 354], [816, 390]]",,[],,0.4415441211045869,0.2270664408130979
1141,5,3,18.939000000000078,,13518,"[954, 270]",False,,True,0.0,False,,False,"[[1212, 150], [708, 204], [1194, 222], [1158, 348], [816, 384]]",,[],,0.44092534656703714,0.22877013671829682
1142,5,3,18.954999999999927,,13518,"[954, 270]",False,,True,0.0,False,,False,"[[1212, 144], [708, 198], [1194, 216], [1158, 342], [816, 378]]",,[],,0.44100832417995567,0.2339556832028601
1143,5,3,18.97199999999998,,13518,"[954, 270]",False,,True,0.0,False,,False,"[[1212, 138], [708, 192], [1194, 210], [1158, 336], [816, 372]]",,[],,0.44100832417995567,0.2339556832028601
1144,5,3,18.99000000000001,,13518,"[954, 270]",False,,True,0.0,False,,False,"[[1212, 132], [708, 186], [1194, 204], [1158, 330], [816, 366]]",,[],,0.4415759310789906,0.23646223396136934
1145,5,3,19.006000000000085,,13518,"[954, 270]",False,,True,0.0,False,,False,"[[1212, 126], [708, 180], [1194, 198], [1158, 324], [816, 360]]",,[],,0.4424203056101225,0.23717988514047872
1146,5,3,19.021999999999935,,13518,"[954, 270]",False,,True,0.0,False,,False,"[[1212, 120], [708, 174], [1194, 192], [1158, 318], [816, 354]]",,[],,0.45249674487594804,0.23787141524956879
1147,5,3,19.039999999999964,,13518,"[954, 270]",False,Left,True,0.0,False,,False,"[[1212, 114], [708, 168], [1194, 186], [1158, 312], [816, 348]]",,[],,0.45249674487594804,0.23787141524956879
1148,5,3,19.055000000000064,,13518,"[954, 270]",False,Left,True,0.0,False,,False,"[[1218, 108], [714, 162], [1200, 180], [1164, 306], [822, 342]]",,[],,0.45335213679118064,0.2397046605337354
1149,5,3,19.072000000000116,,13518,"[954, 270]",False,Left,True,0.0,False,,False,"[[1224, 102], [720, 156], [1206, 174], [1170, 300], [828, 336]]",,[],,0.45335213679118064,0.2397046605337354
1150,5,3,19.087999999999965,,13518,"[954, 270]",False,Left,True,0.0,False,,False,"[[1230, 96], [726, 150], [1212, 168], [1176, 294], [834, 330]]",,[],,0.4536036839868798,0.2417140673025312
1151,5,3,19.105000000000018,,13518,"[954, 270]",False,Left,True,0.0,False,,False,"[[1236, 90], [732, 144], [1218, 162], [1182, 288], [840, 324]]",,[],,0.4530593775420314,0.24321871951778729
1152,5,3,19.12200000000007,,13518,"[954, 270]",False,Left,True,0.0,False,,False,"[[1242, 84], [738, 138], [1224, 156], [1188, 282], [846, 318]]",,[],,0.45210429406585806,0.24272299742346382
1153,5,3,19.138999999999896,,13518,"[954, 270]",False,Left,True,0.0,False,,False,"[[1248, 78], [744, 132], [1230, 150], [1194, 276], [852, 312]]",,[],,0.45210429406585806,0.24272299742346382
1154,5,3,19.15599999999995,,13518,"[954, 270]",False,Left,True,0.0,False,,False,"[[1254, 72], [750, 126], [1236, 144], [1200, 270], [858, 306]]",,[],,0.4504911144103089,0.2426864891208027
1155,5,3,19.173000000000002,,13518,"[954, 270]",False,,True,0.0,False,,False,"[[1260, 66], [756, 120], [1242, 138], [1206, 264], [864, 300]]",,[],,0.4504911144103089,0.2426864891208027
1156,5,3,19.190000000000055,,13518,"[954, 270]",False,,True,0.0,False,,False,"[[1260, 60], [756, 114], [1242, 132], [1206, 258], [864, 294]]",,[],,0.44981497025000816,0.24356075215761563
1157,5,3,19.205999999999904,,13518,"[954, 270]",False,,True,0.0,False,,False,"[[1260, 54], [756, 108], [1242, 126], [1206, 252], [864, 288]]",,[],,0.44960695577118726,0.24333859766271393
1158,5,3,19.22199999999998,,13518,"[954, 270]",False,,True,0.0,False,,False,"[[1260, 48], [756, 102], [1242, 120], [1206, 246], [864, 282]]",,[],,0.4491965299841178,0.24203644611326336
1159,5,3,19.238000000000056,,13518,"[954, 270]",False,,True,0.0,False,,False,"[[1260, 42], [756, 96], [1242, 114], [1206, 240], [864, 276]]",,[],,0.44901917803822855,0.24183705424785207
1160,5,3,19.25500000000011,,13518,"[954, 270]",False,,True,0.0,False,,False,"[[1260, 36], [756, 90], [1242, 108], [1206, 234], [864, 270]]",,[],,0.44897923489650376,0.24005297479420917
1161,5,3,19.271999999999935,,13518,"[954, 270]",False,,True,0.0,False,,False,"[[1260, 30], [756, 84], [1242, 102], [1206, 228], [864, 264]]",,[],,0.44926108885463767,0.23744996656386252
1162,5,3,19.288999999999987,,13518,"[954, 270]",False,,True,0.0,False,,False,"[[1260, 24], [756, 78], [1242, 96], [1206, 222], [864, 258]]",,[],,0.4490105594581825,0.2317448299670346
1163,5,3,19.304000000000087,,13518,"[954, 270]",False,,True,0.0,False,,False,"[[1260, 18], [756, 72], [1242, 90], [1206, 216], [864, 252]]",,[],,0.4490105594581825,0.2317448299670346
1164,5,3,19.319999999999936,,13518,"[954, 270]",False,,True,0.0,False,,False,"[[1260, 12], [756, 66], [1242, 84], [1206, 210], [864, 246]]",,[],,0.45012774800510214,0.22787240068411274
1165,5,3,19.336000000000013,,13518,"[954, 270]",False,,True,0.0,False,,False,"[[1260, 6], [756, 60], [1242, 78], [1206, 204], [864, 240]]",,[],,0.45022042488481046,0.22730710235973617
1166,5,3,19.35200000000009,,13518,"[954, 270]",False,,True,0.0,False,,False,"[[1260, 0], [756, 54], [1242, 72], [1206, 198], [864, 234]]",,[],,0.4501436358792551,0.22583566781963627
1167,5,3,19.367999999999938,,13518,"[954, 270]",False,,True,0.0,False,,False,"[[756, 48], [1242, 66], [1206, 192], [864, 228]]",,[],,0.4480917574963678,0.21329443603504417
1168,5,3,19.38499999999999,,13518,"[954, 270]",False,,True,0.0,False,,False,"[[756, 42], [1242, 60], [1206, 186], [864, 222]]",,[],,0.44696140514166327,0.21040744800366917
1169,5,3,19.402000000000044,,13518,"[954, 270]",False,,True,0.0,False,,False,"[[756, 36], [1242, 54], [1206, 180], [864, 216]]",,[],,0.4441196757296357,0.2059350312578737
1170,5,3,19.419000000000096,,13518,"[954, 270]",False,,True,0.0,False,,False,"[[756, 30], [1242, 48], [1206, 174], [864, 210]]",,[],,0.44265316861197235,0.20634089317632287
1171,5,3,19.436999999999898,,13518,"[954, 270]",False,,True,0.0,False,,False,"[[756, 24], [1242, 42], [1206, 168], [864, 204]]",,[],,0.4402592986401526,0.1934632951047579
1172,5,3,19.452999999999975,,13518,"[954, 270]",False,,True,0.0,False,,False,"[[756, 18], [1242, 36], [1206, 162], [864, 198]]",,[],,0.44051733221524836,0.1929617981722771
1173,5,3,19.46900000000005,,13518,"[954, 270]",False,,True,0.0,False,,False,"[[756, 12], [1242, 30], [1206, 156], [864, 192]]",,[],,0.44120602198133385,0.19113849688501838
1174,5,3,19.486000000000104,,13518,"[954, 270]",False,,True,0.0,False,,False,"[[756, 6], [1242, 24], [1206, 150], [864, 186]]",,[],,0.44089362403915483,0.19047656005844216
1175,5,3,19.50299999999993,,13518,"[954, 270]",False,,True,0.0,False,,False,"[[756, 0], [1242, 18], [1206, 144], [864, 180]]",,[],,0.4425590122659221,0.190527756093692
1176,5,3,19.519999999999982,,13518,"[954, 270]",False,,True,0.0,False,,False,"[[1242, 12], [1206, 138], [864, 174]]",,[],,0.4429911026019263,0.1897847699034082
1177,5,3,19.535000000000082,,13518,"[954, 270]",False,,True,0.0,False,,False,"[[1242, 6], [1206, 132], [864, 168]]",,[],,0.4421081533898531,0.18962400509035293
1178,5,3,19.551999999999907,,13518,"[954, 270]",False,,True,0.0,False,,False,"[[1242, 0], [1206, 126], [864, 162]]",,[],,0.4421081533898531,0.18962400509035293
1179,5,3,19.569999999999936,,13518,"[954, 270]",False,,True,0.0,False,,False,"[[1206, 120], [864, 156]]",,[],,0.44139344598327207,0.1879005588645709
1180,5,3,19.58699999999999,,13518,"[954, 270]",False,,True,0.0,False,,False,"[[1206, 114], [864, 150]]",,[],,0.4408172142312348,0.18686135668855508
1181,5,3,19.603000000000065,,13518,"[954, 270]",False,,True,0.0,False,,False,"[[1206, 108], [864, 144]]",,[],,0.44087486620825106,0.18743688146608994
1182,5,3,19.61999999999989,,13518,"[954, 270]",False,,True,0.0,False,,False,"[[1206, 102], [864, 138]]",,[],,0.4405723906010424,0.18787593172529582
1183,5,3,19.636999999999944,,13518,"[954, 270]",False,,True,0.0,False,,False,"[[1206, 96], [864, 132]]",,[],,0.4409107124767292,0.18967427479312304
1184,5,3,19.653999999999996,,13518,"[954, 270]",False,,True,0.0,False,,False,"[[1206, 90], [864, 126]]",,[],,0.4417061384717817,0.19062964208980904
1185,5,3,19.670000000000073,,13518,"[954, 270]",False,,True,0.0,False,,False,"[[1206, 84], [864, 120]]",,[],,0.44389233199708167,0.18615689957712866
1186,5,3,19.685999999999922,,13518,"[954, 270]",False,,True,0.0,False,,False,"[[1206, 78], [864, 114]]",,[],,0.44389233199708167,0.18615689957712866
1187,5,3,19.702999999999975,,13518,"[954, 270]",False,,True,0.0,False,,False,"[[1206, 72], [864, 108], [864, 810]]",,[],,0.44889127547677815,0.17116397538851424
1188,5,3,19.720000000000027,,13518,"[954, 270]",False,,True,0.0,False,,False,"[[1206, 66], [864, 102], [864, 804]]",,[],,0.4500416644531754,0.1716270713956779
1189,5,3,19.73700000000008,,13518,"[954, 270]",False,,True,0.0,False,,False,"[[1206, 60], [864, 96], [864, 798]]",,[],,0.45405543804642895,0.17158224369928676
1190,5,3,19.75299999999993,,13518,"[954, 270]",False,,True,0.0,False,,False,"[[1206, 54], [864, 90], [864, 792]]",,[],,0.4543593511530862,0.17317110472746644
1191,5,3,19.769000000000005,,13518,"[954, 270]",False,,True,0.0,False,,False,"[[1206, 48], [864, 84], [864, 786]]",,[],,0.45437649872456803,0.17551364296141492
1192,5,3,19.786000000000058,,13518,"[954, 270]",False,,True,0.0,False,,False,"[[1206, 42], [864, 78], [864, 780]]",,[],,0.45437649872456803,0.17551364296141492
1193,5,3,19.80300000000011,,13518,"[954, 270]",False,,True,0.0,False,,False,"[[1206, 36], [864, 72], [864, 774]]",,[],,0.4555293571209981,0.18147807147919148
1194,5,3,19.819999999999936,,13518,"[954, 270]",False,,True,0.0,False,,False,"[[1206, 30], [864, 66], [864, 768]]",,[],,0.4549744012593736,0.18239950595566523
1195,5,3,19.83699999999999,,13518,"[954, 270]",False,,True,0.0,False,,False,"[[1206, 24], [864, 60], [864, 762]]",,[],,0.45323141307829273,0.18562533423811078
1196,5,3,19.853000000000065,,13518,"[954, 270]",False,,True,0.0,False,,False,"[[1206, 18], [864, 54], [864, 756]]",,[],,0.4514836434674921,0.18650054616872058
1197,5,3,19.871000000000095,,13518,"[954, 270]",False,,True,0.0,False,,False,"[[1206, 12], [864, 48], [864, 750]]",,[],,0.4490367379987278,0.18884650203194808
1198,5,3,19.886999999999944,,13518,"[954, 270]",False,,True,0.0,False,,False,"[[1206, 6], [864, 42], [864, 744]]",,[],,0.4491253045464655,0.18975774250970767
1199,5,3,19.903999999999996,,13518,"[954, 270]",False,,True,0.0,False,,False,"[[1206, 0], [864, 36], [864, 738], [846, 810]]",,[],,0.4483367338561991,0.1918932482614627
1200,5,3,19.92100000000005,,13518,"[954, 270]",False,,True,0.0,False,,False,"[[864, 30], [864, 732], [846, 804]]",,[],,0.4481042858622929,0.19237593701684264
1201,5,3,19.936999999999898,,13518,"[954, 270]",False,,True,0.0,False,,False,"[[864, 24], [864, 726], [846, 798]]",,[],,0.4481353129317733,0.19336194188340805
1202,5,3,19.95399999999995,,13518,"[954, 270]",False,,True,0.0,False,,False,"[[864, 18], [864, 720], [846, 792]]",,[],,0.4481353129317733,0.19336194188340805
1203,5,3,19.971000000000004,,13518,"[954, 270]",False,,True,0.0,False,,False,"[[864, 12], [864, 714], [846, 786]]",,[],,0.4483083148037815,0.20027156993459783
1204,5,3,19.99000000000001,,13518,"[954, 270]",False,Left,True,0.0,False,,False,"[[864, 6], [864, 708], [846, 780]]",,[],,0.44821766470651986,0.20110032741273665
1205,5,3,20.007000000000062,,13518,"[954, 270]",False,Left,True,0.0,False,,False,"[[870, 0], [870, 702], [852, 774]]",,[],,0.44906091828286626,0.20418169196747904
1206,5,3,20.021999999999935,,13518,"[954, 270]",False,Left,True,0.0,False,,False,"[[876, 696], [858, 768]]",,[],,0.44898288745865617,0.2069145343682307
1207,5,3,20.039999999999964,,13518,"[954, 270]",False,Left,True,0.0,False,,False,"[[882, 690], [864, 762]]",,[],,0.44594879763535406,0.20308763007978348
1208,5,3,20.057000000000016,,13518,"[954, 270]",False,Left,True,0.0,False,,False,"[[888, 684], [870, 756]]",,[],,0.44356627667317294,0.1936218768619633
1209,5,3,20.072000000000116,,13518,"[954, 270]",False,Left,True,0.0,False,,False,"[[894, 678], [876, 750]]",,[],,0.43874054187118716,0.18467861827815668
1210,5,3,20.088999999999942,,13518,"[954, 270]",False,,True,0.0,False,,False,"[[900, 672], [882, 744]]",,[],,0.438310569218363,0.1858662692644063
1211,5,3,20.105000000000018,,13518,"[954, 270]",False,,True,0.0,False,,False,"[[900, 666], [882, 738]]",,[],,0.43742573650394795,0.18910037735404783
1212,5,3,20.12200000000007,,13518,"[954, 270]",False,,True,0.0,False,,False,"[[900, 660], [882, 732]]",,[],,0.4361711322469268,0.19577011221983864
1213,5,3,20.13799999999992,,13518,"[954, 270]",False,,True,0.0,False,,False,"[[900, 654], [882, 726]]",,[],,0.4354298678797983,0.20529903696301943
1214,5,3,20.153999999999996,,13518,"[954, 270]",False,,True,0.0,False,,False,"[[900, 648], [882, 720], [1026, 810]]",,[],,0.4354298678797983,0.20529903696301943
1215,5,3,20.170000000000073,,13518,"[954, 270]",False,,True,0.0,False,,False,"[[900, 642], [882, 714], [1026, 804]]",,[],,0.4411757051909662,0.21588516769601607
1216,5,3,20.186999999999898,,13518,"[954, 270]",False,,True,0.0,False,,False,"[[900, 636], [882, 708], [1026, 798]]",,[],,0.4411757051909662,0.21588516769601607
1217,5,3,20.202999999999975,,13518,"[954, 270]",False,,True,0.0,False,,False,"[[900, 630], [882, 702], [1026, 792]]",,[],,0.4410793632686981,0.2077467730087168
1218,5,3,20.220000000000027,,13518,"[954, 270]",False,,True,0.0,False,,False,"[[900, 624], [882, 696], [1026, 786]]",,[],,0.4410793632686981,0.2077467730087168
1219,5,3,20.23700000000008,,13518,"[954, 270]",False,,True,0.0,False,,False,"[[900, 618], [882, 690], [1026, 780]]",,[],,0.44086425713665023,0.20309725362990783
1220,5,3,20.253999999999905,,13518,"[954, 270]",False,,True,0.0,False,,False,"[[900, 612], [882, 684], [1026, 774]]",,[],,0.44086425713665023,0.20309725362990783
1221,5,3,20.270999999999958,,13518,"[954, 270]",False,,True,0.0,False,,False,"[[900, 606], [882, 678], [1026, 768]]",,[],,0.43960168560218627,0.20708249702697912
1222,5,3,20.287000000000035,,13518,"[954, 270]",False,,True,0.0,False,,False,"[[900, 600], [882, 672], [1026, 762]]",,[],,0.4393875931115455,0.20828689318584503
1223,5,3,20.304000000000087,,13518,"[954, 270]",False,,True,0.0,False,,False,"[[900, 594], [882, 666], [1026, 756]]",,[],,0.4402183646572403,0.21480454958157602
1224,5,3,20.320999999999913,,13518,"[954, 270]",False,,True,0.0,False,,False,"[[900, 588], [882, 660], [1026, 750]]",,[],,0.4402183646572403,0.21480454958157602
1225,5,3,20.337999999999965,,13518,"[954, 270]",False,,True,0.0,False,,False,"[[900, 582], [882, 654], [1026, 744]]",,[],,0.4433792280073699,0.21908595571632838
1226,5,3,20.354000000000042,,13518,"[954, 270]",False,,True,0.0,False,,False,"[[900, 576], [882, 648], [1026, 738], [1008, 810]]",,[],,0.4433792280073699,0.21908595571632838
1227,5,3,20.36999999999989,,13518,"[954, 270]",False,,True,0.0,False,,False,"[[900, 570], [882, 642], [1026, 732], [1008, 804]]",,[],,0.44550134095328603,0.22379850097291742
1228,5,3,20.386999999999944,,13518,"[954, 270]",False,,True,0.0,False,,False,"[[900, 564], [882, 636], [1026, 726], [1008, 798]]",,[],,0.44550134095328603,0.22379850097291742
1229,5,3,20.404999999999973,,13518,"[954, 270]",False,,True,0.0,False,,False,"[[900, 558], [882, 630], [1026, 720], [1008, 792]]",,[],,0.44655914968436045,0.22483273403349335
1230,5,3,20.42100000000005,,13518,"[954, 270]",False,,True,0.0,False,,False,"[[900, 552], [882, 624], [1026, 714], [1008, 786]]",,[],,0.44655914968436045,0.22483273403349335
1231,5,3,20.436999999999898,,13518,"[954, 270]",False,,True,0.0,False,,False,"[[900, 546], [882, 618], [1026, 708], [1008, 780]]",,[],,0.448617211974841,0.22502211910424252
1232,5,3,20.452999999999975,,13518,"[954, 270]",False,,True,0.0,False,,False,"[[900, 540], [882, 612], [1026, 702], [1008, 774]]",,[],,0.448617211974841,0.22502211910424252
1233,5,3,20.470000000000027,,13518,"[954, 270]",False,Right,True,0.0,False,,False,"[[900, 534], [882, 606], [1026, 696], [1008, 768]]",,[],,0.44914153393442036,0.22219954852571688
1234,5,3,20.4849999999999,,13518,"[954, 270]",False,Right,True,0.0,False,,False,"[[894, 528], [876, 600], [1020, 690], [1002, 762]]",,[],,0.44914153393442036,0.22219954852571688
1235,5,3,20.501999999999953,,13518,"[954, 270]",False,Right,True,0.0,False,,False,"[[888, 522], [870, 594], [1014, 684], [996, 756], [816, 810]]",,[],,0.45777368750318514,0.1826095911949922
1236,5,3,20.519000000000005,,13518,"[954, 270]",False,Right,True,0.0,False,,False,"[[882, 516], [864, 588], [1008, 678], [990, 750], [810, 804]]",,[],,0.45777368750318514,0.1826095911949922
1237,5,3,20.534000000000106,,13518,"[954, 270]",False,Right,True,0.0,False,,False,"[[876, 510], [858, 582], [1002, 672], [984, 744], [804, 798]]",,[],,0.4586272325479559,0.18141986894218876
1238,5,3,20.549999999999955,,13518,"[954, 270]",False,Right,True,0.0,False,,False,"[[870, 504], [852, 576], [996, 666], [978, 738], [798, 792]]",,[],,0.4586272325479559,0.18141986894218876
1239,5,3,20.567000000000007,,13518,"[954, 270]",False,Right,True,0.0,False,,False,"[[864, 498], [846, 570], [990, 660], [972, 732], [792, 786]]",,[],,0.45747136873234007,0.1856564439806524
1240,5,3,20.58400000000006,,13518,"[954, 270]",False,,True,0.0,False,,False,"[[858, 492], [840, 564], [984, 654], [966, 726], [786, 780]]",,[],,0.45747136873234007,0.1856564439806524
1241,5,3,20.59999999999991,,13518,"[954, 270]",False,,True,0.0,False,,False,"[[858, 486], [840, 558], [984, 648], [966, 720], [786, 774], [1272, 810]]",,[],,0.4565257239769334,0.19855020175657379
1242,5,3,20.61500000000001,,13518,"[954, 270]",False,,True,0.0,False,,False,"[[858, 480], [840, 552], [984, 642], [966, 714], [786, 768], [1272, 804]]",,[],,0.4565257239769334,0.19855020175657379
1243,5,3,20.633000000000038,,13518,"[954, 270]",False,,True,0.0,False,,False,"[[858, 474], [840, 546], [984, 636], [966, 708], [786, 762], [1272, 798]]",,[],,0.4553232532970409,0.20057728919641904
1244,5,3,20.65000000000009,,13518,"[954, 270]",False,,True,0.0,False,,False,"[[858, 468], [840, 540], [984, 630], [966, 702], [786, 756], [1272, 792]]",,[],,0.4553232532970409,0.20057728919641904
1245,5,3,20.66599999999994,,13518,"[954, 270]",False,,True,0.0,False,,False,"[[858, 462], [840, 534], [984, 624], [966, 696], [786, 750], [1272, 786]]",,[],,0.4540107998927789,0.20393504823712727
1246,5,3,20.682999999999993,,13518,"[954, 270]",False,,True,0.0,False,,False,"[[858, 456], [840, 528], [984, 618], [966, 690], [786, 744], [1272, 780]]",,[],,0.4540107998927789,0.20393504823712727
1247,5,3,20.700000000000045,,13518,"[954, 270]",False,,True,0.0,False,,False,"[[858, 450], [840, 522], [984, 612], [966, 684], [786, 738], [1272, 774], [768, 810]]",,[],,0.45093656368485424,0.20797913804792378
1248,5,3,20.715999999999894,,13518,"[954, 270]",False,,True,0.0,False,,False,"[[858, 444], [840, 516], [984, 606], [966, 678], [786, 732], [1272, 768], [768, 804]]",,[],,0.45026947361739644,0.20794443549310815
1249,5,3,20.732999999999947,,13518,"[954, 270]",False,,True,0.0,False,,False,"[[858, 438], [840, 510], [984, 600], [966, 672], [786, 726], [1272, 762], [768, 798]]",,[],,0.4488097689942789,0.21015539185063736
1250,5,3,20.75,,13518,"[954, 270]",False,Right,True,0.0,False,,False,"[[858, 432], [840, 504], [984, 594], [966, 666], [786, 720], [1272, 756], [768, 792]]",,[],,0.4488097689942789,0.21015539185063736
1251,5,3,20.767000000000053,,13518,"[954, 270]",False,Right,True,0.0,False,,False,"[[852, 426], [834, 498], [978, 588], [960, 660], [780, 714], [1266, 750], [762, 786]]",,[],,0.44910017592452933,0.20804156710960786
1252,5,3,20.784000000000106,,13518,"[954, 270]",False,Right,True,0.0,False,,False,"[[846, 420], [828, 492], [972, 582], [954, 654], [774, 708], [1260, 744], [756, 780]]",,[],,0.44911125248402184,0.20958319614180265
1253,5,3,20.799999999999955,,13518,"[954, 270]",False,Right,True,0.0,False,,False,"[[840, 414], [822, 486], [966, 576], [948, 648], [768, 702], [1254, 738], [750, 774]]",,[],,0.4484166372682047,0.21146246512947775
1254,5,3,20.81600000000003,,13518,"[954, 270]",False,Right,True,0.0,False,,False,"[[834, 408], [816, 480], [960, 570], [942, 642], [762, 696], [1248, 732], [744, 768]]",,[],,0.4484166372682047,0.21146246512947775
1255,5,3,20.832000000000107,,13518,"[954, 270]",False,Right,True,0.0,False,,False,"[[828, 402], [810, 474], [954, 564], [936, 636], [756, 690], [1242, 726], [738, 762]]",,[],,0.45516884861454077,0.18047374404692962
1256,5,3,20.847999999999956,,13518,"[954, 270]",False,Right,True,0.0,False,,False,"[[822, 396], [804, 468], [948, 558], [930, 630], [750, 684], [1236, 720], [732, 756]]",,[],,0.4555904277949848,0.17517998562328263
1257,5,3,20.86500000000001,,13518,"[954, 270]",False,Right,True,0.0,False,,False,"[[816, 390], [798, 462], [942, 552], [924, 624], [744, 678], [1230, 714], [726, 750]]",,[],,0.4564463699643612,0.17366837491520937
1258,5,3,20.882000000000062,,13518,"[954, 270]",False,Right,True,0.0,False,,False,"[[810, 384], [792, 456], [936, 546], [918, 618], [738, 672], [1224, 708], [720, 744]]",,[],,0.4570837898261151,0.17253326745638686
1259,5,3,20.89799999999991,,13518,"[954, 270]",False,Right,True,0.0,False,,False,"[[804, 378], [786, 450], [930, 540], [912, 612], [732, 666], [1218, 702], [714, 738], [858, 810]]",,[],,0.4592272962572224,0.1697455915605629
1260,5,3,20.914999999999964,,13518,"[954, 270]",False,Right,True,0.0,False,,False,"[[798, 372], [780, 444], [924, 534], [906, 606], [726, 660], [1212, 696], [708, 732], [852, 804]]",,[],,0.4592272962572224,0.1697455915605629
1261,5,3,20.93100000000004,,13518,"[954, 270]",False,Right,True,0.0,False,,False,"[[792, 366], [774, 438], [918, 528], [900, 600], [720, 654], [1206, 690], [702, 726], [846, 798]]",,[],,0.46003998393293283,0.17260605629475634
1262,5,3,20.948000000000093,,13518,"[954, 270]",False,Right,True,0.0,False,,False,"[[786, 360], [768, 432], [912, 522], [894, 594], [714, 648], [1200, 684], [696, 720], [840, 792]]",,[],,0.46003998393293283,0.17260605629475634
1263,5,3,20.964999999999918,,13518,"[954, 270]",False,Right,True,0.0,False,,False,"[[780, 354], [762, 426], [906, 516], [888, 588], [708, 642], [1194, 678], [690, 714], [834, 786]]",,[],,0.46032777744323716,0.17644794109811224
1264,5,3,20.98199999999997,,13518,"[954, 270]",False,Right,True,0.0,False,,False,"[[774, 348], [756, 420], [900, 510], [882, 582], [702, 636], [1188, 672], [684, 708], [828, 780]]",,[],,0.4604219343449688,0.17726564646581755
1265,5,3,21.0,,13518,"[954, 270]",False,,True,0.0,False,,False,"[[768, 342], [750, 414], [894, 504], [876, 576], [696, 630], [1182, 666], [678, 702], [822, 774]]",,[],,0.4590878974371678,0.18339583360681755
1266,5,3,21.0150000000001,,13518,"[954, 270]",False,,True,0.0,False,,False,"[[768, 336], [750, 408], [894, 498], [876, 570], [696, 624], [1182, 660], [678, 696], [822, 768]]",,[],,0.4590878974371678,0.18339583360681755
1267,5,3,21.031999999999925,,13518,"[954, 270]",False,,True,0.0,False,,False,"[[768, 330], [750, 402], [894, 492], [876, 564], [696, 618], [1182, 654], [678, 690], [822, 762]]",,[],,0.4573985335162484,0.1908843426437643
1268,5,3,21.048000000000002,,13518,"[954, 270]",False,,True,0.0,False,,False,"[[768, 324], [750, 396], [894, 486], [876, 558], [696, 612], [1182, 648], [678, 684], [822, 756]]",,[],,0.4569592752517174,0.19337500066872482
1269,5,3,21.065000000000055,,13518,"[954, 270]",False,,True,0.0,False,,False,"[[768, 318], [750, 390], [894, 480], [876, 552], [696, 606], [1182, 642], [678, 678], [822, 750]]",,[],,0.452979348174937,0.1971418100576301
1270,5,3,21.082000000000107,,13518,"[954, 270]",False,,True,0.0,False,,False,"[[768, 312], [750, 384], [894, 474], [876, 546], [696, 600], [1182, 636], [678, 672], [822, 744]]",,[],,0.452979348174937,0.1971418100576301
1271,5,3,21.098999999999933,,13518,"[954, 270]",False,,True,0.0,False,,False,"[[768, 306], [750, 378], [894, 468], [876, 540], [696, 594], [1182, 630], [678, 666], [822, 738]]",,[],,0.4526369164086514,0.19744932912426327
1272,5,3,21.115999999999985,,13518,"[954, 270]",False,,True,0.0,False,,False,"[[768, 300], [750, 372], [894, 462], [876, 534], [696, 588], [1182, 624], [678, 660], [822, 732]]",,[],,0.4530280214712389,0.19596596411118195
1273,5,3,21.132000000000062,,13518,"[954, 270]",False,,True,0.0,False,,False,"[[768, 294], [750, 366], [894, 456], [876, 528], [696, 582], [1182, 618], [678, 654], [822, 726]]",,[],,0.4502713409206837,0.1957798030671304
1274,5,3,21.149000000000115,,13518,"[954, 270]",False,,True,0.0,False,,False,"[[768, 288], [750, 360], [894, 450], [876, 522], [696, 576], [1182, 612], [678, 648], [822, 720], [822, 810]]",,[],,0.4502713409206837,0.1957798030671304
1275,5,3,21.16599999999994,,13518,"[954, 270]",False,Right,True,0.0,False,,False,"[[768, 282], [750, 354], [894, 444], [876, 516], [696, 570], [1182, 606], [678, 642], [822, 714], [822, 804]]",,[],,0.4484792848218767,0.19620465673090515
1276,5,3,21.182999999999993,,13518,"[954, 270]",False,Right,True,0.0,False,,False,"[[762, 276], [744, 348], [888, 438], [870, 510], [690, 564], [1176, 600], [672, 636], [816, 708], [816, 798]]",,[],,0.4484414698396912,0.19545967551469512
1277,5,3,21.200000000000045,,13518,"[954, 270]",False,Right,True,0.0,False,,False,"[[756, 270], [738, 342], [882, 432], [864, 504], [684, 558], [1170, 594], [666, 630], [810, 702], [810, 792]]",,[],,0.4398539121255721,0.1829517395718625
1278,5,3,21.2170000000001,,13518,"[954, 270]",False,Right,True,0.0,False,,False,"[[750, 264], [732, 336], [876, 426], [858, 498], [678, 552], [1164, 588], [660, 624], [804, 696], [804, 786]]",,[],,0.4391501565595517,0.18539319320203573
1279,5,3,21.233999999999924,,13518,"[954, 270]",False,Right,True,0.0,False,,False,"[[744, 258], [726, 330], [870, 420], [852, 492], [672, 546], [1158, 582], [654, 618], [798, 690], [798, 780]]",,[],,0.43834854239039595,0.18932916556849988
1280,5,3,21.250999999999976,,13518,"[954, 270]",False,Right,True,0.0,False,,False,"[[738, 252], [720, 324], [864, 414], [846, 486], [666, 540], [1152, 576], [648, 612], [792, 684], [792, 774]]",,[],,0.4385203635335813,0.19012493560826282
1281,5,3,21.267000000000053,,13518,"[954, 270]",False,Right,True,0.0,False,,False,"[[732, 246], [714, 318], [858, 408], [840, 480], [660, 534], [1146, 570], [642, 606], [786, 678], [786, 768]]",,[],,0.44003581737234027,0.19094225928890418
1282,5,3,21.285000000000082,,13518,"[954, 270]",False,Right,True,0.0,False,,False,"[[726, 240], [708, 312], [852, 402], [834, 474], [654, 528], [1140, 564], [636, 600], [780, 672], [780, 762]]",,[],,0.44003581737234027,0.19094225928890418
1283,5,3,21.301999999999907,,13518,"[954, 270]",False,,True,0.0,False,,False,"[[720, 234], [702, 306], [846, 396], [828, 468], [648, 522], [1134, 558], [630, 594], [774, 666], [774, 756]]",,[],,0.4435702647991688,0.19451155904043216
1284,5,3,21.317999999999984,,13518,"[954, 270]",False,,True,0.0,False,,False,"[[720, 228], [702, 300], [846, 390], [828, 462], [648, 516], [1134, 552], [630, 588], [774, 660], [774, 750]]",,[],,0.44380622746353293,0.1943611334570764
1285,5,3,21.33400000000006,,13518,"[954, 270]",False,,True,0.0,False,,False,"[[720, 222], [702, 294], [846, 384], [828, 456], [648, 510], [1134, 546], [630, 582], [774, 654], [774, 744]]",,[],,0.4436552620977833,0.19646736067725157
1286,5,3,21.351000000000113,,13518,"[954, 270]",False,,True,0.0,False,,False,"[[720, 216], [702, 288], [846, 378], [828, 450], [648, 504], [1134, 540], [630, 576], [774, 648], [774, 738]]",,[],,0.44276294565367486,0.19606029768438615
1287,5,3,21.367999999999938,,13518,"[954, 270]",False,,True,0.0,False,,False,"[[720, 210], [702, 282], [846, 372], [828, 444], [648, 498], [1134, 534], [630, 570], [774, 642], [774, 732]]",,[],,0.4388257753677788,0.19426342046493061
1288,5,3,21.38499999999999,,13518,"[954, 270]",False,,True,0.0,False,,False,"[[720, 204], [702, 276], [846, 366], [828, 438], [648, 492], [1134, 528], [630, 564], [774, 636], [774, 726]]",,[],,0.4388257753677788,0.19426342046493061
1289,5,3,21.401000000000067,,13518,"[954, 270]",False,,True,0.0,False,,False,"[[720, 198], [702, 270], [846, 360], [828, 432], [648, 486], [1134, 522], [630, 558], [774, 630], [774, 720]]",,[],,0.4344326944764544,0.1978941143063606
1290,5,3,21.417999999999893,,13518,"[954, 270]",False,Right,True,0.0,False,,False,"[[720, 192], [702, 264], [846, 354], [828, 426], [648, 480], [1134, 516], [630, 552], [774, 624], [774, 714]]",,[],,0.4331720195569685,0.19885069276373823
1291,5,3,21.43399999999997,,13518,"[954, 270]",False,Right,True,0.0,False,,False,"[[714, 186], [696, 258], [840, 348], [822, 420], [642, 474], [1128, 510], [624, 546], [768, 618], [768, 708]]",,[],,0.43295351874761917,0.20077012856942977
1292,5,3,21.451000000000022,,13518,"[954, 270]",False,Right,True,0.0,False,,False,"[[708, 180], [690, 252], [834, 342], [816, 414], [636, 468], [1122, 504], [618, 540], [762, 612], [762, 702]]",,[],,0.43290501228095557,0.20087168583409354
1293,5,3,21.468000000000075,,13518,"[954, 270]",False,Right,True,0.0,False,,False,"[[702, 174], [684, 246], [828, 336], [810, 408], [630, 462], [1116, 498], [612, 534], [756, 606], [756, 696]]",,[],,0.4336877521505039,0.20139191828197534
1294,5,3,21.483999999999924,,13518,"[954, 270]",False,Right,True,0.0,False,,False,"[[696, 168], [678, 240], [822, 330], [804, 402], [624, 456], [1110, 492], [606, 528], [750, 600], [750, 690]]",,[],,0.4349761370830477,0.2004798302041001
1295,5,3,21.500999999999976,,13518,"[954, 270]",False,Right,True,0.0,False,,False,"[[690, 162], [672, 234], [816, 324], [798, 396], [618, 450], [1104, 486], [600, 522], [744, 594], [744, 684]]",,[],,0.4358328379434508,0.20031454006396499
1296,5,3,21.51800000000003,,13518,"[954, 270]",False,,True,0.0,False,,False,"[[684, 156], [666, 228], [810, 318], [792, 390], [612, 444], [1098, 480], [594, 516], [738, 588], [738, 678]]",,[],,0.4358328379434508,0.20031454006396499
1297,5,3,21.535000000000082,,13518,"[954, 270]",False,,True,0.0,False,,False,"[[684, 150], [666, 222], [810, 312], [792, 384], [612, 438], [1098, 474], [594, 510], [738, 582], [738, 672]]",,[],,0.4355536987444017,0.19991059059384308
1298,5,3,21.551999999999907,,13518,"[954, 270]",False,,True,0.0,False,,False,"[[684, 144], [666, 216], [810, 306], [792, 378], [612, 432], [1098, 468], [594, 504], [738, 576], [738, 666]]",,[],,0.43532541037330175,0.19936084417102518
1299,5,3,21.56899999999996,,13518,"[954, 270]",False,,True,0.0,False,,False,"[[684, 138], [666, 210], [810, 300], [792, 372], [612, 426], [1098, 462], [594, 498], [738, 570], [738, 660]]",,[],,0.436850090817428,0.19005845730230686
1300,5,3,21.586000000000013,,13518,"[954, 270]",False,,True,0.0,False,,False,"[[684, 132], [666, 204], [810, 294], [792, 366], [612, 420], [1098, 456], [594, 492], [738, 564], [738, 654]]",,[],,0.4394435406934291,0.18501843150235286
1301,5,3,21.603000000000065,,13518,"[954, 270]",False,,True,0.0,False,,False,"[[684, 126], [666, 198], [810, 288], [792, 360], [612, 414], [1098, 450], [594, 486], [738, 558], [738, 648]]",,[],,0.44327956481917824,0.1863674105327543
1302,5,3,21.618999999999915,,13518,"[954, 270]",False,,True,0.0,False,,False,"[[684, 120], [666, 192], [810, 282], [792, 354], [612, 408], [1098, 444], [594, 480], [738, 552], [738, 642]]",,[],,0.44327956481917824,0.1863674105327543
1303,5,3,21.635999999999967,,13518,"[954, 270]",False,,True,0.0,False,,False,"[[684, 114], [666, 186], [810, 276], [792, 348], [612, 402], [1098, 438], [594, 474], [738, 546], [738, 636]]",,[],,0.4464909367042068,0.1906895950208517
1304,5,3,21.65300000000002,,13518,"[954, 270]",False,,True,0.0,False,,False,"[[684, 108], [666, 180], [810, 270], [792, 342], [612, 396], [1098, 432], [594, 468], [738, 540], [738, 630], [1008, 810]]",,[],,0.4464909367042068,0.1906895950208517
1305,5,3,21.670000000000073,,13518,"[954, 270]",False,,True,0.0,False,,False,"[[684, 102], [666, 174], [810, 264], [792, 336], [612, 390], [1098, 426], [594, 462], [738, 534], [738, 624], [1008, 804]]",,[],,0.44880346073994215,0.19095587478365383
1306,5,3,21.686999999999898,,13518,"[954, 270]",False,,True,0.0,False,,False,"[[684, 96], [666, 168], [810, 258], [792, 330], [612, 384], [1098, 420], [594, 456], [738, 528], [738, 618], [1008, 798]]",,[],,0.44855214936606524,0.18976025018422027
1307,5,3,21.70399999999995,,13518,"[954, 270]",False,,True,0.0,False,,False,"[[684, 90], [666, 162], [810, 252], [792, 324], [612, 378], [1098, 414], [594, 450], [738, 522], [738, 612], [1008, 792]]",,[],,0.44698921811628106,0.18942764103631504
1308,5,3,21.721000000000004,,13518,"[954, 270]",False,,True,0.0,False,,False,"[[684, 84], [666, 156], [810, 246], [792, 318], [612, 372], [1098, 408], [594, 444], [738, 516], [738, 606], [1008, 786]]",,[],,0.44698921811628106,0.18942764103631504
1309,5,3,21.73700000000008,,13518,"[954, 270]",False,,True,0.0,False,,False,"[[684, 78], [666, 150], [810, 240], [792, 312], [612, 366], [1098, 402], [594, 438], [738, 510], [738, 600], [1008, 780]]",,[],,0.4456442672325286,0.18953494301529306
1310,5,3,21.75299999999993,,13518,"[954, 270]",False,,True,0.0,False,,False,"[[684, 72], [666, 144], [810, 234], [792, 306], [612, 360], [1098, 396], [594, 432], [738, 504], [738, 594], [1008, 774]]",,[],,0.44548139113999125,0.19093768337740957
1311,5,3,21.769000000000005,,13518,"[954, 270]",False,,True,0.0,False,,False,"[[684, 66], [666, 138], [810, 228], [792, 300], [612, 354], [1098, 390], [594, 426], [738, 498], [738, 588], [1008, 768]]",,[],,0.44528934894142136,0.19377101052427703
1312,5,3,21.785000000000082,,13518,"[954, 270]",False,,True,0.0,False,,False,"[[684, 60], [666, 132], [810, 222], [792, 294], [612, 348], [1098, 384], [594, 420], [738, 492], [738, 582], [1008, 762]]",,[],,0.44528934894142136,0.19377101052427703
1313,5,3,21.801999999999907,,13518,"[954, 270]",False,,True,0.0,False,,False,"[[684, 54], [666, 126], [810, 216], [792, 288], [612, 342], [1098, 378], [594, 414], [738, 486], [738, 576], [1008, 756]]",,[],,0.44490380777755884,0.19946962403173873
1314,5,3,21.817999999999984,,13518,"[954, 270]",False,,True,0.0,False,,False,"[[684, 48], [666, 120], [810, 210], [792, 282], [612, 336], [1098, 372], [594, 408], [738, 480], [738, 570], [1008, 750]]",,[],,0.4441331775773249,0.20009113194148065
1315,5,3,21.835000000000036,,13518,"[954, 270]",False,Left,True,0.0,False,,False,"[[684, 42], [666, 114], [810, 204], [792, 276], [612, 330], [1098, 366], [594, 402], [738, 474], [738, 564], [1008, 744]]",,[],,0.4438317289614816,0.19940110484625073
1316,5,3,21.851000000000113,,13518,"[954, 270]",False,Left,True,0.0,False,,False,"[[690, 36], [672, 108], [816, 198], [798, 270], [618, 324], [1104, 360], [600, 396], [744, 468], [744, 558], [1014, 738]]",,[],,0.44330413507467964,0.19741783597446583
1317,5,3,21.865999999999985,,13518,"[954, 270]",False,Left,True,0.0,False,,False,"[[696, 30], [678, 102], [822, 192], [804, 264], [624, 318], [1110, 354], [606, 390], [750, 462], [750, 552], [1020, 732]]",,[],,0.4436094996030695,0.1952966335465398
1318,5,3,21.883000000000038,,13518,"[954, 270]",False,Left,True,0.0,False,,False,"[[702, 24], [684, 96], [828, 186], [810, 258], [630, 312], [1116, 348], [612, 384], [756, 456], [756, 546], [1026, 726]]",,[],,0.4420872723992404,0.19396515533598102
1319,5,3,21.899000000000115,,13518,"[954, 270]",False,Left,True,0.0,False,,False,"[[708, 18], [690, 90], [834, 180], [816, 252], [636, 306], [1122, 342], [618, 378], [762, 450], [762, 540], [1032, 720]]",,[],,0.43817373167244167,0.18369151441683507
1320,5,3,21.914999999999964,,13518,"[954, 270]",False,Left,True,0.0,False,,False,"[[714, 12], [696, 84], [840, 174], [822, 246], [642, 300], [1128, 336], [624, 372], [768, 444], [768, 534], [1038, 714]]",,[],,0.43464697497532007,0.158133714587938
1321,5,3,21.932000000000016,,13518,"[954, 270]",False,Left,True,0.0,False,,False,"[[720, 6], [702, 78], [846, 168], [828, 240], [648, 294], [1134, 330], [630, 366], [774, 438], [774, 528], [1044, 708]]",,[],,0.43243803308457585,0.14693194507169094
1322,5,3,21.94900000000007,,13518,"[954, 270]",False,,True,0.0,False,,False,"[[726, 0], [708, 72], [852, 162], [834, 234], [654, 288], [1140, 324], [636, 360], [780, 432], [780, 522], [1050, 702]]",,[],,0.43046859097588214,0.145269404225307
1323,5,3,21.965999999999894,,13518,"[954, 270]",False,,True,0.0,False,,False,"[[708, 66], [852, 156], [834, 228], [654, 282], [1140, 318], [636, 354], [780, 426], [780, 516], [1050, 696]]",,[],,0.43073150530706183,0.1456979190041119
1324,5,3,21.980999999999995,,13518,"[954, 270]",False,,True,0.0,False,,False,"[[708, 60], [852, 150], [834, 222], [654, 276], [1140, 312], [636, 348], [780, 420], [780, 510], [1050, 690]]",,[],,0.43291282449688656,0.14517876597677304
1325,5,3,21.998000000000047,,13518,"[954, 270]",False,,True,0.0,False,,False,"[[708, 54], [852, 144], [834, 216], [654, 270], [1140, 306], [636, 342], [780, 414], [780, 504], [1050, 684]]",,[],,0.43291282449688656,0.14517876597677304
1326,5,3,22.013999999999896,,13518,"[954, 270]",False,,True,0.0,False,,False,"[[708, 48], [852, 138], [834, 210], [654, 264], [1140, 300], [636, 336], [780, 408], [780, 498], [1050, 678]]",,[],,0.4345696148335608,0.1567991065506894
1327,5,3,22.029999999999973,,13518,"[954, 270]",False,,True,0.0,False,,False,"[[708, 42], [852, 132], [834, 204], [654, 258], [1140, 294], [636, 330], [780, 402], [780, 492], [1050, 672]]",,[],,0.4345696148335608,0.1567991065506894
1328,5,3,22.047000000000025,,13518,"[954, 270]",False,,True,0.0,False,,False,"[[708, 36], [852, 126], [834, 198], [654, 252], [1140, 288], [636, 324], [780, 396], [780, 486], [1050, 666]]",,[],,0.43764408992881654,0.16539871155194907
1329,5,3,22.064000000000078,,13518,"[954, 270]",False,,True,0.0,False,,False,"[[708, 30], [852, 120], [834, 192], [654, 246], [1140, 282], [636, 318], [780, 390], [780, 480], [1050, 660]]",,[],,0.4379204113657519,0.16599550443409283
1330,5,3,22.079999999999927,,13518,"[954, 270]",False,,True,0.0,False,,False,"[[708, 24], [852, 114], [834, 186], [654, 240], [1140, 276], [636, 312], [780, 384], [780, 474], [1050, 654]]",,[],,0.4388535650392214,0.16905266596676116
1331,5,3,22.09699999999998,,13518,"[954, 270]",False,,True,0.0,False,,False,"[[708, 18], [852, 108], [834, 180], [654, 234], [1140, 270], [636, 306], [780, 378], [780, 468], [1050, 648]]",,[],,0.4388535650392214,0.16905266596676116
1332,5,3,22.114000000000033,,13518,"[954, 270]",False,,True,0.0,False,,False,"[[708, 12], [852, 102], [834, 174], [654, 228], [1140, 264], [636, 300], [780, 372], [780, 462], [1050, 642]]",,[],,0.438699530571503,0.1739202542439522
1333,5,3,22.131000000000085,,13518,"[954, 270]",False,,True,0.0,False,,False,"[[708, 6], [852, 96], [834, 168], [654, 222], [1140, 258], [636, 294], [780, 366], [780, 456], [1050, 636]]",,[],,0.438699530571503,0.1739202542439522
1334,5,3,22.146999999999935,,13518,"[954, 270]",False,,True,0.0,False,,False,"[[708, 0], [852, 90], [834, 162], [654, 216], [1140, 252], [636, 288], [780, 360], [780, 450], [1050, 630]]",,[],,0.4367166417825355,0.17893517624965227
1335,5,3,22.163999999999987,,13518,"[954, 270]",False,,True,0.0,False,,False,"[[852, 84], [834, 156], [654, 210], [1140, 246], [636, 282], [780, 354], [780, 444], [1050, 624]]",,[],,0.43661244639720315,0.17966204107932016
1336,5,3,22.18100000000004,,13518,"[954, 270]",False,,True,0.0,False,,False,"[[852, 78], [834, 150], [654, 204], [1140, 240], [636, 276], [780, 348], [780, 438], [1050, 618]]",,[],,0.437315630081381,0.17840248451815788
1337,5,3,22.198000000000093,,13518,"[954, 270]",False,,True,0.0,False,,False,"[[852, 72], [834, 144], [654, 198], [1140, 234], [636, 270], [780, 342], [780, 432], [1050, 612], [1032, 810], [654, 810]]",,[],,0.437315630081381,0.17840248451815788
1338,5,3,22.215999999999894,,13518,"[954, 270]",False,,True,0.0,False,,False,"[[852, 66], [834, 138], [654, 192], [1140, 228], [636, 264], [780, 336], [780, 426], [1050, 606], [1032, 804], [654, 804]]",,[],,0.43465553036376603,0.18233946148506897
1339,5,3,22.23199999999997,,13518,"[954, 270]",False,,True,0.0,False,,False,"[[852, 60], [834, 132], [654, 186], [1140, 222], [636, 258], [780, 330], [780, 420], [1050, 600], [1032, 798], [654, 798]]",,[],,0.4352611687326798,0.184210766867401
1340,5,3,22.249000000000024,,13518,"[954, 270]",False,,True,0.0,False,,False,"[[852, 54], [834, 126], [654, 180], [1140, 216], [636, 252], [780, 324], [780, 414], [1050, 594], [1032, 792], [654, 792]]",,[],,0.4368890535416665,0.18647125304009493
1341,5,3,22.266000000000076,,13518,"[954, 270]",False,,True,0.0,False,,False,"[[852, 48], [834, 120], [654, 174], [1140, 210], [636, 246], [780, 318], [780, 408], [1050, 588], [1032, 786], [654, 786]]",,[],,0.4368890535416665,0.18647125304009493
1342,5,3,22.281999999999925,,13518,"[954, 270]",False,,True,0.0,False,,False,"[[852, 42], [834, 114], [654, 168], [1140, 204], [636, 240], [780, 312], [780, 402], [1050, 582], [1032, 780], [654, 780]]",,[],,0.43783922478589365,0.1985760643951905
1343,5,3,22.298000000000002,,13518,"[954, 270]",False,,True,0.0,False,,False,"[[852, 36], [834, 108], [654, 162], [1140, 198], [636, 234], [780, 306], [780, 396], [1050, 576], [1032, 774], [654, 774]]",,[],,0.43783922478589365,0.1985760643951905
1344,5,3,22.315000000000055,,13518,"[954, 270]",False,,True,0.0,False,,False,"[[852, 30], [834, 102], [654, 156], [1140, 192], [636, 228], [780, 300], [780, 390], [1050, 570], [1032, 768], [654, 768]]",,[],,0.43828762640184404,0.20490381966156845
1345,5,3,22.332000000000107,,13518,"[954, 270]",False,,True,0.0,False,,False,"[[852, 24], [834, 96], [654, 150], [1140, 186], [636, 222], [780, 294], [780, 384], [1050, 564], [1032, 762], [654, 762]]",,[],,0.4371983824236736,0.2056542519603065
1346,5,3,22.348999999999933,,13518,"[954, 270]",False,,True,0.0,False,,False,"[[852, 18], [834, 90], [654, 144], [1140, 180], [636, 216], [780, 288], [780, 378], [1050, 558], [1032, 756], [654, 756]]",,[],,0.4341806059453511,0.21003303065387735
1347,5,3,22.365999999999985,,13518,"[954, 270]",False,,True,0.0,False,,False,"[[852, 12], [834, 84], [654, 138], [1140, 174], [636, 210], [780, 282], [780, 372], [1050, 552], [1032, 750], [654, 750]]",,[],,0.4341806059453511,0.21003303065387735
1348,5,3,22.382000000000062,,13518,"[954, 270]",False,,True,0.0,False,,False,"[[852, 6], [834, 78], [654, 132], [1140, 168], [636, 204], [780, 276], [780, 366], [1050, 546], [1032, 744], [654, 744]]",,[],,0.41876757724920893,0.18797173169620485
1349,5,3,22.399000000000115,,13518,"[954, 270]",False,,True,0.0,False,,False,"[[852, 0], [834, 72], [654, 126], [1140, 162], [636, 198], [780, 270], [780, 360], [1050, 540], [1032, 738], [654, 738], [1014, 810]]",,[],,0.41876757724920893,0.18797173169620485
1350,5,3,22.41599999999994,,13518,"[954, 270]",False,Left,True,0.0,False,,False,"[[834, 66], [654, 120], [1140, 156], [636, 192], [780, 264], [780, 354], [1050, 534], [1032, 732], [654, 732], [1014, 804]]",,[],,0.4184576657767705,0.18749417185616946
1351,5,3,22.432000000000016,,13518,"[954, 270]",False,Left,True,0.0,False,,False,"[[840, 60], [660, 114], [1146, 150], [642, 186], [786, 258], [786, 348], [1056, 528], [1038, 726], [660, 726], [1020, 798]]",,[],,0.41791013376122893,0.18640740439524883
1352,5,3,22.44900000000007,,13518,"[954, 270]",False,Left,True,0.0,False,,False,"[[846, 54], [666, 108], [1152, 144], [648, 180], [792, 252], [792, 342], [1062, 522], [1044, 720], [666, 720], [1026, 792]]",,[],,0.4163467811260307,0.18908934098340768
1353,5,3,22.465999999999894,,13518,"[954, 270]",False,Left,True,0.0,False,,False,"[[852, 48], [672, 102], [1158, 138], [654, 174], [798, 246], [798, 336], [1068, 516], [1050, 714], [672, 714], [1032, 786]]",,[],,0.4163467811260307,0.18908934098340768
1354,5,3,22.48199999999997,,13518,"[954, 270]",False,Left,True,0.0,False,,False,"[[858, 42], [678, 96], [1164, 132], [660, 168], [804, 240], [804, 330], [1074, 510], [1056, 708], [678, 708], [1038, 780]]",,[],,0.4218594028326799,0.18948223607492154
1355,5,3,22.498000000000047,,13518,"[954, 270]",False,Left,True,0.0,False,,False,"[[864, 36], [684, 90], [1170, 126], [666, 162], [810, 234], [810, 324], [1080, 504], [1062, 702], [684, 702], [1044, 774]]",,[],,0.4218594028326799,0.18948223607492154
1356,5,3,22.513999999999896,,13518,"[954, 270]",False,Left,True,0.0,False,,False,"[[870, 30], [690, 84], [1176, 120], [672, 156], [816, 228], [816, 318], [1086, 498], [1068, 696], [690, 696], [1050, 768]]",,[],,0.4232599444400032,0.18673350538724032
1357,5,3,22.529999999999973,,13518,"[954, 270]",False,Left,True,0.0,False,,False,"[[876, 24], [696, 78], [1182, 114], [678, 150], [822, 222], [822, 312], [1092, 492], [1074, 690], [696, 690], [1056, 762]]",,[],,0.4232599444400032,0.18673350538724032
1358,5,3,22.547000000000025,,13518,"[954, 270]",False,Left,True,0.0,False,,False,"[[882, 18], [702, 72], [1188, 108], [684, 144], [828, 216], [828, 306], [1098, 486], [1080, 684], [702, 684], [1062, 756]]",,[],,0.4244692355436639,0.19050788166067356
1359,5,3,22.564000000000078,,13518,"[954, 270]",False,,True,0.0,False,,False,"[[888, 12], [708, 66], [1194, 102], [690, 138], [834, 210], [834, 300], [1104, 480], [1086, 678], [708, 678], [1068, 750]]",,[],,0.4244692355436639,0.19050788166067356
1360,5,3,22.579999999999927,,13518,"[954, 270]",False,,True,0.0,False,,False,"[[888, 6], [708, 60], [1194, 96], [690, 132], [834, 204], [834, 294], [1104, 474], [1086, 672], [708, 672], [1068, 744]]",,[],,0.4243735783985018,0.19835928965019778
1361,5,3,22.59699999999998,,13518,"[954, 270]",False,,True,0.0,False,,False,"[[888, 0], [708, 54], [1194, 90], [690, 126], [834, 198], [834, 288], [1104, 468], [1086, 666], [708, 666], [1068, 738]]",,[],,0.4243735783985018,0.19835928965019778
1362,5,3,22.61500000000001,,13518,"[954, 270]",False,,True,0.0,False,,False,"[[708, 48], [1194, 84], [690, 120], [834, 192], [834, 282], [1104, 462], [1086, 660], [708, 660], [1068, 732]]",,[],,0.4240463186620344,0.20999179038415194
1363,5,3,22.631000000000085,,13518,"[954, 270]",False,,True,0.0,False,,False,"[[708, 42], [1194, 78], [690, 114], [834, 186], [834, 276], [1104, 456], [1086, 654], [708, 654], [1068, 726]]",,[],,0.4240463186620344,0.20999179038415194
1364,5,3,22.646999999999935,,13518,"[954, 270]",False,,True,0.0,False,,False,"[[708, 36], [1194, 72], [690, 108], [834, 180], [834, 270], [1104, 450], [1086, 648], [708, 648], [1068, 720], [672, 810]]",,[],,0.42438872291605867,0.21143621926708123
1365,5,3,22.663999999999987,,13518,"[954, 270]",False,,True,0.0,False,,False,"[[708, 30], [1194, 66], [690, 102], [834, 174], [834, 264], [1104, 444], [1086, 642], [708, 642], [1068, 714], [672, 804]]",,[],,0.42438872291605867,0.21143621926708123
1366,5,3,22.68100000000004,,13518,"[954, 270]",False,,True,0.0,False,,False,"[[708, 24], [1194, 60], [690, 96], [834, 168], [834, 258], [1104, 438], [1086, 636], [708, 636], [1068, 708], [672, 798]]",,[],,0.42443129222944176,0.21589472365084106
1367,5,3,22.698000000000093,,13518,"[954, 270]",False,,True,0.0,False,,False,"[[708, 18], [1194, 54], [690, 90], [834, 162], [834, 252], [1104, 432], [1086, 630], [708, 630], [1068, 702], [672, 792]]",,[],,0.42443129222944176,0.21589472365084106
1368,5,3,22.714999999999918,,13518,"[954, 270]",False,,True,0.0,False,,False,"[[708, 12], [1194, 48], [690, 84], [834, 156], [834, 246], [1104, 426], [1086, 624], [708, 624], [1068, 696], [672, 786]]",,[],,0.42386602471534635,0.22435730781556118
1369,5,3,22.73199999999997,,13518,"[954, 270]",False,,True,0.0,False,,False,"[[708, 6], [1194, 42], [690, 78], [834, 150], [834, 240], [1104, 420], [1086, 618], [708, 618], [1068, 690], [672, 780]]",,[],,0.42386602471534635,0.22435730781556118
1370,5,3,22.748000000000047,,13518,"[954, 270]",False,,True,0.0,False,,False,"[[708, 0], [1194, 36], [690, 72], [834, 144], [834, 234], [1104, 414], [1086, 612], [708, 612], [1068, 684], [672, 774]]",,[],,0.4238936785159632,0.23591702386213265
1371,5,3,22.7650000000001,,13518,"[954, 270]",False,,True,0.0,False,,False,"[[1194, 30], [690, 66], [834, 138], [834, 228], [1104, 408], [1086, 606], [708, 606], [1068, 678], [672, 768]]",,[],,0.4238936785159632,0.23591702386213265
1372,5,3,22.781999999999925,,13518,"[954, 270]",False,,True,0.0,False,,False,"[[1194, 24], [690, 60], [834, 132], [834, 222], [1104, 402], [1086, 600], [708, 600], [1068, 672], [672, 762]]",,[],,0.42358935138270243,0.24507192982661918
1373,5,3,22.797000000000025,,13518,"[954, 270]",False,,True,0.0,False,,False,"[[1194, 18], [690, 54], [834, 126], [834, 216], [1104, 396], [1086, 594], [708, 594], [1068, 666], [672, 756]]",,[],,0.42358935138270243,0.24507192982661918
1374,5,3,22.817000000000007,,13518,"[954, 270]",False,,True,0.0,False,,False,"[[1194, 12], [690, 48], [834, 120], [834, 210], [1104, 390], [1086, 588], [708, 588], [1068, 660], [672, 750]]",,[],,0.4219637122072184,0.25770841276804757
1375,5,3,22.83400000000006,,13518,"[954, 270]",False,,True,0.0,False,,False,"[[1194, 6], [690, 42], [834, 114], [834, 204], [1104, 384], [1086, 582], [708, 582], [1068, 654], [672, 744]]",,[],,0.4219637122072184,0.25770841276804757
1376,5,3,22.84999999999991,,13518,"[954, 270]",False,,True,0.0,False,,False,"[[1194, 0], [690, 36], [834, 108], [834, 198], [1104, 378], [1086, 576], [708, 576], [1068, 648], [672, 738]]",,[],,0.4215337776489685,0.26609550468935106
1377,5,3,22.866999999999962,,13518,"[954, 270]",False,,True,0.0,False,,False,"[[690, 30], [834, 102], [834, 192], [1104, 372], [1086, 570], [708, 570], [1068, 642], [672, 732]]",,[],,0.42150728149534855,0.2669601152711977
1378,5,3,22.884000000000015,,13518,"[954, 270]",False,,True,0.0,False,,False,"[[690, 24], [834, 96], [834, 186], [1104, 366], [1086, 564], [708, 564], [1068, 636], [672, 726]]",,[],,0.42155103149882417,0.27146052067475024
1379,5,3,22.902000000000044,,13518,"[954, 270]",False,Left,True,0.0,False,,False,"[[690, 18], [834, 90], [834, 180], [1104, 360], [1086, 558], [708, 558], [1068, 630], [672, 720]]",,[],,0.42155103149882417,0.27146052067475024
1380,5,3,22.917999999999893,,13518,"[954, 270]",False,Left,True,0.0,False,,False,"[[696, 12], [840, 84], [840, 174], [1110, 354], [1092, 552], [714, 552], [1074, 624], [678, 714]]",,[],,0.43331297849446837,0.248587061429294
1381,5,3,22.93399999999997,,13518,"[954, 270]",False,Left,True,0.0,False,,False,"[[702, 6], [846, 78], [846, 168], [1116, 348], [1098, 546], [720, 546], [1080, 618], [684, 708]]",,[],,0.43331297849446837,0.248587061429294
1382,5,3,22.950000000000045,,13518,"[954, 270]",False,Left,True,0.0,False,,False,"[[708, 0], [852, 72], [852, 162], [1122, 342], [1104, 540], [726, 540], [1086, 612], [690, 702]]",,[],,0.4338491626584953,0.24774985059961607
1383,5,3,22.965999999999894,,13518,"[954, 270]",False,Left,True,0.0,False,,False,"[[858, 66], [858, 156], [1128, 336], [1110, 534], [732, 534], [1092, 606], [696, 696]]",,[],,0.4338491626584953,0.24774985059961607
1384,5,3,22.982999999999947,,13518,"[954, 270]",False,Left,True,0.0,False,,False,"[[864, 60], [864, 150], [1134, 330], [1116, 528], [738, 528], [1098, 600], [702, 690]]",,[],,0.4352842019943209,0.2565039979772198
1385,5,3,23.0,,13518,"[954, 270]",False,Left,True,0.0,False,,False,"[[870, 54], [870, 144], [1140, 324], [1122, 522], [744, 522], [1104, 594], [708, 684]]",,[],,0.4352842019943209,0.2565039979772198
1386,5,3,23.017000000000053,,13518,"[954, 270]",False,Left,True,0.0,False,,False,"[[876, 48], [876, 138], [1146, 318], [1128, 516], [750, 516], [1110, 588], [714, 678]]",,[],,0.43713776916477903,0.262796489861133
1387,5,3,23.034000000000106,,13518,"[954, 270]",False,Left,True,0.0,False,,False,"[[882, 42], [882, 132], [1152, 312], [1134, 510], [756, 510], [1116, 582], [720, 672]]",,[],,0.43713776916477903,0.262796489861133
1388,5,3,23.05099999999993,,13518,"[954, 270]",False,,True,0.0,False,,False,"[[888, 36], [888, 126], [1158, 306], [1140, 504], [762, 504], [1122, 576], [726, 666]]",,[],,0.43759447383629213,0.26622865337269275
1389,5,3,23.067000000000007,,13518,"[954, 270]",False,,True,0.0,False,,False,"[[888, 30], [888, 120], [1158, 300], [1140, 498], [762, 498], [1122, 570], [726, 660]]",,[],,0.43759447383629213,0.26622865337269275
1390,5,3,23.082000000000107,,13518,"[954, 270]",False,,True,0.0,False,,False,"[[888, 24], [888, 114], [1158, 294], [1140, 492], [762, 492], [1122, 564], [726, 654]]",,[],,0.4362220487185053,0.2693125833299046
1391,5,3,23.098999999999933,,13518,"[954, 270]",False,,True,0.0,False,,False,"[[888, 18], [888, 108], [1158, 288], [1140, 486], [762, 486], [1122, 558], [726, 648]]",,[],,0.4362220487185053,0.2693125833299046
1392,5,3,23.11500000000001,,13518,"[954, 270]",False,,True,0.0,False,,False,"[[888, 12], [888, 102], [1158, 282], [1140, 480], [762, 480], [1122, 552], [726, 642]]",,[],,0.4354775142668732,0.2725418979064269
1393,5,3,23.132000000000062,,13518,"[954, 270]",False,,True,0.0,False,,False,"[[888, 6], [888, 96], [1158, 276], [1140, 474], [762, 474], [1122, 546], [726, 636]]",,[],,0.4354775142668732,0.2725418979064269
1394,5,3,23.14799999999991,,13518,"[954, 270]",False,,True,0.0,False,,False,"[[888, 0], [888, 90], [1158, 270], [1140, 468], [762, 468], [1122, 540], [726, 630]]",,[],,0.435523348477502,0.2764126015613164
1395,5,3,23.164999999999964,,13518,"[954, 270]",False,,True,0.0,False,,False,"[[888, 84], [1158, 264], [1140, 462], [762, 462], [1122, 534], [726, 624]]",,[],,0.435523348477502,0.2764126015613164
1396,5,3,23.180000000000064,,13518,"[954, 270]",False,,True,0.0,False,,False,"[[888, 78], [1158, 258], [1140, 456], [762, 456], [1122, 528], [726, 618]]",,[],,0.4354368183738897,0.27767996543116535
1397,5,3,23.195999999999913,,13518,"[954, 270]",False,,True,0.0,False,,False,"[[888, 72], [1158, 252], [1140, 450], [762, 450], [1122, 522], [726, 612]]",,[],,0.4354368183738897,0.27767996543116535
1398,5,3,23.212999999999965,,13518,"[954, 270]",False,,True,0.0,False,,False,"[[888, 66], [1158, 246], [1140, 444], [762, 444], [1122, 516], [726, 606]]",,[],,0.4354011561663519,0.2785702701698287
1399,5,3,23.230000000000018,,13518,"[954, 270]",False,,True,0.0,False,,False,"[[888, 60], [1158, 240], [1140, 438], [762, 438], [1122, 510], [726, 600]]",,[],,0.4354011561663519,0.2785702701698287
1400,5,3,23.24700000000007,,13518,"[954, 270]",False,,True,0.0,False,,False,"[[888, 54], [1158, 234], [1140, 432], [762, 432], [1122, 504], [726, 594], [888, 810]]",,[],,0.4361429274031489,0.27965282584378315
1401,5,3,23.263999999999896,,13518,"[954, 270]",False,,True,0.0,False,,False,"[[888, 48], [1158, 228], [1140, 426], [762, 426], [1122, 498], [726, 588], [888, 804]]",,[],,0.4361429274031489,0.27965282584378315
1402,5,3,23.28099999999995,,13518,"[954, 270]",False,,True,0.0,False,,False,"[[888, 42], [1158, 222], [1140, 420], [762, 420], [1122, 492], [726, 582], [888, 798]]",,[],,0.43786193154877484,0.2797962232208394
1403,5,3,23.297000000000025,,13518,"[954, 270]",False,,True,0.0,False,,False,"[[888, 36], [1158, 216], [1140, 414], [762, 414], [1122, 486], [726, 576], [888, 792]]",,[],,0.43786193154877484,0.2797962232208394
1404,5,3,23.313000000000102,,13518,"[954, 270]",False,,True,0.0,False,,False,"[[888, 30], [1158, 210], [1140, 408], [762, 408], [1122, 480], [726, 570], [888, 786]]",,[],,0.43984688444383985,0.2821056457773703
1405,5,3,23.329999999999927,,13518,"[954, 270]",False,,True,0.0,False,,False,"[[888, 24], [1158, 204], [1140, 402], [762, 402], [1122, 474], [726, 564], [888, 780]]",,[],,0.43984688444383985,0.2821056457773703
1406,5,3,23.34699999999998,,13518,"[954, 270]",False,,True,0.0,False,,False,"[[888, 18], [1158, 198], [1140, 396], [762, 396], [1122, 468], [726, 558], [888, 774], [870, 810]]",,[],,0.44197513107224207,0.2832757184204636
1407,5,3,23.363000000000056,,13518,"[954, 270]",False,,True,0.0,False,,False,"[[888, 12], [1158, 192], [1140, 390], [762, 390], [1122, 462], [726, 552], [888, 768], [870, 804]]",,[],,0.44244412073047557,0.2835904984517702
1408,5,3,23.38000000000011,,13518,"[954, 270]",False,,True,0.0,False,,False,"[[888, 6], [1158, 186], [1140, 384], [762, 384], [1122, 456], [726, 546], [888, 762], [870, 798]]",,[],,0.4338503834221977,0.26440968413416766
1409,5,3,23.396999999999935,,13518,"[954, 270]",False,,True,0.0,False,,False,"[[888, 0], [1158, 180], [1140, 378], [762, 378], [1122, 450], [726, 540], [888, 756], [870, 792]]",,[],,0.4338503834221977,0.26440968413416766
1410,5,3,23.41300000000001,,13518,"[954, 270]",False,,True,0.0,False,,False,"[[1158, 174], [1140, 372], [762, 372], [1122, 444], [726, 534], [888, 750], [870, 786]]",,[],,0.4319752219272465,0.2581930006420484
1411,5,3,23.430000000000064,,13518,"[954, 270]",False,,True,0.0,False,,False,"[[1158, 168], [1140, 366], [762, 366], [1122, 438], [726, 528], [888, 744], [870, 780]]",,[],,0.4319752219272465,0.2581930006420484
1412,5,3,23.448000000000093,,13518,"[954, 270]",False,,True,0.0,False,,False,"[[1158, 162], [1140, 360], [762, 360], [1122, 432], [726, 522], [888, 738], [870, 774], [1194, 810]]",,[],,0.4313383981790486,0.2545576243507761
1413,5,3,23.463999999999942,,13518,"[954, 270]",False,,True,0.0,False,,False,"[[1158, 156], [1140, 354], [762, 354], [1122, 426], [726, 516], [888, 732], [870, 768], [1194, 804]]",,[],,0.4313383981790486,0.2545576243507761
1414,5,3,23.480999999999995,,13518,"[954, 270]",False,Left,True,0.0,False,,False,"[[1158, 150], [1140, 348], [762, 348], [1122, 420], [726, 510], [888, 726], [870, 762], [1194, 798]]",,[],,0.4328818359661818,0.256149845211446
1415,5,3,23.49700000000007,,13518,"[954, 270]",False,Left,True,0.0,False,,False,"[[1164, 144], [1146, 342], [768, 342], [1128, 414], [732, 504], [894, 720], [876, 756], [1200, 792], [840, 810]]",,[],,0.4328818359661818,0.256149845211446
1416,5,3,23.51299999999992,,13518,"[954, 270]",False,Left,True,0.0,False,,False,"[[1170, 138], [1152, 336], [774, 336], [1134, 408], [738, 498], [900, 714], [882, 750], [1206, 786], [846, 804]]",,[],,0.43279668513763403,0.25706112740472264
1417,5,3,23.529999999999973,,13518,"[954, 270]",False,Left,True,0.0,False,,False,"[[1176, 132], [1158, 330], [780, 330], [1140, 402], [744, 492], [906, 708], [888, 744], [1212, 780], [852, 798]]",,[],,0.43221317333738274,0.25931761864780756
1418,5,3,23.54600000000005,,13518,"[954, 270]",False,Left,True,0.0,False,,False,"[[1182, 126], [1164, 324], [786, 324], [1146, 396], [750, 486], [912, 702], [894, 738], [1218, 774], [858, 792]]",,[],,0.43227798410948637,0.2599979963760297
1419,5,3,23.561999999999898,,13518,"[954, 270]",False,Left,True,0.0,False,,False,"[[1188, 120], [1170, 318], [792, 318], [1152, 390], [756, 480], [918, 696], [900, 732], [1224, 768], [864, 786]]",,[],,0.43227798410948637,0.2599979963760297
1420,5,3,23.577999999999975,,13518,"[954, 270]",False,Left,True,0.0,False,,False,"[[1194, 114], [1176, 312], [798, 312], [1158, 384], [762, 474], [924, 690], [906, 726], [1230, 762], [870, 780]]",,[],,0.4305000874039867,0.23708503208665688
1421,5,3,23.59400000000005,,13518,"[954, 270]",False,Left,True,0.0,False,,False,"[[1200, 108], [1182, 306], [804, 306], [1164, 378], [768, 468], [930, 684], [912, 720], [1236, 756], [876, 774]]",,[],,0.4309521848366389,0.23545643285693751
1422,5,3,23.611000000000104,,13518,"[954, 270]",False,Left,True,0.0,False,,False,"[[1206, 102], [1188, 300], [810, 300], [1170, 372], [774, 462], [936, 678], [918, 714], [1242, 750], [882, 768]]",,[],,0.43078309358859385,0.23410289792110794
1423,5,3,23.626999999999953,,13518,"[954, 270]",False,,True,0.0,False,,False,"[[1212, 96], [1194, 294], [816, 294], [1176, 366], [780, 456], [942, 672], [924, 708], [1248, 744], [888, 762]]",,[],,0.4324357336821305,0.23457075544069272
1424,5,3,23.64300000000003,,13518,"[954, 270]",False,,True,0.0,False,,False,"[[1212, 90], [1194, 288], [816, 288], [1176, 360], [780, 450], [942, 666], [924, 702], [1248, 738], [888, 756]]",,[],,0.43211561294384476,0.2393465452628517
1425,5,3,23.659000000000106,,13518,"[954, 270]",False,,True,0.0,False,,False,"[[1212, 84], [1194, 282], [816, 282], [1176, 354], [780, 444], [942, 660], [924, 696], [1248, 732], [888, 750]]",,[],,0.43246622764960685,0.23865233154856058
1426,5,3,23.674999999999955,,13518,"[954, 270]",False,,True,0.0,False,,False,"[[1212, 78], [1194, 276], [816, 276], [1176, 348], [780, 438], [942, 654], [924, 690], [1248, 726], [888, 744]]",,[],,0.43267907846208803,0.23875690227154933
1427,5,3,23.692000000000007,,13518,"[954, 270]",False,,True,0.0,False,,False,"[[1212, 72], [1194, 270], [816, 270], [1176, 342], [780, 432], [942, 648], [924, 684], [1248, 720], [888, 738], [852, 810]]",,[],,0.4338505672508476,0.2405652817917341
1428,5,3,23.70900000000006,,13518,"[954, 270]",False,,True,0.0,False,,False,"[[1212, 66], [1194, 264], [816, 264], [1176, 336], [780, 426], [942, 642], [924, 678], [1248, 714], [888, 732], [852, 804]]",,[],,0.4333206125727577,0.24140736065425528
1429,5,3,23.72700000000009,,13518,"[954, 270]",False,,True,0.0,False,,False,"[[1212, 60], [1194, 258], [816, 258], [1176, 330], [780, 420], [942, 636], [924, 672], [1248, 708], [888, 726], [852, 798]]",,[],,0.4331769932923762,0.24237208007220423
1430,5,3,23.743999999999915,,13518,"[954, 270]",False,,True,0.0,False,,False,"[[1212, 54], [1194, 252], [816, 252], [1176, 324], [780, 414], [942, 630], [924, 666], [1248, 702], [888, 720], [852, 792], [870, 810]]",,[],,0.43359855193188573,0.24043718150998106
1431,5,3,23.75999999999999,,13518,"[954, 270]",False,,True,0.0,False,,False,"[[1212, 48], [1194, 246], [816, 246], [1176, 318], [780, 408], [942, 624], [924, 660], [1248, 696], [888, 714], [852, 786], [870, 804]]",,[],,0.43390990419892245,0.24257077872227406
1432,5,3,23.77800000000002,,13518,"[954, 270]",False,,True,0.0,False,,False,"[[1212, 42], [1194, 240], [816, 240], [1176, 312], [780, 402], [942, 618], [924, 654], [1248, 690], [888, 708], [852, 780], [870, 798]]",,[],,0.4340562077996279,0.24293259461901562
1433,5,3,23.795000000000073,,13518,"[954, 270]",False,,True,0.0,False,,False,"[[1212, 36], [1194, 234], [816, 234], [1176, 306], [780, 396], [942, 612], [924, 648], [1248, 684], [888, 702], [852, 774], [870, 792]]",,[],,0.4346792781782069,0.24493309240011918
1434,5,3,23.810999999999922,,13518,"[954, 270]",False,,True,0.0,False,,False,"[[1212, 30], [1194, 228], [816, 228], [1176, 300], [780, 390], [942, 606], [924, 642], [1248, 678], [888, 696], [852, 768], [870, 786]]",,[],,0.43539828655391644,0.24580755384467734
1435,5,3,23.827999999999975,,13518,"[954, 270]",False,,True,0.0,False,,False,"[[1212, 24], [1194, 222], [816, 222], [1176, 294], [780, 384], [942, 600], [924, 636], [1248, 672], [888, 690], [852, 762], [870, 780]]",,[],,0.4353731086915252,0.24798659271690204
1436,5,3,23.84400000000005,,13518,"[954, 270]",False,,True,0.0,False,,False,"[[1212, 18], [1194, 216], [816, 216], [1176, 288], [780, 378], [942, 594], [924, 630], [1248, 666], [888, 684], [852, 756], [870, 774]]",,[],,0.43589713481275566,0.24889157900641712
1437,5,3,23.861000000000104,,13518,"[954, 270]",False,,True,0.0,False,,False,"[[1212, 12], [1194, 210], [816, 210], [1176, 282], [780, 372], [942, 588], [924, 624], [1248, 660], [888, 678], [852, 750], [870, 768]]",,[],,0.43591738740087127,0.2490524233362118
1438,5,3,23.87799999999993,,13518,"[954, 270]",False,,True,0.0,False,,False,"[[1212, 6], [1194, 204], [816, 204], [1176, 276], [780, 366], [942, 582], [924, 618], [1248, 654], [888, 672], [852, 744], [870, 762]]",,[],,0.436072102993903,0.25013364758462253
1439,5,3,23.894999999999982,,13518,"[954, 270]",False,,True,0.0,False,,False,"[[1212, 0], [1194, 198], [816, 198], [1176, 270], [780, 360], [942, 576], [924, 612], [1248, 648], [888, 666], [852, 738], [870, 756]]",,[],,0.43641773370449155,0.2511215100859171
1440,5,3,23.912000000000035,,13518,"[954, 270]",False,,True,0.0,False,,False,"[[1194, 192], [816, 192], [1176, 264], [780, 354], [942, 570], [924, 606], [1248, 642], [888, 660], [852, 732], [870, 750]]",,[],,0.43667767614616226,0.2524434786872666
1441,5,3,23.92800000000011,,13518,"[954, 270]",False,,True,0.0,False,,False,"[[1194, 186], [816, 186], [1176, 258], [780, 348], [942, 564], [924, 600], [1248, 636], [888, 654], [852, 726], [870, 744]]",,[],,0.4367612717794179,0.25240290943882127
1442,5,3,23.944999999999936,,13518,"[954, 270]",False,,True,0.0,False,,False,"[[1194, 180], [816, 180], [1176, 252], [780, 342], [942, 558], [924, 594], [1248, 630], [888, 648], [852, 720], [870, 738]]",,[],,0.4373887791383141,0.256436210533455
1443,5,3,23.96199999999999,,13518,"[954, 270]",False,,True,0.0,False,,False,"[[1194, 174], [816, 174], [1176, 246], [780, 336], [942, 552], [924, 588], [1248, 624], [888, 642], [852, 714], [870, 732]]",,[],,0.43736780796189756,0.25662904572717327
1444,5,3,23.980000000000018,,13518,"[954, 270]",False,,True,0.0,False,,False,"[[1194, 168], [816, 168], [1176, 240], [780, 330], [942, 546], [924, 582], [1248, 618], [888, 636], [852, 708], [870, 726]]",,[],,0.437358199316966,0.25950576829185046
1445,5,3,23.99700000000007,,13518,"[954, 270]",False,,True,0.0,False,,False,"[[1194, 162], [816, 162], [1176, 234], [780, 324], [942, 540], [924, 576], [1248, 612], [888, 630], [852, 702], [870, 720], [1176, 810], [672, 810]]",,[],,0.43734291099911626,0.26000712118254143
1446,5,3,24.01299999999992,,13518,"[954, 270]",False,,True,0.0,False,,False,"[[1194, 156], [816, 156], [1176, 228], [780, 318], [942, 534], [924, 570], [1248, 606], [888, 624], [852, 696], [870, 714], [1176, 804], [672, 804]]",,[],,0.43701083493911186,0.2635064455566226
1447,5,3,24.029999999999973,,13518,"[954, 270]",False,,True,0.0,False,,False,"[[1194, 150], [816, 150], [1176, 222], [780, 312], [942, 528], [924, 564], [1248, 600], [888, 618], [852, 690], [870, 708], [1176, 798], [672, 798]]",,[],,0.43701083493911186,0.2635064455566226
1448,5,3,24.047000000000025,,13518,"[954, 270]",False,,True,0.0,False,,False,"[[1194, 144], [816, 144], [1176, 216], [780, 306], [942, 522], [924, 558], [1248, 594], [888, 612], [852, 684], [870, 702], [1176, 792], [672, 792], [1176, 810]]",,[],,0.4365361993374398,0.26568439759687534
1449,5,3,24.064000000000078,,13518,"[954, 270]",False,Right,True,0.0,False,,False,"[[1194, 138], [816, 138], [1176, 210], [780, 300], [942, 516], [924, 552], [1248, 588], [888, 606], [852, 678], [870, 696], [1176, 786], [672, 786], [1176, 804]]",,[],,0.4366782224369681,0.2679289934647757
1450,5,3,24.079999999999927,,13518,"[954, 270]",False,Right,True,0.0,False,,False,"[[1188, 132], [810, 132], [1170, 204], [774, 294], [936, 510], [918, 546], [1242, 582], [882, 600], [846, 672], [864, 690], [1170, 780], [666, 780], [1170, 798]]",,[],,0.43643183800468277,0.267696863736418
1451,5,3,24.096000000000004,,13518,"[954, 270]",False,Right,True,0.0,False,,False,"[[1182, 126], [804, 126], [1164, 198], [768, 288], [930, 504], [912, 540], [1236, 576], [876, 594], [840, 666], [858, 684], [1164, 774], [660, 774], [1164, 792], [1182, 810]]",,[],,0.4363682491562456,0.26791930434062305
1452,5,3,24.113000000000056,,13518,"[954, 270]",False,Right,True,0.0,False,,False,"[[1176, 120], [798, 120], [1158, 192], [762, 282], [924, 498], [906, 534], [1230, 570], [870, 588], [834, 660], [852, 678], [1158, 768], [654, 768], [1158, 786], [1176, 804]]",,[],,0.4371692254117949,0.26962725002709287
1453,5,3,24.128999999999905,,13518,"[954, 270]",False,Right,True,0.0,False,,False,"[[1170, 114], [792, 114], [1152, 186], [756, 276], [918, 492], [900, 528], [1224, 564], [864, 582], [828, 654], [846, 672], [1152, 762], [648, 762], [1152, 780], [1170, 798]]",,[],,0.4371545179433218,0.2707844527381358
1454,5,3,24.145999999999958,,13518,"[954, 270]",False,Right,True,0.0,False,,False,"[[1164, 108], [786, 108], [1146, 180], [750, 270], [912, 486], [894, 522], [1218, 558], [858, 576], [822, 648], [840, 666], [1146, 756], [642, 756], [1146, 774], [1164, 792]]",,[],,0.43744797258748636,0.2679269917051891
1455,5,3,24.163999999999987,,13518,"[954, 270]",False,Right,True,0.0,False,,False,"[[1158, 102], [780, 102], [1140, 174], [744, 264], [906, 480], [888, 516], [1212, 552], [852, 570], [816, 642], [834, 660], [1140, 750], [636, 750], [1140, 768], [1158, 786]]",,[],,0.4431704602838825,0.2560674560969559
1456,5,3,24.18100000000004,,13518,"[954, 270]",False,Right,True,0.0,False,,False,"[[1152, 96], [774, 96], [1134, 168], [738, 258], [900, 474], [882, 510], [1206, 546], [846, 564], [810, 636], [828, 654], [1134, 744], [630, 744], [1134, 762], [1152, 780]]",,[],,0.44344168964316133,0.2526165822016443
1457,5,3,24.197000000000116,,13518,"[954, 270]",False,Right,True,0.0,False,,False,"[[1146, 90], [768, 90], [1128, 162], [732, 252], [894, 468], [876, 504], [1200, 540], [840, 558], [804, 630], [822, 648], [1128, 738], [624, 738], [1128, 756], [1146, 774]]",,[],,0.44344168964316133,0.2526165822016443
1458,5,3,24.213999999999942,,13518,"[954, 270]",False,,True,0.0,False,,False,"[[1140, 84], [762, 84], [1122, 156], [726, 246], [888, 462], [870, 498], [1194, 534], [834, 552], [798, 624], [816, 642], [1122, 732], [618, 732], [1122, 750], [1140, 768]]",,[],,0.44417202778010134,0.2548629852206765
1459,5,3,24.230999999999995,,13518,"[954, 270]",False,,True,0.0,False,,False,"[[1140, 78], [762, 78], [1122, 150], [726, 240], [888, 456], [870, 492], [1194, 528], [834, 546], [798, 618], [816, 636], [1122, 726], [618, 726], [1122, 744], [1140, 762]]",,[],,0.4441597358950419,0.25540323739489434
1460,5,3,24.24700000000007,,13518,"[954, 270]",False,,True,0.0,False,,False,"[[1140, 72], [762, 72], [1122, 144], [726, 234], [888, 450], [870, 486], [1194, 522], [834, 540], [798, 612], [816, 630], [1122, 720], [618, 720], [1122, 738], [1140, 756]]",,[],,0.4450635954671213,0.25642878887924214
1461,5,3,24.263999999999896,,13518,"[954, 270]",False,,True,0.0,False,,False,"[[1140, 66], [762, 66], [1122, 138], [726, 228], [888, 444], [870, 480], [1194, 516], [834, 534], [798, 606], [816, 624], [1122, 714], [618, 714], [1122, 732], [1140, 750]]",,[],,0.44578867035194564,0.2577998880877328
1462,5,3,24.28099999999995,,13518,"[954, 270]",False,,True,0.0,False,,False,"[[1140, 60], [762, 60], [1122, 132], [726, 222], [888, 438], [870, 474], [1194, 510], [834, 528], [798, 600], [816, 618], [1122, 708], [618, 708], [1122, 726], [1140, 744]]",,[],,0.446122117578831,0.2614243869014986
1463,5,3,24.297000000000025,,13518,"[954, 270]",False,,True,0.0,False,,False,"[[1140, 54], [762, 54], [1122, 126], [726, 216], [888, 432], [870, 468], [1194, 504], [834, 522], [798, 594], [816, 612], [1122, 702], [618, 702], [1122, 720], [1140, 738]]",,[],,0.44575918451340246,0.26325894989176757
1464,5,3,24.313000000000102,,13518,"[954, 270]",False,,True,0.0,False,,False,"[[1140, 48], [762, 48], [1122, 120], [726, 210], [888, 426], [870, 462], [1194, 498], [834, 516], [798, 588], [816, 606], [1122, 696], [618, 696], [1122, 714], [1140, 732]]",,[],,0.4446340642637517,0.2638296401714153
1465,5,3,24.32899999999995,,13518,"[954, 270]",False,,True,0.0,False,,False,"[[1140, 42], [762, 42], [1122, 114], [726, 204], [888, 420], [870, 456], [1194, 492], [834, 510], [798, 582], [816, 600], [1122, 690], [618, 690], [1122, 708], [1140, 726]]",,[],,0.4444843278702203,0.265055616100883
1466,5,3,24.346000000000004,,13518,"[954, 270]",False,,True,0.0,False,,False,"[[1140, 36], [762, 36], [1122, 108], [726, 198], [888, 414], [870, 450], [1194, 486], [834, 504], [798, 576], [816, 594], [1122, 684], [618, 684], [1122, 702], [1140, 720]]",,[],,0.4445387845695602,0.2660423541983006
1467,5,3,24.363000000000056,,13518,"[954, 270]",False,,True,0.0,False,,False,"[[1140, 30], [762, 30], [1122, 102], [726, 192], [888, 408], [870, 444], [1194, 480], [834, 498], [798, 570], [816, 588], [1122, 678], [618, 678], [1122, 696], [1140, 714]]",,[],,0.44421039494288833,0.2677280348407063
1468,5,3,24.38000000000011,,13518,"[954, 270]",False,,True,0.0,False,,False,"[[1140, 24], [762, 24], [1122, 96], [726, 186], [888, 402], [870, 438], [1194, 474], [834, 492], [798, 564], [816, 582], [1122, 672], [618, 672], [1122, 690], [1140, 708]]",,[],,0.4438518513279447,0.2692291688319216
1469,5,3,24.395999999999958,,13518,"[954, 270]",False,,True,0.0,False,,False,"[[1140, 18], [762, 18], [1122, 90], [726, 180], [888, 396], [870, 432], [1194, 468], [834, 486], [798, 558], [816, 576], [1122, 666], [618, 666], [1122, 684], [1140, 702]]",,[],,0.44374572618896846,0.270012725087024
1470,5,3,24.412000000000035,,13518,"[954, 270]",False,,True,0.0,False,,False,"[[1140, 12], [762, 12], [1122, 84], [726, 174], [888, 390], [870, 426], [1194, 462], [834, 480], [798, 552], [816, 570], [1122, 660], [618, 660], [1122, 678], [1140, 696]]",,[],,0.44348584829354787,0.2713692136819901
1471,5,3,24.429000000000087,,13518,"[954, 270]",False,,True,0.0,False,,False,"[[1140, 6], [762, 6], [1122, 78], [726, 168], [888, 384], [870, 420], [1194, 456], [834, 474], [798, 546], [816, 564], [1122, 654], [618, 654], [1122, 672], [1140, 690]]",,[],,0.4414989361746363,0.27160526317020883
1472,5,3,24.445999999999913,,13518,"[954, 270]",False,,True,0.0,False,,False,"[[1140, 0], [762, 0], [1122, 72], [726, 162], [888, 378], [870, 414], [1194, 450], [834, 468], [798, 540], [816, 558], [1122, 648], [618, 648], [1122, 666], [1140, 684]]",,[],,0.4409900123575257,0.2728856687752841
1473,5,3,24.462999999999965,,13518,"[954, 270]",False,,True,0.0,False,,False,"[[1122, 66], [726, 156], [888, 372], [870, 408], [1194, 444], [834, 462], [798, 534], [816, 552], [1122, 642], [618, 642], [1122, 660], [1140, 678]]",,[],,0.44043020348235096,0.27303172713907453
1474,5,3,24.479000000000042,,13518,"[954, 270]",False,,True,0.0,False,,False,"[[1122, 60], [726, 150], [888, 366], [870, 402], [1194, 438], [834, 456], [798, 528], [816, 546], [1122, 636], [618, 636], [1122, 654], [1140, 672]]",,[],,0.44043020348235096,0.27303172713907453
1475,5,3,24.496000000000095,,13518,"[954, 270]",False,,True,0.0,False,,False,"[[1122, 54], [726, 144], [888, 360], [870, 396], [1194, 432], [834, 450], [798, 522], [816, 540], [1122, 630], [618, 630], [1122, 648], [1140, 666]]",,[],,0.44020274024921513,0.27643237380665464
1476,5,3,24.51299999999992,,13518,"[954, 270]",False,,True,0.0,False,,False,"[[1122, 48], [726, 138], [888, 354], [870, 390], [1194, 426], [834, 444], [798, 516], [816, 534], [1122, 624], [618, 624], [1122, 642], [1140, 660]]",,[],,0.3768705941578979,0.3193527001330486
1477,5,3,24.529999999999973,,13518,"[954, 270]",False,,True,0.0,False,,False,"[[1122, 42], [726, 132], [888, 348], [870, 384], [1194, 420], [834, 438], [798, 510], [816, 528], [1122, 618], [618, 618], [1122, 636], [1140, 654]]",,[],,0.43618218769936173,0.257691974716147
1478,5,3,24.54600000000005,,13518,"[954, 270]",False,,True,0.0,False,,False,"[[1122, 36], [726, 126], [888, 342], [870, 378], [1194, 414], [834, 432], [798, 504], [816, 522], [1122, 612], [618, 612], [1122, 630], [1140, 648]]",,[],,0.4363177095317223,0.25784281968673417
1479,5,3,24.565000000000055,,13518,"[954, 270]",False,Right,True,0.0,False,,False,"[[1122, 30], [726, 120], [888, 336], [870, 372], [1194, 408], [834, 426], [798, 498], [816, 516], [1122, 606], [618, 606], [1122, 624], [1140, 642]]",,[],,0.4364392887364727,0.25863268649214066
1480,5,3,24.580999999999904,,13518,"[954, 270]",False,Right,True,0.0,False,,False,"[[1116, 24], [720, 114], [882, 330], [864, 366], [1188, 402], [828, 420], [792, 492], [810, 510], [1116, 600], [612, 600], [1116, 618], [1134, 636]]",,[],,0.43608310214992274,0.25910291504609717
1481,5,3,24.597999999999956,,13518,"[954, 270]",False,Right,True,0.0,False,,False,"[[1110, 18], [714, 108], [876, 324], [858, 360], [1182, 396], [822, 414], [786, 486], [804, 504], [1110, 594], [606, 594], [1110, 612], [1128, 630], [1236, 810]]",,[],,0.4354311503325074,0.25788005250393664
1482,5,3,24.614000000000033,,13518,"[954, 270]",False,Right,True,0.0,False,,False,"[[1104, 12], [708, 102], [870, 318], [852, 354], [1176, 390], [816, 408], [780, 480], [798, 498], [1104, 588], [600, 588], [1104, 606], [1122, 624], [1230, 804]]",,[],,0.4356690317562557,0.2581721959513613
1483,5,3,24.631000000000085,,13518,"[954, 270]",False,Right,True,0.0,False,,False,"[[1098, 6], [702, 96], [864, 312], [846, 348], [1170, 384], [810, 402], [774, 474], [792, 492], [1098, 582], [594, 582], [1098, 600], [1116, 618], [1224, 798]]",,[],,0.4364015917867743,0.2620007887166981
1484,5,3,24.64799999999991,,13518,"[954, 270]",False,Right,True,0.0,False,,False,"[[1092, 0], [696, 90], [858, 306], [840, 342], [1164, 378], [804, 396], [768, 468], [786, 486], [1092, 576], [588, 576], [1092, 594], [1110, 612], [1218, 792]]",,[],,0.436163370296246,0.2623131155506836
1485,5,3,24.663999999999987,,13518,"[954, 270]",False,Right,True,0.0,False,,False,"[[690, 84], [852, 300], [834, 336], [1158, 372], [798, 390], [762, 462], [780, 480], [1086, 570], [582, 570], [1086, 588], [1104, 606], [1212, 786]]",,[],,0.436163370296246,0.2623131155506836
1486,5,3,24.680000000000064,,13518,"[954, 270]",False,Right,True,0.0,False,,False,"[[684, 78], [846, 294], [828, 330], [1152, 366], [792, 384], [756, 456], [774, 474], [1080, 564], [576, 564], [1080, 582], [1098, 600], [1206, 780]]",,[],,0.4360167041674627,0.2625201321013245
1487,5,3,24.695999999999913,,13518,"[954, 270]",False,Right,True,0.0,False,,False,"[[678, 72], [840, 288], [822, 324], [1146, 360], [786, 378], [750, 450], [768, 468], [1074, 558], [570, 558], [1074, 576], [1092, 594], [1200, 774]]",,[],,0.4421389430347344,0.32605362698069995
1488,5,3,24.712999999999965,,13518,"[954, 270]",False,,True,0.0,False,,False,"[[672, 66], [834, 282], [816, 318], [1140, 354], [780, 372], [744, 444], [762, 462], [1068, 552], [564, 552], [1068, 570], [1086, 588], [1194, 768]]",,[],,0.43641276796441036,0.2639357175457484
1489,5,3,24.730000000000018,,13518,"[954, 270]",False,,True,0.0,False,,False,"[[672, 60], [834, 276], [816, 312], [1140, 348], [780, 366], [744, 438], [762, 456], [1068, 546], [564, 546], [1068, 564], [1086, 582], [1194, 762]]",,[],,0.436572504520026,0.26710709618060535
1490,5,3,24.74700000000007,,13518,"[954, 270]",False,,True,0.0,False,,False,"[[672, 54], [834, 270], [816, 306], [1140, 342], [780, 360], [744, 432], [762, 450], [1068, 540], [564, 540], [1068, 558], [1086, 576], [1194, 756]]",,[],,0.43660552257697943,0.26688790476992763
1491,5,3,24.76299999999992,,13518,"[954, 270]",False,,True,0.0,False,,False,"[[672, 48], [834, 264], [816, 300], [1140, 336], [780, 354], [744, 426], [762, 444], [1068, 534], [564, 534], [1068, 552], [1086, 570], [1194, 750]]",,[],,0.43649409027789143,0.26989754013300815
1492,5,3,24.779999999999973,,13518,"[954, 270]",False,,True,0.0,False,,False,"[[672, 42], [834, 258], [816, 294], [1140, 330], [780, 348], [744, 420], [762, 438], [1068, 528], [564, 528], [1068, 546], [1086, 564], [1194, 744]]",,[],,0.43643349669551706,0.2705333896923423
1493,5,3,24.797000000000025,,13518,"[954, 270]",False,,True,0.0,False,,False,"[[672, 36], [834, 252], [816, 288], [1140, 324], [780, 342], [744, 414], [762, 432], [1068, 522], [564, 522], [1068, 540], [1086, 558], [1194, 738]]",,[],,0.43576077728632834,0.27312774034787535
1494,5,3,24.813000000000102,,13518,"[954, 270]",False,,True,0.0,False,,False,"[[672, 30], [834, 246], [816, 282], [1140, 318], [780, 336], [744, 408], [762, 426], [1068, 516], [564, 516], [1068, 534], [1086, 552], [1194, 732]]",,[],,0.43540852412880876,0.27328597814171274
1495,5,3,24.829999999999927,,13518,"[954, 270]",False,,True,0.0,False,,False,"[[672, 24], [834, 240], [816, 276], [1140, 312], [780, 330], [744, 402], [762, 420], [1068, 510], [564, 510], [1068, 528], [1086, 546], [1194, 726]]",,[],,0.435164775548207,0.2736725779853081
1496,5,3,24.846000000000004,,13518,"[954, 270]",False,,True,0.0,False,,False,"[[672, 18], [834, 234], [816, 270], [1140, 306], [780, 324], [744, 396], [762, 414], [1068, 504], [564, 504], [1068, 522], [1086, 540], [1194, 720]]",,[],,0.435164775548207,0.2736725779853081
1497,5,3,24.86200000000008,,13518,"[954, 270]",False,,True,0.0,False,,False,"[[672, 12], [834, 228], [816, 264], [1140, 300], [780, 318], [744, 390], [762, 408], [1068, 498], [564, 498], [1068, 516], [1086, 534], [1194, 714]]",,[],,0.43488921924175405,0.2758646947458352
1498,5,3,24.878999999999905,,13518,"[954, 270]",False,,True,0.0,False,,False,"[[672, 6], [834, 222], [816, 258], [1140, 294], [780, 312], [744, 384], [762, 402], [1068, 492], [564, 492], [1068, 510], [1086, 528], [1194, 708]]",,[],,0.43488921924175405,0.2758646947458352
1499,5,3,24.895999999999958,,13518,"[954, 270]",False,,True,0.0,False,,False,"[[672, 0], [834, 216], [816, 252], [1140, 288], [780, 306], [744, 378], [762, 396], [1068, 486], [564, 486], [1068, 504], [1086, 522], [1194, 702]]",,[],,0.43555297094132134,0.2653714811931819
1500,5,3,24.91300000000001,,13518,"[954, 270]",False,,True,0.0,False,,False,"[[834, 210], [816, 246], [1140, 282], [780, 300], [744, 372], [762, 390], [1068, 480], [564, 480], [1068, 498], [1086, 516], [1194, 696]]",,[],,0.4352540184845042,0.25410481865157
1501,5,3,24.929000000000087,,13518,"[954, 270]",False,,True,0.0,False,,False,"[[834, 204], [816, 240], [1140, 276], [780, 294], [744, 366], [762, 384], [1068, 474], [564, 474], [1068, 492], [1086, 510], [1194, 690]]",,[],,0.4350363898695204,0.2504605900810627
1502,5,3,24.947000000000116,,13518,"[954, 270]",False,Left,True,0.0,False,,False,"[[834, 198], [816, 234], [1140, 270], [780, 288], [744, 360], [762, 378], [1068, 468], [564, 468], [1068, 486], [1086, 504], [1194, 684]]",,[],,0.4350363898695204,0.2504605900810627
1503,5,3,24.962999999999965,,13518,"[954, 270]",False,Left,True,0.0,False,,False,"[[840, 192], [822, 228], [1146, 264], [786, 282], [750, 354], [768, 372], [1074, 462], [570, 462], [1074, 480], [1092, 498], [1200, 678]]",,[],,0.43514438948289164,0.2552223037458907
1504,5,3,24.980000000000018,,13518,"[954, 270]",False,Left,True,0.0,False,,False,"[[846, 186], [828, 222], [1152, 258], [792, 276], [756, 348], [774, 366], [1080, 456], [576, 456], [1080, 474], [1098, 492], [1206, 672]]",,[],,0.4352888117425695,0.25531121259985856
1505,5,3,24.999000000000024,,13518,"[954, 270]",False,Left,True,0.0,False,,False,"[[852, 180], [834, 216], [1158, 252], [798, 270], [762, 342], [780, 360], [1086, 450], [582, 450], [1086, 468], [1104, 486], [1212, 666]]",,[],,0.4356754344582458,0.25458778684667005
1506,5,3,25.017000000000053,,13518,"[954, 270]",False,Left,True,0.0,False,,False,"[[858, 174], [840, 210], [1164, 246], [804, 264], [768, 336], [786, 354], [1092, 444], [588, 444], [1092, 462], [1110, 480], [1218, 660]]",,[],,0.4359786335213114,0.2553194240579548
1507,5,3,25.034000000000106,,13518,"[954, 270]",False,Left,True,0.0,False,,False,"[[864, 168], [846, 204], [1170, 240], [810, 258], [774, 330], [792, 348], [1098, 438], [594, 438], [1098, 456], [1116, 474], [1224, 654]]",,[],,0.43654955329819234,0.25608148526772945
1508,5,3,25.05099999999993,,13518,"[954, 270]",False,Left,True,0.0,False,,False,"[[870, 162], [852, 198], [1176, 234], [816, 252], [780, 324], [798, 342], [1104, 432], [600, 432], [1104, 450], [1122, 468], [1230, 648]]",,[],,0.4354552370410289,0.2564664282968552
1509,5,3,25.067000000000007,,13518,"[954, 270]",False,Left,True,0.0,False,,False,"[[876, 156], [858, 192], [1182, 228], [822, 246], [786, 318], [804, 336], [1110, 426], [606, 426], [1110, 444], [1128, 462], [1236, 642]]",,[],,0.4354552370410289,0.2564664282968552
1510,5,3,25.08400000000006,,13518,"[954, 270]",False,Left,True,0.0,False,,False,"[[882, 150], [864, 186], [1188, 222], [828, 240], [792, 312], [810, 330], [1116, 420], [612, 420], [1116, 438], [1134, 456], [1242, 636]]",,[],,0.43569369853849266,0.2586651614926707
1511,5,3,25.101000000000113,,13518,"[954, 270]",False,Left,True,0.0,False,,False,"[[888, 144], [870, 180], [1194, 216], [834, 234], [798, 306], [816, 324], [1122, 414], [618, 414], [1122, 432], [1140, 450], [1248, 630]]",,[],,0.43619925552338373,0.2609186430040862
1512,5,3,25.117999999999938,,13518,"[954, 270]",False,Left,True,0.0,False,,False,"[[894, 138], [876, 174], [1200, 210], [840, 228], [804, 300], [822, 318], [1128, 408], [624, 408], [1128, 426], [1146, 444], [1254, 624]]",,[],,0.4361840211376816,0.26261364296566836
1513,5,3,25.134000000000015,,13518,"[954, 270]",False,Left,True,0.0,False,,False,"[[900, 132], [882, 168], [1206, 204], [846, 222], [810, 294], [828, 312], [1134, 402], [630, 402], [1134, 420], [1152, 438], [1260, 618]]",,[],,0.436377853186372,0.26342335017089624
1514,5,3,25.15000000000009,,13518,"[954, 270]",False,Left,True,0.0,False,,False,"[[906, 126], [888, 162], [1212, 198], [852, 216], [816, 288], [834, 306], [1140, 396], [636, 396], [1140, 414], [1158, 432], [1266, 612]]",,[],,0.43696754801596943,0.2654298748842333
1515,5,3,25.166999999999916,,13518,"[954, 270]",False,Left,True,0.0,False,,False,"[[912, 120], [894, 156], [1218, 192], [858, 210], [822, 282], [840, 300], [1146, 390], [642, 390], [1146, 408], [1164, 426], [1272, 606]]",,[],,0.4374425461276081,0.26582483281637637
1516,5,3,25.184999999999945,,13518,"[954, 270]",False,,True,0.0,False,,False,"[[918, 114], [900, 150], [1224, 186], [864, 204], [828, 276], [846, 294], [1152, 384], [648, 384], [1152, 402], [1170, 420], [1278, 600]]",,[],,0.43791348418312753,0.26747589032884045
1517,5,3,25.201000000000022,,13518,"[954, 270]",False,,True,0.0,False,,False,"[[918, 108], [900, 144], [1224, 180], [864, 198], [828, 270], [846, 288], [1152, 378], [648, 378], [1152, 396], [1170, 414], [1278, 594], [1044, 810]]",,[],,0.4377965721542565,0.26771609389794726
1518,5,3,25.21900000000005,,13518,"[954, 270]",False,,True,0.0,False,,False,"[[918, 102], [900, 138], [1224, 174], [864, 192], [828, 264], [846, 282], [1152, 372], [648, 372], [1152, 390], [1170, 408], [1278, 588], [1044, 804]]",,[],,0.44397749799991965,0.3278515140707423
1519,5,3,25.2349999999999,,13518,"[954, 270]",False,,True,0.0,False,,False,"[[918, 96], [900, 132], [1224, 168], [864, 186], [828, 258], [846, 276], [1152, 366], [648, 366], [1152, 384], [1170, 402], [1278, 582], [1044, 798]]",,[],,0.4374666828553021,0.2702552782071248
1520,5,3,25.250999999999976,,13518,"[954, 270]",False,,True,0.0,False,,False,"[[918, 90], [900, 126], [1224, 162], [864, 180], [828, 252], [846, 270], [1152, 360], [648, 360], [1152, 378], [1170, 396], [1278, 576], [1044, 792], [1044, 810]]",,[],,0.3739558480074435,0.31820372521078566
1521,5,3,25.269000000000005,,13518,"[954, 270]",False,,True,0.0,False,,False,"[[918, 84], [900, 120], [1224, 156], [864, 174], [828, 246], [846, 264], [1152, 354], [648, 354], [1152, 372], [1170, 390], [1278, 570], [1044, 786], [1044, 804]]",,[],,0.3739558480074435,0.31820372521078566
1522,5,3,25.286000000000058,,13518,"[954, 270]",False,,True,0.0,False,,False,"[[918, 78], [900, 114], [1224, 150], [864, 168], [828, 240], [846, 258], [1152, 348], [648, 348], [1152, 366], [1170, 384], [1278, 564], [1044, 780], [1044, 798]]",,[],,0.4380291392983614,0.27303344016685727
1523,5,3,25.301999999999907,,13518,"[954, 270]",False,,True,0.0,False,,False,"[[918, 72], [900, 108], [1224, 144], [864, 162], [828, 234], [846, 252], [1152, 342], [648, 342], [1152, 360], [1170, 378], [1278, 558], [1044, 774], [1044, 792]]",,[],,0.43868344447024593,0.27537689461274373
1524,5,3,25.319999999999936,,13518,"[954, 270]",False,,True,0.0,False,,False,"[[918, 66], [900, 102], [1224, 138], [864, 156], [828, 228], [846, 246], [1152, 336], [648, 336], [1152, 354], [1170, 372], [1278, 552], [1044, 768], [1044, 786]]",,[],,0.438980698998279,0.27587199865181655
1525,5,3,25.336000000000013,,13518,"[954, 270]",False,,True,0.0,False,,False,"[[918, 60], [900, 96], [1224, 132], [864, 150], [828, 222], [846, 240], [1152, 330], [648, 330], [1152, 348], [1170, 366], [1278, 546], [1044, 762], [1044, 780]]",,[],,0.4391406351922411,0.2757804901847941
1526,5,3,25.35200000000009,,13518,"[954, 270]",False,,True,0.0,False,,False,"[[918, 54], [900, 90], [1224, 126], [864, 144], [828, 216], [846, 234], [1152, 324], [648, 324], [1152, 342], [1170, 360], [1278, 540], [1044, 756], [1044, 774]]",,[],,0.43896563791530097,0.27657148631764195
1527,5,3,25.368999999999915,,13518,"[954, 270]",False,,True,0.0,False,,False,"[[918, 48], [900, 84], [1224, 120], [864, 138], [828, 210], [846, 228], [1152, 318], [648, 318], [1152, 336], [1170, 354], [1278, 534], [1044, 750], [1044, 768]]",,[],,0.43917159219592883,0.2773475854430276
1528,5,3,25.38499999999999,,13518,"[954, 270]",False,,True,0.0,False,,False,"[[918, 42], [900, 78], [1224, 114], [864, 132], [828, 204], [846, 222], [1152, 312], [648, 312], [1152, 330], [1170, 348], [1278, 528], [1044, 744], [1044, 762]]",,[],,0.4387156107331389,0.2772837607489712
1529,5,3,25.401000000000067,,13518,"[954, 270]",False,,True,0.0,False,,False,"[[918, 36], [900, 72], [1224, 108], [864, 126], [828, 198], [846, 216], [1152, 306], [648, 306], [1152, 324], [1170, 342], [1278, 522], [1044, 738], [1044, 756]]",,[],,0.43879763636284536,0.276743660544267
1530,5,3,25.417999999999893,,13518,"[954, 270]",False,,True,0.0,False,,False,"[[918, 30], [900, 66], [1224, 102], [864, 120], [828, 192], [846, 210], [1152, 300], [648, 300], [1152, 318], [1170, 336], [1278, 516], [1044, 732], [1044, 750]]",,[],,0.43888994133831927,0.2769747592467733
1531,5,3,25.434999999999945,,13518,"[954, 270]",False,,True,0.0,False,,False,"[[918, 24], [900, 60], [1224, 96], [864, 114], [828, 186], [846, 204], [1152, 294], [648, 294], [1152, 312], [1170, 330], [1278, 510], [1044, 726], [1044, 744]]",,[],,0.4396324156788742,0.27789175374401665
1532,5,3,25.450000000000045,,13518,"[954, 270]",False,,True,0.0,False,,False,"[[918, 18], [900, 54], [1224, 90], [864, 108], [828, 180], [846, 198], [1152, 288], [648, 288], [1152, 306], [1170, 324], [1278, 504], [1044, 720], [1044, 738]]",,[],,0.4398431893675416,0.27939383075200175
1533,5,3,25.4670000000001,,13518,"[954, 270]",False,,True,0.0,False,,False,"[[918, 12], [900, 48], [1224, 84], [864, 102], [828, 174], [846, 192], [1152, 282], [648, 282], [1152, 300], [1170, 318], [1278, 498], [1044, 714], [1044, 732]]",,[],,0.4400963174051154,0.27966447405621575
1534,5,3,25.482999999999947,,13518,"[954, 270]",False,,True,0.0,False,,False,"[[918, 6], [900, 42], [1224, 78], [864, 96], [828, 168], [846, 186], [1152, 276], [648, 276], [1152, 294], [1170, 312], [1278, 492], [1044, 708], [1044, 726]]",,[],,0.44019282619700056,0.28034616287177583
1535,5,3,25.5,,13518,"[954, 270]",False,Left,True,0.0,False,,False,"[[918, 0], [900, 36], [1224, 72], [864, 90], [828, 162], [846, 180], [1152, 270], [648, 270], [1152, 288], [1170, 306], [1278, 486], [1044, 702], [1044, 720]]",,[],,0.4406754825949122,0.28412291972610026
1536,5,3,25.516000000000076,,13518,"[954, 270]",False,Left,True,0.0,False,,False,"[[906, 30], [1230, 66], [870, 84], [834, 156], [852, 174], [1158, 264], [654, 264], [1158, 282], [1176, 300], [1284, 480], [1050, 696], [1050, 714]]",,[],,0.4406616871065877,0.2844194518605143
1537,5,3,25.531999999999925,,13518,"[954, 270]",False,Left,True,0.0,False,,False,"[[912, 24], [1236, 60], [876, 78], [840, 150], [858, 168], [1164, 258], [660, 258], [1164, 276], [1182, 294], [1290, 474], [1056, 690], [1056, 708]]",,[],,0.44680782742475705,0.25578747115058886
1538,5,3,25.548999999999978,,13518,"[954, 270]",False,Left,True,0.0,False,,False,"[[918, 18], [1242, 54], [882, 72], [846, 144], [864, 162], [1170, 252], [666, 252], [1170, 270], [1188, 288], [1296, 468], [1062, 684], [1062, 702]]",,[],,0.44680782742475705,0.25578747115058886
1539,5,3,25.56600000000003,,13518,"[954, 270]",False,Left,True,0.0,False,,False,"[[924, 12], [1248, 48], [888, 66], [852, 138], [870, 156], [1176, 246], [672, 246], [1176, 264], [1194, 282], [1302, 462], [1068, 678], [1068, 696]]",,[],,0.4503947509102052,0.22947944433709977
1540,5,3,25.582000000000107,,13518,"[954, 270]",False,Left,True,0.0,False,,False,"[[930, 6], [1254, 42], [894, 60], [858, 132], [876, 150], [1182, 240], [678, 240], [1182, 258], [1200, 276], [1308, 456], [1074, 672], [1074, 690]]",,[],,0.4503947509102052,0.22947944433709977
1541,5,3,25.598999999999933,,13518,"[954, 270]",False,Left,True,0.0,False,,False,"[[936, 0], [1260, 36], [900, 54], [864, 126], [882, 144], [1188, 234], [684, 234], [1188, 252], [1206, 270], [1314, 450], [1080, 666], [1080, 684], [882, 810]]",,[],,0.4545895417871087,0.21967197584384668
1542,5,3,25.615999999999985,,13518,"[954, 270]",False,Left,True,0.0,False,,False,"[[1266, 30], [906, 48], [870, 120], [888, 138], [1194, 228], [690, 228], [1194, 246], [1212, 264], [1320, 444], [1086, 660], [1086, 678], [888, 804]]",,[],,0.45507884217697747,0.21844572773825288
1543,5,3,25.632000000000062,,13518,"[954, 270]",False,Left,True,0.0,False,,False,"[[1272, 24], [912, 42], [876, 114], [894, 132], [1200, 222], [696, 222], [1200, 240], [1218, 258], [1326, 438], [1092, 654], [1092, 672], [894, 798]]",,[],,0.4557156309911865,0.21360884093536026
1544,5,3,25.65000000000009,,13518,"[954, 270]",False,Left,True,0.0,False,,False,"[[1278, 18], [918, 36], [882, 108], [900, 126], [1206, 216], [702, 216], [1206, 234], [1224, 252], [1332, 432], [1098, 648], [1098, 666], [900, 792]]",,[],,0.4557156309911865,0.21360884093536026
1545,5,3,25.66599999999994,,13518,"[954, 270]",False,Left,True,0.0,False,,False,"[[1284, 12], [924, 30], [888, 102], [906, 120], [1212, 210], [708, 210], [1212, 228], [1230, 246], [1338, 426], [1104, 642], [1104, 660], [906, 786]]",,[],,0.45743169224790536,0.21518859905309873
1546,5,3,25.682999999999993,,13518,"[954, 270]",False,Left,True,0.0,False,,False,"[[1290, 6], [930, 24], [894, 96], [912, 114], [1218, 204], [714, 204], [1218, 222], [1236, 240], [1344, 420], [1110, 636], [1110, 654], [912, 780]]",,[],,0.45743169224790536,0.21518859905309873
1547,5,3,25.700000000000045,,13518,"[954, 270]",False,Left,True,0.0,False,,False,"[[1296, 0], [936, 18], [900, 90], [918, 108], [1224, 198], [720, 198], [1224, 216], [1242, 234], [1350, 414], [1116, 630], [1116, 648], [918, 774]]",,[],,0.45868487444945305,0.2196554831620381
1548,5,3,25.7170000000001,,13518,"[954, 270]",False,Left,True,0.0,False,,False,"[[942, 12], [906, 84], [924, 102], [1230, 192], [726, 192], [1230, 210], [1248, 228], [1356, 408], [1122, 624], [1122, 642], [924, 768]]",,[],,0.4591791843817615,0.22073226139064595
1549,5,3,25.733999999999924,,13518,"[954, 270]",False,Left,True,0.0,False,,False,"[[948, 6], [912, 78], [930, 96], [1236, 186], [732, 186], [1236, 204], [1254, 222], [1362, 402], [1128, 618], [1128, 636], [930, 762]]",,[],,0.4609555159762716,0.22331307054934746
1550,5,3,25.75,,13518,"[954, 270]",False,Left,True,0.0,False,,False,"[[954, 0], [918, 72], [936, 90], [1242, 180], [738, 180], [1242, 198], [1260, 216], [1368, 396], [1134, 612], [1134, 630], [936, 756]]",,[],,0.4609555159762716,0.22331307054934746
1551,5,3,25.767000000000053,,13518,"[954, 270]",False,Left,True,0.0,False,,False,"[[924, 66], [942, 84], [1248, 174], [744, 174], [1248, 192], [1266, 210], [1374, 390], [1140, 606], [1140, 624], [942, 750]]",,[],,0.46293508527352556,0.22663186906599342
1552,5,3,25.784000000000106,,13518,"[954, 270]",False,Left,True,0.0,False,,False,"[[930, 60], [948, 78], [1254, 168], [750, 168], [1254, 186], [1272, 204], [1380, 384], [1146, 600], [1146, 618], [948, 744]]",,[],,0.46298947663958445,0.22672115804115278
1553,5,3,25.80099999999993,,13518,"[954, 270]",False,Left,True,0.0,False,,False,"[[936, 54], [954, 72], [1260, 162], [756, 162], [1260, 180], [1278, 198], [1386, 378], [1152, 594], [1152, 612], [954, 738]]",,[],,0.46393972397842875,0.22989811554770334
1554,5,3,25.817000000000007,,13518,"[954, 270]",False,Left,True,0.0,False,,False,"[[942, 48], [960, 66], [1266, 156], [762, 156], [1266, 174], [1284, 192], [1392, 372], [1158, 588], [1158, 606], [960, 732]]",,[],,0.46393972397842875,0.22989811554770334
1555,5,3,25.835000000000036,,13518,"[954, 270]",False,Left,True,0.0,False,,False,"[[948, 42], [966, 60], [1272, 150], [768, 150], [1272, 168], [1290, 186], [1398, 366], [1164, 582], [1164, 600], [966, 726]]",,[],,0.46426170164935615,0.2344385212746608
1556,5,3,25.85200000000009,,13518,"[954, 270]",False,,True,0.0,False,,False,"[[954, 36], [972, 54], [1278, 144], [774, 144], [1278, 162], [1296, 180], [1404, 360], [1170, 576], [1170, 594], [972, 720], [1134, 810]]",,[],,0.464502580073275,0.23548008396607545
1557,5,3,25.871000000000095,,13518,"[954, 270]",False,,True,0.0,False,,False,"[[954, 30], [972, 48], [1278, 138], [774, 138], [1278, 156], [1296, 174], [1404, 354], [1170, 570], [1170, 588], [972, 714], [1134, 804]]",,[],,0.46439389884776394,0.2372883751254139
1558,5,3,25.888999999999896,,13518,"[954, 270]",False,,True,0.0,False,,False,"[[954, 24], [972, 42], [1278, 132], [774, 132], [1278, 150], [1296, 168], [1404, 348], [1170, 564], [1170, 582], [972, 708], [1134, 798]]",,[],,0.46415506077972246,0.23908730120016797
1559,5,3,25.90599999999995,,13518,"[954, 270]",False,,True,0.0,False,,False,"[[954, 18], [972, 36], [1278, 126], [774, 126], [1278, 144], [1296, 162], [1404, 342], [1170, 558], [1170, 576], [972, 702], [1134, 792], [1296, 810]]",,[],,0.45940441368815854,0.22780573734060627
1560,5,3,25.922000000000025,,13518,"[954, 270]",False,,True,0.0,False,,False,"[[954, 12], [972, 30], [1278, 120], [774, 120], [1278, 138], [1296, 156], [1404, 336], [1170, 552], [1170, 570], [972, 696], [1134, 786], [1296, 804]]",,[],,0.4527787176099706,0.20962405139439588
1561,5,3,25.938000000000102,,13518,"[954, 270]",False,,True,0.0,False,,False,"[[954, 6], [972, 24], [1278, 114], [774, 114], [1278, 132], [1296, 150], [1404, 330], [1170, 546], [1170, 564], [972, 690], [1134, 780], [1296, 798]]",,[],,0.45037020985258086,0.21027877841998044
1562,5,3,25.95399999999995,,13518,"[954, 270]",False,,True,0.0,False,,False,"[[954, 0], [972, 18], [1278, 108], [774, 108], [1278, 126], [1296, 144], [1404, 324], [1170, 540], [1170, 558], [972, 684], [1134, 774], [1296, 792], [756, 810]]",,[],,0.4507218218032,0.20974579788375236
1563,5,3,25.971000000000004,,13518,"[954, 270]",False,,True,0.0,False,,False,"[[972, 12], [1278, 102], [774, 102], [1278, 120], [1296, 138], [1404, 318], [1170, 534], [1170, 552], [972, 678], [1134, 768], [1296, 786], [756, 804]]",,[],,0.45050084101782,0.2104706865995538
1564,5,3,25.98700000000008,,13518,"[954, 270]",False,,True,0.0,False,,False,"[[972, 6], [1278, 96], [774, 96], [1278, 114], [1296, 132], [1404, 312], [1170, 528], [1170, 546], [972, 672], [1134, 762], [1296, 780], [756, 798]]",,[],,0.45083371008958373,0.20901381294776766
1565,5,3,26.00500000000011,,13518,"[954, 270]",False,,True,0.0,False,,False,"[[972, 0], [1278, 90], [774, 90], [1278, 108], [1296, 126], [1404, 306], [1170, 522], [1170, 540], [972, 666], [1134, 756], [1296, 774], [756, 792]]",,[],,0.4523552956021996,0.20784186284865502
1566,5,3,26.021999999999935,,13518,"[954, 270]",False,,True,0.0,False,,False,"[[1278, 84], [774, 84], [1278, 102], [1296, 120], [1404, 300], [1170, 516], [1170, 534], [972, 660], [1134, 750], [1296, 768], [756, 786]]",,[],,0.45289252873408525,0.20807738193791148
1567,5,3,26.04099999999994,,13518,"[954, 270]",False,,True,0.0,False,,False,"[[1278, 78], [774, 78], [1278, 96], [1296, 114], [1404, 294], [1170, 510], [1170, 528], [972, 654], [1134, 744], [1296, 762], [756, 780]]",,[],,0.45371354540831826,0.20594111570419227
1568,5,3,26.057999999999993,,13518,"[954, 270]",False,,True,0.0,False,,False,"[[1278, 72], [774, 72], [1278, 90], [1296, 108], [1404, 288], [1170, 504], [1170, 522], [972, 648], [1134, 738], [1296, 756], [756, 774]]",,[],,0.4550011622772872,0.20483993820699709
1569,5,3,26.07400000000007,,13518,"[954, 270]",False,,True,0.0,False,,False,"[[1278, 66], [774, 66], [1278, 84], [1296, 102], [1404, 282], [1170, 498], [1170, 516], [972, 642], [1134, 732], [1296, 750], [756, 768]]",,[],,0.4550011622772872,0.20483993820699709
1570,5,3,26.090999999999894,,13518,"[954, 270]",False,,True,0.0,False,,False,"[[1278, 60], [774, 60], [1278, 78], [1296, 96], [1404, 276], [1170, 492], [1170, 510], [972, 636], [1134, 726], [1296, 744], [756, 762]]",,[],,0.45554461237189214,0.20611233369203164
1571,5,3,26.107999999999947,,13518,"[954, 270]",False,,True,0.0,False,,False,"[[1278, 54], [774, 54], [1278, 72], [1296, 90], [1404, 270], [1170, 486], [1170, 504], [972, 630], [1134, 720], [1296, 738], [756, 756]]",,[],,0.4558328527543076,0.2050200766181659
1572,5,3,26.125,,13518,"[954, 270]",False,,True,0.0,False,,False,"[[1278, 48], [774, 48], [1278, 66], [1296, 84], [1404, 264], [1170, 480], [1170, 498], [972, 624], [1134, 714], [1296, 732], [756, 750]]",,[],,0.45693466251253134,0.20477421611444535
1573,5,3,26.141000000000076,,13518,"[954, 270]",False,,True,0.0,False,,False,"[[1278, 42], [774, 42], [1278, 60], [1296, 78], [1404, 258], [1170, 474], [1170, 492], [972, 618], [1134, 708], [1296, 726], [756, 744]]",,[],,0.45762741349883146,0.2041998051051075
1574,5,3,26.1579999999999,,13518,"[954, 270]",False,,True,0.0,False,,False,"[[1278, 36], [774, 36], [1278, 54], [1296, 72], [1404, 252], [1170, 468], [1170, 486], [972, 612], [1134, 702], [1296, 720], [756, 738], [918, 810]]",,[],,0.4572666078038776,0.20917468448956056
1575,5,3,26.174999999999955,,13518,"[954, 270]",False,,True,0.0,False,,False,"[[1278, 30], [774, 30], [1278, 48], [1296, 66], [1404, 246], [1170, 462], [1170, 480], [972, 606], [1134, 696], [1296, 714], [756, 732], [918, 804]]",,[],,0.45693830663047363,0.20942018998043344
1576,5,3,26.19100000000003,,13518,"[954, 270]",False,,True,0.0,False,,False,"[[1278, 24], [774, 24], [1278, 42], [1296, 60], [1404, 240], [1170, 456], [1170, 474], [972, 600], [1134, 690], [1296, 708], [756, 726], [918, 798]]",,[],,0.4577305880118521,0.21202542317532846
1577,5,3,26.207000000000107,,13518,"[954, 270]",False,,True,0.0,False,,False,"[[1278, 18], [774, 18], [1278, 36], [1296, 54], [1404, 234], [1170, 450], [1170, 468], [972, 594], [1134, 684], [1296, 702], [756, 720], [918, 792]]",,[],,0.4587983794707761,0.21700841716229569
1578,5,3,26.222999999999956,,13518,"[954, 270]",False,,True,0.0,False,,False,"[[1278, 12], [774, 12], [1278, 30], [1296, 48], [1404, 228], [1170, 444], [1170, 462], [972, 588], [1134, 678], [1296, 696], [756, 714], [918, 786]]",,[],,0.45816426021968637,0.22098766811886184
1579,5,3,26.239000000000033,,13518,"[954, 270]",False,,True,0.0,False,,False,"[[1278, 6], [774, 6], [1278, 24], [1296, 42], [1404, 222], [1170, 438], [1170, 456], [972, 582], [1134, 672], [1296, 690], [756, 708], [918, 780]]",,[],,0.45832638045420326,0.22121413206028973
1580,5,3,26.25500000000011,,13518,"[954, 270]",False,,True,0.0,False,,False,"[[1278, 0], [774, 0], [1278, 18], [1296, 36], [1404, 216], [1170, 432], [1170, 450], [972, 576], [1134, 666], [1296, 684], [756, 702], [918, 774]]",,[],,0.45812465092035015,0.2218477296748479
1581,5,3,26.270999999999958,,13518,"[954, 270]",False,,True,0.0,False,,False,"[[1278, 12], [1296, 30], [1404, 210], [1170, 426], [1170, 444], [972, 570], [1134, 660], [1296, 678], [756, 696], [918, 768]]",,[],,0.4588667728659406,0.22184742045948447
1582,5,3,26.28800000000001,,13518,"[954, 270]",False,,True,0.0,False,,False,"[[1278, 6], [1296, 24], [1404, 204], [1170, 420], [1170, 438], [972, 564], [1134, 654], [1296, 672], [756, 690], [918, 762]]",,[],,0.4589330083593389,0.22157111780875582
1583,5,3,26.304000000000087,,13518,"[954, 270]",False,,True,0.0,False,,False,"[[1278, 0], [1296, 18], [1404, 198], [1170, 414], [1170, 432], [972, 558], [1134, 648], [1296, 666], [756, 684], [918, 756]]",,[],,0.45944699302911535,0.22302886485149465
1584,5,3,26.319999999999936,,13518,"[954, 270]",False,,True,0.0,False,,False,"[[1296, 12], [1404, 192], [1170, 408], [1170, 426], [972, 552], [1134, 642], [1296, 660], [756, 678], [918, 750]]",,[],,0.459532705492611,0.2233047945489428
1585,5,3,26.33699999999999,,13518,"[954, 270]",False,,True,0.0,False,,False,"[[1296, 6], [1404, 186], [1170, 402], [1170, 420], [972, 546], [1134, 636], [1296, 654], [756, 672], [918, 744]]",,[],,0.4595300527137053,0.2279959299391442
1586,5,3,26.354000000000042,,13518,"[954, 270]",False,,True,0.0,False,,False,"[[1296, 0], [1404, 180], [1170, 396], [1170, 414], [972, 540], [1134, 630], [1296, 648], [756, 666], [918, 738]]",,[],,0.4595300527137053,0.2279959299391442
1587,5,3,26.36999999999989,,13518,"[954, 270]",False,,True,0.0,False,,False,"[[1404, 174], [1170, 390], [1170, 408], [972, 534], [1134, 624], [1296, 642], [756, 660], [918, 732]]",,[],,0.46100674797692276,0.23065549453954415
1588,5,3,26.386999999999944,,13518,"[954, 270]",False,,True,0.0,False,,False,"[[1404, 168], [1170, 384], [1170, 402], [972, 528], [1134, 618], [1296, 636], [756, 654], [918, 726]]",,[],,0.46100674797692276,0.23065549453954415
1589,5,3,26.404999999999973,,13518,"[954, 270]",False,,True,0.0,False,,False,"[[1404, 162], [1170, 378], [1170, 396], [972, 522], [1134, 612], [1296, 630], [756, 648], [918, 720]]",,[],,0.46048317395546867,0.23204586841294228
1590,5,3,26.42100000000005,,13518,"[954, 270]",False,,True,0.0,False,,False,"[[1404, 156], [1170, 372], [1170, 390], [972, 516], [1134, 606], [1296, 624], [756, 642], [918, 714]]",,[],,0.4605400245946288,0.23249368215102795
1591,5,3,26.436999999999898,,13518,"[954, 270]",False,Right,True,0.0,False,,False,"[[1404, 150], [1170, 366], [1170, 384], [972, 510], [1134, 600], [1296, 618], [756, 636], [918, 708]]",,[],,0.4597977841652323,0.23486721537126698
1592,5,3,26.454999999999927,,13518,"[954, 270]",False,Right,True,0.0,False,,False,"[[1398, 144], [1164, 360], [1164, 378], [966, 504], [1128, 594], [1290, 612], [750, 630], [912, 702]]",,[],,0.4597977841652323,0.23486721537126698
1593,5,3,26.472999999999956,,13518,"[954, 270]",False,Right,True,0.0,False,,False,"[[1392, 138], [1158, 354], [1158, 372], [960, 498], [1122, 588], [1284, 606], [744, 624], [906, 696]]",,[],,0.4592133031151199,0.23621524493603474
1594,5,3,26.49000000000001,,13518,"[954, 270]",False,Right,True,0.0,False,,False,"[[1386, 132], [1152, 348], [1152, 366], [954, 492], [1116, 582], [1278, 600], [738, 618], [900, 690]]",,[],,0.4582273680565712,0.23660222441656154
1595,5,3,26.506000000000085,,13518,"[954, 270]",False,Right,True,0.0,False,,False,"[[1380, 126], [1146, 342], [1146, 360], [948, 486], [1110, 576], [1272, 594], [732, 612], [894, 684]]",,[],,0.4581853104140595,0.23741637699760854
1596,5,3,26.52299999999991,,13518,"[954, 270]",False,Right,True,0.0,False,,False,"[[1374, 120], [1140, 336], [1140, 354], [942, 480], [1104, 570], [1266, 588], [726, 606], [888, 678]]",,[],,0.4580968982200967,0.23729998683769493
1597,5,3,26.538999999999987,,13518,"[954, 270]",False,Right,True,0.0,False,,False,"[[1368, 114], [1134, 330], [1134, 348], [936, 474], [1098, 564], [1260, 582], [720, 600], [882, 672]]",,[],,0.4580752739534521,0.23872767494390945
1598,5,3,26.555000000000064,,13518,"[954, 270]",False,Right,True,0.0,False,,False,"[[1362, 108], [1128, 324], [1128, 342], [930, 468], [1092, 558], [1254, 576], [714, 594], [876, 666]]",,[],,0.45755559215150543,0.2386579392757544
1599,5,3,26.572000000000116,,13518,"[954, 270]",False,Right,True,0.0,False,,False,"[[1356, 102], [1122, 318], [1122, 336], [924, 462], [1086, 552], [1248, 570], [708, 588], [870, 660]]",,[],,0.4574274463445449,0.2409926456557836
1600,5,3,26.587999999999965,,13518,"[954, 270]",False,Right,True,0.0,False,,False,"[[1350, 96], [1116, 312], [1116, 330], [918, 456], [1080, 546], [1242, 564], [702, 582], [864, 654]]",,[],,0.4577048543479768,0.242358525450052
1601,5,3,26.604000000000042,,13518,"[954, 270]",False,Right,True,0.0,False,,False,"[[1344, 90], [1110, 306], [1110, 324], [912, 450], [1074, 540], [1236, 558], [696, 576], [858, 648]]",,[],,0.4568684563746038,0.244928631198159
1602,5,3,26.61999999999989,,13518,"[954, 270]",False,,True,0.0,False,,False,"[[1338, 84], [1104, 300], [1104, 318], [906, 444], [1068, 534], [1230, 552], [690, 570], [852, 642]]",,[],,0.4568684563746038,0.244928631198159
1603,5,3,26.636999999999944,,13518,"[954, 270]",False,,True,0.0,False,,False,"[[1338, 78], [1104, 294], [1104, 312], [906, 438], [1068, 528], [1230, 546], [690, 564], [852, 636]]",,[],,0.4562396936195195,0.24703039797338888
1604,5,3,26.653999999999996,,13518,"[954, 270]",False,,True,0.0,False,,False,"[[1338, 72], [1104, 288], [1104, 306], [906, 432], [1068, 522], [1230, 540], [690, 558], [852, 630]]",,[],,0.4562396936195195,0.24703039797338888
1605,5,3,26.670000000000073,,13518,"[954, 270]",False,,True,0.0,False,,False,"[[1338, 66], [1104, 282], [1104, 300], [906, 426], [1068, 516], [1230, 534], [690, 552], [852, 624]]",,[],,0.4550372807370275,0.24776121397424133
1606,5,3,26.685999999999922,,13518,"[954, 270]",False,,True,0.0,False,,False,"[[1338, 60], [1104, 276], [1104, 294], [906, 420], [1068, 510], [1230, 528], [690, 546], [852, 618]]",,[],,0.4550372807370275,0.24776121397424133
1607,5,3,26.701999999999998,,13518,"[954, 270]",False,,True,0.0,False,,False,"[[1338, 54], [1104, 270], [1104, 288], [906, 414], [1068, 504], [1230, 522], [690, 540], [852, 612]]",,[],,0.4549872316374521,0.25035967009517224
1608,5,3,26.718000000000075,,13518,"[954, 270]",False,,True,0.0,False,,False,"[[1338, 48], [1104, 264], [1104, 282], [906, 408], [1068, 498], [1230, 516], [690, 534], [852, 606]]",,[],,0.4549872316374521,0.25035967009517224
1609,5,3,26.7349999999999,,13518,"[954, 270]",False,,True,0.0,False,,False,"[[1338, 42], [1104, 258], [1104, 276], [906, 402], [1068, 492], [1230, 510], [690, 528], [852, 600]]",,[],,0.45461357591670054,0.2541768884029365
1610,5,3,26.751999999999953,,13518,"[954, 270]",False,,True,0.0,False,,False,"[[1338, 36], [1104, 252], [1104, 270], [906, 396], [1068, 486], [1230, 504], [690, 522], [852, 594]]",,[],,0.45461357591670054,0.2541768884029365
1611,5,3,26.769999999999982,,13518,"[954, 270]",False,,True,0.0,False,,False,"[[1338, 30], [1104, 246], [1104, 264], [906, 390], [1068, 480], [1230, 498], [690, 516], [852, 588]]",,[],,0.4543616862690881,0.25661859960055533
1612,5,3,26.787000000000035,,13518,"[954, 270]",False,,True,0.0,False,,False,"[[1338, 24], [1104, 240], [1104, 258], [906, 384], [1068, 474], [1230, 492], [690, 510], [852, 582]]",,[],,0.4543616862690881,0.25661859960055533
1613,5,3,26.80300000000011,,13518,"[954, 270]",False,,True,0.0,False,,False,"[[1338, 18], [1104, 234], [1104, 252], [906, 378], [1068, 468], [1230, 486], [690, 504], [852, 576]]",,[],,0.45389847114346493,0.2591666592034152
1614,5,3,26.81899999999996,,13518,"[954, 270]",False,,True,0.0,False,,False,"[[1338, 12], [1104, 228], [1104, 246], [906, 372], [1068, 462], [1230, 480], [690, 498], [852, 570]]",,[],,0.45389847114346493,0.2591666592034152
1615,5,3,26.835000000000036,,13518,"[954, 270]",False,,True,0.0,False,,False,"[[1338, 6], [1104, 222], [1104, 240], [906, 366], [1068, 456], [1230, 474], [690, 492], [852, 564]]",,[],,0.4535733752975384,0.2595902266943344
1616,5,3,26.85200000000009,,13518,"[954, 270]",False,,True,0.0,False,,False,"[[1338, 0], [1104, 216], [1104, 234], [906, 360], [1068, 450], [1230, 468], [690, 486], [852, 558]]",,[],,0.4535733752975384,0.2595902266943344
1617,5,3,26.867999999999938,,13518,"[954, 270]",False,,True,0.0,False,,False,"[[1104, 210], [1104, 228], [906, 354], [1068, 444], [1230, 462], [690, 480], [852, 552]]",,[],,0.45245918503082666,0.2593590808208117
1618,5,3,26.88499999999999,,13518,"[954, 270]",False,,True,0.0,False,,False,"[[1104, 204], [1104, 222], [906, 348], [1068, 438], [1230, 456], [690, 474], [852, 546]]",,"[[552, 810]]",,0.45245918503082666,0.2593590808208117
1619,5,3,26.902000000000044,,13518,"[954, 270]",False,,True,0.0,False,,False,"[[1104, 198], [1104, 216], [906, 342], [1068, 432], [1230, 450], [690, 468], [852, 540]]",,"[[552, 804]]",,0.45286944271631635,0.2590478881355207
1620,5,3,26.917999999999893,,13518,"[954, 270]",False,,True,0.0,False,,False,"[[1104, 192], [1104, 210], [906, 336], [1068, 426], [1230, 444], [690, 462], [852, 534]]",,"[[552, 798]]",,0.45286944271631635,0.2590478881355207
1621,5,3,26.93399999999997,,13518,"[954, 270]",False,,True,0.0,False,,False,"[[1104, 186], [1104, 204], [906, 330], [1068, 420], [1230, 438], [690, 456], [852, 528]]",,"[[552, 792]]",,0.4522313251688776,0.2592838415928935
1622,5,3,26.951000000000022,,13518,"[954, 270]",False,Right,True,0.0,False,,False,"[[1104, 180], [1104, 198], [906, 324], [1068, 414], [1230, 432], [690, 450], [852, 522]]",,"[[546, 786]]",,0.4522313251688776,0.2592838415928935
1623,5,3,26.968000000000075,,13518,"[954, 270]",False,Right,True,0.0,False,,False,"[[1098, 174], [1098, 192], [900, 318], [1062, 408], [1224, 426], [684, 444], [846, 516]]",,"[[540, 780]]",,0.4522439738296091,0.2614237991624281
1624,5,3,26.9849999999999,,13518,"[954, 270]",False,Right,True,0.0,False,,False,"[[1092, 168], [1092, 186], [894, 312], [1056, 402], [1218, 420], [678, 438], [840, 510]]",,"[[534, 774]]",,0.4522439738296091,0.2614237991624281
1625,5,3,27.000999999999976,,13518,"[954, 270]",False,Right,True,0.0,False,,False,"[[1086, 162], [1086, 180], [888, 306], [1050, 396], [1212, 414], [672, 432], [834, 504], [1104, 810]]",,"[[528, 768]]",,0.45144492331686215,0.26473247642885744
1626,5,3,27.017000000000053,,13518,"[954, 270]",False,Right,True,0.0,False,,False,"[[1080, 156], [1080, 174], [882, 300], [1044, 390], [1206, 408], [666, 426], [828, 498], [1098, 804]]",,"[[522, 762]]",,0.45144492331686215,0.26473247642885744
1627,5,3,27.034000000000106,,13518,"[954, 270]",False,Right,True,0.0,False,,False,"[[1074, 150], [1074, 168], [876, 294], [1038, 384], [1200, 402], [660, 420], [822, 492], [1092, 798]]",,"[[516, 756]]",,0.45191697076695814,0.26450253580461314
1628,5,3,27.049999999999955,,13518,"[954, 270]",False,Right,True,0.0,False,,False,"[[1068, 144], [1068, 162], [870, 288], [1032, 378], [1194, 396], [654, 414], [816, 486], [1086, 792]]",,"[[510, 750]]",,0.45191697076695814,0.26450253580461314
1629,5,3,27.067000000000007,,13518,"[954, 270]",False,Right,True,0.0,False,,False,"[[1062, 138], [1062, 156], [864, 282], [1026, 372], [1188, 390], [648, 408], [810, 480], [1080, 786]]",,"[[504, 744]]",,0.4532061351892591,0.26665184797038044
1630,5,3,27.083000000000084,,13518,"[954, 270]",False,Right,True,0.0,False,,False,"[[1056, 132], [1056, 150], [858, 276], [1020, 366], [1182, 384], [642, 402], [804, 474], [1074, 780]]",,"[[498, 738]]",,0.45353565673498863,0.26805684287126497
1631,5,3,27.09999999999991,,13518,"[954, 270]",False,,True,0.0,False,,False,"[[1050, 126], [1050, 144], [852, 270], [1014, 360], [1176, 378], [636, 396], [798, 468], [1068, 774], [888, 810]]",,"[[498, 732]]",,0.4543338084038472,0.26952245337352143
1632,5,3,27.115999999999985,,13518,"[954, 270]",False,,True,0.0,False,,False,"[[1050, 120], [1050, 138], [852, 264], [1014, 354], [1176, 372], [636, 390], [798, 462], [1068, 768], [888, 804]]",,"[[498, 726]]",,0.4543338084038472,0.26952245337352143
1633,5,3,27.132000000000062,,13518,"[954, 270]",False,,True,0.0,False,,False,"[[1050, 114], [1050, 132], [852, 258], [1014, 348], [1176, 366], [636, 384], [798, 456], [1068, 762], [888, 798]]",,"[[498, 720]]",,0.45318348946352804,0.2764321110748924
1634,5,3,27.149000000000115,,13518,"[954, 270]",False,,True,0.0,False,,False,"[[1050, 108], [1050, 126], [852, 252], [1014, 342], [1176, 360], [636, 378], [798, 450], [1068, 756], [888, 792]]",,"[[498, 714]]",,0.45318348946352804,0.2764321110748924
1635,5,3,27.16599999999994,,13518,"[954, 270]",False,,True,0.0,False,,False,"[[1050, 102], [1050, 120], [852, 246], [1014, 336], [1176, 354], [636, 372], [798, 444], [1068, 750], [888, 786]]",,"[[498, 708]]",,0.4522250655168148,0.27507235477612724
1636,5,3,27.182999999999993,,13518,"[954, 270]",False,,True,0.0,False,,False,"[[1050, 96], [1050, 114], [852, 240], [1014, 330], [1176, 348], [636, 366], [798, 438], [1068, 744], [888, 780]]",,"[[498, 702]]",,0.4522250655168148,0.27507235477612724
1637,5,3,27.201000000000022,,13518,"[954, 270]",False,Left,True,0.0,False,,False,"[[1050, 90], [1050, 108], [852, 234], [1014, 324], [1176, 342], [636, 360], [798, 432], [1068, 738], [888, 774]]",,"[[504, 696]]",,0.44943617473257136,0.2745822008794371
1638,5,3,27.2170000000001,,13518,"[954, 270]",False,Left,True,0.0,False,,False,"[[1056, 84], [1056, 102], [858, 228], [1020, 318], [1182, 336], [642, 354], [804, 426], [1074, 732], [894, 768]]",,"[[510, 690]]",,0.44943617473257136,0.2745822008794371
1639,5,3,27.233999999999924,,13518,"[954, 270]",False,Left,True,0.0,False,,False,"[[1062, 78], [1062, 96], [864, 222], [1026, 312], [1188, 330], [648, 348], [810, 420], [1080, 726], [900, 762]]",,"[[516, 684]]",,0.44886112336156947,0.2747389773713782
1640,5,3,27.250999999999976,,13518,"[954, 270]",False,Left,True,0.0,False,,False,"[[1068, 72], [1068, 90], [870, 216], [1032, 306], [1194, 324], [654, 342], [816, 414], [1086, 720], [906, 756]]",,"[[522, 678]]",,0.44886112336156947,0.2747389773713782
1641,5,3,27.267000000000053,,13518,"[954, 270]",False,Left,True,0.0,False,,False,"[[1074, 66], [1074, 84], [876, 210], [1038, 300], [1200, 318], [660, 336], [822, 408], [1092, 714], [912, 750]]",,"[[528, 672]]",,0.4460955100115431,0.25975064199966613
1642,5,3,27.284000000000106,,13518,"[954, 270]",False,Left,True,0.0,False,,False,"[[1080, 60], [1080, 78], [882, 204], [1044, 294], [1206, 312], [666, 330], [828, 402], [1098, 708], [918, 744]]",,"[[534, 666]]",,0.4460955100115431,0.25975064199966613
1643,5,3,27.30099999999993,,13518,"[954, 270]",False,Left,True,0.0,False,,False,"[[1086, 54], [1086, 72], [888, 198], [1050, 288], [1212, 306], [672, 324], [834, 396], [1104, 702], [924, 738]]",,"[[540, 660]]",,0.37208200012300374,0.3263180274809876
1644,5,3,27.317999999999984,,13518,"[954, 270]",False,Left,True,0.0,False,,False,"[[1092, 48], [1092, 66], [894, 192], [1056, 282], [1218, 300], [678, 318], [840, 390], [1110, 696], [930, 732]]",,"[[546, 654]]",,0.37208200012300374,0.3263180274809876
1645,5,3,27.33400000000006,,13518,"[954, 270]",False,Left,True,0.0,False,,False,"[[1098, 42], [1098, 60], [900, 186], [1062, 276], [1224, 294], [684, 312], [846, 384], [1116, 690], [936, 726]]",,"[[552, 648]]",,0.44667742777959074,0.25980895291365147
1646,5,3,27.34999999999991,,13518,"[954, 270]",False,Left,True,0.0,False,,False,"[[1104, 36], [1104, 54], [906, 180], [1068, 270], [1230, 288], [690, 306], [852, 378], [1122, 684], [942, 720], [1248, 810], [1086, 810]]",,"[[558, 642]]",,0.44667742777959074,0.25980895291365147
1647,5,3,27.366999999999962,,13518,"[954, 270]",False,Left,True,0.0,False,,False,"[[1110, 30], [1110, 48], [912, 174], [1074, 264], [1236, 282], [696, 300], [858, 372], [1128, 678], [948, 714], [1254, 804], [1092, 804]]",,"[[564, 636]]",,0.44684402699850334,0.25925253082089783
1648,5,3,27.384000000000015,,13518,"[954, 270]",False,,True,0.0,False,,False,"[[1116, 24], [1116, 42], [918, 168], [1080, 258], [1242, 276], [702, 294], [864, 366], [1134, 672], [954, 708], [1260, 798], [1098, 798]]",,"[[564, 630]]",,0.44680177323007236,0.25917999542846615
1649,5,3,27.402000000000044,,13518,"[954, 270]",False,,True,0.0,False,,False,"[[1116, 18], [1116, 36], [918, 162], [1080, 252], [1242, 270], [702, 288], [864, 360], [1134, 666], [954, 702], [1260, 792], [1098, 792]]",,"[[564, 624]]",,0.4468842879741633,0.26167923608303356
1650,5,3,27.419000000000096,,13518,"[954, 270]",False,,True,0.0,False,,False,"[[1116, 12], [1116, 30], [918, 156], [1080, 246], [1242, 264], [702, 282], [864, 354], [1134, 660], [954, 696], [1260, 786], [1098, 786]]",,"[[564, 618]]",,0.4468842879741633,0.26167923608303356
1651,5,3,27.435999999999922,,13518,"[954, 270]",False,,True,0.0,False,,False,"[[1116, 6], [1116, 24], [918, 150], [1080, 240], [1242, 258], [702, 276], [864, 348], [1134, 654], [954, 690], [1260, 780], [1098, 780]]",,"[[564, 612]]",,0.4479861153678021,0.2638518838294156
1652,5,3,27.451999999999998,,13518,"[954, 270]",False,,True,0.0,False,,False,"[[1116, 0], [1116, 18], [918, 144], [1080, 234], [1242, 252], [702, 270], [864, 342], [1134, 648], [954, 684], [1260, 774], [1098, 774]]",,"[[564, 606]]",,0.4479861153678021,0.2638518838294156
1653,5,3,27.468000000000075,,13518,"[954, 270]",False,,True,0.0,False,,False,"[[1116, 12], [918, 138], [1080, 228], [1242, 246], [702, 264], [864, 336], [1134, 642], [954, 678], [1260, 768], [1098, 768]]",,"[[564, 600]]",,0.4483884282703178,0.2645912799685617
1654,5,3,27.483999999999924,,13518,"[954, 270]",False,,True,0.0,False,,False,"[[1116, 6], [918, 132], [1080, 222], [1242, 240], [702, 258], [864, 330], [1134, 636], [954, 672], [1260, 762], [1098, 762]]",,"[[564, 594]]",,0.4483884282703178,0.2645912799685617
1655,5,3,27.500999999999976,,13518,"[954, 270]",False,,True,0.0,False,,False,"[[1116, 0], [918, 126], [1080, 216], [1242, 234], [702, 252], [864, 324], [1134, 630], [954, 666], [1260, 756], [1098, 756]]",,"[[564, 588]]",,0.44812438386467635,0.26685882867607014
1656,5,3,27.519000000000005,,13518,"[954, 270]",False,,True,0.0,False,,False,"[[918, 120], [1080, 210], [1242, 228], [702, 246], [864, 318], [1134, 624], [954, 660], [1260, 750], [1098, 750]]",,"[[564, 582]]",,0.448027289329303,0.267593359115601
1657,5,3,27.535000000000082,,13518,"[954, 270]",False,,True,0.0,False,,False,"[[918, 114], [1080, 204], [1242, 222], [702, 240], [864, 312], [1134, 618], [954, 654], [1260, 744], [1098, 744]]",,"[[564, 576]]",,0.4476054372853556,0.2704713826006123
1658,5,3,27.55099999999993,,13518,"[954, 270]",False,,True,0.0,False,,False,"[[918, 108], [1080, 198], [1242, 216], [702, 234], [864, 306], [1134, 612], [954, 648], [1260, 738], [1098, 738]]",,"[[564, 570]]",,0.4476054372853556,0.2704713826006123
1659,5,3,27.567999999999984,,13518,"[954, 270]",False,,True,0.0,False,,False,"[[918, 102], [1080, 192], [1242, 210], [702, 228], [864, 300], [1134, 606], [954, 642], [1260, 732], [1098, 732]]",,"[[564, 564]]",,0.4472416039163546,0.27248829338638025
1660,5,3,27.585000000000036,,13518,"[954, 270]",False,,True,0.0,False,,False,"[[918, 96], [1080, 186], [1242, 204], [702, 222], [864, 294], [1134, 600], [954, 636], [1260, 726], [1098, 726]]",,"[[564, 558]]",,0.4472416039163546,0.27248829338638025
1661,5,3,27.60200000000009,,13518,"[954, 270]",False,,True,0.0,False,,False,"[[918, 90], [1080, 180], [1242, 198], [702, 216], [864, 288], [1134, 594], [954, 630], [1260, 720], [1098, 720]]",,"[[564, 552]]",,0.4458101086948911,0.26895772173717913
1662,5,3,27.61999999999989,,13518,"[954, 270]",False,Left,True,0.0,False,,False,"[[918, 84], [1080, 174], [1242, 192], [702, 210], [864, 282], [1134, 588], [954, 624], [1260, 714], [1098, 714]]",,"[[570, 546]]",,0.44454410785849774,0.25631110160877535
1663,5,3,27.635999999999967,,13518,"[954, 270]",False,Left,True,0.0,False,,False,"[[924, 78], [1086, 168], [1248, 186], [708, 204], [870, 276], [1140, 582], [960, 618], [1266, 708], [1104, 708]]",,"[[576, 540]]",,0.44462971047587024,0.2538212988658878
1664,5,3,27.652000000000044,,13518,"[954, 270]",False,Left,True,0.0,False,,False,"[[930, 72], [1092, 162], [1254, 180], [714, 198], [876, 270], [1146, 576], [966, 612], [1272, 702], [1110, 702]]",,"[[582, 534]]",,0.44462971047587024,0.2538212988658878
1665,5,3,27.669000000000096,,13518,"[954, 270]",False,Left,True,0.0,False,,False,"[[936, 66], [1098, 156], [1260, 174], [720, 192], [882, 264], [1152, 570], [972, 606], [1278, 696], [1116, 696]]",,"[[588, 528]]",,0.4445276556570886,0.2546904620718057
1666,5,3,27.684999999999945,,13518,"[954, 270]",False,Left,True,0.0,False,,False,"[[942, 60], [1104, 150], [1266, 168], [726, 186], [888, 258], [1158, 564], [978, 600], [1284, 690], [1122, 690]]",,"[[594, 522]]",,0.4445276556570886,0.2546904620718057
1667,5,3,27.701999999999998,,13518,"[954, 270]",False,Left,True,0.0,False,,False,"[[948, 54], [1110, 144], [1272, 162], [732, 180], [894, 252], [1164, 558], [984, 594], [1290, 684], [1128, 684]]",,"[[600, 516]]",,0.4450172604531565,0.2556051168660184
1668,5,3,27.718000000000075,,13518,"[954, 270]",False,Left,True,0.0,False,,False,"[[954, 48], [1116, 138], [1278, 156], [738, 174], [900, 246], [1170, 552], [990, 588], [1296, 678], [1134, 678]]",,"[[606, 510]]",,0.4450249142657152,0.2563783429653004
1669,5,3,27.7349999999999,,13518,"[954, 270]",False,Left,True,0.0,False,,False,"[[960, 42], [1122, 132], [1284, 150], [744, 168], [906, 240], [1176, 546], [996, 582], [1302, 672], [1140, 672]]",,"[[612, 504]]",,0.44378445144651374,0.2562279584823538
1670,5,3,27.750999999999976,,13518,"[954, 270]",False,Left,True,0.0,False,,False,"[[966, 36], [1128, 126], [1290, 144], [750, 162], [912, 234], [1182, 540], [1002, 576], [1308, 666], [1146, 666]]",,"[[618, 498]]",,0.44378445144651374,0.2562279584823538
1671,5,3,27.76800000000003,,13518,"[954, 270]",False,,True,0.0,False,,False,"[[972, 30], [1134, 120], [1296, 138], [756, 156], [918, 228], [1188, 534], [1008, 570], [1314, 660], [1152, 660]]",,"[[618, 492]]",,0.44280424111804073,0.25633240662680745
1672,5,3,27.785000000000082,,13518,"[954, 270]",False,,True,0.0,False,,False,"[[972, 24], [1134, 114], [1296, 132], [756, 150], [918, 222], [1188, 528], [1008, 564], [1314, 654], [1152, 654]]",,"[[618, 486]]",,0.4423388212160416,0.25714356009934314
1673,5,3,27.80099999999993,,13518,"[954, 270]",False,,True,0.0,False,,False,"[[972, 18], [1134, 108], [1296, 126], [756, 144], [918, 216], [1188, 522], [1008, 558], [1314, 648], [1152, 648]]",,"[[618, 480]]",,0.369910014210138,0.3255585533281452
1674,5,3,27.817999999999984,,13518,"[954, 270]",False,,True,0.0,False,,False,"[[972, 12], [1134, 102], [1296, 120], [756, 138], [918, 210], [1188, 516], [1008, 552], [1314, 642], [1152, 642]]",,"[[618, 474]]",,0.369910014210138,0.3255585533281452
1675,5,3,27.83400000000006,,13518,"[954, 270]",False,,True,0.0,False,,False,"[[972, 6], [1134, 96], [1296, 114], [756, 132], [918, 204], [1188, 510], [1008, 546], [1314, 636], [1152, 636]]",,"[[618, 468]]",,0.4412942395783723,0.26205823260744676
1676,5,3,27.851000000000113,,13518,"[954, 270]",False,,True,0.0,False,,False,"[[972, 0], [1134, 90], [1296, 108], [756, 126], [918, 198], [1188, 504], [1008, 540], [1314, 630], [1152, 630]]",,"[[618, 462]]",,0.4412942395783723,0.26205823260744676
1677,5,3,27.866999999999962,,13518,"[954, 270]",False,,True,0.0,False,,False,"[[1134, 84], [1296, 102], [756, 120], [918, 192], [1188, 498], [1008, 534], [1314, 624], [1152, 624]]",,"[[618, 456]]",,0.44185543829672486,0.2636500095584894
1678,5,3,27.884000000000015,,13518,"[954, 270]",False,,True,0.0,False,,False,"[[1134, 78], [1296, 96], [756, 114], [918, 186], [1188, 492], [1008, 528], [1314, 618], [1152, 618]]",,"[[618, 450]]",,0.44144440769272314,0.2648662977369389
1679,5,3,27.901000000000067,,13518,"[954, 270]",False,,True,0.0,False,,False,"[[1134, 72], [1296, 90], [756, 108], [918, 180], [1188, 486], [1008, 522], [1314, 612], [1152, 612]]",,"[[618, 444]]",,0.44187676658292113,0.26605372537646244
1680,5,3,27.916999999999916,,13518,"[954, 270]",False,,True,0.0,False,,False,"[[1134, 66], [1296, 84], [756, 102], [918, 174], [1188, 480], [1008, 516], [1314, 606], [1152, 606]]",,"[[618, 438]]",,0.44206741187725207,0.2660272957878377
1681,5,3,27.93399999999997,,13518,"[954, 270]",False,,True,0.0,False,,False,"[[1134, 60], [1296, 78], [756, 96], [918, 168], [1188, 474], [1008, 510], [1314, 600], [1152, 600]]",,"[[618, 432]]",,0.44254191424325634,0.26777424722350873
1682,5,3,27.950000000000045,,13518,"[954, 270]",False,,True,0.0,False,,False,"[[1134, 54], [1296, 72], [756, 90], [918, 162], [1188, 468], [1008, 504], [1314, 594], [1152, 594]]",,"[[618, 426]]",,0.4421614994952895,0.2681924828140002
1683,5,3,27.965999999999894,,13518,"[954, 270]",False,,True,0.0,False,,False,"[[1134, 48], [1296, 66], [756, 84], [918, 156], [1188, 462], [1008, 498], [1314, 588], [1152, 588]]",,"[[618, 420]]",,0.4423440507472004,0.2693724505646331
1684,5,3,27.98199999999997,,13518,"[954, 270]",False,,True,0.0,False,,False,"[[1134, 42], [1296, 60], [756, 78], [918, 150], [1188, 456], [1008, 492], [1314, 582], [1152, 582]]",,"[[618, 414]]",,0.4415293582873427,0.27018787084399765
1685,5,3,28.0,,13518,"[954, 270]",False,Left,True,0.0,False,,False,"[[1134, 36], [1296, 54], [756, 72], [918, 144], [1188, 450], [1008, 486], [1314, 576], [1152, 576]]",,"[[624, 408]]",,0.4415768173142175,0.2720510327166895
1686,5,3,28.016000000000076,,13518,"[954, 270]",False,Left,True,0.0,False,,False,"[[1140, 30], [1302, 48], [762, 66], [924, 138], [1194, 444], [1014, 480], [1320, 570], [1158, 570]]",,"[[630, 402]]",,0.44115660087609043,0.27287206797093655
1687,5,3,28.0329999999999,,13518,"[954, 270]",False,Left,True,0.0,False,,False,"[[1146, 24], [1308, 42], [768, 60], [930, 132], [1200, 438], [1020, 474], [1326, 564], [1164, 564]]",,"[[636, 396]]",,0.4406747267922369,0.2735816566906837
1688,5,3,28.048999999999978,,13518,"[954, 270]",False,Left,True,0.0,False,,False,"[[1152, 18], [1314, 36], [774, 54], [936, 126], [1206, 432], [1026, 468], [1332, 558], [1170, 558], [936, 810]]",,"[[642, 390]]",,0.4410251199461509,0.27692473654088445
1689,5,3,28.06600000000003,,13518,"[954, 270]",False,Left,True,0.0,False,,False,"[[1158, 12], [1320, 30], [780, 48], [942, 120], [1212, 426], [1032, 462], [1338, 552], [1176, 552], [942, 804]]",,"[[648, 384]]",,0.4409240127502521,0.2781850147806799
1690,5,3,28.083000000000084,,13518,"[954, 270]",False,Left,True,0.0,False,,False,"[[1164, 6], [1326, 24], [786, 42], [948, 114], [1218, 420], [1038, 456], [1344, 546], [1182, 546], [948, 798]]",,"[[654, 378]]",,0.4406200085728722,0.2795115207991614
1691,5,3,28.098999999999933,,13518,"[954, 270]",False,Left,True,0.0,False,,False,"[[1170, 0], [1332, 18], [792, 36], [954, 108], [1224, 414], [1044, 450], [1350, 540], [1188, 540], [954, 792]]",,"[[660, 372]]",,0.4410555504059871,0.2809661534934108
1692,5,3,28.116999999999962,,13518,"[954, 270]",False,Left,True,0.0,False,,False,"[[1338, 12], [798, 30], [960, 102], [1230, 408], [1050, 444], [1356, 534], [1194, 534], [960, 786]]",,"[[666, 366]]",,0.44124637154902446,0.2818404925087814
1693,5,3,28.133000000000038,,13518,"[954, 270]",False,Left,True,0.0,False,,False,"[[1344, 6], [804, 24], [966, 96], [1236, 402], [1056, 438], [1362, 528], [1200, 528], [966, 780]]",,"[[672, 360]]",,0.4414202080122321,0.28133346091494094
1694,5,3,28.15000000000009,,13518,"[954, 270]",False,Left,True,0.0,False,,False,"[[1350, 0], [810, 18], [972, 90], [1242, 396], [1062, 432], [1368, 522], [1206, 522], [972, 774], [1116, 810]]",,"[[678, 354]]",,0.439356120585804,0.26937809621012687
1695,5,3,28.166999999999916,,13518,"[954, 270]",False,Left,True,0.0,False,,False,"[[816, 12], [978, 84], [1248, 390], [1068, 426], [1374, 516], [1212, 516], [978, 768], [1122, 804]]",,"[[684, 348]]",,0.4373757823768698,0.2646712538913464
1696,5,3,28.18399999999997,,13518,"[954, 270]",False,Left,True,0.0,False,,False,"[[822, 6], [984, 78], [1254, 384], [1074, 420], [1380, 510], [1218, 510], [984, 762], [1128, 798]]",,"[[690, 342]]",,0.43819277228670456,0.2653982939214008
1697,5,3,28.201000000000022,,13518,"[954, 270]",False,Left,True,0.0,False,,False,"[[828, 0], [990, 72], [1260, 378], [1080, 414], [1386, 504], [1224, 504], [990, 756], [1134, 792]]",,"[[696, 336]]",,0.43879823507432836,0.26589027195213033
1698,5,3,28.218000000000075,,13518,"[954, 270]",False,Left,True,0.0,False,,False,"[[996, 66], [1266, 372], [1086, 408], [1392, 498], [1230, 498], [996, 750], [1140, 786]]",,"[[702, 330]]",,0.43883917644182563,0.2647908414591721
1699,5,3,28.233999999999924,,13518,"[954, 270]",False,Left,True,0.0,False,,False,"[[1002, 60], [1272, 366], [1092, 402], [1398, 492], [1236, 492], [1002, 744], [1146, 780]]",,"[[708, 324]]",,0.4396278485679577,0.2658852019137051
1700,5,3,28.250999999999976,,13518,"[954, 270]",False,Left,True,0.0,False,,False,"[[1008, 54], [1278, 360], [1098, 396], [1404, 486], [1242, 486], [1008, 738], [1152, 774]]",,"[[714, 318]]",,0.44080323377602165,0.2700448427953761
1701,5,3,28.26800000000003,,13518,"[954, 270]",False,Left,True,0.0,False,,False,"[[1014, 48], [1284, 354], [1104, 390], [1410, 480], [1248, 480], [1014, 732], [1158, 768]]",,"[[720, 312]]",,0.44098973762345517,0.2718026733275132
1702,5,3,28.284000000000106,,13518,"[954, 270]",False,Left,True,-1.0,False,,False,"[[1020, 42], [1290, 348], [1110, 384], [1416, 474], [1254, 474], [1020, 726], [1164, 762]]",,"[[726, 306]]",,0.44098973762345517,0.2718026733275132
1703,5,3,28.299999999999955,,13518,"[954, 270]",False,Left,True,-1.0,False,,False,"[[1026, 36], [1296, 342], [1116, 378], [1422, 468], [1260, 468], [1026, 720], [1170, 756]]",,"[[726, 300]]",,0.4409422233986616,0.27194710223370067
1704,5,3,28.31600000000003,,13518,"[954, 270]",False,Left,True,-1.0,False,,False,"[[1026, 30], [1296, 336], [1116, 372], [1422, 462], [1260, 462], [1026, 714], [1170, 750]]",,"[[726, 294]]",,0.4408102460513509,0.2729635717021177
1705,5,3,28.333000000000084,,13518,"[954, 270]",False,Left,True,-1.0,False,,False,"[[1026, 24], [1296, 330], [1116, 366], [1422, 456], [1260, 456], [1026, 708], [1170, 744]]",,"[[726, 288]]",,0.44110485779181713,0.27257759478367816
1706,5,3,28.34999999999991,,13518,"[954, 270]",False,Left,True,-1.0,False,,False,"[[1026, 18], [1296, 324], [1116, 360], [1422, 450], [1260, 450], [1026, 702], [1170, 738]]",,"[[726, 282]]",,0.44103930295450045,0.2725386909125136
1707,5,3,28.366999999999962,,13518,"[954, 270]",False,Left,True,-1.0,False,,False,"[[1026, 12], [1296, 318], [1116, 354], [1422, 444], [1260, 444], [1026, 696], [1170, 732]]",,"[[726, 276]]",,0.44081124004533195,0.27303719400816595
1708,5,3,28.383000000000038,,13518,"[954, 270]",False,Left,True,-1.0,False,,False,"[[1026, 6], [1296, 312], [1116, 348], [1422, 438], [1260, 438], [1026, 690], [1170, 726]]",,"[[726, 270]]",,0.4407280293678964,0.27284235182237404
1709,5,3,28.40000000000009,,13518,"[954, 270]",False,Left,True,-1.0,False,,False,"[[1026, 0], [1296, 306], [1116, 342], [1422, 432], [1260, 432], [1026, 684], [1170, 720], [1314, 810]]",,"[[726, 264]]",,0.4407321620420056,0.2732735508268386
1710,5,3,28.414999999999964,,13518,"[954, 270]",False,Left,True,-1.0,False,,False,"[[1296, 300], [1116, 336], [1422, 426], [1260, 426], [1026, 678], [1170, 714], [1314, 804]]",,"[[726, 258]]",,0.4418109531459704,0.27638705905095895
1711,5,3,28.432000000000016,,13518,"[954, 270]",False,Left,True,-1.0,False,,False,"[[1296, 294], [1116, 330], [1422, 420], [1260, 420], [1026, 672], [1170, 708], [1314, 798]]",,"[[726, 252]]",,0.44193099303040706,0.27626383431238677
1712,5,3,28.450000000000045,,13518,"[954, 270]",False,Left,True,-1.0,False,,False,"[[1296, 288], [1116, 324], [1422, 414], [1260, 414], [1026, 666], [1170, 702], [1314, 792]]",,"[[726, 246]]",,0.37404298542949094,0.3246747575542468
1713,5,3,28.468000000000075,,13518,"[954, 270]",False,Left,True,-1.0,False,,False,"[[1296, 282], [1116, 318], [1422, 408], [1260, 408], [1026, 660], [1170, 696], [1314, 786]]",,"[[726, 240]]",,0.4505618851576584,0.25530334013217304
1714,5,3,28.483999999999924,,13518,"[954, 270]",False,Left,True,-1.0,False,,False,"[[1296, 276], [1116, 312], [1422, 402], [1260, 402], [1026, 654], [1170, 690], [1314, 780]]",,"[[726, 234]]",,0.4505618851576584,0.25530334013217304
1715,5,3,28.500999999999976,,13518,"[954, 270]",False,,True,-1.0,False,,False,"[[1296, 270], [1116, 306], [1422, 396], [1260, 396], [1026, 648], [1170, 684], [1314, 774], [990, 810]]",,"[[720, 228]]",,0.450845663020656,0.2551165820950685
1716,5,3,28.519000000000005,,13518,"[954, 270]",False,,True,-1.0,False,,False,"[[1290, 264], [1110, 300], [1416, 390], [1254, 390], [1020, 642], [1164, 678], [1308, 768], [984, 804]]",,"[[714, 222]]",,0.4524466731660236,0.2544980178701779
1717,5,3,28.536000000000058,,13518,"[954, 270]",False,,True,-1.0,False,,False,"[[1284, 258], [1104, 294], [1410, 384], [1248, 384], [1014, 636], [1158, 672], [1302, 762], [978, 798]]",,"[[708, 216]]",,0.4530827333018134,0.25621130051673524
1718,5,3,28.551999999999907,,13518,"[954, 270]",False,,True,-1.0,False,,False,"[[1278, 252], [1098, 288], [1404, 378], [1242, 378], [1008, 630], [1152, 666], [1296, 756], [972, 792]]",,"[[702, 210]]",,0.4530827333018134,0.25621130051673524
1719,5,3,28.569999999999936,,13518,"[954, 270]",False,,True,-1.0,False,,False,"[[1272, 246], [1092, 282], [1398, 372], [1236, 372], [1002, 624], [1146, 660], [1290, 750], [966, 786]]",,"[[696, 204]]",,0.45298137009404715,0.2570118629111413
1720,5,3,28.586000000000013,,13518,"[954, 270]",False,,True,-1.0,False,,False,"[[1266, 240], [1086, 276], [1392, 366], [1230, 366], [996, 618], [1140, 654], [1284, 744], [960, 780]]",,"[[690, 198]]",,0.45336780931075316,0.2580782434505974
1721,5,3,28.604000000000042,,13518,"[954, 270]",False,Left,True,-1.0,False,,False,"[[1260, 234], [1080, 270], [1386, 360], [1224, 360], [990, 612], [1134, 648], [1278, 738], [954, 774]]",,"[[690, 192]]",,0.45374113406007544,0.2601650508942557
1722,5,3,28.618999999999915,,13518,"[954, 270]",False,Left,True,-1.0,False,,False,"[[1260, 228], [1080, 264], [1386, 354], [1224, 354], [990, 606], [1134, 642], [1278, 732], [954, 768]]",,"[[690, 186]]",,0.4537974943801132,0.2600997100035495
1723,5,3,28.63499999999999,,13518,"[954, 270]",False,Left,True,-1.0,False,,False,"[[1260, 222], [1080, 258], [1386, 348], [1224, 348], [990, 600], [1134, 636], [1278, 726], [954, 762]]",,"[[690, 180]]",,0.4517623247690163,0.3268117606699502
1724,5,3,28.652000000000044,,13518,"[954, 270]",False,Left,True,-1.0,False,,False,"[[1260, 216], [1080, 252], [1386, 342], [1224, 342], [990, 594], [1134, 630], [1278, 720], [954, 756]]",,"[[690, 174]]",,0.4536518174420433,0.2618630686369122
1725,5,3,28.666999999999916,,13518,"[954, 270]",False,Left,True,-1.0,False,,False,"[[1260, 210], [1080, 246], [1386, 336], [1224, 336], [990, 588], [1134, 624], [1278, 714], [954, 750]]",,"[[690, 168]]",,0.4536518174420433,0.2618630686369122
1726,5,3,28.682999999999993,,13518,"[954, 270]",False,Left,True,-1.0,False,,False,"[[1260, 204], [1080, 240], [1386, 330], [1224, 330], [990, 582], [1134, 618], [1278, 708], [954, 744]]",,"[[690, 162]]",,0.4527784491125334,0.26473263061022234
1727,5,3,28.700000000000045,,13518,"[954, 270]",False,Left,True,-1.0,False,,False,"[[1260, 198], [1080, 234], [1386, 324], [1224, 324], [990, 576], [1134, 612], [1278, 702], [954, 738]]",,"[[690, 156]]",,0.37998721913315586,0.324418451702866
1728,5,3,28.7170000000001,,13518,"[954, 270]",False,Left,True,-1.0,False,,False,"[[1260, 192], [1080, 228], [1386, 318], [1224, 318], [990, 570], [1134, 606], [1278, 696], [954, 732]]",,"[[690, 150]]",,0.45259356426808894,0.2662327829125928
1729,5,3,28.733999999999924,,13518,"[954, 270]",False,Left,True,-1.0,False,,False,"[[1260, 186], [1080, 222], [1386, 312], [1224, 312], [990, 564], [1134, 600], [1278, 690], [954, 726]]",,"[[690, 144]]",,0.4526043517627726,0.26776876873193456
1730,5,3,28.75,,13518,"[954, 270]",False,Left,True,-1.0,False,,False,"[[1260, 180], [1080, 216], [1386, 306], [1224, 306], [990, 558], [1134, 594], [1278, 684], [954, 720]]",,"[[690, 138]]",,0.452497090155481,0.2671862017978853
1731,5,3,28.766000000000076,,13518,"[954, 270]",False,Left,True,-1.0,False,,False,"[[1260, 174], [1080, 210], [1386, 300], [1224, 300], [990, 552], [1134, 588], [1278, 678], [954, 714]]",,"[[690, 132]]",,0.452497090155481,0.2671862017978853
1732,5,3,28.7829999999999,,13518,"[954, 270]",False,Left,True,-1.0,False,,False,"[[1260, 168], [1080, 204], [1386, 294], [1224, 294], [990, 546], [1134, 582], [1278, 672], [954, 708]]",,"[[690, 126]]",,0.45354800389200395,0.26971580383759575
1733,5,3,28.798999999999978,,13518,"[954, 270]",False,,True,-1.0,False,,False,"[[1260, 162], [1080, 198], [1386, 288], [1224, 288], [990, 540], [1134, 576], [1278, 666], [954, 702]]",,"[[684, 120]]",,0.45354800389200395,0.26971580383759575
1734,5,3,28.81600000000003,,13518,"[954, 270]",False,,True,-1.0,False,,False,"[[1254, 156], [1074, 192], [1380, 282], [1218, 282], [984, 534], [1128, 570], [1272, 660], [948, 696]]",,"[[678, 114]]",,0.45372475281546165,0.27185418950892215
1735,5,3,28.833000000000084,,13518,"[954, 270]",False,,True,-1.0,False,,False,"[[1248, 150], [1068, 186], [1374, 276], [1212, 276], [978, 528], [1122, 564], [1266, 654], [942, 690]]",,"[[672, 108]]",,0.45372475281546165,0.27185418950892215
1736,5,3,28.84999999999991,,13518,"[954, 270]",False,,True,-1.0,False,,False,"[[1242, 144], [1062, 180], [1368, 270], [1206, 270], [972, 522], [1116, 558], [1260, 648], [936, 684]]",,"[[666, 102]]",,0.45422431962538284,0.27360501542167304
1737,5,3,28.865999999999985,,13518,"[954, 270]",False,,True,-1.0,False,,False,"[[1236, 138], [1056, 174], [1362, 264], [1200, 264], [966, 516], [1110, 552], [1254, 642], [930, 678]]",,"[[660, 96]]",,0.45422431962538284,0.27360501542167304
1738,5,3,28.883000000000038,,13518,"[954, 270]",False,,True,-1.0,False,,False,"[[1230, 132], [1050, 168], [1356, 258], [1194, 258], [960, 510], [1104, 546], [1248, 636], [924, 672]]",,"[[654, 90]]",,0.45383929611601354,0.27514076768048357
1739,5,3,28.899000000000115,,13518,"[954, 270]",False,,True,-1.0,False,,False,"[[1224, 126], [1044, 162], [1350, 252], [1188, 252], [954, 504], [1098, 540], [1242, 630], [918, 666]]",,"[[648, 84]]",,0.45383929611601354,0.27514076768048357
1740,5,3,28.91599999999994,,13518,"[954, 270]",False,,True,-1.0,False,,False,"[[1218, 120], [1038, 156], [1344, 246], [1182, 246], [948, 498], [1092, 534], [1236, 624], [912, 660]]",,"[[642, 78]]",,0.4536817027090493,0.2761709480803004
1741,5,3,28.932999999999993,,13518,"[954, 270]",False,,True,-1.0,False,,False,"[[1212, 114], [1032, 150], [1338, 240], [1176, 240], [942, 492], [1086, 528], [1230, 618], [906, 654]]",,"[[636, 72]]",,0.4536817027090493,0.2761709480803004
1742,5,3,28.94900000000007,,13518,"[954, 270]",False,,True,-1.0,False,,False,"[[1206, 108], [1026, 144], [1332, 234], [1170, 234], [936, 486], [1080, 522], [1224, 612], [900, 648]]",,"[[630, 66]]",,0.44749788466218365,0.2635513186479851
1743,5,3,28.964999999999918,,13518,"[954, 270]",False,,True,-1.0,False,,False,"[[1200, 102], [1020, 138], [1326, 228], [1164, 228], [930, 480], [1074, 516], [1218, 606], [894, 642]]",,"[[624, 60]]",,0.44749788466218365,0.2635513186479851
1744,5,3,28.98199999999997,,13518,"[954, 270]",False,Left,True,-1.0,False,,False,"[[1194, 96], [1014, 132], [1320, 222], [1158, 222], [924, 474], [1068, 510], [1212, 600], [888, 636]]",,"[[624, 54]]",,0.3714659935152267,0.3238210304824064
1745,5,3,28.999000000000024,,13518,"[954, 270]",False,Left,True,-1.0,False,,False,"[[1194, 90], [1014, 126], [1320, 216], [1158, 216], [924, 468], [1068, 504], [1212, 594], [888, 630], [996, 810]]",,"[[624, 48]]",,0.3714659935152267,0.3238210304824064
1746,5,3,29.016000000000076,,13518,"[954, 270]",False,Left,True,-1.0,False,,False,"[[1194, 84], [1014, 120], [1320, 210], [1158, 210], [924, 462], [1068, 498], [1212, 588], [888, 624], [996, 804]]",,"[[624, 42]]",,0.4459903328635365,0.260408089784835
1747,5,3,29.0329999999999,,13518,"[954, 270]",False,Left,True,-1.0,False,,False,"[[1194, 78], [1014, 114], [1320, 204], [1158, 204], [924, 456], [1068, 492], [1212, 582], [888, 618], [996, 798]]",,"[[624, 36]]",,0.4459903328635365,0.260408089784835
1748,5,3,29.049999999999955,,13518,"[954, 270]",False,Left,True,-1.0,False,,False,"[[1194, 72], [1014, 108], [1320, 198], [1158, 198], [924, 450], [1068, 486], [1212, 576], [888, 612], [996, 792]]",,"[[624, 30]]",,0.44578923447163554,0.26272789815065023
1749,5,3,29.06600000000003,,13518,"[954, 270]",False,Left,True,-1.0,False,,False,"[[1194, 66], [1014, 102], [1320, 192], [1158, 192], [924, 444], [1068, 480], [1212, 570], [888, 606], [996, 786]]",,"[[624, 24]]",,0.44578923447163554,0.26272789815065023
1750,5,3,29.083000000000084,,13518,"[954, 270]",False,Left,True,-1.0,False,,False,"[[1194, 60], [1014, 96], [1320, 186], [1158, 186], [924, 438], [1068, 474], [1212, 564], [888, 600], [996, 780]]",,"[[624, 18]]",,0.4453496783647902,0.26561007716404417
1751,5,3,29.101000000000113,,13518,"[954, 270]",False,,True,-1.0,False,,False,"[[1194, 54], [1014, 90], [1320, 180], [1158, 180], [924, 432], [1068, 468], [1212, 558], [888, 594], [996, 774]]",,"[[618, 12]]",,0.4453496783647902,0.26561007716404417
1752,5,3,29.115999999999985,,13518,"[954, 270]",False,,True,-1.0,False,,False,"[[1188, 48], [1008, 84], [1314, 174], [1152, 174], [918, 426], [1062, 462], [1206, 552], [882, 588], [990, 768]]",,"[[612, 6]]",,0.44475432982957697,0.2695499352770293
1753,5,3,29.133000000000038,,13518,"[954, 270]",False,,True,0.0,False,,False,"[[1182, 42], [1002, 78], [1308, 168], [1146, 168], [912, 420], [1056, 456], [1200, 546], [876, 582], [984, 762]]",,"[[606, 0]]",,0.44475432982957697,0.2695499352770293
1754,5,3,29.15000000000009,,13518,"[954, 270]",False,,True,0.0,False,,False,"[[1176, 36], [996, 72], [1302, 162], [1140, 162], [906, 414], [1050, 450], [1194, 540], [870, 576], [978, 756]]",,[],,0.44518151456717464,0.2712979789630312
1755,5,3,29.16599999999994,,13518,"[954, 270]",False,,True,0.0,False,,False,"[[1176, 30], [996, 66], [1302, 156], [1140, 156], [906, 408], [1050, 444], [1194, 534], [870, 570], [978, 750]]",,[],,0.44518151456717464,0.2712979789630312
1756,5,3,29.182999999999993,,13518,"[954, 270]",False,,True,0.0,False,,False,"[[1176, 24], [996, 60], [1302, 150], [1140, 150], [906, 402], [1050, 438], [1194, 528], [870, 564], [978, 744]]",,[],,0.4451658591269451,0.2719610835189942
1757,5,3,29.200000000000045,,13518,"[954, 270]",False,,True,0.0,False,,False,"[[1176, 18], [996, 54], [1302, 144], [1140, 144], [906, 396], [1050, 432], [1194, 522], [870, 558], [978, 738]]",,[],,0.4451658591269451,0.2719610835189942
1758,5,3,29.215999999999894,,13518,"[954, 270]",False,,True,0.0,False,,False,"[[1176, 12], [996, 48], [1302, 138], [1140, 138], [906, 390], [1050, 426], [1194, 516], [870, 552], [978, 732]]",,[],,0.44508875371578654,0.27215141888684735
1759,5,3,29.233999999999924,,13518,"[954, 270]",False,,True,0.0,False,,False,"[[1176, 6], [996, 42], [1302, 132], [1140, 132], [906, 384], [1050, 420], [1194, 510], [870, 546], [978, 726]]",,[],,0.44508875371578654,0.27215141888684735
1760,5,3,29.250999999999976,,13518,"[954, 270]",False,,True,0.0,False,,False,"[[1176, 0], [996, 36], [1302, 126], [1140, 126], [906, 378], [1050, 414], [1194, 504], [870, 540], [978, 720], [960, 810]]",,[],,0.44412799185522756,0.2720908498033616
1761,5,3,29.26800000000003,,13518,"[954, 270]",False,,True,0.0,False,,False,"[[996, 30], [1302, 120], [1140, 120], [906, 372], [1050, 408], [1194, 498], [870, 534], [978, 714], [960, 804]]",,[],,0.44412799185522756,0.2720908498033616
1762,5,3,29.284000000000106,,13518,"[954, 270]",False,,True,0.0,False,,False,"[[996, 24], [1302, 114], [1140, 114], [906, 366], [1050, 402], [1194, 492], [870, 528], [978, 708], [960, 798]]",,[],,0.44363370215271497,0.27244248457382914
1763,5,3,29.30099999999993,,13518,"[954, 270]",False,,True,0.0,False,,False,"[[996, 18], [1302, 108], [1140, 108], [906, 360], [1050, 396], [1194, 486], [870, 522], [978, 702], [960, 792]]",,[],,0.44363370215271497,0.27244248457382914
1764,5,3,29.317000000000007,,13518,"[954, 270]",False,,True,0.0,False,,False,"[[996, 12], [1302, 102], [1140, 102], [906, 354], [1050, 390], [1194, 480], [870, 516], [978, 696], [960, 786]]",,[],,0.44347882498536917,0.2738535135819513
1765,5,3,29.33400000000006,,13518,"[954, 270]",False,,True,0.0,False,,False,"[[996, 6], [1302, 96], [1140, 96], [906, 348], [1050, 384], [1194, 474], [870, 510], [978, 690], [960, 780]]",,[],,0.44347882498536917,0.2738535135819513
1766,5,3,29.351000000000113,,13518,"[954, 270]",False,,True,0.0,False,,False,"[[996, 0], [1302, 90], [1140, 90], [906, 342], [1050, 378], [1194, 468], [870, 504], [978, 684], [960, 774]]",,[],,0.443967921229962,0.2760849358133064
1767,5,3,29.367999999999938,,13518,"[954, 270]",False,,True,0.0,False,,False,"[[1302, 84], [1140, 84], [906, 336], [1050, 372], [1194, 462], [870, 498], [978, 678], [960, 768]]",,[],,0.443967921229962,0.2760849358133064
1768,5,3,29.384000000000015,,13518,"[954, 270]",False,,True,0.0,False,,False,"[[1302, 78], [1140, 78], [906, 330], [1050, 366], [1194, 456], [870, 492], [978, 672], [960, 762]]",,[],,0.4452152939795823,0.27382488721846987
1769,5,3,29.401000000000067,,13518,"[954, 270]",False,,True,0.0,False,,False,"[[1302, 72], [1140, 72], [906, 324], [1050, 360], [1194, 450], [870, 486], [978, 666], [960, 756], [798, 810]]",,[],,0.4452152939795823,0.27382488721846987
1770,5,3,29.417999999999893,,13518,"[954, 270]",False,,True,0.0,False,,False,"[[1302, 66], [1140, 66], [906, 318], [1050, 354], [1194, 444], [870, 480], [978, 660], [960, 750], [798, 804]]",,[],,0.448075383856619,0.2567082226091927
1771,5,3,29.434999999999945,,13518,"[954, 270]",False,,True,0.0,False,,False,"[[1302, 60], [1140, 60], [906, 312], [1050, 348], [1194, 438], [870, 474], [978, 654], [960, 744], [798, 798]]",,[],,0.447353158068825,0.2572552767878584
1772,5,3,29.451000000000022,,13518,"[954, 270]",False,,True,0.0,False,,False,"[[1302, 54], [1140, 54], [906, 306], [1050, 342], [1194, 432], [870, 468], [978, 648], [960, 738], [798, 792]]",,[],,0.4482344784168603,0.2574693985740568
1773,5,3,29.4670000000001,,13518,"[954, 270]",False,,True,0.0,False,,False,"[[1302, 48], [1140, 48], [906, 300], [1050, 336], [1194, 426], [870, 462], [978, 642], [960, 732], [798, 786]]",,[],,0.4482344784168603,0.2574693985740568
1774,5,3,29.4849999999999,,13518,"[954, 270]",False,,True,0.0,False,,False,"[[1302, 42], [1140, 42], [906, 294], [1050, 330], [1194, 420], [870, 456], [978, 636], [960, 726], [798, 780]]",,[],,0.4495770718757696,0.25757577513762586
1775,5,3,29.501999999999953,,13518,"[954, 270]",False,,True,0.0,False,,False,"[[1302, 36], [1140, 36], [906, 288], [1050, 324], [1194, 414], [870, 450], [978, 630], [960, 720], [798, 774]]",,[],,0.4495770718757696,0.25757577513762586
1776,5,3,29.51800000000003,,13518,"[954, 270]",False,,True,0.0,False,,False,"[[1302, 30], [1140, 30], [906, 282], [1050, 318], [1194, 408], [870, 444], [978, 624], [960, 714], [798, 768]]",,[],,0.4503652351473594,0.2605289107443882
1777,5,3,29.535000000000082,,13518,"[954, 270]",False,,True,0.0,False,,False,"[[1302, 24], [1140, 24], [906, 276], [1050, 312], [1194, 402], [870, 438], [978, 618], [960, 708], [798, 762]]",,"[[1512, 810]]",,0.4503652351473594,0.2605289107443882
1778,5,3,29.549999999999955,,13518,"[954, 270]",False,,True,0.0,False,,False,"[[1302, 18], [1140, 18], [906, 270], [1050, 306], [1194, 396], [870, 432], [978, 612], [960, 702], [798, 756], [780, 810]]",,"[[1512, 804]]",,0.4503894685224205,0.2633814683407075
1779,5,3,29.56600000000003,,13518,"[954, 270]",False,,True,0.0,False,,False,"[[1302, 12], [1140, 12], [906, 264], [1050, 300], [1194, 390], [870, 426], [978, 606], [960, 696], [798, 750], [780, 804]]",,"[[1512, 798]]",,0.4503894685224205,0.2633814683407075
1780,5,3,29.582000000000107,,13518,"[954, 270]",False,,True,0.0,False,,False,"[[1302, 6], [1140, 6], [906, 258], [1050, 294], [1194, 384], [870, 420], [978, 600], [960, 690], [798, 744], [780, 798]]",,"[[1512, 792]]",,0.4498034514007263,0.2657286366061582
1781,5,3,29.597999999999956,,13518,"[954, 270]",False,,True,0.0,False,,False,"[[1302, 0], [1140, 0], [906, 252], [1050, 288], [1194, 378], [870, 414], [978, 594], [960, 684], [798, 738], [780, 792]]",,"[[1512, 786]]",,0.4498034514007263,0.2657286366061582
1782,5,3,29.61500000000001,,13518,"[954, 270]",False,,True,0.0,False,,False,"[[906, 246], [1050, 282], [1194, 372], [870, 408], [978, 588], [960, 678], [798, 732], [780, 786]]",,"[[1512, 780]]",,0.44986874368802077,0.2682067666072978
1783,5,3,29.632000000000062,,13518,"[954, 270]",False,,True,0.0,False,,False,"[[906, 240], [1050, 276], [1194, 366], [870, 402], [978, 582], [960, 672], [798, 726], [780, 780]]",,"[[1512, 774]]",,0.44986874368802077,0.2682067666072978
1784,5,3,29.65000000000009,,13518,"[954, 270]",False,,True,0.0,False,,False,"[[906, 234], [1050, 270], [1194, 360], [870, 396], [978, 576], [960, 666], [798, 720], [780, 774], [1122, 810]]",,"[[1512, 768]]",,0.44932522329768665,0.2685444268620333
1785,5,3,29.666999999999916,,13518,"[954, 270]",False,,True,0.0,False,,False,"[[906, 228], [1050, 264], [1194, 354], [870, 390], [978, 570], [960, 660], [798, 714], [780, 768], [1122, 804]]",,"[[1512, 762]]",,0.44932522329768665,0.2685444268620333
1786,5,3,29.68399999999997,,13518,"[954, 270]",False,,True,0.0,False,,False,"[[906, 222], [1050, 258], [1194, 348], [870, 384], [978, 564], [960, 654], [798, 708], [780, 762], [1122, 798]]",,"[[1512, 756]]",,0.44882075583922754,0.2694750920835173
1787,5,3,29.701000000000022,,13518,"[954, 270]",False,,True,0.0,False,,False,"[[906, 216], [1050, 252], [1194, 342], [870, 378], [978, 558], [960, 648], [798, 702], [780, 756], [1122, 792]]",,"[[1512, 750]]",,0.44882075583922754,0.2694750920835173
1788,5,3,29.7170000000001,,13518,"[954, 270]",False,,True,0.0,False,,False,"[[906, 210], [1050, 246], [1194, 336], [870, 372], [978, 552], [960, 642], [798, 696], [780, 750], [1122, 786]]",,"[[1512, 744]]",,0.4478236757364564,0.2703160628815967
1789,5,3,29.732999999999947,,13518,"[954, 270]",False,,True,0.0,False,,False,"[[906, 204], [1050, 240], [1194, 330], [870, 366], [978, 546], [960, 636], [798, 690], [780, 744], [1122, 780]]",,"[[1512, 738]]",,0.4478236757364564,0.2703160628815967
1790,5,3,29.749000000000024,,13518,"[954, 270]",False,,True,0.0,False,,False,"[[906, 198], [1050, 234], [1194, 324], [870, 360], [978, 540], [960, 630], [798, 684], [780, 738], [1122, 774]]",,"[[1512, 732]]",,0.44839514339792175,0.2730701963686488
1791,5,3,29.766000000000076,,13518,"[954, 270]",False,,True,0.0,False,,False,"[[906, 192], [1050, 228], [1194, 318], [870, 354], [978, 534], [960, 624], [798, 678], [780, 732], [1122, 768]]",,"[[1512, 726]]",,0.44839514339792175,0.2730701963686488
1792,5,3,29.7829999999999,,13518,"[954, 270]",False,,True,0.0,False,,False,"[[906, 186], [1050, 222], [1194, 312], [870, 348], [978, 528], [960, 618], [798, 672], [780, 726], [1122, 762]]",,"[[1512, 720]]",,0.4486251315742263,0.2754014977188053
1793,5,3,29.799999999999955,,13518,"[954, 270]",False,,True,0.0,False,,False,"[[906, 180], [1050, 216], [1194, 306], [870, 342], [978, 522], [960, 612], [798, 666], [780, 720], [1122, 756], [1086, 810]]",,"[[1512, 714]]",,0.4486251315742263,0.2754014977188053
1794,5,3,29.81600000000003,,13518,"[954, 270]",False,,True,0.0,False,,False,"[[906, 174], [1050, 210], [1194, 300], [870, 336], [978, 516], [960, 606], [798, 660], [780, 714], [1122, 750], [1086, 804]]",,"[[1512, 708]]",,0.4436330998303708,0.2597871699759202
1795,5,3,29.833000000000084,,13518,"[954, 270]",False,,True,0.0,False,,False,"[[906, 168], [1050, 204], [1194, 294], [870, 330], [978, 510], [960, 600], [798, 654], [780, 708], [1122, 744], [1086, 798]]",,"[[1512, 702]]",,0.4437024479520252,0.25374580299736826
1796,5,3,29.84999999999991,,13518,"[954, 270]",False,,True,0.0,False,,False,"[[906, 162], [1050, 198], [1194, 288], [870, 324], [978, 504], [960, 594], [798, 648], [780, 702], [1122, 738], [1086, 792]]",,"[[1512, 696]]",,0.4427361893348654,0.248837689218533
1797,5,3,29.865999999999985,,13518,"[954, 270]",False,,True,0.0,False,,False,"[[906, 156], [1050, 192], [1194, 282], [870, 318], [978, 498], [960, 588], [798, 642], [780, 696], [1122, 732], [1086, 786]]",,"[[1512, 690]]",,0.4427361893348654,0.248837689218533
1798,5,3,29.882000000000062,,13518,"[954, 270]",False,,True,0.0,False,,False,"[[906, 150], [1050, 186], [1194, 276], [870, 312], [978, 492], [960, 582], [798, 636], [780, 690], [1122, 726], [1086, 780]]",,"[[1512, 684]]",,0.44218013755415664,0.24687688234176985
1799,5,3,29.899000000000115,,13518,"[954, 270]",False,,True,0.0,False,,False,"[[906, 144], [1050, 180], [1194, 270], [870, 306], [978, 486], [960, 576], [798, 630], [780, 684], [1122, 720], [1086, 774]]",,"[[1512, 678]]",,0.44218013755415664,0.24687688234176985
1800,5,3,29.914999999999964,,13518,"[954, 270]",False,,True,0.0,False,,False,"[[906, 138], [1050, 174], [1194, 264], [870, 300], [978, 480], [960, 570], [798, 624], [780, 678], [1122, 714], [1086, 768]]",,"[[1512, 672]]",,0.442223671381136,0.24598537414717292
1801,5,3,29.93100000000004,,13518,"[954, 270]",False,,True,0.0,False,,False,"[[906, 132], [1050, 168], [1194, 258], [870, 294], [978, 474], [960, 564], [798, 618], [780, 672], [1122, 708], [1086, 762]]",,"[[1512, 666]]",,0.442223671381136,0.24598537414717292
1802,5,3,29.948000000000093,,13518,"[954, 270]",False,,True,0.0,False,,False,"[[906, 126], [1050, 162], [1194, 252], [870, 288], [978, 468], [960, 558], [798, 612], [780, 666], [1122, 702], [1086, 756]]",,"[[1512, 660]]",,0.441919160672647,0.2471834007350604
1803,5,3,29.964999999999918,,13518,"[954, 270]",False,Left,True,0.0,False,,False,"[[906, 120], [1050, 156], [1194, 246], [870, 282], [978, 462], [960, 552], [798, 606], [780, 660], [1122, 696], [1086, 750]]",,"[[1518, 654]]",,0.441919160672647,0.2471834007350604
1804,5,3,29.98199999999997,,13518,"[954, 270]",False,Left,True,0.0,False,,False,"[[912, 114], [1056, 150], [1200, 240], [876, 276], [984, 456], [966, 546], [804, 600], [786, 654], [1128, 690], [1092, 744]]",,"[[1524, 648]]",,0.44133051060642303,0.24991046917210247
1805,5,3,29.999000000000024,,13518,"[954, 270]",False,Left,True,0.0,False,,False,"[[918, 108], [1062, 144], [1206, 234], [882, 270], [990, 450], [972, 540], [810, 594], [792, 648], [1134, 684], [1098, 738]]",,"[[1530, 642]]",,0.44133051060642303,0.24991046917210247
1806,5,3,30.0150000000001,,13518,"[954, 270]",False,,True,0.0,False,,False,"[[924, 102], [1068, 138], [1212, 228], [888, 264], [996, 444], [978, 534], [816, 588], [798, 642], [1140, 678], [1104, 732]]",,"[[1530, 636]]",,0.44177498546231125,0.2518069188810802
1807,5,3,30.03099999999995,,13518,"[954, 270]",False,,True,0.0,False,,False,"[[924, 96], [1068, 132], [1212, 222], [888, 258], [996, 438], [978, 528], [816, 582], [798, 636], [1140, 672], [1104, 726]]",,"[[1530, 630]]",,0.44177498546231125,0.2518069188810802
1808,5,3,30.047000000000025,,13518,"[954, 270]",False,,True,0.0,False,,False,"[[924, 90], [1068, 126], [1212, 216], [888, 252], [996, 432], [978, 522], [816, 576], [798, 630], [1140, 666], [1104, 720]]",,"[[1530, 624]]",,0.438806240014667,0.3199265066741931
1809,5,3,30.064000000000078,,13518,"[954, 270]",False,,True,0.0,False,,False,"[[924, 84], [1068, 120], [1212, 210], [888, 246], [996, 426], [978, 516], [816, 570], [798, 624], [1140, 660], [1104, 714]]",,"[[1530, 618]]",,0.438806240014667,0.3199265066741931
1810,5,3,30.080999999999904,,13518,"[954, 270]",False,,True,0.0,False,,False,"[[924, 78], [1068, 114], [1212, 204], [888, 240], [996, 420], [978, 510], [816, 564], [798, 618], [1140, 654], [1104, 708]]",,"[[1530, 612]]",,0.44128810895106935,0.2548101472941602
1811,5,3,30.09699999999998,,13518,"[954, 270]",False,,True,0.0,False,,False,"[[924, 72], [1068, 108], [1212, 198], [888, 234], [996, 414], [978, 504], [816, 558], [798, 612], [1140, 648], [1104, 702]]",,"[[1530, 606]]",,0.4408901547918676,0.25627067423304417
1812,5,3,30.114000000000033,,13518,"[954, 270]",False,,True,0.0,False,,False,"[[924, 66], [1068, 102], [1212, 192], [888, 228], [996, 408], [978, 498], [816, 552], [798, 606], [1140, 642], [1104, 696]]",,"[[1530, 600]]",,0.4414543791398362,0.25900951788928395
1813,5,3,30.13000000000011,,13518,"[954, 270]",False,,True,0.0,False,,False,"[[924, 60], [1068, 96], [1212, 186], [888, 222], [996, 402], [978, 492], [816, 546], [798, 600], [1140, 636], [1104, 690]]",,"[[1530, 594]]",,0.4414543791398362,0.25900951788928395
1814,5,3,30.146999999999935,,13518,"[954, 270]",False,,True,0.0,False,,False,"[[924, 54], [1068, 90], [1212, 180], [888, 216], [996, 396], [978, 486], [816, 540], [798, 594], [1140, 630], [1104, 684]]",,"[[1530, 588]]",,0.44285465679683905,0.26353736676491746
1815,5,3,30.163999999999987,,13518,"[954, 270]",False,,True,0.0,False,,False,"[[924, 48], [1068, 84], [1212, 174], [888, 210], [996, 390], [978, 480], [816, 534], [798, 588], [1140, 624], [1104, 678]]",,"[[1530, 582]]",,0.44285465679683905,0.26353736676491746
1816,5,3,30.180000000000064,,13518,"[954, 270]",False,,True,0.0,False,,False,"[[924, 42], [1068, 78], [1212, 168], [888, 204], [996, 384], [978, 474], [816, 528], [798, 582], [1140, 618], [1104, 672]]",,"[[1530, 576]]",,0.44341704252718445,0.26535746046670994
1817,5,3,30.195999999999913,,13518,"[954, 270]",False,,True,0.0,False,,False,"[[924, 36], [1068, 72], [1212, 162], [888, 198], [996, 378], [978, 468], [816, 522], [798, 576], [1140, 612], [1104, 666]]",,"[[1530, 570]]",,0.443465046675808,0.2654942795792832
1818,5,3,30.212999999999965,,13518,"[954, 270]",False,,True,0.0,False,,False,"[[924, 30], [1068, 66], [1212, 156], [888, 192], [996, 372], [978, 462], [816, 516], [798, 570], [1140, 606], [1104, 660]]",,"[[1530, 564]]",,0.44371496453835757,0.2672728328234867
1819,5,3,30.230000000000018,,13518,"[954, 270]",False,,True,0.0,False,,False,"[[924, 24], [1068, 60], [1212, 150], [888, 186], [996, 366], [978, 456], [816, 510], [798, 564], [1140, 600], [1104, 654]]",,"[[1530, 558]]",,0.4437136368142573,0.26896720743294
1820,5,3,30.24700000000007,,13518,"[954, 270]",False,,True,0.0,False,,False,"[[924, 18], [1068, 54], [1212, 144], [888, 180], [996, 360], [978, 450], [816, 504], [798, 558], [1140, 594], [1104, 648]]",,"[[1530, 552]]",,0.4441086616066883,0.2724967783271087
1821,5,3,30.263999999999896,,13518,"[954, 270]",False,,True,0.0,False,,False,"[[924, 12], [1068, 48], [1212, 138], [888, 174], [996, 354], [978, 444], [816, 498], [798, 552], [1140, 588], [1104, 642]]",,"[[1530, 546]]",,0.4441086616066883,0.2724967783271087
1822,5,3,30.28099999999995,,13518,"[954, 270]",False,,True,0.0,False,,False,"[[924, 6], [1068, 42], [1212, 132], [888, 168], [996, 348], [978, 438], [816, 492], [798, 546], [1140, 582], [1104, 636]]",,"[[1530, 540]]",,0.44439026693368877,0.27538341129754285
1823,5,3,30.297000000000025,,13518,"[954, 270]",False,,True,0.0,False,,False,"[[924, 0], [1068, 36], [1212, 126], [888, 162], [996, 342], [978, 432], [816, 486], [798, 540], [1140, 576], [1104, 630]]",,"[[1530, 534]]",,0.4446278853540696,0.27553667201906407
1824,5,3,30.315000000000055,,13518,"[954, 270]",False,,True,0.0,False,,False,"[[1068, 30], [1212, 120], [888, 156], [996, 336], [978, 426], [816, 480], [798, 534], [1140, 570], [1104, 624]]",,"[[1530, 528]]",,0.44501043720410677,0.2786706446949381
1825,5,3,30.332000000000107,,13518,"[954, 270]",False,,True,0.0,False,,False,"[[1068, 24], [1212, 114], [888, 150], [996, 330], [978, 420], [816, 474], [798, 528], [1140, 564], [1104, 618]]",,"[[1530, 522]]",,0.44501043720410677,0.2786706446949381
1826,5,3,30.348999999999933,,13518,"[954, 270]",False,,True,0.0,False,,False,"[[1068, 18], [1212, 108], [888, 144], [996, 324], [978, 414], [816, 468], [798, 522], [1140, 558], [1104, 612]]",,"[[1530, 516]]",,0.44552533706125796,0.28047665496372143
1827,5,3,30.365999999999985,,13518,"[954, 270]",False,Left,True,0.0,False,,False,"[[1068, 12], [1212, 102], [888, 138], [996, 318], [978, 408], [816, 462], [798, 516], [1140, 552], [1104, 606]]",,"[[1536, 510]]",,0.4469536439882943,0.2682623852461
1828,5,3,30.383000000000038,,13518,"[954, 270]",False,Left,True,0.0,False,,False,"[[1074, 6], [1218, 96], [894, 132], [1002, 312], [984, 402], [822, 456], [804, 510], [1146, 546], [1110, 600]]",,"[[1542, 504]]",,0.4487890494901475,0.26768554223839425
1829,5,3,30.40000000000009,,13518,"[954, 270]",False,Left,True,0.0,False,,False,"[[1080, 0], [1224, 90], [900, 126], [1008, 306], [990, 396], [828, 450], [810, 504], [1152, 540], [1116, 594]]",,"[[1548, 498]]",,0.4487890494901475,0.26768554223839425
1830,5,3,30.416999999999916,,13518,"[954, 270]",False,Left,True,0.0,False,,False,"[[1230, 84], [906, 120], [1014, 300], [996, 390], [834, 444], [816, 498], [1158, 534], [1122, 588]]",,"[[1554, 492]]",,0.45004312873363944,0.2681750934462357
1831,5,3,30.43399999999997,,13518,"[954, 270]",False,Left,True,0.0,False,,False,"[[1236, 78], [912, 114], [1020, 294], [1002, 384], [840, 438], [822, 492], [1164, 528], [1128, 582]]",,"[[1560, 486]]",,0.45004312873363944,0.2681750934462357
1832,5,3,30.451000000000022,,13518,"[954, 270]",False,Left,True,0.0,False,,False,"[[1242, 72], [918, 108], [1026, 288], [1008, 378], [846, 432], [828, 486], [1170, 522], [1134, 576]]",,"[[1566, 480]]",,0.45082260831974424,0.2700048269048836
1833,5,3,30.4670000000001,,13518,"[954, 270]",False,Left,True,0.0,False,,False,"[[1248, 66], [924, 102], [1032, 282], [1014, 372], [852, 426], [834, 480], [1176, 516], [1140, 570]]",,"[[1572, 474]]",,0.45082260831974424,0.2700048269048836
1834,5,3,30.483999999999924,,13518,"[954, 270]",False,Left,True,0.0,False,,False,"[[1254, 60], [930, 96], [1038, 276], [1020, 366], [858, 420], [840, 474], [1182, 510], [1146, 564]]",,"[[1578, 468]]",,0.45075836625536664,0.27160520728078374
1835,5,3,30.5,,13518,"[954, 270]",False,Left,True,0.0,False,,False,"[[1260, 54], [936, 90], [1044, 270], [1026, 360], [864, 414], [846, 468], [1188, 504], [1152, 558]]",,"[[1584, 462]]",,0.45075836625536664,0.27160520728078374
1836,5,3,30.517000000000053,,13518,"[954, 270]",False,Left,True,0.0,False,,False,"[[1266, 48], [942, 84], [1050, 264], [1032, 354], [870, 408], [852, 462], [1194, 498], [1158, 552]]",,"[[1590, 456]]",,0.44981179379772096,0.2737302622890678
1837,5,3,30.534000000000106,,13518,"[954, 270]",False,Left,True,0.0,False,,False,"[[1272, 42], [948, 78], [1056, 258], [1038, 348], [876, 402], [858, 456], [1200, 492], [1164, 546]]",,"[[1596, 450]]",,0.44981179379772096,0.2737302622890678
1838,5,3,30.55099999999993,,13518,"[954, 270]",False,Left,True,0.0,False,,False,"[[1278, 36], [954, 72], [1062, 252], [1044, 342], [882, 396], [864, 450], [1206, 486], [1170, 540]]",,"[[1602, 444]]",,0.45026899217351,0.2758853458159436
1839,5,3,30.567999999999984,,13518,"[954, 270]",False,Left,True,0.0,False,,False,"[[1284, 30], [960, 66], [1068, 246], [1050, 336], [888, 390], [870, 444], [1212, 480], [1176, 534]]",,"[[1608, 438]]",,0.45026899217351,0.2758853458159436
1840,5,3,30.585000000000036,,13518,"[954, 270]",False,Left,True,0.0,False,,False,"[[1290, 24], [966, 60], [1074, 240], [1056, 330], [894, 384], [876, 438], [1218, 474], [1182, 528]]",,"[[1614, 432]]",,0.4513651808392189,0.2783617726370675
1841,5,3,30.60200000000009,,13518,"[954, 270]",False,Left,True,0.0,False,,False,"[[1296, 18], [972, 54], [1080, 234], [1062, 324], [900, 378], [882, 432], [1224, 468], [1188, 522]]",,"[[1620, 426]]",,0.4513651808392189,0.2783617726370675
1842,5,3,30.618999999999915,,13518,"[954, 270]",False,Left,True,0.0,False,,False,"[[1302, 12], [978, 48], [1086, 228], [1068, 318], [906, 372], [888, 426], [1230, 462], [1194, 516]]",,"[[1626, 420]]",,0.4515373505649868,0.2804449351126622
1843,5,3,30.635999999999967,,13518,"[954, 270]",False,,True,0.0,False,,False,"[[1308, 6], [984, 42], [1092, 222], [1074, 312], [912, 366], [894, 420], [1236, 456], [1200, 510]]",,"[[1626, 414]]",,0.45161313948711557,0.2808116032503578
1844,5,3,30.652000000000044,,13518,"[954, 270]",False,,True,0.0,False,,False,"[[1308, 0], [984, 36], [1092, 216], [1074, 306], [912, 360], [894, 414], [1236, 450], [1200, 504]]",,"[[1626, 408]]",,0.45013323017771273,0.2815684705230478
1845,5,3,30.667999999999893,,13518,"[954, 270]",False,Right,True,0.0,False,,False,"[[984, 30], [1092, 210], [1074, 300], [912, 354], [894, 408], [1236, 444], [1200, 498]]",,"[[1620, 402]]",,0.45013323017771273,0.2815684705230478
1846,5,3,30.684999999999945,,13518,"[954, 270]",False,Right,True,0.0,False,,False,"[[978, 24], [1086, 204], [1068, 294], [906, 348], [888, 402], [1230, 438], [1194, 492]]",,"[[1614, 396]]",,0.4499410132371374,0.2811244905006398
1847,5,3,30.701000000000022,,13518,"[954, 270]",False,Right,True,0.0,False,,False,"[[972, 18], [1080, 198], [1062, 288], [900, 342], [882, 396], [1224, 432], [1188, 486]]",,"[[1608, 390]]",,0.4499410132371374,0.2811244905006398
1848,5,3,30.718000000000075,,13518,"[954, 270]",False,Right,True,0.0,False,,False,"[[966, 12], [1074, 192], [1056, 282], [894, 336], [876, 390], [1218, 426], [1182, 480]]",,"[[1602, 384]]",,0.4478312315039264,0.2623273975737751
1849,5,3,30.732999999999947,,13518,"[954, 270]",False,Right,True,0.0,False,,False,"[[960, 6], [1068, 186], [1050, 276], [888, 330], [870, 384], [1212, 420], [1176, 474]]",,"[[1596, 378]]",,0.44911568611292624,0.2620549526501912
1850,5,3,30.75,,13518,"[954, 270]",False,Right,True,0.0,False,,False,"[[954, 0], [1062, 180], [1044, 270], [882, 324], [864, 378], [1206, 414], [1170, 468]]",,"[[1590, 372]]",,0.449891751893848,0.26076538590188403
1851,5,3,30.767000000000053,,13518,"[954, 270]",False,Right,True,0.0,False,,False,"[[1056, 174], [1038, 264], [876, 318], [858, 372], [1200, 408], [1164, 462]]",,"[[1584, 366]]",,0.449891751893848,0.26076538590188403
1852,5,3,30.784000000000106,,13518,"[954, 270]",False,Right,True,0.0,False,,False,"[[1050, 168], [1032, 258], [870, 312], [852, 366], [1194, 402], [1158, 456]]",,"[[1578, 360]]",,0.4501538516317808,0.26143859917735646
1853,5,3,30.80099999999993,,13518,"[954, 270]",False,Right,True,0.0,False,,False,"[[1044, 162], [1026, 252], [864, 306], [846, 360], [1188, 396], [1152, 450]]",,"[[1572, 354]]",,0.4505774791241902,0.26189278264755667
1854,5,3,30.817000000000007,,13518,"[954, 270]",False,Right,True,0.0,False,,False,"[[1038, 156], [1020, 246], [858, 300], [840, 354], [1182, 390], [1146, 444]]",,"[[1566, 348]]",,0.37651248987768343,0.32133581234332387
1855,5,3,30.83400000000006,,13518,"[954, 270]",False,Right,True,0.0,False,,False,"[[1032, 150], [1014, 240], [852, 294], [834, 348], [1176, 384], [1140, 438]]",,"[[1560, 342]]",,0.37651248987768343,0.32133581234332387
1856,5,3,30.851000000000113,,13518,"[954, 270]",False,Right,True,0.0,False,,False,"[[1026, 144], [1008, 234], [846, 288], [828, 342], [1170, 378], [1134, 432]]",,"[[1554, 336]]",,0.45031390994888215,0.26573661111480407
1857,5,3,30.867999999999938,,13518,"[954, 270]",False,Right,True,0.0,False,,False,"[[1020, 138], [1002, 228], [840, 282], [822, 336], [1164, 372], [1128, 426]]",,"[[1548, 330]]",,0.45031390994888215,0.26573661111480407
1858,5,3,30.884000000000015,,13518,"[954, 270]",False,Right,True,0.0,False,,False,"[[1014, 132], [996, 222], [834, 276], [816, 330], [1158, 366], [1122, 420]]",,"[[1542, 324]]",,0.4502826631863499,0.2675590133321861
1859,5,3,30.90000000000009,,13518,"[954, 270]",False,Right,True,0.0,False,,False,"[[1008, 126], [990, 216], [828, 270], [810, 324], [1152, 360], [1116, 414]]",,"[[1536, 318]]",,0.4507058506450437,0.26794241189834933
1860,5,3,30.917999999999893,,13518,"[954, 270]",False,,True,0.0,False,,False,"[[1002, 120], [984, 210], [822, 264], [804, 318], [1146, 354], [1110, 408]]",,"[[1536, 312]]",,0.45039257043149233,0.26752410595435605
1861,5,3,30.93399999999997,,13518,"[954, 270]",False,,True,1.0,False,,False,"[[1002, 114], [984, 204], [822, 258], [804, 312], [1146, 348], [1110, 402]]",,"[[1536, 306]]",,0.45039257043149233,0.26752410595435605
1862,5,3,30.951000000000022,,13518,"[954, 270]",False,,True,1.0,False,,False,"[[1002, 108], [984, 198], [822, 252], [804, 306], [1146, 342], [1110, 396]]",,"[[1542, 300]]",,0.45023102193877235,0.3309480724806507
1863,5,3,30.9670000000001,,13518,"[954, 270]",False,,True,1.0,False,,False,"[[1008, 102], [990, 192], [828, 246], [810, 300], [1152, 336], [1116, 390]]",,"[[1548, 294]]",,0.45023102193877235,0.3309480724806507
1864,5,3,30.982999999999947,,13518,"[954, 270]",False,,True,1.0,False,,False,"[[1014, 96], [996, 186], [834, 240], [816, 294], [1158, 330], [1122, 384]]",,"[[1554, 288]]",,0.4493838749834061,0.2694972248685892
1865,5,3,31.0,,13518,"[954, 270]",False,,True,1.0,False,,False,"[[1020, 90], [1002, 180], [840, 234], [822, 288], [1164, 324], [1128, 378]]",,"[[1560, 282]]",,0.4489888573763131,0.27013002267595587
1866,5,3,31.01800000000003,,13518,"[954, 270]",False,,True,1.0,False,,False,"[[1026, 84], [1008, 174], [846, 228], [828, 282], [1170, 318], [1134, 372]]",,"[[1566, 276]]",,0.44876627105445077,0.271196756735941
1867,5,3,31.034000000000106,,13518,"[954, 270]",False,,True,1.0,False,,False,"[[1032, 78], [1014, 168], [852, 222], [834, 276], [1176, 312], [1140, 366]]",,"[[1572, 270]]",,0.44876627105445077,0.271196756735941
1868,5,3,31.049999999999955,,13518,"[954, 270]",False,,True,1.0,False,,False,"[[1038, 72], [1020, 162], [858, 216], [840, 270], [1182, 306], [1146, 360]]",,"[[1578, 264]]",,0.44815050506656784,0.27114705982929743
1869,5,3,31.067000000000007,,13518,"[954, 270]",False,,True,1.0,False,,False,"[[1044, 66], [1026, 156], [864, 210], [846, 264], [1188, 300], [1152, 354]]",,"[[1584, 258]]",,0.44834333263734016,0.2724117656707995
1870,5,3,31.085000000000036,,13518,"[954, 270]",False,Right,True,1.0,False,,False,"[[1050, 60], [1032, 150], [870, 204], [852, 258], [1194, 294], [1158, 348]]",,"[[1584, 252]]",,0.448254212414353,0.27439999995391606
1871,5,3,31.101000000000113,,13518,"[954, 270]",False,Right,True,1.0,False,,False,"[[1050, 54], [1032, 144], [870, 198], [852, 252], [1194, 288], [1158, 342], [1050, 810]]",,"[[1584, 246]]",,0.44808046504546706,0.27549875897751896
1872,5,3,31.117999999999938,,13518,"[954, 270]",False,Right,True,1.0,False,,False,"[[1050, 48], [1032, 138], [870, 192], [852, 246], [1194, 282], [1158, 336], [1050, 804]]",,"[[1584, 240]]",,0.44748412006964744,0.2774605222568275
1873,5,3,31.13499999999999,,13518,"[954, 270]",False,Right,True,1.0,False,,False,"[[1050, 42], [1032, 132], [870, 186], [852, 240], [1194, 276], [1158, 330], [1050, 798]]",,"[[1584, 234]]",,0.44748412006964744,0.2774605222568275
1874,5,3,31.152000000000044,,13518,"[954, 270]",False,Right,True,1.0,False,,False,"[[1050, 36], [1032, 126], [870, 180], [852, 234], [1194, 270], [1158, 324], [1050, 792]]",,"[[1584, 228]]",,0.4477871166494161,0.2797119658331775
1875,5,3,31.167999999999893,,13518,"[954, 270]",False,Right,True,1.0,False,,False,"[[1050, 30], [1032, 120], [870, 174], [852, 228], [1194, 264], [1158, 318], [1050, 786]]",,"[[1584, 222]]",,0.44765274931805726,0.28001332684042324
1876,5,3,31.184999999999945,,13518,"[954, 270]",False,Right,True,1.0,False,,False,"[[1050, 24], [1032, 114], [870, 168], [852, 222], [1194, 258], [1158, 312], [1050, 780]]",,"[[1584, 216]]",,0.3746773468925487,0.32088119439617735
1877,5,3,31.201999999999998,,13518,"[954, 270]",False,Right,True,1.0,False,,False,"[[1050, 18], [1032, 108], [870, 162], [852, 216], [1194, 252], [1158, 306], [1050, 774]]",,"[[1584, 210]]",,0.3746773468925487,0.32088119439617735
1878,5,3,31.218000000000075,,13518,"[954, 270]",False,Right,True,1.0,False,,False,"[[1050, 12], [1032, 102], [870, 156], [852, 210], [1194, 246], [1158, 300], [1050, 768]]",,"[[1584, 204]]",,0.44768413070351076,0.2827377983474384
1879,5,3,31.2349999999999,,13518,"[954, 270]",False,Right,True,1.0,False,,False,"[[1050, 6], [1032, 96], [870, 150], [852, 204], [1194, 240], [1158, 294], [1050, 762]]",,"[[1584, 198]]",,0.4476798879414243,0.2831127567651013
1880,5,3,31.250999999999976,,13518,"[954, 270]",False,Right,True,1.0,False,,False,"[[1050, 0], [1032, 90], [870, 144], [852, 198], [1194, 234], [1158, 288], [1050, 756]]",,"[[1584, 192]]",,0.4478308442646995,0.2823619354852771
1881,5,3,31.26800000000003,,13518,"[954, 270]",False,Right,True,1.0,False,,False,"[[1032, 84], [870, 138], [852, 192], [1194, 228], [1158, 282], [1050, 750]]",,"[[1584, 186]]",,0.4482351809162422,0.281836933707864
1882,5,3,31.284000000000106,,13518,"[954, 270]",False,Right,True,1.0,False,,False,"[[1032, 78], [870, 132], [852, 186], [1194, 222], [1158, 276], [1050, 744]]",,"[[1584, 180]]",,0.4493482684607926,0.268175221572193
1883,5,3,31.299999999999955,,13518,"[954, 270]",False,Right,True,1.0,False,,False,"[[1032, 72], [870, 126], [852, 180], [1194, 216], [1158, 270], [1050, 738]]",,"[[1584, 174]]",,0.4493482684607926,0.268175221572193
1884,5,3,31.317000000000007,,13518,"[954, 270]",False,Right,True,1.0,False,,False,"[[1032, 66], [870, 120], [852, 174], [1194, 210], [1158, 264], [1050, 732]]",,"[[1584, 168]]",,0.4495666742514386,0.2674313063324316
1885,5,3,31.33400000000006,,13518,"[954, 270]",False,Right,True,1.0,False,,False,"[[1032, 60], [870, 114], [852, 168], [1194, 204], [1158, 258], [1050, 726]]",,"[[1584, 162]]",,0.450036878424542,0.3326359261056703
1886,5,3,31.34999999999991,,13518,"[954, 270]",False,Right,True,1.0,False,,False,"[[1032, 54], [870, 108], [852, 162], [1194, 198], [1158, 252], [1050, 720]]",,"[[1584, 156]]",,0.4509237550261994,0.26619741496539195
1887,5,3,31.366999999999962,,13518,"[954, 270]",False,Right,True,1.0,False,,False,"[[1032, 48], [870, 102], [852, 156], [1194, 192], [1158, 246], [1050, 714]]",,"[[1584, 150]]",,0.45119960099503686,0.26535933473014284
1888,5,3,31.383000000000038,,13518,"[954, 270]",False,Right,True,1.0,False,,False,"[[1032, 42], [870, 96], [852, 150], [1194, 186], [1158, 240], [1050, 708]]",,"[[1584, 144]]",,0.4511244256327479,0.2656815065110669
1889,5,3,31.399000000000115,,13518,"[954, 270]",False,Right,True,1.0,False,,False,"[[1032, 36], [870, 90], [852, 144], [1194, 180], [1158, 234], [1050, 702]]",,"[[1584, 138]]",,0.45120221134184063,0.265984732357446
1890,5,3,31.414999999999964,,13518,"[954, 270]",False,Right,True,1.0,False,,False,"[[1032, 30], [870, 84], [852, 138], [1194, 174], [1158, 228], [1050, 696]]",,"[[1584, 132]]",,0.451214508749102,0.2653981723124048
1891,5,3,31.432000000000016,,13518,"[954, 270]",False,Right,True,1.0,False,,False,"[[1032, 24], [870, 78], [852, 132], [1194, 168], [1158, 222], [1050, 690]]",,"[[1584, 126]]",,0.45019489351520636,0.26782801124434863
1892,5,3,31.448000000000093,,13518,"[954, 270]",False,Right,True,1.0,False,,False,"[[1032, 18], [870, 72], [852, 126], [1194, 162], [1158, 216], [1050, 684]]",,"[[1584, 120]]",,0.44990605368350467,0.33082204626990575
1893,5,3,31.463999999999942,,13518,"[954, 270]",False,Right,True,1.0,False,,False,"[[1032, 12], [870, 66], [852, 120], [1194, 156], [1158, 210], [1050, 678]]",,"[[1584, 114]]",,0.4528468430741085,0.24820821598970166
1894,5,3,31.480000000000018,,13518,"[954, 270]",False,Right,True,1.0,False,,False,"[[1032, 6], [870, 60], [852, 114], [1194, 150], [1158, 204], [1050, 672]]",,"[[1584, 108]]",,0.45341158421724465,0.24140309973734875
1895,5,3,31.49700000000007,,13518,"[954, 270]",False,Right,True,1.0,False,,False,"[[1032, 0], [870, 54], [852, 108], [1194, 144], [1158, 198], [1050, 666]]",,"[[1584, 102]]",,0.4543008352743286,0.24246676732629202
1896,5,3,31.513999999999896,,13518,"[954, 270]",False,Right,True,1.0,False,,False,"[[870, 48], [852, 102], [1194, 138], [1158, 192], [1050, 660]]",,"[[1584, 96]]",,0.4543008352743286,0.24246676732629202
1897,5,3,31.53099999999995,,13518,"[954, 270]",False,Right,True,1.0,False,,False,"[[870, 42], [852, 96], [1194, 132], [1158, 186], [1050, 654]]",,"[[1584, 90]]",,0.45688804509475317,0.24357693769831001
1898,5,3,31.548000000000002,,13518,"[954, 270]",False,Right,True,1.0,False,,False,"[[870, 36], [852, 90], [1194, 126], [1158, 180], [1050, 648]]",,"[[1584, 84]]",,0.457192339530493,0.24439958920838167
1899,5,3,31.565000000000055,,13518,"[954, 270]",False,Right,True,1.0,False,,False,"[[870, 30], [852, 84], [1194, 120], [1158, 174], [1050, 642]]",,"[[1584, 78]]",,0.45845166187436026,0.24379415437170826
1900,5,3,31.580999999999904,,13518,"[954, 270]",False,Right,True,1.0,False,,False,"[[870, 24], [852, 78], [1194, 114], [1158, 168], [1050, 636]]",,"[[1584, 72]]",,0.45845166187436026,0.24379415437170826
1901,5,3,31.598999999999933,,13518,"[954, 270]",False,Right,True,1.0,False,,False,"[[870, 18], [852, 72], [1194, 108], [1158, 162], [1050, 630]]",,"[[1584, 66]]",,0.4581717269429295,0.24788412902188206
1902,5,3,31.61500000000001,,13518,"[954, 270]",False,Right,True,1.0,False,,False,"[[870, 12], [852, 66], [1194, 102], [1158, 156], [1050, 624]]",,"[[1584, 60]]",,0.4581717269429295,0.24788412902188206
1903,5,3,31.632000000000062,,13518,"[954, 270]",False,,True,1.0,False,,False,"[[870, 6], [852, 60], [1194, 96], [1158, 150], [1050, 618]]",,"[[1590, 54]]",,0.45745681453772014,0.2499528080347856
1904,5,3,31.649000000000115,,13518,"[954, 270]",False,,True,1.0,False,,False,"[[876, 0], [858, 54], [1200, 90], [1164, 144], [1056, 612], [1344, 810]]",,"[[1596, 48]]",,0.4574056211531413,0.25034953578684827
1905,5,3,31.664999999999964,,13518,"[954, 270]",False,,True,1.0,False,,False,"[[864, 48], [1206, 84], [1170, 138], [1062, 606], [1350, 804]]",,"[[1602, 42]]",,0.45762193123247624,0.25288208046927996
1906,5,3,31.68100000000004,,13518,"[954, 270]",False,,True,1.0,False,,False,"[[870, 42], [1212, 78], [1176, 132], [1068, 600], [1356, 798]]",,"[[1608, 36]]",,0.45762193123247624,0.25288208046927996
1907,5,3,31.697000000000116,,13518,"[954, 270]",False,,True,1.0,False,,False,"[[876, 36], [1218, 72], [1182, 126], [1074, 594], [1362, 792]]",,"[[1614, 30]]",,0.4583926800043362,0.2574926486082354
1908,5,3,31.713999999999942,,13518,"[954, 270]",False,,True,1.0,False,,False,"[[882, 30], [1224, 66], [1188, 120], [1080, 588], [1368, 786]]",,"[[1620, 24]]",,0.4583926800043362,0.2574926486082354
1909,5,3,31.730999999999995,,13518,"[954, 270]",False,,True,1.0,False,,False,"[[888, 24], [1230, 60], [1194, 114], [1086, 582], [1374, 780]]",,"[[1626, 18]]",,0.4585213114882441,0.2609360759886763
1910,5,3,31.748000000000047,,13518,"[954, 270]",False,,True,1.0,False,,False,"[[894, 18], [1236, 54], [1200, 108], [1092, 576], [1380, 774]]",,"[[1632, 12]]",,0.45846952311700145,0.261137162591892
1911,5,3,31.76299999999992,,13518,"[954, 270]",False,,True,1.0,False,,False,"[[900, 12], [1242, 48], [1206, 102], [1098, 570], [1386, 768]]",,"[[1638, 6]]",,0.37874796427582347,0.32008394019895414
1912,5,3,31.779999999999973,,13518,"[954, 270]",False,,True,0.0,False,,False,"[[906, 6], [1248, 42], [1212, 96], [1104, 564], [1392, 762]]",,"[[1644, 0]]",,0.37874796427582347,0.32008394019895414
1913,5,3,31.797000000000025,,13518,"[954, 270]",False,,True,0.0,False,,False,"[[912, 0], [1254, 36], [1218, 90], [1110, 558], [1398, 756]]",,[],,0.4579131488096815,0.26750067367946906
1914,5,3,31.814000000000078,,13518,"[954, 270]",False,,True,0.0,False,,False,"[[1254, 30], [1218, 84], [1110, 552], [1398, 750]]",,[],,0.4579131488096815,0.26750067367946906
1915,5,3,31.829999999999927,,13518,"[954, 270]",False,,True,0.0,False,,False,"[[1254, 24], [1218, 78], [1110, 546], [1398, 744]]",,[],,0.45828970505922983,0.27039363054593624
1916,5,3,31.847999999999956,,13518,"[954, 270]",False,,True,0.0,False,,False,"[[1254, 18], [1218, 72], [1110, 540], [1398, 738]]",,[],,0.45828970505922983,0.27039363054593624
1917,5,3,31.864000000000033,,13518,"[954, 270]",False,,True,0.0,False,,False,"[[1254, 12], [1218, 66], [1110, 534], [1398, 732]]",,[],,0.45847992631414564,0.27302796667215024
1918,5,3,31.88000000000011,,13518,"[954, 270]",False,,True,0.0,False,,False,"[[1254, 6], [1218, 60], [1110, 528], [1398, 726]]",,[],,0.45847992631414564,0.27302796667215024
1919,5,3,31.896999999999935,,13518,"[954, 270]",False,,True,0.0,False,,False,"[[1254, 0], [1218, 54], [1110, 522], [1398, 720]]",,[],,0.4576350598123155,0.27524682649619037
1920,5,3,31.913999999999987,,13518,"[954, 270]",False,,True,0.0,False,,False,"[[1218, 48], [1110, 516], [1398, 714]]",,[],,0.4576350598123155,0.27524682649619037
1921,5,3,31.930000000000064,,13518,"[954, 270]",False,,True,0.0,False,,False,"[[1218, 42], [1110, 510], [1398, 708]]",,[],,0.45474033562281846,0.275076008087879
1922,5,3,31.947000000000116,,13518,"[954, 270]",False,,True,0.0,False,,False,"[[1218, 36], [1110, 504], [1398, 702]]",,[],,0.45474033562281846,0.275076008087879
1923,5,3,31.963999999999942,,13518,"[954, 270]",False,,True,0.0,False,,False,"[[1218, 30], [1110, 498], [1398, 696]]",,[],,0.4510382185180396,0.26632856682476413
1924,5,3,31.98199999999997,,13518,"[954, 270]",False,Right,True,0.0,False,,False,"[[1218, 24], [1110, 492], [1398, 690]]",,[],,0.4510382185180396,0.26632856682476413
1925,5,3,31.998000000000047,,13518,"[954, 270]",False,Right,True,0.0,False,,False,"[[1212, 18], [1104, 486], [1392, 684]]",,[],,0.44845629528504166,0.3297522925119457
1926,5,3,32.0150000000001,,13518,"[954, 270]",False,Right,True,0.0,False,,False,"[[1206, 12], [1098, 480], [1386, 678]]",,[],,0.44845629528504166,0.3297522925119457
1927,5,3,32.031999999999925,,13518,"[954, 270]",False,Right,True,0.0,False,,False,"[[1200, 6], [1092, 474], [1380, 672]]",,[],,0.4509571499658362,0.2640281950585789
1928,5,3,32.048,,13518,"[954, 270]",False,Right,True,0.0,False,,False,"[[1194, 0], [1086, 468], [1374, 666]]",,[],,0.4509571499658362,0.2640281950585789
1929,5,3,32.06600000000003,,13518,"[954, 270]",False,Right,True,0.0,False,,False,"[[1080, 462], [1368, 660]]",,[],,0.4516870165722057,0.2666671457626576
1930,5,3,32.08200000000011,,13518,"[954, 270]",False,Right,True,0.0,False,,False,"[[1074, 456], [1362, 654]]",,[],,0.4516870165722057,0.2666671457626576
1931,5,3,32.097999999999956,,13518,"[954, 270]",False,Right,True,0.0,False,,False,"[[1068, 450], [1356, 648], [978, 810]]",,[],,0.45269704829565216,0.26797023467508563
1932,5,3,32.11400000000003,,13518,"[954, 270]",False,Right,True,0.0,False,,False,"[[1062, 444], [1350, 642], [972, 804]]",,[],,0.45269704829565216,0.26797023467508563
1933,5,3,32.131000000000085,,13518,"[954, 270]",False,Right,True,0.0,False,,False,"[[1056, 438], [1344, 636], [966, 798]]",,[],,0.4538255069448588,0.27102652705567987
1934,5,3,32.14799999999991,,13518,"[954, 270]",False,Right,True,0.0,False,,False,"[[1050, 432], [1338, 630], [960, 792]]",,[],,0.4538255069448588,0.27102652705567987
1935,5,3,32.164999999999964,,13518,"[954, 270]",False,,True,0.0,False,,False,"[[1044, 426], [1332, 624], [954, 786]]",,[],,0.45375825578902507,0.273250171505791
1936,5,3,32.182000000000016,,13518,"[954, 270]",False,,True,0.0,False,,False,"[[1044, 420], [1332, 618], [954, 780]]",,[],,0.45375825578902507,0.273250171505791
1937,5,3,32.197000000000116,,13518,"[954, 270]",False,,True,0.0,False,,False,"[[1044, 414], [1332, 612], [954, 774], [1098, 810]]",,[],,0.4526553554087287,0.27410527349982483
1938,5,3,32.212999999999965,,13518,"[954, 270]",False,,True,0.0,False,,False,"[[1044, 408], [1332, 606], [954, 768], [1098, 804]]",,[],,0.4526553554087287,0.27410527349982483
1939,5,3,32.23000000000002,,13518,"[954, 270]",False,,True,0.0,False,,False,"[[1044, 402], [1332, 600], [954, 762], [1098, 798]]",,[],,0.45223227245389985,0.2749268474976768
1940,5,3,32.246000000000095,,13518,"[954, 270]",False,,True,0.0,False,,False,"[[1044, 396], [1332, 594], [954, 756], [1098, 792], [792, 810]]",,[],,0.45223227245389985,0.2749268474976768
1941,5,3,32.261999999999944,,13518,"[954, 270]",False,,True,0.0,False,,False,"[[1044, 390], [1332, 588], [954, 750], [1098, 786], [792, 804]]",,[],,0.45261859943455773,0.2756429229431149
1942,5,3,32.27800000000002,,13518,"[954, 270]",False,,True,0.0,False,,False,"[[1044, 384], [1332, 582], [954, 744], [1098, 780], [792, 798]]",,[],,0.45261859943455773,0.2756429229431149
1943,5,3,32.29500000000007,,13518,"[954, 270]",False,,True,0.0,False,,False,"[[1044, 378], [1332, 576], [954, 738], [1098, 774], [792, 792]]",,[],,0.3759209970146663,0.3194056340030349
1944,5,3,32.31099999999992,,13518,"[954, 270]",False,,True,0.0,False,,False,"[[1044, 372], [1332, 570], [954, 732], [1098, 768], [792, 786]]",,[],,0.3759209970146663,0.3194056340030349
1945,5,3,32.327,,13518,"[954, 270]",False,,True,0.0,False,,False,"[[1044, 366], [1332, 564], [954, 726], [1098, 762], [792, 780]]",,[],,0.4531864277367913,0.28066001993673395
1946,5,3,32.343000000000075,,13518,"[954, 270]",False,,True,0.0,False,,False,"[[1044, 360], [1332, 558], [954, 720], [1098, 756], [792, 774]]",,[],,0.4531864277367913,0.28066001993673395
1947,5,3,32.358999999999924,,13518,"[954, 270]",False,,True,0.0,False,,False,"[[1044, 354], [1332, 552], [954, 714], [1098, 750], [792, 768]]",,[],,0.4520263499541561,0.2834042339653564
1948,5,3,32.375,,13518,"[954, 270]",False,,True,0.0,False,,False,"[[1044, 348], [1332, 546], [954, 708], [1098, 744], [792, 762]]",,[],,0.4520263499541561,0.2834042339653564
1949,5,3,32.39200000000005,,13518,"[954, 270]",False,,True,0.0,False,,False,"[[1044, 342], [1332, 540], [954, 702], [1098, 738], [792, 756], [1278, 810]]",,[],,0.45144075467209666,0.28495002529957847
1950,5,3,32.4079999999999,,13518,"[954, 270]",False,,True,0.0,False,,False,"[[1044, 336], [1332, 534], [954, 696], [1098, 732], [792, 750], [1278, 804]]",,[],,0.45114148369632867,0.285841023412554
1951,5,3,32.42399999999998,,13518,"[954, 270]",False,Left,True,0.0,False,,False,"[[1044, 330], [1332, 528], [954, 690], [1098, 726], [792, 744], [1278, 798]]",,[],,0.4505956976303115,0.28681435478645645
1952,5,3,32.440000000000055,,13518,"[954, 270]",False,Left,True,0.0,False,,False,"[[1050, 324], [1338, 522], [960, 684], [1104, 720], [798, 738], [1284, 792]]",,[],,0.4507455176907447,0.28706808261146866
1953,5,3,32.45700000000011,,13518,"[954, 270]",False,Left,True,0.0,False,,False,"[[1056, 318], [1344, 516], [966, 678], [1110, 714], [804, 732], [1290, 786]]",,[],,0.45451944043217524,0.2756643980685519
1954,5,3,32.472999999999956,,13518,"[954, 270]",False,Left,True,0.0,False,,False,"[[1062, 312], [1350, 510], [972, 672], [1116, 708], [810, 726], [1296, 780]]",,[],,0.4550591735886186,0.2756917956584307
1955,5,3,32.48900000000003,,13518,"[954, 270]",False,Left,True,0.0,False,,False,"[[1068, 306], [1356, 504], [978, 666], [1122, 702], [816, 720], [1302, 774], [1104, 810]]",,[],,0.4555683134956732,0.27585519970194305
1956,5,3,32.506000000000085,,13518,"[954, 270]",False,Left,True,0.0,False,,False,"[[1074, 300], [1362, 498], [984, 660], [1128, 696], [822, 714], [1308, 768], [1110, 804]]",,[],,0.4574478717106684,0.2790835518041338
1957,5,3,32.521999999999935,,13518,"[954, 270]",False,Left,True,0.0,False,,False,"[[1080, 294], [1368, 492], [990, 654], [1134, 690], [828, 708], [1314, 762], [1116, 798]]",,[],,0.45810151665964555,0.27980848228507005
1958,5,3,32.53800000000001,,13518,"[954, 270]",False,Left,True,0.0,False,,False,"[[1086, 288], [1374, 486], [996, 648], [1140, 684], [834, 702], [1320, 756], [1122, 792], [1122, 810]]",,[],,0.4583442255926825,0.2797501340136098
1959,5,3,32.555000000000064,,13518,"[954, 270]",False,Left,True,0.0,False,,False,"[[1092, 282], [1380, 480], [1002, 642], [1146, 678], [840, 696], [1326, 750], [1128, 786], [1128, 804]]",,[],,0.4583442255926825,0.2797501340136098
1960,5,3,32.572000000000116,,13518,"[954, 270]",False,Left,True,0.0,False,,False,"[[1098, 276], [1386, 474], [1008, 636], [1152, 672], [846, 690], [1332, 744], [1134, 780], [1134, 798]]",,[],,0.4578692014829146,0.28202708510836394
1961,5,3,32.587999999999965,,13518,"[954, 270]",False,Left,True,0.0,False,,False,"[[1104, 270], [1392, 468], [1014, 630], [1158, 666], [852, 684], [1338, 738], [1140, 774], [1140, 792]]",,[],,0.457287515598198,0.28230680424761845
1962,5,3,32.60400000000004,,13518,"[954, 270]",False,Left,True,0.0,False,,False,"[[1110, 264], [1398, 462], [1020, 624], [1164, 660], [858, 678], [1344, 732], [1146, 768], [1146, 786]]",,[],,0.45663272395059246,0.2830552317535726
1963,5,3,32.61999999999989,,13518,"[954, 270]",False,,True,0.0,False,,False,"[[1116, 258], [1404, 456], [1026, 618], [1170, 654], [864, 672], [1350, 726], [1152, 762], [1152, 780]]",,[],,0.45624045382958567,0.28336937534871587
1964,5,3,32.63799999999992,,13518,"[954, 270]",False,,True,0.0,False,,False,"[[1116, 252], [1404, 450], [1026, 612], [1170, 648], [864, 666], [1350, 720], [1152, 756], [1152, 774]]",,[],,0.45674260124984806,0.28518231503515623
1965,5,3,32.65300000000002,,13518,"[954, 270]",False,,True,0.0,False,,False,"[[1116, 246], [1404, 444], [1026, 606], [1170, 642], [864, 660], [1350, 714], [1152, 750], [1152, 768]]",,[],,0.45674260124984806,0.28518231503515623
1966,5,3,32.67000000000007,,13518,"[954, 270]",False,,True,0.0,False,,False,"[[1116, 240], [1404, 438], [1026, 600], [1170, 636], [864, 654], [1350, 708], [1152, 744], [1152, 762]]",,[],,0.45739186458825676,0.28771970739810326
1967,5,3,32.6880000000001,,13518,"[954, 270]",False,Right,True,0.0,False,,False,"[[1116, 234], [1404, 432], [1026, 594], [1170, 630], [864, 648], [1350, 702], [1152, 738], [1152, 756], [1476, 810]]",,[],,0.45739186458825676,0.28771970739810326
1968,5,3,32.70399999999995,,13518,"[954, 270]",False,Right,True,0.0,False,,False,"[[1110, 228], [1398, 426], [1020, 588], [1164, 624], [858, 642], [1344, 696], [1146, 732], [1146, 750], [1470, 804]]",,[],,0.4583587276267763,0.29050340063173097
1969,5,3,32.721000000000004,,13518,"[954, 270]",False,Right,True,0.0,False,,False,"[[1104, 222], [1392, 420], [1014, 582], [1158, 618], [852, 636], [1338, 690], [1140, 726], [1140, 744], [1464, 798]]",,[],,0.3803196044758485,0.330033331800048
1970,5,3,32.738000000000056,,13518,"[954, 270]",False,Right,True,0.0,False,,False,"[[1098, 216], [1386, 414], [1008, 576], [1152, 612], [846, 630], [1332, 684], [1134, 720], [1134, 738], [1458, 792]]",,[],,0.45865551784257885,0.28537255066508604
1971,5,3,32.75500000000011,,13518,"[954, 270]",False,Right,True,0.0,False,,False,"[[1092, 210], [1380, 408], [1002, 570], [1146, 606], [840, 624], [1326, 678], [1128, 714], [1128, 732], [1452, 786]]",,[],,0.45865551784257885,0.28537255066508604
1972,5,3,32.77099999999996,,13518,"[954, 270]",False,Right,True,0.0,False,,False,"[[1086, 204], [1374, 402], [996, 564], [1140, 600], [834, 618], [1320, 672], [1122, 708], [1122, 726], [1446, 780]]",,[],,0.459019317496665,0.27332612656743904
1973,5,3,32.787000000000035,,13518,"[954, 270]",False,Right,True,0.0,False,,False,"[[1080, 198], [1368, 396], [990, 558], [1134, 594], [828, 612], [1314, 666], [1116, 702], [1116, 720], [1440, 774]]",,[],,0.4592263129323193,0.2727124520714477
1974,5,3,32.80400000000009,,13518,"[954, 270]",False,Right,True,0.0,False,,False,"[[1074, 192], [1362, 390], [984, 552], [1128, 588], [822, 606], [1308, 660], [1110, 696], [1110, 714], [1434, 768]]",,[],,0.4605026865517763,0.272233864247714
1975,5,3,32.819999999999936,,13518,"[954, 270]",False,Right,True,0.0,False,,False,"[[1068, 186], [1356, 384], [978, 546], [1122, 582], [816, 600], [1302, 654], [1104, 690], [1104, 708], [1428, 762]]",,[],,0.4605026865517763,0.272233864247714
1976,5,3,32.83699999999999,,13518,"[954, 270]",False,Right,True,0.0,False,,False,"[[1062, 180], [1350, 378], [972, 540], [1116, 576], [810, 594], [1296, 648], [1098, 684], [1098, 702], [1422, 756]]",,[],,0.4608033434068405,0.27193996691596944
1977,5,3,32.85400000000004,,13518,"[954, 270]",False,Right,True,0.0,False,,False,"[[1056, 174], [1344, 372], [966, 534], [1110, 570], [804, 588], [1290, 642], [1092, 678], [1092, 696], [1416, 750]]",,[],,0.4608033434068405,0.27193996691596944
1978,5,3,32.871000000000095,,13518,"[954, 270]",False,Right,True,0.0,False,,False,"[[1050, 168], [1338, 366], [960, 528], [1104, 564], [798, 582], [1284, 636], [1086, 672], [1086, 690], [1410, 744]]",,[],,0.46092309794356423,0.2744416340721334
1979,5,3,32.886999999999944,,13518,"[954, 270]",False,Right,True,0.0,False,,False,"[[1044, 162], [1332, 360], [954, 522], [1098, 558], [792, 576], [1278, 630], [1080, 666], [1080, 684], [1404, 738]]",,[],,0.46077297112071236,0.27405523463773307
1980,5,3,32.90300000000002,,13518,"[954, 270]",False,Right,True,0.0,False,,False,"[[1038, 156], [1326, 354], [948, 516], [1092, 552], [786, 570], [1272, 624], [1074, 660], [1074, 678], [1398, 732]]",,[],,0.45959438571425404,0.2767305849938171
1981,5,3,32.92000000000007,,13518,"[954, 270]",False,Right,True,0.0,False,,False,"[[1032, 150], [1320, 348], [942, 510], [1086, 546], [780, 564], [1266, 618], [1068, 654], [1068, 672], [1392, 726]]",,[],,0.45959438571425404,0.2767305849938171
1982,5,3,32.9369999999999,,13518,"[954, 270]",False,Right,True,0.0,False,,False,"[[1026, 144], [1314, 342], [936, 504], [1080, 540], [774, 558], [1260, 612], [1062, 648], [1062, 666], [1386, 720]]",,[],,0.4574362061332173,0.27873113341995104
1983,5,3,32.952999999999975,,13518,"[954, 270]",False,Right,True,0.0,False,,False,"[[1020, 138], [1308, 336], [930, 498], [1074, 534], [768, 552], [1254, 606], [1056, 642], [1056, 660], [1380, 714]]",,[],,0.4574362061332173,0.27873113341995104
1984,5,3,32.971000000000004,,13518,"[954, 270]",False,Right,True,0.0,False,,False,"[[1014, 132], [1302, 330], [924, 492], [1068, 528], [762, 546], [1248, 600], [1050, 636], [1050, 654], [1374, 708]]",,[],,0.4565397020478428,0.28131801037927195
1985,5,3,32.98700000000008,,13518,"[954, 270]",False,Right,True,0.0,False,,False,"[[1008, 126], [1296, 324], [918, 486], [1062, 522], [756, 540], [1242, 594], [1044, 630], [1044, 648], [1368, 702], [990, 810]]",,[],,0.45653329566605433,0.2819544412807117
1986,5,3,33.003999999999905,,13518,"[954, 270]",False,Right,True,0.0,False,,False,"[[1002, 120], [1290, 318], [912, 480], [1056, 516], [750, 534], [1236, 588], [1038, 624], [1038, 642], [1362, 696], [984, 804]]",,[],,0.4597640673768829,0.25332473464237104
1987,5,3,33.02099999999996,,13518,"[954, 270]",False,Right,True,0.0,False,,False,"[[996, 114], [1284, 312], [906, 474], [1050, 510], [744, 528], [1230, 582], [1032, 618], [1032, 636], [1356, 690], [978, 798]]",,[],,0.4597640673768829,0.25332473464237104
1988,5,3,33.03800000000001,,13518,"[954, 270]",False,,True,0.0,False,,False,"[[990, 108], [1278, 306], [900, 468], [1044, 504], [738, 522], [1224, 576], [1026, 612], [1026, 630], [1350, 684], [972, 792]]",,[],,0.4591894781326647,0.25210352113583745
1989,5,3,33.05300000000011,,13518,"[954, 270]",False,,True,0.0,False,,False,"[[990, 102], [1278, 300], [900, 462], [1044, 498], [738, 516], [1224, 570], [1026, 606], [1026, 624], [1350, 678], [972, 786]]",,[],,0.4591894781326647,0.25210352113583745
1990,5,3,33.069999999999936,,13518,"[954, 270]",False,,True,0.0,False,,False,"[[990, 96], [1278, 294], [900, 456], [1044, 492], [738, 510], [1224, 564], [1026, 600], [1026, 618], [1350, 672], [972, 780]]",,[],,0.4599025225519274,0.25265897246495306
1991,5,3,33.08699999999999,,13518,"[954, 270]",False,,True,0.0,False,,False,"[[990, 90], [1278, 288], [900, 450], [1044, 486], [738, 504], [1224, 558], [1026, 594], [1026, 612], [1350, 666], [972, 774]]",,[],,0.4599025225519274,0.25265897246495306
1992,5,3,33.10400000000004,,13518,"[954, 270]",False,,True,0.0,False,,False,"[[990, 84], [1278, 282], [900, 444], [1044, 480], [738, 498], [1224, 552], [1026, 588], [1026, 606], [1350, 660], [972, 768]]",,[],,0.46055366901278727,0.2540538260339127
1993,5,3,33.11999999999989,,13518,"[954, 270]",False,,True,0.0,False,,False,"[[990, 78], [1278, 276], [900, 438], [1044, 474], [738, 492], [1224, 546], [1026, 582], [1026, 600], [1350, 654], [972, 762]]",,[],,0.4601372292597291,0.25678459599383685
1994,5,3,33.13599999999997,,13518,"[954, 270]",False,,True,0.0,False,,False,"[[990, 72], [1278, 270], [900, 432], [1044, 468], [738, 486], [1224, 540], [1026, 576], [1026, 594], [1350, 648], [972, 756]]",,[],,0.4598029495711284,0.2597610859054852
1995,5,3,33.15300000000002,,13518,"[954, 270]",False,,True,0.0,False,,False,"[[990, 66], [1278, 264], [900, 426], [1044, 462], [738, 480], [1224, 534], [1026, 570], [1026, 588], [1350, 642], [972, 750]]",,[],,0.4598029495711284,0.2597610859054852
1996,5,3,33.16799999999989,,13518,"[954, 270]",False,,True,0.0,False,,False,"[[990, 60], [1278, 258], [900, 420], [1044, 456], [738, 474], [1224, 528], [1026, 564], [1026, 582], [1350, 636], [972, 744]]",,[],,0.4585644269176578,0.26335787951237166
1997,5,3,33.184999999999945,,13518,"[954, 270]",False,,True,0.0,False,,False,"[[990, 54], [1278, 252], [900, 414], [1044, 450], [738, 468], [1224, 522], [1026, 558], [1026, 576], [1350, 630], [972, 738]]",,[],,0.4585644269176578,0.26335787951237166
1998,5,3,33.20100000000002,,13518,"[954, 270]",False,,True,0.0,False,,False,"[[990, 48], [1278, 246], [900, 408], [1044, 444], [738, 462], [1224, 516], [1026, 552], [1026, 570], [1350, 624], [972, 732]]",,[],,0.4579119630615933,0.2660341620779718
1999,5,3,33.2170000000001,,13518,"[954, 270]",False,,True,0.0,False,,False,"[[990, 42], [1278, 240], [900, 402], [1044, 438], [738, 456], [1224, 510], [1026, 546], [1026, 564], [1350, 618], [972, 726]]",,[],,0.4579119630615933,0.2660341620779718
2000,5,3,33.233999999999924,,13518,"[954, 270]",False,,True,0.0,False,,False,"[[990, 36], [1278, 234], [900, 396], [1044, 432], [738, 450], [1224, 504], [1026, 540], [1026, 558], [1350, 612], [972, 720]]",,[],,0.45794474606857866,0.2680876590833222
2001,5,3,33.250999999999976,,13518,"[954, 270]",False,,True,0.0,False,,False,"[[990, 30], [1278, 228], [900, 390], [1044, 426], [738, 444], [1224, 498], [1026, 534], [1026, 552], [1350, 606], [972, 714]]",,[],,0.45794474606857866,0.2680876590833222
2002,5,3,33.26800000000003,,13518,"[954, 270]",False,,True,0.0,False,,False,"[[990, 24], [1278, 222], [900, 384], [1044, 420], [738, 438], [1224, 492], [1026, 528], [1026, 546], [1350, 600], [972, 708]]",,[],,0.45747353231788435,0.2698731964416585
2003,5,3,33.284000000000106,,13518,"[954, 270]",False,,True,0.0,False,,False,"[[990, 18], [1278, 216], [900, 378], [1044, 414], [738, 432], [1224, 486], [1026, 522], [1026, 540], [1350, 594], [972, 702]]",,[],,0.45747353231788435,0.2698731964416585
2004,5,3,33.299999999999955,,13518,"[954, 270]",False,,True,0.0,False,,False,"[[990, 12], [1278, 210], [900, 372], [1044, 408], [738, 426], [1224, 480], [1026, 516], [1026, 534], [1350, 588], [972, 696]]",,[],,0.4572683833348523,0.27337838969075334
2005,5,3,33.31700000000001,,13518,"[954, 270]",False,,True,0.0,False,,False,"[[990, 6], [1278, 204], [900, 366], [1044, 402], [738, 420], [1224, 474], [1026, 510], [1026, 528], [1350, 582], [972, 690]]",,[],,0.4567390920932123,0.27390737574823354
2006,5,3,33.333000000000084,,13518,"[954, 270]",False,,True,0.0,False,,False,"[[990, 0], [1278, 198], [900, 360], [1044, 396], [738, 414], [1224, 468], [1026, 504], [1026, 522], [1350, 576], [972, 684]]",,[],,0.45651852073377713,0.27474890196586554
2007,5,3,33.34899999999993,,13518,"[954, 270]",False,,True,0.0,False,,False,"[[1278, 192], [900, 354], [1044, 390], [738, 408], [1224, 462], [1026, 498], [1026, 516], [1350, 570], [972, 678]]",,[],,0.45651852073377713,0.27474890196586554
2008,5,3,33.36500000000001,,13518,"[954, 270]",False,,True,0.0,False,,False,"[[1278, 186], [900, 348], [1044, 384], [738, 402], [1224, 456], [1026, 492], [1026, 510], [1350, 564], [972, 672]]",,[],,0.3770815282461591,0.3180324944282412
2009,5,3,33.38200000000006,,13518,"[954, 270]",False,,True,0.0,False,,False,"[[1278, 180], [900, 342], [1044, 378], [738, 396], [1224, 450], [1026, 486], [1026, 504], [1350, 558], [972, 666], [1296, 810]]",,[],,0.45660012795759713,0.2760858742856971
2010,5,3,33.40000000000009,,13518,"[954, 270]",False,,True,0.0,False,,False,"[[1278, 174], [900, 336], [1044, 372], [738, 390], [1224, 444], [1026, 480], [1026, 498], [1350, 552], [972, 660], [1296, 804]]",,[],,0.45642166987422017,0.2775841752032543
2011,5,3,33.41599999999994,,13518,"[954, 270]",False,,True,0.0,False,,False,"[[1278, 168], [900, 330], [1044, 366], [738, 384], [1224, 438], [1026, 474], [1026, 492], [1350, 546], [972, 654], [1296, 798]]",,[],,0.45642166987422017,0.2775841752032543
2012,5,3,33.43299999999999,,13518,"[954, 270]",False,,True,0.0,False,,False,"[[1278, 162], [900, 324], [1044, 360], [738, 378], [1224, 432], [1026, 468], [1026, 486], [1350, 540], [972, 648], [1296, 792]]",,[],,0.45638924157507155,0.2794900925564415
2013,5,3,33.450000000000045,,13518,"[954, 270]",False,,True,0.0,False,,False,"[[1278, 156], [900, 318], [1044, 354], [738, 372], [1224, 426], [1026, 462], [1026, 480], [1350, 534], [972, 642], [1296, 786]]",,[],,0.45638924157507155,0.2794900925564415
2014,5,3,33.465999999999894,,13518,"[954, 270]",False,Right,True,0.0,False,,False,"[[1278, 150], [900, 312], [1044, 348], [738, 366], [1224, 420], [1026, 456], [1026, 474], [1350, 528], [972, 636], [1296, 780]]",,[],,0.4558525013630762,0.2821233948566332
2015,5,3,33.48299999999995,,13518,"[954, 270]",False,Right,True,0.0,False,,False,"[[1272, 144], [894, 306], [1038, 342], [732, 360], [1218, 414], [1020, 450], [1020, 468], [1344, 522], [966, 630], [1290, 774]]",,[],,0.45563683874757566,0.28233339713716277
2016,5,3,33.5,,13518,"[954, 270]",False,Right,True,0.0,False,,False,"[[1266, 138], [888, 300], [1032, 336], [726, 354], [1212, 408], [1014, 444], [1014, 462], [1338, 516], [960, 624], [1284, 768]]",,[],,0.4554282835027279,0.2837776469195943
2017,5,3,33.51700000000005,,13518,"[954, 270]",False,Right,True,0.0,False,,False,"[[1260, 132], [882, 294], [1026, 330], [720, 348], [1206, 402], [1008, 438], [1008, 456], [1332, 510], [954, 618], [1278, 762]]",,[],,0.4554282835027279,0.2837776469195943
2018,5,3,33.53500000000008,,13518,"[954, 270]",False,,True,0.0,False,,False,"[[1254, 126], [876, 288], [1020, 324], [714, 342], [1200, 396], [1002, 432], [1002, 450], [1326, 504], [948, 612], [1272, 756]]",,[],,0.4556688563295526,0.28479193063799624
2019,5,3,33.549999999999955,,13518,"[954, 270]",False,,True,0.0,False,,False,"[[1254, 120], [876, 282], [1020, 318], [714, 336], [1200, 390], [1002, 426], [1002, 444], [1326, 498], [948, 606], [1272, 750]]",,[],,0.4556688563295526,0.28479193063799624
2020,5,3,33.567999999999984,,13518,"[954, 270]",False,,True,0.0,False,,False,"[[1254, 114], [876, 276], [1020, 312], [714, 330], [1200, 384], [1002, 420], [1002, 438], [1326, 492], [948, 600], [1272, 744]]",,[],,0.4554702884358514,0.286003917251221
2021,5,3,33.585000000000036,,13518,"[954, 270]",False,Left,True,0.0,False,,False,"[[1254, 108], [876, 270], [1020, 306], [714, 324], [1200, 378], [1002, 414], [1002, 432], [1326, 486], [948, 594], [1272, 738]]",,[],,0.4554702884358514,0.286003917251221
2022,5,3,33.60100000000011,,13518,"[954, 270]",False,Left,True,0.0,False,,False,"[[1260, 102], [882, 264], [1026, 300], [720, 318], [1206, 372], [1008, 408], [1008, 426], [1332, 480], [954, 588], [1278, 732]]",,[],,0.4556600153980531,0.2864439944574454
2023,5,3,33.61799999999994,,13518,"[954, 270]",False,Left,True,0.0,False,,False,"[[1266, 96], [888, 258], [1032, 294], [726, 312], [1212, 366], [1014, 402], [1014, 420], [1338, 474], [960, 582], [1284, 726]]",,[],,0.4556600153980531,0.2864439944574454
2024,5,3,33.634000000000015,,13518,"[954, 270]",False,Left,True,0.0,False,,False,"[[1272, 90], [894, 252], [1038, 288], [732, 306], [1218, 360], [1020, 396], [1020, 414], [1344, 468], [966, 576], [1290, 720]]",,[],,0.45562583768848175,0.28810219891982325
2025,5,3,33.65100000000007,,13518,"[954, 270]",False,Left,True,0.0,False,,False,"[[1278, 84], [900, 246], [1044, 282], [738, 300], [1224, 354], [1026, 390], [1026, 408], [1350, 462], [972, 570], [1296, 714]]",,[],,0.45567290037413943,0.2885189048356044
2026,5,3,33.66799999999989,,13518,"[954, 270]",False,Left,True,0.0,False,,False,"[[1284, 78], [906, 240], [1050, 276], [744, 294], [1230, 348], [1032, 384], [1032, 402], [1356, 456], [978, 564], [1302, 708]]",,[],,0.455584235260707,0.28959935526267444
2027,5,3,33.68399999999997,,13518,"[954, 270]",False,Left,True,0.0,False,,False,"[[1290, 72], [912, 234], [1056, 270], [750, 288], [1236, 342], [1038, 378], [1038, 396], [1362, 450], [984, 558], [1308, 702]]",,[],,0.455584235260707,0.28959935526267444
2028,5,3,33.70100000000002,,13518,"[954, 270]",False,Left,True,0.0,False,,False,"[[1296, 66], [918, 228], [1062, 264], [756, 282], [1242, 336], [1044, 372], [1044, 390], [1368, 444], [990, 552], [1314, 696]]",,[],,0.455367782853468,0.2905797874859589
2029,5,3,33.718000000000075,,13518,"[954, 270]",False,Left,True,0.0,False,,False,"[[1302, 60], [924, 222], [1068, 258], [762, 276], [1248, 330], [1050, 366], [1050, 384], [1374, 438], [996, 546], [1320, 690]]",,[],,0.455367782853468,0.2905797874859589
2030,5,3,33.7349999999999,,13518,"[954, 270]",False,Left,True,0.0,False,,False,"[[1308, 54], [930, 216], [1074, 252], [768, 270], [1254, 324], [1056, 360], [1056, 378], [1380, 432], [1002, 540], [1326, 684]]",,[],,0.45564484934455274,0.2924654238958989
2031,5,3,33.75299999999993,,13518,"[954, 270]",False,,True,0.0,False,,False,"[[1314, 48], [936, 210], [1080, 246], [774, 264], [1260, 318], [1062, 354], [1062, 372], [1386, 426], [1008, 534], [1332, 678]]",,[],,0.45588549120100713,0.29323144767452314
2032,5,3,33.77099999999996,,13518,"[954, 270]",False,,True,0.0,False,,False,"[[1314, 42], [936, 204], [1080, 240], [774, 258], [1260, 312], [1062, 348], [1062, 366], [1386, 420], [1008, 528], [1332, 672]]",,[],,0.4562700039738622,0.29376425341993906
2033,5,3,33.787000000000035,,13518,"[954, 270]",False,,True,0.0,False,,False,"[[1314, 36], [936, 198], [1080, 234], [774, 252], [1260, 306], [1062, 342], [1062, 360], [1386, 414], [1008, 522], [1332, 666]]",,[],,0.4562700039738622,0.29376425341993906
2034,5,3,33.805000000000064,,13518,"[954, 270]",False,,True,0.0,False,,False,"[[1314, 30], [936, 192], [1080, 228], [774, 246], [1260, 300], [1062, 336], [1062, 354], [1386, 408], [1008, 516], [1332, 660]]",,[],,0.4546598109563248,0.2892230456735163
2035,5,3,33.819999999999936,,13518,"[954, 270]",False,,True,0.0,False,,False,"[[1314, 24], [936, 186], [1080, 222], [774, 240], [1260, 294], [1062, 330], [1062, 348], [1386, 402], [1008, 510], [1332, 654]]",,[],,0.4546598109563248,0.2892230456735163
2036,5,3,33.83600000000001,,13518,"[954, 270]",False,,True,0.0,False,,False,"[[1314, 18], [936, 180], [1080, 216], [774, 234], [1260, 288], [1062, 324], [1062, 342], [1386, 396], [1008, 504], [1332, 648]]",,[],,0.45176070657216866,0.2805852656348904
2037,5,3,33.853000000000065,,13518,"[954, 270]",False,,True,0.0,False,,False,"[[1314, 12], [936, 174], [1080, 210], [774, 228], [1260, 282], [1062, 318], [1062, 336], [1386, 390], [1008, 498], [1332, 642]]",,[],,0.45176070657216866,0.2805852656348904
2038,5,3,33.868999999999915,,13518,"[954, 270]",False,,True,0.0,False,,False,"[[1314, 6], [936, 168], [1080, 204], [774, 222], [1260, 276], [1062, 312], [1062, 330], [1386, 384], [1008, 492], [1332, 636]]",,[],,0.4510173689436886,0.27864329323897463
2039,5,3,33.88499999999999,,13518,"[954, 270]",False,,True,0.0,False,,False,"[[1314, 0], [936, 162], [1080, 198], [774, 216], [1260, 270], [1062, 306], [1062, 324], [1386, 378], [1008, 486], [1332, 630]]",,[],,0.4510173689436886,0.27864329323897463
2040,5,3,33.90100000000007,,13518,"[954, 270]",False,,True,0.0,False,,False,"[[936, 156], [1080, 192], [774, 210], [1260, 264], [1062, 300], [1062, 318], [1386, 372], [1008, 480], [1332, 624]]",,[],,0.45020805186824714,0.2761888712720192
2041,5,3,33.91799999999989,,13518,"[954, 270]",False,Left,True,0.0,False,,False,"[[936, 150], [1080, 186], [774, 204], [1260, 258], [1062, 294], [1062, 312], [1386, 366], [1008, 474], [1332, 618]]",,[],,0.4505475300646694,0.27674664189702536
2042,5,3,33.934999999999945,,13518,"[954, 270]",False,Left,True,0.0,False,,False,"[[942, 144], [1086, 180], [780, 198], [1266, 252], [1068, 288], [1068, 306], [1392, 360], [1014, 468], [1338, 612]]",,[],,0.4505102817557008,0.2787729300538492
2043,5,3,33.95100000000002,,13518,"[954, 270]",False,Left,True,0.0,False,,False,"[[948, 138], [1092, 174], [786, 192], [1272, 246], [1074, 282], [1074, 300], [1398, 354], [1020, 462], [1344, 606]]",,[],,0.4505102817557008,0.2787729300538492
2044,5,3,33.97000000000003,,13518,"[954, 270]",False,Left,True,0.0,False,,False,"[[954, 132], [1098, 168], [792, 186], [1278, 240], [1080, 276], [1080, 294], [1404, 348], [1026, 456], [1350, 600]]",,[],,0.45146631388805625,0.2797312897884835
2045,5,3,33.98900000000003,,13518,"[954, 270]",False,Left,True,0.0,False,,False,"[[960, 126], [1104, 162], [798, 180], [1284, 234], [1086, 270], [1086, 288], [1410, 342], [1032, 450], [1356, 594]]",,[],,0.45146631388805625,0.2797312897884835
2046,5,3,34.006000000000085,,13518,"[954, 270]",False,Left,True,0.0,False,,False,"[[966, 120], [1110, 156], [804, 174], [1290, 228], [1092, 264], [1092, 282], [1416, 336], [1038, 444], [1362, 588]]",,[],,0.4523096893921961,0.28195108771088306
2047,5,3,34.02299999999991,,13518,"[954, 270]",False,Left,True,0.0,False,,False,"[[972, 114], [1116, 150], [810, 168], [1296, 222], [1098, 258], [1098, 276], [1422, 330], [1044, 438], [1368, 582]]",,[],,0.4523096893921961,0.28195108771088306
2048,5,3,34.039999999999964,,13518,"[954, 270]",False,Left,True,0.0,False,,False,"[[978, 108], [1122, 144], [816, 162], [1302, 216], [1104, 252], [1104, 270], [1428, 324], [1050, 432], [1374, 576]]",,[],,0.37278724856432915,0.3281015498753731
2049,5,3,34.05600000000004,,13518,"[954, 270]",False,Left,True,0.0,False,,False,"[[984, 102], [1128, 138], [822, 156], [1308, 210], [1110, 246], [1110, 264], [1434, 318], [1056, 426], [1380, 570]]",,[],,0.37278724856432915,0.3281015498753731
2050,5,3,34.072000000000116,,13518,"[954, 270]",False,Left,True,0.0,False,,False,"[[990, 96], [1134, 132], [828, 150], [1314, 204], [1116, 240], [1116, 258], [1440, 312], [1062, 420], [1386, 564]]",,[],,0.455482811082432,0.2711645375230288
2051,5,3,34.08899999999994,,13518,"[954, 270]",False,Left,True,0.0,False,,False,"[[996, 90], [1140, 126], [834, 144], [1320, 198], [1122, 234], [1122, 252], [1446, 306], [1068, 414], [1392, 558]]",,[],,0.455482811082432,0.2711645375230288
2052,5,3,34.10500000000002,,13518,"[954, 270]",False,Left,True,0.0,False,,False,"[[1002, 84], [1146, 120], [840, 138], [1326, 192], [1128, 228], [1128, 246], [1452, 300], [1074, 408], [1398, 552]]",,[],,0.4546839441313061,0.2723068980342708
2053,5,3,34.12200000000007,,13518,"[954, 270]",False,Left,True,0.0,False,,False,"[[1008, 78], [1152, 114], [846, 132], [1332, 186], [1134, 222], [1134, 240], [1458, 294], [1080, 402], [1404, 546]]",,[],,0.4546839441313061,0.2723068980342708
2054,5,3,34.138999999999896,,13518,"[954, 270]",False,Left,True,0.0,False,,False,"[[1014, 72], [1158, 108], [852, 126], [1338, 180], [1140, 216], [1140, 234], [1464, 288], [1086, 396], [1410, 540]]",,[],,0.45512505401999653,0.2731519822952293
2055,5,3,34.15499999999997,,13518,"[954, 270]",False,Left,True,0.0,False,,False,"[[1020, 66], [1164, 102], [858, 120], [1344, 174], [1146, 210], [1146, 228], [1470, 282], [1092, 390], [1416, 534]]",,[],,0.45512505401999653,0.2731519822952293
2056,5,3,34.172000000000025,,13518,"[954, 270]",False,,True,0.0,False,,False,"[[1026, 60], [1170, 96], [864, 114], [1350, 168], [1152, 204], [1152, 222], [1476, 276], [1098, 384], [1422, 528]]",,[],,0.456355677372888,0.27595336391941194
2057,5,3,34.1880000000001,,13518,"[954, 270]",False,,True,0.0,False,,False,"[[1026, 54], [1170, 90], [864, 108], [1350, 162], [1152, 198], [1152, 216], [1476, 270], [1098, 378], [1422, 522]]",,[],,0.456355677372888,0.27595336391941194
2058,5,3,34.20499999999993,,13518,"[954, 270]",False,,True,0.0,False,,False,"[[1026, 48], [1170, 84], [864, 102], [1350, 156], [1152, 192], [1152, 210], [1476, 264], [1098, 372], [1422, 516]]",,[],,0.4576053433141527,0.2774837112655234
2059,5,3,34.22199999999998,,13518,"[954, 270]",False,,True,0.0,False,,False,"[[1026, 42], [1170, 78], [864, 96], [1350, 150], [1152, 186], [1152, 204], [1476, 258], [1098, 366], [1422, 510]]",,[],,0.4576053433141527,0.2774837112655234
2060,5,3,34.23900000000003,,13518,"[954, 270]",False,,True,0.0,False,,False,"[[1026, 36], [1170, 72], [864, 90], [1350, 144], [1152, 180], [1152, 198], [1476, 252], [1098, 360], [1422, 504], [1152, 810]]",,[],,0.4574969456687241,0.28008819304615007
2061,5,3,34.25500000000011,,13518,"[954, 270]",False,,True,0.0,False,,False,"[[1026, 30], [1170, 66], [864, 84], [1350, 138], [1152, 174], [1152, 192], [1476, 246], [1098, 354], [1422, 498], [1152, 804]]",,[],,0.4574969456687241,0.28008819304615007
2062,5,3,34.27099999999996,,13518,"[954, 270]",False,,True,0.0,False,,False,"[[1026, 24], [1170, 60], [864, 78], [1350, 132], [1152, 168], [1152, 186], [1476, 240], [1098, 348], [1422, 492], [1152, 798]]",,[],,0.4565343892564139,0.28232254871503226
2063,5,3,34.28800000000001,,13518,"[954, 270]",False,,True,0.0,False,,False,"[[1026, 18], [1170, 54], [864, 72], [1350, 126], [1152, 162], [1152, 180], [1476, 234], [1098, 342], [1422, 486], [1152, 792]]",,[],,0.4565545978457724,0.28224673992103455
2064,5,3,34.30400000000009,,13518,"[954, 270]",False,,True,0.0,False,,False,"[[1026, 12], [1170, 48], [864, 66], [1350, 120], [1152, 156], [1152, 174], [1476, 228], [1098, 336], [1422, 480], [1152, 786]]",,[],,0.45565783776663793,0.2834504715912455
2065,5,3,34.32099999999991,,13518,"[954, 270]",False,,True,0.0,False,,False,"[[1026, 6], [1170, 42], [864, 60], [1350, 114], [1152, 150], [1152, 168], [1476, 222], [1098, 330], [1422, 474], [1152, 780]]",,[],,0.45565783776663793,0.2834504715912455
2066,5,3,34.33699999999999,,13518,"[954, 270]",False,,True,0.0,False,,False,"[[1026, 0], [1170, 36], [864, 54], [1350, 108], [1152, 144], [1152, 162], [1476, 216], [1098, 324], [1422, 468], [1152, 774]]",,[],,0.45370343832409243,0.27483883080367977
2067,5,3,34.35400000000004,,13518,"[954, 270]",False,,True,0.0,False,,False,"[[1170, 30], [864, 48], [1350, 102], [1152, 138], [1152, 156], [1476, 210], [1098, 318], [1422, 462], [1152, 768]]",,[],,0.4542448915936899,0.2714583152548147
2068,5,3,34.371000000000095,,13518,"[954, 270]",False,,True,0.0,False,,False,"[[1170, 24], [864, 42], [1350, 96], [1152, 132], [1152, 150], [1476, 204], [1098, 312], [1422, 456], [1152, 762]]",,[],,0.45444468664253507,0.2736120373774109
2069,5,3,34.38799999999992,,13518,"[954, 270]",False,,True,0.0,False,,False,"[[1170, 18], [864, 36], [1350, 90], [1152, 126], [1152, 144], [1476, 198], [1098, 306], [1422, 450], [1152, 756], [1314, 810]]",,[],,0.45444468664253507,0.2736120373774109
2070,5,3,34.403999999999996,,13518,"[954, 270]",False,,True,0.0,False,,False,"[[1170, 12], [864, 30], [1350, 84], [1152, 120], [1152, 138], [1476, 192], [1098, 300], [1422, 444], [1152, 750], [1314, 804]]",,[],,0.454592772584607,0.27423419006849736
2071,5,3,34.42100000000005,,13518,"[954, 270]",False,,True,0.0,False,,False,"[[1170, 6], [864, 24], [1350, 78], [1152, 114], [1152, 132], [1476, 186], [1098, 294], [1422, 438], [1152, 744], [1314, 798]]",,[],,0.454592772584607,0.27423419006849736
2072,5,3,34.4380000000001,,13518,"[954, 270]",False,,True,0.0,False,,False,"[[1170, 0], [864, 18], [1350, 72], [1152, 108], [1152, 126], [1476, 180], [1098, 288], [1422, 432], [1152, 738], [1314, 792], [1134, 810]]",,[],,0.4544694206950461,0.2746933008470792
2073,5,3,34.45399999999995,,13518,"[954, 270]",False,,True,0.0,False,,False,"[[864, 12], [1350, 66], [1152, 102], [1152, 120], [1476, 174], [1098, 282], [1422, 426], [1152, 732], [1314, 786], [1134, 804]]",,[],,0.4544694206950461,0.2746933008470792
2074,5,3,34.47000000000003,,13518,"[954, 270]",False,,True,0.0,False,,False,"[[864, 6], [1350, 60], [1152, 96], [1152, 114], [1476, 168], [1098, 276], [1422, 420], [1152, 726], [1314, 780], [1134, 798]]",,[],,0.45440851047889363,0.27628131362273967
2075,5,3,34.48700000000008,,13518,"[954, 270]",False,,True,0.0,False,,False,"[[864, 0], [1350, 54], [1152, 90], [1152, 108], [1476, 162], [1098, 270], [1422, 414], [1152, 720], [1314, 774], [1134, 792]]",,[],,0.45404352454613467,0.27620510540019927
2076,5,3,34.503999999999905,,13518,"[954, 270]",False,,True,0.0,False,,False,"[[1350, 48], [1152, 84], [1152, 102], [1476, 156], [1098, 264], [1422, 408], [1152, 714], [1314, 768], [1134, 786]]",,[],,0.45423016181138187,0.27701334509947295
2077,5,3,34.51999999999998,,13518,"[954, 270]",False,,True,0.0,False,,False,"[[1350, 42], [1152, 78], [1152, 96], [1476, 150], [1098, 258], [1422, 402], [1152, 708], [1314, 762], [1134, 780]]",,[],,0.45423016181138187,0.27701334509947295
2078,5,3,34.539999999999964,,13518,"[954, 270]",False,,True,0.0,False,,False,"[[1350, 36], [1152, 72], [1152, 90], [1476, 144], [1098, 252], [1422, 396], [1152, 702], [1314, 756], [1134, 774]]",,[],,0.45387332577127665,0.2771079199318126
2079,5,3,34.557000000000016,,13518,"[954, 270]",False,,True,0.0,False,,False,"[[1350, 30], [1152, 66], [1152, 84], [1476, 138], [1098, 246], [1422, 390], [1152, 696], [1314, 750], [1134, 768]]",,[],,0.45387332577127665,0.2771079199318126
2080,5,3,34.575000000000045,,13518,"[954, 270]",False,,True,0.0,False,,False,"[[1350, 24], [1152, 60], [1152, 78], [1476, 132], [1098, 240], [1422, 384], [1152, 690], [1314, 744], [1134, 762]]",,[],,0.4527920270471325,0.2758957383370819
2081,5,3,34.590999999999894,,13518,"[954, 270]",False,,True,0.0,False,,False,"[[1350, 18], [1152, 54], [1152, 72], [1476, 126], [1098, 234], [1422, 378], [1152, 684], [1314, 738], [1134, 756]]",,[],,0.4527920270471325,0.2758957383370819
2082,5,3,34.60799999999995,,13518,"[954, 270]",False,,True,0.0,False,,False,"[[1350, 12], [1152, 48], [1152, 66], [1476, 120], [1098, 228], [1422, 372], [1152, 678], [1314, 732], [1134, 750]]",,[],,0.4593703239935067,0.25225873187609127
2083,5,3,34.624000000000024,,13518,"[954, 270]",False,,True,0.0,False,,False,"[[1350, 6], [1152, 42], [1152, 60], [1476, 114], [1098, 222], [1422, 366], [1152, 672], [1314, 726], [1134, 744]]",,[],,0.4593703239935067,0.25225873187609127
2084,5,3,34.6400000000001,,13518,"[954, 270]",False,,True,0.0,False,,False,"[[1350, 0], [1152, 36], [1152, 54], [1476, 108], [1098, 216], [1422, 360], [1152, 666], [1314, 720], [1134, 738]]",,[],,0.4626089361982267,0.24882460682111485
2085,5,3,34.65599999999995,,13518,"[954, 270]",False,,True,0.0,False,,False,"[[1152, 30], [1152, 48], [1476, 102], [1098, 210], [1422, 354], [1152, 660], [1314, 714], [1134, 732]]",,[],,0.4626089361982267,0.24882460682111485
2086,5,3,34.672000000000025,,13518,"[954, 270]",False,,True,0.0,False,,False,"[[1152, 24], [1152, 42], [1476, 96], [1098, 204], [1422, 348], [1152, 654], [1314, 708], [1134, 726]]",,[],,0.4637909970531121,0.2506743142772868
2087,5,3,34.68900000000008,,13518,"[954, 270]",False,,True,0.0,False,,False,"[[1152, 18], [1152, 36], [1476, 90], [1098, 198], [1422, 342], [1152, 648], [1314, 702], [1134, 720]]",,[],,0.4637909970531121,0.2506743142772868
2088,5,3,34.705999999999904,,13518,"[954, 270]",False,Right,True,0.0,False,,False,"[[1152, 12], [1152, 30], [1476, 84], [1098, 192], [1422, 336], [1152, 642], [1314, 696], [1134, 714]]",,[],,0.4651748018202958,0.2507725671484379
2089,5,3,34.72199999999998,,13518,"[954, 270]",False,Right,True,0.0,False,,False,"[[1146, 6], [1146, 24], [1470, 78], [1092, 186], [1416, 330], [1146, 636], [1308, 690], [1128, 708]]",,[],,0.3839025185386765,0.305529787160136
2090,5,3,34.73900000000003,,13518,"[954, 270]",False,Right,True,0.0,False,,False,"[[1140, 0], [1140, 18], [1464, 72], [1086, 180], [1410, 324], [1140, 630], [1302, 684], [1122, 702], [1446, 810]]",,[],,0.4649498676011663,0.2530176340565363
2091,5,3,34.75500000000011,,13518,"[954, 270]",False,Right,True,0.0,False,,False,"[[1134, 12], [1458, 66], [1080, 174], [1404, 318], [1134, 624], [1296, 678], [1116, 696], [1440, 804]]",,[],,0.4649498676011663,0.2530176340565363
2092,5,3,34.77099999999996,,13518,"[954, 270]",False,Right,True,0.0,False,,False,"[[1128, 6], [1452, 60], [1074, 168], [1398, 312], [1128, 618], [1290, 672], [1110, 690], [1434, 798]]",,[],,0.4664870232727491,0.25810336316715765
2093,5,3,34.787000000000035,,13518,"[954, 270]",False,Right,True,0.0,False,,False,"[[1122, 0], [1446, 54], [1068, 162], [1392, 306], [1122, 612], [1284, 666], [1104, 684], [1428, 792], [1104, 810]]",,[],,0.4663979049333988,0.25879093619100657
2094,5,3,34.805000000000064,,13518,"[954, 270]",False,Right,True,0.0,False,,False,"[[1440, 48], [1062, 156], [1386, 300], [1116, 606], [1278, 660], [1098, 678], [1422, 786], [1098, 804]]",,[],,0.466906998911377,0.26101414258813493
2095,5,3,34.822000000000116,,13518,"[954, 270]",False,Right,True,0.0,False,,False,"[[1434, 42], [1056, 150], [1380, 294], [1110, 600], [1272, 654], [1092, 672], [1416, 780], [1092, 798]]",,[],,0.4673486346587269,0.2635766748921655
2096,5,3,34.83699999999999,,13518,"[954, 270]",False,Right,True,0.0,False,,False,"[[1428, 36], [1050, 144], [1374, 288], [1104, 594], [1266, 648], [1086, 666], [1410, 774], [1086, 792]]",,[],,0.4682049543379039,0.26751331292379943
2097,5,3,34.85400000000004,,13518,"[954, 270]",False,Right,True,0.0,False,,False,"[[1422, 30], [1044, 138], [1368, 282], [1098, 588], [1260, 642], [1080, 660], [1404, 768], [1080, 786]]",,[],,0.4682049543379039,0.26751331292379943
2098,5,3,34.86999999999989,,13518,"[954, 270]",False,Right,True,0.0,False,,False,"[[1416, 24], [1038, 132], [1362, 276], [1092, 582], [1254, 636], [1074, 654], [1398, 762], [1074, 780]]",,[],,0.4688147640930168,0.2687376228382765
2099,5,3,34.886999999999944,,13518,"[954, 270]",False,Right,True,0.0,False,,False,"[[1410, 18], [1032, 126], [1356, 270], [1086, 576], [1248, 630], [1068, 648], [1392, 756], [1068, 774]]",,[],,0.4692772933210982,0.27192437438271533
2100,5,3,34.90300000000002,,13518,"[954, 270]",False,Right,True,0.0,False,,False,"[[1404, 12], [1026, 120], [1350, 264], [1080, 570], [1242, 624], [1062, 642], [1386, 750], [1062, 768]]",,[],,0.47003930723876347,0.2736815297095778
2101,5,3,34.92000000000007,,13518,"[954, 270]",False,Right,True,0.0,False,,False,"[[1398, 6], [1020, 114], [1344, 258], [1074, 564], [1236, 618], [1056, 636], [1380, 744], [1056, 762]]",,[],,0.4694869011251219,0.2742622990012952
2102,5,3,34.9369999999999,,13518,"[954, 270]",False,Right,True,0.0,False,,False,"[[1392, 0], [1014, 108], [1338, 252], [1068, 558], [1230, 612], [1050, 630], [1374, 738], [1050, 756]]",,[],,0.468668723963204,0.27569802659396225
2103,5,3,34.95499999999993,,13518,"[954, 270]",False,Right,True,0.0,False,,False,"[[1008, 102], [1332, 246], [1062, 552], [1224, 606], [1044, 624], [1368, 732], [1044, 750]]",,[],,0.468668723963204,0.27569802659396225
2104,5,3,34.971000000000004,,13518,"[954, 270]",False,Right,True,0.0,False,,False,"[[1002, 96], [1326, 240], [1056, 546], [1218, 600], [1038, 618], [1362, 726], [1038, 744]]",,[],,0.46744876966337073,0.2770027768468373
2105,5,3,34.98700000000008,,13518,"[954, 270]",False,Right,True,0.0,False,,False,"[[996, 90], [1320, 234], [1050, 540], [1212, 594], [1032, 612], [1356, 720], [1032, 738]]",,[],,0.4662234852350687,0.2792533141110991
2106,5,3,35.003999999999905,,13518,"[954, 270]",False,Right,True,0.0,False,,False,"[[990, 84], [1314, 228], [1044, 534], [1206, 588], [1026, 606], [1350, 714], [1026, 732]]",,[],,0.4659743149994971,0.2806764395318815
2107,5,3,35.01999999999998,,13518,"[954, 270]",False,Right,True,0.0,False,,False,"[[984, 78], [1308, 222], [1038, 528], [1200, 582], [1020, 600], [1344, 708], [1020, 726]]",,[],,0.4660813135525676,0.28122545599742355
2108,5,3,35.037000000000035,,13518,"[954, 270]",False,Right,True,0.0,False,,False,"[[978, 72], [1302, 216], [1032, 522], [1194, 576], [1014, 594], [1338, 702], [1014, 720]]",,[],,0.3812005498949601,0.32721950449991233
2109,5,3,35.055000000000064,,13518,"[954, 270]",False,Right,True,0.0,False,,False,"[[972, 66], [1296, 210], [1026, 516], [1188, 570], [1008, 588], [1332, 696], [1008, 714]]",,[],,0.3812005498949601,0.32721950449991233
2110,5,3,35.07099999999991,,13518,"[954, 270]",False,Right,True,0.0,False,,False,"[[966, 60], [1290, 204], [1020, 510], [1182, 564], [1002, 582], [1326, 690], [1002, 708]]",,[],,0.4663325341655137,0.286201353693768
2111,5,3,35.087999999999965,,13518,"[954, 270]",False,Right,True,0.0,False,,False,"[[960, 54], [1284, 198], [1014, 504], [1176, 558], [996, 576], [1320, 684], [996, 702]]",,[],,0.4664158874988632,0.2888109412518195
2112,5,3,35.10400000000004,,13518,"[954, 270]",False,Right,True,0.0,False,,False,"[[954, 48], [1278, 192], [1008, 498], [1170, 552], [990, 570], [1314, 678], [990, 696]]",,[],,0.46584588669113147,0.2915087063845031
2113,5,3,35.12200000000007,,13518,"[954, 270]",False,,True,0.0,False,,False,"[[948, 42], [1272, 186], [1002, 492], [1164, 546], [984, 564], [1308, 672], [984, 690]]",,[],,0.46560898901983433,0.2926649543963199
2114,5,3,35.13799999999992,,13518,"[954, 270]",False,,True,0.0,False,,False,"[[948, 36], [1272, 180], [1002, 486], [1164, 540], [984, 558], [1308, 666], [984, 684]]",,[],,0.4652925713341062,0.2935024682338051
2115,5,3,35.153999999999996,,13518,"[954, 270]",False,,True,0.0,False,,False,"[[948, 30], [1272, 174], [1002, 480], [1164, 534], [984, 552], [1308, 660], [984, 678]]",,[],,0.4587880783702743,0.28351103298997327
2116,5,3,35.17100000000005,,13518,"[954, 270]",False,,True,0.0,False,,False,"[[948, 24], [1272, 168], [1002, 474], [1164, 528], [984, 546], [1308, 654], [984, 672]]",,[],,0.4562089604808941,0.2675984666003727
2117,5,3,35.1869999999999,,13518,"[954, 270]",False,,True,0.0,False,,False,"[[948, 18], [1272, 162], [1002, 468], [1164, 522], [984, 540], [1308, 648], [984, 666]]",,[],,0.45606627429135915,0.26548516541283895
2118,5,3,35.20499999999993,,13518,"[954, 270]",False,Left,True,0.0,False,,False,"[[948, 12], [1272, 156], [1002, 462], [1164, 516], [984, 534], [1308, 642], [984, 660]]",,[],,0.45639143038624985,0.2660261671703765
2119,5,3,35.221000000000004,,13518,"[954, 270]",False,Left,True,0.0,False,,False,"[[954, 6], [1278, 150], [1008, 456], [1170, 510], [990, 528], [1314, 636], [990, 654]]",,[],,0.45645350919383587,0.2650140471022565
2120,5,3,35.236000000000104,,13518,"[954, 270]",False,Left,True,0.0,False,,False,"[[960, 0], [1284, 144], [1014, 450], [1176, 504], [996, 522], [1320, 630], [996, 648]]",,[],,0.4564408198113304,0.26599153422017785
2121,5,3,35.25299999999993,,13518,"[954, 270]",False,Left,True,0.0,False,,False,"[[1290, 138], [1020, 444], [1182, 498], [1002, 516], [1326, 624], [1002, 642]]",,[],,0.45808148772288304,0.2682845706715903
2122,5,3,35.269000000000005,,13518,"[954, 270]",False,Left,True,0.0,False,,False,"[[1296, 132], [1026, 438], [1188, 492], [1008, 510], [1332, 618], [1008, 636]]",,[],,0.4589945175937948,0.27133115444154277
2123,5,3,35.28500000000008,,13518,"[954, 270]",False,Left,True,0.0,False,,False,"[[1302, 126], [1032, 432], [1194, 486], [1014, 504], [1338, 612], [1014, 630]]",,[],,0.45789918537220986,0.2742685411888103
2124,5,3,35.30199999999991,,13518,"[954, 270]",False,Left,True,0.0,False,,False,"[[1308, 120], [1038, 426], [1200, 480], [1020, 498], [1344, 606], [1020, 624]]",,[],,0.45721196887485005,0.27562448187933564
2125,5,3,35.31899999999996,,13518,"[954, 270]",False,Left,True,0.0,False,,False,"[[1314, 114], [1044, 420], [1206, 474], [1026, 492], [1350, 600], [1026, 618]]",,[],,0.4565711890320755,0.27750567557710026
2126,5,3,35.33600000000001,,13518,"[954, 270]",False,Left,True,0.0,False,,False,"[[1320, 108], [1050, 414], [1212, 468], [1032, 486], [1356, 594], [1032, 612]]",,[],,0.45577522414066973,0.27789956213848666
2127,5,3,35.35200000000009,,13518,"[954, 270]",False,Left,True,0.0,False,,False,"[[1326, 102], [1056, 408], [1218, 462], [1038, 480], [1362, 588], [1038, 606]]",,[],,0.45451401635455585,0.2801663985083819
2128,5,3,35.368999999999915,,13518,"[954, 270]",False,Left,True,0.0,False,,False,"[[1332, 96], [1062, 402], [1224, 456], [1044, 474], [1368, 582], [1044, 600]]",,[],,0.45423237805625594,0.27995509805421337
2129,5,3,35.38599999999997,,13518,"[954, 270]",False,Left,True,0.0,False,,False,"[[1338, 90], [1068, 396], [1230, 450], [1050, 468], [1374, 576], [1050, 594]]",,[],,0.45398717349035006,0.28099818917178554
2130,5,3,35.402000000000044,,13518,"[954, 270]",False,Left,True,0.0,False,,False,"[[1344, 84], [1074, 390], [1236, 444], [1056, 462], [1380, 570], [1056, 588]]",,[],,0.45398717349035006,0.28099818917178554
2131,5,3,35.42000000000007,,13518,"[954, 270]",False,Left,True,0.0,False,,False,"[[1350, 78], [1080, 384], [1242, 438], [1062, 456], [1386, 564], [1062, 582]]",,[],,0.45393032215649,0.2814384947954067
2132,5,3,35.4369999999999,,13518,"[954, 270]",False,Left,True,0.0,False,,False,"[[1356, 72], [1086, 378], [1248, 432], [1068, 450], [1392, 558], [1068, 576]]",,[],,0.4541906555851787,0.2817618720467946
2133,5,3,35.45499999999993,,13518,"[954, 270]",False,Left,True,0.0,False,,False,"[[1362, 66], [1092, 372], [1254, 426], [1074, 444], [1398, 552], [1074, 570]]",,[],,0.45363173094360887,0.2817429366991152
2134,5,3,35.471000000000004,,13518,"[954, 270]",False,Left,True,0.0,False,,False,"[[1368, 60], [1098, 366], [1260, 420], [1080, 438], [1404, 546], [1080, 564]]",,[],,0.454144888297357,0.2834095402088007
2135,5,3,35.48700000000008,,13518,"[954, 270]",False,Left,True,0.0,False,,False,"[[1374, 54], [1104, 360], [1266, 414], [1086, 432], [1410, 540], [1086, 558]]",,[],,0.45537428319382095,0.2843289665832821
2136,5,3,35.503999999999905,,13518,"[954, 270]",False,,True,0.0,False,,False,"[[1380, 48], [1110, 354], [1272, 408], [1092, 426], [1416, 534], [1092, 552]]",,[],,0.45537428319382095,0.2843289665832821
2137,5,3,35.51999999999998,,13518,"[954, 270]",False,,True,0.0,False,,False,"[[1380, 42], [1110, 348], [1272, 402], [1092, 420], [1416, 528], [1092, 546]]",,[],,0.4565395955705858,0.2860883131797144
2138,5,3,35.537000000000035,,13518,"[954, 270]",False,,True,0.0,False,,False,"[[1380, 36], [1110, 342], [1272, 396], [1092, 414], [1416, 522], [1092, 540]]",,[],,0.45649216689735655,0.2868453807084884
2139,5,3,35.55300000000011,,13518,"[954, 270]",False,,True,0.0,False,,False,"[[1380, 30], [1110, 336], [1272, 390], [1092, 408], [1416, 516], [1092, 534]]",,[],,0.45731239621640574,0.28822121324298455
2140,5,3,35.569999999999936,,13518,"[954, 270]",False,,True,0.0,False,,False,"[[1380, 24], [1110, 330], [1272, 384], [1092, 402], [1416, 510], [1092, 528]]",,[],,0.45731239621640574,0.28822121324298455
2141,5,3,35.58600000000001,,13518,"[954, 270]",False,,True,0.0,False,,False,"[[1380, 18], [1110, 324], [1272, 378], [1092, 396], [1416, 504], [1092, 522]]",,[],,0.45634132915100867,0.291290350673001
2142,5,3,35.603000000000065,,13518,"[954, 270]",False,,True,0.0,False,,False,"[[1380, 12], [1110, 318], [1272, 372], [1092, 390], [1416, 498], [1092, 516]]",,[],,0.45634132915100867,0.291290350673001
2143,5,3,35.618999999999915,,13518,"[954, 270]",False,,True,0.0,False,,False,"[[1380, 6], [1110, 312], [1272, 366], [1092, 384], [1416, 492], [1092, 510]]",,[],,0.4555192735169271,0.2921588031897393
2144,5,3,35.63599999999997,,13518,"[954, 270]",False,,True,0.0,False,,False,"[[1380, 0], [1110, 306], [1272, 360], [1092, 378], [1416, 486], [1092, 504]]",,[],,0.4590883728004645,0.34342604869934346
2145,5,3,35.65300000000002,,13518,"[954, 270]",False,,True,0.0,False,,False,"[[1110, 300], [1272, 354], [1092, 372], [1416, 480], [1092, 498]]",,[],,0.46197392328115666,0.2625903831019365
2146,5,3,35.669000000000096,,13518,"[954, 270]",False,,True,0.0,False,,False,"[[1110, 294], [1272, 348], [1092, 366], [1416, 474], [1092, 492]]",,[],,0.46197392328115666,0.2625903831019365
2147,5,3,35.68599999999992,,13518,"[954, 270]",False,,True,0.0,False,,False,"[[1110, 288], [1272, 342], [1092, 360], [1416, 468], [1092, 486]]",,[],,0.46276921106765156,0.2515359999101595
2148,5,3,35.702999999999975,,13518,"[954, 270]",False,,True,0.0,False,,False,"[[1110, 282], [1272, 336], [1092, 354], [1416, 462], [1092, 480]]",,[],,0.46276921106765156,0.2515359999101595
2149,5,3,35.72000000000003,,13518,"[954, 270]",False,,True,0.0,False,,False,"[[1110, 276], [1272, 330], [1092, 348], [1416, 456], [1092, 474]]",,[],,0.4625740857130053,0.2515333084583219
2150,5,3,35.736000000000104,,13518,"[954, 270]",False,,True,0.0,False,,False,"[[1110, 270], [1272, 324], [1092, 342], [1416, 450], [1092, 468]]",,[],,0.46210226542131216,0.2525093277896605
2151,5,3,35.75299999999993,,13518,"[954, 270]",False,,True,0.0,False,,False,"[[1110, 264], [1272, 318], [1092, 336], [1416, 444], [1092, 462]]",,[],,0.45939713281804906,0.32095179436508947
2152,5,3,35.76999999999998,,13518,"[954, 270]",False,,True,0.0,False,,False,"[[1110, 258], [1272, 312], [1092, 330], [1416, 438], [1092, 456]]",,[],,0.45939713281804906,0.32095179436508947
2153,5,3,35.78600000000006,,13518,"[954, 270]",False,,True,0.0,False,,False,"[[1110, 252], [1272, 306], [1092, 324], [1416, 432], [1092, 450]]",,[],,0.46516936081621774,0.2533448888347648
2154,5,3,35.80199999999991,,13518,"[954, 270]",False,,True,0.0,False,,False,"[[1110, 246], [1272, 300], [1092, 318], [1416, 426], [1092, 444]]",,[],,0.46516936081621774,0.2533448888347648
2155,5,3,35.81899999999996,,13518,"[954, 270]",False,,True,0.0,False,,False,"[[1110, 240], [1272, 294], [1092, 312], [1416, 420], [1092, 438]]",,[],,0.46493657338642425,0.2547487154782162
2156,5,3,35.83600000000001,,13518,"[954, 270]",False,,True,0.0,False,,False,"[[1110, 234], [1272, 288], [1092, 306], [1416, 414], [1092, 432]]",,[],,0.46493657338642425,0.2547487154782162
2157,5,3,35.853000000000065,,13518,"[954, 270]",False,,True,0.0,False,,False,"[[1110, 228], [1272, 282], [1092, 300], [1416, 408], [1092, 426]]",,[],,0.4645176467893938,0.256433632500636
2158,5,3,35.868999999999915,,13518,"[954, 270]",False,,True,0.0,False,,False,"[[1110, 222], [1272, 276], [1092, 294], [1416, 402], [1092, 420]]",,[],,0.4645176467893938,0.256433632500636
2159,5,3,35.88499999999999,,13518,"[954, 270]",False,,True,0.0,False,,False,"[[1110, 216], [1272, 270], [1092, 288], [1416, 396], [1092, 414]]",,[],,0.46334402902084,0.2594197822159586
2160,5,3,35.902000000000044,,13518,"[954, 270]",False,,True,0.0,False,,False,"[[1110, 210], [1272, 264], [1092, 282], [1416, 390], [1092, 408]]",,[],,0.46334402902084,0.2594197822159586
2161,5,3,35.92000000000007,,13518,"[954, 270]",False,,True,0.0,False,,False,"[[1110, 204], [1272, 258], [1092, 276], [1416, 384], [1092, 402]]",,[],,0.46349301153363137,0.26168832430084876
2162,5,3,35.93599999999992,,13518,"[954, 270]",False,,True,0.0,False,,False,"[[1110, 198], [1272, 252], [1092, 270], [1416, 378], [1092, 396]]",,[],,0.46349301153363137,0.26168832430084876
2163,5,3,35.952999999999975,,13518,"[954, 270]",False,,True,0.0,False,,False,"[[1110, 192], [1272, 246], [1092, 264], [1416, 372], [1092, 390]]",,[],,0.3760669720854556,0.3147575369008202
2164,5,3,35.97000000000003,,13518,"[954, 270]",False,,True,0.0,False,,False,"[[1110, 186], [1272, 240], [1092, 258], [1416, 366], [1092, 384]]",,[],,0.3760669720854556,0.3147575369008202
2165,5,3,35.986000000000104,,13518,"[954, 270]",False,,True,0.0,False,,False,"[[1110, 180], [1272, 234], [1092, 252], [1416, 360], [1092, 378]]",,[],,0.3884596038982161,0.1777249927618183
2166,5,3,36.00299999999993,,13518,"[954, 270]",False,,True,0.0,False,,False,"[[1110, 174], [1272, 228], [1092, 246], [1416, 354], [1092, 372]]",,[],,0.3884596038982161,0.1777249927618183
2167,5,3,36.01999999999998,,13518,"[954, 270]",False,,True,0.0,False,,False,"[[1110, 168], [1272, 222], [1092, 240], [1416, 348], [1092, 366]]",,[],,0.4620200367720518,0.3253006850584409
2168,5,3,36.037000000000035,,13518,"[954, 270]",False,,True,0.0,False,,False,"[[1110, 162], [1272, 216], [1092, 234], [1416, 342], [1092, 360]]",,[],,0.4620200367720518,0.3253006850584409
2169,5,3,36.05400000000009,,13518,"[954, 270]",False,,True,0.0,False,,False,"[[1110, 156], [1272, 210], [1092, 228], [1416, 336], [1092, 354]]",,[],,0.5104833842482515,0.19848047319172146
2170,5,3,36.069999999999936,,13518,"[954, 270]",False,,True,0.0,False,,False,"[[1110, 150], [1272, 204], [1092, 222], [1416, 330], [1092, 348]]",,[],,0.5104833842482515,0.19848047319172146
2171,5,3,36.08699999999999,,13518,"[954, 270]",False,,True,0.0,False,,False,"[[1110, 144], [1272, 198], [1092, 216], [1416, 324], [1092, 342]]",,[],,0.20868126914858637,-0.018366384806376645
2172,5,3,36.10400000000004,,13518,"[954, 270]",False,,True,0.0,False,,False,"[[1110, 138], [1272, 192], [1092, 210], [1416, 318], [1092, 336]]",,[],,0.20868126914858637,-0.018366384806376645
2173,5,3,36.12200000000007,,13518,"[954, 270]",False,,True,0.0,False,,False,"[[1110, 132], [1272, 186], [1092, 204], [1416, 312], [1092, 330]]",,[],,0.46590203967105526,0.23349199675078025
2174,5,3,36.138999999999896,,13518,"[954, 270]",False,,True,0.0,False,,False,"[[1110, 126], [1272, 180], [1092, 198], [1416, 306], [1092, 324]]",,[],,0.46590203967105526,0.23349199675078025
2175,5,3,36.15599999999995,,13518,"[954, 270]",False,,True,0.0,False,,False,"[[1110, 120], [1272, 174], [1092, 192], [1416, 300], [1092, 318]]",,[],,0.3822314717574618,0.3036354440728215
2176,5,3,36.172000000000025,,13518,"[954, 270]",False,,True,0.0,False,,False,"[[1110, 114], [1272, 168], [1092, 186], [1416, 294], [1092, 312]]",,[],,0.4652886228104508,0.23168385398619806
2177,5,3,36.1880000000001,,13518,"[954, 270]",False,,True,0.0,False,,False,"[[1110, 108], [1272, 162], [1092, 180], [1416, 288], [1092, 306]]",,[],,0.4643891673955899,0.2274252308164595
2178,5,3,36.20399999999995,,13518,"[954, 270]",False,,True,0.0,False,,False,"[[1110, 102], [1272, 156], [1092, 174], [1416, 282], [1092, 300]]",,[],,0.4643891673955899,0.2274252308164595
2179,5,3,36.221000000000004,,13518,"[954, 270]",False,,True,0.0,False,,False,"[[1110, 96], [1272, 150], [1092, 168], [1416, 276], [1092, 294]]",,[],,0.46184856496657306,0.22758762103429886
2180,5,3,36.23700000000008,,13518,"[954, 270]",False,,True,0.0,False,,False,"[[1110, 90], [1272, 144], [1092, 162], [1416, 270], [1092, 288]]",,[],,0.46184856496657306,0.22758762103429886
2181,5,3,36.25299999999993,,13518,"[954, 270]",False,,True,0.0,False,,False,"[[1110, 84], [1272, 138], [1092, 156], [1416, 264], [1092, 282]]",,[],,0.4619948333973685,0.2284107800032722
2182,5,3,36.269000000000005,,13518,"[954, 270]",False,,True,0.0,False,,False,"[[1110, 78], [1272, 132], [1092, 150], [1416, 258], [1092, 276]]",,[],,0.4619948333973685,0.2284107800032722
2183,5,3,36.28600000000006,,13518,"[954, 270]",False,Right,True,0.0,False,,False,"[[1110, 72], [1272, 126], [1092, 144], [1416, 252], [1092, 270]]",,[],,0.4622630366643306,0.22997719233693437
2184,5,3,36.30099999999993,,13518,"[954, 270]",False,Right,True,0.0,False,,False,"[[1104, 66], [1266, 120], [1086, 138], [1410, 246], [1086, 264]]",,[],,0.4622630366643306,0.22997719233693437
2185,5,3,36.317999999999984,,13518,"[954, 270]",False,Right,True,0.0,False,,False,"[[1098, 60], [1260, 114], [1080, 132], [1404, 240], [1080, 258]]",,[],,0.4627281308624308,0.23460624325607116
2186,5,3,36.33400000000006,,13518,"[954, 270]",False,Right,True,0.0,False,,False,"[[1092, 54], [1254, 108], [1074, 126], [1398, 234], [1074, 252]]",,[],,0.4627281308624308,0.23460624325607116
2187,5,3,36.34999999999991,,13518,"[954, 270]",False,Right,True,0.0,False,,False,"[[1086, 48], [1248, 102], [1068, 120], [1392, 228], [1068, 246]]",,[],,0.4623690085909504,0.23610380663233566
2188,5,3,36.36699999999996,,13518,"[954, 270]",False,Right,True,0.0,False,,False,"[[1080, 42], [1242, 96], [1062, 114], [1386, 222], [1062, 240]]",,[],,0.4623690085909504,0.23610380663233566
2189,5,3,36.38300000000004,,13518,"[954, 270]",False,Right,True,0.0,False,,False,"[[1074, 36], [1236, 90], [1056, 108], [1380, 216], [1056, 234]]",,[],,0.4616615811590945,0.2364610209771557
2190,5,3,36.40100000000007,,13518,"[954, 270]",False,,True,0.0,False,,False,"[[1068, 30], [1230, 84], [1050, 102], [1374, 210], [1050, 228]]",,[],,0.4616615811590945,0.2364610209771557
2191,5,3,36.416999999999916,,13518,"[954, 270]",False,,True,0.0,False,,False,"[[1068, 24], [1230, 78], [1050, 96], [1374, 204], [1050, 222]]",,[],,0.46162208763549833,0.24124302445260482
2192,5,3,36.43299999999999,,13518,"[954, 270]",False,,True,0.0,False,,False,"[[1068, 18], [1230, 72], [1050, 90], [1374, 198], [1050, 216]]",,[],,0.46162208763549833,0.24124302445260482
2193,5,3,36.450000000000045,,13518,"[954, 270]",False,,True,0.0,False,,False,"[[1068, 12], [1230, 66], [1050, 84], [1374, 192], [1050, 210]]",,[],,0.46200727902657207,0.2439851285181902
2194,5,3,36.4670000000001,,13518,"[954, 270]",False,,True,0.0,False,,False,"[[1068, 6], [1230, 60], [1050, 78], [1374, 186], [1050, 204]]",,[],,0.46200727902657207,0.2439851285181902
2195,5,3,36.483999999999924,,13518,"[954, 270]",False,,True,0.0,False,,False,"[[1068, 0], [1230, 54], [1050, 72], [1374, 180], [1050, 198]]",,[],,0.4630171984035993,0.24715959909220375
2196,5,3,36.500999999999976,,13518,"[954, 270]",False,,True,0.0,False,,False,"[[1230, 48], [1050, 66], [1374, 174], [1050, 192]]",,[],,0.4630171984035993,0.24715959909220375
2197,5,3,36.51700000000005,,13518,"[954, 270]",False,,True,0.0,False,,False,"[[1230, 42], [1050, 60], [1374, 168], [1050, 186]]",,[],,0.4636133616807573,0.24928632339564538
2198,5,3,36.534000000000106,,13518,"[954, 270]",False,,True,0.0,False,,False,"[[1230, 36], [1050, 54], [1374, 162], [1050, 180]]",,[],,0.4636133616807573,0.24928632339564538
2199,5,3,36.549999999999955,,13518,"[954, 270]",False,,True,0.0,False,,False,"[[1230, 30], [1050, 48], [1374, 156], [1050, 174]]",,[],,0.4626359591830197,0.24932427647842736
2200,5,3,36.56600000000003,,13518,"[954, 270]",False,,True,0.0,False,,False,"[[1230, 24], [1050, 42], [1374, 150], [1050, 168]]",,[],,0.4626359591830197,0.24932427647842736
2201,5,3,36.58200000000011,,13518,"[954, 270]",False,,True,0.0,False,,False,"[[1230, 18], [1050, 36], [1374, 144], [1050, 162]]",,[],,0.4613441913880892,0.2502128817522775
2202,5,3,36.597999999999956,,13518,"[954, 270]",False,,True,0.0,False,,False,"[[1230, 12], [1050, 30], [1374, 138], [1050, 156]]",,[],,0.46135771050201135,0.250328794964385
2203,5,3,36.61400000000003,,13518,"[954, 270]",False,,True,0.0,False,,False,"[[1230, 6], [1050, 24], [1374, 132], [1050, 150]]",,[],,0.4594677955475057,0.25140691426262185
2204,5,3,36.631000000000085,,13518,"[954, 270]",False,,True,0.0,False,,False,"[[1230, 0], [1050, 18], [1374, 126], [1050, 144]]",,[],,0.4594677955475057,0.25140691426262185
2205,5,3,36.646999999999935,,13518,"[954, 270]",False,,True,0.0,False,,False,"[[1050, 12], [1374, 120], [1050, 138]]",,[],,0.45911021717117767,0.2529108171134463
2206,5,3,36.66399999999999,,13518,"[954, 270]",False,,True,0.0,False,,False,"[[1050, 6], [1374, 114], [1050, 132]]",,[],,0.45924290742422896,0.25512680171661883
2207,5,3,36.68100000000004,,13518,"[954, 270]",False,Right,True,0.0,False,,False,"[[1050, 0], [1374, 108], [1050, 126]]",,[],,0.459562818665741,0.2564569910858646
2208,5,3,36.69800000000009,,13518,"[954, 270]",False,Right,True,0.0,False,,False,"[[1368, 102], [1044, 120]]",,[],,0.4596533389838342,0.25676805912467837
2209,5,3,36.71499999999992,,13518,"[954, 270]",False,Right,True,0.0,False,,False,"[[1362, 96], [1038, 114]]",,[],,0.4600380418292077,0.2564527373493686
2210,5,3,36.730999999999995,,13518,"[954, 270]",False,Right,True,0.0,False,,False,"[[1356, 90], [1032, 108]]",,[],,0.4600380418292077,0.2564527373493686
2211,5,3,36.74800000000005,,13518,"[954, 270]",False,Right,True,0.0,False,,False,"[[1350, 84], [1026, 102]]",,[],,0.45960265502410697,0.25862232859996304
2212,5,3,36.7650000000001,,13518,"[954, 270]",False,Right,True,0.0,False,,False,"[[1344, 78], [1020, 96]]",,[],,0.4625247588338904,0.24539777498802207
2213,5,3,36.781999999999925,,13518,"[954, 270]",False,Right,True,0.0,False,,False,"[[1338, 72], [1014, 90]]",,[],,0.4691701569160111,0.2152272660927158
2214,5,3,36.79899999999998,,13518,"[954, 270]",False,Right,True,0.0,False,,False,"[[1332, 66], [1008, 84]]",,[],,0.46814437328234815,0.21354871796239316
2215,5,3,36.815000000000055,,13518,"[954, 270]",False,Right,True,0.0,False,,False,"[[1326, 60], [1002, 78]]",,[],,0.46894316788505525,0.21574810672200584
2216,5,3,36.83200000000011,,13518,"[954, 270]",False,Right,True,0.0,False,,False,"[[1320, 54], [996, 72]]",,[],,0.46894316788505525,0.21574810672200584
2217,5,3,36.84899999999993,,13518,"[954, 270]",False,Right,True,0.0,False,,False,"[[1314, 48], [990, 66]]",,[],,0.4707764463964817,0.23318231487625207
2218,5,3,36.865999999999985,,13518,"[954, 270]",False,Right,True,0.0,False,,False,"[[1308, 42], [984, 60]]",,[],,0.4705309845288335,0.2314657151921823
2219,5,3,36.88300000000004,,13518,"[954, 270]",False,Right,True,0.0,False,,False,"[[1302, 36], [978, 54]]",,[],,0.4715656571208381,0.23693780991345448
2220,5,3,36.899000000000115,,13518,"[954, 270]",False,Right,True,0.0,False,,False,"[[1296, 30], [972, 48]]",,[],,0.4715656571208381,0.23693780991345448
2221,5,3,36.914999999999964,,13518,"[954, 270]",False,Right,True,0.0,False,,False,"[[1290, 24], [966, 42]]",,[],,0.47116133873909966,0.2384092178502093
2222,5,3,36.93100000000004,,13518,"[954, 270]",False,Right,True,0.0,False,,False,"[[1284, 18], [960, 36]]",,[],,0.47053749858004795,0.2407863030002182
2223,5,3,36.94800000000009,,13518,"[954, 270]",False,Right,True,0.0,False,,False,"[[1278, 12], [954, 30]]",,[],,0.47072225098421133,0.24399992280288407
2224,5,3,36.96499999999992,,13518,"[954, 270]",False,Right,True,0.0,False,,False,"[[1272, 6], [948, 24]]",,[],,0.47125079139515125,0.2438043337433028
2225,5,3,36.98199999999997,,13518,"[954, 270]",False,Right,True,0.0,False,,False,"[[1266, 0], [942, 18]]",,[],,0.4708805285885692,0.24380958421764798
2226,5,3,36.999000000000024,,13518,"[954, 270]",False,Right,True,0.0,False,,False,"[[936, 12]]",,[],,0.4708805285885692,0.24380958421764798
2227,5,3,37.0150000000001,,13518,"[954, 270]",False,Right,True,0.0,False,,False,"[[930, 6]]",,[],,0.4709753065030191,0.24576824417136545
2228,5,3,37.031999999999925,,13518,"[954, 270]",False,Right,True,0.0,False,,False,"[[924, 0]]",,[],,0.47044477150424513,0.2436836512568985
2229,5,3,37.048,,13518,"[954, 270]",False,Right,True,0.0,False,,False,[],,[],,0.4698062737970302,0.24331850319877002
2230,5,3,37.065000000000055,,13518,"[954, 270]",False,Right,True,0.0,False,,False,[],,[],,0.4698062737970302,0.24331850319877002
2231,5,3,37.080999999999904,,13518,"[954, 270]",False,,True,0.0,False,,False,[],,[],,0.46823176365756725,0.24647316694428067
2232,5,3,37.097999999999956,,13518,"[954, 270]",False,,True,0.0,False,,False,[],,[],,0.46830063935825245,0.24813220720966678
2233,5,3,37.11400000000003,,13518,"[954, 270]",False,,True,0.0,False,,False,[],,[],,0.46701905346541306,0.25011262421436586
2234,5,3,37.131000000000085,,13518,"[954, 270]",False,,True,0.0,False,,False,[],,[],,0.4576852356845179,0.23515911738025808
2235,5,3,37.14799999999991,,13518,"[954, 270]",False,,True,0.0,False,,False,[],,[],,0.45179521248705556,0.22594824770893496
2236,5,3,37.16399999999999,,13518,"[954, 270]",False,,True,0.0,False,,False,[],,[],,0.4502731390011444,0.2222705995996973
2237,5,3,37.180000000000064,,13518,"[954, 270]",False,,True,0.0,False,,False,[],,[],,0.4499202577109654,0.22148549466790224
2238,5,3,37.19599999999991,,13518,"[954, 270]",False,,True,0.0,False,,False,[],,[],,0.449063474425345,0.21814351722373349
2239,5,3,37.212999999999965,,13518,"[954, 270]",False,,True,0.0,False,,False,[],,[],,0.44875275398646497,0.2160961751350573
2240,5,3,37.22900000000004,,13518,"[954, 270]",False,,True,0.0,False,,False,[],,[],,0.4509864895944097,0.2179131665811045
2241,5,3,37.24499999999989,,13518,"[954, 270]",False,,True,0.0,False,,False,[],,[],,0.4510174601710838,0.21927571792737233
2242,5,3,37.261999999999944,,13518,"[954, 270]",False,,True,0.0,False,,False,[],,[],,0.4509527413530268,0.21865456570451913
2243,5,3,37.27800000000002,,13518,"[954, 270]",False,,True,0.0,False,,False,[],,[],,0.4509527413530268,0.21865456570451913
2244,5,3,37.29500000000007,,13518,"[954, 270]",False,,True,0.0,False,,False,[],,[],,0.4522126904526439,0.2155863601578072
2245,5,3,37.3130000000001,,13518,"[954, 270]",False,,True,0.0,False,,False,[],,[],,0.4518713829147544,0.21481834353106055
2246,5,3,37.32899999999995,,13518,"[954, 270]",False,,True,0.0,False,,False,[],,[],,0.451901365927592,0.2130898527508963
2247,5,3,37.346000000000004,,13518,"[954, 270]",False,,True,0.0,False,,False,[],,[],,0.451901365927592,0.2130898527508963
2248,5,3,37.36200000000008,,13518,"[954, 270]",False,,True,0.0,False,,False,[],,[],,0.451512627857319,0.20696457581026317
2249,5,3,37.37799999999993,,13518,"[954, 270]",False,,True,0.0,False,,False,[],,[],,0.451512627857319,0.20696457581026317
2250,5,3,37.39599999999996,,13518,"[954, 270]",False,Left,True,0.0,False,,False,[],,[],,0.4493212972474271,0.19959012016196875
2251,5,3,37.41100000000006,,13518,"[954, 270]",False,Left,True,0.0,False,,False,[],,[],,0.44867423583436744,0.19881713814854218
2252,5,3,37.430000000000064,,13518,"[954, 270]",False,Left,True,0.0,False,,False,[],,[],,0.4479464491761411,0.19566018520174533
2253,5,3,37.44599999999991,,13518,"[954, 270]",False,Left,True,0.0,False,,False,[],,[],,0.4479464491761411,0.19566018520174533
2254,5,3,37.46399999999994,,13518,"[954, 270]",False,Left,True,0.0,False,,False,[],,[],,0.4462731304810429,0.18665434661432756
2255,5,3,37.48000000000002,,13518,"[954, 270]",False,Left,True,0.0,False,,False,[],,[],,0.4449262303218979,0.18146814828355384
2256,5,3,37.496000000000095,,13518,"[954, 270]",False,Left,True,0.0,False,,False,[],,[],,0.4471518140955603,0.1790400126155205
2257,5,3,37.51299999999992,,13518,"[954, 270]",False,,True,0.0,False,,False,[],,[],,0.44769750783475526,0.17970915681666277
2258,5,3,37.52800000000002,,13518,"[954, 270]",False,,True,0.0,False,,False,[],,[],,0.4491678133434583,0.1793598143392694
2259,5,3,37.54500000000007,,13518,"[954, 270]",False,,True,0.0,False,,False,[],,[],,0.4491678133434583,0.1793598143392694
2260,5,3,37.5619999999999,,13518,"[954, 270]",False,,True,0.0,False,,False,[],,[],,0.4512947729429707,0.18774983301594217
2261,5,3,37.57899999999995,,13518,"[954, 270]",False,,True,0.0,False,,False,[],,[],,0.4512947729429707,0.18774983301594217
2262,5,3,37.596000000000004,,13518,"[954, 270]",False,,True,0.0,False,,False,[],,[],,0.4505789799495209,0.19492711123677142
2263,5,3,37.613000000000056,,13518,"[954, 270]",False,,True,0.0,False,,False,[],,[],,0.4505789799495209,0.19492711123677142
2264,5,3,37.63000000000011,,13518,"[954, 270]",False,,True,0.0,False,,False,[],,[],,0.45152586466705796,0.20460843645027116
2265,5,3,37.646999999999935,,13518,"[954, 270]",False,,True,0.0,False,,False,[],,[],,0.45152586466705796,0.20460843645027116
2266,5,3,37.66300000000001,,13518,"[954, 270]",False,,True,0.0,False,,False,[],,[],,0.45191393902258603,0.2076285480783191
2267,5,3,37.680000000000064,,13518,"[954, 270]",False,Right,True,0.0,False,,False,[],,[],,0.452322352004592,0.20840739048313095
2268,5,3,37.69599999999991,,13518,"[954, 270]",False,Right,True,0.0,False,,False,[],,[],,0.4526679238607619,0.21041958896258006
2269,5,3,37.712999999999965,,13518,"[954, 270]",False,Right,True,0.0,False,,False,[],,[],,0.4526679238607619,0.21041958896258006
2270,5,3,37.73000000000002,,13518,"[954, 270]",False,Right,True,0.0,False,,False,[],,[],,0.4524303658713776,0.2130169007526076
2271,5,3,37.746000000000095,,13518,"[954, 270]",False,Right,True,0.0,False,,False,[],,[],,0.4524303658713776,0.2130169007526076
2272,5,3,37.763999999999896,,13518,"[954, 270]",False,Right,True,0.0,False,,False,[],,[],,0.4515824645244229,0.21720507251947474
2273,5,3,37.78099999999995,,13518,"[954, 270]",False,Right,True,0.0,False,,False,[],,[],,0.451870510591902,0.21698344861677477
2274,5,3,37.797000000000025,,13518,"[954, 270]",False,Right,True,0.0,False,,False,[],,[],,0.4514369281127536,0.21991814106618912
2275,5,3,37.81400000000008,,13518,"[954, 270]",False,Right,True,0.0,False,,False,[],,[],,0.4514369281127536,0.21991814106618912
2276,5,3,37.82999999999993,,13518,"[954, 270]",False,Right,True,0.0,False,,False,[],,[],,0.450929349130366,0.22349192061042766
2277,5,3,37.846000000000004,,13518,"[954, 270]",False,Right,True,0.0,False,,False,[],,[],,0.450929349130366,0.22349192061042766
2278,5,3,37.86200000000008,,13518,"[954, 270]",False,Right,True,0.0,False,,False,[],,[],,0.44940727028411825,0.22926893234187895
2279,5,3,37.878999999999905,,13518,"[954, 270]",False,Right,True,0.0,False,,False,[],,[],,0.44940727028411825,0.22926893234187895
2280,5,3,37.89499999999998,,13518,"[954, 270]",False,Right,True,0.0,False,,False,[],,[],,0.44775596907470383,0.2345022015406938
2281,5,3,37.91300000000001,,13518,"[954, 270]",False,,True,0.0,False,,False,[],,[],,0.44775596907470383,0.2345022015406938
2282,5,3,37.92900000000009,,13518,"[954, 270]",False,,True,0.0,False,,False,[],,[],,0.4474423368326768,0.23620435535961137
2283,5,3,37.94599999999991,,13518,"[954, 270]",False,,True,0.0,False,,False,[],,[],,0.4474423368326768,0.23620435535961137
2284,5,3,37.96199999999999,,13518,"[954, 270]",False,,True,0.0,False,,False,[],,[],,0.44810949104679737,0.23700614888473326
2285,5,3,37.978000000000065,,13518,"[954, 270]",False,,True,0.0,False,,False,[],,[],,0.44810949104679737,0.23700614888473326
2286,5,3,37.993999999999915,,13518,"[954, 270]",False,,True,0.0,False,,False,[],,[],,0.44849863225293796,0.23774188882763825
2287,5,3,38.01099999999997,,13518,"[954, 270]",False,,True,0.0,False,,False,[],,[],,0.44849863225293796,0.23774188882763825
2288,5,3,38.02600000000007,,13518,"[954, 270]",False,,True,0.0,False,,False,[],,[],,0.4485598627808301,0.23960767555274365
2289,5,3,38.04299999999989,,13518,"[954, 270]",False,,True,0.0,False,,False,[],,[],,0.4485598627808301,0.23960767555274365
2290,5,3,38.059999999999945,,13518,"[954, 270]",False,,True,0.0,False,,False,[],,[],,0.44798282137829776,0.24257237553880484
2291,5,3,38.077,,13518,"[954, 270]",False,,True,0.0,False,,False,[],,[],,0.44798282137829776,0.24257237553880484
2292,5,3,38.093000000000075,,13518,"[954, 270]",False,,True,0.0,False,,False,[],,[],,0.4483669379872821,0.247942274486873
2293,5,3,38.108999999999924,,13518,"[954, 270]",False,,True,0.0,False,,False,[],,[],,0.4483669379872821,0.247942274486873
2294,5,3,38.125999999999976,,13518,"[954, 270]",False,,True,0.0,False,,False,[],,[],,0.4491434800892516,0.2501777367461704
2295,5,3,38.14300000000003,,13518,"[954, 270]",False,,True,0.0,False,,False,[],,[],,0.4491434800892516,0.2501777367461704
2296,5,3,38.159000000000106,,13518,"[954, 270]",False,,True,0.0,False,,False,[],,[],,0.44882069524149043,0.25206495736447454
2297,5,3,38.17599999999993,,13518,"[954, 270]",False,,True,0.0,False,,False,[],,[],,0.4488735890564531,0.25200263502558096
2298,5,3,42.11200000000008,,13518,"[954, 270]",False,,True,0.0,True,,False,[],,[],4,0.2178058887722428,0.3612197810510629
