,trial,attempt,time_played,time_tag,level_size_y,player_pos,collision,current_input,drift_enabled,current_drift,level_done,input_noise_magnitude,input_noise_on,visible_obstacles,adjacent_wall_tiles_x_pos,visible_drift_tiles,SoC,gaze_x,gaze_y
0,3,2,0.00100000000009004,,13518,"[954, -86]",False,,True,0.0,False,medium,False,[],,[],,0.3924164788064114,0.368805916831931
1,3,2,0.01700000000005275,,13518,"[954, -82]",False,,True,0.0,False,medium,False,[],,[],,0.3924164788064114,0.368805916831931
2,3,2,0.0340000000001055,,13518,"[954, -78]",False,,True,0.0,False,medium,False,[],,[],,0.45191253056915875,0.35587573463106326
3,3,2,0.05000000000006821,,13518,"[954, -74]",False,,True,0.0,False,medium,False,[],,[],,0.45191253056915875,0.35587573463106326
4,3,2,0.06700000000000728,,13518,"[954, -70]",False,,True,0.0,False,medium,False,[],,[],,0.39466003611206746,0.36989466144514915
5,3,2,0.08400000000006003,,13518,"[954, -66]",False,,True,0.0,False,medium,False,[],,[],,0.39466003611206746,0.36989466144514915
6,3,2,0.10100000000011278,,13518,"[954, -62]",False,,True,0.0,False,medium,False,[],,[],,0.45414022519856384,0.37019028645267327
7,3,2,0.11800000000005184,,13518,"[954, -58]",False,,True,0.0,False,medium,False,[],,[],,0.45414022519856384,0.37019028645267327
8,3,2,0.1350000000001046,,13518,"[954, -54]",False,,True,0.0,False,medium,False,[],,[],,0.4544533514444658,0.37336615689980823
9,3,2,0.15200000000004366,,13518,"[954, -50]",False,,True,0.0,False,medium,False,[],,[],,0.4544533514444658,0.37336615689980823
10,3,2,0.1690000000000964,,13518,"[954, -46]",False,,True,0.0,False,medium,False,[],,[],,0.4542048504091539,0.3763661701619624
11,3,2,0.18600000000003547,,13518,"[954, -42]",False,,True,0.0,False,medium,False,[],,[],,0.4542048504091539,0.3763661701619624
12,3,2,0.20400000000006457,,13518,"[954, -38]",False,,True,0.0,False,medium,False,[],,[],,0.45455917964794973,0.37799258731921614
13,3,2,0.22000000000002728,,13518,"[954, -34]",False,,True,0.0,False,medium,False,[],,[],,0.45455917964794973,0.37799258731921614
14,3,2,0.23700000000008004,,13518,"[954, -30]",False,,True,0.0,False,medium,False,[],,[],,0.4568013798474445,0.3822764398825469
15,3,2,0.2540000000000191,,13518,"[954, -26]",False,,True,0.0,False,medium,False,[],,[],,0.4568013798474445,0.3822764398825469
16,3,2,0.26900000000000546,,13518,"[954, -22]",False,,True,0.0,False,medium,False,[],,[],,0.4579271268833498,0.38361996303151946
17,3,2,0.2860000000000582,,13518,"[954, -18]",False,,True,0.0,False,medium,False,[],,[],,0.4579271268833498,0.38361996303151946
18,3,2,0.30300000000011096,,13518,"[954, -14]",False,,True,0.0,False,medium,False,[],,[],,0.4597342587338241,0.38534587358728356
19,3,2,0.31900000000007367,,13518,"[954, -10]",False,,True,0.0,False,medium,False,[],,[],,0.4597342587338241,0.38534587358728356
20,3,2,0.3350000000000364,,13518,"[954, -6]",False,,True,0.0,False,medium,False,[],,[],,0.4598974968108219,0.38557551212833663
21,3,2,0.35200000000008913,,13518,"[954, -2]",False,,True,0.0,False,medium,False,[],,[],,0.4598974968108219,0.38557551212833663
22,3,2,0.3690000000000282,,13518,"[954, 2]",False,,True,0.0,False,medium,False,[],,[],,0.39011750904781045,0.3744745042520028
23,3,2,0.38600000000008095,,13518,"[954, 6]",False,,True,0.0,False,medium,False,[],,[],,0.39011750904781045,0.3744745042520028
24,3,2,0.40300000000002,,13518,"[954, 10]",False,,True,0.0,False,medium,False,[],,[],,0.45991571965474,0.38523092307132234
25,3,2,0.42000000000007276,,13518,"[954, 14]",False,,True,0.0,False,medium,False,[],,[],,0.45991571965474,0.38523092307132234
26,3,2,0.43600000000003547,,13518,"[954, 18]",False,,True,0.0,False,medium,False,[],,[],,0.46028158369957783,0.3854596966974232
27,3,2,0.4530000000000882,,13518,"[954, 22]",False,,True,0.0,False,medium,False,[],,[],,0.46028158369957783,0.3854596966974232
28,3,2,0.4700000000000273,,13518,"[954, 26]",False,,True,0.0,False,medium,False,[],,[],,0.46026114850491356,0.3861236267466098
29,3,2,0.4860000000001037,,13518,"[954, 30]",False,,True,0.0,False,medium,False,[],,[],,0.46026114850491356,0.3861236267466098
30,3,2,0.5030000000000427,,13518,"[954, 34]",False,,True,0.0,False,medium,False,[],,[],,0.4607081984374125,0.38637695577063635
31,3,2,0.5200000000000955,,13518,"[954, 38]",False,,True,0.0,False,medium,False,[],,[],,0.4607081984374125,0.38637695577063635
32,3,2,0.5360000000000582,,13518,"[954, 42]",False,,True,0.0,False,medium,False,[],,[],,0.46167240844333063,0.3878580694275132
33,3,2,0.5520000000000209,,13518,"[954, 46]",False,,True,0.0,False,medium,False,[],,[],,0.46167240844333063,0.3878580694275132
34,3,2,0.5690000000000737,,13518,"[954, 50]",False,,True,0.0,False,medium,False,[],,[],,0.4619969719843386,0.38997231189086423
35,3,2,0.5860000000000127,,13518,"[954, 54]",False,,True,0.0,False,medium,False,[],,[],,0.4619969719843386,0.38997231189086423
36,3,2,0.6030000000000655,,13518,"[954, 58]",False,,True,0.0,False,medium,False,[],,[],,0.4643810237105126,0.3900256558038411
37,3,2,0.6200000000000045,,13518,"[954, 62]",False,,True,0.0,False,medium,False,[],,[],,0.4643810237105126,0.3900256558038411
38,3,2,0.6370000000000573,,13518,"[954, 66]",False,,True,0.0,False,medium,False,[],,[],,0.4645519166234348,0.39037721035947925
39,3,2,0.65300000000002,,13518,"[954, 70]",False,,True,0.0,False,medium,False,[],,[],,0.4645519166234348,0.39037721035947925
40,3,2,0.6700000000000728,,13518,"[954, 74]",False,,True,0.0,False,medium,False,[],,[],,0.46483551550208313,0.39134805238932047
41,3,2,0.6870000000000118,,13518,"[954, 78]",False,,True,0.0,False,medium,False,[],,[],,0.46483551550208313,0.39134805238932047
42,3,2,0.7040000000000646,,13518,"[954, 82]",False,,True,0.0,False,medium,False,[],,[],,0.4635538774098708,0.39359579008969026
43,3,2,0.7210000000000036,,13518,"[954, 86]",False,,True,0.0,False,medium,False,[],,[],,0.4635538774098708,0.39359579008969026
44,3,2,0.73700000000008,,13518,"[954, 90]",False,,True,0.0,False,medium,False,[],,[],,0.4168793773624654,0.3400552878744182
45,3,2,0.7540000000000191,,13518,"[954, 94]",False,,True,0.0,False,medium,False,[],,[],,0.4168793773624654,0.3400552878744182
46,3,2,0.7700000000000955,,13518,"[954, 98]",False,,True,0.0,False,medium,False,[],,[],,0.41753696955961084,0.3268364738202659
47,3,2,0.7870000000000346,,13518,"[954, 102]",False,,True,0.0,False,medium,False,[],,[],,0.41753696955961084,0.3268364738202659
48,3,2,0.8040000000000873,,13518,"[954, 106]",False,,True,0.0,False,medium,False,[],,[],,0.42078359553822464,0.32069871420249274
49,3,2,0.8210000000000264,,13518,"[954, 110]",False,,True,0.0,False,medium,False,[],,[],,0.4207368219026084,0.32097836799928703
50,3,2,0.8380000000000791,,13518,"[954, 114]",False,,True,0.0,False,medium,False,[],,[],,0.4198725482006237,0.3184848916402514
51,3,2,0.8550000000000182,,13518,"[954, 118]",False,,True,0.0,False,medium,False,[],,[],,0.4198725482006237,0.3184848916402514
52,3,2,0.8710000000000946,,13518,"[954, 122]",False,,True,0.0,False,medium,False,[],,[],,0.41913829509243766,0.3183121098951569
53,3,2,0.88900000000001,,13518,"[954, 126]",False,,True,0.0,False,medium,False,[],,[],,0.41913829509243766,0.3183121098951569
54,3,2,0.9060000000000628,,13518,"[954, 130]",False,,True,0.0,False,medium,False,[],,[],,0.41719431110418836,0.2714885042017826
55,3,2,0.9220000000000255,,13518,"[954, 134]",False,,True,0.0,False,medium,False,[],,[],,0.41719431110418836,0.2714885042017826
56,3,2,0.9380000000001019,,13518,"[954, 138]",False,,True,0.0,False,medium,False,[],,[],,0.4283574514733422,0.24756717981049514
57,3,2,0.9540000000000646,,13518,"[954, 142]",False,,True,0.0,False,medium,False,[],,[],,0.4283574514733422,0.24756717981049514
58,3,2,0.9700000000000273,,13518,"[954, 146]",False,,True,0.0,False,medium,False,[],,[],,0.43608334536023674,0.21324440734464167
59,3,2,0.98700000000008,,13518,"[954, 150]",False,,True,0.0,False,medium,False,[],,[],,0.4402320751425465,0.21835610571854636
60,3,2,1.004000000000019,,13518,"[954, 154]",False,,True,0.0,False,medium,False,[],,[],,0.4436966980124205,0.23186270460970526
61,3,2,1.0210000000000719,,13518,"[954, 158]",False,,True,0.0,False,medium,False,[],,[],,0.4436966980124205,0.23186270460970526
62,3,2,1.0370000000000346,,13518,"[954, 162]",False,,True,0.0,False,medium,False,[],,[],,0.4465055686059213,0.2281210139689397
63,3,2,1.0540000000000873,,13518,"[954, 166]",False,,True,0.0,False,medium,False,[],,[],,0.4465055686059213,0.2281210139689397
64,3,2,1.07000000000005,,13518,"[954, 170]",False,,True,0.0,False,medium,False,[],,[],,0.4476910159027341,0.2297774122826225
65,3,2,1.0870000000001028,,13518,"[954, 174]",False,,True,0.0,False,medium,False,[],,[],,0.44913528416222387,0.23714348817332354
66,3,2,1.1040000000000418,,13518,"[954, 178]",False,,True,0.0,False,medium,False,[],,[],,0.4548231370129794,0.33597884585435966
67,3,2,1.122000000000071,,13518,"[954, 182]",False,Right,True,0.0,False,medium,False,[],,[],,0.4548231370129794,0.33597884585435966
68,3,2,1.1380000000000337,,13518,"[954, 186]",False,Right,True,0.0,False,medium,False,[],,[],,0.4011546200998454,0.38608773904175
69,3,2,1.1550000000000864,,13518,"[954, 190]",False,Right,True,0.0,False,medium,False,[],,[],,0.4011546200998454,0.38608773904175
70,3,2,1.1710000000000491,,13518,"[954, 194]",False,Right,True,0.0,False,medium,False,[],,[],,0.47549721979756443,0.3658584107375218
71,3,2,1.1880000000001019,,13518,"[954, 198]",False,Right,True,0.0,False,medium,False,[],,[],,0.47549721979756443,0.3658584107375218
72,3,2,1.205000000000041,,13518,"[954, 202]",False,Right,True,0.0,False,medium,False,[],,[],,0.47784917306643787,0.3818074286023522
73,3,2,1.2220000000000937,,13518,"[954, 206]",False,Right,True,0.0,False,medium,False,[],,[],,0.47784917306643787,0.3818074286023522
74,3,2,1.2380000000000564,,13518,"[954, 210]",False,,True,0.0,False,medium,False,[],,[],,0.3981489886987212,0.3881768924701188
75,3,2,1.2550000000001091,,13518,"[954, 214]",False,,True,0.0,False,medium,False,[],,[],,0.3981489886987212,0.3881768924701188
76,3,2,1.2710000000000719,,13518,"[954, 218]",False,,True,0.0,False,medium,False,[],,[],,0.48316880909700116,0.40031064275860995
77,3,2,1.288000000000011,,13518,"[954, 222]",False,,True,0.0,False,medium,False,[],,[],,0.48316880909700116,0.40031064275860995
78,3,2,1.3050000000000637,,13518,"[954, 226]",False,,True,0.0,False,medium,False,[],,[],,0.4828174164316975,0.39774651510828296
79,3,2,1.3210000000000264,,13518,"[954, 230]",False,,True,0.0,False,medium,False,[],,[],,0.4828174164316975,0.39774651510828296
80,3,2,1.3380000000000791,,13518,"[954, 234]",False,,True,0.0,False,medium,False,[],,[],,0.4834040519680495,0.39791496738443755
81,3,2,1.3540000000000418,,13518,"[954, 238]",False,,True,0.0,False,medium,False,[],,[],,0.4834040519680495,0.39791496738443755
82,3,2,1.3710000000000946,,13518,"[954, 242]",False,,True,0.0,False,medium,False,[],,[],,0.4834581056846658,0.3997271187583815
83,3,2,1.38900000000001,,13518,"[954, 246]",False,,True,0.0,False,medium,False,[],,[],,0.4834581056846658,0.3997271187583815
84,3,2,1.407000000000039,,13518,"[954, 250]",False,Left,True,0.0,False,medium,False,[],,[],,0.48178072544475226,0.40098589540465845
85,3,2,1.4230000000000018,,13518,"[954, 254]",False,Left,True,0.0,False,medium,False,[],,[],,0.48178072544475226,0.40098589540465845
86,3,2,1.4400000000000546,,13518,"[954, 258]",False,Left,True,0.0,False,medium,False,[],,[],,0.48190879992810115,0.3993449741924797
87,3,2,1.4560000000000173,,13518,"[954, 262]",False,Left,True,0.0,False,medium,False,[],,[],,0.48190879992810115,0.3993449741924797
88,3,2,1.47300000000007,,13518,"[954, 266]",False,Left,True,0.0,False,medium,False,[],,[],,0.39892831396452877,0.3919311092442983
89,3,2,1.4890000000000327,,13518,"[954, 270]",False,Left,True,0.0,False,medium,False,[],,[],,0.39892831396452877,0.3919311092442983
90,3,2,1.5060000000000855,,13518,"[954, 270]",False,Left,True,0.0,False,medium,False,[],,[],,0.4003283049404134,0.39256225125836086
91,3,2,1.5220000000000482,,13518,"[954, 270]",False,Left,True,0.0,False,medium,False,[],,[],,0.4003283049404134,0.39256225125836086
92,3,2,1.539000000000101,,13518,"[954, 270]",False,Left,True,0.0,False,medium,False,[],,[],,0.40163772574949724,0.38159135781753994
93,3,2,1.55600000000004,,13518,"[954, 270]",False,Left,True,0.0,False,medium,False,[],,[],,0.40163772574949724,0.38159135781753994
94,3,2,1.5730000000000928,,13518,"[954, 270]",False,,True,0.0,False,medium,False,[],,[],,0.48172338849734164,0.39857111019116676
95,3,2,1.5890000000000555,,13518,"[954, 270]",False,,True,0.0,False,medium,False,[],,[],,0.48172338849734164,0.39857111019116676
96,3,2,1.6050000000000182,,13518,"[954, 270]",False,,True,0.0,False,medium,False,[],,[],,0.48026705180611395,0.3988076270540707
97,3,2,1.6210000000000946,,13518,"[954, 270]",False,,True,0.0,False,medium,False,[],,[],,0.48026705180611395,0.3988076270540707
98,3,2,1.6370000000000573,,13518,"[954, 270]",False,,True,0.0,False,medium,False,[],,[],,0.4801132716597615,0.3991604775187684
99,3,2,1.65400000000011,,13518,"[954, 270]",False,,True,0.0,False,medium,False,[],,[],,0.4801132716597615,0.3991604775187684
100,3,2,1.6710000000000491,,13518,"[954, 270]",False,,True,0.0,False,medium,False,[],,[],,0.48029311143591213,0.39805695952153963
101,3,2,1.6880000000001019,,13518,"[954, 270]",False,,True,0.0,False,medium,False,[],,[],,0.3988676758883366,0.395097240400055
102,3,2,1.7040000000000646,,13518,"[954, 270]",False,,True,0.0,False,medium,False,[],,[],,0.4804854875077408,0.39883370183511224
103,3,2,1.7210000000000036,,13518,"[954, 270]",False,,True,0.0,False,medium,False,[],,[],,0.4804854875077408,0.39883370183511224
104,3,2,1.7380000000000564,,13518,"[954, 270]",False,,True,0.0,False,medium,False,[],,[],,0.47809230708407374,0.3984315466920899
105,3,2,1.754000000000019,,13518,"[954, 270]",False,,True,0.0,False,medium,False,[],,[],,0.47809230708407374,0.3984315466920899
106,3,2,1.7710000000000719,,13518,"[954, 270]",False,,True,0.0,False,medium,False,[],,[],,0.4771238239678821,0.39816097956150354
107,3,2,1.789000000000101,,13518,"[954, 270]",False,,True,0.0,False,medium,False,[],,[],,0.4761207296165232,0.39852206671333135
108,3,2,1.80600000000004,,13518,"[954, 270]",False,,True,0.0,False,medium,False,[],,[],,0.3974959567266163,0.36328868351235755
109,3,2,1.8240000000000691,,13518,"[954, 270]",False,,True,0.0,False,medium,False,[],,[],,0.3974959567266163,0.36328868351235755
110,3,2,1.8410000000000082,,13518,"[954, 270]",False,Right,True,0.0,False,medium,False,[],,[],,0.47911884943408445,0.3976372705507293
111,3,2,1.8560000000001082,,13518,"[954, 270]",False,Right,True,0.0,False,medium,False,[],,[],,0.47911884943408445,0.3976372705507293
112,3,2,1.8730000000000473,,13518,"[954, 270]",False,Right,True,0.0,False,medium,False,[],,[],,0.4825073011943677,0.3969654489345713
113,3,2,1.8900000000001,,13518,"[954, 270]",False,Right,True,0.0,False,medium,False,[],,[],,0.4825073011943677,0.3969654489345713
114,3,2,1.907000000000039,,13518,"[954, 270]",False,Right,True,0.0,False,medium,False,[],,[],,0.5435184729945103,0.37045488897473766
115,3,2,1.9240000000000919,,13518,"[954, 270]",False,Right,True,0.0,False,medium,False,[],,[],,0.5435184729945103,0.37045488897473766
116,3,2,1.941000000000031,,13518,"[954, 270]",False,Right,True,0.0,False,medium,False,[],,[],,0.5237468892033945,0.35840164679938424
117,3,2,1.9570000000001073,,13518,"[954, 270]",False,,True,0.0,False,medium,False,[],,[],,0.5163276182726502,0.2161026349081886
118,3,2,1.9740000000000464,,13518,"[954, 270]",False,,True,0.0,False,medium,False,[],,[],,0.5021084673558334,0.09789071357718437
119,3,2,1.990000000000009,,13518,"[954, 270]",False,,True,0.0,False,medium,False,[],,[],,0.5021084673558334,0.09789071357718437
120,3,2,2.007000000000062,,13518,"[954, 270]",False,,True,0.0,False,medium,False,[],,[],,0.5364091870678462,0.34209265092677854
121,3,2,2.024000000000001,,13518,"[954, 270]",False,,True,0.0,False,medium,False,[],,[],,0.5364091870678462,0.34209265092677854
122,3,2,2.0410000000000537,,13518,"[954, 270]",False,,True,0.0,False,medium,False,[],,[],,0.5795322121197614,0.4430426742954292
123,3,2,2.0570000000000164,,13518,"[954, 270]",False,,True,0.0,False,medium,False,[],,[],,0.5790967130724528,0.43793101624424735
124,3,2,2.074000000000069,,13518,"[954, 270]",False,,True,0.0,False,medium,False,[],,[],,0.6181505893330922,0.3209795389275806
125,3,2,2.091000000000008,,13518,"[954, 270]",False,,True,0.0,False,medium,False,[],,[],,0.6181505893330922,0.3209795389275806
126,3,2,2.1060000000001082,,13518,"[954, 270]",False,,True,0.0,False,medium,False,[],,[],,0.5782835148575189,0.4282001967251493
127,3,2,2.122000000000071,,13518,"[954, 270]",False,,True,0.0,False,medium,False,[],,[],,0.4700540460568871,0.3560557922404317
128,3,2,2.1380000000000337,,13518,"[954, 270]",False,,True,0.0,False,medium,False,[],,[],,0.46934712960221703,0.3555481532808529
129,3,2,2.15400000000011,,13518,"[954, 270]",False,,True,0.0,False,medium,False,[],,[],,0.469064631047588,0.3560684077765668
130,3,2,2.1700000000000728,,13518,"[954, 270]",False,,True,0.0,False,medium,False,[],,[],,0.4683993052570317,0.3569329329878028
131,3,2,2.187000000000012,,13518,"[954, 270]",False,,True,0.0,False,medium,False,[],,[],,0.4670509222313057,0.35873168349037976
132,3,2,2.2040000000000646,,13518,"[954, 270]",False,,True,0.0,False,medium,False,[],,[],,0.4670509222313057,0.35873168349037976
133,3,2,2.2220000000000937,,13518,"[954, 270]",False,,True,0.0,False,medium,False,[],,[],,0.4042688847956824,0.3463200902313832
134,3,2,2.2390000000000327,,13518,"[954, 270]",False,,True,0.0,False,medium,False,[],,[],,0.465965044463953,0.34602820590437666
135,3,2,2.257000000000062,,13518,"[954, 270]",False,Left,True,0.0,False,medium,False,[],,[],,0.465965044463953,0.34602820590437666
136,3,2,2.2730000000000246,,13518,"[954, 270]",False,Left,True,0.0,False,medium,False,[],,[],,0.46585324660062194,0.3472448299627914
137,3,2,2.2900000000000773,,13518,"[954, 270]",False,Left,True,0.0,False,medium,False,[],,[],,0.46585324660062194,0.3472448299627914
138,3,2,2.30600000000004,,13518,"[954, 270]",False,Left,True,0.0,False,medium,False,[],,[],,0.46549491656992326,0.3482037730175691
139,3,2,2.3220000000000027,,13518,"[954, 270]",False,Left,True,0.0,False,medium,False,[],,[],,0.466009920578965,0.34879179568059404
140,3,2,2.3390000000000555,,13518,"[954, 270]",False,Left,True,0.0,False,medium,False,[],,[],,0.4665955824889242,0.35026310460878085
141,3,2,2.3560000000001082,,13518,"[954, 270]",False,,True,0.0,False,medium,False,[],,[],,0.40239575915736614,0.37172996454182317
142,3,2,2.3710000000000946,,13518,"[954, 270]",False,,True,0.0,False,medium,False,[],,[],,0.40239575915736614,0.37172996454182317
143,3,2,2.38900000000001,,13518,"[954, 270]",False,,True,0.0,False,medium,False,[],,[],,0.46542131252432456,0.3590437594470791
144,3,2,2.4060000000000628,,13518,"[954, 270]",False,,True,0.0,False,medium,False,[],,[],,0.4654676244893291,0.3626301751027472
145,3,2,2.4220000000000255,,13518,"[954, 270]",False,,True,0.0,False,medium,False,[],,[],,0.4661045299765587,0.3636170088183006
146,3,2,2.438000000000102,,13518,"[954, 270]",False,,True,0.0,False,medium,False,[],,[],,0.3985469615043583,0.36192191995708045
147,3,2,2.4560000000000173,,13518,"[954, 270]",False,,True,0.0,False,medium,False,[],,[],,0.46559069087273725,0.3679170558335726
148,3,2,2.47300000000007,,13518,"[954, 270]",False,,True,0.0,False,medium,False,[],,[],,0.3996143021371887,0.36243913990619225
149,3,2,2.490000000000009,,13518,"[954, 270]",False,,True,0.0,False,medium,False,[],,[],,0.46632212781494486,0.3728839198644287
150,3,2,2.507000000000062,,13518,"[954, 270]",False,,True,0.0,False,medium,False,[],,[],,0.4660148453182442,0.3739174866077071
151,3,2,2.524000000000001,,13518,"[954, 270]",False,,True,0.0,False,medium,False,[],,[],,0.4660148453182442,0.3739174866077071
152,3,2,2.5410000000000537,,13518,"[954, 270]",False,,True,0.0,False,medium,False,"[[888, 810]]",,[],,0.4029319406212573,0.3640307229858236
153,3,2,2.5570000000000164,,13518,"[954, 270]",False,,True,0.0,False,medium,False,"[[888, 804]]",,[],,0.4029319406212573,0.3640307229858236
154,3,2,2.5750000000000455,,13518,"[954, 270]",False,Right,True,0.0,False,medium,False,"[[888, 798]]",,[],,0.46637257290410616,0.3756030292097202
155,3,2,2.591000000000008,,13518,"[954, 270]",False,Right,True,0.0,False,medium,False,"[[882, 792]]",,[],,0.39710581297114667,0.36467971369669183
156,3,2,2.6070000000000846,,13518,"[954, 270]",False,Right,True,0.0,False,medium,False,"[[876, 786]]",,[],,0.4642429870861885,0.3800550011206123
157,3,2,2.6230000000000473,,13518,"[954, 270]",False,Right,True,0.0,False,medium,False,"[[870, 780]]",,[],,0.3981909768401085,0.36519462939976577
158,3,2,2.63900000000001,,13518,"[954, 270]",False,Right,True,0.0,False,medium,False,"[[864, 774]]",,[],,0.3981909768401085,0.36519462939976577
159,3,2,2.6550000000000864,,13518,"[954, 270]",False,Right,True,0.0,False,medium,False,"[[858, 768]]",,[],,0.46487776637718825,0.3843944933306631
160,3,2,2.6720000000000255,,13518,"[954, 270]",False,,True,0.0,False,medium,False,"[[852, 762]]",,[],,0.46487776637718825,0.3843944933306631
161,3,2,2.687000000000012,,13518,"[954, 270]",False,,True,0.0,False,medium,False,"[[852, 756]]",,[],,0.4668192447253078,0.3881980862670784
162,3,2,2.7040000000000646,,13518,"[954, 270]",False,,True,0.0,False,medium,False,"[[852, 750]]",,[],,0.4668192447253078,0.3881980862670784
163,3,2,2.7200000000000273,,13518,"[954, 270]",False,,True,0.0,False,medium,False,"[[852, 744]]",,[],,0.4676785016416833,0.3896585439782042
164,3,2,2.73700000000008,,13518,"[954, 270]",False,,True,0.0,False,medium,False,"[[852, 738]]",,[],,0.4676785016416833,0.3896585439782042
165,3,2,2.7530000000000427,,13518,"[954, 270]",False,,True,0.0,False,medium,False,"[[852, 732]]",,[],,0.4681836392197005,0.39087437407954173
166,3,2,2.7690000000000055,,13518,"[954, 270]",False,,True,0.0,False,medium,False,"[[852, 726]]",,[],,0.4681836392197005,0.39087437407954173
167,3,2,2.785000000000082,,13518,"[954, 270]",False,,True,0.0,False,medium,False,"[[852, 720]]",,[],,0.46904056775090985,0.3919294166831163
168,3,2,2.802000000000021,,13518,"[954, 270]",False,,True,0.0,False,medium,False,"[[852, 714]]",,[],,0.46904056775090985,0.3919294166831163
169,3,2,2.8190000000000737,,13518,"[954, 270]",False,,True,0.0,False,medium,False,"[[852, 708]]",,[],,0.39868884034760393,0.3687500370103193
170,3,2,2.8360000000000127,,13518,"[954, 270]",False,,True,0.0,False,medium,False,"[[852, 702]]",,[],,0.39868884034760393,0.3687500370103193
171,3,2,2.852000000000089,,13518,"[954, 270]",False,,True,0.0,False,medium,False,"[[852, 696]]",,[],,0.4713918747519029,0.39474831617895423
172,3,2,2.869000000000028,,13518,"[954, 270]",False,,True,0.0,False,medium,False,"[[852, 690]]",,[],,0.4713918747519029,0.39474831617895423
173,3,2,2.8850000000001046,,13518,"[954, 270]",False,,True,0.0,False,medium,False,"[[852, 684]]",,[],,0.47202132296508326,0.39528034487933117
174,3,2,2.9010000000000673,,13518,"[954, 270]",False,,True,0.0,False,medium,False,"[[852, 678]]",,[],,0.47202132296508326,0.39528034487933117
175,3,2,2.9180000000000064,,13518,"[954, 270]",False,,True,0.0,False,medium,False,"[[852, 672]]",,[],,0.4723784190292064,0.3945330098083172
176,3,2,2.935000000000059,,13518,"[954, 270]",False,Left,True,0.0,False,medium,False,"[[852, 666]]",,[],,0.4723784190292064,0.3945330098083172
177,3,2,2.951000000000022,,13518,"[954, 270]",False,Left,True,0.0,False,medium,False,"[[858, 660]]",,[],,0.4728662406631116,0.39513155411384737
178,3,2,2.966000000000008,,13518,"[954, 270]",False,Left,True,0.0,False,medium,False,"[[864, 654]]",,[],,0.4728662406631116,0.39513155411384737
179,3,2,2.983000000000061,,13518,"[954, 270]",False,Left,True,0.0,False,medium,False,"[[870, 648]]",,[],,0.47348170784298593,0.3971436930478719
180,3,2,2.9990000000000236,,13518,"[954, 270]",False,Left,True,0.0,False,medium,False,"[[876, 642]]",,[],,0.47348170784298593,0.3971436930478719
181,3,2,3.0160000000000764,,13518,"[954, 270]",False,,True,0.0,False,medium,False,"[[882, 636]]",,[],,0.398836508720475,0.38354663545906353
182,3,2,3.0330000000000155,,13518,"[954, 270]",False,,True,0.0,False,medium,False,"[[882, 630], [972, 810]]",,[],,0.398836508720475,0.38354663545906353
183,3,2,3.049000000000092,,13518,"[954, 270]",False,,True,0.0,False,medium,False,"[[882, 624], [972, 804]]",,[],,0.474416327600652,0.40053979509820903
184,3,2,3.066000000000031,,13518,"[954, 270]",False,,True,0.0,False,medium,False,"[[882, 618], [972, 798]]",,[],,0.474416327600652,0.40053979509820903
185,3,2,3.0830000000000837,,13518,"[954, 270]",False,,True,0.0,False,medium,False,"[[882, 612], [972, 792]]",,[],,0.47327265643310923,0.39951799984201253
186,3,2,3.1000000000000227,,13518,"[954, 270]",False,,True,0.0,False,medium,False,"[[882, 606], [972, 786]]",,[],,0.47327265643310923,0.39951799984201253
187,3,2,3.1170000000000755,,13518,"[954, 270]",False,,True,0.0,False,medium,False,"[[882, 600], [972, 780]]",,[],,0.4672596529917644,0.39175604610322656
188,3,2,3.1340000000000146,,13518,"[954, 270]",False,,True,0.0,False,medium,False,"[[882, 594], [972, 774]]",,[],,0.4672596529917644,0.39175604610322656
189,3,2,3.1510000000000673,,13518,"[954, 270]",False,,True,0.0,False,medium,False,"[[882, 588], [972, 768]]",,[],,0.4657551112400452,0.3873634102061073
190,3,2,3.16700000000003,,13518,"[954, 270]",False,,True,0.0,False,medium,False,"[[882, 582], [972, 762]]",,[],,0.4657551112400452,0.3873634102061073
191,3,2,3.1830000000001064,,13518,"[954, 270]",False,,True,0.0,False,medium,False,"[[882, 576], [972, 756]]",,[],,0.46668316887001604,0.3884315558427692
192,3,2,3.2000000000000455,,13518,"[954, 270]",False,,True,0.0,False,medium,False,"[[882, 570], [972, 750]]",,[],,0.46668316887001604,0.3884315558427692
193,3,2,3.216000000000008,,13518,"[954, 270]",False,,True,0.0,False,medium,False,"[[882, 564], [972, 744]]",,[],,0.3994991711030361,0.3755553973444552
194,3,2,3.233000000000061,,13518,"[954, 270]",False,,True,0.0,False,medium,False,"[[882, 558], [972, 738]]",,[],,0.3994991711030361,0.3755553973444552
195,3,2,3.2480000000000473,,13518,"[954, 270]",False,,True,0.0,False,medium,False,"[[882, 552], [972, 732]]",,[],,0.46688956385712854,0.38906506786624573
196,3,2,3.2650000000001,,13518,"[954, 270]",False,,True,0.0,False,medium,False,"[[882, 546], [972, 726]]",,[],,0.46688956385712854,0.38906506786624573
197,3,2,3.282000000000039,,13518,"[954, 270]",False,,True,0.0,False,medium,False,"[[882, 540], [972, 720]]",,[],,0.3950112042093488,0.3768022729945998
198,3,2,3.299000000000092,,13518,"[954, 270]",False,,True,0.0,False,medium,False,"[[882, 534], [972, 714]]",,[],,0.3950112042093488,0.3768022729945998
199,3,2,3.3150000000000546,,13518,"[954, 270]",False,,True,0.0,False,medium,False,"[[882, 528], [972, 708]]",,[],,0.4032957128753688,0.3771557214742949
200,3,2,3.3310000000000173,,13518,"[954, 270]",False,,True,0.0,False,medium,False,"[[882, 522], [972, 702]]",,[],,0.4032957128753688,0.3771557214742949
201,3,2,3.3470000000000937,,13518,"[954, 270]",False,,True,0.0,False,medium,False,"[[882, 516], [972, 696]]",,[],,0.4670384526248328,0.394166563947404
202,3,2,3.3630000000000564,,13518,"[954, 270]",False,,True,0.0,False,medium,False,"[[882, 510], [972, 690]]",,[],,0.4670384526248328,0.394166563947404
203,3,2,3.380000000000109,,13518,"[954, 270]",False,,True,0.0,False,medium,False,"[[882, 504], [972, 684]]",,[],,0.4609811724954932,0.36266183555456344
204,3,2,3.396000000000072,,13518,"[954, 270]",False,,True,0.0,False,medium,False,"[[882, 498], [972, 678]]",,[],,0.4609811724954932,0.36266183555456344
205,3,2,3.4120000000000346,,13518,"[954, 270]",False,,True,0.0,False,medium,False,"[[882, 492], [972, 672]]",,[],,0.4623873193343127,0.3576840433490128
206,3,2,3.4290000000000873,,13518,"[954, 270]",False,,True,0.0,False,medium,False,"[[882, 486], [972, 666]]",,[],,0.4630276479785591,0.35423915104703907
207,3,2,3.44500000000005,,13518,"[954, 270]",False,,True,0.0,False,medium,False,"[[882, 480], [972, 660]]",,[],,0.46367723266429745,0.3524028933460126
208,3,2,3.4610000000000127,,13518,"[954, 270]",False,,True,0.0,False,medium,False,"[[882, 474], [972, 654]]",,[],,0.4641818271409665,0.35291926116556205
209,3,2,3.477000000000089,,13518,"[954, 270]",False,,True,0.0,False,medium,False,"[[882, 468], [972, 648]]",,[],,0.4645581447377752,0.351782661525189
210,3,2,3.4950000000000045,,13518,"[954, 270]",False,Right,True,0.0,False,medium,False,"[[882, 462], [972, 642]]",,[],,0.4011744628199939,0.3563820744313311
211,3,2,3.5120000000000573,,13518,"[954, 270]",False,Right,True,0.0,False,medium,False,"[[876, 456], [966, 636]]",,[],,0.4043700631888633,0.35787994600783446
212,3,2,3.52800000000002,,13518,"[954, 270]",False,Right,True,0.0,False,medium,False,"[[870, 450], [960, 630]]",,[],,0.4043700631888633,0.35787994600783446
213,3,2,3.5440000000000964,,13518,"[954, 270]",False,Right,True,0.0,False,medium,False,"[[864, 444], [954, 624]]",,[],,0.46316627519542114,0.3439805947935973
214,3,2,3.560000000000059,,13518,"[954, 270]",False,Right,True,0.0,False,medium,False,"[[858, 438], [948, 618]]",,[],,0.46403827564446615,0.3452042870400157
215,3,2,3.577000000000112,,13518,"[954, 270]",False,Right,True,0.0,False,medium,False,"[[852, 432], [942, 612]]",,[],,0.46363641357451896,0.34670599165465954
216,3,2,3.594000000000051,,13518,"[954, 270]",False,Right,True,0.0,False,medium,False,"[[846, 426], [936, 606]]",,[],,0.46332746275222647,0.3478999887746069
217,3,2,3.6100000000000136,,13518,"[954, 270]",False,Right,True,0.0,False,medium,False,"[[840, 420], [930, 600]]",,[],,0.46332746275222647,0.3478999887746069
218,3,2,3.6270000000000664,,13518,"[954, 270]",False,Right,True,0.0,False,medium,False,"[[834, 414], [924, 594]]",,[],,0.40131043198390143,0.359843038596536
219,3,2,3.6440000000000055,,13518,"[954, 270]",False,Right,True,0.0,False,medium,False,"[[828, 408], [918, 588]]",,[],,0.464058227413377,0.35136564445270113
220,3,2,3.661000000000058,,13518,"[954, 270]",False,Right,True,0.0,False,medium,False,"[[822, 402], [912, 582]]",,[],,0.464964469867164,0.3542138180775044
221,3,2,3.6790000000000873,,13518,"[954, 270]",False,Right,True,0.0,False,medium,False,"[[816, 396], [906, 576]]",,[],,0.4114964935419711,0.34970442558682235
222,3,2,3.69500000000005,,13518,"[954, 270]",False,Right,True,0.0,False,medium,False,"[[810, 390], [900, 570]]",,[],,0.4114964935419711,0.34970442558682235
223,3,2,3.7120000000001028,,13518,"[954, 270]",False,Right,True,0.0,False,medium,False,"[[804, 384], [894, 564]]",,[],,0.4114964935419711,0.34970442558682235
224,3,2,3.7280000000000655,,13518,"[954, 270]",False,Right,True,0.0,False,medium,False,"[[798, 378], [888, 558]]",,[],,0.470087117093695,0.35265207655592035
225,3,2,3.7450000000000045,,13518,"[954, 270]",False,Right,True,0.0,False,medium,False,"[[792, 372], [882, 552]]",,[],,0.47118528057285924,0.34851965057113976
226,3,2,3.7620000000000573,,13518,"[954, 270]",False,,True,0.0,False,medium,False,"[[786, 366], [876, 546]]",,[],,0.4724660453754428,0.35982273478378435
227,3,2,3.77800000000002,,13518,"[954, 270]",False,,True,0.0,False,medium,False,"[[786, 360], [876, 540]]",,[],,0.40492059353437926,0.3613886289071404
228,3,2,3.7940000000000964,,13518,"[954, 270]",False,,True,0.0,False,medium,False,"[[786, 354], [876, 534]]",,[],,0.40687641741864455,0.36230649905224366
229,3,2,3.8110000000000355,,13518,"[954, 270]",False,,True,0.0,False,medium,False,"[[786, 348], [876, 528]]",,[],,0.40687641741864455,0.36230649905224366
230,3,2,3.828000000000088,,13518,"[954, 270]",False,,True,0.0,False,medium,False,"[[786, 342], [876, 522]]",,[],,0.47218941972932793,0.35073187007911233
231,3,2,3.8450000000000273,,13518,"[954, 270]",False,,True,0.0,False,medium,False,"[[786, 336], [876, 516]]",,[],,0.4026952288001535,0.36375034881887935
232,3,2,3.8610000000001037,,13518,"[954, 270]",False,,True,0.0,False,medium,False,"[[786, 330], [876, 510]]",,[],,0.4708691286201424,0.35125206506797724
233,3,2,3.8780000000000427,,13518,"[954, 270]",False,,True,0.0,False,medium,False,"[[786, 324], [876, 504]]",,[],,0.4708691286201424,0.35125206506797724
234,3,2,3.8950000000000955,,13518,"[954, 270]",False,,True,0.0,False,medium,False,"[[786, 318], [876, 498]]",,[],,0.471658307963558,0.35326283437126904
235,3,2,3.911000000000058,,13518,"[954, 270]",False,,True,0.0,False,medium,False,"[[786, 312], [876, 492]]",,[],,0.471658307963558,0.35326283437126904
236,3,2,3.928000000000111,,13518,"[954, 270]",False,,True,0.0,False,medium,False,"[[786, 306], [876, 486]]",,[],,0.47127516077887915,0.35553537649906286
237,3,2,3.94500000000005,,13518,"[954, 270]",False,,True,0.0,False,medium,False,"[[786, 300], [876, 480]]",,[],,0.4711799326412992,0.35794880580551436
238,3,2,3.9620000000001028,,13518,"[954, 270]",False,,True,0.0,False,medium,False,"[[786, 294], [876, 474]]",,[],,0.471160803980451,0.3596388579052753
239,3,2,3.979000000000042,,13518,"[954, 270]",False,,True,0.0,False,medium,False,"[[786, 288], [876, 468]]",,[],,0.471160803980451,0.3596388579052753
240,3,2,3.9950000000000045,,13518,"[954, 270]",False,,True,0.0,False,medium,False,"[[786, 282], [876, 462]]",,[],,0.4710105569058885,0.3636087740832118
241,3,2,4.011000000000081,,13518,"[954, 270]",False,,True,0.0,False,medium,False,"[[786, 276], [876, 456]]",,[],,0.4710105569058885,0.3636087740832118
242,3,2,4.02800000000002,,13518,"[954, 270]",False,,True,0.0,False,medium,False,"[[786, 270], [876, 450], [660, 810]]",,[],,0.46108465741950005,0.36412518760102586
243,3,2,4.044000000000096,,13518,"[954, 270]",False,,True,0.0,False,medium,False,"[[786, 264], [876, 444], [660, 804]]",,[],,0.46108465741950005,0.36412518760102586
244,3,2,4.060000000000059,,13518,"[954, 270]",False,,True,0.0,False,medium,False,"[[786, 258], [876, 438], [660, 798]]",,[],,0.45574937185375547,0.34880132766675
245,3,2,4.076000000000022,,13518,"[954, 270]",False,,True,0.0,False,medium,False,"[[786, 252], [876, 432], [660, 792]]",,[],,0.45574937185375547,0.34880132766675
246,3,2,4.093000000000075,,13518,"[954, 270]",False,,True,0.0,False,medium,False,"[[786, 246], [876, 426], [660, 786]]",,[],,0.45522293913226947,0.3448684817293096
247,3,2,4.110000000000014,,13518,"[954, 270]",False,,True,0.0,False,medium,False,"[[786, 240], [876, 420], [660, 780]]",,[],,0.45522293913226947,0.3448684817293096
248,3,2,4.12600000000009,,13518,"[954, 270]",False,,True,0.0,False,medium,False,"[[786, 234], [876, 414], [660, 774], [840, 810]]",,[],,0.4555172914264193,0.3456635339851738
249,3,2,4.143000000000029,,13518,"[954, 270]",False,,True,0.0,False,medium,False,"[[786, 228], [876, 408], [660, 768], [840, 804]]",,[],,0.4555172914264193,0.3456635339851738
250,3,2,4.160000000000082,,13518,"[954, 270]",False,,True,0.0,False,medium,False,"[[786, 222], [876, 402], [660, 762], [840, 798]]",,[],,0.4540338339875799,0.33915868656932713
251,3,2,4.176000000000045,,13518,"[954, 270]",False,,True,0.0,False,medium,False,"[[786, 216], [876, 396], [660, 756], [840, 792]]",,[],,0.4540338339875799,0.33915868656932713
252,3,2,4.194000000000074,,13518,"[954, 270]",False,,True,0.0,False,medium,False,"[[786, 210], [876, 390], [660, 750], [840, 786]]",,[],,0.3942826528539592,0.3356922547419945
253,3,2,4.211000000000013,,13518,"[954, 270]",False,,True,0.0,False,medium,False,"[[786, 204], [876, 384], [660, 744], [840, 780]]",,[],,0.3942826528539592,0.3356922547419945
254,3,2,4.227000000000089,,13518,"[954, 270]",False,,True,0.0,False,medium,False,"[[786, 198], [876, 378], [660, 738], [840, 774]]",,[],,0.3959450359219624,0.33644118694509706
255,3,2,4.244000000000028,,13518,"[954, 270]",False,,True,0.0,False,medium,False,"[[786, 192], [876, 372], [660, 732], [840, 768]]",,[],,0.3959450359219624,0.33644118694509706
256,3,2,4.261000000000081,,13518,"[954, 270]",False,,True,0.0,False,medium,False,"[[786, 186], [876, 366], [660, 726], [840, 762]]",,[],,0.45527548602262013,0.34173510193652223
257,3,2,4.27800000000002,,13518,"[954, 270]",False,,True,0.0,False,medium,False,"[[786, 180], [876, 360], [660, 720], [840, 756]]",,[],,0.45527548602262013,0.34173510193652223
258,3,2,4.295000000000073,,13518,"[954, 270]",False,,True,0.0,False,medium,False,"[[786, 174], [876, 354], [660, 714], [840, 750]]",,[],,0.4537769205045783,0.34644158416250836
259,3,2,4.3110000000000355,,13518,"[954, 270]",False,,True,0.0,False,medium,False,"[[786, 168], [876, 348], [660, 708], [840, 744]]",,[],,0.4537769205045783,0.34644158416250836
260,3,2,4.327000000000112,,13518,"[954, 270]",False,,True,0.0,False,medium,False,"[[786, 162], [876, 342], [660, 702], [840, 738]]",,[],,0.4456938420230592,0.34822059144413986
261,3,2,4.344000000000051,,13518,"[954, 270]",False,,True,0.0,False,medium,False,"[[786, 156], [876, 336], [660, 696], [840, 732]]",,[],,0.4456938420230592,0.34822059144413986
262,3,2,4.360000000000014,,13518,"[954, 270]",False,,True,0.0,False,medium,False,"[[786, 150], [876, 330], [660, 690], [840, 726]]",,[],,0.4363040826329745,0.32968842928489406
263,3,2,4.37600000000009,,13518,"[954, 270]",False,,True,0.0,False,medium,False,"[[786, 144], [876, 324], [660, 684], [840, 720]]",,[],,0.4363040826329745,0.32968842928489406
264,3,2,4.3940000000000055,,13518,"[954, 270]",False,,True,0.0,False,medium,False,"[[786, 138], [876, 318], [660, 678], [840, 714]]",,[],,0.4364504526709668,0.32879103349949235
265,3,2,4.410000000000082,,13518,"[954, 270]",False,,True,0.0,False,medium,False,"[[786, 132], [876, 312], [660, 672], [840, 708]]",,[],,0.4364504526709668,0.32879103349949235
266,3,2,4.426000000000045,,13518,"[954, 270]",False,,True,0.0,False,medium,False,"[[786, 126], [876, 306], [660, 666], [840, 702]]",,[],,0.43526489561927495,0.3266939705527532
267,3,2,4.444000000000074,,13518,"[954, 270]",False,,True,0.0,False,medium,False,"[[786, 120], [876, 300], [660, 660], [840, 696]]",,[],,0.43526489561927495,0.3266939705527532
268,3,2,4.461000000000013,,13518,"[954, 270]",False,,True,0.0,False,medium,False,"[[786, 114], [876, 294], [660, 654], [840, 690]]",,"[[1338, 810]]",,0.43380202232311166,0.3288890767716186
269,3,2,4.477000000000089,,13518,"[954, 270]",False,,True,0.0,False,medium,False,"[[786, 108], [876, 288], [660, 648], [840, 684]]",,"[[1338, 804]]",,0.43380202232311166,0.3288890767716186
270,3,2,4.494000000000028,,13518,"[954, 270]",False,,True,0.0,False,medium,False,"[[786, 102], [876, 282], [660, 642], [840, 678]]",,"[[1338, 798]]",,0.43294277248628144,0.3316406778063171
271,3,2,4.510000000000105,,13518,"[954, 270]",False,,True,0.0,False,medium,False,"[[786, 96], [876, 276], [660, 636], [840, 672]]",,"[[1338, 792]]",,0.43294277248628144,0.3316406778063171
272,3,2,4.526000000000067,,13518,"[954, 270]",False,,True,0.0,False,medium,False,"[[786, 90], [876, 270], [660, 630], [840, 666]]",,"[[1338, 786]]",,0.43283384814949616,0.333005606085074
273,3,2,4.54200000000003,,13518,"[954, 270]",False,,True,0.0,False,medium,False,"[[786, 84], [876, 264], [660, 624], [840, 660]]",,"[[1338, 780]]",,0.43283384814949616,0.333005606085074
274,3,2,4.558000000000106,,13518,"[954, 270]",False,,True,0.0,False,medium,False,"[[786, 78], [876, 258], [660, 618], [840, 654]]",,"[[1338, 774]]",,0.4512734184050016,0.3278052215628495
275,3,2,4.5750000000000455,,13518,"[954, 270]",False,,True,0.0,False,medium,False,"[[786, 72], [876, 252], [660, 612], [840, 648]]",,"[[1338, 768]]",,0.4512734184050016,0.3278052215628495
276,3,2,4.593000000000075,,13518,"[954, 270]",False,,True,0.0,False,medium,False,"[[786, 66], [876, 246], [660, 606], [840, 642]]",,"[[1338, 762]]",,0.4529547385450588,0.3296673854650607
277,3,2,4.610000000000014,,13518,"[954, 270]",False,,True,0.0,False,medium,False,"[[786, 60], [876, 240], [660, 600], [840, 636]]",,"[[1338, 756]]",,0.45367443740962043,0.33177839851756974
278,3,2,4.627000000000066,,13518,"[954, 270]",False,,True,0.0,False,medium,False,"[[786, 54], [876, 234], [660, 594], [840, 630]]",,"[[1338, 750]]",,0.4548807549489415,0.3352508963079399
279,3,2,4.643000000000029,,13518,"[954, 270]",False,,True,0.0,False,medium,False,"[[786, 48], [876, 228], [660, 588], [840, 624]]",,"[[1338, 744]]",,0.4548807549489415,0.3352508963079399
280,3,2,4.660000000000082,,13518,"[954, 270]",False,,True,0.0,False,medium,False,"[[786, 42], [876, 222], [660, 582], [840, 618]]",,"[[1338, 738]]",,0.45558410511974284,0.3374319628277749
281,3,2,4.677000000000021,,13518,"[954, 270]",False,,True,0.0,False,medium,False,"[[786, 36], [876, 216], [660, 576], [840, 612]]",,"[[1338, 732]]",,0.45558410511974284,0.3374319628277749
282,3,2,4.693000000000097,,13518,"[954, 270]",False,,True,0.0,False,medium,False,"[[786, 30], [876, 210], [660, 570], [840, 606]]",,"[[1338, 726]]",,0.4561383748128944,0.34152191988926295
283,3,2,4.710000000000036,,13518,"[954, 270]",False,,True,0.0,False,medium,False,"[[786, 24], [876, 204], [660, 564], [840, 600]]",,"[[1338, 720]]",,0.4560862284483226,0.3415751109028289
284,3,2,4.727000000000089,,13518,"[954, 270]",False,,True,0.0,False,medium,False,"[[786, 18], [876, 198], [660, 558], [840, 594]]",,"[[1338, 714]]",,0.45582694602670226,0.3440650070492981
285,3,2,4.743000000000052,,13518,"[954, 270]",False,,True,0.0,False,medium,False,"[[786, 12], [876, 192], [660, 552], [840, 588]]",,"[[1338, 708]]",,0.45582694602670226,0.3440650070492981
286,3,2,4.760000000000105,,13518,"[954, 270]",False,,True,0.0,False,medium,False,"[[786, 6], [876, 186], [660, 546], [840, 582]]",,"[[1338, 702]]",,0.45520382209816895,0.34713017973509563
287,3,2,4.776000000000067,,13518,"[954, 270]",False,,True,0.0,False,medium,False,"[[786, 0], [876, 180], [660, 540], [840, 576]]",,"[[1338, 696]]",,0.45520382209816895,0.34713017973509563
288,3,2,4.793000000000006,,13518,"[954, 270]",False,,True,0.0,False,medium,False,"[[876, 174], [660, 534], [840, 570]]",,"[[1338, 690]]",,0.47281139411351053,0.32867103045984947
289,3,2,4.809000000000083,,13518,"[954, 270]",False,,True,0.0,False,medium,False,"[[876, 168], [660, 528], [840, 564]]",,"[[1338, 684]]",,0.47281139411351053,0.32867103045984947
290,3,2,4.8250000000000455,,13518,"[954, 270]",False,,True,0.0,False,medium,False,"[[876, 162], [660, 522], [840, 558]]",,"[[1338, 678]]",,0.47542443547944424,0.3301883435835483
291,3,2,4.841000000000008,,13518,"[954, 270]",False,,True,0.0,False,medium,False,"[[876, 156], [660, 516], [840, 552]]",,"[[1338, 672]]",,0.47542443547944424,0.3301883435835483
292,3,2,4.858000000000061,,13518,"[954, 270]",False,,True,0.0,False,medium,False,"[[876, 150], [660, 510], [840, 546]]",,"[[1338, 666]]",,0.47571700567850395,0.32994949544501473
293,3,2,4.875,,13518,"[954, 270]",False,,True,0.0,False,medium,False,"[[876, 144], [660, 504], [840, 540]]",,"[[1338, 660]]",,0.47571700567850395,0.32994949544501473
294,3,2,4.893000000000029,,13518,"[954, 270]",False,,True,0.0,False,medium,False,"[[876, 138], [660, 498], [840, 534]]",,"[[1338, 654]]",,0.4750762744343307,0.33151581479079184
295,3,2,4.9090000000001055,,13518,"[954, 270]",False,,True,0.0,False,medium,False,"[[876, 132], [660, 492], [840, 528]]",,"[[1338, 648]]",,0.4750762744343307,0.33151581479079184
296,3,2,4.926000000000045,,13518,"[954, 270]",False,,True,0.0,False,medium,False,"[[876, 126], [660, 486], [840, 522]]",,"[[1338, 642]]",,0.4745469059509479,0.335331822441004
297,3,2,4.943000000000097,,13518,"[954, 270]",False,,True,0.0,False,medium,False,"[[876, 120], [660, 480], [840, 516]]",,"[[1338, 636]]",,0.4745469059509479,0.335331822441004
298,3,2,4.95900000000006,,13518,"[954, 270]",False,,True,0.0,False,medium,False,"[[876, 114], [660, 474], [840, 510]]",,"[[1338, 630]]",,0.4750734359802273,0.3379571648445431
299,3,2,4.977000000000089,,13518,"[954, 270]",False,,True,0.0,False,medium,False,"[[876, 108], [660, 468], [840, 504]]",,"[[1338, 624]]",,0.4750734359802273,0.3379571648445431
300,3,2,4.994000000000028,,13518,"[954, 270]",False,,True,0.0,False,medium,False,"[[876, 102], [660, 462], [840, 498]]",,"[[1338, 618]]",,0.4691690880517475,0.3344427503492604
301,3,2,5.011000000000081,,13518,"[954, 270]",False,,True,0.0,False,medium,False,"[[876, 96], [660, 456], [840, 492]]",,"[[1338, 612]]",,0.4691690880517475,0.3344427503492604
302,3,2,5.027000000000044,,13518,"[954, 270]",False,,True,0.0,False,medium,False,"[[876, 90], [660, 450], [840, 486]]",,"[[1338, 606]]",,0.47648196648492896,0.3411789800702363
303,3,2,5.043000000000006,,13518,"[954, 270]",False,,True,0.0,False,medium,False,"[[876, 84], [660, 444], [840, 480]]",,"[[1338, 600]]",,0.47648196648492896,0.3411789800702363
304,3,2,5.060000000000059,,13518,"[954, 270]",False,,True,0.0,False,medium,False,"[[876, 78], [660, 438], [840, 474]]",,"[[1338, 594]]",,0.4706350115273552,0.33475874668910865
305,3,2,5.077000000000112,,13518,"[954, 270]",False,,True,0.0,False,medium,False,"[[876, 72], [660, 432], [840, 468]]",,"[[1338, 588]]",,0.4706350115273552,0.33475874668910865
306,3,2,5.094000000000051,,13518,"[954, 270]",False,,True,0.0,False,medium,False,"[[876, 66], [660, 426], [840, 462]]",,"[[1338, 582]]",,0.4749634198848981,0.3460993446572166
307,3,2,5.111000000000104,,13518,"[954, 270]",False,,True,0.0,False,medium,False,"[[876, 60], [660, 420], [840, 456]]",,"[[1338, 576]]",,0.4749634198848981,0.3460993446572166
308,3,2,5.128000000000043,,13518,"[954, 270]",False,,True,0.0,False,medium,False,"[[876, 54], [660, 414], [840, 450]]",,"[[1338, 570]]",,0.464017563802739,0.34614953532813497
309,3,2,5.1440000000000055,,13518,"[954, 270]",False,,True,0.0,False,medium,False,"[[876, 48], [660, 408], [840, 444]]",,"[[1338, 564]]",,0.464017563802739,0.34614953532813497
310,3,2,5.161000000000058,,13518,"[954, 270]",False,,True,0.0,False,medium,False,"[[876, 42], [660, 402], [840, 438]]",,"[[1338, 558]]",,0.3995877877611983,0.34327998337412535
311,3,2,5.177000000000021,,13518,"[954, 270]",False,,True,0.0,False,medium,False,"[[876, 36], [660, 396], [840, 432]]",,"[[1338, 552]]",,0.3995877877611983,0.34327998337412535
312,3,2,5.193000000000097,,13518,"[954, 270]",False,,True,0.0,False,medium,False,"[[876, 30], [660, 390], [840, 426]]",,"[[1338, 546]]",,0.45654715045427796,0.34343502104653145
313,3,2,5.210000000000036,,13518,"[954, 270]",False,,True,0.0,False,medium,False,"[[876, 24], [660, 384], [840, 420]]",,"[[1338, 540]]",,0.45654715045427796,0.34343502104653145
314,3,2,5.227000000000089,,13518,"[954, 270]",False,,True,0.0,False,medium,False,"[[876, 18], [660, 378], [840, 414]]",,"[[1338, 534]]",,0.4533936237996654,0.33737673609475083
315,3,2,5.244000000000028,,13518,"[954, 270]",False,,True,0.0,False,medium,False,"[[876, 12], [660, 372], [840, 408]]",,"[[1338, 528]]",,0.4533936237996654,0.33737673609475083
316,3,2,5.261000000000081,,13518,"[954, 270]",False,,True,0.0,False,medium,False,"[[876, 6], [660, 366], [840, 402]]",,"[[1338, 522]]",,0.45165894320384564,0.33753199167753367
317,3,2,5.27800000000002,,13518,"[954, 270]",False,,True,0.0,False,medium,False,"[[876, 0], [660, 360], [840, 396]]",,"[[1338, 516]]",,0.45165894320384564,0.33753199167753367
318,3,2,5.294000000000096,,13518,"[954, 270]",False,,True,0.0,False,medium,False,"[[660, 354], [840, 390]]",,"[[1338, 510]]",,0.3996241967286768,0.346674984737703
319,3,2,5.310000000000059,,13518,"[954, 270]",False,,True,0.0,False,medium,False,"[[660, 348], [840, 384]]",,"[[1338, 504]]",,0.3996241967286768,0.346674984737703
320,3,2,5.326000000000022,,13518,"[954, 270]",False,,True,0.0,False,medium,False,"[[660, 342], [840, 378]]",,"[[1338, 498]]",,0.45504282596070056,0.3437542638379396
321,3,2,5.344000000000051,,13518,"[954, 270]",False,Right,True,0.0,False,medium,False,"[[660, 336], [840, 372]]",,"[[1332, 492]]",,0.45504282596070056,0.3437542638379396
322,3,2,5.361000000000104,,13518,"[954, 270]",False,Right,True,0.0,False,medium,False,"[[654, 330], [834, 366]]",,"[[1326, 486]]",,0.40240651903711655,0.3479855919185947
323,3,2,5.377000000000066,,13518,"[954, 270]",False,Right,True,0.0,False,medium,False,"[[648, 324], [828, 360]]",,"[[1320, 480]]",,0.40240651903711655,0.3479855919185947
324,3,2,5.393000000000029,,13518,"[954, 270]",False,Right,True,0.0,False,medium,False,"[[642, 318], [822, 354]]",,"[[1314, 474]]",,0.45677856839908093,0.34395853648654195
325,3,2,5.410000000000082,,13518,"[954, 270]",False,Right,True,0.0,False,medium,False,"[[636, 312], [816, 348]]",,"[[1308, 468]]",,0.45677856839908093,0.34395853648654195
326,3,2,5.427000000000021,,13518,"[954, 270]",False,Right,True,0.0,False,medium,False,"[[630, 306], [810, 342]]",,"[[1302, 462]]",,0.4570757228106969,0.34631293372821337
327,3,2,5.443000000000097,,13518,"[954, 270]",False,Right,True,0.0,False,medium,False,"[[624, 300], [804, 336]]",,"[[1296, 456]]",,0.4570757228106969,0.34631293372821337
328,3,2,5.45900000000006,,13518,"[954, 270]",False,Right,True,0.0,False,medium,False,"[[618, 294], [798, 330]]",,"[[1290, 450]]",,0.39986095917146336,0.3501731598458253
329,3,2,5.475000000000023,,13518,"[954, 270]",False,Right,True,0.0,False,medium,False,"[[612, 288], [792, 324]]",,"[[1284, 444]]",,0.39986095917146336,0.3501731598458253
330,3,2,5.493000000000052,,13518,"[954, 270]",False,,True,0.0,False,medium,False,"[[606, 282], [786, 318]]",,"[[1284, 438]]",,0.4595414709774618,0.3523707939937355
331,3,2,5.508000000000038,,13518,"[954, 270]",False,,True,0.0,False,medium,False,"[[606, 276], [786, 312]]",,"[[1284, 432]]",,0.4595414709774618,0.3523707939937355
332,3,2,5.524000000000001,,13518,"[954, 270]",False,,True,0.0,False,medium,False,"[[606, 270], [786, 306]]",,"[[1284, 426]]",,0.45780079097216514,0.354805316689942
333,3,2,5.540000000000077,,13518,"[954, 270]",False,,True,0.0,False,medium,False,"[[606, 264], [786, 300]]",,"[[1284, 420]]",,0.45780079097216514,0.354805316689942
334,3,2,5.55600000000004,,13518,"[954, 270]",False,,True,0.0,False,medium,False,"[[606, 258], [786, 294]]",,"[[1284, 414]]",,0.4565670744123106,0.3571852567593604
335,3,2,5.573000000000093,,13518,"[954, 270]",False,,True,0.0,False,medium,False,"[[606, 252], [786, 288]]",,"[[1284, 408]]",,0.4565670744123106,0.3571852567593604
336,3,2,5.5890000000000555,,13518,"[954, 270]",False,,True,0.0,False,medium,False,"[[606, 246], [786, 282]]",,"[[1284, 402]]",,0.4565670744123106,0.3571852567593604
337,3,2,5.607000000000085,,13518,"[954, 270]",False,,True,0.0,False,medium,False,"[[606, 240], [786, 276]]",,"[[1284, 396]]",,0.406393900417537,0.3420092282049765
338,3,2,5.623000000000047,,13518,"[954, 270]",False,,True,0.0,False,medium,False,"[[606, 234], [786, 270]]",,"[[1284, 390]]",,0.40003467570590906,0.3536593616843464
339,3,2,5.6400000000001,,13518,"[954, 270]",False,,True,0.0,False,medium,False,"[[606, 228], [786, 264]]",,"[[1284, 384]]",,0.40003467570590906,0.3536593616843464
340,3,2,5.657000000000039,,13518,"[954, 270]",False,Right,True,0.0,False,medium,False,"[[606, 222], [786, 258]]",,"[[1278, 378]]",,0.4581926249985725,0.36100052725249254
341,3,2,5.6720000000000255,,13518,"[954, 270]",False,Right,True,0.0,False,medium,False,"[[600, 216], [780, 252]]",,"[[1272, 372]]",,0.4588997852231308,0.3627669262255746
342,3,2,5.688000000000102,,13518,"[954, 270]",False,Right,True,0.0,False,medium,False,"[[594, 210], [774, 246]]",,"[[1266, 366]]",,0.416557075675403,0.35478275146561244
343,3,2,5.704000000000065,,13518,"[954, 270]",False,Right,True,0.0,False,medium,False,"[[588, 204], [768, 240]]",,"[[1260, 360]]",,0.40305932950386386,0.355137957250641
344,3,2,5.722000000000094,,13518,"[954, 270]",False,Right,True,0.0,False,medium,False,"[[582, 198], [762, 234], [942, 810]]",,"[[1254, 354]]",,0.45870047073808334,0.366800987301819
345,3,2,5.738000000000056,,13518,"[954, 270]",False,Right,True,0.0,False,medium,False,"[[576, 192], [756, 228], [936, 804]]",,"[[1248, 348]]",,0.4590778821628265,0.3675752923049814
346,3,2,5.755000000000109,,13518,"[954, 270]",False,Right,True,0.0,False,medium,False,"[[570, 186], [750, 222], [930, 798]]",,"[[1242, 342]]",,0.4590778821628265,0.3675752923049814
347,3,2,5.771000000000072,,13518,"[954, 270]",False,Right,True,0.0,False,medium,False,"[[564, 180], [744, 216], [924, 792]]",,"[[1236, 336]]",,0.4136191665916469,0.35679418977751387
348,3,2,5.788000000000011,,13518,"[954, 270]",False,Right,True,0.0,False,medium,False,"[[558, 174], [738, 210], [918, 786]]",,"[[1230, 330]]",,0.4136191665916469,0.35679418977751387
349,3,2,5.804000000000087,,13518,"[954, 270]",False,Right,True,0.0,False,medium,False,"[[552, 168], [732, 204], [912, 780]]",,"[[1224, 324], [318, 810]]",,0.41496626005960424,0.3574297452709707
350,3,2,5.823000000000093,,13518,"[954, 270]",False,,True,0.0,False,medium,False,"[[546, 162], [726, 198], [906, 774]]",,"[[1224, 318], [318, 804]]",,0.46149147835532356,0.36945612467362066
351,3,2,5.840000000000032,,13518,"[954, 270]",False,,True,0.0,False,medium,False,"[[546, 156], [726, 192], [906, 768]]",,"[[1224, 312], [318, 798]]",,0.4625652362865331,0.3695192920888152
352,3,2,5.857000000000085,,13518,"[954, 270]",False,,True,1.0,False,medium,False,"[[546, 150], [726, 186], [906, 762]]",,"[[1224, 306], [318, 792]]",,0.46255873970080835,0.3695737884915412
353,3,2,5.873000000000047,,13518,"[954, 270]",False,,True,1.0,False,medium,False,"[[546, 144], [726, 180], [906, 756]]",,"[[1230, 300], [324, 786]]",,0.41847348917473626,0.3477651825188466
354,3,2,5.88900000000001,,13518,"[954, 270]",False,,True,1.0,False,medium,False,"[[552, 138], [732, 174], [912, 750]]",,"[[1236, 294], [330, 780]]",,0.46325800676483525,0.3711798432289568
355,3,2,5.906000000000063,,13518,"[954, 270]",False,,True,1.0,False,medium,False,"[[558, 132], [738, 168], [918, 744]]",,"[[1242, 288], [336, 774]]",,0.4631462931502652,0.3727082295449772
356,3,2,5.9220000000000255,,13518,"[954, 270]",False,,True,1.0,False,medium,False,"[[564, 126], [744, 162], [924, 738]]",,"[[1248, 282], [342, 768]]",,0.4631462931502652,0.3727082295449772
357,3,2,5.940000000000055,,13518,"[954, 270]",False,,True,1.0,False,medium,False,"[[570, 120], [750, 156], [930, 732]]",,"[[1254, 276], [348, 762]]",,0.4143088755777532,0.34921797114800757
358,3,2,5.957000000000107,,13518,"[954, 270]",False,,True,1.0,False,medium,False,"[[576, 114], [756, 150], [936, 726]]",,"[[1260, 270], [354, 756]]",,0.46154254070029277,0.376487190482956
359,3,2,5.97300000000007,,13518,"[954, 270]",False,,True,1.0,False,medium,False,"[[582, 108], [762, 144], [942, 720]]",,"[[1266, 264], [360, 750]]",,0.4156732057710769,0.34986752792412157
360,3,2,5.989000000000033,,13518,"[954, 270]",False,,True,1.0,False,medium,False,"[[588, 102], [768, 138], [948, 714]]",,"[[1272, 258], [366, 744]]",,0.46118205785507094,0.3783424986845757
361,3,2,6.005000000000109,,13518,"[954, 270]",False,,True,1.0,False,medium,False,"[[594, 96], [774, 132], [954, 708]]",,"[[1278, 252], [372, 738]]",,0.46193562935560684,0.3779775601277626
362,3,2,6.021000000000072,,13518,"[954, 270]",False,,True,1.0,False,medium,False,"[[600, 90], [780, 126], [960, 702]]",,"[[1284, 246], [378, 732]]",,0.46193562935560684,0.3779775601277626
363,3,2,6.038000000000011,,13518,"[954, 270]",False,,True,1.0,False,medium,False,"[[606, 84], [786, 120], [966, 696]]",,"[[1290, 240], [384, 726]]",,0.41880116474968154,0.351326541728469
364,3,2,6.055000000000064,,13518,"[954, 270]",False,,True,1.0,False,medium,False,"[[612, 78], [792, 114], [972, 690]]",,"[[1296, 234], [390, 720]]",,0.41880116474968154,0.351326541728469
365,3,2,6.072000000000003,,13518,"[954, 270]",False,,True,1.0,False,medium,False,"[[618, 72], [798, 108], [978, 684]]",,"[[1302, 228], [396, 714]]",,0.4201927051097738,0.35196590328296007
366,3,2,6.0890000000000555,,13518,"[954, 270]",False,,True,1.0,False,medium,False,"[[624, 66], [804, 102], [984, 678]]",,"[[1308, 222], [402, 708]]",,0.46445253106083273,0.379362183594557
367,3,2,6.106000000000108,,13518,"[954, 270]",False,,True,1.0,False,medium,False,"[[630, 60], [810, 96], [990, 672]]",,"[[1314, 216], [408, 702]]",,0.4648130635342581,0.37991142326983185
368,3,2,6.122000000000071,,13518,"[954, 270]",False,,True,1.0,False,medium,False,"[[636, 54], [816, 90], [996, 666], [798, 810]]",,"[[1320, 210], [414, 696]]",,0.4648130635342581,0.37991142326983185
369,3,2,6.13900000000001,,13518,"[954, 270]",False,,True,1.0,False,medium,False,"[[642, 48], [822, 84], [1002, 660], [804, 804]]",,"[[1326, 204], [420, 690]]",,0.46583812903221977,0.3822020968622425
370,3,2,6.156000000000063,,13518,"[954, 270]",False,,True,1.0,False,medium,False,"[[648, 42], [828, 78], [1008, 654], [810, 798]]",,"[[1332, 198], [426, 684]]",,0.46604022364100317,0.38308233593047736
371,3,2,6.173000000000002,,13518,"[954, 270]",False,Right,True,1.0,False,medium,False,"[[654, 36], [834, 72], [1014, 648], [816, 792]]",,"[[1332, 192], [426, 678]]",,0.6401582908213371,0.17148875447997702
372,3,2,6.189000000000078,,13518,"[954, 270]",False,Right,True,1.0,False,medium,False,"[[654, 30], [834, 66], [1014, 642], [816, 786]]",,"[[1332, 186], [426, 672]]",,0.6401582908213371,0.17148875447997702
373,3,2,6.207000000000107,,13518,"[954, 270]",False,Right,True,1.0,False,medium,False,"[[654, 24], [834, 60], [1014, 636], [816, 780]]",,"[[1332, 180], [426, 666]]",,0.6420566119031796,0.17193872926188314
374,3,2,6.224000000000046,,13518,"[954, 270]",False,Right,True,1.0,False,medium,False,"[[654, 18], [834, 54], [1014, 630], [816, 774]]",,"[[1332, 174], [426, 660]]",,0.4669872515150531,0.3879735215939596
375,3,2,6.240000000000009,,13518,"[954, 270]",False,Right,True,1.0,False,medium,False,"[[654, 12], [834, 48], [1014, 624], [816, 768]]",,"[[1332, 168], [426, 654]]",,0.46646624561114597,0.3884947817086114
376,3,2,6.2560000000000855,,13518,"[954, 270]",False,Right,True,1.0,False,medium,False,"[[654, 6], [834, 42], [1014, 618], [816, 762]]",,"[[1332, 162], [426, 648]]",,0.41353124765079297,0.355487078507277
377,3,2,6.272000000000048,,13518,"[954, 270]",False,Right,True,1.0,False,medium,False,"[[654, 0], [834, 36], [1014, 612], [816, 756]]",,"[[1332, 156], [426, 642]]",,0.41480291985258183,0.35607292518831046
378,3,2,6.288000000000011,,13518,"[954, 270]",False,Right,True,1.0,False,medium,False,"[[834, 30], [1014, 606], [816, 750]]",,"[[1332, 150], [426, 636]]",,0.41480291985258183,0.35607292518831046
379,3,2,6.304000000000087,,13518,"[954, 270]",False,Right,True,1.0,False,medium,False,"[[834, 24], [1014, 600], [816, 744]]",,"[[1332, 144], [426, 630]]",,0.46557301286955105,0.3866123312824916
380,3,2,6.32000000000005,,13518,"[954, 270]",False,Right,True,1.0,False,medium,False,"[[834, 18], [1014, 594], [816, 738]]",,"[[1332, 138], [426, 624]]",,0.46557301286955105,0.3866123312824916
381,3,2,6.338000000000079,,13518,"[954, 270]",False,Right,True,1.0,False,medium,False,"[[834, 12], [1014, 588], [816, 732]]",,"[[1332, 132], [426, 618]]",,0.4605786335937168,0.3764137204140362
382,3,2,6.3530000000000655,,13518,"[954, 270]",False,Right,True,1.0,False,medium,False,"[[834, 6], [1014, 582], [816, 726]]",,"[[1332, 126], [426, 612]]",,0.4605786335937168,0.3764137204140362
383,3,2,6.3700000000000045,,13518,"[954, 270]",False,Right,True,1.0,False,medium,False,"[[834, 0], [1014, 576], [816, 720]]",,"[[1332, 120], [426, 606]]",,0.4604091258077661,0.37363548767562527
384,3,2,6.386000000000081,,13518,"[954, 270]",False,Right,True,1.0,False,medium,False,"[[1014, 570], [816, 714]]",,"[[1332, 114], [426, 600]]",,0.4604091258077661,0.37363548767562527
385,3,2,6.402000000000044,,13518,"[954, 270]",False,Right,True,1.0,False,medium,False,"[[1014, 564], [816, 708]]",,"[[1332, 108], [426, 594]]",,0.4595035044862225,0.3707386682540792
386,3,2,6.419000000000096,,13518,"[954, 270]",False,Right,True,1.0,False,medium,False,"[[1014, 558], [816, 702]]",,"[[1332, 102], [426, 588]]",,0.4595035044862225,0.3707386682540792
387,3,2,6.438000000000102,,13518,"[954, 270]",False,Right,True,1.0,False,medium,False,"[[1014, 552], [816, 696]]",,"[[1332, 96], [426, 582]]",,0.4596066104578272,0.37245135016568665
388,3,2,6.455000000000041,,13518,"[954, 270]",False,Right,True,1.0,False,medium,False,"[[1014, 546], [816, 690]]",,"[[1332, 90], [426, 576]]",,0.4596066104578272,0.37245135016568665
389,3,2,6.472000000000094,,13518,"[954, 270]",False,Right,True,1.0,False,medium,False,"[[1014, 540], [816, 684]]",,"[[1332, 84], [426, 570]]",,0.45910798594894786,0.3739661983299193
390,3,2,6.488000000000056,,13518,"[954, 270]",False,Right,True,1.0,False,medium,False,"[[1014, 534], [816, 678]]",,"[[1332, 78], [426, 564]]",,0.45910798594894786,0.3739661983299193
391,3,2,6.504000000000019,,13518,"[954, 270]",False,Right,True,1.0,False,medium,False,"[[1014, 528], [816, 672]]",,"[[1332, 72], [426, 558]]",,0.4591939339144277,0.3764797601654748
392,3,2,6.521000000000072,,13518,"[954, 270]",False,Right,True,1.0,False,medium,False,"[[1014, 522], [816, 666]]",,"[[1332, 66], [426, 552]]",,0.4591939339144277,0.3764797601654748
393,3,2,6.537000000000035,,13518,"[954, 270]",False,Right,True,1.0,False,medium,False,"[[1014, 516], [816, 660]]",,"[[1332, 60], [426, 546]]",,0.6496725656790959,0.16663929796343535
394,3,2,6.553000000000111,,13518,"[954, 270]",False,Right,True,1.0,False,medium,False,"[[1014, 510], [816, 654]]",,"[[1332, 54], [426, 540]]",,0.6496725656790959,0.16663929796343535
395,3,2,6.571000000000026,,13518,"[954, 270]",False,,True,1.0,False,medium,False,"[[1014, 504], [816, 648]]",,"[[1338, 48], [432, 534]]",,0.4616786280414148,0.38259670228135323
396,3,2,6.587000000000103,,13518,"[954, 270]",False,,True,1.0,False,medium,False,"[[1020, 498], [822, 642]]",,"[[1344, 42], [438, 528]]",,0.4616786280414148,0.38259670228135323
397,3,2,6.6030000000000655,,13518,"[954, 270]",False,,True,1.0,False,medium,False,"[[1026, 492], [828, 636]]",,"[[1350, 36], [444, 522]]",,0.6457810476330867,0.16870130770351777
398,3,2,6.619000000000028,,13518,"[954, 270]",False,,True,1.0,False,medium,False,"[[1032, 486], [834, 630]]",,"[[1356, 30], [450, 516]]",,0.6457810476330867,0.16870130770351777
399,3,2,6.635000000000105,,13518,"[954, 270]",False,,True,1.0,False,medium,False,"[[1038, 480], [840, 624]]",,"[[1362, 24], [456, 510]]",,0.4634284491302728,0.38274919332271884
400,3,2,6.651000000000067,,13518,"[954, 270]",False,,True,1.0,False,medium,False,"[[1044, 474], [846, 618]]",,"[[1368, 18], [462, 504]]",,0.4634284491302728,0.38274919332271884
401,3,2,6.668000000000006,,13518,"[954, 270]",False,,True,1.0,False,medium,False,"[[1050, 468], [852, 612]]",,"[[1374, 12], [468, 498]]",,0.46319992135529925,0.381942160451046
402,3,2,6.684000000000083,,13518,"[954, 270]",False,,True,1.0,False,medium,False,"[[1056, 462], [858, 606]]",,"[[1380, 6], [474, 492]]",,0.46319992135529925,0.381942160451046
403,3,2,6.701000000000022,,13518,"[954, 270]",False,,True,0.0,False,medium,False,"[[1062, 456], [864, 600]]",,"[[1386, 0], [480, 486], [1386, 810]]",,0.4634345974389463,0.3811311481639291
404,3,2,6.718000000000075,,13518,"[954, 270]",False,,True,0.0,False,medium,False,"[[1068, 450], [870, 594]]",,"[[480, 480], [1386, 804]]",,0.4634345974389463,0.3811311481639291
405,3,2,6.735000000000014,,13518,"[954, 270]",False,Left,True,0.0,False,medium,False,"[[1068, 444], [870, 588]]",,"[[486, 474], [1392, 798]]",,0.6367134894137717,0.15249262319485757
406,3,2,6.75100000000009,,13518,"[954, 270]",False,Left,True,0.0,False,medium,False,"[[1074, 438], [876, 582]]",,"[[492, 468], [1398, 792]]",,0.6367134894137717,0.15249262319485757
407,3,2,6.767000000000053,,13518,"[954, 270]",False,Left,True,0.0,False,medium,False,"[[1080, 432], [882, 576]]",,"[[498, 462], [1404, 786]]",,0.4627826493500139,0.3831046504446688
408,3,2,6.7840000000001055,,13518,"[954, 270]",False,Left,True,0.0,False,medium,False,"[[1086, 426], [888, 570]]",,"[[504, 456], [1410, 780]]",,0.4627826493500139,0.3831046504446688
409,3,2,6.800000000000068,,13518,"[954, 270]",False,Left,True,0.0,False,medium,False,"[[1092, 420], [894, 564]]",,"[[510, 450], [1416, 774]]",,0.4626058218651762,0.3849954529284282
410,3,2,6.817000000000007,,13518,"[954, 270]",False,Left,True,0.0,False,medium,False,"[[1098, 414], [900, 558]]",,"[[516, 444], [1422, 768]]",,0.4626058218651762,0.3849954529284282
411,3,2,6.835000000000036,,13518,"[954, 270]",False,,True,0.0,False,medium,False,"[[1104, 408], [906, 552]]",,"[[516, 438], [1422, 762]]",,0.6335536286735197,0.1447576723806686
412,3,2,6.850000000000023,,13518,"[954, 270]",False,,True,0.0,False,medium,False,"[[1104, 402], [906, 546]]",,"[[516, 432], [1422, 756]]",,0.6335536286735197,0.1447576723806686
413,3,2,6.8670000000000755,,13518,"[954, 270]",False,,True,0.0,False,medium,False,"[[1104, 396], [906, 540]]",,"[[516, 426], [1422, 750]]",,0.643593875869645,0.16411731169210042
414,3,2,6.883000000000038,,13518,"[954, 270]",False,,True,0.0,False,medium,False,"[[1104, 390], [906, 534]]",,"[[516, 420], [1422, 744]]",,0.643593875869645,0.16411731169210042
415,3,2,6.899000000000001,,13518,"[954, 270]",False,,True,0.0,False,medium,False,"[[1104, 384], [906, 528]]",,"[[516, 414], [1422, 738]]",,0.460598326697808,0.369596246040792
416,3,2,6.915000000000077,,13518,"[954, 270]",False,,True,0.0,False,medium,False,"[[1104, 378], [906, 522]]",,"[[516, 408], [1422, 732]]",,0.6591702194943829,0.16175058131571807
417,3,2,6.93100000000004,,13518,"[954, 270]",False,,True,0.0,False,medium,False,"[[1104, 372], [906, 516]]",,"[[516, 402], [1422, 726]]",,0.6467506543280869,0.16485642059600614
418,3,2,6.948000000000093,,13518,"[954, 270]",False,,True,0.0,False,medium,False,"[[1104, 366], [906, 510]]",,"[[516, 396], [1422, 720]]",,0.4624340801035259,0.3710855539720459
419,3,2,6.965000000000032,,13518,"[954, 270]",False,,True,0.0,False,medium,False,"[[1104, 360], [906, 504]]",,"[[516, 390], [1422, 714]]",,0.4631008127283044,0.3724875240252835
420,3,2,6.982000000000085,,13518,"[954, 270]",False,,True,0.0,False,medium,False,"[[1104, 354], [906, 498]]",,"[[516, 384], [1422, 708]]",,0.4631008127283044,0.3724875240252835
421,3,2,7.0,,13518,"[954, 270]",False,,True,0.0,False,medium,False,"[[1104, 348], [906, 492]]",,"[[516, 378], [1422, 702]]",,0.6431015929853636,0.1669639741215071
422,3,2,7.017000000000053,,13518,"[954, 270]",False,,True,0.0,False,medium,False,"[[1104, 342], [906, 486]]",,"[[516, 372], [1422, 696]]",,0.6431015929853636,0.1669639741215071
423,3,2,7.0330000000000155,,13518,"[954, 270]",False,,True,0.0,False,medium,False,"[[1104, 336], [906, 480]]",,"[[516, 366], [1422, 690]]",,0.6437398878547883,0.15712462558620033
424,3,2,7.050000000000068,,13518,"[954, 270]",False,Right,True,0.0,False,medium,False,"[[1104, 330], [906, 474]]",,"[[510, 360], [1416, 684]]",,0.6437398878547883,0.15712462558620033
425,3,2,7.065000000000055,,13518,"[954, 270]",False,Right,True,0.0,False,medium,False,"[[1098, 324], [900, 468], [810, 810]]",,"[[504, 354], [1410, 678]]",,0.4656801126025852,0.3743370802211886
426,3,2,7.082000000000107,,13518,"[954, 270]",False,Right,True,0.0,False,medium,False,"[[1092, 318], [894, 462], [804, 804]]",,"[[498, 348], [1404, 672]]",,0.4656801126025852,0.3743370802211886
427,3,2,7.099000000000046,,13518,"[954, 270]",False,Right,True,0.0,False,medium,False,"[[1086, 312], [888, 456], [798, 798]]",,"[[492, 342], [1398, 666]]",,0.6470833573331035,0.15790532496638432
428,3,2,7.116000000000099,,13518,"[954, 270]",False,Right,True,0.0,False,medium,False,"[[1080, 306], [882, 450], [792, 792]]",,"[[486, 336], [1392, 660]]",,0.6470833573331035,0.15790532496638432
429,3,2,7.132000000000062,,13518,"[954, 270]",False,Right,True,0.0,False,medium,False,"[[1074, 300], [876, 444], [786, 786]]",,"[[480, 330], [1386, 654]]",,0.4651230963323913,0.3769507533360228
430,3,2,7.149000000000001,,13518,"[954, 270]",False,Right,True,0.0,False,medium,False,"[[1068, 294], [870, 438], [780, 780]]",,"[[474, 324], [1380, 648]]",,0.4651230963323913,0.3769507533360228
431,3,2,7.168000000000006,,13518,"[954, 270]",False,,True,0.0,False,medium,False,"[[1062, 288], [864, 432], [774, 774]]",,"[[474, 318], [1380, 642]]",,0.4662851780574573,0.37783734834256655
432,3,2,7.185000000000059,,13518,"[954, 270]",False,,True,0.0,False,medium,False,"[[1062, 282], [864, 426], [774, 768]]",,"[[474, 312], [1380, 636]]",,0.3366006173231734,0.5409773407370919
433,3,2,7.201000000000022,,13518,"[954, 270]",False,,True,-1.0,False,medium,False,"[[1062, 276], [864, 420], [774, 762]]",,"[[474, 306], [1380, 630]]",,0.22139202683446196,0.21322537291864452
434,3,2,7.218000000000075,,13518,"[954, 270]",False,,True,-1.0,False,medium,False,"[[1062, 270], [864, 414], [774, 756]]",,"[[468, 300], [1374, 624]]",,0.22139202683446196,0.21322537291864452
435,3,2,7.23700000000008,,13518,"[954, 270]",False,,True,-1.0,False,medium,False,"[[1056, 264], [858, 408], [768, 750]]",,"[[462, 294], [1368, 618]]",,0.2124021166192172,0.2336180657044694
436,3,2,7.253000000000043,,13518,"[954, 270]",False,,True,-1.0,False,medium,False,"[[1050, 258], [852, 402], [762, 744]]",,"[[456, 288], [1362, 612]]",,0.2124021166192172,0.2336180657044694
437,3,2,7.2690000000000055,,13518,"[954, 270]",False,,True,-1.0,False,medium,False,"[[1044, 252], [846, 396], [756, 738]]",,"[[450, 282], [1356, 606]]",,0.4695784675782356,0.38295350953385077
438,3,2,7.286000000000058,,13518,"[954, 270]",False,,True,-1.0,False,medium,False,"[[1038, 246], [840, 390], [750, 732]]",,"[[444, 276], [1350, 600]]",,0.4695784675782356,0.38295350953385077
439,3,2,7.304000000000087,,13518,"[954, 270]",False,,True,-1.0,False,medium,False,"[[1032, 240], [834, 384], [744, 726]]",,"[[438, 270], [1344, 594]]",,0.4732016876669829,0.37871347815294365
440,3,2,7.32000000000005,,13518,"[954, 270]",False,,True,-1.0,False,medium,False,"[[1026, 234], [828, 378], [738, 720]]",,"[[432, 264], [1338, 588]]",,0.4732016876669829,0.37871347815294365
441,3,2,7.336000000000013,,13518,"[954, 270]",False,,True,-1.0,False,medium,False,"[[1020, 228], [822, 372], [732, 714]]",,"[[426, 258], [1332, 582]]",,0.21961253367785666,0.2151319818673566
442,3,2,7.3530000000000655,,13518,"[954, 270]",False,,True,-1.0,False,medium,False,"[[1014, 222], [816, 366], [726, 708]]",,"[[420, 252], [1326, 576]]",,0.21961253367785666,0.2151319818673566
443,3,2,7.369000000000028,,13518,"[954, 270]",False,,True,-1.0,False,medium,False,"[[1008, 216], [810, 360], [720, 702], [648, 810]]",,"[[414, 246], [1320, 570]]",,0.21917195707833645,0.2156087058063456
444,3,2,7.385000000000105,,13518,"[954, 270]",False,,True,-1.0,False,medium,False,"[[1002, 210], [804, 354], [714, 696], [642, 804]]",,"[[408, 240], [1314, 564]]",,0.21917195707833645,0.2156087058063456
445,3,2,7.402000000000044,,13518,"[954, 270]",False,,True,-1.0,False,medium,False,"[[996, 204], [798, 348], [708, 690], [636, 798]]",,"[[402, 234], [1308, 558]]",,0.47163184537916714,0.37528774207332105
446,3,2,7.419000000000096,,13518,"[954, 270]",False,,True,-1.0,False,medium,False,"[[990, 198], [792, 342], [702, 684], [630, 792], [864, 810]]",,"[[396, 228], [1302, 552]]",,0.47163184537916714,0.37528774207332105
447,3,2,7.4360000000000355,,13518,"[954, 270]",False,Right,True,-1.0,False,medium,False,"[[984, 192], [786, 336], [696, 678], [624, 786], [858, 804]]",,"[[384, 222], [1290, 546]]",,0.21841946728015613,0.21642063840881465
448,3,2,7.452000000000112,,13518,"[954, 270]",False,Right,True,-1.0,False,medium,False,"[[972, 186], [774, 330], [684, 672], [612, 780], [846, 798]]",,"[[372, 216], [1278, 540]]",,0.4718109240842745,0.3746628028134358
449,3,2,7.468000000000075,,13518,"[954, 270]",False,Right,True,-1.0,False,medium,False,"[[960, 180], [762, 324], [672, 666], [600, 774], [834, 792]]",,"[[360, 210], [1266, 534]]",,0.2179630886995954,0.21690667976420297
450,3,2,7.484000000000037,,13518,"[954, 270]",False,Right,True,-1.0,False,medium,False,"[[948, 174], [750, 318], [660, 660], [588, 768], [822, 786]]",,"[[348, 204], [1254, 528]]",,0.2179630886995954,0.21690667976420297
451,3,2,7.5,,13518,"[954, 270]",False,Right,True,-1.0,False,medium,False,"[[936, 168], [738, 312], [648, 654], [576, 762], [810, 780]]",,"[[336, 198], [1242, 522]]",,0.47150684651452063,0.372406638114104
452,3,2,7.517000000000053,,13518,"[954, 270]",False,Right,True,-1.0,False,medium,False,"[[924, 162], [726, 306], [636, 648], [564, 756], [798, 774], [582, 810]]",,"[[324, 192], [1230, 516]]",,0.47150684651452063,0.372406638114104
453,3,2,7.535000000000082,,13518,"[954, 270]",False,Right,True,-1.0,False,medium,False,"[[912, 156], [714, 300], [624, 642], [552, 750], [786, 768], [570, 804]]",,"[[312, 186], [1218, 510]]",,0.22330646121268383,0.21857133210102309
454,3,2,7.552000000000021,,13518,"[954, 270]",False,Right,True,-1.0,False,medium,False,"[[900, 150], [702, 294], [612, 636], [540, 744], [774, 762], [558, 798]]",,"[[300, 180], [1206, 504]]",,0.46995073136767973,0.37313598673515225
455,3,2,7.568000000000097,,13518,"[954, 270]",False,Right,True,-1.0,False,medium,False,"[[888, 144], [690, 288], [600, 630], [528, 738], [762, 756], [546, 792]]",,"[[288, 174], [1194, 498]]",,0.4693006996482866,0.37616271693626013
456,3,2,7.585000000000036,,13518,"[954, 270]",False,,True,-1.0,False,medium,False,"[[876, 138], [678, 282], [588, 624], [516, 732], [750, 750], [534, 786]]",,"[[282, 168], [1188, 492]]",,0.4693006996482866,0.37616271693626013
457,3,2,7.602000000000089,,13518,"[954, 270]",False,,True,-1.0,False,medium,False,"[[870, 132], [672, 276], [582, 618], [510, 726], [744, 744], [528, 780]]",,"[[276, 162], [1182, 486]]",,0.46946897296538637,0.37887928984700014
458,3,2,7.619000000000028,,13518,"[954, 270]",False,,True,-1.0,False,medium,False,"[[864, 126], [666, 270], [576, 612], [504, 720], [738, 738], [522, 774], [882, 810]]",,"[[270, 156], [1176, 480]]",,0.46946897296538637,0.37887928984700014
459,3,2,7.636000000000081,,13518,"[954, 270]",False,Left,True,-1.0,False,medium,False,"[[858, 120], [660, 264], [570, 606], [498, 714], [732, 732], [516, 768], [876, 804]]",,"[[270, 150], [1176, 474]]",,0.4698925451946129,0.3811116539173026
460,3,2,7.65300000000002,,13518,"[954, 270]",False,Left,True,-1.0,False,medium,False,"[[858, 114], [660, 258], [570, 600], [498, 708], [732, 726], [516, 762], [876, 798]]",,"[[270, 144], [1176, 468]]",,0.4698925451946129,0.3811116539173026
461,3,2,7.670000000000073,,13518,"[954, 270]",False,Left,True,-1.0,False,medium,False,"[[858, 108], [660, 252], [570, 594], [498, 702], [732, 720], [516, 756], [876, 792]]",,"[[270, 138], [1176, 462]]",,0.4699157514489901,0.38107685070503017
462,3,2,7.687000000000012,,13518,"[954, 270]",False,Left,True,-1.0,False,medium,False,"[[858, 102], [660, 246], [570, 588], [498, 696], [732, 714], [516, 750], [876, 786]]",,"[[270, 132], [1176, 456]]",,0.4699157514489901,0.38107685070503017
463,3,2,7.703000000000088,,13518,"[954, 270]",False,Left,True,-1.0,False,medium,False,"[[858, 96], [660, 240], [570, 582], [498, 690], [732, 708], [516, 744], [876, 780]]",,"[[270, 126], [1176, 450]]",,0.21394497198354118,0.2303546744273285
464,3,2,7.720000000000027,,13518,"[954, 270]",False,Left,True,-1.0,False,medium,False,"[[858, 90], [660, 234], [570, 576], [498, 684], [732, 702], [516, 738], [876, 774]]",,"[[270, 120], [1176, 444]]",,0.47145022739595327,0.3808908768989624
465,3,2,7.73700000000008,,13518,"[954, 270]",False,Left,True,-1.0,False,medium,False,"[[858, 84], [660, 228], [570, 570], [498, 678], [732, 696], [516, 732], [876, 768]]",,"[[270, 114], [1176, 438]]",,0.4729577764842866,0.3807952191955136
466,3,2,7.753000000000043,,13518,"[954, 270]",False,Left,True,-1.0,False,medium,False,"[[858, 78], [660, 222], [570, 564], [498, 672], [732, 690], [516, 726], [876, 762]]",,"[[270, 108], [1176, 432]]",,0.4729577764842866,0.3807952191955136
467,3,2,7.7700000000000955,,13518,"[954, 270]",False,Left,True,-1.0,False,medium,False,"[[858, 72], [660, 216], [570, 558], [498, 666], [732, 684], [516, 720], [876, 756]]",,"[[270, 102], [1176, 426]]",,0.47352899070279497,0.3819181483457137
468,3,2,7.786000000000058,,13518,"[954, 270]",False,Left,True,-1.0,False,medium,False,"[[858, 66], [660, 210], [570, 552], [498, 660], [732, 678], [516, 714], [876, 750]]",,"[[270, 96], [1176, 420]]",,0.47352899070279497,0.3819181483457137
469,3,2,7.803000000000111,,13518,"[954, 270]",False,Left,True,-1.0,False,medium,False,"[[858, 60], [660, 204], [570, 546], [498, 654], [732, 672], [516, 708], [876, 744]]",,"[[270, 90], [1176, 414]]",,0.4739166891381399,0.3827017034341478
470,3,2,7.819000000000074,,13518,"[954, 270]",False,Left,True,-1.0,False,medium,False,"[[858, 54], [660, 198], [570, 540], [498, 648], [732, 666], [516, 702], [876, 738]]",,"[[270, 84], [1176, 408]]",,0.20534525594617054,0.24127605495867088
471,3,2,7.836000000000013,,13518,"[954, 270]",False,Left,True,-1.0,False,medium,False,"[[858, 48], [660, 192], [570, 534], [498, 642], [732, 660], [516, 696], [876, 732]]",,"[[270, 78], [1176, 402]]",,0.2134839486998868,0.22175158767118808
472,3,2,7.854000000000042,,13518,"[954, 270]",False,Left,True,-1.0,False,medium,False,"[[858, 42], [660, 186], [570, 528], [498, 636], [732, 654], [516, 690], [876, 726]]",,"[[270, 72], [1176, 396]]",,0.2134839486998868,0.22175158767118808
473,3,2,7.871000000000095,,13518,"[954, 270]",False,Left,True,-1.0,False,medium,False,"[[858, 36], [660, 180], [570, 522], [498, 630], [732, 648], [516, 684], [876, 720]]",,"[[270, 66], [1176, 390]]",,0.4700731152470795,0.3783529414819229
474,3,2,7.887000000000057,,13518,"[954, 270]",False,Left,True,-1.0,False,medium,False,"[[858, 30], [660, 174], [570, 516], [498, 624], [732, 642], [516, 678], [876, 714]]",,"[[270, 60], [1176, 384]]",,0.4700731152470795,0.3783529414819229
475,3,2,7.90400000000011,,13518,"[954, 270]",False,Left,True,-1.0,False,medium,False,"[[858, 24], [660, 168], [570, 510], [498, 618], [732, 636], [516, 672], [876, 708]]",,"[[270, 54], [1176, 378]]",,0.46977717719912093,0.3777331455410182
476,3,2,7.920000000000073,,13518,"[954, 270]",False,Left,True,-1.0,False,medium,False,"[[858, 18], [660, 162], [570, 504], [498, 612], [732, 630], [516, 666], [876, 702]]",,"[[270, 48], [1176, 372]]",,0.46977717719912093,0.3777331455410182
477,3,2,7.9360000000000355,,13518,"[954, 270]",False,Left,True,-1.0,False,medium,False,"[[858, 12], [660, 156], [570, 498], [498, 606], [732, 624], [516, 660], [876, 696]]",,"[[270, 42], [1176, 366]]",,0.47006911319539135,0.37825232209151227
478,3,2,7.953000000000088,,13518,"[954, 270]",False,Left,True,-1.0,False,medium,False,"[[858, 6], [660, 150], [570, 492], [498, 600], [732, 618], [516, 654], [876, 690]]",,"[[270, 36], [1176, 360]]",,0.47006911319539135,0.37825232209151227
479,3,2,7.970000000000027,,13518,"[954, 270]",False,Left,True,-1.0,False,medium,False,"[[858, 0], [660, 144], [570, 486], [498, 594], [732, 612], [516, 648], [876, 684], [858, 810]]",,"[[270, 30], [1176, 354]]",,0.21797101900048027,0.2243358130496732
480,3,2,7.98700000000008,,13518,"[954, 270]",False,Left,True,-1.0,False,medium,False,"[[660, 138], [570, 480], [498, 588], [732, 606], [516, 642], [876, 678], [858, 804]]",,"[[270, 24], [1176, 348]]",,0.46990903476850265,0.38024926992654295
481,3,2,8.003000000000043,,13518,"[954, 270]",False,Left,True,-1.0,False,medium,False,"[[660, 132], [570, 474], [498, 582], [732, 600], [516, 636], [876, 672], [858, 798]]",,"[[270, 18], [1176, 342]]",,0.46971999183681784,0.38110636781770446
482,3,2,8.020000000000095,,13518,"[954, 270]",False,Left,True,-1.0,False,medium,False,"[[660, 126], [570, 468], [498, 576], [732, 594], [516, 630], [876, 666], [858, 792]]",,"[[270, 12], [1176, 336]]",,0.036766284808142126,0.23579221464794042
483,3,2,8.036000000000058,,13518,"[954, 270]",False,Left,True,-1.0,False,medium,False,"[[660, 120], [570, 462], [498, 570], [732, 588], [516, 624], [876, 660], [858, 786]]",,"[[270, 6], [1176, 330]]",,0.041012862613249455,0.2377792150903011
484,3,2,8.052000000000021,,13518,"[954, 270]",False,Left,True,0.0,False,medium,False,"[[660, 114], [570, 456], [498, 564], [732, 582], [516, 618], [876, 654], [858, 780]]",,"[[270, 0], [1176, 324]]",,0.041012862613249455,0.2377792150903011
485,3,2,8.069000000000074,,13518,"[954, 270]",False,Left,True,0.0,False,medium,False,"[[660, 108], [570, 450], [498, 558], [732, 576], [516, 612], [876, 648], [858, 774], [984, 810]]",,"[[1182, 318]]",,0.4691413537957249,0.3835132808003966
486,3,2,8.086000000000013,,13518,"[954, 270]",False,Left,True,0.0,False,medium,False,"[[666, 102], [576, 444], [504, 552], [738, 570], [522, 606], [882, 642], [864, 768], [990, 804]]",,"[[1188, 312]]",,0.210227265682295,0.22513109004494314
487,3,2,8.10200000000009,,13518,"[954, 270]",False,Left,True,1.0,False,medium,False,"[[672, 96], [582, 438], [510, 546], [744, 564], [528, 600], [888, 636], [870, 762], [996, 798]]",,"[[1194, 306]]",,0.45730100671034374,0.3650327537490001
488,3,2,8.119000000000028,,13518,"[954, 270]",False,Left,True,1.0,False,medium,False,"[[678, 90], [588, 432], [516, 540], [750, 558], [534, 594], [894, 630], [876, 756], [1002, 792]]",,"[[1206, 300]]",,0.4573156737618834,0.3626706308150265
489,3,2,8.137000000000057,,13518,"[954, 270]",False,Left,True,1.0,False,medium,False,"[[690, 84], [600, 426], [528, 534], [762, 552], [546, 588], [906, 624], [888, 750], [1014, 786]]",,"[[1218, 294]]",,0.45716014935971394,0.36108143145631744
490,3,2,8.15300000000002,,13518,"[954, 270]",False,Left,True,1.0,False,medium,False,"[[702, 78], [612, 420], [540, 528], [774, 546], [558, 582], [918, 618], [900, 744], [1026, 780]]",,"[[1230, 288]]",,0.45716014935971394,0.36108143145631744
491,3,2,8.170000000000073,,13518,"[954, 270]",False,Left,True,1.0,False,medium,False,"[[714, 72], [624, 414], [552, 522], [786, 540], [570, 576], [930, 612], [912, 738], [1038, 774]]",,"[[1242, 282]]",,0.45697096850254476,0.3604095529779725
492,3,2,8.18500000000006,,13518,"[954, 270]",False,Left,True,1.0,False,medium,False,"[[726, 66], [636, 408], [564, 516], [798, 534], [582, 570], [942, 606], [924, 732], [1050, 768]]",,"[[1254, 276]]",,0.4579866793715578,0.3588959362406484
493,3,2,8.203000000000088,,13518,"[954, 270]",False,Left,True,1.0,False,medium,False,"[[738, 60], [648, 402], [576, 510], [810, 528], [594, 564], [954, 600], [936, 726], [1062, 762]]",,"[[1266, 270]]",,0.45774317184323887,0.3598927784986422
494,3,2,8.219000000000051,,13518,"[954, 270]",False,Left,True,1.0,False,medium,False,"[[750, 54], [660, 396], [588, 504], [822, 522], [606, 558], [966, 594], [948, 720], [1074, 756]]",,"[[1278, 264]]",,0.20850875606446712,0.22692592513001508
495,3,2,8.236000000000104,,13518,"[954, 270]",False,Left,True,1.0,False,medium,False,"[[762, 48], [672, 390], [600, 498], [834, 516], [618, 552], [978, 588], [960, 714], [1086, 750]]",,"[[1290, 258]]",,0.45711548418409587,0.360970391421091
496,3,2,8.25500000000011,,13518,"[954, 270]",False,Left,True,1.0,False,medium,False,"[[774, 42], [684, 384], [612, 492], [846, 510], [630, 546], [990, 582], [972, 708], [1098, 744]]",,"[[1302, 252]]",,0.4555235922204483,0.36359833367272787
497,3,2,8.273000000000025,,13518,"[954, 270]",False,Left,True,1.0,False,medium,False,"[[786, 36], [696, 378], [624, 486], [858, 504], [642, 540], [1002, 576], [984, 702], [1110, 738]]",,"[[1314, 246]]",,0.034611657209198565,0.20664467112802642
498,3,2,8.289000000000101,,13518,"[954, 270]",False,Left,True,1.0,False,medium,False,"[[798, 30], [708, 372], [636, 480], [870, 498], [654, 534], [1014, 570], [996, 696], [1122, 732]]",,"[[1326, 240]]",,0.034611657209198565,0.20664467112802642
499,3,2,8.308000000000106,,13518,"[954, 270]",False,,True,1.0,False,medium,False,"[[810, 24], [720, 366], [648, 474], [882, 492], [666, 528], [1026, 564], [1008, 690], [1134, 726]]",,"[[1332, 234]]",,0.45376387669138,0.3665105215192387
500,3,2,8.323000000000093,,13518,"[954, 270]",False,,True,1.0,False,medium,False,"[[816, 18], [726, 360], [654, 468], [888, 486], [672, 522], [1032, 558], [1014, 684], [1140, 720]]",,"[[1338, 228]]",,0.45376387669138,0.3665105215192387
501,3,2,8.340000000000032,,13518,"[954, 270]",False,,True,1.0,False,medium,False,"[[822, 12], [732, 354], [660, 462], [894, 480], [678, 516], [1038, 552], [1020, 678], [1146, 714]]",,"[[1344, 222]]",,0.45392858667136443,0.3668670589884139
502,3,2,8.357000000000085,,13518,"[954, 270]",False,,True,1.0,False,medium,False,"[[828, 6], [738, 348], [666, 456], [900, 474], [684, 510], [1044, 546], [1026, 672], [1152, 708]]",,"[[1350, 216]]",,0.4540825821996729,0.36661328462071807
503,3,2,8.374000000000024,,13518,"[954, 270]",False,,True,1.0,False,medium,False,"[[834, 0], [744, 342], [672, 450], [906, 468], [690, 504], [1050, 540], [1032, 666], [1158, 702]]",,"[[1356, 210]]",,0.45541592812035675,0.36777174206630336
504,3,2,8.392000000000053,,13518,"[954, 270]",False,,True,1.0,False,medium,False,"[[750, 336], [678, 444], [912, 462], [696, 498], [1056, 534], [1038, 660], [1164, 696]]",,"[[1362, 204]]",,0.45541592812035675,0.36777174206630336
505,3,2,8.409000000000106,,13518,"[954, 270]",False,,True,1.0,False,medium,False,"[[756, 330], [684, 438], [918, 456], [702, 492], [1062, 528], [1044, 654], [1170, 690]]",,"[[1368, 198]]",,0.4565818162722688,0.36840043875817163
506,3,2,8.425000000000068,,13518,"[954, 270]",False,,True,1.0,False,medium,False,"[[762, 324], [690, 432], [924, 450], [708, 486], [1068, 522], [1050, 648], [1176, 684]]",,"[[1374, 192]]",,0.4565818162722688,0.36840043875817163
507,3,2,8.442000000000007,,13518,"[954, 270]",False,,True,1.0,False,medium,False,"[[768, 318], [696, 426], [930, 444], [714, 480], [1074, 516], [1056, 642], [1182, 678]]",,"[[1380, 186]]",,0.45797343354770365,0.37001300717007113
508,3,2,8.458000000000084,,13518,"[954, 270]",False,,True,1.0,False,medium,False,"[[774, 312], [702, 420], [936, 438], [720, 474], [1080, 510], [1062, 636], [1188, 672]]",,"[[1386, 180]]",,0.45842217928805606,0.37063532235166585
509,3,2,8.475000000000023,,13518,"[954, 270]",False,,True,1.0,False,medium,False,"[[780, 306], [708, 414], [942, 432], [726, 468], [1086, 504], [1068, 630], [1194, 666]]",,"[[1392, 174]]",,0.03129662946599972,0.24156167548309715
510,3,2,8.4910000000001,,13518,"[954, 270]",False,,True,1.0,False,medium,False,"[[786, 300], [714, 408], [948, 426], [732, 462], [1092, 498], [1074, 624], [1200, 660]]",,"[[1398, 168]]",,0.03129662946599972,0.24156167548309715
511,3,2,8.507000000000062,,13518,"[954, 270]",False,,True,1.0,False,medium,False,"[[792, 294], [720, 402], [954, 420], [738, 456], [1098, 492], [1080, 618], [1206, 654]]",,"[[1404, 162]]",,0.4588883264970737,0.37259282335134436
512,3,2,8.523000000000025,,13518,"[954, 270]",False,,True,1.0,False,medium,False,"[[798, 288], [726, 396], [960, 414], [744, 450], [1104, 486], [1086, 612], [1212, 648]]",,"[[1410, 156]]",,0.0262654093379588,0.24033705079680567
513,3,2,8.540000000000077,,13518,"[954, 270]",False,,True,1.0,False,medium,False,"[[804, 282], [732, 390], [966, 408], [750, 444], [1110, 480], [1092, 606], [1218, 642]]",,"[[1416, 150]]",,0.4596468008816997,0.3735614515249819
514,3,2,8.557000000000016,,13518,"[954, 270]",False,,True,1.0,False,medium,False,"[[810, 276], [738, 384], [972, 402], [756, 438], [1116, 474], [1098, 600], [1224, 636]]",,"[[1422, 144]]",,0.4596468008816997,0.3735614515249819
515,3,2,8.573000000000093,,13518,"[954, 270]",False,,True,1.0,False,medium,False,"[[816, 270], [744, 378], [978, 396], [762, 432], [1122, 468], [1104, 594], [1230, 630]]",,"[[1428, 138]]",,0.03216582641641992,0.2322439241807459
516,3,2,8.590000000000032,,13518,"[954, 270]",False,,True,1.0,False,medium,False,"[[822, 264], [750, 372], [984, 390], [768, 426], [1128, 462], [1110, 588], [1236, 624]]",,"[[1434, 132]]",,0.03216582641641992,0.2322439241807459
517,3,2,8.607000000000085,,13518,"[954, 270]",False,,True,1.0,False,medium,False,"[[828, 258], [756, 366], [990, 384], [774, 420], [1134, 456], [1116, 582], [1242, 618]]",,"[[1440, 126]]",,0.4627095547488291,0.37740637164139534
518,3,2,8.624000000000024,,13518,"[954, 270]",False,,True,1.0,False,medium,False,"[[834, 252], [762, 360], [996, 378], [780, 414], [1140, 450], [1122, 576], [1248, 612]]",,"[[1446, 120]]",,0.4630136084046529,0.37815475549272404
519,3,2,8.641000000000076,,13518,"[954, 270]",False,Right,True,1.0,False,medium,False,"[[840, 246], [768, 354], [1002, 372], [786, 408], [1146, 444], [1128, 570], [1254, 606]]",,"[[1446, 114]]",,0.46350545616978495,0.3788807898019747
520,3,2,8.658000000000015,,13518,"[954, 270]",False,Right,True,1.0,False,medium,False,"[[840, 240], [768, 348], [1002, 366], [786, 402], [1146, 438], [1128, 564], [1254, 600]]",,"[[1446, 108]]",,0.46350545616978495,0.3788807898019747
521,3,2,8.676000000000045,,13518,"[954, 270]",False,Right,True,1.0,False,medium,False,"[[840, 234], [768, 342], [1002, 360], [786, 396], [1146, 432], [1128, 558], [1254, 594]]",,"[[1446, 102]]",,0.029014278808995365,0.24401297635051877
522,3,2,8.692000000000007,,13518,"[954, 270]",False,Right,True,1.0,False,medium,False,"[[840, 228], [768, 336], [1002, 354], [786, 390], [1146, 426], [1128, 552], [1254, 588]]",,"[[1446, 96]]",,0.46407893444071846,0.37873726577783584
523,3,2,8.70900000000006,,13518,"[954, 270]",False,Right,True,1.0,False,medium,False,"[[840, 222], [768, 330], [1002, 348], [786, 384], [1146, 420], [1128, 546], [1254, 582]]",,"[[1446, 90]]",,0.46468612335075055,0.37879340609677636
524,3,2,8.725000000000023,,13518,"[954, 270]",False,Right,True,1.0,False,medium,False,"[[840, 216], [768, 324], [1002, 342], [786, 378], [1146, 414], [1128, 540], [1254, 576]]",,"[[1446, 84]]",,0.46468612335075055,0.37879340609677636
525,3,2,8.742000000000075,,13518,"[954, 270]",False,Right,True,1.0,False,medium,False,"[[840, 210], [768, 318], [1002, 336], [786, 372], [1146, 408], [1128, 534], [1254, 570]]",,"[[1446, 78]]",,0.03198510164124926,0.22411745768496427
526,3,2,8.759000000000015,,13518,"[954, 270]",False,Right,True,1.0,False,medium,False,"[[840, 204], [768, 312], [1002, 330], [786, 366], [1146, 402], [1128, 528], [1254, 564]]",,"[[1446, 72]]",,0.03198510164124926,0.22411745768496427
527,3,2,8.775000000000091,,13518,"[954, 270]",False,Right,True,1.0,False,medium,False,"[[840, 198], [768, 306], [1002, 324], [786, 360], [1146, 396], [1128, 522], [1254, 558]]",,"[[1446, 66]]",,0.029734079004101056,0.2348345441623032
528,3,2,8.793000000000006,,13518,"[954, 270]",False,Right,True,1.0,False,medium,False,"[[840, 192], [768, 300], [1002, 318], [786, 354], [1146, 390], [1128, 516], [1254, 552]]",,"[[1446, 60]]",,0.4657458312986923,0.3829270753251094
529,3,2,8.811000000000035,,13518,"[954, 270]",False,,True,1.0,False,medium,False,"[[840, 186], [768, 294], [1002, 312], [786, 348], [1146, 384], [1128, 510], [1254, 546]]",,"[[1452, 54]]",,0.028435492281994802,0.21316322752846284
530,3,2,8.826000000000022,,13518,"[954, 270]",False,,True,1.0,False,medium,False,"[[846, 180], [774, 288], [1008, 306], [792, 342], [1152, 378], [1134, 504], [1260, 540]]",,"[[1458, 48]]",,0.028435492281994802,0.21316322752846284
531,3,2,8.843000000000075,,13518,"[954, 270]",False,,True,1.0,False,medium,False,"[[852, 174], [780, 282], [1014, 300], [798, 336], [1158, 372], [1140, 498], [1266, 534]]",,"[[1464, 42]]",,0.46432969735620794,0.3839599393425397
532,3,2,8.860000000000014,,13518,"[954, 270]",False,,True,1.0,False,medium,False,"[[858, 168], [786, 276], [1020, 294], [804, 330], [1164, 366], [1146, 492], [1272, 528]]",,"[[1470, 36]]",,0.46432969735620794,0.3839599393425397
533,3,2,8.87600000000009,,13518,"[954, 270]",False,,True,1.0,False,medium,False,"[[864, 162], [792, 270], [1026, 288], [810, 324], [1170, 360], [1152, 486], [1278, 522]]",,"[[1476, 30]]",,0.46543409339861175,0.38342873776886033
534,3,2,8.892000000000053,,13518,"[954, 270]",False,,True,1.0,False,medium,False,"[[870, 156], [798, 264], [1032, 282], [816, 318], [1176, 354], [1158, 480], [1284, 516]]",,"[[1482, 24]]",,0.46543409339861175,0.38342873776886033
535,3,2,8.908000000000015,,13518,"[954, 270]",False,Left,True,1.0,False,medium,False,"[[876, 150], [804, 258], [1038, 276], [822, 312], [1182, 348], [1164, 474], [1290, 510]]",,"[[1494, 18]]",,0.034411880624883026,0.2280743408083553
536,3,2,8.924000000000092,,13518,"[954, 270]",False,Left,True,1.0,False,medium,False,"[[888, 144], [816, 252], [1050, 270], [834, 306], [1194, 342], [1176, 468], [1302, 504]]",,"[[1506, 12]]",,0.46609388183910194,0.38281083414145733
537,3,2,8.940000000000055,,13518,"[954, 270]",False,Left,True,1.0,False,medium,False,"[[900, 138], [828, 246], [1062, 264], [846, 300], [1206, 336], [1188, 462], [1314, 498]]",,"[[1518, 6]]",,0.03901690635696413,0.22976877539006468
538,3,2,8.956000000000017,,13518,"[954, 270]",False,Left,True,0.0,False,medium,False,"[[912, 132], [840, 240], [1074, 258], [858, 294], [1218, 330], [1200, 456], [1326, 492]]",,"[[1530, 0]]",,0.03692281927480323,0.24039292953850355
539,3,2,8.97300000000007,,13518,"[954, 270]",False,Left,True,0.0,False,medium,False,"[[924, 126], [852, 234], [1086, 252], [870, 288], [1230, 324], [1212, 450], [1338, 486]]",,[],,0.03681332810752806,0.24050564209193115
540,3,2,8.9910000000001,,13518,"[954, 270]",False,Left,True,0.0,False,medium,False,"[[930, 120], [858, 228], [1092, 246], [876, 282], [1236, 318], [1218, 444], [1344, 480]]",,[],,0.4671240475037045,0.383275895915672
541,3,2,9.007000000000062,,13518,"[954, 270]",False,Left,True,0.0,False,medium,False,"[[936, 114], [864, 222], [1098, 240], [882, 276], [1242, 312], [1224, 438], [1350, 474]]",,[],,0.46734260701839475,0.37780343925131366
542,3,2,9.024000000000001,,13518,"[954, 270]",False,Left,True,0.0,False,medium,False,"[[942, 108], [870, 216], [1104, 234], [888, 270], [1248, 306], [1230, 432], [1356, 468]]",,[],,0.46734260701839475,0.37780343925131366
543,3,2,9.040000000000077,,13518,"[954, 270]",False,Left,True,0.0,False,medium,False,"[[948, 102], [876, 210], [1110, 228], [894, 264], [1254, 300], [1236, 426], [1362, 462]]",,[],,0.4676921329131514,0.37790313063588354
544,3,2,9.05600000000004,,13518,"[954, 270]",False,Left,True,0.0,False,medium,False,"[[954, 96], [882, 204], [1116, 222], [900, 258], [1260, 294], [1242, 420], [1368, 456]]",,[],,0.4683329670107372,0.3783221434270818
545,3,2,9.07400000000007,,13518,"[954, 270]",False,Left,True,0.0,False,medium,False,"[[960, 90], [888, 198], [1122, 216], [906, 252], [1266, 288], [1248, 414], [1374, 450]]",,[],,0.0354670557440059,0.2419212955015434
546,3,2,9.090000000000032,,13518,"[954, 270]",False,Left,True,0.0,False,medium,False,"[[966, 84], [894, 192], [1128, 210], [912, 246], [1272, 282], [1254, 408], [1380, 444]]",,[],,0.4677066610005385,0.3773809911978121
547,3,2,9.107000000000085,,13518,"[954, 270]",False,,True,0.0,False,medium,False,"[[972, 78], [900, 186], [1134, 204], [918, 240], [1278, 276], [1260, 402], [1386, 438]]",,[],,0.03396245492224894,0.22021667556145197
548,3,2,9.123000000000047,,13518,"[954, 270]",False,,True,0.0,False,medium,False,"[[972, 72], [900, 180], [1134, 198], [918, 234], [1278, 270], [1260, 396], [1386, 432]]",,[],,0.03396245492224894,0.22021667556145197
549,3,2,9.1400000000001,,13518,"[954, 270]",False,,True,0.0,False,medium,False,"[[972, 66], [900, 174], [1134, 192], [918, 228], [1278, 264], [1260, 390], [1386, 426]]",,[],,0.46742535292752374,0.3785063241149176
550,3,2,9.157000000000039,,13518,"[954, 270]",False,Right,True,0.0,False,medium,False,"[[972, 60], [900, 168], [1134, 186], [918, 222], [1278, 258], [1260, 384], [1386, 420]]",,[],,0.4666129158154574,0.37855150853966135
551,3,2,9.173000000000002,,13518,"[954, 270]",False,Right,True,0.0,False,medium,False,"[[966, 54], [894, 162], [1128, 180], [912, 216], [1272, 252], [1254, 378], [1380, 414]]",,[],,0.028847200406529706,0.21913070114030087
552,3,2,9.189000000000078,,13518,"[954, 270]",False,Right,True,0.0,False,medium,False,"[[960, 48], [888, 156], [1122, 174], [906, 210], [1266, 246], [1248, 372], [1374, 408]]",,[],,0.03422219368920558,0.24322833038600633
553,3,2,9.205000000000041,,13518,"[954, 270]",False,Right,True,0.0,False,medium,False,"[[954, 42], [882, 150], [1116, 168], [900, 204], [1260, 240], [1242, 366], [1368, 402]]",,[],,0.03422219368920558,0.24322833038600633
554,3,2,9.221000000000004,,13518,"[954, 270]",False,Right,True,0.0,False,medium,False,"[[948, 36], [876, 144], [1110, 162], [894, 198], [1254, 234], [1236, 360], [1362, 396]]",,[],,0.02550924754551609,0.20804785698409645
555,3,2,9.23700000000008,,13518,"[954, 270]",False,Right,True,0.0,False,medium,False,"[[942, 30], [870, 138], [1104, 156], [888, 192], [1248, 228], [1230, 354], [1356, 390]]",,[],,0.02550924754551609,0.20804785698409645
556,3,2,9.253000000000043,,13518,"[954, 270]",False,Right,True,0.0,False,medium,False,"[[936, 24], [864, 132], [1098, 150], [882, 186], [1242, 222], [1224, 348], [1350, 384]]",,[],,0.4659022901103446,0.3793851177430708
557,3,2,9.270000000000095,,13518,"[954, 270]",False,Right,True,0.0,False,medium,False,"[[930, 18], [858, 126], [1092, 144], [876, 180], [1236, 216], [1218, 342], [1344, 378]]",,[],,0.4659022901103446,0.3793851177430708
558,3,2,9.287000000000035,,13518,"[954, 270]",False,Right,True,0.0,False,medium,False,"[[924, 12], [852, 120], [1086, 138], [870, 174], [1230, 210], [1212, 336], [1338, 372]]",,[],,0.034705230402291495,0.23426492208258953
559,3,2,9.304000000000087,,13518,"[954, 270]",False,Right,True,0.0,False,medium,False,"[[918, 6], [846, 114], [1080, 132], [864, 168], [1224, 204], [1206, 330], [1332, 366]]",,[],,0.034705230402291495,0.23426492208258953
560,3,2,9.321000000000026,,13518,"[954, 270]",False,Right,True,0.0,False,medium,False,"[[912, 0], [840, 108], [1074, 126], [858, 162], [1218, 198], [1200, 324], [1326, 360]]",,[],,0.03238391887689671,0.24516437475184916
561,3,2,9.339000000000055,,13518,"[954, 270]",False,Right,True,0.0,False,medium,False,"[[834, 102], [1068, 120], [852, 156], [1212, 192], [1194, 318], [1320, 354]]",,[],,0.03238391887689671,0.24516437475184916
562,3,2,9.355000000000018,,13518,"[954, 270]",False,Right,True,0.0,False,medium,False,"[[828, 96], [1062, 114], [846, 150], [1206, 186], [1188, 312], [1314, 348]]",,[],,0.47029370876968624,0.384205545855283
563,3,2,9.371000000000095,,13518,"[954, 270]",False,Right,True,0.0,False,medium,False,"[[822, 90], [1056, 108], [840, 144], [1200, 180], [1182, 306], [1308, 342]]",,[],,0.47029370876968624,0.384205545855283
564,3,2,9.387000000000057,,13518,"[954, 270]",False,Right,True,0.0,False,medium,False,"[[816, 84], [1050, 102], [834, 138], [1194, 174], [1176, 300], [1302, 336]]",,[],,0.03340759829765352,0.23562168794937288
565,3,2,9.40400000000011,,13518,"[954, 270]",False,Right,True,0.0,False,medium,False,"[[810, 78], [1044, 96], [828, 132], [1188, 168], [1170, 294], [1296, 330]]",,[],,0.03340759829765352,0.23562168794937288
566,3,2,9.420000000000073,,13518,"[954, 270]",False,Right,True,0.0,False,medium,False,"[[804, 72], [1038, 90], [822, 126], [1182, 162], [1164, 288], [1290, 324]]",,[],,0.03473154081033734,0.2258478724489701
567,3,2,9.436000000000035,,13518,"[954, 270]",False,Right,True,0.0,False,medium,False,"[[798, 66], [1032, 84], [816, 120], [1176, 156], [1158, 282], [1284, 318]]",,[],,0.03473154081033734,0.2258478724489701
568,3,2,9.453000000000088,,13518,"[954, 270]",False,,True,0.0,False,medium,False,"[[792, 60], [1026, 78], [810, 114], [1170, 150], [1152, 276], [1278, 312]]",,[],,0.46987437562431544,0.38722326795607354
569,3,2,9.470000000000027,,13518,"[954, 270]",False,,True,0.0,False,medium,False,"[[792, 54], [1026, 72], [810, 108], [1170, 144], [1152, 270], [1278, 306]]",,[],,0.46987437562431544,0.38722326795607354
570,3,2,9.486000000000104,,13518,"[954, 270]",False,,True,0.0,False,medium,False,"[[792, 48], [1026, 66], [810, 102], [1170, 138], [1152, 264], [1278, 300]]",,[],,0.46855694599582637,0.38128559642928717
571,3,2,9.503000000000043,,13518,"[954, 270]",False,,True,0.0,False,medium,False,"[[792, 42], [1026, 60], [810, 96], [1170, 132], [1152, 258], [1278, 294]]",,[],,0.46855694599582637,0.38128559642928717
572,3,2,9.519000000000005,,13518,"[954, 270]",False,,True,0.0,False,medium,False,"[[792, 36], [1026, 54], [810, 90], [1170, 126], [1152, 252], [1278, 288]]",,[],,0.46615869332432974,0.37218203234675606
573,3,2,9.535000000000082,,13518,"[954, 270]",False,,True,0.0,False,medium,False,"[[792, 30], [1026, 48], [810, 84], [1170, 120], [1152, 246], [1278, 282]]",,[],,0.46615869332432974,0.37218203234675606
574,3,2,9.552000000000021,,13518,"[954, 270]",False,,True,0.0,False,medium,False,"[[792, 24], [1026, 42], [810, 78], [1170, 114], [1152, 240], [1278, 276]]",,[],,0.46557574833221704,0.3711004539444206
575,3,2,9.568000000000097,,13518,"[954, 270]",False,,True,0.0,False,medium,False,"[[792, 18], [1026, 36], [810, 72], [1170, 108], [1152, 234], [1278, 270]]",,[],,0.46557574833221704,0.3711004539444206
576,3,2,9.585000000000036,,13518,"[954, 270]",False,,True,0.0,False,medium,False,"[[792, 12], [1026, 30], [810, 66], [1170, 102], [1152, 228], [1278, 264]]",,[],,0.46503534669188645,0.37033199312774057
577,3,2,9.601000000000113,,13518,"[954, 270]",False,,True,0.0,False,medium,False,"[[792, 6], [1026, 24], [810, 60], [1170, 96], [1152, 222], [1278, 258]]",,[],,0.46503534669188645,0.37033199312774057
578,3,2,9.618000000000052,,13518,"[954, 270]",False,,True,0.0,False,medium,False,"[[792, 0], [1026, 18], [810, 54], [1170, 90], [1152, 216], [1278, 252]]",,[],,0.46537409492255194,0.37130425485419205
579,3,2,9.634000000000015,,13518,"[954, 270]",False,,True,0.0,False,medium,False,"[[1026, 12], [810, 48], [1170, 84], [1152, 210], [1278, 246]]",,[],,0.46537409492255194,0.37130425485419205
580,3,2,9.650000000000091,,13518,"[954, 270]",False,,True,0.0,False,medium,False,"[[1026, 6], [810, 42], [1170, 78], [1152, 204], [1278, 240]]",,[],,0.030161665509250302,0.23897349184084327
581,3,2,9.66700000000003,,13518,"[954, 270]",False,,True,0.0,False,medium,False,"[[1026, 0], [810, 36], [1170, 72], [1152, 198], [1278, 234], [1152, 810]]",,[],,0.030161665509250302,0.23897349184084327
582,3,2,9.684000000000083,,13518,"[954, 270]",False,,True,0.0,False,medium,False,"[[810, 30], [1170, 66], [1152, 192], [1278, 228], [1152, 804]]",,[],,0.03502199228653158,0.20892879070772286
583,3,2,9.700000000000045,,13518,"[954, 270]",False,,True,0.0,False,medium,False,"[[810, 24], [1170, 60], [1152, 186], [1278, 222], [1152, 798]]",,[],,0.03502199228653158,0.20892879070772286
584,3,2,9.718000000000075,,13518,"[954, 270]",False,,True,0.0,False,medium,False,"[[810, 18], [1170, 54], [1152, 180], [1278, 216], [1152, 792]]",,[],,0.46428936276499,0.37643218236506104
585,3,2,9.735000000000014,,13518,"[954, 270]",False,,True,0.0,False,medium,False,"[[810, 12], [1170, 48], [1152, 174], [1278, 210], [1152, 786]]",,[],,0.46428936276499,0.37643218236506104
586,3,2,9.752000000000066,,13518,"[954, 270]",False,,True,0.0,False,medium,False,"[[810, 6], [1170, 42], [1152, 168], [1278, 204], [1152, 780]]",,[],,0.029745969061389134,0.20802761959924554
587,3,2,9.769000000000005,,13518,"[954, 270]",False,,True,0.0,False,medium,False,"[[810, 0], [1170, 36], [1152, 162], [1278, 198], [1152, 774]]",,[],,0.029745969061389134,0.20802761959924554
588,3,2,9.786000000000058,,13518,"[954, 270]",False,,True,0.0,False,medium,False,"[[1170, 30], [1152, 156], [1278, 192], [1152, 768]]",,[],,0.45602260193835037,0.3560621467171894
589,3,2,9.802000000000021,,13518,"[954, 270]",False,,True,0.0,False,medium,False,"[[1170, 24], [1152, 150], [1278, 186], [1152, 762]]",,[],,0.45602260193835037,0.3560621467171894
590,3,2,9.82000000000005,,13518,"[954, 270]",False,,True,0.0,False,medium,False,"[[1170, 18], [1152, 144], [1278, 180], [1152, 756], [792, 810]]",,[],,0.45612442738576026,0.3508215475055608
591,3,2,9.836000000000013,,13518,"[954, 270]",False,,True,0.0,False,medium,False,"[[1170, 12], [1152, 138], [1278, 174], [1152, 750], [792, 804]]",,[],,0.45612442738576026,0.3508215475055608
592,3,2,9.85200000000009,,13518,"[954, 270]",False,,True,0.0,False,medium,False,"[[1170, 6], [1152, 132], [1278, 168], [1152, 744], [792, 798]]",,[],,0.02937780575579927,0.23133934702578662
593,3,2,9.869000000000028,,13518,"[954, 270]",False,,True,0.0,False,medium,False,"[[1170, 0], [1152, 126], [1278, 162], [1152, 738], [792, 792], [1152, 810], [972, 810]]",,[],,0.02937780575579927,0.23133934702578662
594,3,2,9.885000000000105,,13518,"[954, 270]",False,,True,0.0,False,medium,False,"[[1152, 120], [1278, 156], [1152, 732], [792, 786], [1152, 804], [972, 804]]",,[],,0.4550904417315616,0.34580389935054257
595,3,2,9.902000000000044,,13518,"[954, 270]",False,,True,0.0,False,medium,False,"[[1152, 114], [1278, 150], [1152, 726], [792, 780], [1152, 798], [972, 798]]",,[],,0.4550904417315616,0.34580389935054257
596,3,2,9.919000000000096,,13518,"[954, 270]",False,,True,0.0,False,medium,False,"[[1152, 108], [1278, 144], [1152, 720], [792, 774], [1152, 792], [972, 792]]",,[],,0.4533607821732648,0.3449960039703479
597,3,2,9.936000000000035,,13518,"[954, 270]",False,,True,0.0,False,medium,False,"[[1152, 102], [1278, 138], [1152, 714], [792, 768], [1152, 786], [972, 786]]",,[],,0.4533607821732648,0.3449960039703479
598,3,2,9.952000000000112,,13518,"[954, 270]",False,,True,0.0,False,medium,False,"[[1152, 96], [1278, 132], [1152, 708], [792, 762], [1152, 780], [972, 780]]",,[],,0.45138449661241314,0.34859540405340694
599,3,2,9.969000000000051,,13518,"[954, 270]",False,,True,0.0,False,medium,False,"[[1152, 90], [1278, 126], [1152, 702], [792, 756], [1152, 774], [972, 774]]",,[],,0.45138449661241314,0.34859540405340694
600,3,2,9.986000000000104,,13518,"[954, 270]",False,,True,0.0,False,medium,False,"[[1152, 84], [1278, 120], [1152, 696], [792, 750], [1152, 768], [972, 768]]",,[],,0.4629536261986568,0.3713538178412683
601,3,2,10.004000000000019,,13518,"[954, 270]",False,,True,0.0,False,medium,False,"[[1152, 78], [1278, 114], [1152, 690], [792, 744], [1152, 762], [972, 762]]",,[],,0.4629536261986568,0.3713538178412683
602,3,2,10.020000000000095,,13518,"[954, 270]",False,,True,0.0,False,medium,False,"[[1152, 72], [1278, 108], [1152, 684], [792, 738], [1152, 756], [972, 756]]",,[],,0.46343799355807647,0.3710530343112872
603,3,2,10.037000000000035,,13518,"[954, 270]",False,,True,0.0,False,medium,False,"[[1152, 66], [1278, 102], [1152, 678], [792, 732], [1152, 750], [972, 750]]",,[],,0.46471540240883524,0.3716023272526937
604,3,2,10.054000000000087,,13518,"[954, 270]",False,,True,0.0,False,medium,False,"[[1152, 60], [1278, 96], [1152, 672], [792, 726], [1152, 744], [972, 744]]",,[],,0.46658427038044836,0.3289091791767228
605,3,2,10.07000000000005,,13518,"[954, 270]",False,,True,0.0,False,medium,False,"[[1152, 54], [1278, 90], [1152, 666], [792, 720], [1152, 738], [972, 738]]",,[],,0.46658427038044836,0.3289091791767228
606,3,2,10.086000000000013,,13518,"[954, 270]",False,,True,0.0,False,medium,False,"[[1152, 48], [1278, 84], [1152, 660], [792, 714], [1152, 732], [972, 732]]",,[],,0.039680308160080016,0.2167902530361343
607,3,2,10.103000000000065,,13518,"[954, 270]",False,,True,0.0,False,medium,False,"[[1152, 42], [1278, 78], [1152, 654], [792, 708], [1152, 726], [972, 726]]",,[],,0.039680308160080016,0.2167902530361343
608,3,2,10.119000000000028,,13518,"[954, 270]",False,,True,0.0,False,medium,False,"[[1152, 36], [1278, 72], [1152, 648], [792, 702], [1152, 720], [972, 720]]",,[],,0.46492360692215995,0.32719072490925893
609,3,2,10.136000000000081,,13518,"[954, 270]",False,,True,0.0,False,medium,False,"[[1152, 30], [1278, 66], [1152, 642], [792, 696], [1152, 714], [972, 714]]",,[],,0.46492360692215995,0.32719072490925893
610,3,2,10.15400000000011,,13518,"[954, 270]",False,,True,0.0,False,medium,False,"[[1152, 24], [1278, 60], [1152, 636], [792, 690], [1152, 708], [972, 708]]",,[],,0.03430079021303323,0.2159165550509654
611,3,2,10.170000000000073,,13518,"[954, 270]",False,,True,0.0,False,medium,False,"[[1152, 18], [1278, 54], [1152, 630], [792, 684], [1152, 702], [972, 702]]",,[],,0.03430079021303323,0.2159165550509654
612,3,2,10.188000000000102,,13518,"[954, 270]",False,,True,0.0,False,medium,False,"[[1152, 12], [1278, 48], [1152, 624], [792, 678], [1152, 696], [972, 696]]",,[],,0.04023511772962971,0.20791291679374524
613,3,2,10.204000000000065,,13518,"[954, 270]",False,,True,0.0,False,medium,False,"[[1152, 6], [1278, 42], [1152, 618], [792, 672], [1152, 690], [972, 690]]",,"[[564, 810]]",,0.04023511772962971,0.20791291679374524
614,3,2,10.221000000000004,,13518,"[954, 270]",False,,True,0.0,False,medium,False,"[[1152, 0], [1278, 36], [1152, 612], [792, 666], [1152, 684], [972, 684]]",,"[[564, 804]]",,0.4466810844497881,0.36819843358931326
615,3,2,10.23700000000008,,13518,"[954, 270]",False,,True,0.0,False,medium,False,"[[1278, 30], [1152, 606], [792, 660], [1152, 678], [972, 678]]",,"[[564, 798]]",,0.4466810844497881,0.36819843358931326
616,3,2,10.253000000000043,,13518,"[954, 270]",False,,True,0.0,False,medium,False,"[[1278, 24], [1152, 600], [792, 654], [1152, 672], [972, 672]]",,"[[564, 792]]",,0.44468023720371264,0.36593874436722307
617,3,2,10.270000000000095,,13518,"[954, 270]",False,,True,0.0,False,medium,False,"[[1278, 18], [1152, 594], [792, 648], [1152, 666], [972, 666]]",,"[[564, 786]]",,0.44468023720371264,0.36593874436722307
618,3,2,10.287000000000035,,13518,"[954, 270]",False,,True,0.0,False,medium,False,"[[1278, 12], [1152, 588], [792, 642], [1152, 660], [972, 660]]",,"[[564, 780]]",,0.4440615648566107,0.3664219784611612
619,3,2,10.304000000000087,,13518,"[954, 270]",False,,True,0.0,False,medium,False,"[[1278, 6], [1152, 582], [792, 636], [1152, 654], [972, 654]]",,"[[564, 774]]",,0.4441220119182825,0.36656548872590256
620,3,2,10.32000000000005,,13518,"[954, 270]",False,,True,0.0,False,medium,False,"[[1278, 0], [1152, 576], [792, 630], [1152, 648], [972, 648], [918, 810]]",,"[[564, 768]]",,0.44512459296676116,0.3703183724722199
621,3,2,10.337000000000103,,13518,"[954, 270]",False,,True,0.0,False,medium,False,"[[1152, 570], [792, 624], [1152, 642], [972, 642], [918, 804]]",,"[[564, 762]]",,0.44512459296676116,0.3703183724722199
622,3,2,10.353000000000065,,13518,"[954, 270]",False,,True,0.0,False,medium,False,"[[1152, 564], [792, 618], [1152, 636], [972, 636], [918, 798]]",,"[[564, 756]]",,0.44549905686981645,0.37197494102961026
623,3,2,10.370000000000005,,13518,"[954, 270]",False,,True,0.0,False,medium,False,"[[1152, 558], [792, 612], [1152, 630], [972, 630], [918, 792]]",,"[[564, 750]]",,0.44549905686981645,0.37197494102961026
624,3,2,10.386000000000081,,13518,"[954, 270]",False,,True,0.0,False,medium,False,"[[1152, 552], [792, 606], [1152, 624], [972, 624], [918, 786]]",,"[[564, 744]]",,0.03597129127510908,0.22049553684340217
625,3,2,10.40400000000011,,13518,"[954, 270]",False,,True,0.0,False,medium,False,"[[1152, 546], [792, 600], [1152, 618], [972, 618], [918, 780]]",,"[[564, 738]]",,0.033061811972271295,0.20884677808628693
626,3,2,10.420000000000073,,13518,"[954, 270]",False,,True,0.0,False,medium,False,"[[1152, 540], [792, 594], [1152, 612], [972, 612], [918, 774]]",,"[[564, 732]]",,0.4440374750165031,0.37652075791316464
627,3,2,10.436000000000035,,13518,"[954, 270]",False,,True,0.0,False,medium,False,"[[1152, 534], [792, 588], [1152, 606], [972, 606], [918, 768]]",,"[[564, 726]]",,0.4440374750165031,0.37652075791316464
628,3,2,10.454000000000065,,13518,"[954, 270]",False,,True,0.0,False,medium,False,"[[1152, 528], [792, 582], [1152, 600], [972, 600], [918, 762]]",,"[[564, 720]]",,0.4431777816606277,0.37843127079926286
629,3,2,10.471000000000004,,13518,"[954, 270]",False,,True,0.0,False,medium,False,"[[1152, 522], [792, 576], [1152, 594], [972, 594], [918, 756]]",,"[[564, 714]]",,0.4361094755565997,0.3810927513284855
630,3,2,10.488000000000056,,13518,"[954, 270]",False,,True,0.0,False,medium,False,"[[1152, 516], [792, 570], [1152, 588], [972, 588], [918, 750]]",,"[[564, 708]]",,0.4316536749768285,0.3813942660111257
631,3,2,10.50500000000011,,13518,"[954, 270]",False,,True,0.0,False,medium,False,"[[1152, 510], [792, 564], [1152, 582], [972, 582], [918, 744]]",,"[[564, 702]]",,0.4316536749768285,0.3813942660111257
632,3,2,10.522000000000048,,13518,"[954, 270]",False,,True,0.0,False,medium,False,"[[1152, 504], [792, 558], [1152, 576], [972, 576], [918, 738]]",,"[[564, 696]]",,0.43209359017491816,0.3834305665303869
633,3,2,10.538000000000011,,13518,"[954, 270]",False,,True,0.0,False,medium,False,"[[1152, 498], [792, 552], [1152, 570], [972, 570], [918, 732]]",,"[[564, 690]]",,0.43209359017491816,0.3834305665303869
634,3,2,10.555000000000064,,13518,"[954, 270]",False,Left,True,0.0,False,medium,False,"[[1152, 492], [792, 546], [1152, 564], [972, 564], [918, 726]]",,"[[570, 684]]",,0.028961358330948705,0.2212562170058897
635,3,2,10.571000000000026,,13518,"[954, 270]",False,Left,True,0.0,False,medium,False,"[[1158, 486], [798, 540], [1158, 558], [978, 558], [924, 720]]",,"[[576, 678]]",,0.028961358330948705,0.2212562170058897
636,3,2,10.586000000000013,,13518,"[954, 270]",False,Left,True,0.0,False,medium,False,"[[1164, 480], [804, 534], [1164, 552], [984, 552], [930, 714]]",,"[[582, 672]]",,0.4371288456937162,0.33806869134106354
637,3,2,10.603000000000065,,13518,"[954, 270]",False,Left,True,0.0,False,medium,False,"[[1170, 474], [810, 528], [1170, 546], [990, 546], [936, 708]]",,"[[588, 666]]",,0.4371288456937162,0.33806869134106354
638,3,2,10.620000000000005,,13518,"[954, 270]",False,Left,True,0.0,False,medium,False,"[[1176, 468], [816, 522], [1176, 540], [996, 540], [942, 702]]",,"[[594, 660]]",,0.4365092613384226,0.33829062307979296
639,3,2,10.637000000000057,,13518,"[954, 270]",False,,True,0.0,False,medium,False,"[[1182, 462], [822, 516], [1182, 534], [1002, 534], [948, 696]]",,"[[594, 654]]",,0.4365092613384226,0.33829062307979296
640,3,2,10.65300000000002,,13518,"[954, 270]",False,,True,0.0,False,medium,False,"[[1182, 456], [822, 510], [1182, 528], [1002, 528], [948, 690]]",,"[[594, 648]]",,0.02911476517051268,0.2127603193845673
641,3,2,10.670000000000073,,13518,"[954, 270]",False,,True,0.0,False,medium,False,"[[1182, 450], [822, 504], [1182, 522], [1002, 522], [948, 684]]",,"[[594, 642]]",,0.02911476517051268,0.2127603193845673
642,3,2,10.688000000000102,,13518,"[954, 270]",False,,True,0.0,False,medium,False,"[[1182, 444], [822, 498], [1182, 516], [1002, 516], [948, 678]]",,"[[594, 636]]",,0.03611637038198241,0.2265855512527949
643,3,2,10.705000000000041,,13518,"[954, 270]",False,,True,0.0,False,medium,False,"[[1182, 438], [822, 492], [1182, 510], [1002, 510], [948, 672]]",,"[[594, 630]]",,0.03611637038198241,0.2265855512527949
644,3,2,10.721000000000004,,13518,"[954, 270]",False,,True,0.0,False,medium,False,"[[1182, 432], [822, 486], [1182, 504], [1002, 504], [948, 666]]",,"[[594, 624]]",,0.43631948091872674,0.3474647083827591
645,3,2,10.738000000000056,,13518,"[954, 270]",False,,True,0.0,False,medium,False,"[[1182, 426], [822, 480], [1182, 498], [1002, 498], [948, 660]]",,"[[594, 618]]",,0.43631948091872674,0.3474647083827591
646,3,2,10.754000000000019,,13518,"[954, 270]",False,,True,0.0,False,medium,False,"[[1182, 420], [822, 474], [1182, 492], [1002, 492], [948, 654]]",,"[[594, 612]]",,0.030528448607002812,0.22590077060444902
647,3,2,10.770000000000095,,13518,"[954, 270]",False,,True,0.0,False,medium,False,"[[1182, 414], [822, 468], [1182, 486], [1002, 486], [948, 648]]",,"[[594, 606]]",,0.030528448607002812,0.22590077060444902
648,3,2,10.786000000000058,,13518,"[954, 270]",False,,True,0.0,False,medium,False,"[[1182, 408], [822, 462], [1182, 480], [1002, 480], [948, 642]]",,"[[594, 600]]",,0.03483129556882929,0.2278556413038566
649,3,2,10.803000000000111,,13518,"[954, 270]",False,,True,0.0,False,medium,False,"[[1182, 402], [822, 456], [1182, 474], [1002, 474], [948, 636]]",,"[[594, 594]]",,0.03483129556882929,0.2278556413038566
650,3,2,10.82000000000005,,13518,"[954, 270]",False,,True,0.0,False,medium,False,"[[1182, 396], [822, 450], [1182, 468], [1002, 468], [948, 630]]",,"[[594, 588]]",,0.027026671924196853,0.2148241865095154
651,3,2,10.837000000000103,,13518,"[954, 270]",False,,True,0.0,False,medium,False,"[[1182, 390], [822, 444], [1182, 462], [1002, 462], [948, 624]]",,"[[594, 582]]",,0.4427507670848866,0.35561762773375405
652,3,2,10.853000000000065,,13518,"[954, 270]",False,,True,0.0,False,medium,False,"[[1182, 384], [822, 438], [1182, 456], [1002, 456], [948, 618]]",,"[[594, 576]]",,-0.00585143483397772,0.2448593393532027
653,3,2,10.869000000000028,,13518,"[954, 270]",False,,True,0.0,False,medium,False,"[[1182, 378], [822, 432], [1182, 450], [1002, 450], [948, 612]]",,"[[594, 570]]",,-0.00585143483397772,0.2448593393532027
654,3,2,10.885000000000105,,13518,"[954, 270]",False,,True,0.0,False,medium,False,"[[1182, 372], [822, 426], [1182, 444], [1002, 444], [948, 606]]",,"[[594, 564]]",,0.4439562373218412,0.35712546979446635
655,3,2,10.902000000000044,,13518,"[954, 270]",False,,True,0.0,False,medium,False,"[[1182, 366], [822, 420], [1182, 438], [1002, 438], [948, 600]]",,"[[594, 558]]",,0.4439562373218412,0.35712546979446635
656,3,2,10.918000000000006,,13518,"[954, 270]",False,,True,0.0,False,medium,False,"[[1182, 360], [822, 414], [1182, 432], [1002, 432], [948, 594]]",,"[[594, 552]]",,0.0331589617181649,0.2295020330413191
657,3,2,10.936000000000035,,13518,"[954, 270]",False,,True,0.0,False,medium,False,"[[1182, 354], [822, 408], [1182, 426], [1002, 426], [948, 588]]",,"[[594, 546]]",,0.03299086372287156,0.22966586188350724
658,3,2,10.953000000000088,,13518,"[954, 270]",False,,True,0.0,False,medium,False,"[[1182, 348], [822, 402], [1182, 420], [1002, 420], [948, 582]]",,"[[594, 540]]",,0.446030157940398,0.3600360441575087
659,3,2,10.970000000000027,,13518,"[954, 270]",False,,True,0.0,False,medium,False,"[[1182, 342], [822, 396], [1182, 414], [1002, 414], [948, 576], [876, 810]]",,"[[594, 534]]",,0.446030157940398,0.3600360441575087
660,3,2,10.988000000000056,,13518,"[954, 270]",False,,True,0.0,False,medium,False,"[[1182, 336], [822, 390], [1182, 408], [1002, 408], [948, 570], [876, 804]]",,"[[594, 528]]",,0.03500247661218934,0.2424646282553108
661,3,2,11.00500000000011,,13518,"[954, 270]",False,,True,0.0,False,medium,False,"[[1182, 330], [822, 384], [1182, 402], [1002, 402], [948, 564], [876, 798]]",,"[[594, 522]]",,0.44813005938806844,0.3636827326790528
662,3,2,11.022000000000048,,13518,"[954, 270]",False,Left,True,0.0,False,medium,False,"[[1182, 324], [822, 378], [1182, 396], [1002, 396], [948, 558], [876, 792]]",,"[[600, 516]]",,0.026338672572781795,0.20720687626002166
663,3,2,11.039000000000101,,13518,"[954, 270]",False,Left,True,0.0,False,medium,False,"[[1188, 318], [828, 372], [1188, 390], [1008, 390], [954, 552], [882, 786]]",,"[[606, 510]]",,0.026338672572781795,0.20720687626002166
664,3,2,11.054000000000087,,13518,"[954, 270]",False,Left,True,0.0,False,medium,False,"[[1194, 312], [834, 366], [1194, 384], [1014, 384], [960, 546], [888, 780]]",,"[[612, 504]]",,0.4495909826128316,0.3673743383505883
665,3,2,11.07000000000005,,13518,"[954, 270]",False,Left,True,0.0,False,medium,False,"[[1200, 306], [840, 360], [1200, 378], [1020, 378], [966, 540], [894, 774]]",,"[[618, 498]]",,0.4495909826128316,0.3673743383505883
666,3,2,11.087000000000103,,13518,"[954, 270]",False,Left,True,0.0,False,medium,False,"[[1206, 300], [846, 354], [1206, 372], [1026, 372], [972, 534], [900, 768]]",,"[[624, 492]]",,0.033843426586935885,0.24360325846510444
667,3,2,11.103000000000065,,13518,"[954, 270]",False,Left,True,0.0,False,medium,False,"[[1212, 294], [852, 348], [1212, 366], [1032, 366], [978, 528], [906, 762]]",,"[[630, 486]]",,0.450335085082388,0.3689444004485799
668,3,2,11.120000000000005,,13518,"[954, 270]",False,Left,True,0.0,False,medium,False,"[[1218, 288], [858, 342], [1218, 360], [1038, 360], [984, 522], [912, 756]]",,"[[636, 480]]",,0.03028487126813406,0.23233052205282645
669,3,2,11.137000000000057,,13518,"[954, 270]",False,,True,0.0,False,medium,False,"[[1224, 282], [864, 336], [1224, 354], [1044, 354], [990, 516], [918, 750]]",,"[[636, 474]]",,0.03028487126813406,0.23233052205282645
670,3,2,11.152000000000044,,13518,"[954, 270]",False,,True,0.0,False,medium,False,"[[1224, 276], [864, 330], [1224, 348], [1044, 348], [990, 510], [918, 744]]",,"[[636, 468]]",,0.027091509189554587,0.2208700490921619
671,3,2,11.169000000000096,,13518,"[954, 270]",False,,True,0.0,False,medium,False,"[[1224, 270], [864, 324], [1224, 342], [1044, 342], [990, 504], [918, 738], [1062, 810], [918, 810]]",,"[[636, 462]]",,0.027091509189554587,0.2208700490921619
672,3,2,11.184000000000083,,13518,"[954, 270]",False,,True,0.0,False,medium,False,"[[1224, 264], [864, 318], [1224, 336], [1044, 336], [990, 498], [918, 732], [1062, 804], [918, 804]]",,"[[636, 456]]",,0.45158230245797204,0.37175851971664464
673,3,2,11.201000000000022,,13518,"[954, 270]",False,,True,0.0,False,medium,False,"[[1224, 258], [864, 312], [1224, 330], [1044, 330], [990, 492], [918, 726], [1062, 798], [918, 798]]",,"[[636, 450]]",,0.451661811386607,0.37349360923096164
674,3,2,11.218000000000075,,13518,"[954, 270]",False,,True,0.0,False,medium,False,"[[1224, 252], [864, 306], [1224, 324], [1044, 324], [990, 486], [918, 720], [1062, 792], [918, 792]]",,"[[636, 444]]",,0.45233268943695115,0.3750634228028764
675,3,2,11.235000000000014,,13518,"[954, 270]",False,,True,0.0,False,medium,False,"[[1224, 246], [864, 300], [1224, 318], [1044, 318], [990, 480], [918, 714], [1062, 786], [918, 786]]",,"[[636, 438]]",,0.03358975434256859,0.23528156317412574
676,3,2,11.252000000000066,,13518,"[954, 270]",False,,True,0.0,False,medium,False,"[[1224, 240], [864, 294], [1224, 312], [1044, 312], [990, 474], [918, 708], [1062, 780], [918, 780]]",,"[[636, 432]]",,0.4526196541562162,0.37578694166555726
677,3,2,11.269000000000005,,13518,"[954, 270]",False,,True,0.0,False,medium,False,"[[1224, 234], [864, 288], [1224, 306], [1044, 306], [990, 468], [918, 702], [1062, 774], [918, 774]]",,"[[636, 426]]",,0.4533148179171668,0.3774948887453141
678,3,2,11.287000000000035,,13518,"[954, 270]",False,Left,True,0.0,False,medium,False,"[[1224, 228], [864, 282], [1224, 300], [1044, 300], [990, 462], [918, 696], [1062, 768], [918, 768]]",,"[[642, 420]]",,0.45388438868898007,0.37916884263307093
679,3,2,11.304000000000087,,13518,"[954, 270]",False,Left,True,0.0,False,medium,False,"[[1230, 222], [870, 276], [1230, 294], [1050, 294], [996, 456], [924, 690], [1068, 762], [924, 762]]",,"[[648, 414]]",,-0.0011584913243482653,0.24384353011545223
680,3,2,11.319000000000074,,13518,"[954, 270]",False,Left,True,0.0,False,medium,False,"[[1236, 216], [876, 270], [1236, 288], [1056, 288], [1002, 450], [930, 684], [1074, 756], [930, 756]]",,"[[654, 408]]",,-0.009701802409019588,0.24051925787592898
681,3,2,11.335000000000036,,13518,"[954, 270]",False,Left,True,0.0,False,medium,False,"[[1242, 210], [882, 264], [1242, 282], [1062, 282], [1008, 444], [936, 678], [1080, 750], [936, 750]]",,"[[660, 402]]",,0.45697523675869683,0.38372933903509243
682,3,2,11.35200000000009,,13518,"[954, 270]",False,Left,True,0.0,False,medium,False,"[[1248, 204], [888, 258], [1248, 276], [1068, 276], [1014, 438], [942, 672], [1086, 744], [942, 744]]",,"[[666, 396]]",,0.45697523675869683,0.38372933903509243
683,3,2,11.369000000000028,,13518,"[954, 270]",False,Left,True,0.0,False,medium,False,"[[1254, 198], [894, 252], [1254, 270], [1074, 270], [1020, 432], [948, 666], [1092, 738], [948, 738]]",,"[[672, 390]]",,0.4583601214791081,0.38445992711723986
684,3,2,11.386000000000081,,13518,"[954, 270]",False,Left,True,0.0,False,medium,False,"[[1260, 192], [900, 246], [1260, 264], [1080, 264], [1026, 426], [954, 660], [1098, 732], [954, 732]]",,"[[678, 384]]",,0.45839682410676774,0.3850084555577843
685,3,2,11.40300000000002,,13518,"[954, 270]",False,Left,True,0.0,False,medium,False,"[[1266, 186], [906, 240], [1266, 258], [1086, 258], [1032, 420], [960, 654], [1104, 726], [960, 726]]",,"[[684, 378]]",,0.4585593676158483,0.3848935897829433
686,3,2,11.420000000000073,,13518,"[954, 270]",False,Left,True,0.0,False,medium,False,"[[1272, 180], [912, 234], [1272, 252], [1092, 252], [1038, 414], [966, 648], [1110, 720], [966, 720]]",,"[[690, 372]]",,0.4585593676158483,0.3848935897829433
687,3,2,11.439000000000078,,13518,"[954, 270]",False,Left,True,0.0,False,medium,False,"[[1278, 174], [918, 228], [1278, 246], [1098, 246], [1044, 408], [972, 642], [1116, 714], [972, 714]]",,"[[696, 366]]",,0.4599832612496247,0.3847962894661331
688,3,2,11.456000000000017,,13518,"[954, 270]",False,Left,True,0.0,False,medium,False,"[[1284, 168], [924, 222], [1284, 240], [1104, 240], [1050, 402], [978, 636], [1122, 708], [978, 708]]",,"[[702, 360]]",,0.46100065663449347,0.3853856385145308
689,3,2,11.47300000000007,,13518,"[954, 270]",False,Left,True,0.0,False,medium,False,"[[1290, 162], [930, 216], [1290, 234], [1110, 234], [1056, 396], [984, 630], [1128, 702], [984, 702]]",,"[[708, 354]]",,0.46100065663449347,0.3853856385145308
690,3,2,11.490000000000009,,13518,"[954, 270]",False,Left,True,0.0,False,medium,False,"[[1296, 156], [936, 210], [1296, 228], [1116, 228], [1062, 390], [990, 624], [1134, 696], [990, 696]]",,"[[714, 348]]",,0.45912950706769384,0.37348191630402805
691,3,2,11.507000000000062,,13518,"[954, 270]",False,Left,True,0.0,False,medium,False,"[[1302, 150], [942, 204], [1302, 222], [1122, 222], [1068, 384], [996, 618], [1140, 690], [996, 690]]",,"[[720, 342]]",,0.45912950706769384,0.37348191630402805
692,3,2,11.525000000000091,,13518,"[954, 270]",False,Left,True,0.0,False,medium,False,"[[1308, 144], [948, 198], [1308, 216], [1128, 216], [1074, 378], [1002, 612], [1146, 684], [1002, 684]]",,"[[726, 336]]",,1.0204351885967355e-05,0.24875860729950816
693,3,2,11.54200000000003,,13518,"[954, 270]",False,Left,True,0.0,False,medium,False,"[[1314, 138], [954, 192], [1314, 210], [1134, 210], [1080, 372], [1008, 606], [1152, 678], [1008, 678]]",,"[[732, 330]]",,1.0204351885967355e-05,0.24875860729950816
694,3,2,11.559000000000083,,13518,"[954, 270]",False,Left,True,0.0,False,medium,False,"[[1320, 132], [960, 186], [1320, 204], [1140, 204], [1086, 366], [1014, 600], [1158, 672], [1014, 672]]",,"[[738, 324]]",,0.45781244660062803,0.3705679543968814
695,3,2,11.576000000000022,,13518,"[954, 270]",False,,True,0.0,False,medium,False,"[[1326, 126], [966, 180], [1326, 198], [1146, 198], [1092, 360], [1020, 594], [1164, 666], [1020, 666]]",,"[[738, 318]]",,0.45781244660062803,0.3705679543968814
696,3,2,11.593000000000075,,13518,"[954, 270]",False,,True,0.0,False,medium,False,"[[1326, 120], [966, 174], [1326, 192], [1146, 192], [1092, 354], [1020, 588], [1164, 660], [1020, 660]]",,"[[738, 312]]",,-0.0032050382855284276,0.23753960830366083
697,3,2,11.609000000000037,,13518,"[954, 270]",False,,True,-1.0,False,medium,False,"[[1326, 114], [966, 168], [1326, 186], [1146, 186], [1092, 348], [1020, 582], [1164, 654], [1020, 654]]",,"[[738, 306]]",,-0.0032050382855284276,0.23753960830366083
698,3,2,11.62600000000009,,13518,"[954, 270]",False,,True,-1.0,False,medium,False,"[[1326, 108], [966, 162], [1326, 180], [1146, 180], [1092, 342], [1020, 576], [1164, 648], [1020, 648]]",,"[[732, 300]]",,0.45945809372352653,0.3723396289680384
699,3,2,11.642000000000053,,13518,"[954, 270]",False,,True,-1.0,False,medium,False,"[[1320, 102], [960, 156], [1320, 174], [1140, 174], [1086, 336], [1014, 570], [1158, 642], [1014, 642]]",,"[[726, 294]]",,0.45945809372352653,0.3723396289680384
700,3,2,11.658000000000015,,13518,"[954, 270]",False,,True,-1.0,False,medium,False,"[[1314, 96], [954, 150], [1314, 168], [1134, 168], [1080, 330], [1008, 564], [1152, 636], [1008, 636]]",,"[[720, 288]]",,0.46031148860591903,0.3740300118354216
701,3,2,11.675000000000068,,13518,"[954, 270]",False,,True,-1.0,False,medium,False,"[[1308, 90], [948, 144], [1308, 162], [1128, 162], [1074, 324], [1002, 558], [1146, 630], [1002, 630]]",,"[[714, 282]]",,0.46031148860591903,0.3740300118354216
702,3,2,11.691000000000031,,13518,"[954, 270]",False,,True,-1.0,False,medium,False,"[[1302, 84], [942, 138], [1302, 156], [1122, 156], [1068, 318], [996, 552], [1140, 624], [996, 624]]",,"[[708, 276]]",,0.032519191324984396,0.21097202576682217
703,3,2,11.708000000000084,,13518,"[954, 270]",False,,True,-1.0,False,medium,False,"[[1296, 78], [936, 132], [1296, 150], [1116, 150], [1062, 312], [990, 546], [1134, 618], [990, 618]]",,"[[702, 270]]",,0.46272924616075695,0.3772494439842329
704,3,2,11.725000000000023,,13518,"[954, 270]",False,,True,-1.0,False,medium,False,"[[1290, 72], [930, 126], [1290, 144], [1110, 144], [1056, 306], [984, 540], [1128, 612], [984, 612]]",,"[[696, 264]]",,0.46519841264652495,0.38064905110714586
705,3,2,11.7410000000001,,13518,"[954, 270]",False,,True,-1.0,False,medium,False,"[[1284, 66], [924, 120], [1284, 138], [1104, 138], [1050, 300], [978, 534], [1122, 606], [978, 606]]",,"[[690, 258]]",,0.46519841264652495,0.38064905110714586
706,3,2,11.757000000000062,,13518,"[954, 270]",False,,True,-1.0,False,medium,False,"[[1278, 60], [918, 114], [1278, 132], [1098, 132], [1044, 294], [972, 528], [1116, 600], [972, 600]]",,"[[684, 252]]",,0.03074617407379341,0.1901818429233153
707,3,2,11.774000000000001,,13518,"[954, 270]",False,,True,-1.0,False,medium,False,"[[1272, 54], [912, 108], [1272, 126], [1092, 126], [1038, 288], [966, 522], [1110, 594], [966, 594]]",,"[[678, 246]]",,0.03074617407379341,0.1901818429233153
708,3,2,11.791000000000054,,13518,"[954, 270]",False,,True,-1.0,False,medium,False,"[[1266, 48], [906, 102], [1266, 120], [1086, 120], [1032, 282], [960, 516], [1104, 588], [960, 588]]",,"[[672, 240]]",,0.00020542554899121156,0.23172408414147472
709,3,2,11.807000000000016,,13518,"[954, 270]",False,,True,-1.0,False,medium,False,"[[1260, 42], [900, 96], [1260, 114], [1080, 114], [1026, 276], [954, 510], [1098, 582], [954, 582]]",,"[[666, 234]]",,0.46600034269480795,0.3837094605823447
710,3,2,11.82400000000007,,13518,"[954, 270]",False,,True,-1.0,False,medium,False,"[[1254, 36], [894, 90], [1254, 108], [1074, 108], [1020, 270], [948, 504], [1092, 576], [948, 576]]",,"[[660, 228]]",,0.03326362708586021,0.22472194169789428
711,3,2,11.840000000000032,,13518,"[954, 270]",False,,True,-1.0,False,medium,False,"[[1248, 30], [888, 84], [1248, 102], [1068, 102], [1014, 264], [942, 498], [1086, 570], [942, 570]]",,"[[654, 222]]",,0.03326362708586021,0.22472194169789428
712,3,2,11.857000000000085,,13518,"[954, 270]",False,,True,-1.0,False,medium,False,"[[1242, 24], [882, 78], [1242, 96], [1062, 96], [1008, 258], [936, 492], [1080, 564], [936, 564]]",,"[[648, 216]]",,0.45862907269711295,0.37419577220383915
713,3,2,11.874000000000024,,13518,"[954, 270]",False,Left,True,-1.0,False,medium,False,"[[1236, 18], [876, 72], [1236, 90], [1056, 90], [1002, 252], [930, 486], [1074, 558], [930, 558]]",,"[[648, 210]]",,0.45862907269711295,0.37419577220383915
714,3,2,11.88900000000001,,13518,"[954, 270]",False,Left,True,-1.0,False,medium,False,"[[1236, 12], [876, 66], [1236, 84], [1056, 84], [1002, 246], [930, 480], [1074, 552], [930, 552]]",,"[[648, 204]]",,0.45833428014251343,0.37427884144399015
715,3,2,11.905000000000086,,13518,"[954, 270]",False,Left,True,-1.0,False,medium,False,"[[1236, 6], [876, 60], [1236, 78], [1056, 78], [1002, 240], [930, 474], [1074, 546], [930, 546]]",,"[[648, 198]]",,0.4573989767222934,0.373220206518484
716,3,2,11.92100000000005,,13518,"[954, 270]",False,Left,True,-1.0,False,medium,False,"[[1236, 0], [876, 54], [1236, 72], [1056, 72], [1002, 234], [930, 468], [1074, 540], [930, 540]]",,"[[648, 192]]",,0.4565394329463566,0.3726483290364484
717,3,2,11.937000000000012,,13518,"[954, 270]",False,Left,True,-1.0,False,medium,False,"[[876, 48], [1236, 66], [1056, 66], [1002, 228], [930, 462], [1074, 534], [930, 534]]",,"[[648, 186]]",,-0.005148673965058581,0.2540215906175117
718,3,2,11.954000000000065,,13518,"[954, 270]",False,Left,True,-1.0,False,medium,False,"[[876, 42], [1236, 60], [1056, 60], [1002, 222], [930, 456], [1074, 528], [930, 528]]",,"[[648, 180]]",,-0.005148673965058581,0.2540215906175117
719,3,2,11.970000000000027,,13518,"[954, 270]",False,Left,True,-1.0,False,medium,False,"[[876, 36], [1236, 54], [1056, 54], [1002, 216], [930, 450], [1074, 522], [930, 522]]",,"[[648, 174]]",,0.45411219010696363,0.37054410161708984
720,3,2,11.986000000000104,,13518,"[954, 270]",False,Left,True,-1.0,False,medium,False,"[[876, 30], [1236, 48], [1056, 48], [1002, 210], [930, 444], [1074, 516], [930, 516]]",,"[[648, 168]]",,0.45411219010696363,0.37054410161708984
721,3,2,12.004000000000019,,13518,"[954, 270]",False,Left,True,-1.0,False,medium,False,"[[876, 24], [1236, 42], [1056, 42], [1002, 204], [930, 438], [1074, 510], [930, 510]]",,"[[648, 162]]",,0.45460866342148976,0.3709268231751055
722,3,2,12.020000000000095,,13518,"[954, 270]",False,Left,True,-1.0,False,medium,False,"[[876, 18], [1236, 36], [1056, 36], [1002, 198], [930, 432], [1074, 504], [930, 504]]",,"[[648, 156]]",,0.028164125407319406,0.21513113065039646
723,3,2,12.037000000000035,,13518,"[954, 270]",False,Left,True,-1.0,False,medium,False,"[[876, 12], [1236, 30], [1056, 30], [1002, 192], [930, 426], [1074, 498], [930, 498]]",,"[[648, 150]]",,-0.004824036377844276,0.24520909258905732
724,3,2,12.054000000000087,,13518,"[954, 270]",False,Left,True,-1.0,False,medium,False,"[[876, 6], [1236, 24], [1056, 24], [1002, 186], [930, 420], [1074, 492], [930, 492]]",,"[[648, 144]]",,-0.004824036377844276,0.24520909258905732
725,3,2,12.071000000000026,,13518,"[954, 270]",False,Left,True,-1.0,False,medium,False,"[[876, 0], [1236, 18], [1056, 18], [1002, 180], [930, 414], [1074, 486], [930, 486]]",,"[[648, 138]]",,0.029167819207353674,0.20582280879333104
726,3,2,12.089000000000055,,13518,"[954, 270]",False,Left,True,-1.0,False,medium,False,"[[1236, 12], [1056, 12], [1002, 174], [930, 408], [1074, 480], [930, 480]]",,"[[648, 132]]",,0.030787984822379943,0.2504046931632502
727,3,2,12.106000000000108,,13518,"[954, 270]",False,Left,True,-1.0,False,medium,False,"[[1236, 6], [1056, 6], [1002, 168], [930, 402], [1074, 474], [930, 474]]",,"[[648, 126]]",,0.4583410734119079,0.3758740306443197
728,3,2,12.122000000000071,,13518,"[954, 270]",False,Left,True,-1.0,False,medium,False,"[[1236, 0], [1056, 0], [1002, 162], [930, 396], [1074, 468], [930, 468]]",,"[[648, 120]]",,0.4581923125424078,0.3756153025001683
729,3,2,12.138000000000034,,13518,"[954, 270]",False,Left,True,-1.0,False,medium,False,"[[1002, 156], [930, 390], [1074, 462], [930, 462]]",,"[[648, 114]]",,0.4578227235280122,0.3760015774910682
730,3,2,12.155000000000086,,13518,"[954, 270]",False,Left,True,-1.0,False,medium,False,"[[1002, 150], [930, 384], [1074, 456], [930, 456]]",,"[[648, 108]]",,0.4578227235280122,0.3760015774910682
731,3,2,12.17100000000005,,13518,"[954, 270]",False,Left,True,-1.0,False,medium,False,"[[1002, 144], [930, 378], [1074, 450], [930, 450]]",,"[[648, 102]]",,-0.01645579702770803,0.23086516232383825
732,3,2,12.188000000000102,,13518,"[954, 270]",False,Left,True,-1.0,False,medium,False,"[[1002, 138], [930, 372], [1074, 444], [930, 444]]",,"[[648, 96]]",,-0.01645579702770803,0.23086516232383825
733,3,2,12.206000000000017,,13518,"[954, 270]",False,Left,True,-1.0,False,medium,False,"[[1002, 132], [930, 366], [1074, 438], [930, 438]]",,"[[648, 90]]",,-0.009069278974070283,0.23514308987643873
734,3,2,12.22300000000007,,13518,"[954, 270]",False,Left,True,-1.0,False,medium,False,"[[1002, 126], [930, 360], [1074, 432], [930, 432]]",,"[[648, 84]]",,-0.009069278974070283,0.23514308987643873
735,3,2,12.240000000000009,,13518,"[954, 270]",False,Left,True,-1.0,False,medium,False,"[[1002, 120], [930, 354], [1074, 426], [930, 426]]",,"[[648, 78]]",,0.46021069978957413,0.38014328573469236
736,3,2,12.256000000000085,,13518,"[954, 270]",False,Left,True,-1.0,False,medium,False,"[[1002, 114], [930, 348], [1074, 420], [930, 420]]",,"[[648, 72]]",,0.46021069978957413,0.38014328573469236
737,3,2,12.275000000000091,,13518,"[954, 270]",False,,True,-1.0,False,medium,False,"[[1002, 108], [930, 342], [1074, 414], [930, 414]]",,"[[642, 66]]",,0.4620448304570252,0.3825144059125203
738,3,2,12.293000000000006,,13518,"[954, 270]",False,,True,-1.0,False,medium,False,"[[996, 102], [924, 336], [1068, 408], [924, 408]]",,"[[636, 60]]",,0.46274065369555617,0.38523758155786236
739,3,2,12.31000000000006,,13518,"[954, 270]",False,Right,True,-1.0,False,medium,False,"[[990, 96], [918, 330], [1062, 402], [918, 402]]",,"[[624, 54]]",,0.46274065369555617,0.38523758155786236
740,3,2,12.327000000000112,,13518,"[954, 270]",False,Right,True,-1.0,False,medium,False,"[[978, 90], [906, 324], [1050, 396], [906, 396]]",,"[[612, 48]]",,0.4671678771843231,0.37985072773303563
741,3,2,12.344000000000051,,13518,"[954, 270]",False,Right,True,-1.0,False,medium,False,"[[966, 84], [894, 318], [1038, 390], [894, 390]]",,"[[600, 42]]",,0.03357277054769954,0.24519191349068414
742,3,2,12.36200000000008,,13518,"[954, 270]",False,Right,True,-1.0,False,medium,False,"[[954, 78], [882, 312], [1026, 384], [882, 384]]",,"[[588, 36]]",,0.027335164426064117,0.2219030049952262
743,3,2,12.379000000000019,,13518,"[954, 270]",False,Right,True,-1.0,False,medium,False,"[[942, 72], [870, 306], [1014, 378], [870, 378]]",,"[[576, 30]]",,0.027335164426064117,0.2219030049952262
744,3,2,12.396000000000072,,13518,"[954, 270]",False,Right,True,-1.0,False,medium,False,"[[930, 66], [858, 300], [1002, 372], [858, 372]]",,"[[564, 24]]",,0.46762232038229445,0.38022408543747577
745,3,2,12.413000000000011,,13518,"[954, 270]",False,Right,True,-1.0,False,medium,False,"[[918, 60], [846, 294], [990, 366], [846, 366]]",,"[[552, 18]]",,0.46762232038229445,0.38022408543747577
746,3,2,12.430000000000064,,13518,"[954, 270]",False,Right,True,-1.0,False,medium,False,"[[906, 54], [834, 288], [978, 360], [834, 360]]",,"[[540, 12]]",,-0.010588925626591727,0.20613634632949152
747,3,2,12.446000000000026,,13518,"[954, 270]",False,Right,True,-1.0,False,medium,False,"[[894, 48], [822, 282], [966, 354], [822, 354]]",,"[[528, 6]]",,-0.010588925626591727,0.20613634632949152
748,3,2,12.464000000000055,,13518,"[954, 270]",False,Right,True,0.0,False,medium,False,"[[882, 42], [810, 276], [954, 348], [810, 348]]",,"[[516, 0]]",,0.46851918142148985,0.3810969182467522
749,3,2,12.481000000000108,,13518,"[954, 270]",False,Right,True,0.0,False,medium,False,"[[870, 36], [798, 270], [942, 342], [798, 342]]",,[],,0.46851918142148985,0.3810969182467522
750,3,2,12.497000000000071,,13518,"[954, 270]",False,Right,True,0.0,False,medium,False,"[[864, 30], [792, 264], [936, 336], [792, 336]]",,[],,0.46760074263012374,0.3817846505851993
751,3,2,12.5150000000001,,13518,"[954, 270]",False,,True,0.0,False,medium,False,"[[858, 24], [786, 258], [930, 330], [786, 330]]",,[],,0.4672219963832994,0.3818063433236004
752,3,2,12.533000000000015,,13518,"[954, 270]",False,,True,0.0,False,medium,False,"[[858, 18], [786, 252], [930, 324], [786, 324]]",,[],,0.4680600001128273,0.3826918052158803
753,3,2,12.551000000000045,,13518,"[954, 270]",False,Left,True,0.0,False,medium,False,"[[858, 12], [786, 246], [930, 318], [786, 318]]",,[],,0.4680600001128273,0.3826918052158803
754,3,2,12.57000000000005,,13518,"[954, 270]",False,Left,True,0.0,False,medium,False,"[[864, 6], [792, 240], [936, 312], [792, 312]]",,[],,0.4683439066375385,0.38379173996563054
755,3,2,12.586000000000013,,13518,"[954, 270]",False,Left,True,0.0,False,medium,False,"[[870, 0], [798, 234], [942, 306], [798, 306]]",,[],,0.4683439066375385,0.38379173996563054
756,3,2,12.603000000000065,,13518,"[954, 270]",False,Left,True,0.0,False,medium,False,"[[804, 228], [948, 300], [804, 300]]",,[],,0.46994628775994496,0.38528970002930507
757,3,2,12.619000000000028,,13518,"[954, 270]",False,Left,True,0.0,False,medium,False,"[[810, 222], [954, 294], [810, 294]]",,[],,0.46994628775994496,0.38528970002930507
758,3,2,12.636000000000081,,13518,"[954, 270]",True,Left,True,0.0,False,medium,False,"[[816, 216], [960, 288], [816, 288]]",,[],,0.4705050814980488,0.3855853684215199
759,3,2,13.835000000000036,,13518,"[954, 270]",True,Left,True,0.0,False,medium,False,"[[822, 210], [966, 282], [822, 282]]",,[],1,0.022072307947003544,0.2594291597693559
