,trial,attempt,time_played,time_tag,level_size_y,player_pos,collision,current_input,drift_enabled,current_drift,level_done,input_noise_magnitude,input_noise_on,visible_obstacles,adjacent_wall_tiles_x_pos,visible_drift_tiles,SoC,gaze_x,gaze_y
0,4,2,0.00100000000009004,,13518,"[954, -86]",False,,True,0.0,False,weak,False,[],,[],,0.5190443376590304,0.3470710004218813
1,4,2,0.016000000000076398,,13518,"[954, -82]",False,,True,0.0,False,weak,False,[],,[],,0.5178326143620675,0.3510857841151618
2,4,2,0.03300000000001546,,13518,"[954, -78]",False,,True,0.0,False,weak,False,[],,[],,0.5180960175560879,0.3535906208904569
3,4,2,0.04900000000009186,,13518,"[954, -74]",False,,True,0.0,False,weak,False,[],,[],,0.5167826779005334,0.3543730264827365
4,4,2,0.06500000000005457,,13518,"[954, -70]",False,,True,0.0,False,weak,False,[],,[],,0.5159630092395542,0.3556081326814854
5,4,2,0.08100000000001728,,13518,"[954, -66]",False,,True,0.0,False,weak,False,[],,[],,0.5154091538389876,0.35609983292677494
6,4,2,0.09700000000009368,,13518,"[954, -62]",False,,True,0.0,False,weak,False,[],,[],,0.5154705329428524,0.3555990311995655
7,4,2,0.11400000000003274,,13518,"[954, -58]",False,,True,0.0,False,weak,False,[],,[],,0.5147305055775054,0.3558477825954358
8,4,2,0.13000000000010914,,13518,"[954, -54]",False,,True,0.0,False,weak,False,[],,[],,0.5145645355393572,0.35716634251628565
9,4,2,0.1470000000000482,,13518,"[954, -50]",False,,True,0.0,False,weak,False,[],,[],,0.5157342543705755,0.35863868088250783
10,4,2,0.16300000000001091,,13518,"[954, -46]",False,,True,0.0,False,weak,False,[],,[],,0.5157342543705755,0.35863868088250783
11,4,2,0.1790000000000873,,13518,"[954, -42]",False,,True,0.0,False,weak,False,[],,[],,0.5179896871213558,0.3621240043545547
12,4,2,0.19500000000005002,,13518,"[954, -38]",False,,True,0.0,False,weak,False,[],,[],,0.5179896871213558,0.3621240043545547
13,4,2,0.21200000000010277,,13518,"[954, -34]",False,,True,0.0,False,weak,False,[],,[],,0.518807678852133,0.36365307244625333
14,4,2,0.22800000000006548,,13518,"[954, -30]",False,,True,0.0,False,weak,False,[],,[],,0.518807678852133,0.36365307244625333
15,4,2,0.2440000000000282,,13518,"[954, -26]",False,,True,0.0,False,weak,False,[],,[],,0.5181139139059653,0.36182826330393103
16,4,2,0.26100000000008095,,13518,"[954, -22]",False,,True,0.0,False,weak,False,[],,[],,0.5181139139059653,0.36182826330393103
17,4,2,0.27800000000002,,13518,"[954, -18]",False,,True,0.0,False,weak,False,[],,[],,0.5180222410629478,0.36170335163104095
18,4,2,0.29500000000007276,,13518,"[954, -14]",False,,True,0.0,False,weak,False,[],,[],,0.5180222410629478,0.36170335163104095
19,4,2,0.31100000000003547,,13518,"[954, -10]",False,,True,0.0,False,weak,False,[],,[],,0.5186029644062097,0.3620928461323245
20,4,2,0.3269999999999982,,13518,"[954, -6]",False,,True,0.0,False,weak,False,[],,[],,0.5186029644062097,0.3620928461323245
21,4,2,0.34400000000005093,,13518,"[954, -2]",False,,True,0.0,False,weak,False,[],,[],,0.5208643374747226,0.36397851024174444
22,4,2,0.3610000000001037,,13518,"[954, 2]",False,,True,0.0,False,weak,False,[],,[],,0.5208643374747226,0.36397851024174444
23,4,2,0.3770000000000664,,13518,"[954, 6]",False,,True,0.0,False,weak,False,[],,[],,0.5218549405286541,0.3653568162135298
24,4,2,0.3930000000000291,,13518,"[954, 10]",False,,True,0.0,False,weak,False,[],,[],,0.5218549405286541,0.3653568162135298
25,4,2,0.41000000000008185,,13518,"[954, 14]",False,,True,0.0,False,weak,False,[],,[],,0.5240129739700435,0.36705789731886207
26,4,2,0.42600000000004457,,13518,"[954, 18]",False,,True,0.0,False,weak,False,[],,[],,0.5240129739700435,0.36705789731886207
27,4,2,0.4420000000000073,,13518,"[954, 22]",False,,True,0.0,False,weak,False,[],,[],,0.48893138753858195,0.23797885016461684
28,4,2,0.4580000000000837,,13518,"[954, 26]",False,,True,0.0,False,weak,False,[],,[],,0.48893138753858195,0.23797885016461684
29,4,2,0.47500000000002274,,13518,"[954, 30]",False,,True,0.0,False,weak,False,[],,[],,0.49133749275975236,0.13927864803273704
30,4,2,0.4920000000000755,,13518,"[954, 34]",False,,True,0.0,False,weak,False,[],,[],,0.49133749275975236,0.13927864803273704
31,4,2,0.5080000000000382,,13518,"[954, 38]",False,,True,0.0,False,weak,False,[],,[],,0.5813145066504624,0.274020044527973
32,4,2,0.525000000000091,,13518,"[954, 42]",False,,True,0.0,False,weak,False,[],,[],,0.5813145066504624,0.274020044527973
33,4,2,0.54200000000003,,13518,"[954, 46]",False,,True,0.0,False,weak,False,[],,[],,0.5596965488404418,0.2267160055265277
34,4,2,0.5590000000000828,,13518,"[954, 50]",False,,True,0.0,False,weak,False,[],,[],,0.5596965488404418,0.2267160055265277
35,4,2,0.5760000000000218,,13518,"[954, 54]",False,,True,0.0,False,weak,False,[],,[],,0.5589819789141985,0.24368206826608707
36,4,2,0.5920000000000982,,13518,"[954, 58]",False,,True,0.0,False,weak,False,[],,[],,0.5589819789141985,0.24368206826608707
37,4,2,0.6090000000000373,,13518,"[954, 62]",False,,True,0.0,False,weak,False,[],,[],,0.5497478710807271,0.22361013310315947
38,4,2,0.6240000000000236,,13518,"[954, 66]",False,,True,0.0,False,weak,False,[],,[],,0.5497478710807271,0.22361013310315947
39,4,2,0.6400000000001,,13518,"[954, 70]",False,,True,0.0,False,weak,False,[],,[],,0.5356420192538849,0.23991854321203177
40,4,2,0.6560000000000628,,13518,"[954, 74]",False,,True,0.0,False,weak,False,[],,[],,0.5356420192538849,0.23991854321203177
41,4,2,0.6720000000000255,,13518,"[954, 78]",False,,True,0.0,False,weak,False,[],,[],,0.5302259587031133,0.25430422108243755
42,4,2,0.6890000000000782,,13518,"[954, 82]",False,,True,0.0,False,weak,False,[],,[],,0.5302259587031133,0.25430422108243755
43,4,2,0.7060000000000173,,13518,"[954, 86]",False,,True,0.0,False,weak,False,[],,[],,0.521057349051774,0.23160019244091867
44,4,2,0.72300000000007,,13518,"[954, 90]",False,,True,0.0,False,weak,False,[],,[],,0.521057349051774,0.23160019244091867
45,4,2,0.7400000000000091,,13518,"[954, 94]",False,,True,0.0,False,weak,False,[],,[],,0.5070972363651067,0.22355475261273905
46,4,2,0.7570000000000618,,13518,"[954, 98]",False,,True,0.0,False,weak,False,[],,[],,0.5070972363651067,0.22355475261273905
47,4,2,0.7740000000000009,,13518,"[954, 102]",False,,True,0.0,False,weak,False,[],,[],,0.54927448077282,0.13640057735944866
48,4,2,0.7910000000000537,,13518,"[954, 106]",False,,True,0.0,False,weak,False,[],,[],,0.54927448077282,0.13640057735944866
49,4,2,0.8070000000000164,,13518,"[954, 110]",False,,True,0.0,False,weak,False,[],,[],,0.5459967874226075,0.2276482982481689
50,4,2,0.8230000000000928,,13518,"[954, 114]",False,,True,0.0,False,weak,False,[],,[],,0.5459967874226075,0.2276482982481689
51,4,2,0.8400000000000318,,13518,"[954, 118]",False,,True,0.0,False,weak,False,[],,[],,0.545001292317206,0.22868829552869285
52,4,2,0.8570000000000846,,13518,"[954, 122]",False,,True,0.0,False,weak,False,[],,[],,0.545001292317206,0.22868829552869285
53,4,2,0.8740000000000236,,13518,"[954, 126]",False,,True,0.0,False,weak,False,[],,[],,0.5201860122314859,0.244334714709323
54,4,2,0.8900000000001,,13518,"[954, 130]",False,,True,0.0,False,weak,False,[],,[],,0.5201860122314859,0.244334714709323
55,4,2,0.9070000000000391,,13518,"[954, 134]",False,,True,0.0,False,weak,False,[],,[],,0.5432638953494318,0.2126935547250296
56,4,2,0.9230000000000018,,13518,"[954, 138]",False,,True,0.0,False,weak,False,[],,[],,0.5432638953494318,0.2126935547250296
57,4,2,0.9400000000000546,,13518,"[954, 142]",False,,True,0.0,False,weak,False,[],,[],,0.40758756109822014,-0.08591798982086951
58,4,2,0.9570000000001073,,13518,"[954, 146]",False,,True,0.0,False,weak,False,[],,[],,0.40758756109822014,-0.08591798982086951
59,4,2,0.9740000000000464,,13518,"[954, 150]",False,,True,0.0,False,weak,False,[],,[],,0.4874049995616507,0.26136595183252176
60,4,2,0.9900000000000091,,13518,"[954, 154]",False,,True,0.0,False,weak,False,[],,[],,0.4874049995616507,0.26136595183252176
61,4,2,1.0070000000000618,,13518,"[954, 158]",False,,True,0.0,False,weak,False,[],,[],,0.4057976663432594,-0.08852407317781474
62,4,2,1.024000000000001,,13518,"[954, 162]",False,,True,0.0,False,weak,False,[],,[],,0.4057976663432594,-0.08852407317781474
63,4,2,1.0410000000000537,,13518,"[954, 166]",False,,True,0.0,False,weak,False,[],,[],,0.585715656421784,0.3302142251361113
64,4,2,1.0580000000001064,,13518,"[954, 170]",False,,True,0.0,False,weak,False,[],,[],,0.585715656421784,0.3302142251361113
65,4,2,1.0750000000000455,,13518,"[954, 174]",False,,True,0.0,False,weak,False,[],,[],,0.5566579744071913,0.16315264044855826
66,4,2,1.0910000000000082,,13518,"[954, 178]",False,,True,0.0,False,weak,False,[],,[],,0.5566579744071913,0.16315264044855826
67,4,2,1.1070000000000846,,13518,"[954, 182]",False,,True,0.0,False,weak,False,[],,[],,0.5164505635937202,0.24050242451707504
68,4,2,1.1240000000000236,,13518,"[954, 186]",False,,True,0.0,False,weak,False,[],,[],,0.5164505635937202,0.24050242451707504
69,4,2,1.1410000000000764,,13518,"[954, 190]",False,,True,0.0,False,weak,False,[],,[],,0.4383615714604677,0.2780989197588093
70,4,2,1.1580000000000155,,13518,"[954, 194]",False,,True,0.0,False,weak,False,[],,[],,0.4310184074331988,0.2892989458126245
71,4,2,1.1750000000000682,,13518,"[954, 198]",False,,True,0.0,False,weak,False,[],,[],,0.5466630593320906,0.4106641928438164
72,4,2,1.191000000000031,,13518,"[954, 202]",False,,True,0.0,False,weak,False,[],,[],,0.5466630593320906,0.4106641928438164
73,4,2,1.20900000000006,,13518,"[954, 206]",False,,True,0.0,False,weak,False,[],,[],,0.5460302011421108,0.40405269585333226
74,4,2,1.2250000000000227,,13518,"[954, 210]",False,,True,0.0,False,weak,False,[],,[],,0.548863326259101,0.3917844897428572
75,4,2,1.2410000000000991,,13518,"[954, 214]",False,,True,0.0,False,weak,False,[],,[],,0.5153946340059102,0.324248649070463
76,4,2,1.2580000000000382,,13518,"[954, 218]",False,,True,0.0,False,weak,False,[],,[],,0.5147285753046914,0.32385041141805737
77,4,2,1.275000000000091,,13518,"[954, 222]",False,,True,0.0,False,weak,False,[],,[],,0.49227444563100287,0.35066186126335464
78,4,2,1.2910000000000537,,13518,"[954, 226]",False,,True,0.0,False,weak,False,[],,[],,0.49227444563100287,0.35066186126335464
79,4,2,1.3070000000000164,,13518,"[954, 230]",False,,True,0.0,False,weak,False,[],,[],,0.4910485330522776,0.35337057575244424
80,4,2,1.3240000000000691,,13518,"[954, 234]",False,,True,0.0,False,weak,False,[],,[],,0.49065500328427414,0.40236046391547964
81,4,2,1.3400000000000318,,13518,"[954, 238]",False,,True,0.0,False,weak,False,[],,[],,0.4896340995381606,0.40326158273835344
82,4,2,1.3570000000000846,,13518,"[954, 242]",False,,True,0.0,False,weak,False,[],,[],,0.4905273056932044,0.4026909085925997
83,4,2,1.3740000000000236,,13518,"[954, 246]",False,,True,0.0,False,weak,False,[],,[],,0.4916065830566197,0.4037439770133452
84,4,2,1.3910000000000764,,13518,"[954, 250]",False,,True,0.0,False,weak,False,[],,[],,0.49078794775347384,0.40657320054945667
85,4,2,1.4080000000000155,,13518,"[954, 254]",False,,True,0.0,False,weak,False,[],,[],,0.4918874876922158,0.40637863077793024
86,4,2,1.4250000000000682,,13518,"[954, 258]",False,,True,0.0,False,weak,False,[],,[],,0.4919908689238521,0.40686519048367853
87,4,2,1.4420000000000073,,13518,"[954, 262]",False,,True,0.0,False,weak,False,[],,[],,0.4911866296322918,0.4044965216792892
88,4,2,1.45900000000006,,13518,"[954, 266]",False,,True,0.0,False,weak,False,[],,[],,0.4911866296322918,0.4044965216792892
89,4,2,1.475999999999999,,13518,"[954, 270]",False,Left,True,0.0,False,weak,False,[],,[],,0.49064164488140233,0.40485804333739983
90,4,2,1.4930000000000518,,13518,"[954, 270]",False,Left,True,0.0,False,weak,False,[],,[],,0.4909420984905305,0.4058776619924467
91,4,2,1.5100000000001046,,13518,"[954, 270]",False,Left,True,0.0,False,weak,False,[],,[],,0.49155707155732137,0.4060656782551817
92,4,2,1.5270000000000437,,13518,"[954, 270]",False,Left,True,0.0,False,weak,False,[],,[],,0.491590204237846,0.4068598750081778
93,4,2,1.5430000000000064,,13518,"[954, 270]",False,Left,True,0.0,False,weak,False,[],,[],,0.49181767529324016,0.4050854208145588
94,4,2,1.5600000000000591,,13518,"[954, 270]",False,Left,True,0.0,False,weak,False,[],,[],,0.49148890524838806,0.4048040256860338
95,4,2,1.5769999999999982,,13518,"[954, 270]",False,Left,True,0.0,False,weak,False,[],,[],,0.49076769064688336,0.40222407916142133
96,4,2,1.594000000000051,,13518,"[954, 270]",False,Left,True,0.0,False,weak,False,[],,[],,0.4903615627949322,0.4015615211393666
97,4,2,1.6100000000000136,,13518,"[954, 270]",False,Left,True,0.0,False,weak,False,[],,[],,0.48969476979266185,0.3998421572987738
98,4,2,1.6270000000000664,,13518,"[954, 270]",False,Left,True,0.0,False,weak,False,[],,[],,0.4893106737727916,0.4006651373019704
99,4,2,1.643000000000029,,13518,"[954, 270]",False,Left,True,0.0,False,weak,False,[],,[],,0.48869008408209086,0.3985356106563248
100,4,2,1.6600000000000819,,13518,"[954, 270]",False,Left,True,0.0,False,weak,False,[],,[],,0.48880081024223776,0.39847453431436464
101,4,2,1.677000000000021,,13518,"[954, 270]",False,,True,0.0,False,weak,False,[],,[],,0.4879948879433578,0.3973480499374894
102,4,2,1.6940000000000737,,13518,"[954, 270]",False,,True,0.0,False,weak,False,[],,[],,0.48815402256715873,0.3975551601605848
103,4,2,1.70900000000006,,13518,"[954, 270]",False,,True,0.0,False,weak,False,[],,[],,0.4889315999656558,0.3954889772472553
104,4,2,1.725999999999999,,13518,"[954, 270]",False,,True,0.0,False,weak,False,[],,[],,0.48876745937127186,0.39700740080811725
105,4,2,1.7430000000000518,,13518,"[954, 270]",False,Right,True,0.0,False,weak,False,[],,[],,0.4892372285071243,0.3994268680238511
106,4,2,1.7590000000000146,,13518,"[954, 270]",False,Right,True,0.0,False,weak,False,[],,[],,0.49058602627702275,0.40329653636525353
107,4,2,1.7760000000000673,,13518,"[954, 270]",False,Right,True,0.0,False,weak,False,[],,[],,0.4904431330998711,0.40621182592672933
108,4,2,1.7930000000000064,,13518,"[954, 270]",False,Right,True,0.0,False,weak,False,[],,[],,0.49021483136441074,0.40726612514143
109,4,2,1.8100000000000591,,13518,"[954, 270]",False,Right,True,0.0,False,weak,False,[],,[],,0.4887401018737029,0.4065477086614535
110,4,2,1.8260000000000218,,13518,"[954, 270]",False,Right,True,0.0,False,weak,False,[],,[],,0.4887401018737029,0.4065477086614535
111,4,2,1.8430000000000746,,13518,"[954, 270]",False,Right,True,0.0,False,weak,False,[],,[],,0.4885060497365054,0.4028926923633771
112,4,2,1.8600000000000136,,13518,"[954, 270]",False,Right,True,0.0,False,weak,False,[],,[],,0.4868382462066447,0.40073049146531226
113,4,2,1.8770000000000664,,13518,"[954, 270]",False,Right,True,0.0,False,weak,False,[],,[],,0.48731618998305565,0.3887197623914559
114,4,2,1.893000000000029,,13518,"[954, 270]",False,Right,True,0.0,False,weak,False,[],,[],,0.48632663378148316,0.385357208109106
115,4,2,1.9090000000001055,,13518,"[954, 270]",False,Right,True,0.0,False,weak,False,[],,[],,0.4860922451885695,0.3875441425274373
116,4,2,1.9260000000000446,,13518,"[954, 270]",False,Right,True,0.0,False,weak,False,[],,[],,0.4862313237571073,0.3924556282774929
117,4,2,1.9430000000000973,,13518,"[954, 270]",False,Right,True,0.0,False,weak,False,[],,[],,0.48510824321333323,0.39359697611664357
118,4,2,1.9600000000000364,,13518,"[954, 270]",False,Right,True,0.0,False,weak,False,[],,[],,0.4853399394568271,0.39452754769531084
119,4,2,1.9770000000000891,,13518,"[954, 270]",False,Right,True,0.0,False,weak,False,[],,[],,0.48368492062775836,0.39658254407974436
120,4,2,1.9940000000000282,,13518,"[954, 270]",False,Right,True,0.0,False,weak,False,[],,[],,0.4825234126751424,0.3954106368849303
121,4,2,2.0100000000001046,,13518,"[954, 270]",False,Right,True,0.0,False,weak,False,[],,[],,0.4821150544856702,0.39528702084757217
122,4,2,2.0260000000000673,,13518,"[954, 270]",False,Right,True,0.0,False,weak,False,[],,[],,0.48084724716198857,0.39390035301811777
123,4,2,2.04200000000003,,13518,"[954, 270]",False,Right,True,0.0,False,weak,False,[],,[],,0.48100958065366345,0.3937103263063274
124,4,2,2.0590000000000828,,13518,"[954, 270]",False,,True,0.0,False,weak,False,[],,[],,0.48134157128382793,0.39532345814026415
125,4,2,2.076000000000022,,13518,"[954, 270]",False,,True,0.0,False,weak,False,[],,[],,0.4823749705215753,0.39586045930134983
126,4,2,2.0920000000000982,,13518,"[954, 270]",False,,True,0.0,False,weak,False,[],,[],,0.4823282732936508,0.3957934247276055
127,4,2,2.1090000000000373,,13518,"[954, 270]",False,,True,0.0,False,weak,False,[],,[],,0.4826786841689935,0.3955766717939926
128,4,2,2.125,,13518,"[954, 270]",False,,True,0.0,False,weak,False,[],,[],,0.4828600782943539,0.3951010307399123
129,4,2,2.1420000000000528,,13518,"[954, 270]",False,,True,0.0,False,weak,False,[],,[],,0.4821378408023014,0.3953416080374357
130,4,2,2.1590000000001055,,13518,"[954, 270]",False,Left,True,0.0,False,weak,False,[],,[],,0.48213080606564773,0.3921415696517063
131,4,2,2.175000000000068,,13518,"[954, 270]",False,Left,True,0.0,False,weak,False,[],,[],,0.48213080606564773,0.3921415696517063
132,4,2,2.1920000000000073,,13518,"[954, 270]",False,Left,True,0.0,False,weak,False,[],,[],,0.4817496643862274,0.38834902303237706
133,4,2,2.20900000000006,,13518,"[954, 270]",False,Left,True,0.0,False,weak,False,[],,[],,0.4817776231833196,0.38663461174116587
134,4,2,2.225999999999999,,13518,"[954, 270]",False,Left,True,0.0,False,weak,False,[],,[],,0.48274338249203586,0.3754388034598719
135,4,2,2.2420000000000755,,13518,"[954, 270]",False,Left,True,0.0,False,weak,False,[],,[],,0.4832478822564871,0.3749882415902577
136,4,2,2.2590000000000146,,13518,"[954, 270]",False,Left,True,0.0,False,weak,False,[],,[],,0.4854139644668914,0.37786978156351714
137,4,2,2.275000000000091,,13518,"[954, 270]",False,Left,True,0.0,False,weak,False,[],,[],,0.4854139644668914,0.37786978156351714
138,4,2,2.2910000000000537,,13518,"[954, 270]",False,Left,True,0.0,False,weak,False,[],,[],,0.4879857711067433,0.38145343735583714
139,4,2,2.3070000000000164,,13518,"[954, 270]",False,Left,True,0.0,False,weak,False,[],,[],,0.4879857711067433,0.38145343735583714
140,4,2,2.324000000000069,,13518,"[954, 270]",False,Left,True,0.0,False,weak,False,[],,[],,0.48873846588172165,0.3819617704997843
141,4,2,2.341000000000008,,13518,"[954, 270]",False,Left,True,0.0,False,weak,False,[],,[],,0.48896391490107505,0.38019198085570094
142,4,2,2.3590000000000373,,13518,"[954, 270]",False,,True,0.0,False,weak,False,[],,[],,0.48846014252428666,0.37885244189528
143,4,2,2.375,,13518,"[954, 270]",False,,True,0.0,False,weak,False,[],,[],,0.48846014252428666,0.37885244189528
144,4,2,2.3920000000000528,,13518,"[954, 270]",False,,True,0.0,False,weak,False,[],,[],,0.48850628384071326,0.3808190651071398
145,4,2,2.4090000000001055,,13518,"[954, 270]",False,,True,0.0,False,weak,False,[],,[],,0.4887728607206691,0.3808518977556915
146,4,2,2.4260000000000446,,13518,"[954, 270]",False,,True,0.0,False,weak,False,[],,[],,0.48856206187018403,0.38416653766738695
147,4,2,2.4420000000000073,,13518,"[954, 270]",False,,True,0.0,False,weak,False,[],,[],,0.48856206187018403,0.38416653766738695
148,4,2,2.45900000000006,,13518,"[954, 270]",False,,True,0.0,False,weak,False,[],,[],,0.4890761827328081,0.39076813217383055
149,4,2,2.475999999999999,,13518,"[954, 270]",False,,True,0.0,False,weak,False,[],,[],,0.4890761827328081,0.39076813217383055
150,4,2,2.493000000000052,,13518,"[954, 270]",False,,True,0.0,False,weak,False,[],,[],,0.4903531617330213,0.39546761716048173
151,4,2,2.5100000000001046,,13518,"[954, 270]",False,,True,0.0,False,weak,False,[],,[],,0.49093350962190163,0.3964707713908897
152,4,2,2.5270000000000437,,13518,"[954, 270]",False,,True,0.0,False,weak,False,[],,[],,0.492022074532598,0.3957594518051407
153,4,2,2.5430000000000064,,13518,"[954, 270]",False,,True,0.0,False,weak,False,[],,[],,0.492022074532598,0.3957594518051407
154,4,2,2.560000000000059,,13518,"[954, 270]",False,,True,0.0,False,weak,False,[],,[],,0.4905839120482936,0.39189531782258724
155,4,2,2.576999999999998,,13518,"[954, 270]",False,,True,0.0,False,weak,False,[],,[],,0.48989166233298953,0.39065735245873523
156,4,2,2.594000000000051,,13518,"[954, 270]",False,,True,0.0,False,weak,False,[],,[],,0.4874531495064621,0.38688796163703476
157,4,2,2.6100000000000136,,13518,"[954, 270]",False,,True,0.0,False,weak,False,[],,[],,0.48686776381227925,0.3859602097616358
158,4,2,2.62600000000009,,13518,"[954, 270]",False,,True,0.0,False,weak,False,"[[1254, 810]]",,[],,0.48502022318211047,0.38449721996418607
159,4,2,2.643000000000029,,13518,"[954, 270]",False,,True,0.0,False,weak,False,"[[1254, 804]]",,[],,0.48502022318211047,0.38449721996418607
160,4,2,2.660000000000082,,13518,"[954, 270]",False,,True,0.0,False,weak,False,"[[1254, 798]]",,[],,0.48534433448945496,0.38707356936688986
161,4,2,2.6760000000000446,,13518,"[954, 270]",False,,True,0.0,False,weak,False,"[[1254, 792]]",,[],,0.48536721700312385,0.3871231146971158
162,4,2,2.6920000000000073,,13518,"[954, 270]",False,,True,0.0,False,weak,False,"[[1254, 786]]",,[],,0.48478474889982454,0.3667428279474182
163,4,2,2.70900000000006,,13518,"[954, 270]",False,,True,0.0,False,weak,False,"[[1254, 780]]",,[],,0.48478474889982454,0.3667428279474182
164,4,2,2.725999999999999,,13518,"[954, 270]",False,,True,0.0,False,weak,False,"[[1254, 774]]",,[],,0.48377883205018346,0.3613824003744118
165,4,2,2.7420000000000755,,13518,"[954, 270]",False,,True,0.0,False,weak,False,"[[1254, 768]]",,[],,0.48377883205018346,0.3613824003744118
166,4,2,2.7590000000000146,,13518,"[954, 270]",False,,True,0.0,False,weak,False,"[[1254, 762]]",,[],,0.48335976482001425,0.35903513989773217
167,4,2,2.775000000000091,,13518,"[954, 270]",False,,True,0.0,False,weak,False,"[[1254, 756]]",,[],,0.48335976482001425,0.35903513989773217
168,4,2,2.7910000000000537,,13518,"[954, 270]",False,,True,0.0,False,weak,False,"[[1254, 750]]",,[],,0.48351330893919353,0.3607950571641544
169,4,2,2.8080000000001064,,13518,"[954, 270]",False,,True,0.0,False,weak,False,"[[1254, 744]]",,[],,0.48351330893919353,0.3607950571641544
170,4,2,2.824000000000069,,13518,"[954, 270]",False,,True,0.0,False,weak,False,"[[1254, 738]]",,[],,0.4852824152454442,0.3601185718634895
171,4,2,2.840000000000032,,13518,"[954, 270]",False,,True,0.0,False,weak,False,"[[1254, 732]]",,[],,0.4852824152454442,0.3601185718634895
172,4,2,2.8560000000001082,,13518,"[954, 270]",False,,True,0.0,False,weak,False,"[[1254, 726]]",,[],,0.48582926918281444,0.35267408239234854
173,4,2,2.8730000000000473,,13518,"[954, 270]",False,,True,0.0,False,weak,False,"[[1254, 720]]",,[],,0.48582926918281444,0.35267408239234854
174,4,2,2.8900000000001,,13518,"[954, 270]",False,,True,0.0,False,weak,False,"[[1254, 714]]",,[],,0.4850819370301041,0.34688840286423384
175,4,2,2.907000000000039,,13518,"[954, 270]",False,,True,0.0,False,weak,False,"[[1254, 708]]",,[],,0.4850819370301041,0.34688840286423384
176,4,2,2.924000000000092,,13518,"[954, 270]",False,,True,0.0,False,weak,False,"[[1254, 702], [1056, 810]]",,[],,0.48588073620573935,0.346546594474057
177,4,2,2.941000000000031,,13518,"[954, 270]",False,,True,0.0,False,weak,False,"[[1254, 696], [1056, 804]]",,[],,0.4859860057491222,0.3467474948736754
178,4,2,2.9580000000000837,,13518,"[954, 270]",False,,True,0.0,False,weak,False,"[[1254, 690], [1056, 798]]",,[],,0.4857537964320839,0.3486314296540125
179,4,2,2.9740000000000464,,13518,"[954, 270]",False,,True,0.0,False,weak,False,"[[1254, 684], [1056, 792]]",,[],,0.4857537964320839,0.3486314296540125
180,4,2,2.991000000000099,,13518,"[954, 270]",False,,True,0.0,False,weak,False,"[[1254, 678], [1056, 786]]",,[],,0.48534547830572106,0.35393433457016965
181,4,2,3.0090000000000146,,13518,"[954, 270]",False,,True,0.0,False,weak,False,"[[1254, 672], [1056, 780]]",,[],,0.48534547830572106,0.35393433457016965
182,4,2,3.0260000000000673,,13518,"[954, 270]",False,Right,True,0.0,False,weak,False,"[[1254, 666], [1056, 774]]",,[],,0.4859314686013949,0.3583901908870253
183,4,2,3.0430000000000064,,13518,"[954, 270]",False,Right,True,0.0,False,weak,False,"[[1248, 660], [1050, 768]]",,[],,0.4859314686013949,0.3583901908870253
184,4,2,3.0590000000000828,,13518,"[954, 270]",False,Right,True,0.0,False,weak,False,"[[1242, 654], [1044, 762]]",,[],,0.48635211721678484,0.36227795576952526
185,4,2,3.076000000000022,,13518,"[954, 270]",False,Right,True,0.0,False,weak,False,"[[1236, 648], [1038, 756], [1020, 810]]",,[],,0.48635211721678484,0.36227795576952526
186,4,2,3.0930000000000746,,13518,"[954, 270]",False,Right,True,0.0,False,weak,False,"[[1230, 642], [1032, 750], [1014, 804]]",,[],,0.4874038951122805,0.36788504728733495
187,4,2,3.1090000000000373,,13518,"[954, 270]",False,Right,True,0.0,False,weak,False,"[[1224, 636], [1026, 744], [1008, 798]]",,[],,0.4874038951122805,0.36788504728733495
188,4,2,3.125,,13518,"[954, 270]",False,Right,True,0.0,False,weak,False,"[[1218, 630], [1020, 738], [1002, 792]]",,[],,0.48791310673743,0.37036170777205457
189,4,2,3.1420000000000528,,13518,"[954, 270]",False,Right,True,0.0,False,weak,False,"[[1212, 624], [1014, 732], [996, 786]]",,[],,0.48791310673743,0.37036170777205457
190,4,2,3.1580000000000155,,13518,"[954, 270]",False,Right,True,0.0,False,weak,False,"[[1206, 618], [1008, 726], [990, 780]]",,[],,0.48957491082734367,0.37864498452717266
191,4,2,3.175000000000068,,13518,"[954, 270]",False,Right,True,0.0,False,weak,False,"[[1200, 612], [1002, 720], [984, 774]]",,[],,0.48957491082734367,0.37864498452717266
192,4,2,3.191000000000031,,13518,"[954, 270]",False,Right,True,0.0,False,weak,False,"[[1194, 606], [996, 714], [978, 768]]",,[],,0.48930507268828577,0.3863848434056074
193,4,2,3.2080000000000837,,13518,"[954, 270]",False,Right,True,0.0,False,weak,False,"[[1188, 600], [990, 708], [972, 762]]",,[],,0.48930507268828577,0.3863848434056074
194,4,2,3.2250000000000227,,13518,"[954, 270]",False,Right,True,0.0,False,weak,False,"[[1182, 594], [984, 702], [966, 756]]",,[],,0.4880040730142327,0.38668484311098184
195,4,2,3.2420000000000755,,13518,"[954, 270]",False,,True,0.0,False,weak,False,"[[1176, 588], [978, 696], [960, 750]]",,[],,0.4880040730142327,0.38668484311098184
196,4,2,3.257000000000062,,13518,"[954, 270]",False,,True,0.0,False,weak,False,"[[1176, 582], [978, 690], [960, 744]]",,[],,0.485999781292739,0.38090187621664773
197,4,2,3.2730000000000246,,13518,"[954, 270]",False,,True,0.0,False,weak,False,"[[1176, 576], [978, 684], [960, 738], [762, 810]]",,[],,0.48583983590033786,0.3796068501116293
198,4,2,3.2900000000000773,,13518,"[954, 270]",False,,True,0.0,False,weak,False,"[[1176, 570], [978, 678], [960, 732], [762, 804]]",,[],,0.4860372313750857,0.37600589115587535
199,4,2,3.30600000000004,,13518,"[954, 270]",False,,True,0.0,False,weak,False,"[[1176, 564], [978, 672], [960, 726], [762, 798]]",,[],,0.4860372313750857,0.37600589115587535
200,4,2,3.3220000000000027,,13518,"[954, 270]",False,,True,0.0,False,weak,False,"[[1176, 558], [978, 666], [960, 720], [762, 792]]",,[],,0.48628830092390574,0.37508588408288646
201,4,2,3.3390000000000555,,13518,"[954, 270]",False,,True,0.0,False,weak,False,"[[1176, 552], [978, 660], [960, 714], [762, 786]]",,[],,0.48628830092390574,0.37508588408288646
202,4,2,3.3560000000001082,,13518,"[954, 270]",False,,True,0.0,False,weak,False,"[[1176, 546], [978, 654], [960, 708], [762, 780]]",,[],,0.4874705063812887,0.37587044703390793
203,4,2,3.372000000000071,,13518,"[954, 270]",False,,True,0.0,False,weak,False,"[[1176, 540], [978, 648], [960, 702], [762, 774]]",,[],,0.4874705063812887,0.37587044703390793
204,4,2,3.3880000000000337,,13518,"[954, 270]",False,,True,0.0,False,weak,False,"[[1176, 534], [978, 642], [960, 696], [762, 768]]",,[],,0.4804750033599503,0.33448248437889494
205,4,2,3.40400000000011,,13518,"[954, 270]",False,,True,0.0,False,weak,False,"[[1176, 528], [978, 636], [960, 690], [762, 762]]",,[],,0.48032116278732084,0.31343231963904683
206,4,2,3.4200000000000728,,13518,"[954, 270]",False,,True,0.0,False,weak,False,"[[1176, 522], [978, 630], [960, 684], [762, 756]]",,[],,0.47922092631156665,0.30423279570502026
207,4,2,3.437000000000012,,13518,"[954, 270]",False,,True,0.0,False,weak,False,"[[1176, 516], [978, 624], [960, 678], [762, 750]]",,[],,0.47857332129719554,0.30137433635289346
208,4,2,3.453000000000088,,13518,"[954, 270]",False,,True,0.0,False,weak,False,"[[1176, 510], [978, 618], [960, 672], [762, 744]]",,[],,0.4761517087082379,0.3014035940597253
209,4,2,3.469000000000051,,13518,"[954, 270]",False,,True,0.0,False,weak,False,"[[1176, 504], [978, 612], [960, 666], [762, 738]]",,[],,0.4745520885202422,0.3040098384436516
210,4,2,3.4860000000001037,,13518,"[954, 270]",False,,True,0.0,False,weak,False,"[[1176, 498], [978, 606], [960, 660], [762, 732]]",,[],,0.4742091799148853,0.3106762023756112
211,4,2,3.5030000000000427,,13518,"[954, 270]",False,,True,0.0,False,weak,False,"[[1176, 492], [978, 600], [960, 654], [762, 726]]",,[],,0.4742091799148853,0.3106762023756112
212,4,2,3.5190000000000055,,13518,"[954, 270]",False,,True,0.0,False,weak,False,"[[1176, 486], [978, 594], [960, 648], [762, 720]]",,[],,0.47335827624807275,0.31657835000625845
213,4,2,3.535000000000082,,13518,"[954, 270]",False,,True,0.0,False,weak,False,"[[1176, 480], [978, 588], [960, 642], [762, 714]]",,[],,0.47450832078945815,0.3245948897224634
214,4,2,3.552000000000021,,13518,"[954, 270]",False,Left,True,0.0,False,weak,False,"[[1176, 474], [978, 582], [960, 636], [762, 708]]",,[],,0.4754758473377361,0.32544264372540144
215,4,2,3.5690000000000737,,13518,"[954, 270]",False,Left,True,0.0,False,weak,False,"[[1182, 468], [984, 576], [966, 630], [768, 702]]",,[],,0.47606081738737877,0.3267246974061814
216,4,2,3.5860000000000127,,13518,"[954, 270]",False,Left,True,0.0,False,weak,False,"[[1188, 462], [990, 570], [972, 624], [774, 696]]",,[],,0.47803711243218583,0.3284804172059047
217,4,2,3.6030000000000655,,13518,"[954, 270]",False,Left,True,0.0,False,weak,False,"[[1194, 456], [996, 564], [978, 618], [780, 690]]",,[],,0.4785299486335434,0.3280930207534516
218,4,2,3.618000000000052,,13518,"[954, 270]",False,Left,True,0.0,False,weak,False,"[[1200, 450], [1002, 558], [984, 612], [786, 684], [930, 810]]",,[],,0.4790307403612827,0.328391482239793
219,4,2,3.6350000000001046,,13518,"[954, 270]",False,Left,True,0.0,False,weak,False,"[[1206, 444], [1008, 552], [990, 606], [792, 678], [936, 804]]",,[],,0.4791394572234179,0.330737733262503
220,4,2,3.6520000000000437,,13518,"[954, 270]",False,Left,True,0.0,False,weak,False,"[[1212, 438], [1014, 546], [996, 600], [798, 672], [942, 798]]",,[],,0.4790075470775631,0.3331804545552035
221,4,2,3.6680000000000064,,13518,"[954, 270]",False,Left,True,0.0,False,weak,False,"[[1218, 432], [1020, 540], [1002, 594], [804, 666], [948, 792]]",,[],,0.4790379815902345,0.33320893154760767
222,4,2,3.6860000000000355,,13518,"[954, 270]",False,,True,0.0,False,weak,False,"[[1224, 426], [1026, 534], [1008, 588], [810, 660], [954, 786]]",,[],,0.4787054231166799,0.33443262171264587
223,4,2,3.701999999999998,,13518,"[954, 270]",False,,True,0.0,False,weak,False,"[[1224, 420], [1026, 528], [1008, 582], [810, 654], [954, 780]]",,[],,0.479098262673491,0.33780539884671634
224,4,2,3.719000000000051,,13518,"[954, 270]",False,,True,0.0,False,weak,False,"[[1224, 414], [1026, 522], [1008, 576], [810, 648], [954, 774]]",,[],,0.47886331101870017,0.33905151503121833
225,4,2,3.73700000000008,,13518,"[954, 270]",False,,True,0.0,False,weak,False,"[[1224, 408], [1026, 516], [1008, 570], [810, 642], [954, 768]]",,[],,0.47874120237799883,0.3388584938312108
226,4,2,3.754000000000019,,13518,"[954, 270]",False,,True,0.0,False,weak,False,"[[1224, 402], [1026, 510], [1008, 564], [810, 636], [954, 762]]",,[],,0.4798874362851896,0.34167579543536075
227,4,2,3.771000000000072,,13518,"[954, 270]",False,,True,0.0,False,weak,False,"[[1224, 396], [1026, 504], [1008, 558], [810, 630], [954, 756], [936, 810]]",,[],,0.4798874362851896,0.34167579543536075
228,4,2,3.789000000000101,,13518,"[954, 270]",False,,True,0.0,False,weak,False,"[[1224, 390], [1026, 498], [1008, 552], [810, 624], [954, 750], [936, 804]]",,[],,0.4801495667518759,0.34333997355842727
229,4,2,3.8050000000000637,,13518,"[954, 270]",False,Right,True,0.0,False,weak,False,"[[1224, 384], [1026, 492], [1008, 546], [810, 618], [954, 744], [936, 798]]",,[],,0.47976490692639545,0.3468526638843561
230,4,2,3.8220000000000027,,13518,"[954, 270]",False,Right,True,0.0,False,weak,False,"[[1218, 378], [1020, 486], [1002, 540], [804, 612], [948, 738], [930, 792]]",,[],,0.4807895026793788,0.3514556634064091
231,4,2,3.838000000000079,,13518,"[954, 270]",False,Right,True,0.0,False,weak,False,"[[1212, 372], [1014, 480], [996, 534], [798, 606], [942, 732], [924, 786]]",,[],,0.48113490594603786,0.351582244780146
232,4,2,3.854000000000042,,13518,"[954, 270]",False,Right,True,0.0,False,weak,False,"[[1206, 366], [1008, 474], [990, 528], [792, 600], [936, 726], [918, 780]]",,[],,0.4808971575185548,0.3528845451159329
233,4,2,3.8700000000000045,,13518,"[954, 270]",False,Right,True,0.0,False,weak,False,"[[1200, 360], [1002, 468], [984, 522], [786, 594], [930, 720], [912, 774]]",,[],,0.4810965746983723,0.35252081892167697
234,4,2,3.8870000000000573,,13518,"[954, 270]",False,Right,True,0.0,False,weak,False,"[[1194, 354], [996, 462], [978, 516], [780, 588], [924, 714], [906, 768]]",,[],,0.48064267073628136,0.35319194574646573
235,4,2,3.90400000000011,,13518,"[954, 270]",False,Right,True,0.0,False,weak,False,"[[1188, 348], [990, 456], [972, 510], [774, 582], [918, 708], [900, 762]]",,[],,0.48059091095519424,0.35181399179724193
236,4,2,3.921000000000049,,13518,"[954, 270]",False,Right,True,0.0,False,weak,False,"[[1182, 342], [984, 450], [966, 504], [768, 576], [912, 702], [894, 756]]",,[],,0.48048164482718836,0.35036303490131915
237,4,2,3.938000000000102,,13518,"[954, 270]",False,Right,True,0.0,False,weak,False,"[[1176, 336], [978, 444], [960, 498], [762, 570], [906, 696], [888, 750]]",,[],,0.48048164482718836,0.35036303490131915
238,4,2,3.9540000000000646,,13518,"[954, 270]",False,Right,True,0.0,False,weak,False,"[[1170, 330], [972, 438], [954, 492], [756, 564], [900, 690], [882, 744]]",,[],,0.48074170183024084,0.3488102183555556
239,4,2,3.9710000000000036,,13518,"[954, 270]",False,Right,True,0.0,False,weak,False,"[[1164, 324], [966, 432], [948, 486], [750, 558], [894, 684], [876, 738], [858, 810], [1200, 810]]",,[],,0.4804367348202826,0.3472855410026353
240,4,2,3.98700000000008,,13518,"[954, 270]",False,Right,True,0.0,False,weak,False,"[[1158, 318], [960, 426], [942, 480], [744, 552], [888, 678], [870, 732], [852, 804], [1194, 804]]",,[],,0.4797148847852518,0.3462184402400782
241,4,2,4.003000000000043,,13518,"[954, 270]",False,Right,True,0.0,False,weak,False,"[[1152, 312], [954, 420], [936, 474], [738, 546], [882, 672], [864, 726], [846, 798], [1188, 798]]",,[],,0.4797540602731153,0.34221778401907654
242,4,2,4.0190000000000055,,13518,"[954, 270]",False,Right,True,0.0,False,weak,False,"[[1146, 306], [948, 414], [930, 468], [732, 540], [876, 666], [858, 720], [840, 792], [1182, 792], [678, 810]]",,[],,0.4872402378530644,0.33791020857790044
243,4,2,4.036000000000058,,13518,"[954, 270]",False,Right,True,0.0,False,weak,False,"[[1140, 300], [942, 408], [924, 462], [726, 534], [870, 660], [852, 714], [834, 786], [1176, 786], [672, 804]]",,[],,0.4850911968255197,0.33857322523363065
244,4,2,4.052999999999997,,13518,"[954, 270]",False,Right,True,0.0,False,weak,False,"[[1134, 294], [936, 402], [918, 456], [720, 528], [864, 654], [846, 708], [828, 780], [1170, 780], [666, 798]]",,[],,0.48509604848626847,0.33873776977269987
245,4,2,4.07000000000005,,13518,"[954, 270]",False,Right,True,0.0,False,weak,False,"[[1128, 288], [930, 396], [912, 450], [714, 522], [858, 648], [840, 702], [822, 774], [1164, 774], [660, 792], [804, 810]]",,[],,0.4845431224133594,0.3447368985788768
246,4,2,4.086000000000013,,13518,"[954, 270]",False,Right,True,0.0,False,weak,False,"[[1122, 282], [924, 390], [906, 444], [708, 516], [852, 642], [834, 696], [816, 768], [1158, 768], [654, 786], [798, 804]]",,[],,0.4842305376914135,0.34534965256934713
247,4,2,4.1030000000000655,,13518,"[954, 270]",False,Right,True,0.0,False,weak,False,"[[1116, 276], [918, 384], [900, 438], [702, 510], [846, 636], [828, 690], [810, 762], [1152, 762], [648, 780], [792, 798]]",,[],,0.4843948594116082,0.3465957294580493
248,4,2,4.1200000000000045,,13518,"[954, 270]",False,Right,True,0.0,False,weak,False,"[[1110, 270], [912, 378], [894, 432], [696, 504], [840, 630], [822, 684], [804, 756], [1146, 756], [642, 774], [786, 792]]",,[],,0.4845180962378256,0.34709605449881
249,4,2,4.136000000000081,,13518,"[954, 270]",False,Right,True,0.0,False,weak,False,"[[1104, 264], [906, 372], [888, 426], [690, 498], [834, 624], [816, 678], [798, 750], [1140, 750], [636, 768], [780, 786]]",,[],,0.4836899600729219,0.34857585761061827
250,4,2,4.15300000000002,,13518,"[954, 270]",False,Right,True,0.0,False,weak,False,"[[1098, 258], [900, 366], [882, 420], [684, 492], [828, 618], [810, 672], [792, 744], [1134, 744], [630, 762], [774, 780]]",,[],,0.48330263335432455,0.3479292988355709
251,4,2,4.169000000000096,,13518,"[954, 270]",False,Right,True,0.0,False,weak,False,"[[1092, 252], [894, 360], [876, 414], [678, 486], [822, 612], [804, 666], [786, 738], [1128, 738], [624, 756], [768, 774]]",,[],,0.4821315146592968,0.35027970398817165
252,4,2,4.185000000000059,,13518,"[954, 270]",False,Right,True,0.0,False,weak,False,"[[1086, 246], [888, 354], [870, 408], [672, 480], [816, 606], [798, 660], [780, 732], [1122, 732], [618, 750], [762, 768]]",,[],,0.4818941981965456,0.34995289750530234
253,4,2,4.201000000000022,,13518,"[954, 270]",False,Right,True,0.0,False,weak,False,"[[1080, 240], [882, 348], [864, 402], [666, 474], [810, 600], [792, 654], [774, 726], [1116, 726], [612, 744], [756, 762]]",,[],,0.48174056221664696,0.3520819260948119
254,4,2,4.217000000000098,,13518,"[954, 270]",False,Right,True,0.0,False,weak,False,"[[1074, 234], [876, 342], [858, 396], [660, 468], [804, 594], [786, 648], [768, 720], [1110, 720], [606, 738], [750, 756]]",,[],,0.48174056221664696,0.3520819260948119
255,4,2,4.233000000000061,,13518,"[954, 270]",False,Right,True,0.0,False,weak,False,"[[1068, 228], [870, 336], [852, 390], [654, 462], [798, 588], [780, 642], [762, 714], [1104, 714], [600, 732], [744, 750]]",,[],,0.48130460562029687,0.354475820263889
256,4,2,4.25,,13518,"[954, 270]",False,Right,True,0.0,False,weak,False,"[[1062, 222], [864, 330], [846, 384], [648, 456], [792, 582], [774, 636], [756, 708], [1098, 708], [594, 726], [738, 744]]",,[],,0.48130460562029687,0.354475820263889
257,4,2,4.267000000000053,,13518,"[954, 270]",False,Right,True,0.0,False,weak,False,"[[1056, 216], [858, 324], [840, 378], [642, 450], [786, 576], [768, 630], [750, 702], [1092, 702], [588, 720], [732, 738]]",,[],,0.4817010307587255,0.35682664033543965
258,4,2,4.2840000000001055,,13518,"[954, 270]",False,Right,True,0.0,False,weak,False,"[[1050, 210], [852, 318], [834, 372], [636, 444], [780, 570], [762, 624], [744, 696], [1086, 696], [582, 714], [726, 732]]",,[],,0.481591449916969,0.3566198987581315
259,4,2,4.301000000000045,,13518,"[954, 270]",False,Right,True,0.0,False,weak,False,"[[1044, 204], [846, 312], [828, 366], [630, 438], [774, 564], [756, 618], [738, 690], [1080, 690], [576, 708], [720, 726]]",,[],,0.48205187917410147,0.3607915251282867
260,4,2,4.318000000000097,,13518,"[954, 270]",False,Right,True,0.0,False,weak,False,"[[1038, 198], [840, 306], [822, 360], [624, 432], [768, 558], [750, 612], [732, 684], [1074, 684], [570, 702], [714, 720]]",,[],,0.48205187917410147,0.3607915251282867
261,4,2,4.33400000000006,,13518,"[954, 270]",False,Right,True,0.0,False,weak,False,"[[1032, 192], [834, 300], [816, 354], [618, 426], [762, 552], [744, 606], [726, 678], [1068, 678], [564, 696], [708, 714]]",,[],,0.4809540701539071,0.36810156075441103
262,4,2,4.350000000000023,,13518,"[954, 270]",False,Right,True,0.0,False,weak,False,"[[1026, 186], [828, 294], [810, 348], [612, 420], [756, 546], [738, 600], [720, 672], [1062, 672], [558, 690], [702, 708]]",,[],,0.4809540701539071,0.36810156075441103
263,4,2,4.365000000000009,,13518,"[954, 270]",False,Right,True,0.0,False,weak,False,"[[1020, 180], [822, 288], [804, 342], [606, 414], [750, 540], [732, 594], [714, 666], [1056, 666], [552, 684], [696, 702]]",,[],,0.485500369087542,0.3385563821334585
264,4,2,4.382000000000062,,13518,"[954, 270]",False,Right,True,0.0,False,weak,False,"[[1014, 174], [816, 282], [798, 336], [600, 408], [744, 534], [726, 588], [708, 660], [1050, 660], [546, 678], [690, 696]]",,[],,0.485500369087542,0.3385563821334585
265,4,2,4.398000000000025,,13518,"[954, 270]",False,Right,True,0.0,False,weak,False,"[[1008, 168], [810, 276], [792, 330], [594, 402], [738, 528], [720, 582], [702, 654], [1044, 654], [540, 672], [684, 690]]",,[],,0.48408780388361733,0.34038947161138966
266,4,2,4.415000000000077,,13518,"[954, 270]",False,Right,True,0.0,False,weak,False,"[[1002, 162], [804, 270], [786, 324], [588, 396], [732, 522], [714, 576], [696, 648], [1038, 648], [534, 666], [678, 684]]",,[],,0.48408780388361733,0.34038947161138966
267,4,2,4.43100000000004,,13518,"[954, 270]",False,,True,0.0,False,weak,False,"[[996, 156], [798, 264], [780, 318], [582, 390], [726, 516], [708, 570], [690, 642], [1032, 642], [528, 660], [672, 678]]",,[],,0.48339021354597084,0.3405668198973625
268,4,2,4.447000000000003,,13518,"[954, 270]",False,,True,0.0,False,weak,False,"[[996, 150], [798, 258], [780, 312], [582, 384], [726, 510], [708, 564], [690, 636], [1032, 636], [528, 654], [672, 672]]",,"[[1188, 810]]",,0.48339021354597084,0.3405668198973625
269,4,2,4.463000000000079,,13518,"[954, 270]",False,,True,0.0,False,weak,False,"[[996, 144], [798, 252], [780, 306], [582, 378], [726, 504], [708, 558], [690, 630], [1032, 630], [528, 648], [672, 666]]",,"[[1188, 804]]",,0.4815332875753996,0.34632617227006524
270,4,2,4.480000000000018,,13518,"[954, 270]",False,,True,0.0,False,weak,False,"[[996, 138], [798, 246], [780, 300], [582, 372], [726, 498], [708, 552], [690, 624], [1032, 624], [528, 642], [672, 660]]",,"[[1188, 798]]",,0.4815332875753996,0.34632617227006524
271,4,2,4.496000000000095,,13518,"[954, 270]",False,,True,0.0,False,weak,False,"[[996, 132], [798, 240], [780, 294], [582, 366], [726, 492], [708, 546], [690, 618], [1032, 618], [528, 636], [672, 654]]",,"[[1188, 792]]",,0.4808487631306909,0.34803608298625066
272,4,2,4.513000000000034,,13518,"[954, 270]",False,,True,0.0,False,weak,False,"[[996, 126], [798, 234], [780, 288], [582, 360], [726, 486], [708, 540], [690, 612], [1032, 612], [528, 630], [672, 648]]",,"[[1188, 786]]",,0.4808487631306909,0.34803608298625066
273,4,2,4.52900000000011,,13518,"[954, 270]",False,,True,0.0,False,weak,False,"[[996, 120], [798, 228], [780, 282], [582, 354], [726, 480], [708, 534], [690, 606], [1032, 606], [528, 624], [672, 642]]",,"[[1188, 780]]",,0.48173010818136375,0.3473643405378386
274,4,2,4.546000000000049,,13518,"[954, 270]",False,,True,0.0,False,weak,False,"[[996, 114], [798, 222], [780, 276], [582, 348], [726, 474], [708, 528], [690, 600], [1032, 600], [528, 618], [672, 636]]",,"[[1188, 774]]",,0.48173010818136375,0.3473643405378386
275,4,2,4.563000000000102,,13518,"[954, 270]",False,,True,0.0,False,weak,False,"[[996, 108], [798, 216], [780, 270], [582, 342], [726, 468], [708, 522], [690, 594], [1032, 594], [528, 612], [672, 630], [618, 810], [654, 810]]",,"[[1188, 768]]",,0.48384508716255625,0.345108541325716
276,4,2,4.580000000000041,,13518,"[954, 270]",False,,True,0.0,False,weak,False,"[[996, 102], [798, 210], [780, 264], [582, 336], [726, 462], [708, 516], [690, 588], [1032, 588], [528, 606], [672, 624], [618, 804], [654, 804]]",,"[[1188, 762]]",,0.48384508716255625,0.345108541325716
277,4,2,4.596000000000004,,13518,"[954, 270]",False,,True,0.0,False,weak,False,"[[996, 96], [798, 204], [780, 258], [582, 330], [726, 456], [708, 510], [690, 582], [1032, 582], [528, 600], [672, 618], [618, 798], [654, 798]]",,"[[1188, 756]]",,0.48324070965395,0.34387934059948444
278,4,2,4.61200000000008,,13518,"[954, 270]",False,,True,0.0,False,weak,False,"[[996, 90], [798, 198], [780, 252], [582, 324], [726, 450], [708, 504], [690, 576], [1032, 576], [528, 594], [672, 612], [618, 792], [654, 792]]",,"[[1188, 750]]",,0.48346455022517476,0.34302650618498887
279,4,2,4.629000000000019,,13518,"[954, 270]",False,,True,0.0,False,weak,False,"[[996, 84], [798, 192], [780, 246], [582, 318], [726, 444], [708, 498], [690, 570], [1032, 570], [528, 588], [672, 606], [618, 786], [654, 786]]",,"[[1188, 744]]",,0.48205816394188494,0.3425539936947686
280,4,2,4.6450000000000955,,13518,"[954, 270]",False,,True,0.0,False,weak,False,"[[996, 78], [798, 186], [780, 240], [582, 312], [726, 438], [708, 492], [690, 564], [1032, 564], [528, 582], [672, 600], [618, 780], [654, 780]]",,"[[1188, 738]]",,0.48205816394188494,0.3425539936947686
281,4,2,4.662000000000035,,13518,"[954, 270]",False,,True,0.0,False,weak,False,"[[996, 72], [798, 180], [780, 234], [582, 306], [726, 432], [708, 486], [690, 558], [1032, 558], [528, 576], [672, 594], [618, 774], [654, 774], [618, 810]]",,"[[1188, 732]]",,0.48050786096403836,0.345588859008094
282,4,2,4.677999999999997,,13518,"[954, 270]",False,,True,0.0,False,weak,False,"[[996, 66], [798, 174], [780, 228], [582, 300], [726, 426], [708, 480], [690, 552], [1032, 552], [528, 570], [672, 588], [618, 768], [654, 768], [618, 804]]",,"[[1188, 726]]",,0.48050786096403836,0.345588859008094
283,4,2,4.694000000000074,,13518,"[954, 270]",False,,True,0.0,False,weak,False,"[[996, 60], [798, 168], [780, 222], [582, 294], [726, 420], [708, 474], [690, 546], [1032, 546], [528, 564], [672, 582], [618, 762], [654, 762], [618, 798]]",,"[[1188, 720]]",,0.480650713498523,0.34750577305818
284,4,2,4.710000000000036,,13518,"[954, 270]",False,,True,0.0,False,weak,False,"[[996, 54], [798, 162], [780, 216], [582, 288], [726, 414], [708, 468], [690, 540], [1032, 540], [528, 558], [672, 576], [618, 756], [654, 756], [618, 792]]",,"[[1188, 714]]",,0.480650713498523,0.34750577305818
285,4,2,4.727000000000089,,13518,"[954, 270]",False,,True,0.0,False,weak,False,"[[996, 48], [798, 156], [780, 210], [582, 282], [726, 408], [708, 462], [690, 534], [1032, 534], [528, 552], [672, 570], [618, 750], [654, 750], [618, 786]]",,"[[1188, 708]]",,0.4803115008061652,0.35241149098605273
286,4,2,4.743000000000052,,13518,"[954, 270]",False,Right,True,0.0,False,weak,False,"[[996, 42], [798, 150], [780, 204], [582, 276], [726, 402], [708, 456], [690, 528], [1032, 528], [528, 546], [672, 564], [618, 744], [654, 744], [618, 780]]",,"[[1182, 702]]",,0.4803115008061652,0.35241149098605273
287,4,2,4.760000000000105,,13518,"[954, 270]",False,Right,True,0.0,False,weak,False,"[[990, 36], [792, 144], [774, 198], [576, 270], [720, 396], [702, 450], [684, 522], [1026, 522], [522, 540], [666, 558], [612, 738], [648, 738], [612, 774]]",,"[[1176, 696]]",,0.48087814750697466,0.3544682058097688
288,4,2,4.776000000000067,,13518,"[954, 270]",False,Right,True,0.0,False,weak,False,"[[984, 30], [786, 138], [768, 192], [570, 264], [714, 390], [696, 444], [678, 516], [1020, 516], [516, 534], [660, 552], [606, 732], [642, 732], [606, 768]]",,"[[1170, 690]]",,0.48043203916156296,0.35602461067763047
289,4,2,4.793000000000006,,13518,"[954, 270]",False,Right,True,0.0,False,weak,False,"[[978, 24], [780, 132], [762, 186], [564, 258], [708, 384], [690, 438], [672, 510], [1014, 510], [510, 528], [654, 546], [600, 726], [636, 726], [600, 762]]",,"[[1164, 684]]",,0.48011635207768244,0.35783808730159583
290,4,2,4.810000000000059,,13518,"[954, 270]",False,,True,0.0,False,weak,False,"[[972, 18], [774, 126], [756, 180], [558, 252], [702, 378], [684, 432], [666, 504], [1008, 504], [504, 522], [648, 540], [594, 720], [630, 720], [594, 756], [774, 810]]",,"[[1164, 678]]",,0.4804836292649387,0.3580531241383622
291,4,2,4.826000000000022,,13518,"[954, 270]",False,,True,0.0,False,weak,False,"[[972, 12], [774, 120], [756, 174], [558, 246], [702, 372], [684, 426], [666, 498], [1008, 498], [504, 516], [648, 534], [594, 714], [630, 714], [594, 750], [774, 804]]",,"[[1164, 672]]",,0.47950656714117146,0.35795472579613574
292,4,2,4.842000000000098,,13518,"[954, 270]",False,,True,0.0,False,weak,False,"[[972, 6], [774, 114], [756, 168], [558, 240], [702, 366], [684, 420], [666, 492], [1008, 492], [504, 510], [648, 528], [594, 708], [630, 708], [594, 744], [774, 798]]",,"[[1164, 666]]",,0.47959541565507247,0.3571535365679708
293,4,2,4.858000000000061,,13518,"[954, 270]",False,,True,0.0,False,weak,False,"[[972, 0], [774, 108], [756, 162], [558, 234], [702, 360], [684, 414], [666, 486], [1008, 486], [504, 504], [648, 522], [594, 702], [630, 702], [594, 738], [774, 792]]",,"[[1164, 660]]",,0.479530377255994,0.3578652752108836
294,4,2,4.875,,13518,"[954, 270]",False,,True,0.0,False,weak,False,"[[774, 102], [756, 156], [558, 228], [702, 354], [684, 408], [666, 480], [1008, 480], [504, 498], [648, 516], [594, 696], [630, 696], [594, 732], [774, 786]]",,"[[1164, 654]]",,0.47946241400551476,0.35932579740478254
295,4,2,4.891000000000076,,13518,"[954, 270]",False,,True,0.0,False,weak,False,"[[774, 96], [756, 150], [558, 222], [702, 348], [684, 402], [666, 474], [1008, 474], [504, 492], [648, 510], [594, 690], [630, 690], [594, 726], [774, 780]]",,"[[1164, 648]]",,0.48068227390657603,0.3596113382687014
296,4,2,4.9080000000000155,,13518,"[954, 270]",False,,True,0.0,False,weak,False,"[[774, 90], [756, 144], [558, 216], [702, 342], [684, 396], [666, 468], [1008, 468], [504, 486], [648, 504], [594, 684], [630, 684], [594, 720], [774, 774]]",,"[[1164, 642]]",,0.4810551651080977,0.36074757967070026
297,4,2,4.924000000000092,,13518,"[954, 270]",False,,True,0.0,False,weak,False,"[[774, 84], [756, 138], [558, 210], [702, 336], [684, 390], [666, 462], [1008, 462], [504, 480], [648, 498], [594, 678], [630, 678], [594, 714], [774, 768]]",,"[[1164, 636]]",,0.4812625823107199,0.36249046466687895
298,4,2,4.941000000000031,,13518,"[954, 270]",False,,True,0.0,False,weak,False,"[[774, 78], [756, 132], [558, 204], [702, 330], [684, 384], [666, 456], [1008, 456], [504, 474], [648, 492], [594, 672], [630, 672], [594, 708], [774, 762]]",,"[[1164, 630]]",,0.480678292343873,0.3634071419245274
299,4,2,4.958000000000084,,13518,"[954, 270]",False,,True,0.0,False,weak,False,"[[774, 72], [756, 126], [558, 198], [702, 324], [684, 378], [666, 450], [1008, 450], [504, 468], [648, 486], [594, 666], [630, 666], [594, 702], [774, 756]]",,"[[1164, 624]]",,0.48076399197164915,0.3665563437825331
300,4,2,4.975000000000023,,13518,"[954, 270]",False,,True,0.0,False,weak,False,"[[774, 66], [756, 120], [558, 192], [702, 318], [684, 372], [666, 444], [1008, 444], [504, 462], [648, 480], [594, 660], [630, 660], [594, 696], [774, 750]]",,"[[1164, 618]]",,0.47988022275223485,0.3677403654967051
301,4,2,4.9920000000000755,,13518,"[954, 270]",False,,True,0.0,False,weak,False,"[[774, 60], [756, 114], [558, 186], [702, 312], [684, 366], [666, 438], [1008, 438], [504, 456], [648, 474], [594, 654], [630, 654], [594, 690], [774, 744]]",,"[[1164, 612]]",,0.48006458929862267,0.37067305435191844
302,4,2,5.0090000000000146,,13518,"[954, 270]",False,,True,0.0,False,weak,False,"[[774, 54], [756, 108], [558, 180], [702, 306], [684, 360], [666, 432], [1008, 432], [504, 450], [648, 468], [594, 648], [630, 648], [594, 684], [774, 738]]",,"[[1164, 606]]",,0.48044114005924526,0.3716161000898385
303,4,2,5.025000000000091,,13518,"[954, 270]",False,,True,0.0,False,weak,False,"[[774, 48], [756, 102], [558, 174], [702, 300], [684, 354], [666, 426], [1008, 426], [504, 444], [648, 462], [594, 642], [630, 642], [594, 678], [774, 732]]",,"[[1164, 600]]",,0.4809836262370644,0.37235214765418445
304,4,2,5.041000000000054,,13518,"[954, 270]",False,,True,0.0,False,weak,False,"[[774, 42], [756, 96], [558, 168], [702, 294], [684, 348], [666, 420], [1008, 420], [504, 438], [648, 456], [594, 636], [630, 636], [594, 672], [774, 726]]",,"[[1164, 594]]",,0.4801306451471504,0.37358723356257384
305,4,2,5.057000000000016,,13518,"[954, 270]",False,,True,0.0,False,weak,False,"[[774, 36], [756, 90], [558, 162], [702, 288], [684, 342], [666, 414], [1008, 414], [504, 432], [648, 450], [594, 630], [630, 630], [594, 666], [774, 720]]",,"[[1164, 588]]",,0.48000434227926625,0.3730784238235273
306,4,2,5.073000000000093,,13518,"[954, 270]",False,,True,0.0,False,weak,False,"[[774, 30], [756, 84], [558, 156], [702, 282], [684, 336], [666, 408], [1008, 408], [504, 426], [648, 444], [594, 624], [630, 624], [594, 660], [774, 714]]",,"[[1164, 582]]",,0.47924868680362415,0.3734226821605878
307,4,2,5.090000000000032,,13518,"[954, 270]",False,,True,0.0,False,weak,False,"[[774, 24], [756, 78], [558, 150], [702, 276], [684, 330], [666, 402], [1008, 402], [504, 420], [648, 438], [594, 618], [630, 618], [594, 654], [774, 708]]",,"[[1164, 576]]",,0.4787961317570284,0.373918974415273
308,4,2,5.106000000000108,,13518,"[954, 270]",False,,True,0.0,False,weak,False,"[[774, 18], [756, 72], [558, 144], [702, 270], [684, 324], [666, 396], [1008, 396], [504, 414], [648, 432], [594, 612], [630, 612], [594, 648], [774, 702], [576, 810]]",,"[[1164, 570]]",,0.4773811372611364,0.3700744389728905
309,4,2,5.122000000000071,,13518,"[954, 270]",False,,True,0.0,False,weak,False,"[[774, 12], [756, 66], [558, 138], [702, 264], [684, 318], [666, 390], [1008, 390], [504, 408], [648, 426], [594, 606], [630, 606], [594, 642], [774, 696], [576, 804]]",,"[[1164, 564]]",,0.4773811372611364,0.3700744389728905
310,4,2,5.13900000000001,,13518,"[954, 270]",False,,True,0.0,False,weak,False,"[[774, 6], [756, 60], [558, 132], [702, 258], [684, 312], [666, 384], [1008, 384], [504, 402], [648, 420], [594, 600], [630, 600], [594, 636], [774, 690], [576, 798]]",,"[[1164, 558]]",,0.4789581459517083,0.35033288863902323
311,4,2,5.156000000000063,,13518,"[954, 270]",False,,True,0.0,False,weak,False,"[[774, 0], [756, 54], [558, 126], [702, 252], [684, 306], [666, 378], [1008, 378], [504, 396], [648, 414], [594, 594], [630, 594], [594, 630], [774, 684], [576, 792]]",,"[[1164, 552]]",,0.4789581459517083,0.35033288863902323
312,4,2,5.1720000000000255,,13518,"[954, 270]",False,,True,0.0,False,weak,False,"[[756, 48], [558, 120], [702, 246], [684, 300], [666, 372], [1008, 372], [504, 390], [648, 408], [594, 588], [630, 588], [594, 624], [774, 678], [576, 786]]",,"[[1164, 546]]",,0.47961097537778963,0.3486858693666761
313,4,2,5.189000000000078,,13518,"[954, 270]",False,,True,0.0,False,weak,False,"[[756, 42], [558, 114], [702, 240], [684, 294], [666, 366], [1008, 366], [504, 384], [648, 402], [594, 582], [630, 582], [594, 618], [774, 672], [576, 780]]",,"[[1164, 540]]",,0.47961097537778963,0.3486858693666761
314,4,2,5.207000000000107,,13518,"[954, 270]",False,Right,True,0.0,False,weak,False,"[[756, 36], [558, 108], [702, 234], [684, 288], [666, 360], [1008, 360], [504, 378], [648, 396], [594, 576], [630, 576], [594, 612], [774, 666], [576, 774]]",,"[[1158, 534]]",,0.48026261331598424,0.34822165764614776
315,4,2,5.222000000000094,,13518,"[954, 270]",False,Right,True,0.0,False,weak,False,"[[750, 30], [552, 102], [696, 228], [678, 282], [660, 354], [1002, 354], [498, 372], [642, 390], [588, 570], [624, 570], [588, 606], [768, 660], [570, 768]]",,"[[1152, 528]]",,0.48026261331598424,0.34822165764614776
316,4,2,5.238000000000056,,13518,"[954, 270]",False,Right,True,0.0,False,weak,False,"[[744, 24], [546, 96], [690, 222], [672, 276], [654, 348], [996, 348], [492, 366], [636, 384], [582, 564], [618, 564], [582, 600], [762, 654], [564, 762]]",,"[[1146, 522]]",,0.4796855040729695,0.3503228372815008
317,4,2,5.2560000000000855,,13518,"[954, 270]",False,,True,0.0,False,weak,False,"[[738, 18], [540, 90], [684, 216], [666, 270], [648, 342], [990, 342], [486, 360], [630, 378], [576, 558], [612, 558], [576, 594], [756, 648], [558, 756]]",,"[[1146, 516]]",,0.4796855040729695,0.3503228372815008
318,4,2,5.273000000000025,,13518,"[954, 270]",False,,True,0.0,False,weak,False,"[[738, 12], [540, 84], [684, 210], [666, 264], [648, 336], [990, 336], [486, 354], [630, 372], [576, 552], [612, 552], [576, 588], [756, 642], [558, 750]]",,"[[1146, 510]]",,0.4800465424717487,0.35338394951768426
319,4,2,5.288000000000011,,13518,"[954, 270]",False,,True,0.0,False,weak,False,"[[738, 6], [540, 78], [684, 204], [666, 258], [648, 330], [990, 330], [486, 348], [630, 366], [576, 546], [612, 546], [576, 582], [756, 636], [558, 744]]",,"[[1146, 504]]",,0.4800465424717487,0.35338394951768426
320,4,2,5.305000000000064,,13518,"[954, 270]",False,,True,0.0,False,weak,False,"[[738, 0], [540, 72], [684, 198], [666, 252], [648, 324], [990, 324], [486, 342], [630, 360], [576, 540], [612, 540], [576, 576], [756, 630], [558, 738], [540, 810]]",,"[[1146, 498]]",,0.4783833167719429,0.3528774644702646
321,4,2,5.322000000000003,,13518,"[954, 270]",False,,True,0.0,False,weak,False,"[[540, 66], [684, 192], [666, 246], [648, 318], [990, 318], [486, 336], [630, 354], [576, 534], [612, 534], [576, 570], [756, 624], [558, 732], [540, 804]]",,"[[1146, 492]]",,0.4783833167719429,0.3528774644702646
322,4,2,5.3390000000000555,,13518,"[954, 270]",False,,True,0.0,False,weak,False,"[[540, 60], [684, 186], [666, 240], [648, 312], [990, 312], [486, 330], [630, 348], [576, 528], [612, 528], [576, 564], [756, 618], [558, 726], [540, 798]]",,"[[1146, 486]]",,0.47752850673183467,0.3547415364376353
323,4,2,5.354000000000042,,13518,"[954, 270]",False,,True,0.0,False,weak,False,"[[540, 54], [684, 180], [666, 234], [648, 306], [990, 306], [486, 324], [630, 342], [576, 522], [612, 522], [576, 558], [756, 612], [558, 720], [540, 792]]",,"[[1146, 480]]",,0.47752850673183467,0.3547415364376353
324,4,2,5.371000000000095,,13518,"[954, 270]",False,,True,0.0,False,weak,False,"[[540, 48], [684, 174], [666, 228], [648, 300], [990, 300], [486, 318], [630, 336], [576, 516], [612, 516], [576, 552], [756, 606], [558, 714], [540, 786]]",,"[[1146, 474]]",,0.4781995240324333,0.35355045099037863
325,4,2,5.388000000000034,,13518,"[954, 270]",False,,True,0.0,False,weak,False,"[[540, 42], [684, 168], [666, 222], [648, 294], [990, 294], [486, 312], [630, 330], [576, 510], [612, 510], [576, 546], [756, 600], [558, 708], [540, 780]]",,"[[1146, 468]]",,0.4781995240324333,0.35355045099037863
326,4,2,5.40400000000011,,13518,"[954, 270]",False,,True,0.0,False,weak,False,"[[540, 36], [684, 162], [666, 216], [648, 288], [990, 288], [486, 306], [630, 324], [576, 504], [612, 504], [576, 540], [756, 594], [558, 702], [540, 774]]",,"[[1146, 462]]",,0.4800479247659705,0.35417261642865927
327,4,2,5.421000000000049,,13518,"[954, 270]",False,,True,0.0,False,weak,False,"[[540, 30], [684, 156], [666, 210], [648, 282], [990, 282], [486, 300], [630, 318], [576, 498], [612, 498], [576, 534], [756, 588], [558, 696], [540, 768]]",,"[[1146, 456]]",,0.4800479247659705,0.35417261642865927
328,4,2,5.437000000000012,,13518,"[954, 270]",False,,True,0.0,False,weak,False,"[[540, 24], [684, 150], [666, 204], [648, 276], [990, 276], [486, 294], [630, 312], [576, 492], [612, 492], [576, 528], [756, 582], [558, 690], [540, 762]]",,"[[1146, 450]]",,0.4824574924995158,0.35496901495870536
329,4,2,5.454000000000065,,13518,"[954, 270]",False,,True,0.0,False,weak,False,"[[540, 18], [684, 144], [666, 198], [648, 270], [990, 270], [486, 288], [630, 306], [576, 486], [612, 486], [576, 522], [756, 576], [558, 684], [540, 756]]",,"[[1146, 444]]",,0.4824574924995158,0.35496901495870536
330,4,2,5.470000000000027,,13518,"[954, 270]",False,,True,0.0,False,weak,False,"[[540, 12], [684, 138], [666, 192], [648, 264], [990, 264], [486, 282], [630, 300], [576, 480], [612, 480], [576, 516], [756, 570], [558, 678], [540, 750]]",,"[[1146, 438]]",,0.4832445133778999,0.35815886328689917
331,4,2,5.486000000000104,,13518,"[954, 270]",False,,True,0.0,False,weak,False,"[[540, 6], [684, 132], [666, 186], [648, 258], [990, 258], [486, 276], [630, 294], [576, 474], [612, 474], [576, 510], [756, 564], [558, 672], [540, 744]]",,"[[1146, 432]]",,0.4834812416486508,0.35744424489949933
332,4,2,5.503000000000043,,13518,"[954, 270]",False,,True,0.0,False,weak,False,"[[540, 0], [684, 126], [666, 180], [648, 252], [990, 252], [486, 270], [630, 288], [576, 468], [612, 468], [576, 504], [756, 558], [558, 666], [540, 738]]",,"[[1146, 426]]",,0.48336912116624636,0.357779171295618
333,4,2,5.5190000000000055,,13518,"[954, 270]",False,,True,0.0,False,weak,False,"[[684, 120], [666, 174], [648, 246], [990, 246], [486, 264], [630, 282], [576, 462], [612, 462], [576, 498], [756, 552], [558, 660], [540, 732]]",,"[[1146, 420]]",,0.48336912116624636,0.357779171295618
334,4,2,5.536000000000058,,13518,"[954, 270]",False,,True,0.0,False,weak,False,"[[684, 114], [666, 168], [648, 240], [990, 240], [486, 258], [630, 276], [576, 456], [612, 456], [576, 492], [756, 546], [558, 654], [540, 726]]",,"[[1146, 414]]",,0.4832037649718024,0.35977941054673457
335,4,2,5.552000000000021,,13518,"[954, 270]",False,,True,0.0,False,weak,False,"[[684, 108], [666, 162], [648, 234], [990, 234], [486, 252], [630, 270], [576, 450], [612, 450], [576, 486], [756, 540], [558, 648], [540, 720]]",,"[[1146, 408]]",,0.4832037649718024,0.35977941054673457
336,4,2,5.568000000000097,,13518,"[954, 270]",False,,True,0.0,False,weak,False,"[[684, 102], [666, 156], [648, 228], [990, 228], [486, 246], [630, 264], [576, 444], [612, 444], [576, 480], [756, 534], [558, 642], [540, 714]]",,"[[1146, 402]]",,0.4833998869573944,0.36221986137466955
337,4,2,5.585000000000036,,13518,"[954, 270]",False,,True,0.0,False,weak,False,"[[684, 96], [666, 150], [648, 222], [990, 222], [486, 240], [630, 258], [576, 438], [612, 438], [576, 474], [756, 528], [558, 636], [540, 708]]",,"[[1146, 396]]",,0.4833998869573944,0.36221986137466955
338,4,2,5.602000000000089,,13518,"[954, 270]",False,,True,0.0,False,weak,False,"[[684, 90], [666, 144], [648, 216], [990, 216], [486, 234], [630, 252], [576, 432], [612, 432], [576, 468], [756, 522], [558, 630], [540, 702]]",,"[[1146, 390]]",,0.48359424600053247,0.3637545570220161
339,4,2,5.619000000000028,,13518,"[954, 270]",False,,True,0.0,False,weak,False,"[[684, 84], [666, 138], [648, 210], [990, 210], [486, 228], [630, 246], [576, 426], [612, 426], [576, 462], [756, 516], [558, 624], [540, 696]]",,"[[1146, 384]]",,0.48359424600053247,0.3637545570220161
340,4,2,5.636000000000081,,13518,"[954, 270]",False,,True,0.0,False,weak,False,"[[684, 78], [666, 132], [648, 204], [990, 204], [486, 222], [630, 240], [576, 420], [612, 420], [576, 456], [756, 510], [558, 618], [540, 690]]",,"[[1146, 378]]",,0.4840522105590314,0.367778090510114
341,4,2,5.652000000000044,,13518,"[954, 270]",False,,True,0.0,False,weak,False,"[[684, 72], [666, 126], [648, 198], [990, 198], [486, 216], [630, 234], [576, 414], [612, 414], [576, 450], [756, 504], [558, 612], [540, 684]]",,"[[1146, 372]]",,0.4840522105590314,0.367778090510114
342,4,2,5.668000000000006,,13518,"[954, 270]",False,,True,0.0,False,weak,False,"[[684, 66], [666, 120], [648, 192], [990, 192], [486, 210], [630, 228], [576, 408], [612, 408], [576, 444], [756, 498], [558, 606], [540, 678]]",,"[[1146, 366]]",,0.48518744910369155,0.3497618854010969
343,4,2,5.684000000000083,,13518,"[954, 270]",False,,True,0.0,False,weak,False,"[[684, 60], [666, 114], [648, 186], [990, 186], [486, 204], [630, 222], [576, 402], [612, 402], [576, 438], [756, 492], [558, 600], [540, 672]]",,"[[1146, 360]]",,0.48518744910369155,0.3497618854010969
344,4,2,5.701000000000022,,13518,"[954, 270]",False,,True,0.0,False,weak,False,"[[684, 54], [666, 108], [648, 180], [990, 180], [486, 198], [630, 216], [576, 396], [612, 396], [576, 432], [756, 486], [558, 594], [540, 666]]",,"[[1146, 354]]",,0.48445532446222545,0.3520750656135888
345,4,2,5.717000000000098,,13518,"[954, 270]",False,,True,0.0,False,weak,False,"[[684, 48], [666, 102], [648, 174], [990, 174], [486, 192], [630, 210], [576, 390], [612, 390], [576, 426], [756, 480], [558, 588], [540, 660]]",,"[[1146, 348]]",,0.48445532446222545,0.3520750656135888
346,4,2,5.733000000000061,,13518,"[954, 270]",False,,True,0.0,False,weak,False,"[[684, 42], [666, 96], [648, 168], [990, 168], [486, 186], [630, 204], [576, 384], [612, 384], [576, 420], [756, 474], [558, 582], [540, 654]]",,"[[1146, 342]]",,0.48339871199732054,0.3564356058793938
347,4,2,5.75,,13518,"[954, 270]",False,,True,0.0,False,weak,False,"[[684, 36], [666, 90], [648, 162], [990, 162], [486, 180], [630, 198], [576, 378], [612, 378], [576, 414], [756, 468], [558, 576], [540, 648]]",,"[[1146, 336]]",,0.48356413956821037,0.3566119068530418
348,4,2,5.767000000000053,,13518,"[954, 270]",False,,True,0.0,False,weak,False,"[[684, 30], [666, 84], [648, 156], [990, 156], [486, 174], [630, 192], [576, 372], [612, 372], [576, 408], [756, 462], [558, 570], [540, 642]]",,"[[1146, 330]]",,0.48440586517280676,0.3589507275683681
349,4,2,5.7840000000001055,,13518,"[954, 270]",False,,True,0.0,False,weak,False,"[[684, 24], [666, 78], [648, 150], [990, 150], [486, 168], [630, 186], [576, 366], [612, 366], [576, 402], [756, 456], [558, 564], [540, 636]]",,"[[1146, 324], [240, 810]]",,0.48440586517280676,0.3589507275683681
350,4,2,5.800000000000068,,13518,"[954, 270]",False,,True,0.0,False,weak,False,"[[684, 18], [666, 72], [648, 144], [990, 144], [486, 162], [630, 180], [576, 360], [612, 360], [576, 396], [756, 450], [558, 558], [540, 630]]",,"[[1146, 318], [240, 804]]",,0.4848523364952304,0.3593927561514231
351,4,2,5.817000000000007,,13518,"[954, 270]",False,,True,0.0,False,weak,False,"[[684, 12], [666, 66], [648, 138], [990, 138], [486, 156], [630, 174], [576, 354], [612, 354], [576, 390], [756, 444], [558, 552], [540, 624]]",,"[[1146, 312], [240, 798]]",,0.4848523364952304,0.3593927561514231
352,4,2,5.83400000000006,,13518,"[954, 270]",False,,True,1.0,False,weak,False,"[[684, 6], [666, 60], [648, 132], [990, 132], [486, 150], [630, 168], [576, 348], [612, 348], [576, 384], [756, 438], [558, 546], [540, 618]]",,"[[1146, 306], [240, 792]]",,0.4862583666423155,0.3598374519945281
353,4,2,5.850999999999999,,13518,"[954, 270]",False,,True,1.0,False,weak,False,"[[684, 0], [666, 54], [648, 126], [990, 126], [486, 144], [630, 162], [576, 342], [612, 342], [576, 378], [756, 432], [558, 540], [540, 612], [486, 810]]",,"[[1152, 300], [246, 786]]",,0.4869581942996587,0.35873172448458734
354,4,2,5.868000000000052,,13518,"[954, 270]",False,,True,1.0,False,weak,False,"[[672, 48], [654, 120], [996, 120], [492, 138], [636, 156], [582, 336], [618, 336], [582, 372], [762, 426], [564, 534], [546, 606], [492, 804]]",,"[[1158, 294], [252, 780]]",,0.4875474258411539,0.35955308474877623
355,4,2,5.885000000000105,,13518,"[954, 270]",False,,True,1.0,False,weak,False,"[[678, 42], [660, 114], [1002, 114], [498, 132], [642, 150], [588, 330], [624, 330], [588, 366], [768, 420], [570, 528], [552, 600], [498, 798]]",,"[[1164, 288], [258, 774]]",,0.4876829874892012,0.35968785149735893
356,4,2,5.900000000000091,,13518,"[954, 270]",False,,True,1.0,False,weak,False,"[[684, 36], [666, 108], [1008, 108], [504, 126], [648, 144], [594, 324], [630, 324], [594, 360], [774, 414], [576, 522], [558, 594], [504, 792]]",,"[[1170, 282], [264, 768]]",,0.4727696772510316,0.3308079186721111
357,4,2,5.91700000000003,,13518,"[954, 270]",False,,True,1.0,False,weak,False,"[[690, 30], [672, 102], [1014, 102], [510, 120], [654, 138], [600, 318], [636, 318], [600, 354], [780, 408], [582, 516], [564, 588], [510, 786]]",,"[[1176, 276], [270, 762]]",,0.4727696772510316,0.3308079186721111
358,4,2,5.934000000000083,,13518,"[954, 270]",False,,True,1.0,False,weak,False,"[[696, 24], [678, 96], [1020, 96], [516, 114], [660, 132], [606, 312], [642, 312], [606, 348], [786, 402], [588, 510], [570, 582], [516, 780]]",,"[[1182, 270], [276, 756]]",,0.468888034265149,0.30990574134734794
359,4,2,5.951000000000022,,13518,"[954, 270]",False,,True,1.0,False,weak,False,"[[702, 18], [684, 90], [1026, 90], [522, 108], [666, 126], [612, 306], [648, 306], [612, 342], [792, 396], [594, 504], [576, 576], [522, 774]]",,"[[1188, 264], [282, 750]]",,0.46883604008170165,0.30929941219419355
360,4,2,5.967000000000098,,13518,"[954, 270]",False,,True,1.0,False,weak,False,"[[708, 12], [690, 84], [1032, 84], [528, 102], [672, 120], [618, 300], [654, 300], [618, 336], [798, 390], [600, 498], [582, 570], [528, 768]]",,"[[1194, 258], [288, 744]]",,0.46772621808724135,0.3073891315646545
361,4,2,5.984000000000037,,13518,"[954, 270]",False,,True,1.0,False,weak,False,"[[714, 6], [696, 78], [1038, 78], [534, 96], [678, 114], [624, 294], [660, 294], [624, 330], [804, 384], [606, 492], [588, 564], [534, 762]]",,"[[1200, 252], [294, 738]]",,0.46772621808724135,0.3073891315646545
362,4,2,6.00100000000009,,13518,"[954, 270]",False,,True,1.0,False,weak,False,"[[720, 0], [702, 72], [1044, 72], [540, 90], [684, 108], [630, 288], [666, 288], [630, 324], [810, 378], [612, 486], [594, 558], [540, 756]]",,"[[1206, 246], [300, 732]]",,0.4672447253676369,0.3051172014352722
363,4,2,6.018000000000029,,13518,"[954, 270]",False,,True,1.0,False,weak,False,"[[708, 66], [1050, 66], [546, 84], [690, 102], [636, 282], [672, 282], [636, 318], [816, 372], [618, 480], [600, 552], [546, 750]]",,"[[1212, 240], [306, 726]]",,0.4685264114388942,0.3076053215577035
364,4,2,6.0340000000001055,,13518,"[954, 270]",False,,True,1.0,False,weak,False,"[[714, 60], [1056, 60], [552, 78], [696, 96], [642, 276], [678, 276], [642, 312], [822, 366], [624, 474], [606, 546], [552, 744]]",,"[[1218, 234], [312, 720]]",,0.4698159206425053,0.30731001698806715
365,4,2,6.051000000000045,,13518,"[954, 270]",False,,True,1.0,False,weak,False,"[[720, 54], [1062, 54], [558, 72], [702, 90], [648, 270], [684, 270], [648, 306], [828, 360], [630, 468], [612, 540], [558, 738]]",,"[[1224, 228], [318, 714]]",,0.4698159206425053,0.30731001698806715
366,4,2,6.067000000000007,,13518,"[954, 270]",False,,True,1.0,False,weak,False,"[[726, 48], [1068, 48], [564, 66], [708, 84], [654, 264], [690, 264], [654, 300], [834, 354], [636, 462], [618, 534], [564, 732]]",,"[[1230, 222], [324, 708]]",,0.4708957234026069,0.3087678404398141
367,4,2,6.083000000000084,,13518,"[954, 270]",False,,True,1.0,False,weak,False,"[[732, 42], [1074, 42], [570, 60], [714, 78], [660, 258], [696, 258], [660, 294], [840, 348], [642, 456], [624, 528], [570, 726]]",,"[[1236, 216], [330, 702]]",,0.4710491900294288,0.3094194613554294
368,4,2,6.099000000000046,,13518,"[954, 270]",False,,True,1.0,False,weak,False,"[[738, 36], [1080, 36], [576, 54], [720, 72], [666, 252], [702, 252], [666, 288], [846, 342], [648, 450], [630, 522], [576, 720]]",,"[[1242, 210], [336, 696]]",,0.4715296201731244,0.309437217250523
369,4,2,6.115000000000009,,13518,"[954, 270]",False,,True,1.0,False,weak,False,"[[744, 30], [1086, 30], [582, 48], [726, 66], [672, 246], [708, 246], [672, 282], [852, 336], [654, 444], [636, 516], [582, 714]]",,"[[1248, 204], [342, 690]]",,0.47194547063853076,0.3109819783958021
370,4,2,6.133000000000038,,13518,"[954, 270]",False,,True,1.0,False,weak,False,"[[750, 24], [1092, 24], [588, 42], [732, 60], [678, 240], [714, 240], [678, 276], [858, 330], [660, 438], [642, 510], [588, 708]]",,"[[1254, 198], [348, 684]]",,0.47271697122625633,0.3127638833906933
371,4,2,6.149000000000001,,13518,"[954, 270]",False,,True,1.0,False,weak,False,"[[756, 18], [1098, 18], [594, 36], [738, 54], [684, 234], [720, 234], [684, 270], [864, 324], [666, 432], [648, 504], [594, 702]]",,"[[1260, 192], [354, 678]]",,0.4726588131112364,0.3159236713099344
372,4,2,6.166000000000054,,13518,"[954, 270]",False,,True,1.0,False,weak,False,"[[762, 12], [1104, 12], [600, 30], [744, 48], [690, 228], [726, 228], [690, 264], [870, 318], [672, 426], [654, 498], [600, 696]]",,"[[1266, 186], [360, 672]]",,0.4732396047422724,0.3182070210075151
373,4,2,6.183000000000106,,13518,"[954, 270]",False,,True,1.0,False,weak,False,"[[768, 6], [1110, 6], [606, 24], [750, 42], [696, 222], [732, 222], [696, 258], [876, 312], [678, 420], [660, 492], [606, 690]]",,"[[1272, 180], [366, 666]]",,0.4732946741519634,0.319307460141959
374,4,2,6.201000000000022,,13518,"[954, 270]",False,Right,True,1.0,False,weak,False,"[[774, 0], [1116, 0], [612, 18], [756, 36], [702, 216], [738, 216], [702, 252], [882, 306], [684, 414], [666, 486], [612, 684]]",,"[[1272, 174], [366, 660]]",,0.4748595421697096,0.32229987224982937
375,4,2,6.217000000000098,,13518,"[954, 270]",False,Right,True,1.0,False,weak,False,"[[612, 12], [756, 30], [702, 210], [738, 210], [702, 246], [882, 300], [684, 408], [666, 480], [612, 678]]",,"[[1272, 168], [366, 654]]",,0.4755774030017038,0.3218503017643741
376,4,2,6.233000000000061,,13518,"[954, 270]",False,Right,True,1.0,False,weak,False,"[[612, 6], [756, 24], [702, 204], [738, 204], [702, 240], [882, 294], [684, 402], [666, 474], [612, 672]]",,"[[1272, 162], [366, 648]]",,0.4768716575381676,0.32162286714137
377,4,2,6.25,,13518,"[954, 270]",False,Right,True,1.0,False,weak,False,"[[612, 0], [756, 18], [702, 198], [738, 198], [702, 234], [882, 288], [684, 396], [666, 468], [612, 666]]",,"[[1272, 156], [366, 642]]",,0.477161925736943,0.3211977860834464
378,4,2,6.266000000000076,,13518,"[954, 270]",False,Right,True,1.0,False,weak,False,"[[756, 12], [702, 192], [738, 192], [702, 228], [882, 282], [684, 390], [666, 462], [612, 660]]",,"[[1272, 150], [366, 636]]",,0.47695785979432326,0.3206587820513973
379,4,2,6.2830000000000155,,13518,"[954, 270]",False,Right,True,1.0,False,weak,False,"[[756, 6], [702, 186], [738, 186], [702, 222], [882, 276], [684, 384], [666, 456], [612, 654]]",,"[[1272, 144], [366, 630]]",,0.4766878416554044,0.32280879279526165
380,4,2,6.300000000000068,,13518,"[954, 270]",False,Right,True,1.0,False,weak,False,"[[756, 0], [702, 180], [738, 180], [702, 216], [882, 270], [684, 378], [666, 450], [612, 648]]",,"[[1272, 138], [366, 624]]",,0.47583113194394794,0.3249866265498733
381,4,2,6.316000000000031,,13518,"[954, 270]",False,Right,True,1.0,False,weak,False,"[[702, 174], [738, 174], [702, 210], [882, 264], [684, 372], [666, 444], [612, 642]]",,"[[1272, 132], [366, 618]]",,0.4758083879084736,0.3293376220256492
382,4,2,6.333000000000084,,13518,"[954, 270]",False,Right,True,1.0,False,weak,False,"[[702, 168], [738, 168], [702, 204], [882, 258], [684, 366], [666, 438], [612, 636]]",,"[[1272, 126], [366, 612]]",,0.4762634790797948,0.3358442703617639
383,4,2,6.349000000000046,,13518,"[954, 270]",False,Right,True,1.0,False,weak,False,"[[702, 162], [738, 162], [702, 198], [882, 252], [684, 360], [666, 432], [612, 630]]",,"[[1272, 120], [366, 606]]",,0.4762634790797948,0.3358442703617639
384,4,2,6.365000000000009,,13518,"[954, 270]",False,Right,True,1.0,False,weak,False,"[[702, 156], [738, 156], [702, 192], [882, 246], [684, 354], [666, 426], [612, 624]]",,"[[1272, 114], [366, 600]]",,0.4760817132256224,0.33792536708948684
385,4,2,6.3810000000000855,,13518,"[954, 270]",False,Right,True,1.0,False,weak,False,"[[702, 150], [738, 150], [702, 186], [882, 240], [684, 348], [666, 420], [612, 618]]",,"[[1272, 108], [366, 594]]",,0.4755762119190191,0.345892498631579
386,4,2,6.398000000000025,,13518,"[954, 270]",False,Right,True,1.0,False,weak,False,"[[702, 144], [738, 144], [702, 180], [882, 234], [684, 342], [666, 414], [612, 612]]",,"[[1272, 102], [366, 588]]",,0.47512741984764667,0.3469676571814869
387,4,2,6.415000000000077,,13518,"[954, 270]",False,Right,True,1.0,False,weak,False,"[[702, 138], [738, 138], [702, 174], [882, 228], [684, 336], [666, 408], [612, 606]]",,"[[1272, 96], [366, 582]]",,0.47407828472471253,0.3490002029307814
388,4,2,6.43100000000004,,13518,"[954, 270]",False,Right,True,1.0,False,weak,False,"[[702, 132], [738, 132], [702, 168], [882, 222], [684, 330], [666, 402], [612, 600]]",,"[[1272, 90], [366, 576]]",,0.4737409375515173,0.3516899969586069
389,4,2,6.449000000000069,,13518,"[954, 270]",False,Right,True,1.0,False,weak,False,"[[702, 126], [738, 126], [702, 162], [882, 216], [684, 324], [666, 396], [612, 594]]",,"[[1272, 84], [366, 570]]",,0.4730619175906782,0.35325986940361087
390,4,2,6.466000000000008,,13518,"[954, 270]",False,Right,True,1.0,False,weak,False,"[[702, 120], [738, 120], [702, 156], [882, 210], [684, 318], [666, 390], [612, 588]]",,"[[1272, 78], [366, 564]]",,0.4731909185974863,0.35472207441126613
391,4,2,6.483000000000061,,13518,"[954, 270]",False,Right,True,1.0,False,weak,False,"[[702, 114], [738, 114], [702, 150], [882, 204], [684, 312], [666, 384], [612, 582]]",,"[[1272, 72], [366, 558]]",,0.47254380384830574,0.357839840564507
392,4,2,6.5,,13518,"[954, 270]",False,Right,True,1.0,False,weak,False,"[[702, 108], [738, 108], [702, 144], [882, 198], [684, 306], [666, 378], [612, 576]]",,"[[1272, 66], [366, 552]]",,0.47250449563718916,0.3576202353292637
393,4,2,6.516000000000076,,13518,"[954, 270]",False,Right,True,1.0,False,weak,False,"[[702, 102], [738, 102], [702, 138], [882, 192], [684, 300], [666, 372], [612, 570]]",,"[[1272, 60], [366, 546]]",,0.47249373243229903,0.35900755963412323
394,4,2,6.532000000000039,,13518,"[954, 270]",False,Right,True,1.0,False,weak,False,"[[702, 96], [738, 96], [702, 132], [882, 186], [684, 294], [666, 366], [612, 564]]",,"[[1272, 54], [366, 540]]",,0.47220828700005013,0.35928989302239134
395,4,2,6.548000000000002,,13518,"[954, 270]",False,Right,True,1.0,False,weak,False,"[[702, 90], [738, 90], [702, 126], [882, 180], [684, 288], [666, 360], [612, 558]]",,"[[1272, 48], [366, 534]]",,0.47139071596069665,0.3625341327766054
396,4,2,6.564000000000078,,13518,"[954, 270]",False,Right,True,1.0,False,weak,False,"[[702, 84], [738, 84], [702, 120], [882, 174], [684, 282], [666, 354], [612, 552]]",,"[[1272, 42], [366, 528]]",,0.4712937438898114,0.36235973047309467
397,4,2,6.580000000000041,,13518,"[954, 270]",False,Right,True,1.0,False,weak,False,"[[702, 78], [738, 78], [702, 114], [882, 168], [684, 276], [666, 348], [612, 546]]",,"[[1272, 36], [366, 522]]",,0.47008653941000855,0.36333009788830006
398,4,2,6.597000000000094,,13518,"[954, 270]",False,Right,True,1.0,False,weak,False,"[[702, 72], [738, 72], [702, 108], [882, 162], [684, 270], [666, 342], [612, 540], [720, 810]]",,"[[1272, 30], [366, 516]]",,0.4697883674220461,0.36336512132165233
399,4,2,6.613000000000056,,13518,"[954, 270]",False,Right,True,1.0,False,weak,False,"[[702, 66], [738, 66], [702, 102], [882, 156], [684, 264], [666, 336], [612, 534], [720, 804]]",,"[[1272, 24], [366, 510]]",,0.4688811085530576,0.35660242452178936
400,4,2,6.630000000000109,,13518,"[954, 270]",False,Right,True,1.0,False,weak,False,"[[702, 60], [738, 60], [702, 96], [882, 150], [684, 258], [666, 330], [612, 528], [720, 798]]",,"[[1272, 18], [366, 504]]",,0.4688811085530576,0.35660242452178936
401,4,2,6.646000000000072,,13518,"[954, 270]",False,Right,True,1.0,False,weak,False,"[[702, 54], [738, 54], [702, 90], [882, 144], [684, 252], [666, 324], [612, 522], [720, 792], [1062, 810]]",,"[[1272, 12], [366, 498]]",,0.4634955886616088,0.30624634984670185
402,4,2,6.662000000000035,,13518,"[954, 270]",False,Right,True,1.0,False,weak,False,"[[702, 48], [738, 48], [702, 84], [882, 138], [684, 246], [666, 318], [612, 516], [720, 786], [1062, 804]]",,"[[1272, 6], [366, 492]]",,0.4634955886616088,0.30624634984670185
403,4,2,6.68100000000004,,13518,"[954, 270]",False,Right,True,0.0,False,weak,False,"[[702, 42], [738, 42], [702, 78], [882, 132], [684, 240], [666, 312], [612, 510], [720, 780], [1062, 798]]",,"[[1272, 0], [366, 486], [1272, 810]]",,0.4649665448401673,0.3030241106069892
404,4,2,6.698000000000093,,13518,"[954, 270]",False,Right,True,0.0,False,weak,False,"[[702, 36], [738, 36], [702, 72], [882, 126], [684, 234], [666, 306], [612, 504], [720, 774], [1062, 792], [1062, 810]]",,"[[360, 480], [1266, 804]]",,0.4649665448401673,0.3030241106069892
405,4,2,6.7140000000000555,,13518,"[954, 270]",False,Right,True,0.0,False,weak,False,"[[696, 30], [732, 30], [696, 66], [876, 120], [678, 228], [660, 300], [606, 498], [714, 768], [1056, 786], [1056, 804]]",,"[[354, 474], [1260, 798]]",,0.4660786994087128,0.2937489438217402
406,4,2,6.731000000000108,,13518,"[954, 270]",False,Right,True,0.0,False,weak,False,"[[690, 24], [726, 24], [690, 60], [870, 114], [672, 222], [654, 294], [600, 492], [708, 762], [1050, 780], [1050, 798]]",,"[[348, 468], [1254, 792]]",,0.4660786994087128,0.2937489438217402
407,4,2,6.747000000000071,,13518,"[954, 270]",False,Right,True,0.0,False,weak,False,"[[684, 18], [720, 18], [684, 54], [864, 108], [666, 216], [648, 288], [594, 486], [702, 756], [1044, 774], [1044, 792], [684, 810]]",,"[[342, 462], [1248, 786]]",,0.46536866047445,0.2877861131445738
408,4,2,6.763000000000034,,13518,"[954, 270]",False,Right,True,0.0,False,weak,False,"[[678, 12], [714, 12], [678, 48], [858, 102], [660, 210], [642, 282], [588, 480], [696, 750], [1038, 768], [1038, 786], [678, 804]]",,"[[336, 456], [1242, 780]]",,0.46536866047445,0.2877861131445738
409,4,2,6.77900000000011,,13518,"[954, 270]",False,Right,True,0.0,False,weak,False,"[[672, 6], [708, 6], [672, 42], [852, 96], [654, 204], [636, 276], [582, 474], [690, 744], [1032, 762], [1032, 780], [672, 798]]",,"[[330, 450], [1236, 774]]",,0.4635734762752229,0.2893089805135388
410,4,2,6.795000000000073,,13518,"[954, 270]",False,Right,True,0.0,False,weak,False,"[[666, 0], [702, 0], [666, 36], [846, 90], [648, 198], [630, 270], [576, 468], [684, 738], [1026, 756], [1026, 774], [666, 792]]",,"[[324, 444], [1230, 768]]",,0.4635734762752229,0.2893089805135388
411,4,2,6.812000000000012,,13518,"[954, 270]",False,Right,True,0.0,False,weak,False,"[[660, 30], [840, 84], [642, 192], [624, 264], [570, 462], [678, 732], [1020, 750], [1020, 768], [660, 786]]",,"[[318, 438], [1224, 762]]",,0.4659193766709584,0.29599879145159036
412,4,2,6.829000000000065,,13518,"[954, 270]",False,Right,True,0.0,False,weak,False,"[[654, 24], [834, 78], [636, 186], [618, 258], [564, 456], [672, 726], [1014, 744], [1014, 762], [654, 780]]",,"[[312, 432], [1218, 756]]",,0.4659193766709584,0.29599879145159036
413,4,2,6.845000000000027,,13518,"[954, 270]",False,,True,0.0,False,weak,False,"[[648, 18], [828, 72], [630, 180], [612, 252], [558, 450], [666, 720], [1008, 738], [1008, 756], [648, 774]]",,"[[312, 426], [1218, 750]]",,0.46862929401854697,0.2994911273448453
414,4,2,6.861000000000104,,13518,"[954, 270]",False,,True,0.0,False,weak,False,"[[648, 12], [828, 66], [630, 174], [612, 246], [558, 444], [666, 714], [1008, 732], [1008, 750], [648, 768]]",,"[[312, 420], [1218, 744]]",,0.46862929401854697,0.2994911273448453
415,4,2,6.877000000000066,,13518,"[954, 270]",False,,True,0.0,False,weak,False,"[[648, 6], [828, 60], [630, 168], [612, 240], [558, 438], [666, 708], [1008, 726], [1008, 744], [648, 762]]",,"[[312, 414], [1218, 738]]",,0.4661502821209094,0.3000537504743339
416,4,2,6.8940000000000055,,13518,"[954, 270]",False,,True,0.0,False,weak,False,"[[648, 0], [828, 54], [630, 162], [612, 234], [558, 432], [666, 702], [1008, 720], [1008, 738], [648, 756]]",,"[[312, 408], [1218, 732]]",,0.4661502821209094,0.3000537504743339
417,4,2,6.910000000000082,,13518,"[954, 270]",False,,True,0.0,False,weak,False,"[[828, 48], [630, 156], [612, 228], [558, 426], [666, 696], [1008, 714], [1008, 732], [648, 750]]",,"[[312, 402], [1218, 726]]",,0.4396556689847511,0.2660411221983462
418,4,2,6.926000000000045,,13518,"[954, 270]",False,,True,0.0,False,weak,False,"[[828, 42], [630, 150], [612, 222], [558, 420], [666, 690], [1008, 708], [1008, 726], [648, 744]]",,"[[312, 396], [1218, 720]]",,0.4396556689847511,0.2660411221983462
419,4,2,6.943000000000097,,13518,"[954, 270]",False,,True,0.0,False,weak,False,"[[828, 36], [630, 144], [612, 216], [558, 414], [666, 684], [1008, 702], [1008, 720], [648, 738], [792, 810]]",,"[[312, 390], [1218, 714]]",,0.4365839335272107,0.2634456383982565
420,4,2,6.95900000000006,,13518,"[954, 270]",False,,True,0.0,False,weak,False,"[[828, 30], [630, 138], [612, 210], [558, 408], [666, 678], [1008, 696], [1008, 714], [648, 732], [792, 804]]",,"[[312, 384], [1218, 708]]",,0.4365839335272107,0.2634456383982565
421,4,2,6.975000000000023,,13518,"[954, 270]",False,,True,0.0,False,weak,False,"[[828, 24], [630, 132], [612, 204], [558, 402], [666, 672], [1008, 690], [1008, 708], [648, 726], [792, 798]]",,"[[312, 378], [1218, 702]]",,0.43473869070175153,0.26288386772704686
422,4,2,6.9920000000000755,,13518,"[954, 270]",False,,True,0.0,False,weak,False,"[[828, 18], [630, 126], [612, 198], [558, 396], [666, 666], [1008, 684], [1008, 702], [648, 720], [792, 792]]",,"[[312, 372], [1218, 696]]",,0.4365067828029711,0.26372923552812055
423,4,2,7.0090000000000146,,13518,"[954, 270]",False,,True,0.0,False,weak,False,"[[828, 12], [630, 120], [612, 192], [558, 390], [666, 660], [1008, 678], [1008, 696], [648, 714], [792, 786]]",,"[[312, 366], [1218, 690]]",,0.4372919805576651,0.2640936388876778
424,4,2,7.026000000000067,,13518,"[954, 270]",False,,True,0.0,False,weak,False,"[[828, 6], [630, 114], [612, 186], [558, 384], [666, 654], [1008, 672], [1008, 690], [648, 708], [792, 780]]",,"[[312, 360], [1218, 684]]",,0.4372919805576651,0.2640936388876778
425,4,2,7.043000000000006,,13518,"[954, 270]",False,Left,True,0.0,False,weak,False,"[[828, 0], [630, 108], [612, 180], [558, 378], [666, 648], [1008, 666], [1008, 684], [648, 702], [792, 774]]",,"[[318, 354], [1224, 678]]",,0.4392433425753534,0.26168355269452925
426,4,2,7.059000000000083,,13518,"[954, 270]",False,Left,True,0.0,False,weak,False,"[[636, 102], [618, 174], [564, 372], [672, 642], [1014, 660], [1014, 678], [654, 696], [798, 768]]",,"[[324, 348], [1230, 672]]",,0.4392433425753534,0.26168355269452925
427,4,2,7.074000000000069,,13518,"[954, 270]",False,Left,True,0.0,False,weak,False,"[[642, 96], [624, 168], [570, 366], [678, 636], [1020, 654], [1020, 672], [660, 690], [804, 762]]",,"[[330, 342], [1236, 666]]",,0.44031837592725714,0.25991340520246176
428,4,2,7.092000000000098,,13518,"[954, 270]",False,Left,True,0.0,False,weak,False,"[[648, 90], [630, 162], [576, 360], [684, 630], [1026, 648], [1026, 666], [666, 684], [810, 756]]",,"[[336, 336], [1242, 660]]",,0.4401013210605525,0.260531849045078
429,4,2,7.109000000000037,,13518,"[954, 270]",False,Left,True,0.0,False,weak,False,"[[654, 84], [636, 156], [582, 354], [690, 624], [1032, 642], [1032, 660], [672, 678], [816, 750]]",,"[[342, 330], [1248, 654]]",,0.4388197745371946,0.2668696963923656
430,4,2,7.12600000000009,,13518,"[954, 270]",False,Left,True,0.0,False,weak,False,"[[660, 78], [642, 150], [588, 348], [696, 618], [1038, 636], [1038, 654], [678, 672], [822, 744]]",,"[[348, 324], [1254, 648]]",,0.4388197745371946,0.2668696963923656
431,4,2,7.142000000000053,,13518,"[954, 270]",False,Left,True,0.0,False,weak,False,"[[666, 72], [648, 144], [594, 342], [702, 612], [1044, 630], [1044, 648], [684, 666], [828, 738]]",,"[[354, 318], [1260, 642]]",,0.4382579933915053,0.2710151835761959
432,4,2,7.1580000000000155,,13518,"[954, 270]",False,Left,True,0.0,False,weak,False,"[[672, 66], [654, 138], [600, 336], [708, 606], [1050, 624], [1050, 642], [690, 660], [834, 732]]",,"[[360, 312], [1266, 636]]",,0.4382579933915053,0.2710151835761959
433,4,2,7.175000000000068,,13518,"[954, 270]",False,Left,True,-1.0,False,weak,False,"[[678, 60], [660, 132], [606, 330], [714, 600], [1056, 618], [1056, 636], [696, 654], [840, 726]]",,"[[366, 306], [1272, 630]]",,0.44624951889438724,0.27445534364103785
434,4,2,7.192000000000007,,13518,"[954, 270]",False,Left,True,-1.0,False,weak,False,"[[684, 54], [666, 126], [612, 324], [720, 594], [1062, 612], [1062, 630], [702, 648], [846, 720], [828, 810]]",,"[[366, 300], [1272, 624]]",,0.4503305823820661,0.27034354884694445
435,4,2,7.210000000000036,,13518,"[954, 270]",False,Left,True,-1.0,False,weak,False,"[[684, 48], [666, 120], [612, 318], [720, 588], [1062, 606], [1062, 624], [702, 642], [846, 714], [828, 804]]",,"[[366, 294], [1272, 618]]",,0.4701429414842703,0.28332124228475153
436,4,2,7.227000000000089,,13518,"[954, 270]",False,Left,True,-1.0,False,weak,False,"[[684, 42], [666, 114], [612, 312], [720, 582], [1062, 600], [1062, 618], [702, 636], [846, 708], [828, 798]]",,"[[366, 288], [1272, 612]]",,0.4701429414842703,0.28332124228475153
437,4,2,7.244000000000028,,13518,"[954, 270]",False,Left,True,-1.0,False,weak,False,"[[684, 36], [666, 108], [612, 306], [720, 576], [1062, 594], [1062, 612], [702, 630], [846, 702], [828, 792]]",,"[[366, 282], [1272, 606]]",,0.47179277278924703,0.2905378631470822
438,4,2,7.260000000000105,,13518,"[954, 270]",False,Left,True,-1.0,False,weak,False,"[[684, 30], [666, 102], [612, 300], [720, 570], [1062, 588], [1062, 606], [702, 624], [846, 696], [828, 786]]",,"[[366, 276], [1272, 600]]",,0.4724674036561636,0.29368034112323427
439,4,2,7.276000000000067,,13518,"[954, 270]",False,Left,True,-1.0,False,weak,False,"[[684, 24], [666, 96], [612, 294], [720, 564], [1062, 582], [1062, 600], [702, 618], [846, 690], [828, 780]]",,"[[366, 270], [1272, 594]]",,0.472875423553778,0.297056098564099
440,4,2,7.29200000000003,,13518,"[954, 270]",False,Left,True,-1.0,False,weak,False,"[[684, 18], [666, 90], [612, 288], [720, 558], [1062, 576], [1062, 594], [702, 612], [846, 684], [828, 774], [648, 810]]",,"[[366, 264], [1272, 588]]",,0.472875423553778,0.297056098564099
441,4,2,7.308000000000106,,13518,"[954, 270]",False,Left,True,-1.0,False,weak,False,"[[684, 12], [666, 84], [612, 282], [720, 552], [1062, 570], [1062, 588], [702, 606], [846, 678], [828, 768], [648, 804]]",,"[[366, 258], [1272, 582]]",,0.47347557016912817,0.29503953048781617
442,4,2,7.3250000000000455,,13518,"[954, 270]",False,Left,True,-1.0,False,weak,False,"[[684, 6], [666, 78], [612, 276], [720, 546], [1062, 564], [1062, 582], [702, 600], [846, 672], [828, 762], [648, 798]]",,"[[366, 252], [1272, 576]]",,0.47347557016912817,0.29503953048781617
443,4,2,7.341000000000008,,13518,"[954, 270]",False,Left,True,-1.0,False,weak,False,"[[684, 0], [666, 72], [612, 270], [720, 540], [1062, 558], [1062, 576], [702, 594], [846, 666], [828, 756], [648, 792], [1026, 810]]",,"[[366, 246], [1272, 570]]",,0.4723836170422057,0.2949764480509075
444,4,2,7.359000000000037,,13518,"[954, 270]",False,Left,True,-1.0,False,weak,False,"[[666, 66], [612, 264], [720, 534], [1062, 552], [1062, 570], [702, 588], [846, 660], [828, 750], [648, 786], [1026, 804]]",,"[[366, 240], [1272, 564]]",,0.472050164328517,0.2965924411240549
445,4,2,7.37600000000009,,13518,"[954, 270]",False,Left,True,-1.0,False,weak,False,"[[666, 60], [612, 258], [720, 528], [1062, 546], [1062, 564], [702, 582], [846, 654], [828, 744], [648, 780], [1026, 798]]",,"[[366, 234], [1272, 558]]",,0.4737917401875791,0.3000330453047252
446,4,2,7.393000000000029,,13518,"[954, 270]",False,Left,True,-1.0,False,weak,False,"[[666, 54], [612, 252], [720, 522], [1062, 540], [1062, 558], [702, 576], [846, 648], [828, 738], [648, 774], [1026, 792]]",,"[[366, 228], [1272, 552]]",,0.4737917401875791,0.3000330453047252
447,4,2,7.4090000000001055,,13518,"[954, 270]",False,Left,True,-1.0,False,weak,False,"[[666, 48], [612, 246], [720, 516], [1062, 534], [1062, 552], [702, 570], [846, 642], [828, 732], [648, 768], [1026, 786]]",,"[[366, 222], [1272, 546]]",,0.4756196971994898,0.30426382196457225
448,4,2,7.426000000000045,,13518,"[954, 270]",False,Left,True,-1.0,False,weak,False,"[[666, 42], [612, 240], [720, 510], [1062, 528], [1062, 546], [702, 564], [846, 636], [828, 726], [648, 762], [1026, 780]]",,"[[366, 216], [1272, 540]]",,0.4756196971994898,0.30426382196457225
449,4,2,7.442000000000007,,13518,"[954, 270]",False,Left,True,-1.0,False,weak,False,"[[666, 36], [612, 234], [720, 504], [1062, 522], [1062, 540], [702, 558], [846, 630], [828, 720], [648, 756], [1026, 774]]",,"[[366, 210], [1272, 534]]",,0.45980736373933045,0.2917128868805844
450,4,2,7.458000000000084,,13518,"[954, 270]",False,Left,True,-1.0,False,weak,False,"[[666, 30], [612, 228], [720, 498], [1062, 516], [1062, 534], [702, 552], [846, 624], [828, 714], [648, 750], [1026, 768]]",,"[[366, 204], [1272, 528]]",,0.45944835100224557,0.2919118581781086
451,4,2,7.474000000000046,,13518,"[954, 270]",False,Left,True,-1.0,False,weak,False,"[[666, 24], [612, 222], [720, 492], [1062, 510], [1062, 528], [702, 546], [846, 618], [828, 708], [648, 744], [1026, 762]]",,"[[366, 198], [1272, 522]]",,0.4599496644008463,0.28809532127675963
452,4,2,7.491000000000099,,13518,"[954, 270]",False,Left,True,-1.0,False,weak,False,"[[666, 18], [612, 216], [720, 486], [1062, 504], [1062, 522], [702, 540], [846, 612], [828, 702], [648, 738], [1026, 756], [792, 810]]",,"[[366, 192], [1272, 516]]",,0.45877518310819215,0.2863165883954988
453,4,2,7.508000000000038,,13518,"[954, 270]",False,Left,True,-1.0,False,weak,False,"[[666, 12], [612, 210], [720, 480], [1062, 498], [1062, 516], [702, 534], [846, 606], [828, 696], [648, 732], [1026, 750], [792, 804]]",,"[[366, 186], [1272, 510]]",,0.45748210123093386,0.2847261302493652
454,4,2,7.524000000000001,,13518,"[954, 270]",False,Left,True,-1.0,False,weak,False,"[[666, 6], [612, 204], [720, 474], [1062, 492], [1062, 510], [702, 528], [846, 600], [828, 690], [648, 726], [1026, 744], [792, 798]]",,"[[366, 180], [1272, 504]]",,0.45728603195833795,0.28374151593602637
455,4,2,7.540000000000077,,13518,"[954, 270]",False,Left,True,-1.0,False,weak,False,"[[666, 0], [612, 198], [720, 468], [1062, 486], [1062, 504], [702, 522], [846, 594], [828, 684], [648, 720], [1026, 738], [792, 792], [972, 810]]",,"[[366, 174], [1272, 498]]",,0.4578197049822522,0.2857885362177146
456,4,2,7.558000000000106,,13518,"[954, 270]",False,Left,True,-1.0,False,weak,False,"[[612, 192], [720, 462], [1062, 480], [1062, 498], [702, 516], [846, 588], [828, 678], [648, 714], [1026, 732], [792, 786], [972, 804]]",,"[[366, 168], [1272, 492]]",,0.458193665866194,0.28595806891198694
457,4,2,7.574000000000069,,13518,"[954, 270]",False,Left,True,-1.0,False,weak,False,"[[612, 186], [720, 456], [1062, 474], [1062, 492], [702, 510], [846, 582], [828, 672], [648, 708], [1026, 726], [792, 780], [972, 798]]",,"[[366, 162], [1272, 486]]",,0.457596590759617,0.28989958683436245
458,4,2,7.591000000000008,,13518,"[954, 270]",False,Left,True,-1.0,False,weak,False,"[[612, 180], [720, 450], [1062, 468], [1062, 486], [702, 504], [846, 576], [828, 666], [648, 702], [1026, 720], [792, 774], [972, 792]]",,"[[366, 156], [1272, 480]]",,0.45764023489551864,0.2914277962891346
459,4,2,7.607000000000085,,13518,"[954, 270]",False,Left,True,-1.0,False,weak,False,"[[612, 174], [720, 444], [1062, 462], [1062, 480], [702, 498], [846, 570], [828, 660], [648, 696], [1026, 714], [792, 768], [972, 786]]",,"[[366, 150], [1272, 474]]",,0.45775712171668975,0.2929940220938231
460,4,2,7.623000000000047,,13518,"[954, 270]",False,Left,True,-1.0,False,weak,False,"[[612, 168], [720, 438], [1062, 456], [1062, 474], [702, 492], [846, 564], [828, 654], [648, 690], [1026, 708], [792, 762], [972, 780]]",,"[[366, 144], [1272, 468]]",,0.4578292923840045,0.2960237504477359
461,4,2,7.6400000000001,,13518,"[954, 270]",False,Left,True,-1.0,False,weak,False,"[[612, 162], [720, 432], [1062, 450], [1062, 468], [702, 486], [846, 558], [828, 648], [648, 684], [1026, 702], [792, 756], [972, 774]]",,"[[366, 138], [1272, 462]]",,0.4594094712803119,0.29835595864757336
462,4,2,7.6580000000000155,,13518,"[954, 270]",False,Left,True,-1.0,False,weak,False,"[[612, 156], [720, 426], [1062, 444], [1062, 462], [702, 480], [846, 552], [828, 642], [648, 678], [1026, 696], [792, 750], [972, 768]]",,"[[366, 132], [1272, 456]]",,0.4673607536501663,0.2839349776987773
463,4,2,7.673000000000002,,13518,"[954, 270]",False,Left,True,-1.0,False,weak,False,"[[612, 150], [720, 420], [1062, 438], [1062, 456], [702, 474], [846, 546], [828, 636], [648, 672], [1026, 690], [792, 744], [972, 762]]",,"[[366, 126], [1272, 450]]",,0.4749102468026772,0.26959442956885926
464,4,2,7.691000000000031,,13518,"[954, 270]",False,Left,True,-1.0,False,weak,False,"[[612, 144], [720, 414], [1062, 432], [1062, 450], [702, 468], [846, 540], [828, 630], [648, 666], [1026, 684], [792, 738], [972, 756]]",,"[[366, 120], [1272, 444]]",,0.47574564844014844,0.2703251364323912
465,4,2,7.707000000000107,,13518,"[954, 270]",False,Left,True,-1.0,False,weak,False,"[[612, 138], [720, 408], [1062, 426], [1062, 444], [702, 462], [846, 534], [828, 624], [648, 660], [1026, 678], [792, 732], [972, 750]]",,"[[366, 114], [1272, 438]]",,0.47571366531900905,0.2694999801164676
466,4,2,7.72300000000007,,13518,"[954, 270]",False,Left,True,-1.0,False,weak,False,"[[612, 132], [720, 402], [1062, 420], [1062, 438], [702, 456], [846, 528], [828, 618], [648, 654], [1026, 672], [792, 726], [972, 744]]",,"[[366, 108], [1272, 432]]",,0.4764012558110884,0.2711049971232118
467,4,2,7.739000000000033,,13518,"[954, 270]",False,Left,True,-1.0,False,weak,False,"[[612, 126], [720, 396], [1062, 414], [1062, 432], [702, 450], [846, 522], [828, 612], [648, 648], [1026, 666], [792, 720], [972, 738]]",,"[[366, 102], [1272, 426]]",,0.47671629720134057,0.2731574170522064
468,4,2,7.754000000000019,,13518,"[954, 270]",False,Left,True,-1.0,False,weak,False,"[[612, 120], [720, 390], [1062, 408], [1062, 426], [702, 444], [846, 516], [828, 606], [648, 642], [1026, 660], [792, 714], [972, 732]]",,"[[366, 96], [1272, 420]]",,0.47758686064503547,0.27393197672119185
469,4,2,7.7700000000000955,,13518,"[954, 270]",False,Left,True,-1.0,False,weak,False,"[[612, 114], [720, 384], [1062, 402], [1062, 420], [702, 438], [846, 510], [828, 600], [648, 636], [1026, 654], [792, 708], [972, 726]]",,"[[366, 90], [1272, 414]]",,0.47758686064503547,0.27393197672119185
470,4,2,7.786000000000058,,13518,"[954, 270]",False,Left,True,-1.0,False,weak,False,"[[612, 108], [720, 378], [1062, 396], [1062, 414], [702, 432], [846, 504], [828, 594], [648, 630], [1026, 648], [792, 702], [972, 720]]",,"[[366, 84], [1272, 408]]",,0.4777313327825078,0.2794348336572454
471,4,2,7.802999999999997,,13518,"[954, 270]",False,Left,True,-1.0,False,weak,False,"[[612, 102], [720, 372], [1062, 390], [1062, 408], [702, 426], [846, 498], [828, 588], [648, 624], [1026, 642], [792, 696], [972, 714]]",,"[[366, 78], [1272, 402]]",,0.4777313327825078,0.2794348336572454
472,4,2,7.821000000000026,,13518,"[954, 270]",False,Left,True,-1.0,False,weak,False,"[[612, 96], [720, 366], [1062, 384], [1062, 402], [702, 420], [846, 492], [828, 582], [648, 618], [1026, 636], [792, 690], [972, 708]]",,"[[366, 72], [1272, 396]]",,0.4790299702519233,0.2835940114015142
473,4,2,7.836000000000013,,13518,"[954, 270]",False,Left,True,-1.0,False,weak,False,"[[612, 90], [720, 360], [1062, 378], [1062, 396], [702, 414], [846, 486], [828, 576], [648, 612], [1026, 630], [792, 684], [972, 702]]",,"[[366, 66], [1272, 390]]",,0.4790266959815318,0.2843427190770649
474,4,2,7.8530000000000655,,13518,"[954, 270]",False,Left,True,-1.0,False,weak,False,"[[612, 84], [720, 354], [1062, 372], [1062, 390], [702, 408], [846, 480], [828, 570], [648, 606], [1026, 624], [792, 678], [972, 696]]",,"[[366, 60], [1272, 384]]",,0.47912875133988164,0.2865743427929236
475,4,2,7.868000000000052,,13518,"[954, 270]",False,Left,True,-1.0,False,weak,False,"[[612, 78], [720, 348], [1062, 366], [1062, 384], [702, 402], [846, 474], [828, 564], [648, 600], [1026, 618], [792, 672], [972, 690]]",,"[[366, 54], [1272, 378]]",,0.47912875133988164,0.2865743427929236
476,4,2,7.885000000000105,,13518,"[954, 270]",False,Left,True,-1.0,False,weak,False,"[[612, 72], [720, 342], [1062, 360], [1062, 378], [702, 396], [846, 468], [828, 558], [648, 594], [1026, 612], [792, 666], [972, 684]]",,"[[366, 48], [1272, 372]]",,0.4799144790139058,0.29108552874092486
477,4,2,7.900000000000091,,13518,"[954, 270]",False,Left,True,-1.0,False,weak,False,"[[612, 66], [720, 336], [1062, 354], [1062, 372], [702, 390], [846, 462], [828, 552], [648, 588], [1026, 606], [792, 660], [972, 678]]",,"[[366, 42], [1272, 366]]",,0.4799144790139058,0.29108552874092486
478,4,2,7.91700000000003,,13518,"[954, 270]",False,Left,True,-1.0,False,weak,False,"[[612, 60], [720, 330], [1062, 348], [1062, 366], [702, 384], [846, 456], [828, 546], [648, 582], [1026, 600], [792, 654], [972, 672]]",,"[[366, 36], [1272, 360]]",,0.4789933674902681,0.29554156258604547
479,4,2,7.933000000000106,,13518,"[954, 270]",False,Left,True,-1.0,False,weak,False,"[[612, 54], [720, 324], [1062, 342], [1062, 360], [702, 378], [846, 450], [828, 540], [648, 576], [1026, 594], [792, 648], [972, 666], [576, 810]]",,"[[366, 30], [1272, 354]]",,0.4789933674902681,0.29554156258604547
480,4,2,7.951000000000022,,13518,"[954, 270]",False,Left,True,-1.0,False,weak,False,"[[612, 48], [720, 318], [1062, 336], [1062, 354], [702, 372], [846, 444], [828, 534], [648, 570], [1026, 588], [792, 642], [972, 660], [576, 804]]",,"[[366, 24], [1272, 348]]",,0.4783081919212512,0.2981027616089812
481,4,2,7.966000000000008,,13518,"[954, 270]",False,Left,True,-1.0,False,weak,False,"[[612, 42], [720, 312], [1062, 330], [1062, 348], [702, 366], [846, 438], [828, 528], [648, 564], [1026, 582], [792, 636], [972, 654], [576, 798]]",,"[[366, 18], [1272, 342]]",,0.4783081919212512,0.2981027616089812
482,4,2,7.984000000000037,,13518,"[954, 270]",False,Left,True,-1.0,False,weak,False,"[[612, 36], [720, 306], [1062, 324], [1062, 342], [702, 360], [846, 432], [828, 522], [648, 558], [1026, 576], [792, 630], [972, 648], [576, 792]]",,"[[366, 12], [1272, 336]]",,0.47831887167556986,0.2987855003932608
483,4,2,8.0,,13518,"[954, 270]",False,Left,True,-1.0,False,weak,False,"[[612, 30], [720, 300], [1062, 318], [1062, 336], [702, 354], [846, 426], [828, 516], [648, 552], [1026, 570], [792, 624], [972, 642], [576, 786]]",,"[[366, 6], [1272, 330]]",,0.47831887167556986,0.2987855003932608
484,4,2,8.016000000000076,,13518,"[954, 270]",False,Left,True,0.0,False,weak,False,"[[612, 24], [720, 294], [1062, 312], [1062, 330], [702, 348], [846, 420], [828, 510], [648, 546], [1026, 564], [792, 618], [972, 636], [576, 780]]",,"[[366, 0], [1272, 324]]",,0.47906923945140345,0.3000343502105275
485,4,2,8.034000000000106,,13518,"[954, 270]",False,Left,True,0.0,False,weak,False,"[[612, 18], [720, 288], [1062, 306], [1062, 324], [702, 342], [846, 414], [828, 504], [648, 540], [1026, 558], [792, 612], [972, 630], [576, 774]]",,"[[1278, 318]]",,0.47906923945140345,0.3000343502105275
486,4,2,8.049000000000092,,13518,"[954, 270]",False,Left,True,0.0,False,weak,False,"[[618, 12], [726, 282], [1068, 300], [1068, 318], [708, 336], [852, 408], [834, 498], [654, 534], [1032, 552], [798, 606], [978, 624], [582, 768]]",,"[[1284, 312]]",,0.47940421900530295,0.2998555527739005
487,4,2,8.066000000000031,,13518,"[954, 270]",False,Left,True,1.0,False,weak,False,"[[624, 6], [732, 276], [1074, 294], [1074, 312], [714, 330], [858, 402], [840, 492], [660, 528], [1038, 546], [804, 600], [984, 618], [588, 762]]",,"[[1290, 306]]",,0.47940421900530295,0.2998555527739005
488,4,2,8.082000000000107,,13518,"[954, 270]",False,Left,True,1.0,False,weak,False,"[[630, 0], [738, 270], [1080, 288], [1080, 306], [720, 324], [864, 396], [846, 486], [666, 522], [1044, 540], [810, 594], [990, 612], [594, 756]]",,"[[1302, 300]]",,0.47922955206953793,0.302846737352921
489,4,2,8.09800000000007,,13518,"[954, 270]",False,Left,True,1.0,False,weak,False,"[[750, 264], [1092, 282], [1092, 300], [732, 318], [876, 390], [858, 480], [678, 516], [1056, 534], [822, 588], [1002, 606], [606, 750]]",,"[[1314, 294]]",,0.47922955206953793,0.302846737352921
490,4,2,8.115000000000009,,13518,"[954, 270]",False,Left,True,1.0,False,weak,False,"[[762, 258], [1104, 276], [1104, 294], [744, 312], [888, 384], [870, 474], [690, 510], [1068, 528], [834, 582], [1014, 600], [618, 744]]",,"[[1326, 288]]",,0.4801431584479078,0.30686174750291306
491,4,2,8.131000000000085,,13518,"[954, 270]",False,Left,True,1.0,False,weak,False,"[[774, 252], [1116, 270], [1116, 288], [756, 306], [900, 378], [882, 468], [702, 504], [1080, 522], [846, 576], [1026, 594], [630, 738]]",,"[[1338, 282]]",,0.4801431584479078,0.30686174750291306
492,4,2,8.148000000000025,,13518,"[954, 270]",False,Left,True,1.0,False,weak,False,"[[786, 246], [1128, 264], [1128, 282], [768, 300], [912, 372], [894, 462], [714, 498], [1092, 516], [858, 570], [1038, 588], [642, 732]]",,"[[1350, 276]]",,0.47613099372588275,0.2938665016139198
493,4,2,8.165000000000077,,13518,"[954, 270]",False,Left,True,1.0,False,weak,False,"[[798, 240], [1140, 258], [1140, 276], [780, 294], [924, 366], [906, 456], [726, 492], [1104, 510], [870, 564], [1050, 582], [654, 726]]",,"[[1362, 270]]",,0.47613099372588275,0.2938665016139198
494,4,2,8.183000000000106,,13518,"[954, 270]",False,Left,True,1.0,False,weak,False,"[[810, 234], [1152, 252], [1152, 270], [792, 288], [936, 360], [918, 450], [738, 486], [1116, 504], [882, 558], [1062, 576], [666, 720]]",,"[[1374, 264]]",,0.4754641726810699,0.2960709713566182
495,4,2,8.19900000000007,,13518,"[954, 270]",False,Left,True,1.0,False,weak,False,"[[822, 228], [1164, 246], [1164, 264], [804, 282], [948, 354], [930, 444], [750, 480], [1128, 498], [894, 552], [1074, 570], [678, 714]]",,"[[1386, 258]]",,0.4754641726810699,0.2960709713566182
496,4,2,8.215000000000032,,13518,"[954, 270]",False,Left,True,1.0,False,weak,False,"[[834, 222], [1176, 240], [1176, 258], [816, 276], [960, 348], [942, 438], [762, 474], [1140, 492], [906, 546], [1086, 564], [690, 708]]",,"[[1398, 252]]",,0.4746096633940512,0.30014759226859566
497,4,2,8.232000000000085,,13518,"[954, 270]",False,Left,True,1.0,False,weak,False,"[[846, 216], [1188, 234], [1188, 252], [828, 270], [972, 342], [954, 432], [774, 468], [1152, 486], [918, 540], [1098, 558], [702, 702], [1170, 810]]",,"[[1410, 246]]",,0.4743601536373999,0.3008196446249256
498,4,2,8.248000000000047,,13518,"[954, 270]",False,Left,True,1.0,False,weak,False,"[[858, 210], [1200, 228], [1200, 246], [840, 264], [984, 336], [966, 426], [786, 462], [1164, 480], [930, 534], [1110, 552], [714, 696], [1182, 804]]",,"[[1422, 240]]",,0.4757626964879359,0.30914730871514384
499,4,2,8.263000000000034,,13518,"[954, 270]",False,Left,True,1.0,False,weak,False,"[[870, 204], [1212, 222], [1212, 240], [852, 258], [996, 330], [978, 420], [798, 456], [1176, 474], [942, 528], [1122, 546], [726, 690], [1194, 798]]",,"[[1434, 234]]",,0.4757626964879359,0.30914730871514384
500,4,2,8.27900000000011,,13518,"[954, 270]",False,Left,True,1.0,False,weak,False,"[[882, 198], [1224, 216], [1224, 234], [864, 252], [1008, 324], [990, 414], [810, 450], [1188, 468], [954, 522], [1134, 540], [738, 684], [1206, 792]]",,"[[1446, 228]]",,0.4766337059424755,0.3143354512009443
501,4,2,8.29600000000005,,13518,"[954, 270]",False,Left,True,1.0,False,weak,False,"[[894, 192], [1236, 210], [1236, 228], [876, 246], [1020, 318], [1002, 408], [822, 444], [1200, 462], [966, 516], [1146, 534], [750, 678], [1218, 786]]",,"[[1458, 222]]",,0.4766337059424755,0.3143354512009443
502,4,2,8.314000000000078,,13518,"[954, 270]",False,Left,True,1.0,False,weak,False,"[[906, 186], [1248, 204], [1248, 222], [888, 240], [1032, 312], [1014, 402], [834, 438], [1212, 456], [978, 510], [1158, 528], [762, 672], [1230, 780]]",,"[[1470, 216]]",,0.47794117903584415,0.3178375189760011
503,4,2,8.330000000000041,,13518,"[954, 270]",False,Left,True,1.0,False,weak,False,"[[918, 180], [1260, 198], [1260, 216], [900, 234], [1044, 306], [1026, 396], [846, 432], [1224, 450], [990, 504], [1170, 522], [774, 666], [1242, 774]]",,"[[1482, 210]]",,0.4788830628147168,0.3201436970358925
504,4,2,8.346000000000004,,13518,"[954, 270]",False,Left,True,1.0,False,weak,False,"[[930, 174], [1272, 192], [1272, 210], [912, 228], [1056, 300], [1038, 390], [858, 426], [1236, 444], [1002, 498], [1182, 516], [786, 660], [1254, 768]]",,"[[1494, 204]]",,0.4804594656618848,0.32342578730888083
505,4,2,8.36200000000008,,13518,"[954, 270]",False,Left,True,1.0,False,weak,False,"[[942, 168], [1284, 186], [1284, 204], [924, 222], [1068, 294], [1050, 384], [870, 420], [1248, 438], [1014, 492], [1194, 510], [798, 654], [1266, 762]]",,"[[1506, 198]]",,0.48070238386804665,0.32372930657078947
506,4,2,8.379000000000019,,13518,"[954, 270]",False,Left,True,1.0,False,weak,False,"[[954, 162], [1296, 180], [1296, 198], [936, 216], [1080, 288], [1062, 378], [882, 414], [1260, 432], [1026, 486], [1206, 504], [810, 648], [1278, 756]]",,"[[1518, 192]]",,0.4810037901117651,0.3256719931675125
507,4,2,8.395000000000095,,13518,"[954, 270]",False,Left,True,1.0,False,weak,False,"[[966, 156], [1308, 174], [1308, 192], [948, 210], [1092, 282], [1074, 372], [894, 408], [1272, 426], [1038, 480], [1218, 498], [822, 642], [1290, 750]]",,"[[1530, 186]]",,0.4810241289065592,0.32556280253826
508,4,2,8.411000000000058,,13518,"[954, 270]",False,Left,True,1.0,False,weak,False,"[[978, 150], [1320, 168], [1320, 186], [960, 204], [1104, 276], [1086, 366], [906, 402], [1284, 420], [1050, 474], [1230, 492], [834, 636], [1302, 744]]",,"[[1542, 180]]",,0.4813684250386131,0.32467608446052565
509,4,2,8.427999999999997,,13518,"[954, 270]",False,Left,True,1.0,False,weak,False,"[[990, 144], [1332, 162], [1332, 180], [972, 198], [1116, 270], [1098, 360], [918, 396], [1296, 414], [1062, 468], [1242, 486], [846, 630], [1314, 738]]",,"[[1554, 174]]",,0.48088390221729843,0.32374747223312295
510,4,2,8.444000000000074,,13518,"[954, 270]",False,Left,True,1.0,False,weak,False,"[[1002, 138], [1344, 156], [1344, 174], [984, 192], [1128, 264], [1110, 354], [930, 390], [1308, 408], [1074, 462], [1254, 480], [858, 624], [1326, 732]]",,"[[1566, 168]]",,0.4807772448306413,0.32401964020635077
511,4,2,8.460000000000036,,13518,"[954, 270]",False,Left,True,1.0,False,weak,False,"[[1014, 132], [1356, 150], [1356, 168], [996, 186], [1140, 258], [1122, 348], [942, 384], [1320, 402], [1086, 456], [1266, 474], [870, 618], [1338, 726]]",,"[[1578, 162]]",,0.48042634385263716,0.32398203605644693
512,4,2,8.47700000000009,,13518,"[954, 270]",False,Left,True,1.0,False,weak,False,"[[1026, 126], [1368, 144], [1368, 162], [1008, 180], [1152, 252], [1134, 342], [954, 378], [1332, 396], [1098, 450], [1278, 468], [882, 612], [1350, 720]]",,"[[1590, 156]]",,0.48047641797603474,0.3242116721970061
513,4,2,8.494000000000028,,13518,"[954, 270]",False,,True,1.0,False,weak,False,"[[1038, 120], [1380, 138], [1380, 156], [1020, 174], [1164, 246], [1146, 336], [966, 372], [1344, 390], [1110, 444], [1290, 462], [894, 606], [1362, 714]]",,"[[1596, 150]]",,0.48212475245287123,0.32715250194949164
514,4,2,8.511000000000081,,13518,"[954, 270]",False,,True,1.0,False,weak,False,"[[1044, 114], [1386, 132], [1386, 150], [1026, 168], [1170, 240], [1152, 330], [972, 366], [1350, 384], [1116, 438], [1296, 456], [900, 600], [1368, 708]]",,"[[1602, 144]]",,0.48153703349461463,0.32891398165831387
515,4,2,8.527000000000044,,13518,"[954, 270]",False,,True,1.0,False,weak,False,"[[1050, 108], [1392, 126], [1392, 144], [1032, 162], [1176, 234], [1158, 324], [978, 360], [1356, 378], [1122, 432], [1302, 450], [906, 594], [1374, 702]]",,"[[1608, 138]]",,0.4824122305858716,0.32927984422067036
516,4,2,8.544000000000096,,13518,"[954, 270]",False,,True,1.0,False,weak,False,"[[1056, 102], [1398, 120], [1398, 138], [1038, 156], [1182, 228], [1164, 318], [984, 354], [1362, 372], [1128, 426], [1308, 444], [912, 588], [1380, 696]]",,"[[1614, 132]]",,0.4819226800121643,0.3306047033277474
517,4,2,8.561000000000035,,13518,"[954, 270]",False,,True,1.0,False,weak,False,"[[1062, 96], [1404, 114], [1404, 132], [1044, 150], [1188, 222], [1170, 312], [990, 348], [1368, 366], [1134, 420], [1314, 438], [918, 582], [1386, 690]]",,"[[1620, 126]]",,0.4819038269259047,0.33146093992676307
518,4,2,8.576999999999998,,13518,"[954, 270]",False,,True,1.0,False,weak,False,"[[1068, 90], [1410, 108], [1410, 126], [1050, 144], [1194, 216], [1176, 306], [996, 342], [1374, 360], [1140, 414], [1320, 432], [924, 576], [1392, 684]]",,"[[1626, 120]]",,0.4820065893190052,0.3315724306475336
519,4,2,8.593000000000075,,13518,"[954, 270]",False,,True,1.0,False,weak,False,"[[1074, 84], [1416, 102], [1416, 120], [1056, 138], [1200, 210], [1182, 300], [1002, 336], [1380, 354], [1146, 408], [1326, 426], [930, 570], [1398, 678]]",,"[[1632, 114]]",,0.48221260557444773,0.3326361451021109
520,4,2,8.610000000000014,,13518,"[954, 270]",False,,True,1.0,False,weak,False,"[[1080, 78], [1422, 96], [1422, 114], [1062, 132], [1206, 204], [1188, 294], [1008, 330], [1386, 348], [1152, 402], [1332, 420], [936, 564], [1404, 672]]",,"[[1638, 108]]",,0.4823047773629729,0.3337989090915451
521,4,2,8.62600000000009,,13518,"[954, 270]",False,,True,1.0,False,weak,False,"[[1086, 72], [1428, 90], [1428, 108], [1068, 126], [1212, 198], [1194, 288], [1014, 324], [1392, 342], [1158, 396], [1338, 414], [942, 558], [1410, 666]]",,"[[1644, 102]]",,0.48204934804078486,0.3354884739907743
522,4,2,8.642000000000053,,13518,"[954, 270]",False,,True,1.0,False,weak,False,"[[1092, 66], [1434, 84], [1434, 102], [1074, 120], [1218, 192], [1200, 282], [1020, 318], [1398, 336], [1164, 390], [1344, 408], [948, 552], [1416, 660]]",,"[[1650, 96]]",,0.48173505066317385,0.3354751549703472
523,4,2,8.659000000000106,,13518,"[954, 270]",False,,True,1.0,False,weak,False,"[[1098, 60], [1440, 78], [1440, 96], [1080, 114], [1224, 186], [1206, 276], [1026, 312], [1404, 330], [1170, 384], [1350, 402], [954, 546], [1422, 654]]",,"[[1656, 90]]",,0.48283746937429556,0.3365209652812532
524,4,2,8.676000000000045,,13518,"[954, 270]",False,Right,True,1.0,False,weak,False,"[[1104, 54], [1446, 72], [1446, 90], [1086, 108], [1230, 180], [1212, 270], [1032, 306], [1410, 324], [1176, 378], [1356, 396], [960, 540], [1428, 648]]",,"[[1656, 84]]",,0.48283746937429556,0.3365209652812532
525,4,2,8.692000000000007,,13518,"[954, 270]",False,Right,True,1.0,False,weak,False,"[[1104, 48], [1446, 66], [1446, 84], [1086, 102], [1230, 174], [1212, 264], [1032, 300], [1410, 318], [1176, 372], [1356, 390], [960, 534], [1428, 642]]",,"[[1656, 78]]",,0.48375096129073036,0.3380083146403283
526,4,2,8.708000000000084,,13518,"[954, 270]",False,Right,True,1.0,False,weak,False,"[[1104, 42], [1446, 60], [1446, 78], [1086, 96], [1230, 168], [1212, 258], [1032, 294], [1410, 312], [1176, 366], [1356, 384], [960, 528], [1428, 636]]",,"[[1656, 72]]",,0.4840839815121831,0.33872779745006676
527,4,2,8.725000000000023,,13518,"[954, 270]",False,Right,True,1.0,False,weak,False,"[[1104, 36], [1446, 54], [1446, 72], [1086, 90], [1230, 162], [1212, 252], [1032, 288], [1410, 306], [1176, 360], [1356, 378], [960, 522], [1428, 630]]",,"[[1656, 66]]",,0.4851183725902198,0.34108510594149244
528,4,2,8.742000000000075,,13518,"[954, 270]",False,Right,True,1.0,False,weak,False,"[[1104, 30], [1446, 48], [1446, 66], [1086, 84], [1230, 156], [1212, 246], [1032, 282], [1410, 300], [1176, 354], [1356, 372], [960, 516], [1428, 624]]",,"[[1656, 60]]",,0.4851183725902198,0.34108510594149244
529,4,2,8.759000000000015,,13518,"[954, 270]",False,,True,1.0,False,weak,False,"[[1104, 24], [1446, 42], [1446, 60], [1086, 78], [1230, 150], [1212, 240], [1032, 276], [1410, 294], [1176, 348], [1356, 366], [960, 510], [1428, 618]]",,"[[1662, 54]]",,0.48527713478270157,0.3427040976142979
530,4,2,8.775000000000091,,13518,"[954, 270]",False,,True,1.0,False,weak,False,"[[1110, 18], [1452, 36], [1452, 54], [1092, 72], [1236, 144], [1218, 234], [1038, 270], [1416, 288], [1182, 342], [1362, 360], [966, 504], [1434, 612]]",,"[[1668, 48]]",,0.48527713478270157,0.3427040976142979
531,4,2,8.79200000000003,,13518,"[954, 270]",False,,True,1.0,False,weak,False,"[[1116, 12], [1458, 30], [1458, 48], [1098, 66], [1242, 138], [1224, 228], [1044, 264], [1422, 282], [1188, 336], [1368, 354], [972, 498], [1440, 606]]",,"[[1674, 42]]",,0.4841516505692255,0.3430135419726097
532,4,2,8.808000000000106,,13518,"[954, 270]",False,,True,1.0,False,weak,False,"[[1122, 6], [1464, 24], [1464, 42], [1104, 60], [1248, 132], [1230, 222], [1050, 258], [1428, 276], [1194, 330], [1374, 348], [978, 492], [1446, 600]]",,"[[1680, 36]]",,0.48390016912162925,0.3425138254014073
533,4,2,8.825000000000045,,13518,"[954, 270]",False,,True,1.0,False,weak,False,"[[1128, 0], [1470, 18], [1470, 36], [1110, 54], [1254, 126], [1236, 216], [1056, 252], [1434, 270], [1200, 324], [1380, 342], [984, 486], [1452, 594]]",,"[[1686, 30]]",,0.4801470926409241,0.3295941548511817
534,4,2,8.841000000000008,,13518,"[954, 270]",False,,True,1.0,False,weak,False,"[[1476, 12], [1476, 30], [1116, 48], [1260, 120], [1242, 210], [1062, 246], [1440, 264], [1206, 318], [1386, 336], [990, 480], [1458, 588]]",,"[[1692, 24]]",,0.4801470926409241,0.3295941548511817
535,4,2,8.857000000000085,,13518,"[954, 270]",False,,True,1.0,False,weak,False,"[[1482, 6], [1482, 24], [1122, 42], [1266, 114], [1248, 204], [1068, 240], [1446, 258], [1212, 312], [1392, 330], [996, 474], [1464, 582]]",,"[[1698, 18]]",,0.4803743006487817,0.3309517865354411
536,4,2,8.874000000000024,,13518,"[954, 270]",False,,True,1.0,False,weak,False,"[[1488, 0], [1488, 18], [1128, 36], [1272, 108], [1254, 198], [1074, 234], [1452, 252], [1218, 306], [1398, 324], [1002, 468], [1470, 576]]",,"[[1704, 12]]",,0.4803743006487817,0.3309517865354411
537,4,2,8.8900000000001,,13518,"[954, 270]",False,,True,1.0,False,weak,False,"[[1494, 12], [1134, 30], [1278, 102], [1260, 192], [1080, 228], [1458, 246], [1224, 300], [1404, 318], [1008, 462], [1476, 570]]",,"[[1710, 6]]",,0.481303973085209,0.3292833123536555
538,4,2,8.907000000000039,,13518,"[954, 270]",False,,True,0.0,False,weak,False,"[[1500, 6], [1140, 24], [1284, 96], [1266, 186], [1086, 222], [1464, 240], [1230, 294], [1410, 312], [1014, 456], [1482, 564]]",,"[[1716, 0]]",,0.481303973085209,0.3292833123536555
539,4,2,8.924000000000092,,13518,"[954, 270]",False,,True,0.0,False,weak,False,"[[1506, 0], [1146, 18], [1290, 90], [1272, 180], [1092, 216], [1470, 234], [1236, 288], [1416, 306], [1020, 450], [1488, 558]]",,[],,0.48271682314283665,0.3292568027402728
540,4,2,8.941000000000031,,13518,"[954, 270]",False,,True,0.0,False,weak,False,"[[1146, 12], [1290, 84], [1272, 174], [1092, 210], [1470, 228], [1236, 282], [1416, 300], [1020, 444], [1488, 552]]",,[],,0.48271682314283665,0.3292568027402728
541,4,2,8.958000000000084,,13518,"[954, 270]",False,,True,0.0,False,weak,False,"[[1146, 6], [1290, 78], [1272, 168], [1092, 204], [1470, 222], [1236, 276], [1416, 294], [1020, 438], [1488, 546]]",,[],,0.4835175469084508,0.3281852459289073
542,4,2,8.974000000000046,,13518,"[954, 270]",False,Right,True,0.0,False,weak,False,"[[1146, 0], [1290, 72], [1272, 162], [1092, 198], [1470, 216], [1236, 270], [1416, 288], [1020, 432], [1488, 540]]",,[],,0.4835175469084508,0.3281852459289073
543,4,2,8.9910000000001,,13518,"[954, 270]",False,Right,True,0.0,False,weak,False,"[[1284, 66], [1266, 156], [1086, 192], [1464, 210], [1230, 264], [1410, 282], [1014, 426], [1482, 534]]",,[],,0.48401358225661834,0.329616965682774
544,4,2,9.006000000000085,,13518,"[954, 270]",False,Right,True,0.0,False,weak,False,"[[1278, 60], [1260, 150], [1080, 186], [1458, 204], [1224, 258], [1404, 276], [1008, 420], [1476, 528]]",,[],,0.48401358225661834,0.329616965682774
545,4,2,9.022000000000048,,13518,"[954, 270]",False,Right,True,0.0,False,weak,False,"[[1272, 54], [1254, 144], [1074, 180], [1452, 198], [1218, 252], [1398, 270], [1002, 414], [1470, 522]]",,[],,0.48434603841142587,0.3308246544666621
546,4,2,9.039000000000101,,13518,"[954, 270]",False,Right,True,0.0,False,weak,False,"[[1266, 48], [1248, 138], [1068, 174], [1446, 192], [1212, 246], [1392, 264], [996, 408], [1464, 516]]",,[],,0.48434603841142587,0.3308246544666621
547,4,2,9.054000000000087,,13518,"[954, 270]",False,Right,True,0.0,False,weak,False,"[[1260, 42], [1242, 132], [1062, 168], [1440, 186], [1206, 240], [1386, 258], [990, 402], [1458, 510]]",,[],,0.4853571621006063,0.33658353107025796
548,4,2,9.07000000000005,,13518,"[954, 270]",False,Right,True,0.0,False,weak,False,"[[1254, 36], [1236, 126], [1056, 162], [1434, 180], [1200, 234], [1380, 252], [984, 396], [1452, 504]]",,[],,0.4853571621006063,0.33658353107025796
549,4,2,9.087000000000103,,13518,"[954, 270]",False,Right,True,0.0,False,weak,False,"[[1248, 30], [1230, 120], [1050, 156], [1428, 174], [1194, 228], [1374, 246], [978, 390], [1446, 498]]",,[],,0.48487133940983734,0.3408991373162735
550,4,2,9.104000000000042,,13518,"[954, 270]",False,Right,True,0.0,False,weak,False,"[[1242, 24], [1224, 114], [1044, 150], [1422, 168], [1188, 222], [1368, 240], [972, 384], [1440, 492]]",,[],,0.48487133940983734,0.3408991373162735
551,4,2,9.120000000000005,,13518,"[954, 270]",False,Right,True,0.0,False,weak,False,"[[1236, 18], [1218, 108], [1038, 144], [1416, 162], [1182, 216], [1362, 234], [966, 378], [1434, 486]]",,[],,0.4785275007488864,0.3275730338989219
552,4,2,9.136000000000081,,13518,"[954, 270]",False,Right,True,0.0,False,weak,False,"[[1230, 12], [1212, 102], [1032, 138], [1410, 156], [1176, 210], [1356, 228], [960, 372], [1428, 480]]",,[],,0.4785275007488864,0.3275730338989219
553,4,2,9.152000000000044,,13518,"[954, 270]",False,Right,True,0.0,False,weak,False,"[[1224, 6], [1206, 96], [1026, 132], [1404, 150], [1170, 204], [1350, 222], [954, 366], [1422, 474]]",,[],,0.478697540045811,0.32970734997195794
554,4,2,9.169000000000096,,13518,"[954, 270]",False,Right,True,0.0,False,weak,False,"[[1218, 0], [1200, 90], [1020, 126], [1398, 144], [1164, 198], [1344, 216], [948, 360], [1416, 468]]",,[],,0.478697540045811,0.32970734997195794
555,4,2,9.186000000000035,,13518,"[954, 270]",False,Right,True,0.0,False,weak,False,"[[1194, 84], [1014, 120], [1392, 138], [1158, 192], [1338, 210], [942, 354], [1410, 462]]",,[],,0.4787127964034064,0.3277437060931071
556,4,2,9.201999999999998,,13518,"[954, 270]",False,Right,True,0.0,False,weak,False,"[[1188, 78], [1008, 114], [1386, 132], [1152, 186], [1332, 204], [936, 348], [1404, 456]]",,[],,0.4787127964034064,0.3277437060931071
557,4,2,9.219000000000051,,13518,"[954, 270]",False,Right,True,0.0,False,weak,False,"[[1182, 72], [1002, 108], [1380, 126], [1146, 180], [1326, 198], [930, 342], [1398, 450]]",,[],,0.4796317822060409,0.328248876954497
558,4,2,9.236000000000104,,13518,"[954, 270]",False,Right,True,0.0,False,weak,False,"[[1176, 66], [996, 102], [1374, 120], [1140, 174], [1320, 192], [924, 336], [1392, 444]]",,[],,0.47982603286104225,0.32893477067598886
559,4,2,9.253000000000043,,13518,"[954, 270]",False,Right,True,0.0,False,weak,False,"[[1170, 60], [990, 96], [1368, 114], [1134, 168], [1314, 186], [918, 330], [1386, 438]]",,[],,0.48064261793961915,0.3294384221392921
560,4,2,9.270000000000095,,13518,"[954, 270]",False,Right,True,0.0,False,weak,False,"[[1164, 54], [984, 90], [1362, 108], [1128, 162], [1308, 180], [912, 324], [1380, 432]]",,[],,0.48064261793961915,0.3294384221392921
561,4,2,9.287000000000035,,13518,"[954, 270]",False,Right,True,0.0,False,weak,False,"[[1158, 48], [978, 84], [1356, 102], [1122, 156], [1302, 174], [906, 318], [1374, 426]]",,[],,0.4798550270934654,0.3312982077261287
562,4,2,9.302999999999997,,13518,"[954, 270]",False,Right,True,0.0,False,weak,False,"[[1152, 42], [972, 78], [1350, 96], [1116, 150], [1296, 168], [900, 312], [1368, 420]]",,[],,0.4800812538595539,0.33151612584258716
563,4,2,9.319000000000074,,13518,"[954, 270]",False,Right,True,0.0,False,weak,False,"[[1146, 36], [966, 72], [1344, 90], [1110, 144], [1290, 162], [894, 306], [1362, 414]]",,[],,0.47791053834780717,0.3299437249424474
564,4,2,9.335000000000036,,13518,"[954, 270]",False,Right,True,0.0,False,weak,False,"[[1140, 30], [960, 66], [1338, 84], [1104, 138], [1284, 156], [888, 300], [1356, 408]]",,[],,0.47791053834780717,0.3299437249424474
565,4,2,9.350999999999999,,13518,"[954, 270]",False,Right,True,0.0,False,weak,False,"[[1134, 24], [954, 60], [1332, 78], [1098, 132], [1278, 150], [882, 294], [1350, 402]]",,[],,0.4767434973927373,0.32989853199313723
566,4,2,9.368000000000052,,13518,"[954, 270]",False,Right,True,0.0,False,weak,False,"[[1128, 18], [948, 54], [1326, 72], [1092, 126], [1272, 144], [876, 288], [1344, 396]]",,[],,0.4767434973927373,0.32989853199313723
567,4,2,9.385000000000105,,13518,"[954, 270]",False,Right,True,0.0,False,weak,False,"[[1122, 12], [942, 48], [1320, 66], [1086, 120], [1266, 138], [870, 282], [1338, 390]]",,[],,0.4761591575114661,0.3294005907621619
568,4,2,9.402000000000044,,13518,"[954, 270]",False,Right,True,0.0,False,weak,False,"[[1116, 6], [936, 42], [1314, 60], [1080, 114], [1260, 132], [864, 276], [1332, 384]]",,[],,0.47603805267973903,0.3290450053637376
569,4,2,9.41700000000003,,13518,"[954, 270]",False,Right,True,0.0,False,weak,False,"[[1110, 0], [930, 36], [1308, 54], [1074, 108], [1254, 126], [858, 270], [1326, 378]]",,[],,0.47540733011255043,0.3279144888194653
570,4,2,9.433000000000106,,13518,"[954, 270]",False,Right,True,0.0,False,weak,False,"[[924, 30], [1302, 48], [1068, 102], [1248, 120], [852, 264], [1320, 372]]",,[],,0.47540733011255043,0.3279144888194653
571,4,2,9.450000000000045,,13518,"[954, 270]",False,Right,True,0.0,False,weak,False,"[[918, 24], [1296, 42], [1062, 96], [1242, 114], [846, 258], [1314, 366]]",,[],,0.47548774277534694,0.3283966762209348
572,4,2,9.467000000000098,,13518,"[954, 270]",False,Right,True,0.0,False,weak,False,"[[912, 18], [1290, 36], [1056, 90], [1236, 108], [840, 252], [1308, 360]]",,[],,0.475616064948171,0.3287163644791812
573,4,2,9.484000000000037,,13518,"[954, 270]",False,Right,True,0.0,False,weak,False,"[[906, 12], [1284, 30], [1050, 84], [1230, 102], [834, 246], [1302, 354]]",,[],,0.4754300702558111,0.32894797118345165
574,4,2,9.499000000000024,,13518,"[954, 270]",False,Right,True,0.0,False,weak,False,"[[900, 6], [1278, 24], [1044, 78], [1224, 96], [828, 240], [1296, 348]]",,[],,0.4753991827649052,0.32898701716394285
575,4,2,9.516000000000076,,13518,"[954, 270]",False,Right,True,0.0,False,weak,False,"[[894, 0], [1272, 18], [1038, 72], [1218, 90], [822, 234], [1290, 342]]",,[],,0.4756338971067719,0.32917776457379455
576,4,2,9.532000000000039,,13518,"[954, 270]",False,Right,True,0.0,False,weak,False,"[[1266, 12], [1032, 66], [1212, 84], [816, 228], [1284, 336]]",,[],,0.4759581990894546,0.33019863205025735
577,4,2,9.549000000000092,,13518,"[954, 270]",False,Right,True,0.0,False,weak,False,"[[1260, 6], [1026, 60], [1206, 78], [810, 222], [1278, 330]]",,[],,0.4761882985189147,0.33016134126690666
578,4,2,9.566000000000031,,13518,"[954, 270]",False,Right,True,0.0,False,weak,False,"[[1254, 0], [1020, 54], [1200, 72], [804, 216], [1272, 324]]",,[],,0.4774805244835737,0.33286344846131266
579,4,2,9.583000000000084,,13518,"[954, 270]",False,Right,True,0.0,False,weak,False,"[[1014, 48], [1194, 66], [798, 210], [1266, 318]]",,[],,0.4779259705808072,0.33385493231502705
580,4,2,9.600000000000023,,13518,"[954, 270]",False,Right,True,0.0,False,weak,False,"[[1008, 42], [1188, 60], [792, 204], [1260, 312]]",,[],,0.4828673918251643,0.3274846106451901
581,4,2,9.615000000000009,,13518,"[954, 270]",False,Right,True,0.0,False,weak,False,"[[1002, 36], [1182, 54], [786, 198], [1254, 306]]",,[],,0.49059773280715124,0.3049530091165329
582,4,2,9.632000000000062,,13518,"[954, 270]",False,Right,True,0.0,False,weak,False,"[[996, 30], [1176, 48], [780, 192], [1248, 300]]",,[],,0.49124427333874354,0.29782108535772034
583,4,2,9.648000000000025,,13518,"[954, 270]",False,Right,True,0.0,False,weak,False,"[[990, 24], [1170, 42], [774, 186], [1242, 294]]",,[],,0.4909944000168179,0.2971410373805352
584,4,2,9.664000000000101,,13518,"[954, 270]",False,Right,True,0.0,False,weak,False,"[[984, 18], [1164, 36], [768, 180], [1236, 288]]",,[],,0.49038132659213174,0.29322475793384184
585,4,2,9.68100000000004,,13518,"[954, 270]",False,Right,True,0.0,False,weak,False,"[[978, 12], [1158, 30], [762, 174], [1230, 282]]",,[],,0.4902890724262569,0.2925525891371663
586,4,2,9.698000000000093,,13518,"[954, 270]",False,,True,0.0,False,weak,False,"[[972, 6], [1152, 24], [756, 168], [1224, 276]]",,[],,0.4904855627528789,0.2900244462149413
587,4,2,9.71300000000008,,13518,"[954, 270]",False,,True,0.0,False,weak,False,"[[972, 0], [1152, 18], [756, 162], [1224, 270]]",,[],,0.4905325349534526,0.2906551931729561
588,4,2,9.729000000000042,,13518,"[954, 270]",False,,True,0.0,False,weak,False,"[[1152, 12], [756, 156], [1224, 264]]",,[],,0.4896355906108195,0.29246359953795775
589,4,2,9.746000000000095,,13518,"[954, 270]",False,,True,0.0,False,weak,False,"[[1152, 6], [756, 150], [1224, 258]]",,[],,0.4896355906108195,0.29246359953795775
590,4,2,9.763000000000034,,13518,"[954, 270]",False,,True,0.0,False,weak,False,"[[1152, 0], [756, 144], [1224, 252]]",,[],,0.4882228445794034,0.2957786393223657
591,4,2,9.77900000000011,,13518,"[954, 270]",False,,True,0.0,False,weak,False,"[[756, 138], [1224, 246]]",,[],,0.4882228445794034,0.2957786393223657
592,4,2,9.79600000000005,,13518,"[954, 270]",False,,True,0.0,False,weak,False,"[[756, 132], [1224, 240]]",,[],,0.4866785205218057,0.29956282958468083
593,4,2,9.812000000000012,,13518,"[954, 270]",False,,True,0.0,False,weak,False,"[[756, 126], [1224, 234], [1098, 810]]",,[],,0.4866785205218057,0.29956282958468083
594,4,2,9.829000000000065,,13518,"[954, 270]",False,,True,0.0,False,weak,False,"[[756, 120], [1224, 228], [1098, 804]]",,[],,0.48073080251845174,0.29859712527547333
595,4,2,9.846000000000004,,13518,"[954, 270]",False,,True,0.0,False,weak,False,"[[756, 114], [1224, 222], [1098, 798]]",,[],,0.48073080251845174,0.29859712527547333
596,4,2,9.864000000000033,,13518,"[954, 270]",False,,True,0.0,False,weak,False,"[[756, 108], [1224, 216], [1098, 792]]",,[],,0.4817862174767189,0.29820470009470623
597,4,2,9.881000000000085,,13518,"[954, 270]",False,,True,0.0,False,weak,False,"[[756, 102], [1224, 210], [1098, 786]]",,[],,0.48169413365282265,0.2985618077349249
598,4,2,9.898000000000025,,13518,"[954, 270]",False,,True,0.0,False,weak,False,"[[756, 96], [1224, 204], [1098, 780]]",,[],,0.4820530773806757,0.29814082489188876
599,4,2,9.914000000000101,,13518,"[954, 270]",False,,True,0.0,False,weak,False,"[[756, 90], [1224, 198], [1098, 774]]",,[],,0.4820530773806757,0.29814082489188876
600,4,2,9.93100000000004,,13518,"[954, 270]",False,,True,0.0,False,weak,False,"[[756, 84], [1224, 192], [1098, 768]]",,[],,0.4808898549440624,0.301192247983307
601,4,2,9.947000000000003,,13518,"[954, 270]",False,,True,0.0,False,weak,False,"[[756, 78], [1224, 186], [1098, 762]]",,[],,0.4808898549440624,0.301192247983307
602,4,2,9.964000000000055,,13518,"[954, 270]",False,,True,0.0,False,weak,False,"[[756, 72], [1224, 180], [1098, 756]]",,[],,0.4810584909293583,0.3029893611781448
603,4,2,9.981000000000108,,13518,"[954, 270]",False,,True,0.0,False,weak,False,"[[756, 66], [1224, 174], [1098, 750]]",,[],,0.4810584909293583,0.3029893611781448
604,4,2,9.997000000000071,,13518,"[954, 270]",False,,True,0.0,False,weak,False,"[[756, 60], [1224, 168], [1098, 744]]",,[],,0.48085037843516576,0.30468063367292186
605,4,2,10.01400000000001,,13518,"[954, 270]",False,,True,0.0,False,weak,False,"[[756, 54], [1224, 162], [1098, 738]]",,[],,0.48085037843516576,0.30468063367292186
606,4,2,10.031000000000063,,13518,"[954, 270]",False,,True,0.0,False,weak,False,"[[756, 48], [1224, 156], [1098, 732]]",,[],,0.481014602018808,0.3053437599996469
607,4,2,10.047000000000025,,13518,"[954, 270]",False,,True,0.0,False,weak,False,"[[756, 42], [1224, 150], [1098, 726]]",,[],,0.481014602018808,0.3053437599996469
608,4,2,10.063000000000102,,13518,"[954, 270]",False,,True,0.0,False,weak,False,"[[756, 36], [1224, 144], [1098, 720], [1080, 810]]",,[],,0.4796677005292585,0.30857368425999343
609,4,2,10.080000000000041,,13518,"[954, 270]",False,,True,0.0,False,weak,False,"[[756, 30], [1224, 138], [1098, 714], [1080, 804]]",,[],,0.4796677005292585,0.30857368425999343
610,4,2,10.096000000000004,,13518,"[954, 270]",False,,True,0.0,False,weak,False,"[[756, 24], [1224, 132], [1098, 708], [1080, 798]]",,[],,0.48217631536716105,0.30872801806378414
611,4,2,10.113000000000056,,13518,"[954, 270]",False,,True,0.0,False,weak,False,"[[756, 18], [1224, 126], [1098, 702], [1080, 792]]",,[],,0.48217631536716105,0.30872801806378414
612,4,2,10.129000000000019,,13518,"[954, 270]",False,,True,0.0,False,weak,False,"[[756, 12], [1224, 120], [1098, 696], [1080, 786]]",,[],,0.47982303539842686,0.30704929029637085
613,4,2,10.146000000000072,,13518,"[954, 270]",False,,True,0.0,False,weak,False,"[[756, 6], [1224, 114], [1098, 690], [1080, 780]]",,"[[546, 810]]",,0.47982303539842686,0.30704929029637085
614,4,2,10.162000000000035,,13518,"[954, 270]",False,,True,0.0,False,weak,False,"[[756, 0], [1224, 108], [1098, 684], [1080, 774], [1080, 810]]",,"[[546, 804]]",,0.5236569814115712,0.32318463886667337
615,4,2,10.177999999999997,,13518,"[954, 270]",False,,True,0.0,False,weak,False,"[[1224, 102], [1098, 678], [1080, 768], [1080, 804]]",,"[[546, 798]]",,0.5236569814115712,0.32318463886667337
616,4,2,10.19500000000005,,13518,"[954, 270]",False,,True,0.0,False,weak,False,"[[1224, 96], [1098, 672], [1080, 762], [1080, 798]]",,"[[546, 792]]",,0.4370483555546776,0.2323607540096343
617,4,2,10.212000000000103,,13518,"[954, 270]",False,,True,0.0,False,weak,False,"[[1224, 90], [1098, 666], [1080, 756], [1080, 792]]",,"[[546, 786]]",,0.4370483555546776,0.2323607540096343
618,4,2,10.228000000000065,,13518,"[954, 270]",False,,True,0.0,False,weak,False,"[[1224, 84], [1098, 660], [1080, 750], [1080, 786]]",,"[[546, 780]]",,0.45967797138035016,0.02256470883644146
619,4,2,10.244000000000028,,13518,"[954, 270]",False,,True,0.0,False,weak,False,"[[1224, 78], [1098, 654], [1080, 744], [1080, 780]]",,"[[546, 774]]",,0.45967797138035016,0.02256470883644146
620,4,2,10.261000000000081,,13518,"[954, 270]",False,,True,0.0,False,weak,False,"[[1224, 72], [1098, 648], [1080, 738], [1080, 774]]",,"[[546, 768]]",,0.46913819612346275,0.25467631790051626
621,4,2,10.27800000000002,,13518,"[954, 270]",False,,True,0.0,False,weak,False,"[[1224, 66], [1098, 642], [1080, 732], [1080, 768]]",,"[[546, 762]]",,0.46847380311116565,0.2524985035672478
622,4,2,10.294000000000096,,13518,"[954, 270]",False,,True,0.0,False,weak,False,"[[1224, 60], [1098, 636], [1080, 726], [1080, 762]]",,"[[546, 756]]",,0.4598665044072082,0.18707537276155495
623,4,2,10.311000000000035,,13518,"[954, 270]",False,,True,0.0,False,weak,False,"[[1224, 54], [1098, 630], [1080, 720], [1080, 756]]",,"[[546, 750]]",,0.4598665044072082,0.18707537276155495
624,4,2,10.326999999999998,,13518,"[954, 270]",False,,True,0.0,False,weak,False,"[[1224, 48], [1098, 624], [1080, 714], [1080, 750]]",,"[[546, 744]]",,0.4582767427100154,0.18159946886634037
625,4,2,10.343000000000075,,13518,"[954, 270]",False,,True,0.0,False,weak,False,"[[1224, 42], [1098, 618], [1080, 708], [1080, 744]]",,"[[546, 738]]",,0.4582767427100154,0.18159946886634037
626,4,2,10.360000000000014,,13518,"[954, 270]",False,,True,0.0,False,weak,False,"[[1224, 36], [1098, 612], [1080, 702], [1080, 738]]",,"[[546, 732]]",,0.48639251601326494,0.19638636527663222
627,4,2,10.377000000000066,,13518,"[954, 270]",False,,True,0.0,False,weak,False,"[[1224, 30], [1098, 606], [1080, 696], [1080, 732]]",,"[[546, 726]]",,0.48594222930998276,0.19796059303195668
628,4,2,10.394000000000005,,13518,"[954, 270]",False,,True,0.0,False,weak,False,"[[1224, 24], [1098, 600], [1080, 690], [1080, 726]]",,"[[546, 720]]",,0.48490574345520365,0.2011351288643386
629,4,2,10.410000000000082,,13518,"[954, 270]",False,,True,0.0,False,weak,False,"[[1224, 18], [1098, 594], [1080, 684], [1080, 720]]",,"[[546, 714]]",,0.48490574345520365,0.2011351288643386
630,4,2,10.427000000000021,,13518,"[954, 270]",False,,True,0.0,False,weak,False,"[[1224, 12], [1098, 588], [1080, 678], [1080, 714]]",,"[[546, 708]]",,0.4813833340474384,0.21143984720987863
631,4,2,10.443000000000097,,13518,"[954, 270]",False,,True,0.0,False,weak,False,"[[1224, 6], [1098, 582], [1080, 672], [1080, 708]]",,"[[546, 702]]",,0.4813833340474384,0.21143984720987863
632,4,2,10.460000000000036,,13518,"[954, 270]",False,,True,0.0,False,weak,False,"[[1224, 0], [1098, 576], [1080, 666], [1080, 702], [1224, 810]]",,"[[546, 696]]",,0.4477969160783791,0.2622957237694128
633,4,2,10.47700000000009,,13518,"[954, 270]",False,,True,0.0,False,weak,False,"[[1098, 570], [1080, 660], [1080, 696], [1224, 804]]",,"[[546, 690]]",,0.4477969160783791,0.2622957237694128
634,4,2,10.494000000000028,,13518,"[954, 270]",False,,True,0.0,False,weak,False,"[[1098, 564], [1080, 654], [1080, 690], [1224, 798]]",,"[[546, 684]]",,0.44912587823255856,0.24058397739284898
635,4,2,10.511000000000081,,13518,"[954, 270]",False,,True,0.0,False,weak,False,"[[1098, 558], [1080, 648], [1080, 684], [1224, 792]]",,"[[546, 678]]",,0.44912587823255856,0.24058397739284898
636,4,2,10.527000000000044,,13518,"[954, 270]",False,,True,0.0,False,weak,False,"[[1098, 552], [1080, 642], [1080, 678], [1224, 786]]",,"[[546, 672]]",,0.4349238720829035,0.21651149063290076
637,4,2,10.544000000000096,,13518,"[954, 270]",False,,True,0.0,False,weak,False,"[[1098, 546], [1080, 636], [1080, 672], [1224, 780]]",,"[[546, 666]]",,0.4346843298211073,0.21621795292744495
638,4,2,10.561000000000035,,13518,"[954, 270]",False,,True,0.0,False,weak,False,"[[1098, 540], [1080, 630], [1080, 666], [1224, 774]]",,"[[546, 660]]",,0.43038019687974793,0.22281371657658167
639,4,2,10.576999999999998,,13518,"[954, 270]",False,,True,0.0,False,weak,False,"[[1098, 534], [1080, 624], [1080, 660], [1224, 768]]",,"[[546, 654]]",,0.43038019687974793,0.22281371657658167
640,4,2,10.594000000000051,,13518,"[954, 270]",False,,True,0.0,False,weak,False,"[[1098, 528], [1080, 618], [1080, 654], [1224, 762]]",,"[[546, 648]]",,0.4281399763216787,0.22741736721752237
641,4,2,10.610000000000014,,13518,"[954, 270]",False,,True,0.0,False,weak,False,"[[1098, 522], [1080, 612], [1080, 648], [1224, 756], [684, 810]]",,"[[546, 642]]",,0.4281399763216787,0.22741736721752237
642,4,2,10.627000000000066,,13518,"[954, 270]",False,,True,0.0,False,weak,False,"[[1098, 516], [1080, 606], [1080, 642], [1224, 750], [684, 804]]",,"[[546, 636]]",,0.4256389636346042,0.22835791090966795
643,4,2,10.644000000000005,,13518,"[954, 270]",False,,True,0.0,False,weak,False,"[[1098, 510], [1080, 600], [1080, 636], [1224, 744], [684, 798]]",,"[[546, 630]]",,0.4259687209109444,0.22969775981143747
644,4,2,10.660000000000082,,13518,"[954, 270]",False,,True,0.0,False,weak,False,"[[1098, 504], [1080, 594], [1080, 630], [1224, 738], [684, 792]]",,"[[546, 624]]",,0.42633179302815805,0.23240750624714535
645,4,2,10.677000000000021,,13518,"[954, 270]",False,,True,0.0,False,weak,False,"[[1098, 498], [1080, 588], [1080, 624], [1224, 732], [684, 786]]",,"[[546, 618]]",,0.42633179302815805,0.23240750624714535
646,4,2,10.694000000000074,,13518,"[954, 270]",False,,True,0.0,False,weak,False,"[[1098, 492], [1080, 582], [1080, 618], [1224, 726], [684, 780]]",,"[[546, 612]]",,0.4253206200722972,0.23244768123330983
647,4,2,10.711000000000013,,13518,"[954, 270]",False,,True,0.0,False,weak,False,"[[1098, 486], [1080, 576], [1080, 612], [1224, 720], [684, 774]]",,"[[546, 606]]",,0.4253206200722972,0.23244768123330983
648,4,2,10.72700000000009,,13518,"[954, 270]",False,,True,0.0,False,weak,False,"[[1098, 480], [1080, 570], [1080, 606], [1224, 714], [684, 768]]",,"[[546, 600]]",,0.42669739154362263,0.23629133644854128
649,4,2,10.744000000000028,,13518,"[954, 270]",False,,True,0.0,False,weak,False,"[[1098, 474], [1080, 564], [1080, 600], [1224, 708], [684, 762]]",,"[[546, 594]]",,0.44150327394857564,0.2455691670036746
650,4,2,10.761000000000081,,13518,"[954, 270]",False,,True,0.0,False,weak,False,"[[1098, 468], [1080, 558], [1080, 594], [1224, 702], [684, 756]]",,"[[546, 588]]",,0.46361868245791066,0.2506371168468431
651,4,2,10.777000000000044,,13518,"[954, 270]",False,,True,0.0,False,weak,False,"[[1098, 462], [1080, 552], [1080, 588], [1224, 696], [684, 750]]",,"[[546, 582]]",,0.46361868245791066,0.2506371168468431
652,4,2,10.794000000000096,,13518,"[954, 270]",False,,True,0.0,False,weak,False,"[[1098, 456], [1080, 546], [1080, 582], [1224, 690], [684, 744]]",,"[[546, 576]]",,0.4657168659637955,0.25398444074629556
653,4,2,10.811000000000035,,13518,"[954, 270]",False,,True,0.0,False,weak,False,"[[1098, 450], [1080, 540], [1080, 576], [1224, 684], [684, 738]]",,"[[546, 570]]",,0.4658475232716685,0.25733976917452517
654,4,2,10.826000000000022,,13518,"[954, 270]",False,,True,0.0,False,weak,False,"[[1098, 444], [1080, 534], [1080, 570], [1224, 678], [684, 732]]",,"[[546, 564]]",,0.4662783199438968,0.2605533156139338
655,4,2,10.842000000000098,,13518,"[954, 270]",False,,True,0.0,False,weak,False,"[[1098, 438], [1080, 528], [1080, 564], [1224, 672], [684, 726]]",,"[[546, 558]]",,0.4667948077839917,0.26119004045127037
656,4,2,10.858000000000061,,13518,"[954, 270]",False,,True,0.0,False,weak,False,"[[1098, 432], [1080, 522], [1080, 558], [1224, 666], [684, 720]]",,"[[546, 552]]",,0.47090109127900937,0.2546242871633072
657,4,2,10.875,,13518,"[954, 270]",False,,True,0.0,False,weak,False,"[[1098, 426], [1080, 516], [1080, 552], [1224, 660], [684, 714]]",,"[[546, 546]]",,0.47090109127900937,0.2546242871633072
658,4,2,10.892000000000053,,13518,"[954, 270]",False,,True,0.0,False,weak,False,"[[1098, 420], [1080, 510], [1080, 546], [1224, 654], [684, 708]]",,"[[546, 540]]",,0.47256876903599065,0.2521142005347353
659,4,2,10.908000000000015,,13518,"[954, 270]",False,,True,0.0,False,weak,False,"[[1098, 414], [1080, 504], [1080, 540], [1224, 648], [684, 702]]",,"[[546, 534]]",,0.473549576411102,0.25039332106970325
660,4,2,10.924000000000092,,13518,"[954, 270]",False,,True,0.0,False,weak,False,"[[1098, 408], [1080, 498], [1080, 534], [1224, 642], [684, 696]]",,"[[546, 528]]",,0.47444356564096085,0.25321950070084287
661,4,2,10.940000000000055,,13518,"[954, 270]",False,,True,0.0,False,weak,False,"[[1098, 402], [1080, 492], [1080, 528], [1224, 636], [684, 690]]",,"[[546, 522]]",,0.4746104761590355,0.25466281114143163
662,4,2,10.956000000000017,,13518,"[954, 270]",False,,True,0.0,False,weak,False,"[[1098, 396], [1080, 486], [1080, 522], [1224, 630], [684, 684]]",,"[[546, 516]]",,0.4736839365036832,0.2594048366507372
663,4,2,10.972000000000094,,13518,"[954, 270]",False,,True,0.0,False,weak,False,"[[1098, 390], [1080, 480], [1080, 516], [1224, 624], [684, 678]]",,"[[546, 510]]",,0.4743285415184048,0.2638474040282681
664,4,2,10.988000000000056,,13518,"[954, 270]",False,,True,0.0,False,weak,False,"[[1098, 384], [1080, 474], [1080, 510], [1224, 618], [684, 672]]",,"[[546, 504]]",,0.474288490764277,0.26475928386048697
665,4,2,11.004000000000019,,13518,"[954, 270]",False,,True,0.0,False,weak,False,"[[1098, 378], [1080, 468], [1080, 504], [1224, 612], [684, 666]]",,"[[546, 498]]",,0.4751319601698073,0.2706475486790063
666,4,2,11.020000000000095,,13518,"[954, 270]",False,,True,0.0,False,weak,False,"[[1098, 372], [1080, 462], [1080, 498], [1224, 606], [684, 660]]",,"[[546, 492]]",,0.47510802736380076,0.2712815111693525
667,4,2,11.037000000000035,,13518,"[954, 270]",False,,True,0.0,False,weak,False,"[[1098, 366], [1080, 456], [1080, 492], [1224, 600], [684, 654]]",,"[[546, 486]]",,0.47556517763561945,0.2731130263621476
668,4,2,11.054000000000087,,13518,"[954, 270]",False,,True,0.0,False,weak,False,"[[1098, 360], [1080, 450], [1080, 486], [1224, 594], [684, 648]]",,"[[546, 480]]",,0.47556517763561945,0.2731130263621476
669,4,2,11.071000000000026,,13518,"[954, 270]",False,,True,0.0,False,weak,False,"[[1098, 354], [1080, 444], [1080, 480], [1224, 588], [684, 642]]",,"[[546, 474]]",,0.47592422961277264,0.2811240099483091
670,4,2,11.08800000000008,,13518,"[954, 270]",False,,True,0.0,False,weak,False,"[[1098, 348], [1080, 438], [1080, 474], [1224, 582], [684, 636]]",,"[[546, 468]]",,0.47599192700709,0.2810365593564236
671,4,2,11.104000000000042,,13518,"[954, 270]",False,,True,0.0,False,weak,False,"[[1098, 342], [1080, 432], [1080, 468], [1224, 576], [684, 630]]",,"[[546, 462]]",,0.4760787569299473,0.2838472225354446
672,4,2,11.121000000000095,,13518,"[954, 270]",False,Left,True,0.0,False,weak,False,"[[1098, 336], [1080, 426], [1080, 462], [1224, 570], [684, 624]]",,"[[552, 456]]",,0.4764149611914609,0.2848413550955342
673,4,2,11.137000000000057,,13518,"[954, 270]",False,Left,True,0.0,False,weak,False,"[[1104, 330], [1086, 420], [1086, 456], [1230, 564], [690, 618]]",,"[[558, 450]]",,0.4771639286899738,0.2872451082438502
674,4,2,11.15400000000011,,13518,"[954, 270]",False,Left,True,0.0,False,weak,False,"[[1110, 324], [1092, 414], [1092, 450], [1236, 558], [696, 612], [1020, 810]]",,"[[564, 444]]",,0.4771639286899738,0.2872451082438502
675,4,2,11.170000000000073,,13518,"[954, 270]",False,Left,True,0.0,False,weak,False,"[[1116, 318], [1098, 408], [1098, 444], [1242, 552], [702, 606], [1026, 804]]",,"[[570, 438]]",,0.47728109572017985,0.28988842929037906
676,4,2,11.187000000000012,,13518,"[954, 270]",False,Left,True,0.0,False,weak,False,"[[1122, 312], [1104, 402], [1104, 438], [1248, 546], [708, 600], [1032, 798]]",,"[[576, 432]]",,0.47728109572017985,0.28988842929037906
677,4,2,11.204000000000065,,13518,"[954, 270]",False,Left,True,0.0,False,weak,False,"[[1128, 306], [1110, 396], [1110, 432], [1254, 540], [714, 594], [1038, 792]]",,"[[582, 426]]",,0.4763058947150972,0.29047847473390365
678,4,2,11.220000000000027,,13518,"[954, 270]",False,Left,True,0.0,False,weak,False,"[[1134, 300], [1116, 390], [1116, 426], [1260, 534], [720, 588], [1044, 786]]",,"[[588, 420]]",,0.4763058947150972,0.29047847473390365
679,4,2,11.236000000000104,,13518,"[954, 270]",False,Left,True,0.0,False,weak,False,"[[1140, 294], [1122, 384], [1122, 420], [1266, 528], [726, 582], [1050, 780]]",,"[[594, 414]]",,0.4763885817813489,0.29213378792111233
680,4,2,11.252000000000066,,13518,"[954, 270]",False,Left,True,0.0,False,weak,False,"[[1146, 288], [1128, 378], [1128, 414], [1272, 522], [732, 576], [1056, 774]]",,"[[600, 408]]",,0.4763885817813489,0.29213378792111233
681,4,2,11.269000000000005,,13518,"[954, 270]",False,Left,True,0.0,False,weak,False,"[[1152, 282], [1134, 372], [1134, 408], [1278, 516], [738, 570], [1062, 768]]",,"[[606, 402]]",,0.4768290313957273,0.2953824576970574
682,4,2,11.284000000000106,,13518,"[954, 270]",False,Left,True,0.0,False,weak,False,"[[1158, 276], [1140, 366], [1140, 402], [1284, 510], [744, 564], [1068, 762]]",,"[[612, 396]]",,0.4768290313957273,0.2953824576970574
683,4,2,11.300000000000068,,13518,"[954, 270]",False,Left,True,0.0,False,weak,False,"[[1164, 270], [1146, 360], [1146, 396], [1290, 504], [750, 558], [1074, 756], [1218, 810]]",,"[[618, 390]]",,0.4788108450686253,0.2989600570553288
684,4,2,11.317000000000007,,13518,"[954, 270]",False,Left,True,0.0,False,weak,False,"[[1170, 264], [1152, 354], [1152, 390], [1296, 498], [756, 552], [1080, 750], [1224, 804]]",,"[[624, 384]]",,0.4788108450686253,0.2989600570553288
685,4,2,11.33400000000006,,13518,"[954, 270]",False,Left,True,0.0,False,weak,False,"[[1176, 258], [1158, 348], [1158, 384], [1302, 492], [762, 546], [1086, 744], [1230, 798]]",,"[[630, 378]]",,0.48000432262275405,0.30620411472300846
686,4,2,11.350000000000023,,13518,"[954, 270]",False,Left,True,0.0,False,weak,False,"[[1182, 252], [1164, 342], [1164, 378], [1308, 486], [768, 540], [1092, 738], [1236, 792]]",,"[[636, 372]]",,0.48000432262275405,0.30620411472300846
687,4,2,11.367000000000075,,13518,"[954, 270]",False,Left,True,0.0,False,weak,False,"[[1188, 246], [1170, 336], [1170, 372], [1314, 480], [774, 534], [1098, 732], [1242, 786]]",,"[[642, 366]]",,0.4800514590349307,0.3094502326851488
688,4,2,11.384000000000015,,13518,"[954, 270]",False,Left,True,0.0,False,weak,False,"[[1194, 240], [1176, 330], [1176, 366], [1320, 474], [780, 528], [1104, 726], [1248, 780]]",,"[[648, 360]]",,0.4800514590349307,0.3094502326851488
689,4,2,11.401000000000067,,13518,"[954, 270]",False,Left,True,0.0,False,weak,False,"[[1200, 234], [1182, 324], [1182, 360], [1326, 468], [786, 522], [1110, 720], [1254, 774]]",,"[[654, 354]]",,0.47870191965927755,0.31253413202246905
690,4,2,11.41700000000003,,13518,"[954, 270]",False,Left,True,0.0,False,weak,False,"[[1206, 228], [1188, 318], [1188, 354], [1332, 462], [792, 516], [1116, 714], [1260, 768]]",,"[[660, 348]]",,0.47870191965927755,0.31253413202246905
691,4,2,11.434000000000083,,13518,"[954, 270]",False,Left,True,0.0,False,weak,False,"[[1212, 222], [1194, 312], [1194, 348], [1338, 456], [798, 510], [1122, 708], [1266, 762]]",,"[[666, 342]]",,0.4771353266271071,0.3111630803944252
692,4,2,11.451000000000022,,13518,"[954, 270]",False,Left,True,0.0,False,weak,False,"[[1218, 216], [1200, 306], [1200, 342], [1344, 450], [804, 504], [1128, 702], [1272, 756]]",,"[[672, 336]]",,0.4771353266271071,0.3111630803944252
693,4,2,11.467000000000098,,13518,"[954, 270]",False,Left,True,0.0,False,weak,False,"[[1224, 210], [1206, 300], [1206, 336], [1350, 444], [810, 498], [1134, 696], [1278, 750]]",,"[[678, 330]]",,0.4781014234490815,0.3114207908598312
694,4,2,11.484000000000037,,13518,"[954, 270]",False,Left,True,0.0,False,weak,False,"[[1230, 204], [1212, 294], [1212, 330], [1356, 438], [816, 492], [1140, 690], [1284, 744]]",,"[[684, 324]]",,0.4781014234490815,0.3114207908598312
695,4,2,11.50100000000009,,13518,"[954, 270]",False,Left,True,0.0,False,weak,False,"[[1236, 198], [1218, 288], [1218, 324], [1362, 432], [822, 486], [1146, 684], [1290, 738]]",,"[[690, 318]]",,0.4787176664264,0.31242176762969265
696,4,2,11.519000000000005,,13518,"[954, 270]",False,,True,0.0,False,weak,False,"[[1242, 192], [1224, 282], [1224, 318], [1368, 426], [828, 480], [1152, 678], [1296, 732]]",,"[[690, 312]]",,0.4787176664264,0.31242176762969265
697,4,2,11.535000000000082,,13518,"[954, 270]",False,,True,-1.0,False,weak,False,"[[1242, 186], [1224, 276], [1224, 312], [1368, 420], [828, 474], [1152, 672], [1296, 726]]",,"[[690, 306]]",,0.47822921141006824,0.3139496296439884
698,4,2,11.552000000000021,,13518,"[954, 270]",False,Right,True,-1.0,False,weak,False,"[[1242, 180], [1224, 270], [1224, 306], [1368, 414], [828, 468], [1152, 666], [1296, 720]]",,"[[678, 300]]",,0.47822921141006824,0.3139496296439884
699,4,2,11.568000000000097,,13518,"[954, 270]",False,Right,True,-1.0,False,weak,False,"[[1230, 174], [1212, 264], [1212, 300], [1356, 408], [816, 462], [1140, 660], [1284, 714]]",,"[[666, 294]]",,0.47723267678770104,0.31578011388308114
700,4,2,11.585000000000036,,13518,"[954, 270]",False,Right,True,-1.0,False,weak,False,"[[1218, 168], [1200, 258], [1200, 294], [1344, 402], [804, 456], [1128, 654], [1272, 708]]",,"[[654, 288]]",,0.47723267678770104,0.31578011388308114
701,4,2,11.60200000000009,,13518,"[954, 270]",False,Right,True,-1.0,False,weak,False,"[[1206, 162], [1188, 252], [1188, 288], [1332, 396], [792, 450], [1116, 648], [1260, 702]]",,"[[642, 282]]",,0.4755671036918643,0.3226479021384506
702,4,2,11.618000000000052,,13518,"[954, 270]",False,Right,True,-1.0,False,weak,False,"[[1194, 156], [1176, 246], [1176, 282], [1320, 390], [780, 444], [1104, 642], [1248, 696]]",,"[[630, 276]]",,0.4755671036918643,0.3226479021384506
703,4,2,11.634000000000015,,13518,"[954, 270]",False,Right,True,-1.0,False,weak,False,"[[1182, 150], [1164, 240], [1164, 276], [1308, 384], [768, 438], [1092, 636], [1236, 690]]",,"[[618, 270]]",,0.47524038451301776,0.32672289931165277
704,4,2,11.651000000000067,,13518,"[954, 270]",False,Right,True,-1.0,False,weak,False,"[[1170, 144], [1152, 234], [1152, 270], [1296, 378], [756, 432], [1080, 630], [1224, 684]]",,"[[606, 264]]",,0.47524038451301776,0.32672289931165277
705,4,2,11.668000000000006,,13518,"[954, 270]",False,Right,True,-1.0,False,weak,False,"[[1158, 138], [1140, 228], [1140, 264], [1284, 372], [744, 426], [1068, 624], [1212, 678]]",,"[[594, 258]]",,0.4746728420388119,0.33001101058185056
706,4,2,11.68500000000006,,13518,"[954, 270]",False,Right,True,-1.0,False,weak,False,"[[1146, 132], [1128, 222], [1128, 258], [1272, 366], [732, 420], [1056, 618], [1200, 672]]",,"[[582, 252]]",,0.4746728420388119,0.33001101058185056
707,4,2,11.701000000000022,,13518,"[954, 270]",False,Right,True,-1.0,False,weak,False,"[[1134, 126], [1116, 216], [1116, 252], [1260, 360], [720, 414], [1044, 612], [1188, 666], [1332, 810]]",,"[[570, 246]]",,0.47510929527941287,0.3296077255016524
708,4,2,11.718000000000075,,13518,"[954, 270]",False,,True,-1.0,False,weak,False,"[[1122, 120], [1104, 210], [1104, 246], [1248, 354], [708, 408], [1032, 606], [1176, 660], [1320, 804]]",,"[[564, 240]]",,0.47510929527941287,0.3296077255016524
709,4,2,11.734000000000037,,13518,"[954, 270]",False,,True,-1.0,False,weak,False,"[[1116, 114], [1098, 204], [1098, 240], [1242, 348], [702, 402], [1026, 600], [1170, 654], [1314, 798]]",,"[[558, 234]]",,0.47562071429227776,0.3301559123697184
710,4,2,11.75,,13518,"[954, 270]",False,,True,-1.0,False,weak,False,"[[1110, 108], [1092, 198], [1092, 234], [1236, 342], [696, 396], [1020, 594], [1164, 648], [1308, 792]]",,"[[552, 228]]",,0.47562071429227776,0.3301559123697184
711,4,2,11.767000000000053,,13518,"[954, 270]",False,Left,True,-1.0,False,weak,False,"[[1104, 102], [1086, 192], [1086, 228], [1230, 336], [690, 390], [1014, 588], [1158, 642], [1302, 786]]",,"[[552, 222]]",,0.47588249758341705,0.32918087477614233
712,4,2,11.784000000000106,,13518,"[954, 270]",False,Left,True,-1.0,False,weak,False,"[[1104, 96], [1086, 186], [1086, 222], [1230, 330], [690, 384], [1014, 582], [1158, 636], [1302, 780]]",,"[[552, 216]]",,0.47588249758341705,0.32918087477614233
713,4,2,11.801000000000045,,13518,"[954, 270]",False,Left,True,-1.0,False,weak,False,"[[1104, 90], [1086, 180], [1086, 216], [1230, 324], [690, 378], [1014, 576], [1158, 630], [1302, 774]]",,"[[552, 210]]",,0.4770613673736017,0.32913989198135185
714,4,2,11.817000000000007,,13518,"[954, 270]",False,Left,True,-1.0,False,weak,False,"[[1104, 84], [1086, 174], [1086, 210], [1230, 318], [690, 372], [1014, 570], [1158, 624], [1302, 768]]",,"[[552, 204]]",,0.4770613673736017,0.32913989198135185
715,4,2,11.833000000000084,,13518,"[954, 270]",False,Left,True,-1.0,False,weak,False,"[[1104, 78], [1086, 168], [1086, 204], [1230, 312], [690, 366], [1014, 564], [1158, 618], [1302, 762]]",,"[[552, 198]]",,0.47791943233279055,0.3280463143532727
716,4,2,11.849000000000046,,13518,"[954, 270]",False,Left,True,-1.0,False,weak,False,"[[1104, 72], [1086, 162], [1086, 198], [1230, 306], [690, 360], [1014, 558], [1158, 612], [1302, 756]]",,"[[552, 192]]",,0.4778223651398658,0.31838310959866
717,4,2,11.8660000000001,,13518,"[954, 270]",False,Left,True,-1.0,False,weak,False,"[[1104, 66], [1086, 156], [1086, 192], [1230, 300], [690, 354], [1014, 552], [1158, 606], [1302, 750]]",,"[[552, 186]]",,0.4774372725364673,0.31697153440918935
718,4,2,11.883000000000038,,13518,"[954, 270]",False,Left,True,-1.0,False,weak,False,"[[1104, 60], [1086, 150], [1086, 186], [1230, 294], [690, 348], [1014, 546], [1158, 600], [1302, 744]]",,"[[552, 180]]",,0.47806332041133226,0.31821795640517037
719,4,2,11.899000000000001,,13518,"[954, 270]",False,Left,True,-1.0,False,weak,False,"[[1104, 54], [1086, 144], [1086, 180], [1230, 288], [690, 342], [1014, 540], [1158, 594], [1302, 738], [1104, 810]]",,"[[552, 174]]",,0.4781187386096268,0.3184542943826101
720,4,2,11.916000000000054,,13518,"[954, 270]",False,Left,True,-1.0,False,weak,False,"[[1104, 48], [1086, 138], [1086, 174], [1230, 282], [690, 336], [1014, 534], [1158, 588], [1302, 732], [1104, 804]]",,"[[552, 168]]",,0.4781187386096268,0.3184542943826101
721,4,2,11.933000000000106,,13518,"[954, 270]",False,Left,True,-1.0,False,weak,False,"[[1104, 42], [1086, 132], [1086, 168], [1230, 276], [690, 330], [1014, 528], [1158, 582], [1302, 726], [1104, 798]]",,"[[552, 162]]",,0.4797326196852755,0.31917883549406756
722,4,2,11.950000000000045,,13518,"[954, 270]",False,Left,True,-1.0,False,weak,False,"[[1104, 36], [1086, 126], [1086, 162], [1230, 270], [690, 324], [1014, 522], [1158, 576], [1302, 720], [1104, 792]]",,"[[552, 156]]",,0.47974201561312163,0.31960826040927337
723,4,2,11.967000000000098,,13518,"[954, 270]",False,Left,True,-1.0,False,weak,False,"[[1104, 30], [1086, 120], [1086, 156], [1230, 264], [690, 318], [1014, 516], [1158, 570], [1302, 714], [1104, 786]]",,"[[552, 150]]",,0.4805437450920689,0.31947341534697815
724,4,2,11.982000000000085,,13518,"[954, 270]",False,Left,True,-1.0,False,weak,False,"[[1104, 24], [1086, 114], [1086, 150], [1230, 258], [690, 312], [1014, 510], [1158, 564], [1302, 708], [1104, 780]]",,"[[552, 144]]",,0.480473317514425,0.3195066716116145
725,4,2,11.998000000000047,,13518,"[954, 270]",False,Left,True,-1.0,False,weak,False,"[[1104, 18], [1086, 108], [1086, 144], [1230, 252], [690, 306], [1014, 504], [1158, 558], [1302, 702], [1104, 774]]",,"[[552, 138]]",,0.480932156296675,0.32106157645424294
726,4,2,12.0150000000001,,13518,"[954, 270]",False,Left,True,-1.0,False,weak,False,"[[1104, 12], [1086, 102], [1086, 138], [1230, 246], [690, 300], [1014, 498], [1158, 552], [1302, 696], [1104, 768]]",,"[[552, 132]]",,0.480932156296675,0.32106157645424294
727,4,2,12.032000000000039,,13518,"[954, 270]",False,Left,True,-1.0,False,weak,False,"[[1104, 6], [1086, 96], [1086, 132], [1230, 240], [690, 294], [1014, 492], [1158, 546], [1302, 690], [1104, 762]]",,"[[552, 126]]",,0.48095365603894596,0.3207497998056903
728,4,2,12.049000000000092,,13518,"[954, 270]",False,Left,True,-1.0,False,weak,False,"[[1104, 0], [1086, 90], [1086, 126], [1230, 234], [690, 288], [1014, 486], [1158, 540], [1302, 684], [1104, 756]]",,"[[552, 120]]",,0.48061428959749125,0.3238821552762594
729,4,2,12.068000000000097,,13518,"[954, 270]",False,Left,True,-1.0,False,weak,False,"[[1086, 84], [1086, 120], [1230, 228], [690, 282], [1014, 480], [1158, 534], [1302, 678], [1104, 750]]",,"[[552, 114]]",,0.4806346597942982,0.3260115885422684
730,4,2,12.08400000000006,,13518,"[954, 270]",False,Left,True,-1.0,False,weak,False,"[[1086, 78], [1086, 114], [1230, 222], [690, 276], [1014, 474], [1158, 528], [1302, 672], [1104, 744]]",,"[[552, 108]]",,0.4806346597942982,0.3260115885422684
731,4,2,12.100999999999999,,13518,"[954, 270]",False,Left,True,-1.0,False,weak,False,"[[1086, 72], [1086, 108], [1230, 216], [690, 270], [1014, 468], [1158, 522], [1302, 666], [1104, 738]]",,"[[552, 102]]",,0.4830743982093611,0.33126918644442704
732,4,2,12.118000000000052,,13518,"[954, 270]",False,Left,True,-1.0,False,weak,False,"[[1086, 66], [1086, 102], [1230, 210], [690, 264], [1014, 462], [1158, 516], [1302, 660], [1104, 732]]",,"[[552, 96]]",,0.4830743982093611,0.33126918644442704
733,4,2,12.134000000000015,,13518,"[954, 270]",False,Left,True,-1.0,False,weak,False,"[[1086, 60], [1086, 96], [1230, 204], [690, 258], [1014, 456], [1158, 510], [1302, 654], [1104, 726]]",,"[[552, 90]]",,0.48308478017294487,0.3329287655171941
734,4,2,12.151000000000067,,13518,"[954, 270]",False,Left,True,-1.0,False,weak,False,"[[1086, 54], [1086, 90], [1230, 198], [690, 252], [1014, 450], [1158, 504], [1302, 648], [1104, 720]]",,"[[552, 84]]",,0.4835967649207368,0.3333911802343654
735,4,2,12.168000000000006,,13518,"[954, 270]",False,Left,True,-1.0,False,weak,False,"[[1086, 48], [1086, 84], [1230, 192], [690, 246], [1014, 444], [1158, 498], [1302, 642], [1104, 714]]",,"[[552, 78]]",,0.48320831638943107,0.33536163121707374
736,4,2,12.18500000000006,,13518,"[954, 270]",False,Left,True,-1.0,False,weak,False,"[[1086, 42], [1086, 78], [1230, 186], [690, 240], [1014, 438], [1158, 492], [1302, 636], [1104, 708]]",,"[[552, 72]]",,0.48320831638943107,0.33536163121707374
737,4,2,12.201000000000022,,13518,"[954, 270]",False,Left,True,-1.0,False,weak,False,"[[1086, 36], [1086, 72], [1230, 180], [690, 234], [1014, 432], [1158, 486], [1302, 630], [1104, 702]]",,"[[552, 66]]",,0.47507282869554973,0.30951608317679125
738,4,2,12.218000000000075,,13518,"[954, 270]",False,Left,True,-1.0,False,weak,False,"[[1086, 30], [1086, 66], [1230, 174], [690, 228], [1014, 426], [1158, 480], [1302, 624], [1104, 696]]",,"[[552, 60]]",,0.47507282869554973,0.30951608317679125
739,4,2,12.234000000000037,,13518,"[954, 270]",False,Left,True,-1.0,False,weak,False,"[[1086, 24], [1086, 60], [1230, 168], [690, 222], [1014, 420], [1158, 474], [1302, 618], [1104, 690]]",,"[[552, 54]]",,0.474526060811995,0.30462909733485777
740,4,2,12.25100000000009,,13518,"[954, 270]",False,Left,True,-1.0,False,weak,False,"[[1086, 18], [1086, 54], [1230, 162], [690, 216], [1014, 414], [1158, 468], [1302, 612], [1104, 684]]",,"[[552, 48]]",,0.4741827593441684,0.3050498168132766
741,4,2,12.267000000000053,,13518,"[954, 270]",False,Left,True,-1.0,False,weak,False,"[[1086, 12], [1086, 48], [1230, 156], [690, 210], [1014, 408], [1158, 462], [1302, 606], [1104, 678]]",,"[[552, 42]]",,0.4741926189392526,0.30414545298500784
742,4,2,12.284000000000106,,13518,"[954, 270]",False,Left,True,-1.0,False,weak,False,"[[1086, 6], [1086, 42], [1230, 150], [690, 204], [1014, 402], [1158, 456], [1302, 600], [1104, 672]]",,"[[552, 36]]",,0.4741926189392526,0.30414545298500784
743,4,2,12.302000000000021,,13518,"[954, 270]",False,Left,True,-1.0,False,weak,False,"[[1086, 0], [1086, 36], [1230, 144], [690, 198], [1014, 396], [1158, 450], [1302, 594], [1104, 666]]",,"[[552, 30]]",,0.47645366060573835,0.3062478241095554
744,4,2,12.318000000000097,,13518,"[954, 270]",False,Left,True,-1.0,False,weak,False,"[[1086, 30], [1230, 138], [690, 192], [1014, 390], [1158, 444], [1302, 588], [1104, 660]]",,"[[552, 24]]",,0.47707265240706365,0.305814413599265
745,4,2,12.335000000000036,,13518,"[954, 270]",False,Left,True,-1.0,False,weak,False,"[[1086, 24], [1230, 132], [690, 186], [1014, 384], [1158, 438], [1302, 582], [1104, 654]]",,"[[552, 18]]",,0.47843543110584436,0.306255783253476
746,4,2,12.35200000000009,,13518,"[954, 270]",False,Left,True,-1.0,False,weak,False,"[[1086, 18], [1230, 126], [690, 180], [1014, 378], [1158, 432], [1302, 576], [1104, 648], [726, 810]]",,"[[552, 12]]",,0.4784372115948434,0.30655144239253296
747,4,2,12.370000000000005,,13518,"[954, 270]",False,Left,True,-1.0,False,weak,False,"[[1086, 12], [1230, 120], [690, 174], [1014, 372], [1158, 426], [1302, 570], [1104, 642], [726, 804]]",,"[[552, 6]]",,0.480225528317545,0.30564433372609323
748,4,2,12.386000000000081,,13518,"[954, 270]",False,Left,True,0.0,False,weak,False,"[[1086, 6], [1230, 114], [690, 168], [1014, 366], [1158, 420], [1302, 564], [1104, 636], [726, 798]]",,"[[552, 0]]",,0.480225528317545,0.30564433372609323
749,4,2,12.402000000000044,,13518,"[954, 270]",False,Left,True,0.0,False,weak,False,"[[1086, 0], [1230, 108], [690, 162], [1014, 360], [1158, 414], [1302, 558], [1104, 630], [726, 792]]",,[],,0.4836475982224604,0.30453272930391706
750,4,2,12.419000000000096,,13518,"[954, 270]",False,Left,True,0.0,False,weak,False,"[[1236, 102], [696, 156], [1020, 354], [1164, 408], [1308, 552], [1110, 624], [732, 786]]",,[],,0.4821877362871546,0.3047860540247884
751,4,2,12.436000000000035,,13518,"[954, 270]",False,Left,True,0.0,False,weak,False,"[[1242, 96], [702, 150], [1026, 348], [1170, 402], [1314, 546], [1116, 618], [738, 780]]",,[],,0.4816780982926946,0.30320003474515134
752,4,2,12.453000000000088,,13518,"[954, 270]",False,Left,True,0.0,False,weak,False,"[[1248, 90], [708, 144], [1032, 342], [1176, 396], [1320, 540], [1122, 612], [744, 774], [888, 810]]",,[],,0.4816780982926946,0.30320003474515134
753,4,2,12.470000000000027,,13518,"[954, 270]",False,Left,True,0.0,False,weak,False,"[[1254, 84], [714, 138], [1038, 336], [1182, 390], [1326, 534], [1128, 606], [750, 768], [894, 804]]",,[],,0.4813691835894799,0.3023298804224217
754,4,2,12.486000000000104,,13518,"[954, 270]",False,Left,True,0.0,False,weak,False,"[[1260, 78], [720, 132], [1044, 330], [1188, 384], [1332, 528], [1134, 600], [756, 762], [900, 798]]",,[],,0.4813691835894799,0.3023298804224217
755,4,2,12.504000000000019,,13518,"[954, 270]",False,Left,True,0.0,False,weak,False,"[[1266, 72], [726, 126], [1050, 324], [1194, 378], [1338, 522], [1140, 594], [762, 756], [906, 792]]",,[],,0.4820968875015509,0.3025697181089748
756,4,2,12.520000000000095,,13518,"[954, 270]",False,Left,True,0.0,False,weak,False,"[[1272, 66], [732, 120], [1056, 318], [1200, 372], [1344, 516], [1146, 588], [768, 750], [912, 786]]",,[],,0.4821128222653008,0.30234362097646417
757,4,2,12.537000000000035,,13518,"[954, 270]",False,Left,True,0.0,False,weak,False,"[[1278, 60], [738, 114], [1062, 312], [1206, 366], [1350, 510], [1152, 582], [774, 744], [918, 780]]",,[],,0.4834649688089014,0.3016900261082742
758,4,2,12.554000000000087,,13518,"[954, 270]",False,Left,True,0.0,False,weak,False,"[[1284, 54], [744, 108], [1068, 306], [1212, 360], [1356, 504], [1158, 576], [780, 738], [924, 774]]",,[],,0.48352096685421186,0.3021174255874155
759,4,2,12.57000000000005,,13518,"[954, 270]",False,Left,True,0.0,False,weak,False,"[[1290, 48], [750, 102], [1074, 300], [1218, 354], [1362, 498], [1164, 570], [786, 732], [930, 768]]",,[],,0.4848449073514872,0.304862939039241
760,4,2,12.586000000000013,,13518,"[954, 270]",False,Left,True,0.0,False,weak,False,"[[1296, 42], [756, 96], [1080, 294], [1224, 348], [1368, 492], [1170, 564], [792, 726], [936, 762]]",,[],,0.4849069690863043,0.3067513117821964
761,4,2,12.603000000000065,,13518,"[954, 270]",False,Left,True,0.0,False,weak,False,"[[1302, 36], [762, 90], [1086, 288], [1230, 342], [1374, 486], [1176, 558], [798, 720], [942, 756]]",,[],,0.48632897929879093,0.31053774010539603
762,4,2,12.619000000000028,,13518,"[954, 270]",False,Left,True,0.0,False,weak,False,"[[1308, 30], [768, 84], [1092, 282], [1236, 336], [1380, 480], [1182, 552], [804, 714], [948, 750]]",,[],,0.48632897929879093,0.31053774010539603
763,4,2,12.636000000000081,,13518,"[954, 270]",False,Left,True,0.0,False,weak,False,"[[1314, 24], [774, 78], [1098, 276], [1242, 330], [1386, 474], [1188, 546], [810, 708], [954, 744]]",,[],,0.48744292458912336,0.31587548365400664
764,4,2,12.65300000000002,,13518,"[954, 270]",False,Left,True,0.0,False,weak,False,"[[1320, 18], [780, 72], [1104, 270], [1248, 324], [1392, 468], [1194, 540], [816, 702], [960, 738]]",,[],,0.48744292458912336,0.31587548365400664
765,4,2,12.670000000000073,,13518,"[954, 270]",False,Left,True,0.0,False,weak,False,"[[1326, 12], [786, 66], [1110, 264], [1254, 318], [1398, 462], [1200, 534], [822, 696], [966, 732]]",,[],,0.48788672848864784,0.31694369992181504
766,4,2,12.687000000000012,,13518,"[954, 270]",False,Left,True,0.0,False,weak,False,"[[1332, 6], [792, 60], [1116, 258], [1260, 312], [1404, 456], [1206, 528], [828, 690], [972, 726]]",,[],,0.4873893226265239,0.3166193370123843
767,4,2,12.705000000000041,,13518,"[954, 270]",False,Left,True,0.0,False,weak,False,"[[1338, 0], [798, 54], [1122, 252], [1266, 306], [1410, 450], [1212, 522], [834, 684], [978, 720]]",,[],,0.4873424658573775,0.3166949764649999
768,4,2,12.721000000000004,,13518,"[954, 270]",False,Left,True,0.0,False,weak,False,"[[804, 48], [1128, 246], [1272, 300], [1416, 444], [1218, 516], [840, 678], [984, 714]]",,[],,0.4873424658573775,0.3166949764649999
769,4,2,12.73700000000008,,13518,"[954, 270]",False,Left,True,0.0,False,weak,False,"[[810, 42], [1134, 240], [1278, 294], [1422, 438], [1224, 510], [846, 672], [990, 708]]",,[],,0.4871955104460022,0.317425154418999
770,4,2,12.753000000000043,,13518,"[954, 270]",False,,True,0.0,False,weak,False,"[[816, 36], [1140, 234], [1284, 288], [1428, 432], [1230, 504], [852, 666], [996, 702]]",,[],,0.4871955104460022,0.317425154418999
771,4,2,12.769000000000005,,13518,"[954, 270]",False,,True,0.0,False,weak,False,"[[816, 30], [1140, 228], [1284, 282], [1428, 426], [1230, 498], [852, 660], [996, 696]]",,[],,0.4856179450887524,0.31622634562622254
772,4,2,12.786000000000058,,13518,"[954, 270]",False,,True,0.0,False,weak,False,"[[816, 24], [1140, 222], [1284, 276], [1428, 420], [1230, 492], [852, 654], [996, 690]]",,[],,0.4339583539701021,0.26105046014396993
773,4,2,12.802000000000021,,13518,"[954, 270]",False,,True,0.0,False,weak,False,"[[816, 18], [1140, 216], [1284, 270], [1428, 414], [1230, 486], [852, 648], [996, 684]]",,[],,0.48135609879042596,0.2970354235671786
774,4,2,12.819000000000074,,13518,"[954, 270]",False,,True,0.0,False,weak,False,"[[816, 12], [1140, 210], [1284, 264], [1428, 408], [1230, 480], [852, 642], [996, 678]]",,[],,0.48149148684871756,0.2970655699172031
775,4,2,12.835000000000036,,13518,"[954, 270]",False,,True,0.0,False,weak,False,"[[816, 6], [1140, 204], [1284, 258], [1428, 402], [1230, 474], [852, 636], [996, 672]]",,[],,0.4818128401819429,0.29550976129606377
776,4,2,12.85200000000009,,13518,"[954, 270]",False,,True,0.0,False,weak,False,"[[816, 0], [1140, 198], [1284, 252], [1428, 396], [1230, 468], [852, 630], [996, 666]]",,[],,0.48192034066657924,0.29467579937809285
777,4,2,12.869000000000028,,13518,"[954, 270]",False,,True,0.0,False,weak,False,"[[1140, 192], [1284, 246], [1428, 390], [1230, 462], [852, 624], [996, 660]]",,[],,0.48268144669106744,0.29803926943657033
778,4,2,12.886000000000081,,13518,"[954, 270]",False,,True,0.0,False,weak,False,"[[1140, 186], [1284, 240], [1428, 384], [1230, 456], [852, 618], [996, 654]]",,[],,0.48268144669106744,0.29803926943657033
779,4,2,12.90300000000002,,13518,"[954, 270]",False,,True,0.0,False,weak,False,"[[1140, 180], [1284, 234], [1428, 378], [1230, 450], [852, 612], [996, 648]]",,[],,0.48360798615155004,0.2975915917111853
780,4,2,12.919000000000096,,13518,"[954, 270]",False,Right,True,0.0,False,weak,False,"[[1140, 174], [1284, 228], [1428, 372], [1230, 444], [852, 606], [996, 642]]",,[],,0.48395745844399346,0.29794683565798086
781,4,2,12.936000000000035,,13518,"[954, 270]",False,Right,True,0.0,False,weak,False,"[[1134, 168], [1278, 222], [1422, 366], [1224, 438], [846, 600], [990, 636]]",,[],,0.4840526233373156,0.29799385031767445
782,4,2,12.951999999999998,,13518,"[954, 270]",False,Right,True,0.0,False,weak,False,"[[1128, 162], [1272, 216], [1416, 360], [1218, 432], [840, 594], [984, 630]]",,[],,0.48408853176534505,0.2985782768629537
783,4,2,12.968000000000075,,13518,"[954, 270]",False,Right,True,0.0,False,weak,False,"[[1122, 156], [1266, 210], [1410, 354], [1212, 426], [834, 588], [978, 624]]",,[],,0.48384425041941476,0.299948713072835
784,4,2,12.985000000000014,,13518,"[954, 270]",False,Right,True,0.0,False,weak,False,"[[1116, 150], [1260, 204], [1404, 348], [1206, 420], [828, 582], [972, 618]]",,[],,0.4845036287918627,0.3018941850250728
785,4,2,13.003000000000043,,13518,"[954, 270]",False,Right,True,0.0,False,weak,False,"[[1110, 144], [1254, 198], [1398, 342], [1200, 414], [822, 576], [966, 612]]",,[],,0.48345093406732476,0.30576383536041984
786,4,2,13.019000000000005,,13518,"[954, 270]",False,Right,True,0.0,False,weak,False,"[[1104, 138], [1248, 192], [1392, 336], [1194, 408], [816, 570], [960, 606]]",,[],,0.48345093406732476,0.30576383536041984
787,4,2,13.036000000000058,,13518,"[954, 270]",False,,True,0.0,False,weak,False,"[[1098, 132], [1242, 186], [1386, 330], [1188, 402], [810, 564], [954, 600]]",,[],,0.482038814820165,0.307548268106008
788,4,2,13.052999999999997,,13518,"[954, 270]",False,,True,0.0,False,weak,False,"[[1098, 126], [1242, 180], [1386, 324], [1188, 396], [810, 558], [954, 594]]",,[],,0.4812165639254064,0.30896067643249914
789,4,2,13.069000000000074,,13518,"[954, 270]",False,,True,0.0,False,weak,False,"[[1098, 120], [1242, 174], [1386, 318], [1188, 390], [810, 552], [954, 588]]",,[],,0.4800289574954985,0.310339055502431
790,4,2,13.086000000000013,,13518,"[954, 270]",False,,True,0.0,False,weak,False,"[[1098, 114], [1242, 168], [1386, 312], [1188, 384], [810, 546], [954, 582]]",,[],,0.4800289574954985,0.310339055502431
791,4,2,13.10200000000009,,13518,"[954, 270]",False,,True,0.0,False,weak,False,"[[1098, 108], [1242, 162], [1386, 306], [1188, 378], [810, 540], [954, 576]]",,[],,0.47977754231654457,0.3114458358690587
792,4,2,13.118000000000052,,13518,"[954, 270]",False,,True,0.0,False,weak,False,"[[1098, 102], [1242, 156], [1386, 300], [1188, 372], [810, 534], [954, 570]]",,[],,0.4797317995253122,0.3120087662088612
793,4,2,13.134000000000015,,13518,"[954, 270]",False,,True,0.0,False,weak,False,"[[1098, 96], [1242, 150], [1386, 294], [1188, 366], [810, 528], [954, 564]]",,[],,0.47915164796571486,0.3123435184888206
794,4,2,13.151000000000067,,13518,"[954, 270]",False,,True,0.0,False,weak,False,"[[1098, 90], [1242, 144], [1386, 288], [1188, 360], [810, 522], [954, 558]]",,[],,0.4790351237039153,0.31126748106548285
795,4,2,13.16700000000003,,13518,"[954, 270]",False,,True,0.0,False,weak,False,"[[1098, 84], [1242, 138], [1386, 282], [1188, 354], [810, 516], [954, 552]]",,[],,0.4866286986509694,0.33310209788887934
796,4,2,13.183000000000106,,13518,"[954, 270]",False,,True,0.0,False,weak,False,"[[1098, 78], [1242, 132], [1386, 276], [1188, 348], [810, 510], [954, 546]]",,[],,0.47919772968083124,0.31326469717446626
797,4,2,13.19900000000007,,13518,"[954, 270]",False,,True,0.0,False,weak,False,"[[1098, 72], [1242, 126], [1386, 270], [1188, 342], [810, 504], [954, 540], [882, 810]]",,[],,0.47931546396309416,0.3135046333693141
798,4,2,13.216000000000008,,13518,"[954, 270]",False,,True,0.0,False,weak,False,"[[1098, 66], [1242, 120], [1386, 264], [1188, 336], [810, 498], [954, 534], [882, 804]]",,[],,0.47969163810459137,0.315841773114484
799,4,2,13.233000000000061,,13518,"[954, 270]",False,,True,0.0,False,weak,False,"[[1098, 60], [1242, 114], [1386, 258], [1188, 330], [810, 492], [954, 528], [882, 798]]",,[],,0.47955705039521,0.31686778287780415
800,4,2,13.25,,13518,"[954, 270]",False,,True,0.0,False,weak,False,"[[1098, 54], [1242, 108], [1386, 252], [1188, 324], [810, 486], [954, 522], [882, 792]]",,[],,0.4798546749575022,0.3175812502464572
801,4,2,13.267000000000053,,13518,"[954, 270]",False,,True,0.0,False,weak,False,"[[1098, 48], [1242, 102], [1386, 246], [1188, 318], [810, 480], [954, 516], [882, 786]]",,[],,0.4798546749575022,0.3175812502464572
802,4,2,13.284000000000106,,13518,"[954, 270]",False,,True,0.0,False,weak,False,"[[1098, 42], [1242, 96], [1386, 240], [1188, 312], [810, 474], [954, 510], [882, 780]]",,[],,0.4802659420952312,0.31828359161672126
803,4,2,13.300000000000068,,13518,"[954, 270]",False,,True,0.0,False,weak,False,"[[1098, 36], [1242, 90], [1386, 234], [1188, 306], [810, 468], [954, 504], [882, 774]]",,[],,0.4802659420952312,0.31828359161672126
804,4,2,13.316000000000031,,13518,"[954, 270]",False,,True,0.0,False,weak,False,"[[1098, 30], [1242, 84], [1386, 228], [1188, 300], [810, 462], [954, 498], [882, 768]]",,[],,0.4800939884522948,0.31848137732124526
805,4,2,13.333000000000084,,13518,"[954, 270]",False,,True,0.0,False,weak,False,"[[1098, 24], [1242, 78], [1386, 222], [1188, 294], [810, 456], [954, 492], [882, 762]]",,[],,0.4803681563946123,0.31877756952042
806,4,2,13.350000000000023,,13518,"[954, 270]",False,,True,0.0,False,weak,False,"[[1098, 18], [1242, 72], [1386, 216], [1188, 288], [810, 450], [954, 486], [882, 756]]",,[],,0.48024389863389183,0.3106675464715045
807,4,2,13.3660000000001,,13518,"[954, 270]",False,Right,True,0.0,False,weak,False,"[[1098, 12], [1242, 66], [1386, 210], [1188, 282], [810, 444], [954, 480], [882, 750]]",,[],,0.48024389863389183,0.3106675464715045
808,4,2,13.383000000000038,,13518,"[954, 270]",False,Right,True,0.0,False,weak,False,"[[1092, 6], [1236, 60], [1380, 204], [1182, 276], [804, 438], [948, 474], [876, 744]]",,[],,0.48046790800785893,0.2850534854584238
809,4,2,13.399000000000001,,13518,"[954, 270]",False,Right,True,0.0,False,weak,False,"[[1086, 0], [1230, 54], [1374, 198], [1176, 270], [798, 432], [942, 468], [870, 738]]",,[],,0.48046790800785893,0.2850534854584238
810,4,2,13.416000000000054,,13518,"[954, 270]",False,Right,True,0.0,False,weak,False,"[[1224, 48], [1368, 192], [1170, 264], [792, 426], [936, 462], [864, 732]]",,[],,0.4805811684622201,0.28573525165499625
811,4,2,13.433000000000106,,13518,"[954, 270]",False,Right,True,0.0,False,weak,False,"[[1218, 42], [1362, 186], [1164, 258], [786, 420], [930, 456], [858, 726]]",,[],,0.48073594765856775,0.28668570737186627
812,4,2,13.450000000000045,,13518,"[954, 270]",False,Right,True,0.0,False,weak,False,"[[1212, 36], [1356, 180], [1158, 252], [780, 414], [924, 450], [852, 720]]",,[],,0.4804691560794012,0.2892539446866067
813,4,2,13.467000000000098,,13518,"[954, 270]",False,Right,True,0.0,False,weak,False,"[[1206, 30], [1350, 174], [1152, 246], [774, 408], [918, 444], [846, 714]]",,[],,0.4804691560794012,0.2892539446866067
814,4,2,13.484000000000037,,13518,"[954, 270]",False,Right,True,0.0,False,weak,False,"[[1200, 24], [1344, 168], [1146, 240], [768, 402], [912, 438], [840, 708]]",,[],,0.48047047820284117,0.29356491265693707
815,4,2,13.50100000000009,,13518,"[954, 270]",False,Right,True,0.0,False,weak,False,"[[1194, 18], [1338, 162], [1140, 234], [762, 396], [906, 432], [834, 702]]",,[],,0.4800161471152711,0.29421374285702706
816,4,2,13.517000000000053,,13518,"[954, 270]",False,Right,True,0.0,False,weak,False,"[[1188, 12], [1332, 156], [1134, 228], [756, 390], [900, 426], [828, 696]]",,[],,0.4796264810838358,0.2972596336922153
817,4,2,13.534000000000106,,13518,"[954, 270]",False,Right,True,0.0,False,weak,False,"[[1182, 6], [1326, 150], [1128, 222], [750, 384], [894, 420], [822, 690]]",,[],,0.4796264810838358,0.2972596336922153
818,4,2,13.551000000000045,,13518,"[954, 270]",False,Right,True,0.0,False,weak,False,"[[1176, 0], [1320, 144], [1122, 216], [744, 378], [888, 414], [816, 684], [960, 810]]",,[],,0.4790584824323318,0.3002918918092735
819,4,2,13.568000000000097,,13518,"[954, 270]",False,Right,True,0.0,False,weak,False,"[[1314, 138], [1116, 210], [738, 372], [882, 408], [810, 678], [954, 804]]",,[],,0.4788418788442506,0.3001278409485244
820,4,2,13.58400000000006,,13518,"[954, 270]",False,Right,True,0.0,False,weak,False,"[[1308, 132], [1110, 204], [732, 366], [876, 402], [804, 672], [948, 798]]",,[],,0.479341303262787,0.3023388637919321
821,4,2,13.600000000000023,,13518,"[954, 270]",False,Right,True,0.0,False,weak,False,"[[1302, 126], [1104, 198], [726, 360], [870, 396], [798, 666], [942, 792]]",,[],,0.4790514209276496,0.30185646502859853
822,4,2,13.617000000000075,,13518,"[954, 270]",False,Right,True,0.0,False,weak,False,"[[1296, 120], [1098, 192], [720, 354], [864, 390], [792, 660], [936, 786]]",,[],,0.4789848962033957,0.3054549849427194
823,4,2,13.633000000000038,,13518,"[954, 270]",False,Right,True,0.0,False,weak,False,"[[1290, 114], [1092, 186], [714, 348], [858, 384], [786, 654], [930, 780]]",,[],,0.4789848962033957,0.3054549849427194
824,4,2,13.649000000000001,,13518,"[954, 270]",False,Right,True,0.0,False,weak,False,"[[1284, 108], [1086, 180], [708, 342], [852, 378], [780, 648], [924, 774]]",,[],,0.4787161510473286,0.30852003475960077
825,4,2,13.666000000000054,,13518,"[954, 270]",False,Right,True,0.0,False,weak,False,"[[1278, 102], [1080, 174], [702, 336], [846, 372], [774, 642], [918, 768]]",,[],,0.4787161510473286,0.30852003475960077
826,4,2,13.683000000000106,,13518,"[954, 270]",False,Right,True,0.0,False,weak,False,"[[1272, 96], [1074, 168], [696, 330], [840, 366], [768, 636], [912, 762]]",,[],,0.4782242244594103,0.3119075052513196
827,4,2,13.69900000000007,,13518,"[954, 270]",False,Right,True,0.0,False,weak,False,"[[1266, 90], [1068, 162], [690, 324], [834, 360], [762, 630], [906, 756]]",,[],,0.4782242244594103,0.3119075052513196
828,4,2,13.715000000000032,,13518,"[954, 270]",False,Right,True,0.0,False,weak,False,"[[1260, 84], [1062, 156], [684, 318], [828, 354], [756, 624], [900, 750]]",,[],,0.4776147843339057,0.3137598048779252
829,4,2,13.732000000000085,,13518,"[954, 270]",False,Right,True,0.0,False,weak,False,"[[1254, 78], [1056, 150], [678, 312], [822, 348], [750, 618], [894, 744]]",,[],,0.4776147843339057,0.3137598048779252
830,4,2,13.749000000000024,,13518,"[954, 270]",False,Right,True,0.0,False,weak,False,"[[1248, 72], [1050, 144], [672, 306], [816, 342], [744, 612], [888, 738]]",,[],,0.4795282827717095,0.3035158255827173
831,4,2,13.7650000000001,,13518,"[954, 270]",False,Right,True,0.0,False,weak,False,"[[1242, 66], [1044, 138], [666, 300], [810, 336], [738, 606], [882, 732]]",,[],,0.4795282827717095,0.3035158255827173
832,4,2,13.781000000000063,,13518,"[954, 270]",False,Right,True,0.0,False,weak,False,"[[1236, 60], [1038, 132], [660, 294], [804, 330], [732, 600], [876, 726]]",,[],,0.4798248101346444,0.29077959310768675
833,4,2,13.798000000000002,,13518,"[954, 270]",False,Right,True,0.0,False,weak,False,"[[1230, 54], [1032, 126], [654, 288], [798, 324], [726, 594], [870, 720]]",,[],,0.4798248101346444,0.29077959310768675
834,4,2,13.814000000000078,,13518,"[954, 270]",False,Right,True,0.0,False,weak,False,"[[1224, 48], [1026, 120], [648, 282], [792, 318], [720, 588], [864, 714]]",,[],,0.47901695270338046,0.2918449695851346
835,4,2,13.832000000000107,,13518,"[954, 270]",False,,True,0.0,False,weak,False,"[[1218, 42], [1020, 114], [642, 276], [786, 312], [714, 582], [858, 708]]",,[],,0.47901695270338046,0.2918449695851346
836,4,2,13.849000000000046,,13518,"[954, 270]",False,,True,0.0,False,weak,False,"[[1218, 36], [1020, 108], [642, 270], [786, 306], [714, 576], [858, 702]]",,[],,0.4785884392040076,0.2947052178611028
837,4,2,13.865000000000009,,13518,"[954, 270]",False,,True,0.0,False,weak,False,"[[1218, 30], [1020, 102], [642, 264], [786, 300], [714, 570], [858, 696]]",,[],,0.4785884392040076,0.2947052178611028
838,4,2,13.882000000000062,,13518,"[954, 270]",False,,True,0.0,False,weak,False,"[[1218, 24], [1020, 96], [642, 258], [786, 294], [714, 564], [858, 690]]",,[],,0.47760638442821496,0.29902682446744944
839,4,2,13.899000000000001,,13518,"[954, 270]",False,,True,0.0,False,weak,False,"[[1218, 18], [1020, 90], [642, 252], [786, 288], [714, 558], [858, 684]]",,[],,0.47760638442821496,0.29902682446744944
840,4,2,13.916000000000054,,13518,"[954, 270]",False,,True,0.0,False,weak,False,"[[1218, 12], [1020, 84], [642, 246], [786, 282], [714, 552], [858, 678]]",,[],,0.47750673964441337,0.30019713788797997
841,4,2,13.932000000000016,,13518,"[954, 270]",False,,True,0.0,False,weak,False,"[[1218, 6], [1020, 78], [642, 240], [786, 276], [714, 546], [858, 672]]",,[],,0.47750673964441337,0.30019713788797997
842,4,2,13.94900000000007,,13518,"[954, 270]",False,,True,0.0,False,weak,False,"[[1218, 0], [1020, 72], [642, 234], [786, 270], [714, 540], [858, 666]]",,[],,0.47747738045030114,0.3010337091733155
843,4,2,13.965000000000032,,13518,"[954, 270]",False,,True,0.0,False,weak,False,"[[1020, 66], [642, 228], [786, 264], [714, 534], [858, 660]]",,[],,0.47747738045030114,0.3010337091733155
844,4,2,13.981000000000108,,13518,"[954, 270]",False,,True,0.0,False,weak,False,"[[1020, 60], [642, 222], [786, 258], [714, 528], [858, 654]]",,[],,0.4775082754594201,0.3018530072529205
845,4,2,13.997000000000071,,13518,"[954, 270]",False,,True,0.0,False,weak,False,"[[1020, 54], [642, 216], [786, 252], [714, 522], [858, 648], [660, 810]]",,[],,0.4775082754594201,0.3018530072529205
846,4,2,14.013000000000034,,13518,"[954, 270]",False,,True,0.0,False,weak,False,"[[1020, 48], [642, 210], [786, 246], [714, 516], [858, 642], [660, 804]]",,[],,0.4779276704058259,0.3047846436996582
847,4,2,14.02900000000011,,13518,"[954, 270]",False,,True,0.0,False,weak,False,"[[1020, 42], [642, 204], [786, 240], [714, 510], [858, 636], [660, 798]]",,[],,0.4779276704058259,0.3047846436996582
848,4,2,14.045000000000073,,13518,"[954, 270]",False,,True,0.0,False,weak,False,"[[1020, 36], [642, 198], [786, 234], [714, 504], [858, 630], [660, 792]]",,[],,0.47852868568738105,0.30839415660332925
849,4,2,14.062000000000012,,13518,"[954, 270]",False,,True,0.0,False,weak,False,"[[1020, 30], [642, 192], [786, 228], [714, 498], [858, 624], [660, 786]]",,[],,0.47852868568738105,0.30839415660332925
850,4,2,14.078000000000088,,13518,"[954, 270]",False,,True,0.0,False,weak,False,"[[1020, 24], [642, 186], [786, 222], [714, 492], [858, 618], [660, 780]]",,[],,0.4797438464445009,0.3100777470701772
851,4,2,14.095000000000027,,13518,"[954, 270]",False,,True,0.0,False,weak,False,"[[1020, 18], [642, 180], [786, 216], [714, 486], [858, 612], [660, 774], [624, 810]]",,[],,0.47990996102179767,0.31086670799726257
852,4,2,14.111000000000104,,13518,"[954, 270]",False,,True,0.0,False,weak,False,"[[1020, 12], [642, 174], [786, 210], [714, 480], [858, 606], [660, 768], [624, 804]]",,[],,0.48027695014458993,0.31168186009265364
853,4,2,14.128000000000043,,13518,"[954, 270]",False,,True,0.0,False,weak,False,"[[1020, 6], [642, 168], [786, 204], [714, 474], [858, 600], [660, 762], [624, 798]]",,[],,0.48027695014458993,0.31168186009265364
854,4,2,14.145000000000095,,13518,"[954, 270]",False,,True,0.0,False,weak,False,"[[1020, 0], [642, 162], [786, 198], [714, 468], [858, 594], [660, 756], [624, 792], [642, 810]]",,[],,0.4793107242899504,0.31367895716701166
855,4,2,14.161000000000058,,13518,"[954, 270]",False,,True,0.0,False,weak,False,"[[642, 156], [786, 192], [714, 462], [858, 588], [660, 750], [624, 786], [642, 804]]",,[],,0.4793107242899504,0.31367895716701166
856,4,2,14.177000000000021,,13518,"[954, 270]",False,,True,0.0,False,weak,False,"[[642, 150], [786, 186], [714, 456], [858, 582], [660, 744], [624, 780], [642, 798]]",,[],,0.47902657111132096,0.3150747314840022
857,4,2,14.193000000000097,,13518,"[954, 270]",False,,True,0.0,False,weak,False,"[[642, 144], [786, 180], [714, 450], [858, 576], [660, 738], [624, 774], [642, 792]]",,[],,0.478363756445127,0.3188269166021358
858,4,2,14.20900000000006,,13518,"[954, 270]",False,,True,0.0,False,weak,False,"[[642, 138], [786, 174], [714, 444], [858, 570], [660, 732], [624, 768], [642, 786]]",,[],,0.4788836555356866,0.3210384816009022
859,4,2,14.225999999999999,,13518,"[954, 270]",False,,True,0.0,False,weak,False,"[[642, 132], [786, 168], [714, 438], [858, 564], [660, 726], [624, 762], [642, 780]]",,[],,0.4790750044318058,0.3219581351742099
860,4,2,14.243000000000052,,13518,"[954, 270]",False,,True,0.0,False,weak,False,"[[642, 126], [786, 162], [714, 432], [858, 558], [660, 720], [624, 756], [642, 774]]",,[],,0.47794528800735403,0.31962258971355517
861,4,2,14.260000000000105,,13518,"[954, 270]",False,,True,0.0,False,weak,False,"[[642, 120], [786, 156], [714, 426], [858, 552], [660, 714], [624, 750], [642, 768]]",,[],,0.4753588743211356,0.31255135410610513
862,4,2,14.277000000000044,,13518,"[954, 270]",False,,True,0.0,False,weak,False,"[[642, 114], [786, 150], [714, 420], [858, 546], [660, 708], [624, 744], [642, 762]]",,[],,0.4642974529432369,0.27455417316290354
863,4,2,14.293000000000006,,13518,"[954, 270]",False,,True,0.0,False,weak,False,"[[642, 108], [786, 144], [714, 414], [858, 540], [660, 702], [624, 738], [642, 756]]",,[],,0.4634495172256745,0.2709855452429426
864,4,2,14.311000000000035,,13518,"[954, 270]",False,Right,True,0.0,False,weak,False,"[[642, 102], [786, 138], [714, 408], [858, 534], [660, 696], [624, 732], [642, 750]]",,[],,0.46336131902602123,0.27092375278995207
865,4,2,14.326000000000022,,13518,"[954, 270]",False,Right,True,0.0,False,weak,False,"[[636, 96], [780, 132], [708, 402], [852, 528], [654, 690], [618, 726], [636, 744]]",,[],,0.46336978059656087,0.27055862249042295
866,4,2,14.343000000000075,,13518,"[954, 270]",False,Right,True,0.0,False,weak,False,"[[630, 90], [774, 126], [702, 396], [846, 522], [648, 684], [612, 720], [630, 738]]",,[],,0.46379817016470615,0.2691765896446674
867,4,2,14.359000000000037,,13518,"[954, 270]",False,Right,True,0.0,False,weak,False,"[[624, 84], [768, 120], [696, 390], [840, 516], [642, 678], [606, 714], [624, 732]]",,[],,0.4661516216283414,0.2708941893313538
868,4,2,14.37600000000009,,13518,"[954, 270]",False,Right,True,0.0,False,weak,False,"[[618, 78], [762, 114], [690, 384], [834, 510], [636, 672], [600, 708], [618, 726]]",,[],,0.4675409294248619,0.2745551047047897
869,4,2,14.393000000000029,,13518,"[954, 270]",False,Right,True,0.0,False,weak,False,"[[612, 72], [756, 108], [684, 378], [828, 504], [630, 666], [594, 702], [612, 720]]",,[],,0.46746603375259277,0.27678735650410435
870,4,2,14.409000000000106,,13518,"[954, 270]",False,Right,True,0.0,False,weak,False,"[[606, 66], [750, 102], [678, 372], [822, 498], [624, 660], [588, 696], [606, 714]]",,[],,0.46703876109999315,0.2805746611360702
871,4,2,14.425000000000068,,13518,"[954, 270]",False,Right,True,0.0,False,weak,False,"[[600, 60], [744, 96], [672, 366], [816, 492], [618, 654], [582, 690], [600, 708]]",,[],,0.4670164094869806,0.28150347140955867
872,4,2,14.443000000000097,,13518,"[954, 270]",False,Right,True,0.0,False,weak,False,"[[594, 54], [738, 90], [666, 360], [810, 486], [612, 648], [576, 684], [594, 702]]",,[],,0.46708561267295945,0.2832443380295473
873,4,2,14.45900000000006,,13518,"[954, 270]",False,Right,True,0.0,False,weak,False,"[[588, 48], [732, 84], [660, 354], [804, 480], [606, 642], [570, 678], [588, 696]]",,[],,0.46735815599259,0.28364706406983564
874,4,2,14.475000000000023,,13518,"[954, 270]",False,Right,True,0.0,False,weak,False,"[[582, 42], [726, 78], [654, 348], [798, 474], [600, 636], [564, 672], [582, 690]]",,[],,0.4673667416357576,0.28400488232049537
875,4,2,14.4910000000001,,13518,"[954, 270]",False,Right,True,0.0,False,weak,False,"[[576, 36], [720, 72], [648, 342], [792, 468], [594, 630], [558, 666], [576, 684]]",,[],,0.4662426313418311,0.28515172165227654
876,4,2,14.507000000000062,,13518,"[954, 270]",False,Right,True,0.0,False,weak,False,"[[570, 30], [714, 66], [642, 336], [786, 462], [588, 624], [552, 660], [570, 678]]",,[],,0.4660974793457006,0.28669359641431114
877,4,2,14.524000000000001,,13518,"[954, 270]",False,Right,True,0.0,False,weak,False,"[[564, 24], [708, 60], [636, 330], [780, 456], [582, 618], [546, 654], [564, 672]]",,[],,0.46620926274229524,0.2876468014426824
878,4,2,14.541000000000054,,13518,"[954, 270]",False,,True,0.0,False,weak,False,"[[558, 18], [702, 54], [630, 324], [774, 450], [576, 612], [540, 648], [558, 666]]",,[],,0.4662916813704411,0.28844953314093824
879,4,2,14.557000000000016,,13518,"[954, 270]",False,,True,0.0,False,weak,False,"[[558, 12], [702, 48], [630, 318], [774, 444], [576, 606], [540, 642], [558, 660]]",,[],,0.4666368462653215,0.2898734505196843
880,4,2,14.57400000000007,,13518,"[954, 270]",False,,True,0.0,False,weak,False,"[[558, 6], [702, 42], [630, 312], [774, 438], [576, 600], [540, 636], [558, 654]]",,[],,0.46675937601494316,0.28979986008338676
881,4,2,14.591000000000008,,13518,"[954, 270]",False,,True,0.0,False,weak,False,"[[558, 0], [702, 36], [630, 306], [774, 432], [576, 594], [540, 630], [558, 648]]",,[],,0.46714405942871345,0.291869212984343
882,4,2,14.608000000000061,,13518,"[954, 270]",False,,True,0.0,False,weak,False,"[[702, 30], [630, 300], [774, 426], [576, 588], [540, 624], [558, 642]]",,[],,0.46714405942871345,0.291869212984343
883,4,2,14.625,,13518,"[954, 270]",False,,True,0.0,False,weak,False,"[[702, 24], [630, 294], [774, 420], [576, 582], [540, 618], [558, 636]]",,[],,0.4661413886036276,0.29196038916448075
884,4,2,14.642000000000053,,13518,"[954, 270]",False,,True,0.0,False,weak,False,"[[702, 18], [630, 288], [774, 414], [576, 576], [540, 612], [558, 630], [864, 810]]",,[],,0.4660237435022608,0.29357171144695315
885,4,2,14.659000000000106,,13518,"[954, 270]",False,,True,0.0,False,weak,False,"[[702, 12], [630, 282], [774, 408], [576, 570], [540, 606], [558, 624], [864, 804]]",,[],,0.4649853215250464,0.2947390050031785
886,4,2,14.675000000000068,,13518,"[954, 270]",False,,True,0.0,False,weak,False,"[[702, 6], [630, 276], [774, 402], [576, 564], [540, 600], [558, 618], [864, 798]]",,[],,0.4643657474787647,0.295513539606693
887,4,2,14.691000000000031,,13518,"[954, 270]",False,,True,0.0,False,weak,False,"[[702, 0], [630, 270], [774, 396], [576, 558], [540, 594], [558, 612], [864, 792], [522, 810]]",,[],,0.45885044398927943,0.2644324707600485
888,4,2,14.708000000000084,,13518,"[954, 270]",False,,True,0.0,False,weak,False,"[[630, 264], [774, 390], [576, 552], [540, 588], [558, 606], [864, 786], [522, 804]]",,[],,0.4586468076074862,0.25511625358666223
889,4,2,14.725000000000023,,13518,"[954, 270]",False,,True,0.0,False,weak,False,"[[630, 258], [774, 384], [576, 546], [540, 582], [558, 600], [864, 780], [522, 798]]",,[],,0.45312666203286484,0.23589531604196956
890,4,2,14.742000000000075,,13518,"[954, 270]",False,,True,0.0,False,weak,False,"[[630, 252], [774, 378], [576, 540], [540, 576], [558, 594], [864, 774], [522, 792], [684, 810]]",,[],,0.4528636152172177,0.23690694641813081
891,4,2,14.758000000000038,,13518,"[954, 270]",False,,True,0.0,False,weak,False,"[[630, 246], [774, 372], [576, 534], [540, 570], [558, 588], [864, 768], [522, 786], [684, 804]]",,[],,0.45193538501948954,0.24262916328223982
892,4,2,14.774000000000001,,13518,"[954, 270]",False,,True,0.0,False,weak,False,"[[630, 240], [774, 366], [576, 528], [540, 564], [558, 582], [864, 762], [522, 780], [684, 798]]",,[],,0.45193538501948954,0.24262916328223982
893,4,2,14.790000000000077,,13518,"[954, 270]",False,,True,0.0,False,weak,False,"[[630, 234], [774, 360], [576, 522], [540, 558], [558, 576], [864, 756], [522, 774], [684, 792]]",,[],,0.45309931794312475,0.2539690145172431
894,4,2,14.807000000000016,,13518,"[954, 270]",False,,True,0.0,False,weak,False,"[[630, 228], [774, 354], [576, 516], [540, 552], [558, 570], [864, 750], [522, 768], [684, 786]]",,[],,0.45309931794312475,0.2539690145172431
895,4,2,14.82400000000007,,13518,"[954, 270]",False,,True,0.0,False,weak,False,"[[630, 222], [774, 348], [576, 510], [540, 546], [558, 564], [864, 744], [522, 762], [684, 780]]",,[],,0.45631918807553057,0.2572183199241883
896,4,2,14.840000000000032,,13518,"[954, 270]",False,,True,0.0,False,weak,False,"[[630, 216], [774, 342], [576, 504], [540, 540], [558, 558], [864, 738], [522, 756], [684, 774]]",,[],,0.4565233282756475,0.25727824725332904
897,4,2,14.856000000000108,,13518,"[954, 270]",False,,True,0.0,False,weak,False,"[[630, 210], [774, 336], [576, 498], [540, 534], [558, 552], [864, 732], [522, 750], [684, 768]]",,[],,0.45762643765151945,0.2560191034432151
898,4,2,14.872000000000071,,13518,"[954, 270]",False,,True,0.0,False,weak,False,"[[630, 204], [774, 330], [576, 492], [540, 528], [558, 546], [864, 726], [522, 744], [684, 762]]",,[],,0.45762643765151945,0.2560191034432151
899,4,2,14.8900000000001,,13518,"[954, 270]",False,,True,0.0,False,weak,False,"[[630, 198], [774, 324], [576, 486], [540, 522], [558, 540], [864, 720], [522, 738], [684, 756], [828, 810]]",,[],,0.45864787220354397,0.25473265397212785
900,4,2,14.906000000000063,,13518,"[954, 270]",False,,True,0.0,False,weak,False,"[[630, 192], [774, 318], [576, 480], [540, 516], [558, 534], [864, 714], [522, 732], [684, 750], [828, 804]]",,[],,0.45864787220354397,0.25473265397212785
901,4,2,14.922000000000025,,13518,"[954, 270]",False,,True,0.0,False,weak,False,"[[630, 186], [774, 312], [576, 474], [540, 510], [558, 528], [864, 708], [522, 726], [684, 744], [828, 798]]",,[],,0.4569821986761814,0.2533250489382862
902,4,2,14.938000000000102,,13518,"[954, 270]",False,,True,0.0,False,weak,False,"[[630, 180], [774, 306], [576, 468], [540, 504], [558, 522], [864, 702], [522, 720], [684, 738], [828, 792], [828, 810]]",,[],,0.4569821986761814,0.2533250489382862
903,4,2,14.955000000000041,,13518,"[954, 270]",False,,True,0.0,False,weak,False,"[[630, 174], [774, 300], [576, 462], [540, 498], [558, 516], [864, 696], [522, 714], [684, 732], [828, 786], [828, 804]]",,[],,0.4489693606209303,0.21229741796047996
904,4,2,14.972000000000094,,13518,"[954, 270]",False,,True,0.0,False,weak,False,"[[630, 168], [774, 294], [576, 456], [540, 492], [558, 510], [864, 690], [522, 708], [684, 726], [828, 780], [828, 798]]",,[],,0.4489693606209303,0.21229741796047996
905,4,2,14.988000000000056,,13518,"[954, 270]",False,,True,0.0,False,weak,False,"[[630, 162], [774, 288], [576, 450], [540, 486], [558, 504], [864, 684], [522, 702], [684, 720], [828, 774], [828, 792]]",,[],,0.44855861278372816,0.21915359039899163
906,4,2,15.00500000000011,,13518,"[954, 270]",False,,True,0.0,False,weak,False,"[[630, 156], [774, 282], [576, 444], [540, 480], [558, 498], [864, 678], [522, 696], [684, 714], [828, 768], [828, 786]]",,[],,0.44855861278372816,0.21915359039899163
907,4,2,15.022000000000048,,13518,"[954, 270]",False,,True,0.0,False,weak,False,"[[630, 150], [774, 276], [576, 438], [540, 474], [558, 492], [864, 672], [522, 690], [684, 708], [828, 762], [828, 780]]",,"[[1290, 810]]",,0.44767565246132157,0.22378082957557077
908,4,2,15.039000000000101,,13518,"[954, 270]",False,,True,0.0,False,weak,False,"[[630, 144], [774, 270], [576, 432], [540, 468], [558, 486], [864, 666], [522, 684], [684, 702], [828, 756], [828, 774], [1170, 810]]",,"[[1290, 804]]",,0.44767565246132157,0.22378082957557077
909,4,2,15.05600000000004,,13518,"[954, 270]",False,Left,True,0.0,False,weak,False,"[[630, 138], [774, 264], [576, 426], [540, 462], [558, 480], [864, 660], [522, 678], [684, 696], [828, 750], [828, 768], [1170, 804]]",,"[[1296, 798]]",,0.44649284290704194,0.2378234545834551
910,4,2,15.071000000000026,,13518,"[954, 270]",False,Left,True,0.0,False,weak,False,"[[636, 132], [780, 258], [582, 420], [546, 456], [564, 474], [870, 654], [528, 672], [690, 690], [834, 744], [834, 762], [1176, 798]]",,"[[1302, 792]]",,0.44649284290704194,0.2378234545834551
911,4,2,15.087000000000103,,13518,"[954, 270]",False,Left,True,0.0,False,weak,False,"[[642, 126], [786, 252], [588, 414], [552, 450], [570, 468], [876, 648], [534, 666], [696, 684], [840, 738], [840, 756], [1182, 792], [822, 810]]",,"[[1308, 786]]",,0.445661152871219,0.24619793414483393
912,4,2,15.104000000000042,,13518,"[954, 270]",False,Left,True,0.0,False,weak,False,"[[648, 120], [792, 246], [594, 408], [558, 444], [576, 462], [882, 642], [540, 660], [702, 678], [846, 732], [846, 750], [1188, 786], [828, 804]]",,"[[1314, 780]]",,0.445661152871219,0.24619793414483393
913,4,2,15.120000000000005,,13518,"[954, 270]",False,Left,True,0.0,False,weak,False,"[[654, 114], [798, 240], [600, 402], [564, 438], [582, 456], [888, 636], [546, 654], [708, 672], [852, 726], [852, 744], [1194, 780], [834, 798]]",,"[[1320, 774]]",,0.4457764027932763,0.2531584218937738
914,4,2,15.136000000000081,,13518,"[954, 270]",False,Left,True,0.0,False,weak,False,"[[660, 108], [804, 234], [606, 396], [570, 432], [588, 450], [894, 630], [552, 648], [714, 666], [858, 720], [858, 738], [1200, 774], [840, 792], [840, 810]]",,"[[1326, 768]]",,0.4457764027932763,0.2531584218937738
915,4,2,15.15300000000002,,13518,"[954, 270]",False,Left,True,0.0,False,weak,False,"[[666, 102], [810, 228], [612, 390], [576, 426], [594, 444], [900, 624], [558, 642], [720, 660], [864, 714], [864, 732], [1206, 768], [846, 786], [846, 804]]",,"[[1332, 762]]",,0.44434115673466057,0.25885845451313017
916,4,2,15.170000000000073,,13518,"[954, 270]",False,Left,True,0.0,False,weak,False,"[[672, 96], [816, 222], [618, 384], [582, 420], [600, 438], [906, 618], [564, 636], [726, 654], [870, 708], [870, 726], [1212, 762], [852, 780], [852, 798]]",,"[[1338, 756]]",,0.44434115673466057,0.25885845451313017
917,4,2,15.187000000000012,,13518,"[954, 270]",False,Left,True,0.0,False,weak,False,"[[678, 90], [822, 216], [624, 378], [588, 414], [606, 432], [912, 612], [570, 630], [732, 648], [876, 702], [876, 720], [1218, 756], [858, 774], [858, 792]]",,"[[1344, 750]]",,0.4445945223760724,0.2573302509941514
918,4,2,15.203000000000088,,13518,"[954, 270]",False,Left,True,0.0,False,weak,False,"[[684, 84], [828, 210], [630, 372], [594, 408], [612, 426], [918, 606], [576, 624], [738, 642], [882, 696], [882, 714], [1224, 750], [864, 768], [864, 786]]",,"[[1350, 744]]",,0.4445945223760724,0.2573302509941514
919,4,2,15.220000000000027,,13518,"[954, 270]",False,Left,True,0.0,False,weak,False,"[[690, 78], [834, 204], [636, 366], [600, 402], [618, 420], [924, 600], [582, 618], [744, 636], [888, 690], [888, 708], [1230, 744], [870, 762], [870, 780]]",,"[[1356, 738]]",,0.4438760719334101,0.2580358116970337
920,4,2,15.23700000000008,,13518,"[954, 270]",False,,True,0.0,False,weak,False,"[[696, 72], [840, 198], [642, 360], [606, 396], [624, 414], [930, 594], [588, 612], [750, 630], [894, 684], [894, 702], [1236, 738], [876, 756], [876, 774]]",,"[[1356, 732]]",,0.4438760719334101,0.2580358116970337
921,4,2,15.252000000000066,,13518,"[954, 270]",False,,True,0.0,False,weak,False,"[[696, 66], [840, 192], [642, 354], [606, 390], [624, 408], [930, 588], [588, 606], [750, 624], [894, 678], [894, 696], [1236, 732], [876, 750], [876, 768]]",,"[[1356, 726]]",,0.4462818660962157,0.2581265020513759
922,4,2,15.269000000000005,,13518,"[954, 270]",False,,True,0.0,False,weak,False,"[[696, 60], [840, 186], [642, 348], [606, 384], [624, 402], [930, 582], [588, 600], [750, 618], [894, 672], [894, 690], [1236, 726], [876, 744], [876, 762]]",,"[[1356, 720]]",,0.4467354250373166,0.25876259919306566
923,4,2,15.285000000000082,,13518,"[954, 270]",False,,True,0.0,False,weak,False,"[[696, 54], [840, 180], [642, 342], [606, 378], [624, 396], [930, 576], [588, 594], [750, 612], [894, 666], [894, 684], [1236, 720], [876, 738], [876, 756], [858, 810]]",,"[[1356, 714]]",,0.44900852782019085,0.2614773396350597
924,4,2,15.302000000000021,,13518,"[954, 270]",False,,True,0.0,False,weak,False,"[[696, 48], [840, 174], [642, 336], [606, 372], [624, 390], [930, 570], [588, 588], [750, 606], [894, 660], [894, 678], [1236, 714], [876, 732], [876, 750], [858, 804]]",,"[[1356, 708]]",,0.44900852782019085,0.2614773396350597
925,4,2,15.319000000000074,,13518,"[954, 270]",False,Right,True,0.0,False,weak,False,"[[696, 42], [840, 168], [642, 330], [606, 366], [624, 384], [930, 564], [588, 582], [750, 600], [894, 654], [894, 672], [1236, 708], [876, 726], [876, 744], [858, 798]]",,"[[1350, 702]]",,0.4523054717579235,0.2600263062685205
926,4,2,15.335000000000036,,13518,"[954, 270]",False,Right,True,0.0,False,weak,False,"[[690, 36], [834, 162], [636, 324], [600, 360], [618, 378], [924, 558], [582, 576], [744, 594], [888, 648], [888, 666], [1230, 702], [870, 720], [870, 738], [852, 792]]",,"[[1344, 696]]",,0.4521613837378209,0.2607431940253867
927,4,2,15.350999999999999,,13518,"[954, 270]",False,Right,True,0.0,False,weak,False,"[[684, 30], [828, 156], [630, 318], [594, 354], [612, 372], [918, 552], [576, 570], [738, 588], [882, 642], [882, 660], [1224, 696], [864, 714], [864, 732], [846, 786]]",,"[[1338, 690]]",,0.4695623317112072,0.25973582480572344
928,4,2,15.368000000000052,,13518,"[954, 270]",False,Right,True,0.0,False,weak,False,"[[678, 24], [822, 150], [624, 312], [588, 348], [606, 366], [912, 546], [570, 564], [732, 582], [876, 636], [876, 654], [1218, 690], [858, 708], [858, 726], [840, 780]]",,"[[1332, 684]]",,0.4811151322640169,0.25484013592237253
929,4,2,15.387000000000057,,13518,"[954, 270]",False,Right,True,0.0,False,weak,False,"[[672, 18], [816, 144], [618, 306], [582, 342], [600, 360], [906, 540], [564, 558], [726, 576], [870, 630], [870, 648], [1212, 684], [852, 702], [852, 720], [834, 774], [654, 810]]",,"[[1326, 678]]",,0.4869623540328452,0.2475054942932704
930,4,2,15.40300000000002,,13518,"[954, 270]",False,Right,True,0.0,False,weak,False,"[[666, 12], [810, 138], [612, 300], [576, 336], [594, 354], [900, 534], [558, 552], [720, 570], [864, 624], [864, 642], [1206, 678], [846, 696], [846, 714], [828, 768], [648, 804]]",,"[[1320, 672]]",,0.4869623540328452,0.2475054942932704
931,4,2,15.420000000000073,,13518,"[954, 270]",False,Right,True,0.0,False,weak,False,"[[660, 6], [804, 132], [606, 294], [570, 330], [588, 348], [894, 528], [552, 546], [714, 564], [858, 618], [858, 636], [1200, 672], [840, 690], [840, 708], [822, 762], [642, 798]]",,"[[1314, 666]]",,0.48482701853555543,0.25622794815329086
932,4,2,15.437000000000012,,13518,"[954, 270]",False,Right,True,0.0,False,weak,False,"[[654, 0], [798, 126], [600, 288], [564, 324], [582, 342], [888, 522], [546, 540], [708, 558], [852, 612], [852, 630], [1194, 666], [834, 684], [834, 702], [816, 756], [636, 792]]",,"[[1308, 660]]",,0.48482701853555543,0.25622794815329086
933,4,2,15.453000000000088,,13518,"[954, 270]",False,Right,True,0.0,False,weak,False,"[[792, 120], [594, 282], [558, 318], [576, 336], [882, 516], [540, 534], [702, 552], [846, 606], [846, 624], [1188, 660], [828, 678], [828, 696], [810, 750], [630, 786]]",,"[[1302, 654]]",,0.48595943782414774,0.25858104272843085
934,4,2,15.469000000000051,,13518,"[954, 270]",False,Right,True,0.0,False,weak,False,"[[786, 114], [588, 276], [552, 312], [570, 330], [876, 510], [534, 528], [696, 546], [840, 600], [840, 618], [1182, 654], [822, 672], [822, 690], [804, 744], [624, 780]]",,"[[1296, 648]]",,0.4859497730639998,0.26042412048670593
935,4,2,15.486000000000104,,13518,"[954, 270]",False,Right,True,0.0,False,weak,False,"[[780, 108], [582, 270], [546, 306], [564, 324], [870, 504], [528, 522], [690, 540], [834, 594], [834, 612], [1176, 648], [816, 666], [816, 684], [798, 738], [618, 774]]",,"[[1290, 642]]",,0.4859882998381839,0.25815727679515454
936,4,2,15.503000000000043,,13518,"[954, 270]",False,Right,True,0.0,False,weak,False,"[[774, 102], [576, 264], [540, 300], [558, 318], [864, 498], [522, 516], [684, 534], [828, 588], [828, 606], [1170, 642], [810, 660], [810, 678], [792, 732], [612, 768]]",,"[[1284, 636]]",,0.4859882998381839,0.25815727679515454
937,4,2,15.518000000000029,,13518,"[954, 270]",False,Right,True,0.0,False,weak,False,"[[768, 96], [570, 258], [534, 294], [552, 312], [858, 492], [516, 510], [678, 528], [822, 582], [822, 600], [1164, 636], [804, 654], [804, 672], [786, 726], [606, 762]]",,"[[1278, 630]]",,0.4877922496887511,0.26105414907765134
938,4,2,15.535000000000082,,13518,"[954, 270]",False,Right,True,0.0,False,weak,False,"[[762, 90], [564, 252], [528, 288], [546, 306], [852, 486], [510, 504], [672, 522], [816, 576], [816, 594], [1158, 630], [798, 648], [798, 666], [780, 720], [600, 756]]",,"[[1272, 624]]",,0.487914207499482,0.2616895814372675
939,4,2,15.552999999999997,,13518,"[954, 270]",False,Right,True,0.0,False,weak,False,"[[756, 84], [558, 246], [522, 282], [540, 300], [846, 480], [504, 498], [666, 516], [810, 570], [810, 588], [1152, 624], [792, 642], [792, 660], [774, 714], [594, 750]]",,"[[1266, 618]]",,0.48915647035271015,0.26609956873946095
940,4,2,15.569000000000074,,13518,"[954, 270]",False,Right,True,0.0,False,weak,False,"[[750, 78], [552, 240], [516, 276], [534, 294], [840, 474], [498, 492], [660, 510], [804, 564], [804, 582], [1146, 618], [786, 636], [786, 654], [768, 708], [588, 744]]",,"[[1260, 612]]",,0.48915647035271015,0.26609956873946095
941,4,2,15.585000000000036,,13518,"[954, 270]",False,Right,True,0.0,False,weak,False,"[[744, 72], [546, 234], [510, 270], [528, 288], [834, 468], [492, 486], [654, 504], [798, 558], [798, 576], [1140, 612], [780, 630], [780, 648], [762, 702], [582, 738]]",,"[[1254, 606]]",,0.49068597237342165,0.2640075897738007
942,4,2,15.600999999999999,,13518,"[954, 270]",False,Right,True,0.0,False,weak,False,"[[738, 66], [540, 228], [504, 264], [522, 282], [828, 462], [486, 480], [648, 498], [792, 552], [792, 570], [1134, 606], [774, 624], [774, 642], [756, 696], [576, 732]]",,"[[1248, 600]]",,0.4910857991088379,0.26320053197342363
943,4,2,15.618000000000052,,13518,"[954, 270]",False,Right,True,0.0,False,weak,False,"[[732, 60], [534, 222], [498, 258], [516, 276], [822, 456], [480, 474], [642, 492], [786, 546], [786, 564], [1128, 600], [768, 618], [768, 636], [750, 690], [570, 726]]",,"[[1242, 594]]",,0.48917612103492514,0.26849279156451067
944,4,2,15.634000000000015,,13518,"[954, 270]",False,Right,True,0.0,False,weak,False,"[[726, 54], [528, 216], [492, 252], [510, 270], [816, 450], [474, 468], [636, 486], [780, 540], [780, 558], [1122, 594], [762, 612], [762, 630], [744, 684], [564, 720]]",,"[[1236, 588]]",,0.48917612103492514,0.26849279156451067
945,4,2,15.651000000000067,,13518,"[954, 270]",False,Right,True,0.0,False,weak,False,"[[720, 48], [522, 210], [486, 246], [504, 264], [810, 444], [468, 462], [630, 480], [774, 534], [774, 552], [1116, 588], [756, 606], [756, 624], [738, 678], [558, 714]]",,"[[1230, 582]]",,0.488725162986419,0.2726032157970054
946,4,2,15.66700000000003,,13518,"[954, 270]",False,Right,True,0.0,False,weak,False,"[[714, 42], [516, 204], [480, 240], [498, 258], [804, 438], [462, 456], [624, 474], [768, 528], [768, 546], [1110, 582], [750, 600], [750, 618], [732, 672], [552, 708]]",,"[[1224, 576]]",,0.488725162986419,0.2726032157970054
947,4,2,15.68500000000006,,13518,"[954, 270]",False,,True,0.0,False,weak,False,"[[708, 36], [510, 198], [474, 234], [492, 252], [798, 432], [456, 450], [618, 468], [762, 522], [762, 540], [1104, 576], [744, 594], [744, 612], [726, 666], [546, 702]]",,"[[1224, 570]]",,0.4883818887096412,0.275281814153564
948,4,2,15.701999999999998,,13518,"[954, 270]",False,,True,0.0,False,weak,False,"[[708, 30], [510, 192], [474, 228], [492, 246], [798, 426], [456, 444], [618, 462], [762, 516], [762, 534], [1104, 570], [744, 588], [744, 606], [726, 660], [546, 696]]",,"[[1224, 564]]",,0.4873079788020937,0.27643909885645124
949,4,2,15.718000000000075,,13518,"[954, 270]",False,,True,0.0,False,weak,False,"[[708, 24], [510, 186], [474, 222], [492, 240], [798, 420], [456, 438], [618, 456], [762, 510], [762, 528], [1104, 564], [744, 582], [744, 600], [726, 654], [546, 690]]",,"[[1224, 558]]",,0.4776895325227589,0.2677575766231022
950,4,2,15.735000000000014,,13518,"[954, 270]",False,,True,0.0,False,weak,False,"[[708, 18], [510, 180], [474, 216], [492, 234], [798, 414], [456, 432], [618, 450], [762, 504], [762, 522], [1104, 558], [744, 576], [744, 594], [726, 648], [546, 684]]",,"[[1224, 552]]",,0.47045551158357857,0.27466798195102393
951,4,2,15.754000000000019,,13518,"[954, 270]",False,Left,True,0.0,False,weak,False,"[[708, 12], [510, 174], [474, 210], [492, 228], [798, 408], [456, 426], [618, 444], [762, 498], [762, 516], [1104, 552], [744, 570], [744, 588], [726, 642], [546, 678]]",,"[[1230, 546]]",,0.46291948848642034,0.27424426339497543
952,4,2,15.769000000000005,,13518,"[954, 270]",False,Left,True,0.0,False,weak,False,"[[714, 6], [516, 168], [480, 204], [498, 222], [804, 402], [462, 420], [624, 438], [768, 492], [768, 510], [1110, 546], [750, 564], [750, 582], [732, 636], [552, 672]]",,"[[1236, 540]]",,0.46291948848642034,0.27424426339497543
953,4,2,15.785000000000082,,13518,"[954, 270]",False,Left,True,0.0,False,weak,False,"[[720, 0], [522, 162], [486, 198], [504, 216], [810, 396], [468, 414], [630, 432], [774, 486], [774, 504], [1116, 540], [756, 558], [756, 576], [738, 630], [558, 666]]",,"[[1242, 534]]",,0.46205395106419767,0.2775058050890251
954,4,2,15.801000000000045,,13518,"[954, 270]",False,Left,True,0.0,False,weak,False,"[[528, 156], [492, 192], [510, 210], [816, 390], [474, 408], [636, 426], [780, 480], [780, 498], [1122, 534], [762, 552], [762, 570], [744, 624], [564, 660]]",,"[[1248, 528]]",,0.4618048952599746,0.2770034884692123
955,4,2,15.818000000000097,,13518,"[954, 270]",False,Left,True,0.0,False,weak,False,"[[534, 150], [498, 186], [516, 204], [822, 384], [480, 402], [642, 420], [786, 474], [786, 492], [1128, 528], [768, 546], [768, 564], [750, 618], [570, 654]]",,"[[1254, 522]]",,0.462641964288406,0.2773274525215772
956,4,2,15.835000000000036,,13518,"[954, 270]",False,Left,True,0.0,False,weak,False,"[[540, 144], [504, 180], [522, 198], [828, 378], [486, 396], [648, 414], [792, 468], [792, 486], [1134, 522], [774, 540], [774, 558], [756, 612], [576, 648]]",,"[[1260, 516]]",,0.4628882224884318,0.27697880848125744
957,4,2,15.85200000000009,,13518,"[954, 270]",False,Left,True,0.0,False,weak,False,"[[546, 138], [510, 174], [528, 192], [834, 372], [492, 390], [654, 408], [798, 462], [798, 480], [1140, 516], [780, 534], [780, 552], [762, 606], [582, 642]]",,"[[1266, 510]]",,0.4642054833849751,0.2770070463933779
958,4,2,15.869000000000028,,13518,"[954, 270]",False,Left,True,0.0,False,weak,False,"[[552, 132], [516, 168], [534, 186], [840, 366], [498, 384], [660, 402], [804, 456], [804, 474], [1146, 510], [786, 528], [786, 546], [768, 600], [588, 636]]",,"[[1272, 504]]",,0.46473738615004956,0.2750976304094086
959,4,2,15.885000000000105,,13518,"[954, 270]",False,Left,True,0.0,False,weak,False,"[[558, 126], [522, 162], [540, 180], [846, 360], [504, 378], [666, 396], [810, 450], [810, 468], [1152, 504], [792, 522], [792, 540], [774, 594], [594, 630]]",,"[[1278, 498]]",,0.4638482984253701,0.2764655461103601
960,4,2,15.90300000000002,,13518,"[954, 270]",False,Left,True,0.0,False,weak,False,"[[564, 120], [528, 156], [546, 174], [852, 354], [510, 372], [672, 390], [816, 444], [816, 462], [1158, 498], [798, 516], [798, 534], [780, 588], [600, 624]]",,"[[1284, 492]]",,0.46367756053731296,0.27654095738133644
961,4,2,15.920000000000073,,13518,"[954, 270]",False,Left,True,0.0,False,weak,False,"[[570, 114], [534, 150], [552, 168], [858, 348], [516, 366], [678, 384], [822, 438], [822, 456], [1164, 492], [804, 510], [804, 528], [786, 582], [606, 618]]",,"[[1290, 486]]",,0.46375196247814376,0.277640500368705
962,4,2,15.937000000000012,,13518,"[954, 270]",False,Left,True,0.0,False,weak,False,"[[576, 108], [540, 144], [558, 162], [864, 342], [522, 360], [684, 378], [828, 432], [828, 450], [1170, 486], [810, 504], [810, 522], [792, 576], [612, 612], [1116, 810]]",,"[[1296, 480]]",,0.46375196247814376,0.277640500368705
963,4,2,15.954000000000065,,13518,"[954, 270]",False,Left,True,0.0,False,weak,False,"[[582, 102], [546, 138], [564, 156], [870, 336], [528, 354], [690, 372], [834, 426], [834, 444], [1176, 480], [816, 498], [816, 516], [798, 570], [618, 606], [1122, 804]]",,"[[1302, 474]]",,0.464037041588582,0.2793751038653386
964,4,2,15.971000000000004,,13518,"[954, 270]",False,Left,True,0.0,False,weak,False,"[[588, 96], [552, 132], [570, 150], [876, 330], [534, 348], [696, 366], [840, 420], [840, 438], [1182, 474], [822, 492], [822, 510], [804, 564], [624, 600], [1128, 798]]",,"[[1308, 468]]",,0.46405266352348107,0.280811831736715
965,4,2,15.989000000000033,,13518,"[954, 270]",False,Left,True,0.0,False,weak,False,"[[594, 90], [558, 126], [576, 144], [882, 324], [540, 342], [702, 360], [846, 414], [846, 432], [1188, 468], [828, 486], [828, 504], [810, 558], [630, 594], [1134, 792]]",,"[[1314, 462]]",,0.46567975121118066,0.28326726354093945
966,4,2,16.006000000000085,,13518,"[954, 270]",False,Left,True,0.0,False,weak,False,"[[600, 84], [564, 120], [582, 138], [888, 318], [546, 336], [708, 354], [852, 408], [852, 426], [1194, 462], [834, 480], [834, 498], [816, 552], [636, 588], [1140, 786]]",,"[[1320, 456]]",,0.46567975121118066,0.28326726354093945
967,4,2,16.024,,13518,"[954, 270]",False,Left,True,0.0,False,weak,False,"[[606, 78], [570, 114], [588, 132], [894, 312], [552, 330], [714, 348], [858, 402], [858, 420], [1200, 456], [840, 474], [840, 492], [822, 546], [642, 582], [1146, 780]]",,"[[1326, 450]]",,0.4678240182811385,0.28780540788962605
968,4,2,16.041000000000054,,13518,"[954, 270]",False,Left,True,0.0,False,weak,False,"[[612, 72], [576, 108], [594, 126], [900, 306], [558, 324], [720, 342], [864, 396], [864, 414], [1206, 450], [846, 468], [846, 486], [828, 540], [648, 576], [1152, 774]]",,"[[1332, 444]]",,0.4678240182811385,0.28780540788962605
969,4,2,16.057000000000016,,13518,"[954, 270]",False,Left,True,0.0,False,weak,False,"[[618, 66], [582, 102], [600, 120], [906, 300], [564, 318], [726, 336], [870, 390], [870, 408], [1212, 444], [852, 462], [852, 480], [834, 534], [654, 570], [1158, 768]]",,"[[1338, 438]]",,0.46805259527639737,0.2985915501311641
970,4,2,16.07400000000007,,13518,"[954, 270]",False,Left,True,0.0,False,weak,False,"[[624, 60], [588, 96], [606, 114], [912, 294], [570, 312], [732, 330], [876, 384], [876, 402], [1218, 438], [858, 456], [858, 474], [840, 528], [660, 564], [1164, 762]]",,"[[1344, 432]]",,0.46805259527639737,0.2985915501311641
971,4,2,16.090000000000032,,13518,"[954, 270]",False,Left,True,0.0,False,weak,False,"[[630, 54], [594, 90], [612, 108], [918, 288], [576, 306], [738, 324], [882, 378], [882, 396], [1224, 432], [864, 450], [864, 468], [846, 522], [666, 558], [1170, 756]]",,"[[1350, 426]]",,0.4694375304684376,0.30307303696925125
972,4,2,16.107000000000085,,13518,"[954, 270]",False,Left,True,0.0,False,weak,False,"[[636, 48], [600, 84], [618, 102], [924, 282], [582, 300], [744, 318], [888, 372], [888, 390], [1230, 426], [870, 444], [870, 462], [852, 516], [672, 552], [1176, 750]]",,"[[1356, 420]]",,0.4694375304684376,0.30307303696925125
973,4,2,16.124000000000024,,13518,"[954, 270]",False,,True,0.0,False,weak,False,"[[642, 42], [606, 78], [624, 96], [930, 276], [588, 294], [750, 312], [894, 366], [894, 384], [1236, 420], [876, 438], [876, 456], [858, 510], [678, 546], [1182, 744]]",,"[[1356, 414]]",,0.47022467165800663,0.3069453772741757
974,4,2,16.141000000000076,,13518,"[954, 270]",True,,True,0.0,False,weak,False,"[[642, 36], [606, 72], [624, 90], [930, 270], [588, 288], [750, 306], [894, 360], [894, 378], [1236, 414], [876, 432], [876, 450], [858, 504], [678, 540], [1182, 738]]",,"[[1356, 408]]",,0.4704226434058656,0.3066775919994653
975,4,2,17.285000000000082,,13518,"[954, 270]",True,,True,0.0,False,weak,False,"[[642, 30], [606, 66], [624, 84], [930, 264], [588, 282], [750, 300], [894, 354], [894, 372], [1236, 408], [876, 426], [876, 444], [858, 498], [678, 534], [1182, 732]]",,"[[1356, 408]]",1,0.5333888884097575,0.2428148787919273
