,trial,attempt,time_played,time_tag,level_size_y,player_pos,collision,current_input,drift_enabled,current_drift,level_done,input_noise_magnitude,input_noise_on,visible_obstacles,adjacent_wall_tiles_x_pos,visible_drift_tiles,SoC,gaze_x,gaze_y
0,3,1,0.0,,13518,"[954, -86]",False,,True,0.0,False,very_strong,False,[],,[],,0.47324525699661874,0.3118739102205501
1,3,1,0.01700000000005275,,13518,"[954, -82]",False,,True,0.0,False,very_strong,False,[],,[],,0.4743904572782792,0.3077983481418127
2,3,1,0.033999999999991815,,13518,"[954, -78]",False,,True,0.0,False,very_strong,False,[],,[],,0.47452427873146846,0.30761654990422505
3,3,1,0.05000000000006821,,13518,"[954, -74]",False,,True,0.0,False,very_strong,False,[],,[],,0.4744896212531879,0.30548704108265634
4,3,1,0.06500000000005457,,13518,"[954, -70]",False,,True,0.0,False,very_strong,False,[],,[],,0.4738297332374251,0.3057296167394262
5,3,1,0.08199999999999363,,13518,"[954, -66]",False,,True,0.0,False,very_strong,False,[],,[],,0.4728513576783251,0.30900818930563523
6,3,1,0.09900000000004638,,13518,"[954, -62]",False,,True,0.0,False,very_strong,False,[],,[],,0.4729311915110392,0.30948060265936916
7,3,1,0.11599999999998545,,13518,"[954, -58]",False,,True,0.0,False,very_strong,False,[],,[],,0.47140792420585287,0.314689692388757
8,3,1,0.13200000000006185,,13518,"[954, -54]",False,,True,0.0,False,very_strong,False,[],,[],,0.47121929163027215,0.3144807138681609
9,3,1,0.14800000000002456,,13518,"[954, -50]",False,,True,0.0,False,very_strong,False,[],,[],,0.47077748481717185,0.3159578725405445
10,3,1,0.16399999999998727,,13518,"[954, -46]",False,,True,0.0,False,very_strong,False,[],,[],,0.4711767000854666,0.3130591818372428
11,3,1,0.18100000000004002,,13518,"[954, -42]",False,,True,0.0,False,very_strong,False,[],,[],,0.469270540629284,0.31272575605330644
12,3,1,0.19700000000000273,,13518,"[954, -38]",False,,True,0.0,False,very_strong,False,[],,[],,0.46896457214934334,0.31296081924853625
13,3,1,0.21400000000005548,,13518,"[954, -34]",False,,True,0.0,False,very_strong,False,[],,[],,0.4688951891350756,0.3126414906071241
14,3,1,0.2319999999999709,,13518,"[954, -30]",False,,True,0.0,False,very_strong,False,[],,[],,0.46802976285104,0.31292740979852995
15,3,1,0.2480000000000473,,13518,"[954, -26]",False,,True,0.0,False,very_strong,False,[],,[],,0.467699492374457,0.31494633189556254
16,3,1,0.26400000000001,,13518,"[954, -22]",False,,True,0.0,False,very_strong,False,[],,[],,0.4683299425332468,0.3133668427070445
17,3,1,0.2799999999999727,,13518,"[954, -18]",False,,True,0.0,False,very_strong,False,[],,[],,0.4699187381303699,0.30983902391318474
18,3,1,0.29700000000002547,,13518,"[954, -14]",False,,True,0.0,False,very_strong,False,[],,[],,0.46945633254658536,0.3091047249767388
19,3,1,0.31399999999996453,,13518,"[954, -10]",False,,True,0.0,False,very_strong,False,[],,[],,0.47000596973082337,0.3077133982130449
20,3,1,0.3300000000000409,,13518,"[954, -6]",False,,True,0.0,False,very_strong,False,[],,[],,0.47091815402666837,0.300740130139327
21,3,1,0.34699999999998,,13518,"[954, -2]",False,,True,0.0,False,very_strong,False,[],,[],,0.47130782566323,0.2991945805715305
22,3,1,0.36400000000003274,,13518,"[954, 2]",False,,True,0.0,False,very_strong,False,[],,[],,0.47162171470697195,0.2981265722428136
23,3,1,0.3809999999999718,,13518,"[954, 6]",False,,True,0.0,False,very_strong,False,[],,[],,0.4729251873635373,0.29956683020387787
24,3,1,0.39600000000007185,,13518,"[954, 10]",False,,True,0.0,False,very_strong,False,[],,[],,0.47350553879272506,0.2999246023762243
25,3,1,0.4130000000000109,,13518,"[954, 14]",False,,True,0.0,False,very_strong,False,[],,[],,0.47350553879272506,0.2999246023762243
26,3,1,0.43000000000006366,,13518,"[954, 18]",False,,True,0.0,False,very_strong,False,[],,[],,0.4751111785172978,0.30182910455882184
27,3,1,0.4460000000000264,,13518,"[954, 22]",False,,True,0.0,False,very_strong,False,[],,[],,0.4746917418904576,0.3037133338407074
28,3,1,0.46299999999996544,,13518,"[954, 26]",False,,True,0.0,False,very_strong,False,[],,[],,0.4753445915968145,0.31206442183444827
29,3,1,0.48099999999999454,,13518,"[954, 30]",False,,True,0.0,False,very_strong,False,[],,[],,0.4753445915968145,0.31206442183444827
30,3,1,0.49700000000007094,,13518,"[954, 34]",False,,True,0.0,False,very_strong,False,[],,[],,0.47625046919893943,0.3147616928452416
31,3,1,0.5130000000000337,,13518,"[954, 38]",False,,True,0.0,False,very_strong,False,[],,[],,0.4759418627491222,0.3149412712330327
32,3,1,0.5289999999999964,,13518,"[954, 42]",False,,True,0.0,False,very_strong,False,[],,[],,0.47700289250199324,0.3148240242423129
33,3,1,0.5460000000000491,,13518,"[954, 46]",False,,True,0.0,False,very_strong,False,[],,[],,0.4783863586103954,0.3155344973714067
34,3,1,0.5629999999999882,,13518,"[954, 50]",False,,True,0.0,False,very_strong,False,[],,[],,0.4784456165904465,0.30834776164198074
35,3,1,0.5790000000000646,,13518,"[954, 54]",False,,True,0.0,False,very_strong,False,[],,[],,0.4784456165904465,0.30834776164198074
36,3,1,0.5950000000000273,,13518,"[954, 58]",False,,True,0.0,False,very_strong,False,[],,[],,0.48217317004780336,0.19460081033849796
37,3,1,0.6119999999999663,,13518,"[954, 62]",False,,True,0.0,False,very_strong,False,[],,[],,0.48319265807732076,0.17885961732754274
38,3,1,0.6280000000000427,,13518,"[954, 66]",False,,True,0.0,False,very_strong,False,[],,[],,0.4658127945695355,0.17359571632820514
39,3,1,0.6440000000000055,,13518,"[954, 70]",False,,True,0.0,False,very_strong,False,[],,[],,0.5066495255506309,0.2906691116721263
40,3,1,0.6610000000000582,,13518,"[954, 74]",False,,True,0.0,False,very_strong,False,[],,[],,0.5126160551962021,0.2889782843523958
41,3,1,0.6770000000000209,,13518,"[954, 78]",False,,True,0.0,False,very_strong,False,[],,[],,0.5126160551962021,0.2889782843523958
42,3,1,0.6940000000000737,,13518,"[954, 82]",False,,True,0.0,False,very_strong,False,[],,[],,0.5102093637374061,0.28111039480702193
43,3,1,0.7110000000000127,,13518,"[954, 86]",False,,True,0.0,False,very_strong,False,[],,[],,0.5102093637374061,0.28111039480702193
44,3,1,0.7280000000000655,,13518,"[954, 90]",False,,True,0.0,False,very_strong,False,[],,[],,0.9433750802376295,-0.44850056757105117
45,3,1,0.7450000000000045,,13518,"[954, 94]",False,,True,0.0,False,very_strong,False,[],,[],,0.9433750802376295,-0.44850056757105117
46,3,1,0.7620000000000573,,13518,"[954, 98]",False,,True,0.0,False,very_strong,False,[],,[],,0.4568657584207748,0.22405118169437466
47,3,1,0.7789999999999964,,13518,"[954, 102]",False,,True,0.0,False,very_strong,False,[],,[],,0.4568657584207748,0.22405118169437466
48,3,1,0.7950000000000728,,13518,"[954, 106]",False,,True,0.0,False,very_strong,False,[],,[],,0.4555455338544728,0.17980094131717128
49,3,1,0.8120000000000118,,13518,"[954, 110]",False,,True,0.0,False,very_strong,False,[],,[],,0.4555455338544728,0.17980094131717128
50,3,1,0.8279999999999745,,13518,"[954, 114]",False,,True,0.0,False,very_strong,False,[],,[],,0.45293076446695474,0.168334443113334
51,3,1,0.8450000000000273,,13518,"[954, 118]",False,,True,0.0,False,very_strong,False,[],,[],,0.45293076446695474,0.168334443113334
52,3,1,0.8619999999999663,,13518,"[954, 122]",False,,True,0.0,False,very_strong,False,[],,[],,0.44684130959263946,0.15366917301844674
53,3,1,0.8780000000000427,,13518,"[954, 126]",False,,True,0.0,False,very_strong,False,[],,[],,0.44684130959263946,0.15366917301844674
54,3,1,0.8949999999999818,,13518,"[954, 130]",False,,True,0.0,False,very_strong,False,[],,[],,0.4304189188772864,0.10803591400190715
55,3,1,0.9110000000000582,,13518,"[954, 134]",False,,True,0.0,False,very_strong,False,[],,[],,0.4304189188772864,0.10803591400190715
56,3,1,0.9270000000000209,,13518,"[954, 138]",False,,True,0.0,False,very_strong,False,[],,[],,0.4441872861806697,0.09661698938186891
57,3,1,0.9440000000000737,,13518,"[954, 142]",False,,True,0.0,False,very_strong,False,[],,[],,0.4441872861806697,0.09661698938186891
58,3,1,0.9600000000000364,,13518,"[954, 146]",False,,True,0.0,False,very_strong,False,[],,[],,0.4502428694183842,0.07597935836985037
59,3,1,0.9759999999999991,,13518,"[954, 150]",False,,True,0.0,False,very_strong,False,[],,[],,0.4502428694183842,0.07597935836985037
60,3,1,0.9930000000000518,,13518,"[954, 154]",False,,True,0.0,False,very_strong,False,[],,[],,0.45409273405148304,0.07957850356404084
61,3,1,1.009999999999991,,13518,"[954, 158]",False,,True,0.0,False,very_strong,False,[],,[],,0.45409273405148304,0.07957850356404084
62,3,1,1.0260000000000673,,13518,"[954, 162]",False,,True,0.0,False,very_strong,False,[],,[],,0.45866864245490496,0.06720144858344823
63,3,1,1.04200000000003,,13518,"[954, 166]",False,,True,0.0,False,very_strong,False,[],,[],,0.45940605250521144,0.06719839421096574
64,3,1,1.0579999999999927,,13518,"[954, 170]",False,,True,0.0,False,very_strong,False,[],,[],,0.4613180789572815,0.06822050250843381
65,3,1,1.0740000000000691,,13518,"[954, 174]",False,,True,0.0,False,very_strong,False,[],,[],,0.4613180789572815,0.06822050250843381
66,3,1,1.0900000000000318,,13518,"[954, 178]",False,,True,0.0,False,very_strong,False,[],,[],,0.4626081869374456,0.0621582827565198
67,3,1,1.1059999999999945,,13518,"[954, 182]",False,,True,0.0,False,very_strong,False,[],,[],,0.4626081869374456,0.0621582827565198
68,3,1,1.1230000000000473,,13518,"[954, 186]",False,,True,0.0,False,very_strong,False,[],,[],,0.46215927401862505,0.060487418561109396
69,3,1,1.1399999999999864,,13518,"[954, 190]",False,,True,0.0,False,very_strong,False,[],,[],,0.4621448618124814,0.05874796457632325
70,3,1,1.1560000000000628,,13518,"[954, 194]",False,,True,0.0,False,very_strong,False,[],,[],,0.4624990601474888,0.060199153419545626
71,3,1,1.1720000000000255,,13518,"[954, 198]",False,,True,0.0,False,very_strong,False,[],,[],,0.4624990601474888,0.060199153419545626
72,3,1,1.1879999999999882,,13518,"[954, 202]",False,,True,0.0,False,very_strong,False,[],,[],,0.4622036808361158,0.06707589039263206
73,3,1,1.205000000000041,,13518,"[954, 206]",False,,True,0.0,False,very_strong,False,[],,[],,0.4603416447880243,0.06906324421483445
74,3,1,1.2210000000000036,,13518,"[954, 210]",False,,True,0.0,False,very_strong,False,[],,[],,0.45999623289234765,0.07592189974047747
75,3,1,1.2369999999999663,,13518,"[954, 214]",False,,True,0.0,False,very_strong,False,[],,[],,0.45983366727795366,0.07691400566208606
76,3,1,1.2549999999999955,,13518,"[954, 218]",False,,True,0.0,False,very_strong,False,[],,[],,0.458483359250191,0.07863803513048095
77,3,1,1.2720000000000482,,13518,"[954, 222]",False,,True,0.0,False,very_strong,False,[],,[],,0.4581921130278451,0.07864142709676436
78,3,1,1.288000000000011,,13518,"[954, 226]",False,,True,0.0,False,very_strong,False,[],,[],,0.4601931841437371,0.07610221695829955
79,3,1,1.3050000000000637,,13518,"[954, 230]",False,,True,0.0,False,very_strong,False,[],,[],,0.4610620528162762,0.07420127172304536
80,3,1,1.3220000000000027,,13518,"[954, 234]",False,,True,0.0,False,very_strong,False,[],,[],,0.46557175173010606,0.07132847123713826
81,3,1,1.3390000000000555,,13518,"[954, 238]",False,,True,0.0,False,very_strong,False,[],,[],,0.4662708026127179,0.06853025074452523
82,3,1,1.3550000000000182,,13518,"[954, 242]",False,,True,0.0,False,very_strong,False,[],,[],,0.46672552691696306,0.06940788051005287
83,3,1,1.372000000000071,,13518,"[954, 246]",False,,True,0.0,False,very_strong,False,[],,[],,0.46672552691696306,0.06940788051005287
84,3,1,1.3880000000000337,,13518,"[954, 250]",False,,True,0.0,False,very_strong,False,[],,[],,0.4666463587704566,0.0693985269481967
85,3,1,1.4039999999999964,,13518,"[954, 254]",False,,True,0.0,False,very_strong,False,[],,[],,0.46624244192634245,0.06960297759528278
86,3,1,1.4210000000000491,,13518,"[954, 258]",False,,True,0.0,False,very_strong,False,[],,[],,0.4669581997418607,0.0745706541506318
87,3,1,1.4379999999999882,,13518,"[954, 262]",False,,True,0.0,False,very_strong,False,[],,[],,0.4667691324756751,0.07459038588991496
88,3,1,1.4540000000000646,,13518,"[954, 266]",False,,True,0.0,False,very_strong,False,[],,[],,0.4675611351222038,0.07662731435232062
89,3,1,1.4700000000000273,,13518,"[954, 270]",False,,True,0.0,False,very_strong,False,[],,[],,0.46886232036991365,0.08375647279612064
90,3,1,1.48599999999999,,13518,"[954, 270]",False,,True,0.0,False,very_strong,False,[],,[],,0.46893769558142734,0.08574413880659171
91,3,1,1.5030000000000427,,13518,"[954, 270]",False,,True,0.0,False,very_strong,False,[],,[],,0.4682668302444453,0.09074264825340528
92,3,1,1.5190000000000055,,13518,"[954, 270]",False,,True,0.0,False,very_strong,False,[],,[],,0.4685948666781292,0.09205847797255917
93,3,1,1.5360000000000582,,13518,"[954, 270]",False,,True,0.0,False,very_strong,False,[],,[],,0.46793291006538407,0.09650157354635647
94,3,1,1.552000000000021,,13518,"[954, 270]",False,,True,0.0,False,very_strong,False,[],,[],,0.46793291006538407,0.09650157354635647
95,3,1,1.5690000000000737,,13518,"[954, 270]",False,,True,0.0,False,very_strong,False,[],,[],,0.4667699613520737,0.10062969926155874
96,3,1,1.5850000000000364,,13518,"[954, 270]",False,,True,0.0,False,very_strong,False,[],,[],,0.46635153775391436,0.10060170532609725
97,3,1,1.6019999999999754,,13518,"[954, 270]",False,,True,0.0,False,very_strong,False,[],,[],,0.46443455806163464,0.09607385112760669
98,3,1,1.6190000000000282,,13518,"[954, 270]",False,,True,0.0,False,very_strong,False,[],,[],,0.4641707041711027,0.09467403381325079
99,3,1,1.634999999999991,,13518,"[954, 270]",False,,True,0.0,False,very_strong,False,[],,[],,0.46469058482578224,0.0918880710161506
100,3,1,1.6510000000000673,,13518,"[954, 270]",False,,True,0.0,False,very_strong,False,[],,[],,0.46469058482578224,0.0918880710161506
101,3,1,1.6680000000000064,,13518,"[954, 270]",False,,True,0.0,False,very_strong,False,[],,[],,0.46715868644976755,0.09152667970701289
102,3,1,1.6850000000000591,,13518,"[954, 270]",False,,True,0.0,False,very_strong,False,[],,[],,0.46720402320140114,0.09144447148678536
103,3,1,1.7019999999999982,,13518,"[954, 270]",False,,True,0.0,False,very_strong,False,[],,[],,0.46843122698979106,0.09456773237921046
104,3,1,1.719000000000051,,13518,"[954, 270]",False,,True,0.0,False,very_strong,False,[],,[],,0.46843122698979106,0.09456773237921046
105,3,1,1.7350000000000136,,13518,"[954, 270]",False,,True,0.0,False,very_strong,False,[],,[],,0.46670571200129024,0.0993809379996875
106,3,1,1.7520000000000664,,13518,"[954, 270]",False,,True,0.0,False,very_strong,False,[],,[],,0.46670571200129024,0.0993809379996875
107,3,1,1.7690000000000055,,13518,"[954, 270]",False,,True,0.0,False,very_strong,False,[],,[],,0.46584027486712687,0.1030310132306681
108,3,1,1.7849999999999682,,13518,"[954, 270]",False,,True,0.0,False,very_strong,False,[],,[],,0.46527049186503133,0.10190453901550067
109,3,1,1.802000000000021,,13518,"[954, 270]",False,,True,0.0,False,very_strong,False,[],,[],,0.46497879109387286,0.10315533804226251
110,3,1,1.8179999999999836,,13518,"[954, 270]",False,,True,0.0,False,very_strong,False,[],,[],,0.46497879109387286,0.10315533804226251
111,3,1,1.8350000000000364,,13518,"[954, 270]",False,,True,0.0,False,very_strong,False,[],,[],,0.4842301835242421,0.221148172913892
112,3,1,1.8519999999999754,,13518,"[954, 270]",False,,True,0.0,False,very_strong,False,[],,[],,0.4842301835242421,0.221148172913892
113,3,1,1.8680000000000518,,13518,"[954, 270]",False,,True,0.0,False,very_strong,False,[],,[],,0.48773383092719164,0.2321767806971029
114,3,1,1.8840000000000146,,13518,"[954, 270]",False,,True,0.0,False,very_strong,False,[],,[],,0.48773383092719164,0.2321767806971029
115,3,1,1.9010000000000673,,13518,"[954, 270]",False,,True,0.0,False,very_strong,False,[],,[],,0.4929962618529874,0.23776719028331317
116,3,1,1.9180000000000064,,13518,"[954, 270]",False,,True,0.0,False,very_strong,False,[],,[],,0.4929962618529874,0.23776719028331317
117,3,1,1.9350000000000591,,13518,"[954, 270]",False,,True,0.0,False,very_strong,False,[],,[],,0.493714060695955,0.2603346825054591
118,3,1,1.9519999999999982,,13518,"[954, 270]",False,,True,0.0,False,very_strong,False,[],,[],,0.493714060695955,0.2603346825054591
119,3,1,1.9680000000000746,,13518,"[954, 270]",False,,True,0.0,False,very_strong,False,[],,[],,0.4945749920750207,0.26147262512105884
120,3,1,1.9850000000000136,,13518,"[954, 270]",False,,True,0.0,False,very_strong,False,[],,[],,0.4945749920750207,0.26147262512105884
121,3,1,2.0020000000000664,,13518,"[954, 270]",False,,True,0.0,False,very_strong,False,[],,[],,0.4939828841361817,0.24849687352811545
122,3,1,2.018000000000029,,13518,"[954, 270]",False,,True,0.0,False,very_strong,False,[],,[],,0.4939828841361817,0.24849687352811545
123,3,1,2.038000000000011,,13518,"[954, 270]",False,,True,0.0,False,very_strong,False,[],,[],,0.49373780395026545,0.2444354040993455
124,3,1,2.0550000000000637,,13518,"[954, 270]",False,,True,0.0,False,very_strong,False,[],,[],,0.4927884566179137,0.24110963216914982
125,3,1,2.0720000000000027,,13518,"[954, 270]",False,,True,0.0,False,very_strong,False,[],,[],,0.492014334380144,0.24221421559430734
126,3,1,2.090000000000032,,13518,"[954, 270]",False,,True,0.0,False,very_strong,False,[],,[],,0.49044563548574915,0.24618003184326043
127,3,1,2.1059999999999945,,13518,"[954, 270]",False,,True,0.0,False,very_strong,False,[],,[],,0.4891757668502654,0.2513363761376708
128,3,1,2.122000000000071,,13518,"[954, 270]",False,,True,0.0,False,very_strong,False,[],,[],,0.4890189648437774,0.2550542161850221
129,3,1,2.1380000000000337,,13518,"[954, 270]",False,,True,0.0,False,very_strong,False,[],,[],,0.4860715943584841,0.2618885591823692
130,3,1,2.1549999999999727,,13518,"[954, 270]",False,,True,0.0,False,very_strong,False,[],,[],,0.4858298243151785,0.26434408415948063
131,3,1,2.1720000000000255,,13518,"[954, 270]",False,,True,0.0,False,very_strong,False,[],,[],,0.48569963098257835,0.2647490624160893
132,3,1,2.187999999999988,,13518,"[954, 270]",False,,True,0.0,False,very_strong,False,[],,[],,0.48569963098257835,0.2647490624160893
133,3,1,2.205000000000041,,13518,"[954, 270]",False,,True,0.0,False,very_strong,False,[],,[],,0.4843772557973873,0.2655777053260854
134,3,1,2.2210000000000036,,13518,"[954, 270]",False,,True,0.0,False,very_strong,False,[],,[],,0.48450547126927235,0.2651294569581858
135,3,1,2.2380000000000564,,13518,"[954, 270]",False,,True,0.0,False,very_strong,False,[],,[],,0.48474752041493785,0.2648116002728448
136,3,1,2.254000000000019,,13518,"[954, 270]",False,,True,0.0,False,very_strong,False,[],,[],,0.48474752041493785,0.2648116002728448
137,3,1,2.271000000000072,,13518,"[954, 270]",False,,True,0.0,False,very_strong,False,[],,[],,0.48066850491160756,0.2701016488943818
138,3,1,2.288000000000011,,13518,"[954, 270]",False,,True,0.0,False,very_strong,False,[],,[],,0.48050069904177634,0.2704970161107805
139,3,1,2.3029999999999973,,13518,"[954, 270]",False,,True,0.0,False,very_strong,False,[],,[],,0.4804305210412913,0.2719025696020321
140,3,1,2.3190000000000737,,13518,"[954, 270]",False,,True,0.0,False,very_strong,False,[],,[],,0.4804305210412913,0.2719025696020321
141,3,1,2.3350000000000364,,13518,"[954, 270]",False,,True,0.0,False,very_strong,False,[],,[],,0.4808924226171964,0.2776751860439125
142,3,1,2.3519999999999754,,13518,"[954, 270]",False,,True,0.0,False,very_strong,False,[],,[],,0.4808924226171964,0.2776751860439125
143,3,1,2.369000000000028,,13518,"[954, 270]",False,,True,0.0,False,very_strong,False,[],,[],,0.48205686046138096,0.28060587882665833
144,3,1,2.384999999999991,,13518,"[954, 270]",False,,True,0.0,False,very_strong,False,[],,[],,0.48205686046138096,0.28060587882665833
145,3,1,2.4020000000000437,,13518,"[954, 270]",False,,True,0.0,False,very_strong,False,[],,[],,0.48207313078266767,0.28728129527561574
146,3,1,2.4180000000000064,,13518,"[954, 270]",False,,True,0.0,False,very_strong,False,[],,[],,0.48207313078266767,0.28728129527561574
147,3,1,2.435000000000059,,13518,"[954, 270]",False,,True,0.0,False,very_strong,False,[],,[],,0.4823559399802309,0.28914326265121104
148,3,1,2.451000000000022,,13518,"[954, 270]",False,,True,0.0,False,very_strong,False,[],,[],,0.4823559399802309,0.28914326265121104
149,3,1,2.4669999999999845,,13518,"[954, 270]",False,,True,0.0,False,very_strong,False,[],,[],,0.4632525085029073,0.2551449709789193
150,3,1,2.4840000000000373,,13518,"[954, 270]",False,,True,0.0,False,very_strong,False,[],,[],,0.4632525085029073,0.2551449709789193
151,3,1,2.5,,13518,"[954, 270]",False,,True,0.0,False,very_strong,False,[],,[],,0.46088577539038234,0.24686912996107113
152,3,1,2.518000000000029,,13518,"[954, 270]",False,,True,0.0,False,very_strong,False,"[[864, 810]]",,[],,0.46088577539038234,0.24686912996107113
153,3,1,2.5330000000000155,,13518,"[954, 270]",False,,True,0.0,False,very_strong,False,"[[864, 804]]",,[],,0.45884216828089,0.2457241566502445
154,3,1,2.550000000000068,,13518,"[954, 270]",False,,True,0.0,False,very_strong,False,"[[864, 798]]",,[],,0.45884216828089,0.2457241566502445
155,3,1,2.5670000000000073,,13518,"[954, 270]",False,,True,0.0,False,very_strong,False,"[[864, 792]]",,[],,0.4616297939001327,0.25278657498277457
156,3,1,2.58400000000006,,13518,"[954, 270]",False,,True,0.0,False,very_strong,False,"[[864, 786]]",,[],,0.4616297939001327,0.25278657498277457
157,3,1,2.6000000000000227,,13518,"[954, 270]",False,,True,0.0,False,very_strong,False,"[[864, 780]]",,[],,0.4613179567487477,0.25610542878800224
158,3,1,2.6170000000000755,,13518,"[954, 270]",False,,True,0.0,False,very_strong,False,"[[864, 774]]",,[],,0.4613179567487477,0.25610542878800224
159,3,1,2.6340000000000146,,13518,"[954, 270]",False,,True,0.0,False,very_strong,False,"[[864, 768]]",,[],,0.45980610452443543,0.25408382732484425
160,3,1,2.6499999999999773,,13518,"[954, 270]",False,,True,0.0,False,very_strong,False,"[[864, 762]]",,[],,0.45980610452443543,0.25408382732484425
161,3,1,2.66700000000003,,13518,"[954, 270]",False,,True,0.0,False,very_strong,False,"[[864, 756]]",,[],,0.46061947897071703,0.2507672909653116
162,3,1,2.6829999999999927,,13518,"[954, 270]",False,,True,0.0,False,very_strong,False,"[[864, 750]]",,[],,0.46061947897071703,0.2507672909653116
163,3,1,2.699000000000069,,13518,"[954, 270]",False,,True,0.0,False,very_strong,False,"[[864, 744]]",,[],,0.46289131689726865,0.2489097415179684
164,3,1,2.7180000000000746,,13518,"[954, 270]",False,,True,0.0,False,very_strong,False,"[[864, 738]]",,[],,0.4637627278312862,0.24816314454632915
165,3,1,2.7340000000000373,,13518,"[954, 270]",False,,True,0.0,False,very_strong,False,"[[864, 732]]",,[],,0.4664881356736356,0.2500195887337998
166,3,1,2.7509999999999764,,13518,"[954, 270]",False,,True,0.0,False,very_strong,False,"[[864, 726]]",,[],,0.4664881356736356,0.2500195887337998
167,3,1,2.768000000000029,,13518,"[954, 270]",False,,True,0.0,False,very_strong,False,"[[864, 720]]",,[],,0.46770779990677136,0.2559458082944578
168,3,1,2.783999999999992,,13518,"[954, 270]",False,,True,0.0,False,very_strong,False,"[[864, 714]]",,[],,0.46770779990677136,0.2559458082944578
169,3,1,2.8010000000000446,,13518,"[954, 270]",False,,True,0.0,False,very_strong,False,"[[864, 708]]",,[],,0.4649804086518463,0.20555264711366306
170,3,1,2.8170000000000073,,13518,"[954, 270]",False,,True,0.0,False,very_strong,False,"[[864, 702]]",,[],,0.46255310566916064,0.19601397267628695
171,3,1,2.83299999999997,,13518,"[954, 270]",False,,True,0.0,False,very_strong,False,"[[864, 696]]",,[],,0.4605801489755669,0.19546424545622754
172,3,1,2.8500000000000227,,13518,"[954, 270]",False,,True,0.0,False,very_strong,False,"[[864, 690]]",,[],,0.4605801489755669,0.19546424545622754
173,3,1,2.8670000000000755,,13518,"[954, 270]",False,,True,0.0,False,very_strong,False,"[[864, 684]]",,[],,0.4584558691948642,0.20119501194087253
174,3,1,2.8840000000000146,,13518,"[954, 270]",False,,True,0.0,False,very_strong,False,"[[864, 678]]",,[],,0.4584558691948642,0.20119501194087253
175,3,1,2.9010000000000673,,13518,"[954, 270]",False,,True,0.0,False,very_strong,False,"[[864, 672]]",,[],,0.4632064728070331,0.2146674508853772
176,3,1,2.91700000000003,,13518,"[954, 270]",False,,True,0.0,False,very_strong,False,"[[864, 666]]",,[],,0.4634090974048797,0.21592424277235578
177,3,1,2.9329999999999927,,13518,"[954, 270]",False,,True,0.0,False,very_strong,False,"[[864, 660]]",,[],,0.46177472266880126,0.2218998888544077
178,3,1,2.9500000000000455,,13518,"[954, 270]",False,,True,0.0,False,very_strong,False,"[[864, 654]]",,[],,0.46177472266880126,0.2218998888544077
179,3,1,2.9669999999999845,,13518,"[954, 270]",False,,True,0.0,False,very_strong,False,"[[864, 648]]",,[],,0.4621721609858948,0.22582134555233613
180,3,1,2.981999999999971,,13518,"[954, 270]",False,,True,0.0,False,very_strong,False,"[[864, 642]]",,[],,0.4621154777580065,0.22543879887241003
181,3,1,2.9980000000000473,,13518,"[954, 270]",False,,True,0.0,False,very_strong,False,"[[864, 636]]",,[],,0.4628097740282109,0.22612601780146135
182,3,1,3.0149999999999864,,13518,"[954, 270]",False,,True,0.0,False,very_strong,False,"[[864, 630], [954, 810]]",,[],,0.4629816443396616,0.22583199450155034
183,3,1,3.032000000000039,,13518,"[954, 270]",False,,True,0.0,False,very_strong,False,"[[864, 624], [954, 804]]",,[],,0.4632827203517599,0.2281002158903288
184,3,1,3.048000000000002,,13518,"[954, 270]",False,,True,0.0,False,very_strong,False,"[[864, 618], [954, 798]]",,[],,0.4632827203517599,0.2281002158903288
185,3,1,3.0650000000000546,,13518,"[954, 270]",False,,True,0.0,False,very_strong,False,"[[864, 612], [954, 792]]",,[],,0.46547351715375634,0.22688973912137256
186,3,1,3.0819999999999936,,13518,"[954, 270]",False,,True,0.0,False,very_strong,False,"[[864, 606], [954, 786]]",,[],,0.46605336069045755,0.22573956140202522
187,3,1,3.09800000000007,,13518,"[954, 270]",False,,True,0.0,False,very_strong,False,"[[864, 600], [954, 780]]",,[],,0.4667302063550348,0.22418560966602463
188,3,1,3.115000000000009,,13518,"[954, 270]",False,,True,0.0,False,very_strong,False,"[[864, 594], [954, 774]]",,[],,0.46715191252433125,0.22285397353501257
189,3,1,3.130999999999972,,13518,"[954, 270]",False,,True,0.0,False,very_strong,False,"[[864, 588], [954, 768]]",,[],,0.46964062182782795,0.22267851865776755
190,3,1,3.1480000000000246,,13518,"[954, 270]",False,,True,0.0,False,very_strong,False,"[[864, 582], [954, 762]]",,[],,0.46964062182782795,0.22267851865776755
191,3,1,3.1649999999999636,,13518,"[954, 270]",False,,True,0.0,False,very_strong,False,"[[864, 576], [954, 756]]",,[],,0.4701641659024441,0.22539969568532048
192,3,1,3.18100000000004,,13518,"[954, 270]",False,,True,0.0,False,very_strong,False,"[[864, 570], [954, 750]]",,[],,0.478386833592544,0.22563212089778073
193,3,1,3.1970000000000027,,13518,"[954, 270]",False,,True,0.0,False,very_strong,False,"[[864, 564], [954, 744]]",,[],,0.48904249345431355,0.2032176644961483
194,3,1,3.2129999999999654,,13518,"[954, 270]",False,,True,0.0,False,very_strong,False,"[[864, 558], [954, 738]]",,[],,0.48944371281059623,0.20431356421148417
195,3,1,3.230000000000018,,13518,"[954, 270]",False,,True,0.0,False,very_strong,False,"[[864, 552], [954, 732]]",,[],,0.4884692958946448,0.20821527240639648
196,3,1,3.2509999999999764,,13518,"[954, 270]",False,,True,0.0,False,very_strong,False,"[[864, 546], [954, 726]]",,[],,0.48649875371698903,0.2156390733556216
197,3,1,3.268000000000029,,13518,"[954, 270]",False,,True,0.0,False,very_strong,False,"[[864, 540], [954, 720]]",,[],,0.4893481305339689,0.21974150955439897
198,3,1,3.284999999999968,,13518,"[954, 270]",False,,True,0.0,False,very_strong,False,"[[864, 534], [954, 714]]",,[],,0.4893481305339689,0.21974150955439897
199,3,1,3.302000000000021,,13518,"[954, 270]",False,,True,0.0,False,very_strong,False,"[[864, 528], [954, 708]]",,[],,0.488278881418566,0.22082363454027154
200,3,1,3.3190000000000737,,13518,"[954, 270]",False,,True,0.0,False,very_strong,False,"[[864, 522], [954, 702]]",,[],,0.48885439115123663,0.2188282933104978
201,3,1,3.3350000000000364,,13518,"[954, 270]",False,,True,0.0,False,very_strong,False,"[[864, 516], [954, 696]]",,[],,0.4895519033763634,0.21595042931124375
202,3,1,3.3519999999999754,,13518,"[954, 270]",False,,True,0.0,False,very_strong,False,"[[864, 510], [954, 690]]",,[],,0.49011735503303366,0.21537699310421643
203,3,1,3.368000000000052,,13518,"[954, 270]",False,,True,0.0,False,very_strong,False,"[[864, 504], [954, 684]]",,[],,0.4895683968152579,0.2180374718425453
204,3,1,3.384999999999991,,13518,"[954, 270]",False,,True,0.0,False,very_strong,False,"[[864, 498], [954, 678]]",,[],,0.4895683968152579,0.2180374718425453
205,3,1,3.4020000000000437,,13518,"[954, 270]",False,,True,0.0,False,very_strong,False,"[[864, 492], [954, 672]]",,[],,0.4906969311538528,0.2200760168034216
206,3,1,3.4200000000000728,,13518,"[954, 270]",False,,True,0.0,False,very_strong,False,"[[864, 486], [954, 666]]",,[],,0.4906969311538528,0.2200760168034216
207,3,1,3.4360000000000355,,13518,"[954, 270]",False,,True,0.0,False,very_strong,False,"[[864, 480], [954, 660]]",,[],,0.4912376129633681,0.22207030234924874
208,3,1,3.4529999999999745,,13518,"[954, 270]",False,,True,0.0,False,very_strong,False,"[[864, 474], [954, 654]]",,[],,0.4912376129633681,0.22207030234924874
209,3,1,3.469000000000051,,13518,"[954, 270]",False,,True,0.0,False,very_strong,False,"[[864, 468], [954, 648]]",,[],,0.4897798476924211,0.22528506727305897
210,3,1,3.48599999999999,,13518,"[954, 270]",False,Right,True,0.0,False,very_strong,False,"[[864, 462], [954, 642]]",,[],,0.4897798476924211,0.22528506727305897
211,3,1,3.5020000000000664,,13518,"[954, 270]",False,Right,True,0.0,False,very_strong,False,"[[858, 456], [948, 636]]",,[],,0.4895407407289715,0.2306939472544296
212,3,1,3.5190000000000055,,13518,"[954, 270]",False,Right,True,0.0,False,very_strong,False,"[[852, 450], [942, 630]]",,[],,0.48961123418151775,0.2277567156081992
213,3,1,3.534999999999968,,13518,"[954, 270]",False,Right,True,0.0,False,very_strong,False,"[[846, 444], [936, 624]]",,[],,0.49471522525516437,0.18768744988331731
214,3,1,3.5510000000000446,,13518,"[954, 270]",False,Right,True,0.0,False,very_strong,False,"[[840, 438], [930, 618]]",,[],,0.49471522525516437,0.18768744988331731
215,3,1,3.5679999999999836,,13518,"[954, 270]",False,Right,True,0.0,False,very_strong,False,"[[834, 432], [924, 612]]",,[],,0.49234493218945624,0.1912460073408394
216,3,1,3.5850000000000364,,13518,"[954, 270]",False,Right,True,0.0,False,very_strong,False,"[[828, 426], [918, 606]]",,[],,0.49234493218945624,0.1912460073408394
217,3,1,3.6019999999999754,,13518,"[954, 270]",False,Right,True,0.0,False,very_strong,False,"[[822, 420], [912, 600]]",,[],,0.49323823836778413,0.19409126956259404
218,3,1,3.619000000000028,,13518,"[954, 270]",False,,True,0.0,False,very_strong,False,"[[816, 414], [906, 594]]",,[],,0.4917103370062567,0.19981487019088018
219,3,1,3.634999999999991,,13518,"[954, 270]",False,,True,0.0,False,very_strong,False,"[[816, 408], [906, 588]]",,[],,0.4924916759291789,0.20851732964211245
220,3,1,3.6510000000000673,,13518,"[954, 270]",False,,True,0.0,False,very_strong,False,"[[816, 402], [906, 582]]",,[],,0.4933731540361775,0.2101732799130771
221,3,1,3.6680000000000064,,13518,"[954, 270]",False,,True,0.0,False,very_strong,False,"[[816, 396], [906, 576]]",,[],,0.4947445281949654,0.2123069458686816
222,3,1,3.685000000000059,,13518,"[954, 270]",False,,True,0.0,False,very_strong,False,"[[816, 390], [906, 570]]",,[],,0.4947445281949654,0.2123069458686816
223,3,1,3.701999999999998,,13518,"[954, 270]",False,,True,0.0,False,very_strong,False,"[[816, 384], [906, 564]]",,[],,0.49423814725169724,0.2117524728359882
224,3,1,3.719000000000051,,13518,"[954, 270]",False,,True,0.0,False,very_strong,False,"[[816, 378], [906, 558]]",,[],,0.4961145109844267,0.2097372954856883
225,3,1,3.73599999999999,,13518,"[954, 270]",False,,True,0.0,False,very_strong,False,"[[816, 372], [906, 552]]",,[],,0.49670076851997547,0.20989987042376712
226,3,1,3.7530000000000427,,13518,"[954, 270]",False,,True,0.0,False,very_strong,False,"[[816, 366], [906, 546]]",,[],,0.4969139203018793,0.20887507333243827
227,3,1,3.769999999999982,,13518,"[954, 270]",False,,True,0.0,False,very_strong,False,"[[816, 360], [906, 540]]",,[],,0.49714221332319397,0.20943812457371092
228,3,1,3.7870000000000346,,13518,"[954, 270]",False,,True,0.0,False,very_strong,False,"[[816, 354], [906, 534]]",,[],,0.49744915755334135,0.20904592606714956
229,3,1,3.8039999999999736,,13518,"[954, 270]",False,,True,0.0,False,very_strong,False,"[[816, 348], [906, 528]]",,[],,0.4971696658478241,0.20766777443977336
230,3,1,3.8210000000000264,,13518,"[954, 270]",False,,True,0.0,False,very_strong,False,"[[816, 342], [906, 522]]",,[],,0.4971696658478241,0.20766777443977336
231,3,1,3.8379999999999654,,13518,"[954, 270]",False,,True,0.0,False,very_strong,False,"[[816, 336], [906, 516]]",,[],,0.4962827817622487,0.2093686895763709
232,3,1,3.854000000000042,,13518,"[954, 270]",False,Right,True,0.0,False,very_strong,False,"[[816, 330], [906, 510]]",,[],,0.4962402409997516,0.2104961306005717
233,3,1,3.870999999999981,,13518,"[954, 270]",False,Right,True,0.0,False,very_strong,False,"[[810, 324], [900, 504]]",,[],,0.4966233860251544,0.2138180821669351
234,3,1,3.8880000000000337,,13518,"[954, 270]",False,Right,True,0.0,False,very_strong,False,"[[804, 318], [894, 498]]",,[],,0.4967344990752111,0.21623665312413098
235,3,1,3.9049999999999727,,13518,"[954, 270]",False,Right,True,0.0,False,very_strong,False,"[[798, 312], [888, 492]]",,[],,0.4962232774487275,0.22173765265808731
236,3,1,3.9220000000000255,,13518,"[954, 270]",False,Right,True,0.0,False,very_strong,False,"[[792, 306], [882, 486]]",,[],,0.4962232774487275,0.22173765265808731
237,3,1,3.937999999999988,,13518,"[954, 270]",False,Right,True,0.0,False,very_strong,False,"[[786, 300], [876, 480]]",,[],,0.5039846249190207,0.20863941136164466
238,3,1,3.9540000000000646,,13518,"[954, 270]",False,Right,True,0.0,False,very_strong,False,"[[780, 294], [870, 474]]",,[],,0.5039846249190207,0.20863941136164466
239,3,1,3.9710000000000036,,13518,"[954, 270]",False,Right,True,0.0,False,very_strong,False,"[[774, 288], [864, 468]]",,[],,0.5101186075666193,0.18410148242008406
240,3,1,3.9869999999999663,,13518,"[954, 270]",False,,True,0.0,False,very_strong,False,"[[768, 282], [858, 462]]",,[],,0.5093753167970034,0.1862758652720673
241,3,1,4.0049999999999955,,13518,"[954, 270]",False,,True,0.0,False,very_strong,False,"[[768, 276], [858, 456]]",,[],,0.5076300577168802,0.19124016108770703
242,3,1,4.019999999999982,,13518,"[954, 270]",False,,True,0.0,False,very_strong,False,"[[768, 270], [858, 450], [642, 810]]",,[],,0.5066594767421871,0.19335741962831499
243,3,1,4.037000000000035,,13518,"[954, 270]",False,,True,0.0,False,very_strong,False,"[[768, 264], [858, 444], [642, 804]]",,[],,0.5043068860212704,0.20049029172843325
244,3,1,4.053999999999974,,13518,"[954, 270]",False,,True,0.0,False,very_strong,False,"[[768, 258], [858, 438], [642, 798]]",,[],,0.5036275183607498,0.20438392080781143
245,3,1,4.07000000000005,,13518,"[954, 270]",False,,True,0.0,False,very_strong,False,"[[768, 252], [858, 432], [642, 792]]",,[],,0.502268688799662,0.2086450040088642
246,3,1,4.086000000000013,,13518,"[954, 270]",False,,True,0.0,False,very_strong,False,"[[768, 246], [858, 426], [642, 786]]",,[],,0.502268688799662,0.2086450040088642
247,3,1,4.101999999999975,,13518,"[954, 270]",False,,True,0.0,False,very_strong,False,"[[768, 240], [858, 420], [642, 780]]",,[],,0.45302367461580334,0.20370815638127904
248,3,1,4.1200000000000045,,13518,"[954, 270]",False,,True,0.0,False,very_strong,False,"[[768, 234], [858, 414], [642, 774], [822, 810]]",,[],,0.45302367461580334,0.20370815638127904
249,3,1,4.135999999999967,,13518,"[954, 270]",False,,True,0.0,False,very_strong,False,"[[768, 228], [858, 408], [642, 768], [822, 804]]",,[],,0.45302367461580334,0.20370815638127904
250,3,1,4.152000000000044,,13518,"[954, 270]",False,,True,0.0,False,very_strong,False,"[[768, 222], [858, 402], [642, 762], [822, 798]]",,[],,0.5065933925787978,0.14604760852415133
251,3,1,4.168999999999983,,13518,"[954, 270]",False,,True,0.0,False,very_strong,False,"[[768, 216], [858, 396], [642, 756], [822, 792]]",,[],,0.47081924748653564,0.15252886543844446
252,3,1,4.185000000000059,,13518,"[954, 270]",False,,True,0.0,False,very_strong,False,"[[768, 210], [858, 390], [642, 750], [822, 786]]",,[],,0.47081924748653564,0.15252886543844446
253,3,1,4.201000000000022,,13518,"[954, 270]",False,,True,0.0,False,very_strong,False,"[[768, 204], [858, 384], [642, 744], [822, 780]]",,[],,0.5888956483993648,-0.28392583364144675
254,3,1,4.2169999999999845,,13518,"[954, 270]",False,,True,0.0,False,very_strong,False,"[[768, 198], [858, 378], [642, 738], [822, 774]]",,[],,0.5069968601059311,0.062134021358645763
255,3,1,4.234000000000037,,13518,"[954, 270]",False,,True,0.0,False,very_strong,False,"[[768, 192], [858, 372], [642, 732], [822, 768]]",,[],,0.5111179682819398,0.2672556161614221
256,3,1,4.250999999999976,,13518,"[954, 270]",False,,True,0.0,False,very_strong,False,"[[768, 186], [858, 366], [642, 726], [822, 762]]",,[],,0.5111179682819398,0.2672556161614221
257,3,1,4.268000000000029,,13518,"[954, 270]",False,,True,0.0,False,very_strong,False,"[[768, 180], [858, 360], [642, 720], [822, 756]]",,[],,0.5697568407558073,0.11351505183060195
258,3,1,4.286000000000058,,13518,"[954, 270]",False,,True,0.0,False,very_strong,False,"[[768, 174], [858, 354], [642, 714], [822, 750]]",,[],,0.5697568407558073,0.11351505183060195
259,3,1,4.302000000000021,,13518,"[954, 270]",False,,True,0.0,False,very_strong,False,"[[768, 168], [858, 348], [642, 708], [822, 744]]",,[],,0.4502596829877282,0.01984020037279899
260,3,1,4.317999999999984,,13518,"[954, 270]",False,,True,0.0,False,very_strong,False,"[[768, 162], [858, 342], [642, 702], [822, 738]]",,[],,0.4805132332085692,0.22669684083765218
261,3,1,4.335000000000036,,13518,"[954, 270]",False,,True,0.0,False,very_strong,False,"[[768, 156], [858, 336], [642, 696], [822, 732]]",,[],,0.4812923944534293,0.22987543172688163
262,3,1,4.351999999999975,,13518,"[954, 270]",False,,True,0.0,False,very_strong,False,"[[768, 150], [858, 330], [642, 690], [822, 726]]",,[],,0.4616335341991995,0.2444245439369772
263,3,1,4.373000000000047,,13518,"[954, 270]",False,,True,0.0,False,very_strong,False,"[[768, 144], [858, 324], [642, 684], [822, 720]]",,[],,0.4574444786563444,0.2401625295439902
264,3,1,4.389999999999986,,13518,"[954, 270]",False,,True,0.0,False,very_strong,False,"[[768, 138], [858, 318], [642, 678], [822, 714]]",,[],,0.4574444786563444,0.2401625295439902
265,3,1,4.407000000000039,,13518,"[954, 270]",False,,True,0.0,False,very_strong,False,"[[768, 132], [858, 312], [642, 672], [822, 708]]",,[],,0.4530784274697746,0.23702299976354635
266,3,1,4.423999999999978,,13518,"[954, 270]",False,,True,0.0,False,very_strong,False,"[[768, 126], [858, 306], [642, 666], [822, 702]]",,[],,0.45314106943609644,0.23583051602306626
267,3,1,4.441000000000031,,13518,"[954, 270]",False,,True,0.0,False,very_strong,False,"[[768, 120], [858, 300], [642, 660], [822, 696]]",,[],,0.47517420691977524,0.19380519807027985
268,3,1,4.456999999999994,,13518,"[954, 270]",False,,True,0.0,False,very_strong,False,"[[768, 114], [858, 294], [642, 654], [822, 690]]",,"[[1320, 810]]",,0.47517420691977524,0.19380519807027985
269,3,1,4.47300000000007,,13518,"[954, 270]",False,,True,0.0,False,very_strong,False,"[[768, 108], [858, 288], [642, 648], [822, 684]]",,"[[1320, 804]]",,0.47684728224953454,0.19566430254478462
270,3,1,4.490000000000009,,13518,"[954, 270]",False,,True,0.0,False,very_strong,False,"[[768, 102], [858, 282], [642, 642], [822, 678]]",,"[[1320, 798]]",,0.4779413265397149,0.19531921983306533
271,3,1,4.505999999999972,,13518,"[954, 270]",False,,True,0.0,False,very_strong,False,"[[768, 96], [858, 276], [642, 636], [822, 672]]",,"[[1320, 792]]",,0.4799298734769805,0.19486087120166828
272,3,1,4.523000000000025,,13518,"[954, 270]",False,,True,0.0,False,very_strong,False,"[[768, 90], [858, 270], [642, 630], [822, 666]]",,"[[1320, 786]]",,0.48055190923168983,0.1943642527806696
273,3,1,4.539999999999964,,13518,"[954, 270]",False,,True,0.0,False,very_strong,False,"[[768, 84], [858, 264], [642, 624], [822, 660]]",,"[[1320, 780]]",,0.48334396721627415,0.19410288723894442
274,3,1,4.557000000000016,,13518,"[954, 270]",False,,True,0.0,False,very_strong,False,"[[768, 78], [858, 258], [642, 618], [822, 654]]",,"[[1320, 774]]",,0.48356013459177555,0.19486527035325252
275,3,1,4.574000000000069,,13518,"[954, 270]",False,,True,0.0,False,very_strong,False,"[[768, 72], [858, 252], [642, 612], [822, 648]]",,"[[1320, 768]]",,0.48545112914446237,0.1915574625609362
276,3,1,4.590000000000032,,13518,"[954, 270]",False,,True,0.0,False,very_strong,False,"[[768, 66], [858, 246], [642, 606], [822, 642]]",,"[[1320, 762]]",,0.4860616965502361,0.19356027432257605
277,3,1,4.6059999999999945,,13518,"[954, 270]",False,,True,0.0,False,very_strong,False,"[[768, 60], [858, 240], [642, 600], [822, 636]]",,"[[1320, 756]]",,0.48718877018103013,0.19281217161147757
278,3,1,4.622000000000071,,13518,"[954, 270]",False,,True,0.0,False,very_strong,False,"[[768, 54], [858, 234], [642, 594], [822, 630]]",,"[[1320, 750]]",,0.48749250307082626,0.19268534005705773
279,3,1,4.63900000000001,,13518,"[954, 270]",False,,True,0.0,False,very_strong,False,"[[768, 48], [858, 228], [642, 588], [822, 624]]",,"[[1320, 744]]",,0.48831342700417313,0.19008568663922443
280,3,1,4.654999999999973,,13518,"[954, 270]",False,,True,0.0,False,very_strong,False,"[[768, 42], [858, 222], [642, 582], [822, 618]]",,"[[1320, 738]]",,0.4864965068676034,0.19133883537871565
281,3,1,4.6720000000000255,,13518,"[954, 270]",False,,True,0.0,False,very_strong,False,"[[768, 36], [858, 216], [642, 576], [822, 612]]",,"[[1320, 732]]",,0.48094600926436853,0.2247104123141469
282,3,1,4.6889999999999645,,13518,"[954, 270]",False,,True,0.0,False,very_strong,False,"[[768, 30], [858, 210], [642, 570], [822, 606]]",,"[[1320, 726]]",,0.4738082467200456,0.25611182801604937
283,3,1,4.706000000000017,,13518,"[954, 270]",False,Right,True,0.0,False,very_strong,False,"[[768, 24], [858, 204], [642, 564], [822, 600]]",,"[[1314, 720]]",,0.47343505573268196,0.26231353461760765
284,3,1,4.721000000000004,,13518,"[954, 270]",False,Right,True,0.0,False,very_strong,False,"[[762, 18], [852, 198], [636, 558], [816, 594]]",,"[[1308, 714]]",,0.4722659890143868,0.2674978941268523
285,3,1,4.738000000000056,,13518,"[954, 270]",False,Right,True,0.0,False,very_strong,False,"[[756, 12], [846, 192], [630, 552], [810, 588]]",,"[[1302, 708]]",,0.47216796405717354,0.26756214647653154
286,3,1,4.7549999999999955,,13518,"[954, 270]",False,Right,True,0.0,False,very_strong,False,"[[750, 6], [840, 186], [624, 546], [804, 582]]",,"[[1296, 702]]",,0.47112405280057706,0.2788796316711908
287,3,1,4.771000000000072,,13518,"[954, 270]",False,Right,True,0.0,False,very_strong,False,"[[744, 0], [834, 180], [618, 540], [798, 576]]",,"[[1290, 696]]",,0.4704050328487564,0.28657918087533396
288,3,1,4.787000000000035,,13518,"[954, 270]",False,Right,True,0.0,False,very_strong,False,"[[828, 174], [612, 534], [792, 570]]",,"[[1284, 690]]",,0.47036535541921615,0.291005494947264
289,3,1,4.805000000000064,,13518,"[954, 270]",False,,True,0.0,False,very_strong,False,"[[822, 168], [606, 528], [786, 564]]",,"[[1284, 684]]",,0.4698639533201224,0.2948514058780968
290,3,1,4.821000000000026,,13518,"[954, 270]",False,,True,0.0,False,very_strong,False,"[[822, 162], [606, 522], [786, 558]]",,"[[1284, 678]]",,0.4713581049382089,0.2970850480084497
291,3,1,4.837999999999965,,13518,"[954, 270]",False,,True,0.0,False,very_strong,False,"[[822, 156], [606, 516], [786, 552]]",,"[[1284, 672]]",,0.4715872509651236,0.29815551560497944
292,3,1,4.855000000000018,,13518,"[954, 270]",False,,True,0.0,False,very_strong,False,"[[822, 150], [606, 510], [786, 546]]",,"[[1284, 666]]",,0.47046122643035365,0.30445472231317217
293,3,1,4.870999999999981,,13518,"[954, 270]",False,,True,0.0,False,very_strong,False,"[[822, 144], [606, 504], [786, 540]]",,"[[1284, 660]]",,0.4706147409629661,0.3084054245978274
294,3,1,4.88900000000001,,13518,"[954, 270]",False,,True,0.0,False,very_strong,False,"[[822, 138], [606, 498], [786, 534]]",,"[[1284, 654]]",,0.47159915022204657,0.3116047098036522
295,3,1,4.904999999999973,,13518,"[954, 270]",False,,True,0.0,False,very_strong,False,"[[822, 132], [606, 492], [786, 528]]",,"[[1284, 648]]",,0.4723005837027884,0.3111908148671372
296,3,1,4.9220000000000255,,13518,"[954, 270]",False,,True,0.0,False,very_strong,False,"[[822, 126], [606, 486], [786, 522]]",,"[[1284, 642]]",,0.4784471551367083,0.2924240350828786
297,3,1,4.9389999999999645,,13518,"[954, 270]",False,,True,0.0,False,very_strong,False,"[[822, 120], [606, 480], [786, 516]]",,"[[1284, 636]]",,0.48355746664605503,0.2824233116042857
298,3,1,4.956000000000017,,13518,"[954, 270]",False,,True,0.0,False,very_strong,False,"[[822, 114], [606, 474], [786, 510]]",,"[[1284, 630]]",,0.4837128223426378,0.28163369826840734
299,3,1,4.97300000000007,,13518,"[954, 270]",False,,True,0.0,False,very_strong,False,"[[822, 108], [606, 468], [786, 504]]",,"[[1284, 624]]",,0.4832835218234349,0.28095541379672473
300,3,1,4.989000000000033,,13518,"[954, 270]",False,,True,0.0,False,very_strong,False,"[[822, 102], [606, 462], [786, 498]]",,"[[1284, 618]]",,0.4825857846713325,0.28218774843973427
301,3,1,5.005999999999972,,13518,"[954, 270]",False,,True,0.0,False,very_strong,False,"[[822, 96], [606, 456], [786, 492]]",,"[[1284, 612]]",,0.48203777555667104,0.28175421948122015
302,3,1,5.022000000000048,,13518,"[954, 270]",False,,True,0.0,False,very_strong,False,"[[822, 90], [606, 450], [786, 486]]",,"[[1284, 606]]",,0.48107740292954854,0.2838896517952286
303,3,1,5.038000000000011,,13518,"[954, 270]",False,,True,0.0,False,very_strong,False,"[[822, 84], [606, 444], [786, 480]]",,"[[1284, 600]]",,0.48046009045240695,0.28617740139723113
304,3,1,5.053999999999974,,13518,"[954, 270]",False,,True,0.0,False,very_strong,False,"[[822, 78], [606, 438], [786, 474]]",,"[[1284, 594]]",,0.4798951848449148,0.2899163036549317
305,3,1,5.071000000000026,,13518,"[954, 270]",False,,True,0.0,False,very_strong,False,"[[822, 72], [606, 432], [786, 468]]",,"[[1284, 588]]",,0.48029448921843815,0.2905821563672716
306,3,1,5.087999999999965,,13518,"[954, 270]",False,,True,0.0,False,very_strong,False,"[[822, 66], [606, 426], [786, 462]]",,"[[1284, 582]]",,0.47957273716082555,0.2912527619842482
307,3,1,5.105000000000018,,13518,"[954, 270]",False,,True,0.0,False,very_strong,False,"[[822, 60], [606, 420], [786, 456]]",,"[[1284, 576]]",,0.4792116898711679,0.29064240646512296
308,3,1,5.120999999999981,,13518,"[954, 270]",False,,True,0.0,False,very_strong,False,"[[822, 54], [606, 414], [786, 450]]",,"[[1284, 570]]",,0.4798762334117245,0.29584470063325163
309,3,1,5.138000000000034,,13518,"[954, 270]",False,,True,0.0,False,very_strong,False,"[[822, 48], [606, 408], [786, 444]]",,"[[1284, 564]]",,0.47972201930932973,0.29661919473193943
310,3,1,5.153999999999996,,13518,"[954, 270]",False,,True,0.0,False,very_strong,False,"[[822, 42], [606, 402], [786, 438]]",,"[[1284, 558]]",,0.4799956672363453,0.298028332599783
311,3,1,5.170000000000073,,13518,"[954, 270]",False,,True,0.0,False,very_strong,False,"[[822, 36], [606, 396], [786, 432]]",,"[[1284, 552]]",,0.4803175550408924,0.2974884486600604
312,3,1,5.187000000000012,,13518,"[954, 270]",False,,True,0.0,False,very_strong,False,"[[822, 30], [606, 390], [786, 426]]",,"[[1284, 546]]",,0.479765827437317,0.29446009347268143
313,3,1,5.2029999999999745,,13518,"[954, 270]",False,,True,0.0,False,very_strong,False,"[[822, 24], [606, 384], [786, 420]]",,"[[1284, 540]]",,0.479765827437317,0.29446009347268143
314,3,1,5.220000000000027,,13518,"[954, 270]",False,,True,0.0,False,very_strong,False,"[[822, 18], [606, 378], [786, 414]]",,"[[1284, 534]]",,0.4707746386069506,0.21908444244306458
315,3,1,5.236999999999966,,13518,"[954, 270]",False,,True,0.0,False,very_strong,False,"[[822, 12], [606, 372], [786, 408]]",,"[[1284, 528]]",,0.47029521451200706,0.21577573643806847
316,3,1,5.254000000000019,,13518,"[954, 270]",False,,True,0.0,False,very_strong,False,"[[822, 6], [606, 366], [786, 402]]",,"[[1284, 522]]",,0.46997971639768077,0.20881953617768323
317,3,1,5.271000000000072,,13518,"[954, 270]",False,,True,0.0,False,very_strong,False,"[[822, 0], [606, 360], [786, 396]]",,"[[1284, 516]]",,0.46997971639768077,0.20881953617768323
318,3,1,5.288000000000011,,13518,"[954, 270]",False,,True,0.0,False,very_strong,False,"[[606, 354], [786, 390]]",,"[[1284, 510]]",,0.47050973684137337,0.20199403206087763
319,3,1,5.305000000000064,,13518,"[954, 270]",False,,True,0.0,False,very_strong,False,"[[606, 348], [786, 384]]",,"[[1284, 504]]",,0.47050494861652903,0.20065131687912297
320,3,1,5.321000000000026,,13518,"[954, 270]",False,,True,0.0,False,very_strong,False,"[[606, 342], [786, 378]]",,"[[1284, 498]]",,0.47280162264648656,0.20685341684389935
321,3,1,5.337999999999965,,13518,"[954, 270]",False,Right,True,0.0,False,very_strong,False,"[[606, 336], [786, 372]]",,"[[1278, 492]]",,0.47302615208439597,0.20758057807318664
322,3,1,5.3530000000000655,,13518,"[954, 270]",False,Right,True,0.0,False,very_strong,False,"[[600, 330], [780, 366]]",,"[[1272, 486]]",,0.47197276078991124,0.21037032447132964
323,3,1,5.3700000000000045,,13518,"[954, 270]",False,Right,True,0.0,False,very_strong,False,"[[594, 324], [774, 360]]",,"[[1266, 480]]",,0.47197276078991124,0.21037032447132964
324,3,1,5.385999999999967,,13518,"[954, 270]",False,Right,True,0.0,False,very_strong,False,"[[588, 318], [768, 354]]",,"[[1260, 474]]",,0.4712630751457437,0.21538647317617587
325,3,1,5.40300000000002,,13518,"[954, 270]",False,Right,True,0.0,False,very_strong,False,"[[582, 312], [762, 348]]",,"[[1254, 468]]",,0.4712630751457437,0.21538647317617587
326,3,1,5.418999999999983,,13518,"[954, 270]",False,Right,True,0.0,False,very_strong,False,"[[576, 306], [756, 342]]",,"[[1248, 462]]",,0.4718873036263857,0.22109594487295336
327,3,1,5.435000000000059,,13518,"[954, 270]",False,Right,True,0.0,False,very_strong,False,"[[570, 300], [750, 336]]",,"[[1242, 456]]",,0.4718873036263857,0.22109594487295336
328,3,1,5.451000000000022,,13518,"[954, 270]",False,Right,True,0.0,False,very_strong,False,"[[564, 294], [744, 330]]",,"[[1236, 450]]",,0.47337986930468523,0.22496786360062448
329,3,1,5.468000000000075,,13518,"[954, 270]",False,Right,True,0.0,False,very_strong,False,"[[558, 288], [738, 324]]",,"[[1230, 444]]",,0.47337986930468523,0.22496786360062448
330,3,1,5.485000000000014,,13518,"[954, 270]",False,,True,0.0,False,very_strong,False,"[[552, 282], [732, 318]]",,"[[1230, 438]]",,0.4748404828717871,0.22546788958862352
331,3,1,5.500999999999976,,13518,"[954, 270]",False,,True,0.0,False,very_strong,False,"[[552, 276], [732, 312]]",,"[[1230, 432]]",,0.4748404828717871,0.22546788958862352
332,3,1,5.516000000000076,,13518,"[954, 270]",False,,True,0.0,False,very_strong,False,"[[552, 270], [732, 306]]",,"[[1230, 426]]",,0.47392371941679434,0.23042916536680036
333,3,1,5.5330000000000155,,13518,"[954, 270]",False,,True,0.0,False,very_strong,False,"[[552, 264], [732, 300]]",,"[[1230, 420]]",,0.47392371941679434,0.23042916536680036
334,3,1,5.550000000000068,,13518,"[954, 270]",False,,True,0.0,False,very_strong,False,"[[552, 258], [732, 294]]",,"[[1230, 414]]",,0.46995597065132555,0.2386890233406922
335,3,1,5.567000000000007,,13518,"[954, 270]",False,,True,0.0,False,very_strong,False,"[[552, 252], [732, 288]]",,"[[1230, 408]]",,0.46995597065132555,0.2386890233406922
336,3,1,5.58400000000006,,13518,"[954, 270]",False,,True,0.0,False,very_strong,False,"[[552, 246], [732, 282]]",,"[[1230, 402]]",,0.4688089574911025,0.2442268859730541
337,3,1,5.600999999999999,,13518,"[954, 270]",False,,True,0.0,False,very_strong,False,"[[552, 240], [732, 276]]",,"[[1230, 396]]",,0.4688089574911025,0.2442268859730541
338,3,1,5.618000000000052,,13518,"[954, 270]",False,,True,0.0,False,very_strong,False,"[[552, 234], [732, 270]]",,"[[1230, 390]]",,0.4679784329830389,0.2499509456471466
339,3,1,5.634999999999991,,13518,"[954, 270]",False,,True,0.0,False,very_strong,False,"[[552, 228], [732, 264]]",,"[[1230, 384]]",,0.4679784329830389,0.2499509456471466
340,3,1,5.651000000000067,,13518,"[954, 270]",False,,True,0.0,False,very_strong,False,"[[552, 222], [732, 258]]",,"[[1230, 378]]",,0.46681861182050266,0.2565112080339108
341,3,1,5.668000000000006,,13518,"[954, 270]",False,,True,0.0,False,very_strong,False,"[[552, 216], [732, 252]]",,"[[1230, 372]]",,0.46681861182050266,0.2565112080339108
342,3,1,5.683999999999969,,13518,"[954, 270]",False,,True,0.0,False,very_strong,False,"[[552, 210], [732, 246]]",,"[[1230, 366]]",,0.46412603516927675,0.2595728616976105
343,3,1,5.701000000000022,,13518,"[954, 270]",False,,True,0.0,False,very_strong,False,"[[552, 204], [732, 240]]",,"[[1230, 360]]",,0.46412603516927675,0.2595728616976105
344,3,1,5.718000000000075,,13518,"[954, 270]",False,,True,0.0,False,very_strong,False,"[[552, 198], [732, 234], [912, 810]]",,"[[1230, 354]]",,0.46314301148889375,0.26200231488283066
345,3,1,5.734000000000037,,13518,"[954, 270]",False,,True,0.0,False,very_strong,False,"[[552, 192], [732, 228], [912, 804]]",,"[[1230, 348]]",,0.4637670626444681,0.2642805348768039
346,3,1,5.75,,13518,"[954, 270]",False,,True,0.0,False,very_strong,False,"[[552, 186], [732, 222], [912, 798]]",,"[[1230, 342]]",,0.4647957027910607,0.26653495204203126
347,3,1,5.767000000000053,,13518,"[954, 270]",False,,True,0.0,False,very_strong,False,"[[552, 180], [732, 216], [912, 792]]",,"[[1230, 336]]",,0.4647957027910607,0.26653495204203126
348,3,1,5.783999999999992,,13518,"[954, 270]",False,,True,0.0,False,very_strong,False,"[[552, 174], [732, 210], [912, 786]]",,"[[1230, 330]]",,0.4670399700463257,0.26783068369247975
349,3,1,5.800000000000068,,13518,"[954, 270]",False,,True,0.0,False,very_strong,False,"[[552, 168], [732, 204], [912, 780]]",,"[[1230, 324], [324, 810]]",,0.4670399700463257,0.26783068369247975
350,3,1,5.816000000000031,,13518,"[954, 270]",False,,True,0.0,False,very_strong,False,"[[552, 162], [732, 198], [912, 774]]",,"[[1230, 318], [324, 804]]",,0.46758421155383656,0.27162007460330895
351,3,1,5.83299999999997,,13518,"[954, 270]",False,,True,0.0,False,very_strong,False,"[[552, 156], [732, 192], [912, 768]]",,"[[1230, 312], [324, 798]]",,0.46758421155383656,0.27162007460330895
352,3,1,5.850000000000023,,13518,"[954, 270]",False,,True,1.0,False,very_strong,False,"[[552, 150], [732, 186], [912, 762]]",,"[[1230, 306], [324, 792]]",,0.47014051983319505,0.2639257117736403
353,3,1,5.8659999999999854,,13518,"[954, 270]",False,,True,1.0,False,very_strong,False,"[[552, 144], [732, 180], [912, 756]]",,"[[1236, 300], [330, 786]]",,0.47014051983319505,0.2639257117736403
354,3,1,5.883000000000038,,13518,"[954, 270]",False,,True,1.0,False,very_strong,False,"[[558, 138], [738, 174], [918, 750]]",,"[[1242, 294], [336, 780]]",,0.47628951314785206,0.24379839891676247
355,3,1,5.899999999999977,,13518,"[954, 270]",False,,True,1.0,False,very_strong,False,"[[564, 132], [744, 168], [924, 744]]",,"[[1248, 288], [342, 774]]",,0.47628951314785206,0.24379839891676247
356,3,1,5.91700000000003,,13518,"[954, 270]",False,,True,1.0,False,very_strong,False,"[[570, 126], [750, 162], [930, 738]]",,"[[1254, 282], [348, 768]]",,0.4838329677064839,0.18981832164204038
357,3,1,5.933999999999969,,13518,"[954, 270]",False,,True,1.0,False,very_strong,False,"[[576, 120], [756, 156], [936, 732]]",,"[[1260, 276], [354, 762]]",,0.4838329677064839,0.18981832164204038
358,3,1,5.9500000000000455,,13518,"[954, 270]",False,,True,1.0,False,very_strong,False,"[[582, 114], [762, 150], [942, 726]]",,"[[1266, 270], [360, 756]]",,0.4858006311540109,0.18833893448714767
359,3,1,5.9669999999999845,,13518,"[954, 270]",False,,True,1.0,False,very_strong,False,"[[588, 108], [768, 144], [948, 720]]",,"[[1272, 264], [366, 750]]",,0.4858006311540109,0.18833893448714767
360,3,1,5.984000000000037,,13518,"[954, 270]",False,,True,1.0,False,very_strong,False,"[[594, 102], [774, 138], [954, 714]]",,"[[1278, 258], [372, 744]]",,0.4881621880040826,0.1884899938983733
361,3,1,6.000999999999976,,13518,"[954, 270]",False,,True,1.0,False,very_strong,False,"[[600, 96], [780, 132], [960, 708]]",,"[[1284, 252], [378, 738]]",,0.48906047774489886,0.1897277552943959
362,3,1,6.017000000000053,,13518,"[954, 270]",False,,True,1.0,False,very_strong,False,"[[606, 90], [786, 126], [966, 702]]",,"[[1290, 246], [384, 732]]",,0.4904595862636092,0.2008288798876603
363,3,1,6.033999999999992,,13518,"[954, 270]",False,,True,1.0,False,very_strong,False,"[[612, 84], [792, 120], [972, 696]]",,"[[1296, 240], [390, 726]]",,0.4904595862636092,0.2008288798876603
364,3,1,6.051000000000045,,13518,"[954, 270]",False,,True,1.0,False,very_strong,False,"[[618, 78], [798, 114], [978, 690]]",,"[[1302, 234], [396, 720]]",,0.4916724410490372,0.20582994139422317
365,3,1,6.067000000000007,,13518,"[954, 270]",False,,True,1.0,False,very_strong,False,"[[624, 72], [804, 108], [984, 684]]",,"[[1308, 228], [402, 714]]",,0.4916724410490372,0.20582994139422317
366,3,1,6.08299999999997,,13518,"[954, 270]",False,,True,1.0,False,very_strong,False,"[[630, 66], [810, 102], [990, 678]]",,"[[1314, 222], [408, 708]]",,0.49246788626711924,0.21022608244169672
367,3,1,6.100000000000023,,13518,"[954, 270]",False,,True,1.0,False,very_strong,False,"[[636, 60], [816, 96], [996, 672]]",,"[[1320, 216], [414, 702]]",,0.4921913067980127,0.21243830758023563
368,3,1,6.1170000000000755,,13518,"[954, 270]",False,,True,1.0,False,very_strong,False,"[[642, 54], [822, 90], [1002, 666], [804, 810]]",,"[[1326, 210], [420, 696]]",,0.49174747015216724,0.21483397208953847
369,3,1,6.133000000000038,,13518,"[954, 270]",False,,True,1.0,False,very_strong,False,"[[648, 48], [828, 84], [1008, 660], [810, 804]]",,"[[1332, 204], [426, 690]]",,0.49174747015216724,0.21483397208953847
370,3,1,6.149999999999977,,13518,"[954, 270]",False,,True,1.0,False,very_strong,False,"[[654, 42], [834, 78], [1014, 654], [816, 798]]",,"[[1338, 198], [432, 684]]",,0.48980417837186846,0.2197158737942213
371,3,1,6.166000000000054,,13518,"[954, 270]",False,,True,1.0,False,very_strong,False,"[[660, 36], [840, 72], [1020, 648], [822, 792]]",,"[[1344, 192], [438, 678]]",,0.48980417837186846,0.2197158737942213
372,3,1,6.182999999999993,,13518,"[954, 270]",False,,True,1.0,False,very_strong,False,"[[666, 30], [846, 66], [1026, 642], [828, 786]]",,"[[1350, 186], [444, 672]]",,0.4887078171355073,0.21859485808427237
373,3,1,6.2000000000000455,,13518,"[954, 270]",False,,True,1.0,False,very_strong,False,"[[672, 24], [852, 60], [1032, 636], [834, 780]]",,"[[1356, 180], [450, 666]]",,0.48896713054467317,0.2193469200252922
374,3,1,6.216000000000008,,13518,"[954, 270]",False,,True,1.0,False,very_strong,False,"[[678, 18], [858, 54], [1038, 630], [840, 774]]",,"[[1362, 174], [456, 660]]",,0.48952672357152266,0.22029414161133487
375,3,1,6.231999999999971,,13518,"[954, 270]",False,,True,1.0,False,very_strong,False,"[[684, 12], [864, 48], [1044, 624], [846, 768]]",,"[[1368, 168], [462, 654]]",,0.48952672357152266,0.22029414161133487
376,3,1,6.248000000000047,,13518,"[954, 270]",False,,True,1.0,False,very_strong,False,"[[690, 6], [870, 42], [1050, 618], [852, 762]]",,"[[1374, 162], [468, 648]]",,0.4790368634314367,0.25222678487370276
377,3,1,6.26400000000001,,13518,"[954, 270]",False,Right,True,1.0,False,very_strong,False,"[[696, 0], [876, 36], [1056, 612], [858, 756]]",,"[[1374, 156], [468, 642]]",,0.47659669514808345,0.2654899116659757
378,3,1,6.281000000000063,,13518,"[954, 270]",False,Right,True,1.0,False,very_strong,False,"[[876, 30], [1056, 606], [858, 750]]",,"[[1374, 150], [468, 636]]",,0.47516749239690004,0.26807155235649904
379,3,1,6.2970000000000255,,13518,"[954, 270]",False,Right,True,1.0,False,very_strong,False,"[[876, 24], [1056, 600], [858, 744]]",,"[[1374, 144], [468, 630]]",,0.4749352033286085,0.27168552568969784
380,3,1,6.3139999999999645,,13518,"[954, 270]",False,Right,True,1.0,False,very_strong,False,"[[876, 18], [1056, 594], [858, 738]]",,"[[1374, 138], [468, 624]]",,0.474566130006572,0.27551551627769677
381,3,1,6.331000000000017,,13518,"[954, 270]",False,Right,True,1.0,False,very_strong,False,"[[876, 12], [1056, 588], [858, 732]]",,"[[1374, 132], [468, 618]]",,0.47426498619715235,0.2795073780601859
382,3,1,6.34800000000007,,13518,"[954, 270]",False,Right,True,1.0,False,very_strong,False,"[[876, 6], [1056, 582], [858, 726]]",,"[[1374, 126], [468, 612]]",,0.47401366717602017,0.2836336305137048
383,3,1,6.364000000000033,,13518,"[954, 270]",False,Right,True,1.0,False,very_strong,False,"[[876, 0], [1056, 576], [858, 720]]",,"[[1374, 120], [468, 606]]",,0.4755791079757647,0.2869902722027784
384,3,1,6.3799999999999955,,13518,"[954, 270]",False,,True,1.0,False,very_strong,False,"[[1056, 570], [858, 714]]",,"[[1380, 114], [474, 600]]",,0.4768618022130953,0.290285973943033
385,3,1,6.396000000000072,,13518,"[954, 270]",False,,True,1.0,False,very_strong,False,"[[1062, 564], [864, 708]]",,"[[1386, 108], [480, 594]]",,0.4773481111563016,0.2912812692358645
386,3,1,6.413000000000011,,13518,"[954, 270]",False,,True,1.0,False,very_strong,False,"[[1068, 558], [870, 702]]",,"[[1392, 102], [486, 588]]",,0.47659860823811895,0.2924014675299291
387,3,1,6.430000000000064,,13518,"[954, 270]",False,,True,1.0,False,very_strong,False,"[[1074, 552], [876, 696]]",,"[[1398, 96], [492, 582]]",,0.47706929986947905,0.2905237982647674
388,3,1,6.447000000000003,,13518,"[954, 270]",False,,True,1.0,False,very_strong,False,"[[1080, 546], [882, 690]]",,"[[1404, 90], [498, 576]]",,0.47761018479320133,0.2921833751098968
389,3,1,6.4640000000000555,,13518,"[954, 270]",False,,True,1.0,False,very_strong,False,"[[1086, 540], [888, 684]]",,"[[1410, 84], [504, 570]]",,0.47824199993942057,0.2918256657702307
390,3,1,6.4809999999999945,,13518,"[954, 270]",False,,True,1.0,False,very_strong,False,"[[1092, 534], [894, 678]]",,"[[1416, 78], [510, 564]]",,0.4771718067797924,0.29278123410303003
391,3,1,6.497000000000071,,13518,"[954, 270]",False,,True,1.0,False,very_strong,False,"[[1098, 528], [900, 672]]",,"[[1422, 72], [516, 558]]",,0.47781119323172233,0.29276237650761006
392,3,1,6.513000000000034,,13518,"[954, 270]",False,,True,1.0,False,very_strong,False,"[[1104, 522], [906, 666]]",,"[[1428, 66], [522, 552]]",,0.47808904230010596,0.2919011868472975
393,3,1,6.528999999999996,,13518,"[954, 270]",False,,True,1.0,False,very_strong,False,"[[1110, 516], [912, 660]]",,"[[1434, 60], [528, 546]]",,0.47935262920428806,0.2872413037559076
394,3,1,6.545000000000073,,13518,"[954, 270]",False,,True,1.0,False,very_strong,False,"[[1116, 510], [918, 654]]",,"[[1440, 54], [534, 540]]",,0.47981106087881376,0.28684109820746795
395,3,1,6.562000000000012,,13518,"[954, 270]",False,,True,1.0,False,very_strong,False,"[[1122, 504], [924, 648]]",,"[[1446, 48], [540, 534]]",,0.47982096168140204,0.28491343482689313
396,3,1,6.5779999999999745,,13518,"[954, 270]",False,,True,1.0,False,very_strong,False,"[[1128, 498], [930, 642]]",,"[[1452, 42], [546, 528]]",,0.48066809595838744,0.28372840969605573
397,3,1,6.595000000000027,,13518,"[954, 270]",False,,True,1.0,False,very_strong,False,"[[1134, 492], [936, 636]]",,"[[1458, 36], [552, 522]]",,0.4805719576839211,0.28299063174146977
398,3,1,6.61099999999999,,13518,"[954, 270]",False,,True,1.0,False,very_strong,False,"[[1140, 486], [942, 630]]",,"[[1464, 30], [558, 516]]",,0.4805719576839211,0.28299063174146977
399,3,1,6.628000000000043,,13518,"[954, 270]",False,,True,1.0,False,very_strong,False,"[[1146, 480], [948, 624]]",,"[[1470, 24], [564, 510]]",,0.48022258282696484,0.2857208596043329
400,3,1,6.644999999999982,,13518,"[954, 270]",False,,True,1.0,False,very_strong,False,"[[1152, 474], [954, 618]]",,"[[1476, 18], [570, 504]]",,0.4802959349955958,0.28524334334200874
401,3,1,6.662000000000035,,13518,"[954, 270]",False,,True,1.0,False,very_strong,False,"[[1158, 468], [960, 612]]",,"[[1482, 12], [576, 498]]",,0.48005181467650837,0.28747814749249523
402,3,1,6.680000000000064,,13518,"[954, 270]",False,Right,True,1.0,False,very_strong,False,"[[1164, 462], [966, 606]]",,"[[1482, 6], [576, 492]]",,0.4796481999377373,0.29184151193574126
403,3,1,6.69500000000005,,13518,"[954, 270]",False,Right,True,0.0,False,very_strong,False,"[[1164, 456], [966, 600]]",,"[[1482, 0], [576, 486], [1482, 810]]",,0.4806311202502222,0.2932933243106989
404,3,1,6.711000000000013,,13518,"[954, 270]",False,Right,True,0.0,False,very_strong,False,"[[1164, 450], [966, 594]]",,"[[570, 480], [1476, 804]]",,0.4806311202502222,0.2932933243106989
405,3,1,6.7280000000000655,,13518,"[954, 270]",False,Right,True,0.0,False,very_strong,False,"[[1158, 444], [960, 588]]",,"[[564, 474], [1470, 798]]",,0.4827401510487534,0.2969895933479715
406,3,1,6.744000000000028,,13518,"[954, 270]",False,Right,True,0.0,False,very_strong,False,"[[1152, 438], [954, 582]]",,"[[558, 468], [1464, 792]]",,0.4827401510487534,0.2969895933479715
407,3,1,6.760999999999967,,13518,"[954, 270]",False,Right,True,0.0,False,very_strong,False,"[[1146, 432], [948, 576]]",,"[[552, 462], [1458, 786]]",,0.4788126758030914,0.2758632000913066
408,3,1,6.777000000000044,,13518,"[954, 270]",False,Right,True,0.0,False,very_strong,False,"[[1140, 426], [942, 570]]",,"[[546, 456], [1452, 780]]",,0.4788126758030914,0.2758632000913066
409,3,1,6.793999999999983,,13518,"[954, 270]",False,Right,True,0.0,False,very_strong,False,"[[1134, 420], [936, 564]]",,"[[540, 450], [1446, 774]]",,0.47737496426015086,0.2761369211149771
410,3,1,6.810000000000059,,13518,"[954, 270]",False,Right,True,0.0,False,very_strong,False,"[[1128, 414], [930, 558]]",,"[[534, 444], [1440, 768]]",,0.47737496426015086,0.2761369211149771
411,3,1,6.826000000000022,,13518,"[954, 270]",False,Right,True,0.0,False,very_strong,False,"[[1122, 408], [924, 552]]",,"[[528, 438], [1434, 762]]",,0.47659910641841047,0.2749893207303259
412,3,1,6.8419999999999845,,13518,"[954, 270]",False,Right,True,0.0,False,very_strong,False,"[[1116, 402], [918, 546]]",,"[[522, 432], [1428, 756]]",,0.47659910641841047,0.2749893207303259
413,3,1,6.859000000000037,,13518,"[954, 270]",False,Right,True,0.0,False,very_strong,False,"[[1110, 396], [912, 540]]",,"[[516, 426], [1422, 750]]",,0.47587777589098057,0.27615530078818784
414,3,1,6.875,,13518,"[954, 270]",False,Right,True,0.0,False,very_strong,False,"[[1104, 390], [906, 534]]",,"[[510, 420], [1416, 744]]",,0.47587777589098057,0.27615530078818784
415,3,1,6.892000000000053,,13518,"[954, 270]",False,Right,True,0.0,False,very_strong,False,"[[1098, 384], [900, 528]]",,"[[504, 414], [1410, 738]]",,0.4766266498693206,0.2823243263573213
416,3,1,6.9080000000000155,,13518,"[954, 270]",False,Right,True,0.0,False,very_strong,False,"[[1092, 378], [894, 522]]",,"[[498, 408], [1404, 732]]",,0.4766266498693206,0.2823243263573213
417,3,1,6.925000000000068,,13518,"[954, 270]",False,Right,True,0.0,False,very_strong,False,"[[1086, 372], [888, 516]]",,"[[492, 402], [1398, 726]]",,0.477023233515272,0.28597547312483684
418,3,1,6.942000000000007,,13518,"[954, 270]",False,Right,True,0.0,False,very_strong,False,"[[1080, 366], [882, 510]]",,"[[486, 396], [1392, 720]]",,0.477023233515272,0.28597547312483684
419,3,1,6.95799999999997,,13518,"[954, 270]",False,Right,True,0.0,False,very_strong,False,"[[1074, 360], [876, 504]]",,"[[480, 390], [1386, 714]]",,0.47856222346208444,0.2887072180848057
420,3,1,6.975000000000023,,13518,"[954, 270]",False,Right,True,0.0,False,very_strong,False,"[[1068, 354], [870, 498]]",,"[[474, 384], [1380, 708]]",,0.47856222346208444,0.2887072180848057
421,3,1,6.9920000000000755,,13518,"[954, 270]",False,,True,0.0,False,very_strong,False,"[[1062, 348], [864, 492]]",,"[[474, 378], [1380, 702]]",,0.47807257151046584,0.28848924541601373
422,3,1,7.008000000000038,,13518,"[954, 270]",False,,True,0.0,False,very_strong,False,"[[1062, 342], [864, 486]]",,"[[474, 372], [1380, 696]]",,0.47807257151046584,0.28848924541601373
423,3,1,7.024000000000001,,13518,"[954, 270]",False,,True,0.0,False,very_strong,False,"[[1062, 336], [864, 480]]",,"[[474, 366], [1380, 690]]",,0.47823293487024704,0.28648294650149764
424,3,1,7.041000000000054,,13518,"[954, 270]",False,,True,0.0,False,very_strong,False,"[[1062, 330], [864, 474]]",,"[[474, 360], [1380, 684]]",,0.47823293487024704,0.28648294650149764
425,3,1,7.057999999999993,,13518,"[954, 270]",False,,True,0.0,False,very_strong,False,"[[1062, 324], [864, 468], [774, 810]]",,"[[474, 354], [1380, 678]]",,0.47887543554516787,0.2887253956568462
426,3,1,7.074000000000069,,13518,"[954, 270]",False,,True,0.0,False,very_strong,False,"[[1062, 318], [864, 462], [774, 804]]",,"[[474, 348], [1380, 672]]",,0.47887543554516787,0.2887253956568462
427,3,1,7.091000000000008,,13518,"[954, 270]",False,,True,0.0,False,very_strong,False,"[[1062, 312], [864, 456], [774, 798]]",,"[[474, 342], [1380, 666]]",,0.478425681001118,0.29113425702255524
428,3,1,7.108000000000061,,13518,"[954, 270]",False,,True,0.0,False,very_strong,False,"[[1062, 306], [864, 450], [774, 792]]",,"[[474, 336], [1380, 660]]",,0.478425681001118,0.29113425702255524
429,3,1,7.124000000000024,,13518,"[954, 270]",False,,True,0.0,False,very_strong,False,"[[1062, 300], [864, 444], [774, 786]]",,"[[474, 330], [1380, 654]]",,0.47875178188722545,0.2922807582793605
430,3,1,7.139999999999986,,13518,"[954, 270]",False,,True,0.0,False,very_strong,False,"[[1062, 294], [864, 438], [774, 780]]",,"[[474, 324], [1380, 648]]",,0.47875178188722545,0.2922807582793605
431,3,1,7.157000000000039,,13518,"[954, 270]",False,,True,0.0,False,very_strong,False,"[[1062, 288], [864, 432], [774, 774]]",,"[[474, 318], [1380, 642]]",,0.47849030817657906,0.2914472661889843
432,3,1,7.173000000000002,,13518,"[954, 270]",False,,True,0.0,False,very_strong,False,"[[1062, 282], [864, 426], [774, 768]]",,"[[474, 312], [1380, 636]]",,0.47849030817657906,0.2914472661889843
433,3,1,7.190000000000055,,13518,"[954, 270]",False,,True,-1.0,False,very_strong,False,"[[1062, 276], [864, 420], [774, 762]]",,"[[474, 306], [1380, 630]]",,0.47785211625239327,0.29193797180080583
434,3,1,7.206000000000017,,13518,"[954, 270]",False,,True,-1.0,False,very_strong,False,"[[1062, 270], [864, 414], [774, 756]]",,"[[468, 300], [1374, 624]]",,0.47785211625239327,0.29193797180080583
435,3,1,7.224000000000046,,13518,"[954, 270]",False,,True,-1.0,False,very_strong,False,"[[1056, 264], [858, 408], [768, 750]]",,"[[462, 294], [1368, 618]]",,0.4766711255702328,0.2928018806950985
436,3,1,7.2409999999999854,,13518,"[954, 270]",False,,True,-1.0,False,very_strong,False,"[[1050, 258], [852, 402], [762, 744]]",,"[[456, 288], [1362, 612]]",,0.4766711255702328,0.2928018806950985
437,3,1,7.257000000000062,,13518,"[954, 270]",False,,True,-1.0,False,very_strong,False,"[[1044, 252], [846, 396], [756, 738]]",,"[[450, 282], [1356, 606]]",,0.47680201990837057,0.29666741765679605
438,3,1,7.274000000000001,,13518,"[954, 270]",False,,True,-1.0,False,very_strong,False,"[[1038, 246], [840, 390], [750, 732]]",,"[[444, 276], [1350, 600]]",,0.47680201990837057,0.29666741765679605
439,3,1,7.291000000000054,,13518,"[954, 270]",False,,True,-1.0,False,very_strong,False,"[[1032, 240], [834, 384], [744, 726]]",,"[[438, 270], [1344, 594]]",,0.47759358419949854,0.30059913604159605
440,3,1,7.307000000000016,,13518,"[954, 270]",False,,True,-1.0,False,very_strong,False,"[[1026, 234], [828, 378], [738, 720]]",,"[[432, 264], [1338, 588]]",,0.47759358419949854,0.30059913604159605
441,3,1,7.322999999999979,,13518,"[954, 270]",False,,True,-1.0,False,very_strong,False,"[[1020, 228], [822, 372], [732, 714]]",,"[[426, 258], [1332, 582]]",,0.4776321171815887,0.3035083406097703
442,3,1,7.340000000000032,,13518,"[954, 270]",False,,True,-1.0,False,very_strong,False,"[[1014, 222], [816, 366], [726, 708]]",,"[[420, 252], [1326, 576]]",,0.4773964804064317,0.30516413391107833
443,3,1,7.3559999999999945,,13518,"[954, 270]",False,,True,-1.0,False,very_strong,False,"[[1008, 216], [810, 360], [720, 702], [648, 810]]",,"[[414, 246], [1320, 570]]",,0.4786739324695873,0.2863379525891442
444,3,1,7.373000000000047,,13518,"[954, 270]",False,,True,-1.0,False,very_strong,False,"[[1002, 210], [804, 354], [714, 696], [642, 804]]",,"[[408, 240], [1314, 564]]",,0.4786739324695873,0.2863379525891442
445,3,1,7.389999999999986,,13518,"[954, 270]",False,,True,-1.0,False,very_strong,False,"[[996, 204], [798, 348], [708, 690], [636, 798]]",,"[[402, 234], [1308, 558]]",,0.477657796550451,0.27835718549435284
446,3,1,7.407000000000039,,13518,"[954, 270]",False,,True,-1.0,False,very_strong,False,"[[990, 198], [792, 342], [702, 684], [630, 792], [864, 810]]",,"[[396, 228], [1302, 552]]",,0.477657796550451,0.27835718549435284
447,3,1,7.423999999999978,,13518,"[954, 270]",False,,True,-1.0,False,very_strong,False,"[[984, 192], [786, 336], [696, 678], [624, 786], [858, 804]]",,"[[390, 222], [1296, 546]]",,0.47691442545690255,0.2792285265810611
448,3,1,7.440000000000055,,13518,"[954, 270]",False,,True,-1.0,False,very_strong,False,"[[978, 186], [780, 330], [690, 672], [618, 780], [852, 798]]",,"[[384, 216], [1290, 540]]",,0.4771732439886304,0.279812684306992
449,3,1,7.456999999999994,,13518,"[954, 270]",False,,True,-1.0,False,very_strong,False,"[[972, 180], [774, 324], [684, 666], [612, 774], [846, 792]]",,"[[378, 210], [1284, 534]]",,0.477233354128344,0.28117953505069204
450,3,1,7.474000000000046,,13518,"[954, 270]",False,,True,-1.0,False,very_strong,False,"[[966, 174], [768, 318], [678, 660], [606, 768], [840, 786]]",,"[[372, 204], [1278, 528]]",,0.477233354128344,0.28117953505069204
451,3,1,7.490000000000009,,13518,"[954, 270]",False,,True,-1.0,False,very_strong,False,"[[960, 168], [762, 312], [672, 654], [600, 762], [834, 780]]",,"[[366, 198], [1272, 522]]",,0.47636578688401887,0.2859858650478737
452,3,1,7.505999999999972,,13518,"[954, 270]",False,,True,-1.0,False,very_strong,False,"[[954, 162], [756, 306], [666, 648], [594, 756], [828, 774], [612, 810]]",,"[[360, 192], [1266, 516]]",,0.476796635116965,0.28711347058720504
453,3,1,7.523000000000025,,13518,"[954, 270]",False,,True,-1.0,False,very_strong,False,"[[948, 156], [750, 300], [660, 642], [588, 750], [822, 768], [606, 804]]",,"[[354, 186], [1260, 510]]",,0.47556406217961805,0.2889949418700468
454,3,1,7.539999999999964,,13518,"[954, 270]",False,,True,-1.0,False,very_strong,False,"[[942, 150], [744, 294], [654, 636], [582, 744], [816, 762], [600, 798]]",,"[[348, 180], [1254, 504]]",,0.4755808540008024,0.28912870811853786
455,3,1,7.557000000000016,,13518,"[954, 270]",False,Left,True,-1.0,False,very_strong,False,"[[936, 144], [738, 288], [648, 630], [576, 738], [810, 756], [594, 792]]",,"[[348, 174], [1254, 498]]",,0.4749861833118965,0.2885065344289569
456,3,1,7.572000000000003,,13518,"[954, 270]",False,Left,True,-1.0,False,very_strong,False,"[[936, 138], [738, 282], [648, 624], [576, 732], [810, 750], [594, 786]]",,"[[348, 168], [1254, 492]]",,0.4749861833118965,0.2885065344289569
457,3,1,7.5890000000000555,,13518,"[954, 270]",False,Left,True,-1.0,False,very_strong,False,"[[936, 132], [738, 276], [648, 618], [576, 726], [810, 744], [594, 780]]",,"[[348, 162], [1254, 486]]",,0.4754800027337248,0.2888298615974323
458,3,1,7.605000000000018,,13518,"[954, 270]",False,Left,True,-1.0,False,very_strong,False,"[[936, 126], [738, 270], [648, 612], [576, 720], [810, 738], [594, 774], [954, 810]]",,"[[348, 156], [1254, 480]]",,0.4751999026785489,0.289095222470953
459,3,1,7.622000000000071,,13518,"[954, 270]",False,Left,True,-1.0,False,very_strong,False,"[[936, 120], [738, 264], [648, 606], [576, 714], [810, 732], [594, 768], [954, 804]]",,"[[348, 150], [1254, 474]]",,0.4746872560583297,0.29150757253416404
460,3,1,7.638000000000034,,13518,"[954, 270]",False,Left,True,-1.0,False,very_strong,False,"[[936, 114], [738, 258], [648, 600], [576, 708], [810, 726], [594, 762], [954, 798]]",,"[[348, 144], [1254, 468]]",,0.47492550701091635,0.2923272074866132
461,3,1,7.654999999999973,,13518,"[954, 270]",False,Left,True,-1.0,False,very_strong,False,"[[936, 108], [738, 252], [648, 594], [576, 702], [810, 720], [594, 756], [954, 792]]",,"[[348, 138], [1254, 462]]",,0.47516077972796394,0.2945552641821363
462,3,1,7.6720000000000255,,13518,"[954, 270]",False,Left,True,-1.0,False,very_strong,False,"[[936, 102], [738, 246], [648, 588], [576, 696], [810, 714], [594, 750], [954, 786]]",,"[[348, 132], [1254, 456]]",,0.475205011317239,0.29610171037234057
463,3,1,7.6889999999999645,,13518,"[954, 270]",False,Left,True,-1.0,False,very_strong,False,"[[936, 96], [738, 240], [648, 582], [576, 690], [810, 708], [594, 744], [954, 780]]",,"[[348, 126], [1254, 450]]",,0.47507128799882403,0.29837661077985655
464,3,1,7.705000000000041,,13518,"[954, 270]",False,Left,True,-1.0,False,very_strong,False,"[[936, 90], [738, 234], [648, 576], [576, 684], [810, 702], [594, 738], [954, 774]]",,"[[348, 120], [1254, 444]]",,0.47530698131116067,0.29971283991762177
465,3,1,7.721000000000004,,13518,"[954, 270]",False,Left,True,-1.0,False,very_strong,False,"[[936, 84], [738, 228], [648, 570], [576, 678], [810, 696], [594, 732], [954, 768]]",,"[[348, 114], [1254, 438]]",,0.48365677479547287,0.3207424423938502
466,3,1,7.738000000000056,,13518,"[954, 270]",False,Left,True,-1.0,False,very_strong,False,"[[936, 78], [738, 222], [648, 564], [576, 672], [810, 690], [594, 726], [954, 762]]",,"[[348, 108], [1254, 432]]",,0.47563506166170877,0.3016360580350441
467,3,1,7.7549999999999955,,13518,"[954, 270]",False,Left,True,-1.0,False,very_strong,False,"[[936, 72], [738, 216], [648, 558], [576, 666], [810, 684], [594, 720], [954, 756]]",,"[[348, 102], [1254, 426]]",,0.475109224395814,0.30239347660608995
468,3,1,7.771000000000072,,13518,"[954, 270]",False,Left,True,-1.0,False,very_strong,False,"[[936, 66], [738, 210], [648, 552], [576, 660], [810, 678], [594, 714], [954, 750]]",,"[[348, 96], [1254, 420]]",,0.4745500653412664,0.30277912341426394
469,3,1,7.787000000000035,,13518,"[954, 270]",False,Left,True,-1.0,False,very_strong,False,"[[936, 60], [738, 204], [648, 546], [576, 654], [810, 672], [594, 708], [954, 744]]",,"[[348, 90], [1254, 414]]",,0.47461062289572364,0.30221334220236984
470,3,1,7.803999999999974,,13518,"[954, 270]",False,Left,True,-1.0,False,very_strong,False,"[[936, 54], [738, 198], [648, 540], [576, 648], [810, 666], [594, 702], [954, 738]]",,"[[348, 84], [1254, 408]]",,0.4741205903654306,0.3020398071720697
471,3,1,7.821000000000026,,13518,"[954, 270]",False,Left,True,-1.0,False,very_strong,False,"[[936, 48], [738, 192], [648, 534], [576, 642], [810, 660], [594, 696], [954, 732]]",,"[[348, 78], [1254, 402]]",,0.47395183055955875,0.30164297788491023
472,3,1,7.836999999999989,,13518,"[954, 270]",False,Left,True,-1.0,False,very_strong,False,"[[936, 42], [738, 186], [648, 528], [576, 636], [810, 654], [594, 690], [954, 726]]",,"[[348, 72], [1254, 396]]",,0.47416798481142963,0.3016451535240383
473,3,1,7.854000000000042,,13518,"[954, 270]",False,Left,True,-1.0,False,very_strong,False,"[[936, 36], [738, 180], [648, 522], [576, 630], [810, 648], [594, 684], [954, 720]]",,"[[348, 66], [1254, 390]]",,0.4741365937448342,0.3014620624905864
474,3,1,7.870999999999981,,13518,"[954, 270]",False,Left,True,-1.0,False,very_strong,False,"[[936, 30], [738, 174], [648, 516], [576, 624], [810, 642], [594, 678], [954, 714]]",,"[[348, 60], [1254, 384]]",,0.4746141359958248,0.302195170991993
475,3,1,7.887000000000057,,13518,"[954, 270]",False,Left,True,-1.0,False,very_strong,False,"[[936, 24], [738, 168], [648, 510], [576, 618], [810, 636], [594, 672], [954, 708]]",,"[[348, 54], [1254, 378]]",,0.4747808822569411,0.3024538018245434
476,3,1,7.90300000000002,,13518,"[954, 270]",False,Left,True,-1.0,False,very_strong,False,"[[936, 18], [738, 162], [648, 504], [576, 612], [810, 630], [594, 666], [954, 702]]",,"[[348, 48], [1254, 372]]",,0.4735992240341491,0.2972453327826394
477,3,1,7.918999999999983,,13518,"[954, 270]",False,Left,True,-1.0,False,very_strong,False,"[[936, 12], [738, 156], [648, 498], [576, 606], [810, 624], [594, 660], [954, 696]]",,"[[348, 42], [1254, 366]]",,0.4680947310835005,0.2784275410975473
478,3,1,7.935000000000059,,13518,"[954, 270]",False,Left,True,-1.0,False,very_strong,False,"[[936, 6], [738, 150], [648, 492], [576, 600], [810, 618], [594, 654], [954, 690]]",,"[[348, 36], [1254, 360]]",,0.4642181515960388,0.27003073308957504
479,3,1,7.951999999999998,,13518,"[954, 270]",False,Left,True,-1.0,False,very_strong,False,"[[936, 0], [738, 144], [648, 486], [576, 594], [810, 612], [594, 648], [954, 684], [936, 810]]",,"[[348, 30], [1254, 354]]",,0.4642181515960388,0.27003073308957504
480,3,1,7.969000000000051,,13518,"[954, 270]",False,Left,True,-1.0,False,very_strong,False,"[[738, 138], [648, 480], [576, 588], [810, 606], [594, 642], [954, 678], [936, 804]]",,"[[348, 24], [1254, 348]]",,0.46564120740765924,0.27409403329968574
481,3,1,7.98599999999999,,13518,"[954, 270]",False,Left,True,-1.0,False,very_strong,False,"[[738, 132], [648, 474], [576, 582], [810, 600], [594, 636], [954, 672], [936, 798]]",,"[[348, 18], [1254, 342]]",,0.46602600079625456,0.27439533549882955
482,3,1,8.002000000000066,,13518,"[954, 270]",False,Left,True,-1.0,False,very_strong,False,"[[738, 126], [648, 468], [576, 576], [810, 594], [594, 630], [954, 666], [936, 792]]",,"[[348, 12], [1254, 336]]",,0.466815491310801,0.2758609155907177
483,3,1,8.018000000000029,,13518,"[954, 270]",False,Left,True,-1.0,False,very_strong,False,"[[738, 120], [648, 462], [576, 570], [810, 588], [594, 624], [954, 660], [936, 786]]",,"[[348, 6], [1254, 330]]",,0.466815491310801,0.2758609155907177
484,3,1,8.036000000000058,,13518,"[954, 270]",False,,True,0.0,False,very_strong,False,"[[738, 114], [648, 456], [576, 564], [810, 582], [594, 618], [954, 654], [936, 780]]",,"[[342, 0], [1248, 324]]",,0.4682732115653626,0.27783569012042086
485,3,1,8.052000000000021,,13518,"[954, 270]",False,,True,0.0,False,very_strong,False,"[[732, 108], [642, 450], [570, 558], [804, 576], [588, 612], [948, 648], [930, 774], [1056, 810]]",,"[[1248, 318]]",,0.4682732115653626,0.27783569012042086
486,3,1,8.067999999999984,,13518,"[954, 270]",False,,True,0.0,False,very_strong,False,"[[732, 102], [642, 444], [570, 552], [804, 570], [588, 606], [948, 642], [930, 768], [1056, 804]]",,"[[1248, 312]]",,0.46674470298779036,0.27916742788912174
487,3,1,8.08400000000006,,13518,"[954, 270]",False,,True,1.0,False,very_strong,False,"[[732, 96], [642, 438], [570, 546], [804, 564], [588, 600], [948, 636], [930, 762], [1056, 798]]",,"[[1248, 306]]",,0.46674470298779036,0.27916742788912174
488,3,1,8.100000000000023,,13518,"[954, 270]",False,,True,1.0,False,very_strong,False,"[[732, 90], [642, 432], [570, 540], [804, 558], [588, 594], [948, 630], [930, 756], [1056, 792]]",,"[[1254, 300]]",,0.465590637717496,0.28166750794353246
489,3,1,8.115999999999985,,13518,"[954, 270]",False,,True,1.0,False,very_strong,False,"[[738, 84], [648, 426], [576, 534], [810, 552], [594, 588], [954, 624], [936, 750], [1062, 786]]",,"[[1260, 294]]",,0.465590637717496,0.28166750794353246
490,3,1,8.134999999999991,,13518,"[954, 270]",False,Left,True,1.0,False,very_strong,False,"[[744, 78], [654, 420], [582, 528], [816, 546], [600, 582], [960, 618], [942, 744], [1068, 780]]",,"[[1272, 288]]",,0.4634466977379189,0.2845976324990077
491,3,1,8.149000000000001,,13518,"[954, 270]",False,Left,True,1.0,False,very_strong,False,"[[756, 72], [666, 414], [594, 522], [828, 540], [612, 576], [972, 612], [954, 738], [1080, 774]]",,"[[1284, 282]]",,0.4634466977379189,0.2845976324990077
492,3,1,8.164999999999964,,13518,"[954, 270]",False,Left,True,1.0,False,very_strong,False,"[[768, 66], [678, 408], [606, 516], [840, 534], [624, 570], [984, 606], [966, 732], [1092, 768]]",,"[[1296, 276]]",,0.46272485058869395,0.28709201898518844
493,3,1,8.18100000000004,,13518,"[954, 270]",False,Left,True,1.0,False,very_strong,False,"[[780, 60], [690, 402], [618, 510], [852, 528], [636, 564], [996, 600], [978, 726], [1104, 762]]",,"[[1308, 270]]",,0.46272485058869395,0.28709201898518844
494,3,1,8.197000000000003,,13518,"[954, 270]",False,Left,True,1.0,False,very_strong,False,"[[792, 54], [702, 396], [630, 504], [864, 522], [648, 558], [1008, 594], [990, 720], [1116, 756]]",,"[[1320, 264]]",,0.463795611818418,0.29114025248511377
495,3,1,8.214000000000055,,13518,"[954, 270]",False,Left,True,1.0,False,very_strong,False,"[[804, 48], [714, 390], [642, 498], [876, 516], [660, 552], [1020, 588], [1002, 714], [1128, 750]]",,"[[1332, 258]]",,0.463795611818418,0.29114025248511377
496,3,1,8.230000000000018,,13518,"[954, 270]",False,Left,True,1.0,False,very_strong,False,"[[816, 42], [726, 384], [654, 492], [888, 510], [672, 546], [1032, 582], [1014, 708], [1140, 744]]",,"[[1344, 252]]",,0.4649843220720313,0.2926465800982243
497,3,1,8.245999999999981,,13518,"[954, 270]",False,Left,True,1.0,False,very_strong,False,"[[828, 36], [738, 378], [666, 486], [900, 504], [684, 540], [1044, 576], [1026, 702], [1152, 738]]",,"[[1356, 246]]",,0.4649843220720313,0.2926465800982243
498,3,1,8.262000000000057,,13518,"[954, 270]",False,Left,True,1.0,False,very_strong,False,"[[840, 30], [750, 372], [678, 480], [912, 498], [696, 534], [1056, 570], [1038, 696], [1164, 732]]",,"[[1368, 240]]",,0.46558647985333523,0.29465582734843665
499,3,1,8.278999999999996,,13518,"[954, 270]",False,Left,True,1.0,False,very_strong,False,"[[852, 24], [762, 366], [690, 474], [924, 492], [708, 528], [1068, 564], [1050, 690], [1176, 726]]",,"[[1380, 234]]",,0.46558647985333523,0.29465582734843665
500,3,1,8.29600000000005,,13518,"[954, 270]",False,,True,1.0,False,very_strong,False,"[[864, 18], [774, 360], [702, 468], [936, 486], [720, 522], [1080, 558], [1062, 684], [1188, 720]]",,"[[1386, 228]]",,0.4652168423433398,0.29460651652832304
501,3,1,8.312999999999988,,13518,"[954, 270]",False,,True,1.0,False,very_strong,False,"[[870, 12], [780, 354], [708, 462], [942, 480], [726, 516], [1086, 552], [1068, 678], [1194, 714]]",,"[[1392, 222]]",,0.4661527256345116,0.2855950644032943
502,3,1,8.327999999999975,,13518,"[954, 270]",False,,True,1.0,False,very_strong,False,"[[876, 6], [786, 348], [714, 456], [948, 474], [732, 510], [1092, 546], [1074, 672], [1200, 708]]",,"[[1398, 216]]",,0.467492840760159,0.2727372038880097
503,3,1,8.344000000000051,,13518,"[954, 270]",False,,True,1.0,False,very_strong,False,"[[882, 0], [792, 342], [720, 450], [954, 468], [738, 504], [1098, 540], [1080, 666], [1206, 702]]",,"[[1404, 210]]",,0.467492840760159,0.2727372038880097
504,3,1,8.36099999999999,,13518,"[954, 270]",False,,True,1.0,False,very_strong,False,"[[798, 336], [726, 444], [960, 462], [744, 498], [1104, 534], [1086, 660], [1212, 696]]",,"[[1410, 204]]",,0.46769211668077937,0.27292526899029745
505,3,1,8.378000000000043,,13518,"[954, 270]",False,,True,1.0,False,very_strong,False,"[[804, 330], [732, 438], [966, 456], [750, 492], [1110, 528], [1092, 654], [1218, 690]]",,"[[1416, 198]]",,0.46769211668077937,0.27292526899029745
506,3,1,8.394000000000005,,13518,"[954, 270]",False,,True,1.0,False,very_strong,False,"[[810, 324], [738, 432], [972, 450], [756, 486], [1116, 522], [1098, 648], [1224, 684]]",,"[[1422, 192]]",,0.4681440371448863,0.2701321452932888
507,3,1,8.409999999999968,,13518,"[954, 270]",False,,True,1.0,False,very_strong,False,"[[816, 318], [744, 426], [978, 444], [762, 480], [1122, 516], [1104, 642], [1230, 678]]",,"[[1428, 186]]",,0.4678263969762355,0.2694757211807546
508,3,1,8.427000000000021,,13518,"[954, 270]",False,,True,1.0,False,very_strong,False,"[[822, 312], [750, 420], [984, 438], [768, 474], [1128, 510], [1110, 636], [1236, 672]]",,"[[1434, 180]]",,0.4677977839614975,0.270159395841403
509,3,1,8.44500000000005,,13518,"[954, 270]",False,,True,1.0,False,very_strong,False,"[[828, 306], [756, 414], [990, 432], [774, 468], [1134, 504], [1116, 630], [1242, 666]]",,"[[1440, 174]]",,0.4677977839614975,0.270159395841403
510,3,1,8.461999999999989,,13518,"[954, 270]",False,,True,1.0,False,very_strong,False,"[[834, 300], [762, 408], [996, 426], [780, 462], [1140, 498], [1122, 624], [1248, 660]]",,"[[1446, 168]]",,0.46823630893448165,0.2724651526970645
511,3,1,8.478000000000065,,13518,"[954, 270]",False,,True,1.0,False,very_strong,False,"[[840, 294], [768, 402], [1002, 420], [786, 456], [1146, 492], [1128, 618], [1254, 654]]",,"[[1452, 162]]",,0.46823630893448165,0.2724651526970645
512,3,1,8.495000000000005,,13518,"[954, 270]",False,,True,1.0,False,very_strong,False,"[[846, 288], [774, 396], [1008, 414], [792, 450], [1152, 486], [1134, 612], [1260, 648]]",,"[[1458, 156]]",,0.46778108766398374,0.27574394907717215
513,3,1,8.510999999999967,,13518,"[954, 270]",False,,True,1.0,False,very_strong,False,"[[852, 282], [780, 390], [1014, 408], [798, 444], [1158, 480], [1140, 606], [1266, 642]]",,"[[1464, 150]]",,0.46787636745089467,0.27551167764280404
514,3,1,8.527000000000044,,13518,"[954, 270]",False,,True,1.0,False,very_strong,False,"[[858, 276], [786, 384], [1020, 402], [804, 438], [1164, 474], [1146, 600], [1272, 636]]",,"[[1470, 144]]",,0.4672385497241849,0.27849649030573775
515,3,1,8.543999999999983,,13518,"[954, 270]",False,,True,1.0,False,very_strong,False,"[[864, 270], [792, 378], [1026, 396], [810, 432], [1170, 468], [1152, 594], [1278, 630]]",,"[[1476, 138]]",,0.4672385497241849,0.27849649030573775
516,3,1,8.56000000000006,,13518,"[954, 270]",False,,True,1.0,False,very_strong,False,"[[870, 264], [798, 372], [1032, 390], [816, 426], [1176, 462], [1158, 588], [1284, 624]]",,"[[1482, 132]]",,0.4670760744126491,0.27859152340003057
517,3,1,8.576000000000022,,13518,"[954, 270]",False,,True,1.0,False,very_strong,False,"[[876, 258], [804, 366], [1038, 384], [822, 420], [1182, 456], [1164, 582], [1290, 618]]",,"[[1488, 126]]",,0.4666912358571228,0.2812171623801498
518,3,1,8.593000000000075,,13518,"[954, 270]",False,,True,1.0,False,very_strong,False,"[[882, 252], [810, 360], [1044, 378], [828, 414], [1188, 450], [1170, 576], [1296, 612]]",,"[[1494, 120]]",,0.4667873188081787,0.28175188980187327
519,3,1,8.609000000000037,,13518,"[954, 270]",False,,True,1.0,False,very_strong,False,"[[888, 246], [816, 354], [1050, 372], [834, 408], [1194, 444], [1176, 570], [1302, 606]]",,"[[1500, 114]]",,0.4665840529233309,0.2821138681498945
520,3,1,8.625999999999976,,13518,"[954, 270]",False,,True,1.0,False,very_strong,False,"[[894, 240], [822, 348], [1056, 366], [840, 402], [1200, 438], [1182, 564], [1308, 600]]",,"[[1506, 108]]",,0.4672542176874197,0.28221833641492233
521,3,1,8.643000000000029,,13518,"[954, 270]",False,,True,1.0,False,very_strong,False,"[[900, 234], [828, 342], [1062, 360], [846, 396], [1206, 432], [1188, 558], [1314, 594]]",,"[[1512, 102]]",,0.4672542176874197,0.28221833641492233
522,3,1,8.659999999999968,,13518,"[954, 270]",False,,True,1.0,False,very_strong,False,"[[906, 228], [834, 336], [1068, 354], [852, 390], [1212, 426], [1194, 552], [1320, 588]]",,"[[1518, 96]]",,0.46854572897838664,0.2830125231057655
523,3,1,8.676000000000045,,13518,"[954, 270]",False,,True,1.0,False,very_strong,False,"[[912, 222], [840, 330], [1074, 348], [858, 384], [1218, 420], [1200, 546], [1326, 582]]",,"[[1524, 90]]",,0.4692344723753184,0.2837544569545801
524,3,1,8.692999999999984,,13518,"[954, 270]",False,,True,1.0,False,very_strong,False,"[[918, 216], [846, 324], [1080, 342], [864, 378], [1224, 414], [1206, 540], [1332, 576]]",,"[[1530, 84]]",,0.47010103064075237,0.2833420882663944
525,3,1,8.70900000000006,,13518,"[954, 270]",False,,True,1.0,False,very_strong,False,"[[924, 210], [852, 318], [1086, 336], [870, 372], [1230, 408], [1212, 534], [1338, 570]]",,"[[1536, 78]]",,0.47067324873895355,0.2831580426306478
526,3,1,8.725000000000023,,13518,"[954, 270]",False,,True,1.0,False,very_strong,False,"[[930, 204], [858, 312], [1092, 330], [876, 366], [1236, 402], [1218, 528], [1344, 564]]",,"[[1542, 72]]",,0.47132688218766267,0.2833961763397539
527,3,1,8.742000000000075,,13518,"[954, 270]",False,,True,1.0,False,very_strong,False,"[[936, 198], [864, 306], [1098, 324], [882, 360], [1242, 396], [1224, 522], [1350, 558]]",,"[[1548, 66]]",,0.471520709525228,0.2841017438591349
528,3,1,8.759000000000015,,13518,"[954, 270]",False,,True,1.0,False,very_strong,False,"[[942, 192], [870, 300], [1104, 318], [888, 354], [1248, 390], [1230, 516], [1356, 552]]",,"[[1554, 60]]",,0.47157412494889595,0.2841542523261006
529,3,1,8.774999999999977,,13518,"[954, 270]",False,,True,1.0,False,very_strong,False,"[[948, 186], [876, 294], [1110, 312], [894, 348], [1254, 384], [1236, 510], [1362, 546]]",,"[[1560, 54]]",,0.47181927142497343,0.2861959553939365
530,3,1,8.791000000000054,,13518,"[954, 270]",False,,True,1.0,False,very_strong,False,"[[954, 180], [882, 288], [1116, 306], [900, 342], [1260, 378], [1242, 504], [1368, 540]]",,"[[1566, 48]]",,0.47169003814396077,0.286273822902677
531,3,1,8.807000000000016,,13518,"[954, 270]",False,,True,1.0,False,very_strong,False,"[[960, 174], [888, 282], [1122, 300], [906, 336], [1266, 372], [1248, 498], [1374, 534]]",,"[[1572, 42]]",,0.4720684280341825,0.2867743737699848
532,3,1,8.82400000000007,,13518,"[954, 270]",False,Right,True,1.0,False,very_strong,False,"[[966, 168], [894, 276], [1128, 294], [912, 330], [1272, 366], [1254, 492], [1380, 528]]",,"[[1572, 36]]",,0.4720684280341825,0.2867743737699848
533,3,1,8.840000000000032,,13518,"[954, 270]",False,Right,True,1.0,False,very_strong,False,"[[966, 162], [894, 270], [1128, 288], [912, 324], [1272, 360], [1254, 486], [1380, 522]]",,"[[1572, 30]]",,0.4729899133608718,0.2876695156480389
534,3,1,8.856999999999971,,13518,"[954, 270]",False,Right,True,1.0,False,very_strong,False,"[[966, 156], [894, 264], [1128, 282], [912, 318], [1272, 354], [1254, 480], [1380, 516]]",,"[[1572, 24]]",,0.4734293600690151,0.28842566158517335
535,3,1,8.873000000000047,,13518,"[954, 270]",False,Right,True,1.0,False,very_strong,False,"[[966, 150], [894, 258], [1128, 276], [912, 312], [1272, 348], [1254, 474], [1380, 510]]",,"[[1572, 18]]",,0.4320910955712819,0.2879958040054935
536,3,1,8.889999999999986,,13518,"[954, 270]",False,Right,True,1.0,False,very_strong,False,"[[966, 144], [894, 252], [1128, 270], [912, 306], [1272, 342], [1254, 468], [1380, 504]]",,"[[1572, 12]]",,0.474998178126238,0.2932140935395139
537,3,1,8.906000000000063,,13518,"[954, 270]",False,Right,True,1.0,False,very_strong,False,"[[966, 138], [894, 246], [1128, 264], [912, 300], [1272, 336], [1254, 462], [1380, 498]]",,"[[1572, 6]]",,0.47544439211883055,0.2960017676631772
538,3,1,8.923000000000002,,13518,"[954, 270]",False,Right,True,0.0,False,very_strong,False,"[[966, 132], [894, 240], [1128, 258], [912, 294], [1272, 330], [1254, 456], [1380, 492]]",,"[[1572, 0]]",,0.47544439211883055,0.2960017676631772
539,3,1,8.940000000000055,,13518,"[954, 270]",False,Right,True,0.0,False,very_strong,False,"[[966, 126], [894, 234], [1128, 252], [912, 288], [1272, 324], [1254, 450], [1380, 486]]",,[],,0.47481873977373984,0.2997535500399764
540,3,1,8.956000000000017,,13518,"[954, 270]",False,Right,True,0.0,False,very_strong,False,"[[960, 120], [888, 228], [1122, 246], [906, 282], [1266, 318], [1248, 444], [1374, 480]]",,[],,0.47481873977373984,0.2997535500399764
541,3,1,8.97300000000007,,13518,"[954, 270]",False,Right,True,0.0,False,very_strong,False,"[[954, 114], [882, 222], [1116, 240], [900, 276], [1260, 312], [1242, 438], [1368, 474]]",,[],,0.47467146791555653,0.30136137839974153
542,3,1,8.990000000000009,,13518,"[954, 270]",False,Right,True,0.0,False,very_strong,False,"[[948, 108], [876, 216], [1110, 234], [894, 270], [1254, 306], [1236, 432], [1362, 468]]",,[],,0.47467146791555653,0.30136137839974153
543,3,1,9.007000000000062,,13518,"[954, 270]",False,Right,True,0.0,False,very_strong,False,"[[942, 102], [870, 210], [1104, 228], [888, 264], [1248, 300], [1230, 426], [1356, 462]]",,[],,0.47480411325392585,0.30289531800261726
544,3,1,9.023000000000025,,13518,"[954, 270]",False,Right,True,0.0,False,very_strong,False,"[[936, 96], [864, 204], [1098, 222], [882, 258], [1242, 294], [1224, 420], [1350, 456]]",,[],,0.47480411325392585,0.30289531800261726
545,3,1,9.038999999999987,,13518,"[954, 270]",False,Right,True,0.0,False,very_strong,False,"[[930, 90], [858, 198], [1092, 216], [876, 252], [1236, 288], [1218, 414], [1344, 450]]",,[],,0.4745820160713108,0.30408326827484455
546,3,1,9.055000000000064,,13518,"[954, 270]",False,Right,True,0.0,False,very_strong,False,"[[924, 84], [852, 192], [1086, 210], [870, 246], [1230, 282], [1212, 408], [1338, 444]]",,[],,0.4745820160713108,0.30408326827484455
547,3,1,9.072000000000003,,13518,"[954, 270]",False,Right,True,0.0,False,very_strong,False,"[[918, 78], [846, 186], [1080, 204], [864, 240], [1224, 276], [1206, 402], [1332, 438]]",,[],,0.4742516359825574,0.3048501493066843
548,3,1,9.089000000000055,,13518,"[954, 270]",False,Right,True,0.0,False,very_strong,False,"[[912, 72], [840, 180], [1074, 198], [858, 234], [1218, 270], [1200, 396], [1326, 432]]",,[],,0.4742516359825574,0.3048501493066843
549,3,1,9.105000000000018,,13518,"[954, 270]",False,Right,True,0.0,False,very_strong,False,"[[906, 66], [834, 174], [1068, 192], [852, 228], [1212, 264], [1194, 390], [1320, 426]]",,[],,0.4744202783959698,0.3055679673319194
550,3,1,9.122000000000071,,13518,"[954, 270]",False,Right,True,0.0,False,very_strong,False,"[[900, 60], [828, 168], [1062, 186], [846, 222], [1206, 258], [1188, 384], [1314, 420]]",,[],,0.4744202783959698,0.3055679673319194
551,3,1,9.13900000000001,,13518,"[954, 270]",False,Right,True,0.0,False,very_strong,False,"[[894, 54], [822, 162], [1056, 180], [840, 216], [1200, 252], [1182, 378], [1308, 414]]",,[],,0.47145562304299393,0.29807353304074025
552,3,1,9.156000000000063,,13518,"[954, 270]",False,Right,True,0.0,False,very_strong,False,"[[888, 48], [816, 156], [1050, 174], [834, 210], [1194, 246], [1176, 372], [1302, 408]]",,[],,0.47145562304299393,0.29807353304074025
553,3,1,9.172000000000025,,13518,"[954, 270]",False,Right,True,0.0,False,very_strong,False,"[[882, 42], [810, 150], [1044, 168], [828, 204], [1188, 240], [1170, 366], [1296, 402]]",,[],,0.46724901771950983,0.2931100782264042
554,3,1,9.187999999999988,,13518,"[954, 270]",False,Right,True,0.0,False,very_strong,False,"[[876, 36], [804, 144], [1038, 162], [822, 198], [1182, 234], [1164, 360], [1290, 396]]",,[],,0.46724901771950983,0.2931100782264042
555,3,1,9.204000000000065,,13518,"[954, 270]",False,Right,True,0.0,False,very_strong,False,"[[870, 30], [798, 138], [1032, 156], [816, 192], [1176, 228], [1158, 354], [1284, 390]]",,[],,0.4660827571926025,0.2927067888657998
556,3,1,9.220000000000027,,13518,"[954, 270]",False,Right,True,0.0,False,very_strong,False,"[[864, 24], [792, 132], [1026, 150], [810, 186], [1170, 222], [1152, 348], [1278, 384]]",,[],,0.4660827571926025,0.2927067888657998
557,3,1,9.236999999999966,,13518,"[954, 270]",False,Right,True,0.0,False,very_strong,False,"[[858, 18], [786, 126], [1020, 144], [804, 180], [1164, 216], [1146, 342], [1272, 378]]",,[],,0.4665785725369066,0.29228133507205756
558,3,1,9.254000000000019,,13518,"[954, 270]",False,Right,True,0.0,False,very_strong,False,"[[852, 12], [780, 120], [1014, 138], [798, 174], [1158, 210], [1140, 336], [1266, 372]]",,[],,0.4665785725369066,0.29228133507205756
559,3,1,9.271000000000072,,13518,"[954, 270]",False,,True,0.0,False,very_strong,False,"[[846, 6], [774, 114], [1008, 132], [792, 168], [1152, 204], [1134, 330], [1260, 366]]",,[],,0.4660181209184745,0.29249526064340603
560,3,1,9.288000000000011,,13518,"[954, 270]",False,,True,0.0,False,very_strong,False,"[[846, 0], [774, 108], [1008, 126], [792, 162], [1152, 198], [1134, 324], [1260, 360]]",,[],,0.4660181209184745,0.29249526064340603
561,3,1,9.305000000000064,,13518,"[954, 270]",False,,True,0.0,False,very_strong,False,"[[774, 102], [1008, 120], [792, 156], [1152, 192], [1134, 318], [1260, 354]]",,[],,0.4271264173458807,0.2911058822441851
562,3,1,9.322000000000003,,13518,"[954, 270]",False,,True,0.0,False,very_strong,False,"[[774, 96], [1008, 114], [792, 150], [1152, 186], [1134, 312], [1260, 348]]",,[],,0.4271264173458807,0.2911058822441851
563,3,1,9.337999999999965,,13518,"[954, 270]",False,,True,0.0,False,very_strong,False,"[[774, 90], [1008, 108], [792, 144], [1152, 180], [1134, 306], [1260, 342]]",,[],,0.46679913681586205,0.295242060179027
564,3,1,9.354000000000042,,13518,"[954, 270]",False,,True,0.0,False,very_strong,False,"[[774, 84], [1008, 102], [792, 138], [1152, 174], [1134, 300], [1260, 336]]",,[],,0.46679913681586205,0.295242060179027
565,3,1,9.370000000000005,,13518,"[954, 270]",False,,True,0.0,False,very_strong,False,"[[774, 78], [1008, 96], [792, 132], [1152, 168], [1134, 294], [1260, 330]]",,[],,0.4694578753791155,0.26470105664221044
566,3,1,9.385999999999967,,13518,"[954, 270]",False,,True,0.0,False,very_strong,False,"[[774, 72], [1008, 90], [792, 126], [1152, 162], [1134, 288], [1260, 324]]",,[],,0.4694578753791155,0.26470105664221044
567,3,1,9.40300000000002,,13518,"[954, 270]",False,,True,0.0,False,very_strong,False,"[[774, 66], [1008, 84], [792, 120], [1152, 156], [1134, 282], [1260, 318]]",,[],,0.4703814420209704,0.26374919579079004
568,3,1,9.418999999999983,,13518,"[954, 270]",False,,True,0.0,False,very_strong,False,"[[774, 60], [1008, 78], [792, 114], [1152, 150], [1134, 276], [1260, 312]]",,[],,0.4703814420209704,0.26374919579079004
569,3,1,9.436000000000035,,13518,"[954, 270]",False,,True,0.0,False,very_strong,False,"[[774, 54], [1008, 72], [792, 108], [1152, 144], [1134, 270], [1260, 306]]",,[],,0.47047709106589986,0.2653786173988558
570,3,1,9.451999999999998,,13518,"[954, 270]",False,,True,0.0,False,very_strong,False,"[[774, 48], [1008, 66], [792, 102], [1152, 138], [1134, 264], [1260, 300]]",,[],,0.47047709106589986,0.2653786173988558
571,3,1,9.469000000000051,,13518,"[954, 270]",False,,True,0.0,False,very_strong,False,"[[774, 42], [1008, 60], [792, 96], [1152, 132], [1134, 258], [1260, 294]]",,[],,0.4704132525833762,0.2677263963071991
572,3,1,9.485000000000014,,13518,"[954, 270]",False,,True,0.0,False,very_strong,False,"[[774, 36], [1008, 54], [792, 90], [1152, 126], [1134, 252], [1260, 288]]",,[],,0.4704132525833762,0.2677263963071991
573,3,1,9.500999999999976,,13518,"[954, 270]",False,,True,0.0,False,very_strong,False,"[[774, 30], [1008, 48], [792, 84], [1152, 120], [1134, 246], [1260, 282]]",,[],,0.47027668531652117,0.2697845913094514
574,3,1,9.517000000000053,,13518,"[954, 270]",False,,True,0.0,False,very_strong,False,"[[774, 24], [1008, 42], [792, 78], [1152, 114], [1134, 240], [1260, 276]]",,[],,0.47027668531652117,0.2697845913094514
575,3,1,9.533999999999992,,13518,"[954, 270]",False,,True,0.0,False,very_strong,False,"[[774, 18], [1008, 36], [792, 72], [1152, 108], [1134, 234], [1260, 270]]",,[],,0.4705785020185436,0.27196853731702453
576,3,1,9.551000000000045,,13518,"[954, 270]",False,,True,0.0,False,very_strong,False,"[[774, 12], [1008, 30], [792, 66], [1152, 102], [1134, 228], [1260, 264]]",,[],,0.47099481804497606,0.27304257321785286
577,3,1,9.567000000000007,,13518,"[954, 270]",False,,True,0.0,False,very_strong,False,"[[774, 6], [1008, 24], [792, 60], [1152, 96], [1134, 222], [1260, 258]]",,[],,0.4713958757445694,0.27475437851050155
578,3,1,9.58400000000006,,13518,"[954, 270]",False,,True,0.0,False,very_strong,False,"[[774, 0], [1008, 18], [792, 54], [1152, 90], [1134, 216], [1260, 252]]",,[],,0.4713958757445694,0.27475437851050155
579,3,1,9.599000000000046,,13518,"[954, 270]",False,,True,0.0,False,very_strong,False,"[[1008, 12], [792, 48], [1152, 84], [1134, 210], [1260, 246]]",,[],,0.47128322214129587,0.2772681001289615
580,3,1,9.615999999999985,,13518,"[954, 270]",False,,True,0.0,False,very_strong,False,"[[1008, 6], [792, 42], [1152, 78], [1134, 204], [1260, 240]]",,[],,0.47128322214129587,0.2772681001289615
581,3,1,9.632000000000062,,13518,"[954, 270]",False,,True,0.0,False,very_strong,False,"[[1008, 0], [792, 36], [1152, 72], [1134, 198], [1260, 234], [1134, 810]]",,[],,0.47102638150538406,0.2795409670863064
582,3,1,9.649000000000001,,13518,"[954, 270]",False,,True,0.0,False,very_strong,False,"[[792, 30], [1152, 66], [1134, 192], [1260, 228], [1134, 804]]",,[],,0.471157009640556,0.2810701843060458
583,3,1,9.666000000000054,,13518,"[954, 270]",False,,True,0.0,False,very_strong,False,"[[792, 24], [1152, 60], [1134, 186], [1260, 222], [1134, 798]]",,[],,0.4711616027416266,0.2829309329610431
584,3,1,9.682000000000016,,13518,"[954, 270]",False,,True,0.0,False,very_strong,False,"[[792, 18], [1152, 54], [1134, 180], [1260, 216], [1134, 792]]",,[],,0.4711616027416266,0.2829309329610431
585,3,1,9.697999999999979,,13518,"[954, 270]",False,,True,0.0,False,very_strong,False,"[[792, 12], [1152, 48], [1134, 174], [1260, 210], [1134, 786]]",,[],,0.42927298513810275,0.28299063971564875
586,3,1,9.715000000000032,,13518,"[954, 270]",False,,True,0.0,False,very_strong,False,"[[792, 6], [1152, 42], [1134, 168], [1260, 204], [1134, 780]]",,[],,0.42927298513810275,0.28299063971564875
587,3,1,9.730999999999995,,13518,"[954, 270]",False,,True,0.0,False,very_strong,False,"[[792, 0], [1152, 36], [1134, 162], [1260, 198], [1134, 774]]",,[],,0.46729085221651,0.26580598073308803
588,3,1,9.747000000000071,,13518,"[954, 270]",False,,True,0.0,False,very_strong,False,"[[1152, 30], [1134, 156], [1260, 192], [1134, 768]]",,[],,0.46161343639857455,0.22676396986763758
589,3,1,9.763000000000034,,13518,"[954, 270]",False,,True,0.0,False,very_strong,False,"[[1152, 24], [1134, 150], [1260, 186], [1134, 762]]",,[],,0.4618334843405047,0.22521940877969182
590,3,1,9.781000000000063,,13518,"[954, 270]",False,,True,0.0,False,very_strong,False,"[[1152, 18], [1134, 144], [1260, 180], [1134, 756], [774, 810]]",,[],,0.46292464702686453,0.22212383301791694
591,3,1,9.797000000000025,,13518,"[954, 270]",False,,True,0.0,False,very_strong,False,"[[1152, 12], [1134, 138], [1260, 174], [1134, 750], [774, 804]]",,[],,0.4630539907146459,0.22114210604721918
592,3,1,9.815000000000055,,13518,"[954, 270]",False,,True,0.0,False,very_strong,False,"[[1152, 6], [1134, 132], [1260, 168], [1134, 744], [774, 798]]",,[],,0.46353101269396546,0.21631581529771549
593,3,1,9.831000000000017,,13518,"[954, 270]",False,,True,0.0,False,very_strong,False,"[[1152, 0], [1134, 126], [1260, 162], [1134, 738], [774, 792], [1134, 810], [954, 810]]",,[],,0.4634756571165977,0.21599853541436032
594,3,1,9.84699999999998,,13518,"[954, 270]",False,,True,0.0,False,very_strong,False,"[[1134, 120], [1260, 156], [1134, 732], [774, 786], [1134, 804], [954, 804]]",,[],,0.4641772305429681,0.21762181021218807
595,3,1,9.864000000000033,,13518,"[954, 270]",False,,True,0.0,False,very_strong,False,"[[1134, 114], [1260, 150], [1134, 726], [774, 780], [1134, 798], [954, 798]]",,[],,0.46417101798574867,0.22043283687458481
596,3,1,9.879999999999995,,13518,"[954, 270]",False,,True,0.0,False,very_strong,False,"[[1134, 108], [1260, 144], [1134, 720], [774, 774], [1134, 792], [954, 792]]",,[],,0.4642548265894787,0.2273181431163217
597,3,1,9.897000000000048,,13518,"[954, 270]",False,,True,0.0,False,very_strong,False,"[[1134, 102], [1260, 138], [1134, 714], [774, 768], [1134, 786], [954, 786]]",,[],,0.4643932733474432,0.22840356122993155
598,3,1,9.913000000000011,,13518,"[954, 270]",False,,True,0.0,False,very_strong,False,"[[1134, 96], [1260, 132], [1134, 708], [774, 762], [1134, 780], [954, 780]]",,[],,0.46482784226841584,0.23398627295355479
599,3,1,9.930000000000064,,13518,"[954, 270]",False,,True,0.0,False,very_strong,False,"[[1134, 90], [1260, 126], [1134, 702], [774, 756], [1134, 774], [954, 774]]",,[],,0.4652733589432273,0.23426482343708743
600,3,1,9.946000000000026,,13518,"[954, 270]",False,,True,0.0,False,very_strong,False,"[[1134, 84], [1260, 120], [1134, 696], [774, 750], [1134, 768], [954, 768]]",,[],,0.4788077608492255,0.20370095816120426
601,3,1,9.961999999999989,,13518,"[954, 270]",False,,True,0.0,False,very_strong,False,"[[1134, 78], [1260, 114], [1134, 690], [774, 744], [1134, 762], [954, 762]]",,[],,0.4813410163851838,0.19562574703226077
602,3,1,9.979000000000042,,13518,"[954, 270]",False,,True,0.0,False,very_strong,False,"[[1134, 72], [1260, 108], [1134, 684], [774, 738], [1134, 756], [954, 756]]",,[],,0.4811183601340586,0.19732458140686338
603,3,1,9.995000000000005,,13518,"[954, 270]",False,,True,0.0,False,very_strong,False,"[[1134, 66], [1260, 102], [1134, 678], [774, 732], [1134, 750], [954, 750]]",,[],,0.4811183601340586,0.19732458140686338
604,3,1,10.012000000000057,,13518,"[954, 270]",False,,True,0.0,False,very_strong,False,"[[1134, 60], [1260, 96], [1134, 672], [774, 726], [1134, 744], [954, 744]]",,[],,0.4831521694256543,0.19631963399524366
605,3,1,10.028999999999996,,13518,"[954, 270]",False,,True,0.0,False,very_strong,False,"[[1134, 54], [1260, 90], [1134, 666], [774, 720], [1134, 738], [954, 738]]",,[],,0.4831521694256543,0.19631963399524366
606,3,1,10.047000000000025,,13518,"[954, 270]",False,,True,0.0,False,very_strong,False,"[[1134, 48], [1260, 84], [1134, 660], [774, 714], [1134, 732], [954, 732]]",,[],,0.4837146516992397,0.19597149671050462
607,3,1,10.062999999999988,,13518,"[954, 270]",False,,True,0.0,False,very_strong,False,"[[1134, 42], [1260, 78], [1134, 654], [774, 708], [1134, 726], [954, 726]]",,[],,0.4837146516992397,0.19597149671050462
608,3,1,10.080000000000041,,13518,"[954, 270]",False,,True,0.0,False,very_strong,False,"[[1134, 36], [1260, 72], [1134, 648], [774, 702], [1134, 720], [954, 720]]",,[],,0.4846127542222388,0.19546080452435632
609,3,1,10.09699999999998,,13518,"[954, 270]",False,,True,0.0,False,very_strong,False,"[[1134, 30], [1260, 66], [1134, 642], [774, 696], [1134, 714], [954, 714]]",,[],,0.4842899886490125,0.195666332962113
610,3,1,10.114000000000033,,13518,"[954, 270]",False,,True,0.0,False,very_strong,False,"[[1134, 24], [1260, 60], [1134, 636], [774, 690], [1134, 708], [954, 708]]",,[],,0.4838010086048989,0.19850998600820347
611,3,1,10.130999999999972,,13518,"[954, 270]",False,,True,0.0,False,very_strong,False,"[[1134, 18], [1260, 54], [1134, 630], [774, 684], [1134, 702], [954, 702]]",,[],,0.4813084153877112,0.1978535492117206
612,3,1,10.148000000000025,,13518,"[954, 270]",False,,True,0.0,False,very_strong,False,"[[1134, 12], [1260, 48], [1134, 624], [774, 678], [1134, 696], [954, 696]]",,[],,0.47126923963326106,0.18405085744327132
613,3,1,10.164999999999964,,13518,"[954, 270]",False,,True,0.0,False,very_strong,False,"[[1134, 6], [1260, 42], [1134, 618], [774, 672], [1134, 690], [954, 690]]",,"[[546, 810]]",,0.4706725822968797,0.1834886555648464
614,3,1,10.182000000000016,,13518,"[954, 270]",False,,True,0.0,False,very_strong,False,"[[1134, 0], [1260, 36], [1134, 612], [774, 666], [1134, 684], [954, 684]]",,"[[546, 804]]",,0.4710897226320697,0.1870065177982465
615,3,1,10.19900000000007,,13518,"[954, 270]",False,,True,0.0,False,very_strong,False,"[[1260, 30], [1134, 606], [774, 660], [1134, 678], [954, 678]]",,"[[546, 798]]",,0.4721731031772033,0.19065545518342208
616,3,1,10.216000000000008,,13518,"[954, 270]",False,,True,0.0,False,very_strong,False,"[[1260, 24], [1134, 600], [774, 654], [1134, 672], [954, 672]]",,"[[546, 792]]",,0.47203130458661835,0.19327898769763008
617,3,1,10.231999999999971,,13518,"[954, 270]",False,,True,0.0,False,very_strong,False,"[[1260, 18], [1134, 594], [774, 648], [1134, 666], [954, 666]]",,"[[546, 786]]",,0.4727303957260805,0.19577671776978411
618,3,1,10.25,,13518,"[954, 270]",False,,True,0.0,False,very_strong,False,"[[1260, 12], [1134, 588], [774, 642], [1134, 660], [954, 660]]",,"[[546, 780]]",,0.47405552453378713,0.1989533526259223
619,3,1,10.267000000000053,,13518,"[954, 270]",False,,True,0.0,False,very_strong,False,"[[1260, 6], [1134, 582], [774, 636], [1134, 654], [954, 654]]",,"[[546, 774]]",,0.47453497363586356,0.19909719100545697
620,3,1,10.283999999999992,,13518,"[954, 270]",False,,True,0.0,False,very_strong,False,"[[1260, 0], [1134, 576], [774, 630], [1134, 648], [954, 648], [900, 810]]",,"[[546, 768]]",,0.47475532912383694,0.20214895735100746
621,3,1,10.301000000000045,,13518,"[954, 270]",False,,True,0.0,False,very_strong,False,"[[1134, 570], [774, 624], [1134, 642], [954, 642], [900, 804]]",,"[[546, 762]]",,0.4746301751990707,0.20311564711616703
622,3,1,10.317999999999984,,13518,"[954, 270]",False,,True,0.0,False,very_strong,False,"[[1134, 564], [774, 618], [1134, 636], [954, 636], [900, 798]]",,"[[546, 756]]",,0.4746989690314624,0.20342953911134376
623,3,1,10.336000000000013,,13518,"[954, 270]",False,Right,True,0.0,False,very_strong,False,"[[1134, 558], [774, 612], [1134, 630], [954, 630], [900, 792]]",,"[[540, 750]]",,0.4745433339492413,0.20613827880190272
624,3,1,10.351999999999975,,13518,"[954, 270]",False,Right,True,0.0,False,very_strong,False,"[[1128, 552], [768, 606], [1128, 624], [948, 624], [894, 786]]",,"[[534, 744]]",,0.47443541108907433,0.20776818507201078
625,3,1,10.369000000000028,,13518,"[954, 270]",False,Right,True,0.0,False,very_strong,False,"[[1122, 546], [762, 600], [1122, 618], [942, 618], [888, 780]]",,"[[528, 738]]",,0.4748615112856437,0.20935471515955129
626,3,1,10.385999999999967,,13518,"[954, 270]",False,Right,True,0.0,False,very_strong,False,"[[1116, 540], [756, 594], [1116, 612], [936, 612], [882, 774]]",,"[[522, 732]]",,0.4752112671966821,0.2072903490036191
627,3,1,10.40300000000002,,13518,"[954, 270]",False,Right,True,0.0,False,very_strong,False,"[[1110, 534], [750, 588], [1110, 606], [930, 606], [876, 768]]",,"[[516, 726]]",,0.4745480482116814,0.20732965259371872
628,3,1,10.420000000000073,,13518,"[954, 270]",False,Right,True,0.0,False,very_strong,False,"[[1104, 528], [744, 582], [1104, 600], [924, 600], [870, 762]]",,"[[510, 720]]",,0.4745480482116814,0.20732965259371872
629,3,1,10.436000000000035,,13518,"[954, 270]",False,Right,True,0.0,False,very_strong,False,"[[1098, 522], [738, 576], [1098, 594], [918, 594], [864, 756]]",,"[[504, 714]]",,0.47443251986851165,0.20790245600702928
630,3,1,10.451999999999998,,13518,"[954, 270]",False,Right,True,0.0,False,very_strong,False,"[[1092, 516], [732, 570], [1092, 588], [912, 588], [858, 750]]",,"[[498, 708]]",,0.4731854239086089,0.20925190501783442
631,3,1,10.469000000000051,,13518,"[954, 270]",False,Right,True,0.0,False,very_strong,False,"[[1086, 510], [726, 564], [1086, 582], [906, 582], [852, 744]]",,"[[492, 702]]",,0.47296069265431634,0.21189912146221657
632,3,1,10.486999999999966,,13518,"[954, 270]",False,,True,0.0,False,very_strong,False,"[[1080, 504], [720, 558], [1080, 576], [900, 576], [846, 738]]",,"[[492, 696]]",,0.4759302712538277,0.2169359350485789
633,3,1,10.503000000000043,,13518,"[954, 270]",False,,True,0.0,False,very_strong,False,"[[1080, 498], [720, 552], [1080, 570], [900, 570], [846, 732]]",,"[[492, 690]]",,0.4812879202122871,0.23486435629990143
634,3,1,10.519000000000005,,13518,"[954, 270]",False,,True,0.0,False,very_strong,False,"[[1080, 492], [720, 546], [1080, 564], [900, 564], [846, 726]]",,"[[492, 684]]",,0.4812879202122871,0.23486435629990143
635,3,1,10.534999999999968,,13518,"[954, 270]",False,,True,0.0,False,very_strong,False,"[[1080, 486], [720, 540], [1080, 558], [900, 558], [846, 720]]",,"[[492, 678]]",,0.4818331727171068,0.2365160743500212
636,3,1,10.552000000000021,,13518,"[954, 270]",False,,True,0.0,False,very_strong,False,"[[1080, 480], [720, 534], [1080, 552], [900, 552], [846, 714]]",,"[[492, 672]]",,0.4814622771005723,0.24052236126099724
637,3,1,10.571000000000026,,13518,"[954, 270]",False,,True,0.0,False,very_strong,False,"[[1080, 474], [720, 528], [1080, 546], [900, 546], [846, 708]]",,"[[492, 666]]",,0.48183310035678006,0.2436941345822059
638,3,1,10.587999999999965,,13518,"[954, 270]",False,,True,0.0,False,very_strong,False,"[[1080, 468], [720, 522], [1080, 540], [900, 540], [846, 702]]",,"[[492, 660]]",,0.48183310035678006,0.2436941345822059
639,3,1,10.605000000000018,,13518,"[954, 270]",False,,True,0.0,False,very_strong,False,"[[1080, 462], [720, 516], [1080, 534], [900, 534], [846, 696]]",,"[[492, 654]]",,0.48139161941885844,0.24680777132840193
640,3,1,10.620999999999981,,13518,"[954, 270]",False,,True,0.0,False,very_strong,False,"[[1080, 456], [720, 510], [1080, 528], [900, 528], [846, 690]]",,"[[492, 648]]",,0.4810594740685251,0.247577852877211
641,3,1,10.638000000000034,,13518,"[954, 270]",False,,True,0.0,False,very_strong,False,"[[1080, 450], [720, 504], [1080, 522], [900, 522], [846, 684]]",,"[[492, 642]]",,0.4812301041735572,0.2522700848626629
642,3,1,10.653999999999996,,13518,"[954, 270]",False,,True,0.0,False,very_strong,False,"[[1080, 444], [720, 498], [1080, 516], [900, 516], [846, 678]]",,"[[492, 636]]",,0.4814162440770183,0.25221015578523365
643,3,1,10.670000000000073,,13518,"[954, 270]",False,,True,0.0,False,very_strong,False,"[[1080, 438], [720, 492], [1080, 510], [900, 510], [846, 672]]",,"[[492, 630]]",,0.4818563513636113,0.2556829391298936
644,3,1,10.686000000000035,,13518,"[954, 270]",False,,True,0.0,False,very_strong,False,"[[1080, 432], [720, 486], [1080, 504], [900, 504], [846, 666]]",,"[[492, 624]]",,0.48143789287956507,0.25616399224858244
645,3,1,10.701999999999998,,13518,"[954, 270]",False,,True,0.0,False,very_strong,False,"[[1080, 426], [720, 480], [1080, 498], [900, 498], [846, 660]]",,"[[492, 618]]",,0.4814720783333063,0.25779058197635496
646,3,1,10.718000000000075,,13518,"[954, 270]",False,,True,0.0,False,very_strong,False,"[[1080, 420], [720, 474], [1080, 492], [900, 492], [846, 654]]",,"[[492, 612]]",,0.4809537803215532,0.26063259738393296
647,3,1,10.735000000000014,,13518,"[954, 270]",False,,True,0.0,False,very_strong,False,"[[1080, 414], [720, 468], [1080, 486], [900, 486], [846, 648]]",,"[[492, 606]]",,0.48024767025723003,0.26160580959067803
648,3,1,10.750999999999976,,13518,"[954, 270]",False,,True,0.0,False,very_strong,False,"[[1080, 408], [720, 462], [1080, 480], [900, 480], [846, 642]]",,"[[492, 600]]",,0.47972217063481687,0.2626885893137664
649,3,1,10.768000000000029,,13518,"[954, 270]",False,,True,0.0,False,very_strong,False,"[[1080, 402], [720, 456], [1080, 474], [900, 474], [846, 636]]",,"[[492, 594]]",,0.47972217063481687,0.2626885893137664
650,3,1,10.783999999999992,,13518,"[954, 270]",False,,True,0.0,False,very_strong,False,"[[1080, 396], [720, 450], [1080, 468], [900, 468], [846, 630]]",,"[[492, 588]]",,0.47667719553336213,0.2675595587616423
651,3,1,10.801000000000045,,13518,"[954, 270]",False,,True,0.0,False,very_strong,False,"[[1080, 390], [720, 444], [1080, 462], [900, 462], [846, 624]]",,"[[492, 582]]",,0.47686003186835196,0.26852988788052734
652,3,1,10.819000000000074,,13518,"[954, 270]",False,Right,True,0.0,False,very_strong,False,"[[1080, 384], [720, 438], [1080, 456], [900, 456], [846, 618]]",,"[[486, 576]]",,0.4770097449812186,0.2711922427817888
653,3,1,10.83400000000006,,13518,"[954, 270]",False,Right,True,0.0,False,very_strong,False,"[[1074, 378], [714, 432], [1074, 450], [894, 450], [840, 612]]",,"[[480, 570]]",,0.4771070261959183,0.27140964474035867
654,3,1,10.850999999999999,,13518,"[954, 270]",False,Right,True,0.0,False,very_strong,False,"[[1068, 372], [708, 426], [1068, 444], [888, 444], [834, 606]]",,"[[474, 564]]",,0.47760252498879796,0.2729554774341415
655,3,1,10.867000000000075,,13518,"[954, 270]",False,Right,True,0.0,False,very_strong,False,"[[1062, 366], [702, 420], [1062, 438], [882, 438], [828, 600]]",,"[[468, 558]]",,0.47760252498879796,0.2729554774341415
656,3,1,10.884000000000015,,13518,"[954, 270]",False,Right,True,0.0,False,very_strong,False,"[[1056, 360], [696, 414], [1056, 432], [876, 432], [822, 594]]",,"[[462, 552]]",,0.47303321652629765,0.26290226781660964
657,3,1,10.899999999999977,,13518,"[954, 270]",False,Right,True,0.0,False,very_strong,False,"[[1050, 354], [690, 408], [1050, 426], [870, 426], [816, 588]]",,"[[456, 546]]",,0.47303321652629765,0.26290226781660964
658,3,1,10.91700000000003,,13518,"[954, 270]",False,,True,0.0,False,very_strong,False,"[[1044, 348], [684, 402], [1044, 420], [864, 420], [810, 582]]",,"[[456, 540]]",,0.4714279887594347,0.26639599415944715
659,3,1,10.932999999999993,,13518,"[954, 270]",False,,True,0.0,False,very_strong,False,"[[1044, 342], [684, 396], [1044, 414], [864, 414], [810, 576], [738, 810]]",,"[[456, 534]]",,0.4710162066225509,0.26678320583004245
660,3,1,10.950000000000045,,13518,"[954, 270]",False,,True,0.0,False,very_strong,False,"[[1044, 336], [684, 390], [1044, 408], [864, 408], [810, 570], [738, 804]]",,"[[456, 528]]",,0.4699020117324918,0.26676451713163174
661,3,1,10.966999999999985,,13518,"[954, 270]",False,,True,0.0,False,very_strong,False,"[[1044, 330], [684, 384], [1044, 402], [864, 402], [810, 564], [738, 798]]",,"[[456, 522]]",,0.4699020117324918,0.26676451713163174
662,3,1,10.983000000000061,,13518,"[954, 270]",False,,True,0.0,False,very_strong,False,"[[1044, 324], [684, 378], [1044, 396], [864, 396], [810, 558], [738, 792]]",,"[[456, 516]]",,0.46950229654696135,0.2677483734250773
663,3,1,11.0,,13518,"[954, 270]",False,,True,0.0,False,very_strong,False,"[[1044, 318], [684, 372], [1044, 390], [864, 390], [810, 552], [738, 786]]",,"[[456, 510]]",,0.46950229654696135,0.2677483734250773
664,3,1,11.017000000000053,,13518,"[954, 270]",False,,True,0.0,False,very_strong,False,"[[1044, 312], [684, 366], [1044, 384], [864, 384], [810, 546], [738, 780]]",,"[[456, 504]]",,0.4695300308569113,0.27008915300885883
665,3,1,11.033999999999992,,13518,"[954, 270]",False,,True,0.0,False,very_strong,False,"[[1044, 306], [684, 360], [1044, 378], [864, 378], [810, 540], [738, 774]]",,"[[456, 498]]",,0.4695300308569113,0.27008915300885883
666,3,1,11.050000000000068,,13518,"[954, 270]",False,,True,0.0,False,very_strong,False,"[[1044, 300], [684, 354], [1044, 372], [864, 372], [810, 534], [738, 768]]",,"[[456, 492]]",,0.46955012419723496,0.27197243329801957
667,3,1,11.067000000000007,,13518,"[954, 270]",False,,True,0.0,False,very_strong,False,"[[1044, 294], [684, 348], [1044, 366], [864, 366], [810, 528], [738, 762]]",,"[[456, 486]]",,0.46955012419723496,0.27197243329801957
668,3,1,11.08299999999997,,13518,"[954, 270]",False,,True,0.0,False,very_strong,False,"[[1044, 288], [684, 342], [1044, 360], [864, 360], [810, 522], [738, 756]]",,"[[456, 480]]",,0.47040733876467716,0.27387596855066043
669,3,1,11.099000000000046,,13518,"[954, 270]",False,,True,0.0,False,very_strong,False,"[[1044, 282], [684, 336], [1044, 354], [864, 354], [810, 516], [738, 750]]",,"[[456, 474]]",,0.47040733876467716,0.27387596855066043
670,3,1,11.115999999999985,,13518,"[954, 270]",False,,True,0.0,False,very_strong,False,"[[1044, 276], [684, 330], [1044, 348], [864, 348], [810, 510], [738, 744]]",,"[[456, 468]]",,0.4695494941398616,0.2753712603907661
671,3,1,11.133000000000038,,13518,"[954, 270]",False,,True,0.0,False,very_strong,False,"[[1044, 270], [684, 324], [1044, 342], [864, 342], [810, 504], [738, 738], [882, 810], [738, 810]]",,"[[456, 462]]",,0.4695494941398616,0.2753712603907661
672,3,1,11.149000000000001,,13518,"[954, 270]",False,,True,0.0,False,very_strong,False,"[[1044, 264], [684, 318], [1044, 336], [864, 336], [810, 498], [738, 732], [882, 804], [738, 804]]",,"[[456, 456]]",,0.46890439872524,0.27672862246027363
673,3,1,11.166000000000054,,13518,"[954, 270]",False,,True,0.0,False,very_strong,False,"[[1044, 258], [684, 312], [1044, 330], [864, 330], [810, 492], [738, 726], [882, 798], [738, 798]]",,"[[456, 450]]",,0.46890439872524,0.27672862246027363
674,3,1,11.182999999999993,,13518,"[954, 270]",False,,True,0.0,False,very_strong,False,"[[1044, 252], [684, 306], [1044, 324], [864, 324], [810, 486], [738, 720], [882, 792], [738, 792]]",,"[[456, 444]]",,0.4682686688439154,0.2780269786205867
675,3,1,11.200000000000045,,13518,"[954, 270]",False,,True,0.0,False,very_strong,False,"[[1044, 246], [684, 300], [1044, 318], [864, 318], [810, 480], [738, 714], [882, 786], [738, 786]]",,"[[456, 438]]",,0.4682686688439154,0.2780269786205867
676,3,1,11.216999999999985,,13518,"[954, 270]",False,,True,0.0,False,very_strong,False,"[[1044, 240], [684, 294], [1044, 312], [864, 312], [810, 474], [738, 708], [882, 780], [738, 780]]",,"[[456, 432]]",,0.46827025970262104,0.2802153042038834
677,3,1,11.234000000000037,,13518,"[954, 270]",False,,True,0.0,False,very_strong,False,"[[1044, 234], [684, 288], [1044, 306], [864, 306], [810, 468], [738, 702], [882, 774], [738, 774]]",,"[[456, 426]]",,0.46827025970262104,0.2802153042038834
678,3,1,11.250999999999976,,13518,"[954, 270]",False,,True,0.0,False,very_strong,False,"[[1044, 228], [684, 282], [1044, 300], [864, 300], [810, 462], [738, 696], [882, 768], [738, 768]]",,"[[456, 420]]",,0.46876443799263096,0.28207905997692173
679,3,1,11.267000000000053,,13518,"[954, 270]",False,,True,0.0,False,very_strong,False,"[[1044, 222], [684, 276], [1044, 294], [864, 294], [810, 456], [738, 690], [882, 762], [738, 762]]",,"[[456, 414]]",,0.46876443799263096,0.28207905997692173
680,3,1,11.283999999999992,,13518,"[954, 270]",False,,True,0.0,False,very_strong,False,"[[1044, 216], [684, 270], [1044, 288], [864, 288], [810, 450], [738, 684], [882, 756], [738, 756]]",,"[[456, 408]]",,0.46939107570815086,0.28529659743047864
681,3,1,11.301000000000045,,13518,"[954, 270]",False,,True,0.0,False,very_strong,False,"[[1044, 210], [684, 264], [1044, 282], [864, 282], [810, 444], [738, 678], [882, 750], [738, 750]]",,"[[456, 402]]",,0.46939107570815086,0.28529659743047864
682,3,1,11.317999999999984,,13518,"[954, 270]",False,,True,0.0,False,very_strong,False,"[[1044, 204], [684, 258], [1044, 276], [864, 276], [810, 438], [738, 672], [882, 744], [738, 744]]",,"[[456, 396]]",,0.4675313038747224,0.2884676006228992
683,3,1,11.335000000000036,,13518,"[954, 270]",False,,True,0.0,False,very_strong,False,"[[1044, 198], [684, 252], [1044, 270], [864, 270], [810, 432], [738, 666], [882, 738], [738, 738]]",,"[[456, 390]]",,0.4675313038747224,0.2884676006228992
684,3,1,11.353000000000065,,13518,"[954, 270]",False,,True,0.0,False,very_strong,False,"[[1044, 192], [684, 246], [1044, 264], [864, 264], [810, 426], [738, 660], [882, 732], [738, 732]]",,"[[456, 384]]",,0.4278476966143245,0.2918814655026212
685,3,1,11.370000000000005,,13518,"[954, 270]",False,,True,0.0,False,very_strong,False,"[[1044, 186], [684, 240], [1044, 258], [864, 258], [810, 420], [738, 654], [882, 726], [738, 726]]",,"[[456, 378]]",,0.47421960839348315,0.3191341019000262
686,3,1,11.387000000000057,,13518,"[954, 270]",False,,True,0.0,False,very_strong,False,"[[1044, 180], [684, 234], [1044, 252], [864, 252], [810, 414], [738, 648], [882, 720], [738, 720]]",,"[[456, 372]]",,0.46638372057801314,0.29077349166336286
687,3,1,11.40300000000002,,13518,"[954, 270]",False,,True,0.0,False,very_strong,False,"[[1044, 174], [684, 228], [1044, 246], [864, 246], [810, 408], [738, 642], [882, 714], [738, 714]]",,"[[456, 366]]",,0.46638372057801314,0.29077349166336286
688,3,1,11.42100000000005,,13518,"[954, 270]",False,,True,0.0,False,very_strong,False,"[[1044, 168], [684, 222], [1044, 240], [864, 240], [810, 402], [738, 636], [882, 708], [738, 708]]",,"[[456, 360]]",,0.46838351374270665,0.2962457273867085
689,3,1,11.437999999999988,,13518,"[954, 270]",False,,True,0.0,False,very_strong,False,"[[1044, 162], [684, 216], [1044, 234], [864, 234], [810, 396], [738, 630], [882, 702], [738, 702]]",,"[[456, 354]]",,0.4684320081672805,0.29477967968905205
690,3,1,11.454000000000065,,13518,"[954, 270]",False,,True,0.0,False,very_strong,False,"[[1044, 156], [684, 210], [1044, 228], [864, 228], [810, 390], [738, 624], [882, 696], [738, 696]]",,"[[456, 348]]",,0.4720554413776902,0.2686341206987748
691,3,1,11.471000000000004,,13518,"[954, 270]",False,,True,0.0,False,very_strong,False,"[[1044, 150], [684, 204], [1044, 222], [864, 222], [810, 384], [738, 618], [882, 690], [738, 690]]",,"[[456, 342]]",,0.472200986272179,0.2710510446278289
692,3,1,11.486999999999966,,13518,"[954, 270]",False,,True,0.0,False,very_strong,False,"[[1044, 144], [684, 198], [1044, 216], [864, 216], [810, 378], [738, 612], [882, 684], [738, 684]]",,"[[456, 336]]",,0.4715009575262372,0.27222332768226065
693,3,1,11.502000000000066,,13518,"[954, 270]",False,,True,0.0,False,very_strong,False,"[[1044, 138], [684, 192], [1044, 210], [864, 210], [810, 372], [738, 606], [882, 678], [738, 678]]",,"[[456, 330]]",,0.4715009575262372,0.27222332768226065
694,3,1,11.519000000000005,,13518,"[954, 270]",False,,True,0.0,False,very_strong,False,"[[1044, 132], [684, 186], [1044, 204], [864, 204], [810, 366], [738, 600], [882, 672], [738, 672]]",,"[[456, 324]]",,0.47645679116059636,0.3090803423901214
695,3,1,11.534999999999968,,13518,"[954, 270]",False,,True,0.0,False,very_strong,False,"[[1044, 126], [684, 180], [1044, 198], [864, 198], [810, 360], [738, 594], [882, 666], [738, 666]]",,"[[456, 318]]",,0.47645679116059636,0.3090803423901214
696,3,1,11.552000000000021,,13518,"[954, 270]",False,,True,0.0,False,very_strong,False,"[[1044, 120], [684, 174], [1044, 192], [864, 192], [810, 354], [738, 588], [882, 660], [738, 660]]",,"[[456, 312]]",,0.47191350285918177,0.27581626246287105
697,3,1,11.569000000000074,,13518,"[954, 270]",False,,True,-1.0,False,very_strong,False,"[[1044, 114], [684, 168], [1044, 186], [864, 186], [810, 348], [738, 582], [882, 654], [738, 654]]",,"[[456, 306]]",,0.47191350285918177,0.27581626246287105
698,3,1,11.586000000000013,,13518,"[954, 270]",False,,True,-1.0,False,very_strong,False,"[[1044, 108], [684, 162], [1044, 180], [864, 180], [810, 342], [738, 576], [882, 648], [738, 648]]",,"[[450, 300]]",,0.47271669251217635,0.2769474699094876
699,3,1,11.603000000000065,,13518,"[954, 270]",False,,True,-1.0,False,very_strong,False,"[[1038, 102], [678, 156], [1038, 174], [858, 174], [804, 336], [732, 570], [876, 642], [732, 642]]",,"[[444, 294]]",,0.47271669251217635,0.2769474699094876
700,3,1,11.620000000000005,,13518,"[954, 270]",False,Right,True,-1.0,False,very_strong,False,"[[1032, 96], [672, 150], [1032, 168], [852, 168], [798, 330], [726, 564], [870, 636], [726, 636]]",,"[[432, 288]]",,0.4729524701057102,0.2782976985578529
701,3,1,11.637000000000057,,13518,"[954, 270]",False,Right,True,-1.0,False,very_strong,False,"[[1020, 90], [660, 144], [1020, 162], [840, 162], [786, 324], [714, 558], [858, 630], [714, 630]]",,"[[420, 282]]",,0.47269976634400734,0.2784445473946989
702,3,1,11.65300000000002,,13518,"[954, 270]",False,Right,True,-1.0,False,very_strong,False,"[[1008, 84], [648, 138], [1008, 156], [828, 156], [774, 318], [702, 552], [846, 624], [702, 624]]",,"[[408, 276]]",,0.4774759417814941,0.3102837649466056
703,3,1,11.670000000000073,,13518,"[954, 270]",False,Right,True,-1.0,False,very_strong,False,"[[996, 78], [636, 132], [996, 150], [816, 150], [762, 312], [690, 546], [834, 618], [690, 618]]",,"[[396, 270]]",,0.4774759417814941,0.3102837649466056
704,3,1,11.687999999999988,,13518,"[954, 270]",False,Right,True,-1.0,False,very_strong,False,"[[984, 72], [624, 126], [984, 144], [804, 144], [750, 306], [678, 540], [822, 612], [678, 612]]",,"[[384, 264]]",,0.472445345370981,0.2862570852021983
705,3,1,11.705000000000041,,13518,"[954, 270]",False,Right,True,-1.0,False,very_strong,False,"[[972, 66], [612, 120], [972, 138], [792, 138], [738, 300], [666, 534], [810, 606], [666, 606]]",,"[[372, 258]]",,0.4726861903047136,0.2871859353753725
706,3,1,11.721000000000004,,13518,"[954, 270]",False,Right,True,-1.0,False,very_strong,False,"[[960, 60], [600, 114], [960, 132], [780, 132], [726, 294], [654, 528], [798, 600], [654, 600]]",,"[[360, 252]]",,0.47271248107869746,0.2882925578539349
707,3,1,11.736999999999966,,13518,"[954, 270]",False,Right,True,-1.0,False,very_strong,False,"[[948, 54], [588, 108], [948, 126], [768, 126], [714, 288], [642, 522], [786, 594], [642, 594]]",,"[[348, 246]]",,0.47276583901082747,0.2886013067329354
708,3,1,11.753000000000043,,13518,"[954, 270]",False,,True,-1.0,False,very_strong,False,"[[936, 48], [576, 102], [936, 120], [756, 120], [702, 282], [630, 516], [774, 588], [630, 588]]",,"[[342, 240]]",,0.4725671808360287,0.2894616636786317
709,3,1,11.769999999999982,,13518,"[954, 270]",False,,True,-1.0,False,very_strong,False,"[[930, 42], [570, 96], [930, 114], [750, 114], [696, 276], [624, 510], [768, 582], [624, 582]]",,"[[336, 234]]",,0.4725671808360287,0.2894616636786317
710,3,1,11.786000000000058,,13518,"[954, 270]",False,,True,-1.0,False,very_strong,False,"[[924, 36], [564, 90], [924, 108], [744, 108], [690, 270], [618, 504], [762, 576], [618, 576]]",,"[[330, 228]]",,0.4723238651733735,0.2895854337353818
711,3,1,11.802999999999997,,13518,"[954, 270]",False,,True,-1.0,False,very_strong,False,"[[918, 30], [558, 84], [918, 102], [738, 102], [684, 264], [612, 498], [756, 570], [612, 570]]",,"[[324, 222]]",,0.4723238651733735,0.2895854337353818
712,3,1,11.819000000000074,,13518,"[954, 270]",False,,True,-1.0,False,very_strong,False,"[[912, 24], [552, 78], [912, 96], [732, 96], [678, 258], [606, 492], [750, 564], [606, 564]]",,"[[318, 216]]",,0.4719621711960323,0.29091128831678514
713,3,1,11.835000000000036,,13518,"[954, 270]",False,,True,-1.0,False,very_strong,False,"[[906, 18], [546, 72], [906, 90], [726, 90], [672, 252], [600, 486], [744, 558], [600, 558]]",,"[[312, 210]]",,0.4719621711960323,0.29091128831678514
714,3,1,11.851999999999975,,13518,"[954, 270]",False,,True,-1.0,False,very_strong,False,"[[900, 12], [540, 66], [900, 84], [720, 84], [666, 246], [594, 480], [738, 552], [594, 552]]",,"[[306, 204]]",,0.42873032474529305,0.2829652682964152
715,3,1,11.868000000000052,,13518,"[954, 270]",False,,True,-1.0,False,very_strong,False,"[[894, 6], [534, 60], [894, 78], [714, 78], [660, 240], [588, 474], [732, 546], [588, 546]]",,"[[300, 198]]",,0.42873032474529305,0.2829652682964152
716,3,1,11.884000000000015,,13518,"[954, 270]",False,,True,-1.0,False,very_strong,False,"[[888, 0], [528, 54], [888, 72], [708, 72], [654, 234], [582, 468], [726, 540], [582, 540]]",,"[[294, 192]]",,0.46975128682498013,0.29539876011232624
717,3,1,11.901000000000067,,13518,"[954, 270]",False,,True,-1.0,False,very_strong,False,"[[522, 48], [882, 66], [702, 66], [648, 228], [576, 462], [720, 534], [576, 534]]",,"[[288, 186]]",,0.46975128682498013,0.29539876011232624
718,3,1,11.91700000000003,,13518,"[954, 270]",False,,True,-1.0,False,very_strong,False,"[[516, 42], [876, 60], [696, 60], [642, 222], [570, 456], [714, 528], [570, 528]]",,"[[282, 180]]",,0.4692007299075017,0.2966483605409508
719,3,1,11.932999999999993,,13518,"[954, 270]",False,,True,-1.0,False,very_strong,False,"[[510, 36], [870, 54], [690, 54], [636, 216], [564, 450], [708, 522], [564, 522]]",,"[[276, 174]]",,0.4692007299075017,0.2966483605409508
720,3,1,11.94900000000007,,13518,"[954, 270]",False,,True,-1.0,False,very_strong,False,"[[504, 30], [864, 48], [684, 48], [630, 210], [558, 444], [702, 516], [558, 516]]",,"[[270, 168]]",,0.46862536254104314,0.30008108061244654
721,3,1,11.966000000000008,,13518,"[954, 270]",False,,True,-1.0,False,very_strong,False,"[[498, 24], [858, 42], [678, 42], [624, 204], [552, 438], [696, 510], [552, 510]]",,"[[264, 162]]",,0.46862536254104314,0.30008108061244654
722,3,1,11.981999999999971,,13518,"[954, 270]",False,,True,-1.0,False,very_strong,False,"[[492, 18], [852, 36], [672, 36], [618, 198], [546, 432], [690, 504], [546, 504]]",,"[[258, 156]]",,0.46807728017764416,0.2786041421256559
723,3,1,11.999000000000024,,13518,"[954, 270]",False,,True,-1.0,False,very_strong,False,"[[486, 12], [846, 30], [666, 30], [612, 192], [540, 426], [684, 498], [540, 498]]",,"[[252, 150]]",,0.46807728017764416,0.2786041421256559
724,3,1,12.014999999999986,,13518,"[954, 270]",False,,True,-1.0,False,very_strong,False,"[[480, 6], [840, 24], [660, 24], [606, 186], [534, 420], [678, 492], [534, 492]]",,"[[246, 144]]",,0.4675128595131056,0.27229472274810895
725,3,1,12.033000000000015,,13518,"[954, 270]",False,Left,True,-1.0,False,very_strong,False,"[[474, 0], [834, 18], [654, 18], [600, 180], [528, 414], [672, 486], [528, 486]]",,"[[246, 138]]",,0.4675128595131056,0.27229472274810895
726,3,1,12.048999999999978,,13518,"[954, 270]",False,Left,True,-1.0,False,very_strong,False,"[[834, 12], [654, 12], [600, 174], [528, 408], [672, 480], [528, 480]]",,"[[246, 132]]",,0.4667715059064367,0.2716355768647083
727,3,1,12.066000000000031,,13518,"[954, 270]",False,Left,True,-1.0,False,very_strong,False,"[[834, 6], [654, 6], [600, 168], [528, 402], [672, 474], [528, 474]]",,"[[246, 126]]",,0.4667715059064367,0.2716355768647083
728,3,1,12.08299999999997,,13518,"[954, 270]",False,Left,True,-1.0,False,very_strong,False,"[[834, 0], [654, 0], [600, 162], [528, 396], [672, 468], [528, 468]]",,"[[246, 120]]",,0.4679223725458722,0.27458439889804975
729,3,1,12.099000000000046,,13518,"[954, 270]",False,Left,True,-1.0,False,very_strong,False,"[[600, 156], [528, 390], [672, 462], [528, 462]]",,"[[246, 114]]",,0.4679223725458722,0.27458439889804975
730,3,1,12.115000000000009,,13518,"[954, 270]",False,Left,True,-1.0,False,very_strong,False,"[[600, 150], [528, 384], [672, 456], [528, 456]]",,"[[246, 108]]",,0.4690344251122237,0.2776201106323619
731,3,1,12.130999999999972,,13518,"[954, 270]",False,Left,True,-1.0,False,very_strong,False,"[[600, 144], [528, 378], [672, 450], [528, 450]]",,"[[246, 102]]",,0.4695628921690583,0.27846568665427474
732,3,1,12.147000000000048,,13518,"[954, 270]",False,Left,True,-1.0,False,very_strong,False,"[[600, 138], [528, 372], [672, 444], [528, 444]]",,"[[246, 96]]",,0.4690185359169673,0.27897867788091324
733,3,1,12.163999999999987,,13518,"[954, 270]",False,Left,True,-1.0,False,very_strong,False,"[[600, 132], [528, 366], [672, 438], [528, 438]]",,"[[246, 90]]",,0.4690185359169673,0.27897867788091324
734,3,1,12.18100000000004,,13518,"[954, 270]",False,Left,True,-1.0,False,very_strong,False,"[[600, 126], [528, 360], [672, 432], [528, 432]]",,"[[246, 84]]",,0.46863102044868776,0.2796837589066028
735,3,1,12.197000000000003,,13518,"[954, 270]",False,Left,True,-1.0,False,very_strong,False,"[[600, 120], [528, 354], [672, 426], [528, 426]]",,"[[246, 78]]",,0.4686799601756263,0.280735911610708
736,3,1,12.212999999999965,,13518,"[954, 270]",False,Left,True,-1.0,False,very_strong,False,"[[600, 114], [528, 348], [672, 420], [528, 420]]",,"[[246, 72]]",,0.4694190772694026,0.28042690096956113
737,3,1,12.230999999999995,,13518,"[954, 270]",False,Left,True,-1.0,False,very_strong,False,"[[600, 108], [528, 342], [672, 414], [528, 414]]",,"[[246, 66]]",,0.46895499210585917,0.28045432861702757
738,3,1,12.248000000000047,,13518,"[954, 270]",False,Left,True,-1.0,False,very_strong,False,"[[600, 102], [528, 336], [672, 408], [528, 408]]",,"[[246, 60]]",,0.469484755433167,0.28320699581356745
739,3,1,12.264999999999986,,13518,"[954, 270]",False,Left,True,-1.0,False,very_strong,False,"[[600, 96], [528, 330], [672, 402], [528, 402]]",,"[[246, 54]]",,0.469484755433167,0.28320699581356745
740,3,1,12.282000000000039,,13518,"[954, 270]",False,Left,True,-1.0,False,very_strong,False,"[[600, 90], [528, 324], [672, 396], [528, 396]]",,"[[246, 48]]",,0.46889748115762336,0.28386277396329496
741,3,1,12.298000000000002,,13518,"[954, 270]",False,Left,True,-1.0,False,very_strong,False,"[[600, 84], [528, 318], [672, 390], [528, 390]]",,"[[246, 42]]",,0.46816605380023624,0.28433313014251915
742,3,1,12.315000000000055,,13518,"[954, 270]",False,Left,True,-1.0,False,very_strong,False,"[[600, 78], [528, 312], [672, 384], [528, 384]]",,"[[246, 36]]",,0.46766735165603873,0.28799204594687766
743,3,1,12.331999999999994,,13518,"[954, 270]",False,Left,True,-1.0,False,very_strong,False,"[[600, 72], [528, 306], [672, 378], [528, 378]]",,"[[246, 30]]",,0.46766735165603873,0.28799204594687766
744,3,1,12.34800000000007,,13518,"[954, 270]",False,Left,True,-1.0,False,very_strong,False,"[[600, 66], [528, 300], [672, 372], [528, 372]]",,"[[246, 24]]",,0.46699924409737764,0.2889518225683818
745,3,1,12.364000000000033,,13518,"[954, 270]",False,Left,True,-1.0,False,very_strong,False,"[[600, 60], [528, 294], [672, 366], [528, 366]]",,"[[246, 18]]",,0.46699924409737764,0.2889518225683818
746,3,1,12.380999999999972,,13518,"[954, 270]",False,Left,True,-1.0,False,very_strong,False,"[[600, 54], [528, 288], [672, 360], [528, 360]]",,"[[246, 12]]",,0.4665256119296017,0.2899948199322684
747,3,1,12.398000000000025,,13518,"[954, 270]",False,Left,True,-1.0,False,very_strong,False,"[[600, 48], [528, 282], [672, 354], [528, 354]]",,"[[246, 6]]",,0.4658589467533635,0.2911072832010134
748,3,1,12.413999999999987,,13518,"[954, 270]",False,Left,True,0.0,False,very_strong,False,"[[600, 42], [528, 276], [672, 348], [528, 348]]",,"[[246, 0]]",,0.46664340944441884,0.2940025799375636
749,3,1,12.430000000000064,,13518,"[954, 270]",False,Left,True,0.0,False,very_strong,False,"[[600, 36], [528, 270], [672, 342], [528, 342]]",,[],,0.46663939805168964,0.2938755506742
750,3,1,12.446000000000026,,13518,"[954, 270]",False,Left,True,0.0,False,very_strong,False,"[[606, 30], [534, 264], [678, 336], [534, 336]]",,[],,0.466904163458678,0.2951642370920097
751,3,1,12.464000000000055,,13518,"[954, 270]",False,,True,0.0,False,very_strong,False,"[[612, 24], [540, 258], [684, 330], [540, 330]]",,[],,0.46640519640854555,0.2938871606442722
752,3,1,12.480000000000018,,13518,"[954, 270]",False,,True,0.0,False,very_strong,False,"[[612, 18], [540, 252], [684, 324], [540, 324]]",,[],,0.45663776614148033,0.2732745544975198
753,3,1,12.495999999999981,,13518,"[954, 270]",False,,True,0.0,False,very_strong,False,"[[612, 12], [540, 246], [684, 318], [540, 318]]",,[],,0.4487903280764507,0.2588513765911361
754,3,1,12.512000000000057,,13518,"[954, 270]",False,,True,0.0,False,very_strong,False,"[[612, 6], [540, 240], [684, 312], [540, 312]]",,[],,0.44820285069085425,0.25696266768243436
755,3,1,12.528999999999996,,13518,"[954, 270]",False,,True,0.0,False,very_strong,False,"[[612, 0], [540, 234], [684, 306], [540, 306]]",,[],,0.44712098981265835,0.2554872617877507
756,3,1,12.545000000000073,,13518,"[954, 270]",False,,True,0.0,False,very_strong,False,"[[540, 228], [684, 300], [540, 300]]",,[],,0.44677155326727236,0.2558321514038844
757,3,1,12.561000000000035,,13518,"[954, 270]",False,,True,0.0,False,very_strong,False,"[[540, 222], [684, 294], [540, 294]]",,[],,0.44577890581482943,0.25354585175021027
758,3,1,12.577999999999975,,13518,"[954, 270]",False,,True,0.0,False,very_strong,False,"[[540, 216], [684, 288], [540, 288]]",,[],,0.44594811136157214,0.2532513247082254
759,3,1,12.596000000000004,,13518,"[954, 270]",False,Left,True,0.0,False,very_strong,False,"[[540, 210], [684, 282], [540, 282]]",,[],,0.44612572410250656,0.2564419297339362
760,3,1,12.61099999999999,,13518,"[954, 270]",False,Left,True,0.0,False,very_strong,False,"[[546, 204], [690, 276], [546, 276]]",,[],,0.44526297500642215,0.25765944952348674
761,3,1,12.627000000000066,,13518,"[954, 270]",False,Left,True,0.0,False,very_strong,False,"[[552, 198], [696, 270], [552, 270]]",,[],,0.44585228174412056,0.2616396215014386
762,3,1,12.644000000000005,,13518,"[954, 270]",False,Left,True,0.0,False,very_strong,False,"[[558, 192], [702, 264], [558, 264]]",,[],,0.44585228174412056,0.2616396215014386
763,3,1,12.659999999999968,,13518,"[954, 270]",False,Left,True,0.0,False,very_strong,False,"[[564, 186], [708, 258], [564, 258]]",,[],,0.446737918022046,0.26856953114183113
764,3,1,12.677000000000021,,13518,"[954, 270]",False,Left,True,0.0,False,very_strong,False,"[[570, 180], [714, 252], [570, 252], [606, 810], [768, 810]]",,[],,0.44692417961462666,0.2689485724959181
765,3,1,12.694000000000074,,13518,"[954, 270]",False,Left,True,0.0,False,very_strong,False,"[[576, 174], [720, 246], [576, 246], [612, 804], [774, 804]]",,[],,0.44752940904902705,0.2714249466624531
766,3,1,12.711000000000013,,13518,"[954, 270]",False,Left,True,0.0,False,very_strong,False,"[[582, 168], [726, 240], [582, 240], [618, 798], [780, 798]]",,[],,0.44807374640979863,0.2718113498876932
767,3,1,12.728000000000065,,13518,"[954, 270]",False,,True,0.0,False,very_strong,False,"[[588, 162], [732, 234], [588, 234], [624, 792], [786, 792], [966, 810]]",,[],,0.44795310458248566,0.272725398718366
768,3,1,12.745000000000005,,13518,"[954, 270]",False,,True,0.0,False,very_strong,False,"[[588, 156], [732, 228], [588, 228], [624, 786], [786, 786], [966, 804]]",,[],,0.44770335849833565,0.272890399128879
769,3,1,12.762000000000057,,13518,"[954, 270]",False,,True,0.0,False,very_strong,False,"[[588, 150], [732, 222], [588, 222], [624, 780], [786, 780], [966, 798]]",,[],,0.44823306081474035,0.27497901241500244
770,3,1,12.778999999999996,,13518,"[954, 270]",False,,True,0.0,False,very_strong,False,"[[588, 144], [732, 216], [588, 216], [624, 774], [786, 774], [966, 792], [624, 810]]",,[],,0.44968290913636366,0.27802568042901277
771,3,1,12.79600000000005,,13518,"[954, 270]",False,,True,0.0,False,very_strong,False,"[[588, 138], [732, 210], [588, 210], [624, 768], [786, 768], [966, 786], [624, 804]]",,[],,0.45020127417848066,0.27801015862194545
772,3,1,12.812000000000012,,13518,"[954, 270]",False,,True,0.0,False,very_strong,False,"[[588, 132], [732, 204], [588, 204], [624, 762], [786, 762], [966, 780], [624, 798]]",,[],,0.45020127417848066,0.27801015862194545
773,3,1,12.830000000000041,,13518,"[954, 270]",False,,True,0.0,False,very_strong,False,"[[588, 126], [732, 198], [588, 198], [624, 756], [786, 756], [966, 774], [624, 792]]",,[],,0.45328433056300277,0.28233876103532884
774,3,1,12.84699999999998,,13518,"[954, 270]",False,,True,0.0,False,very_strong,False,"[[588, 120], [732, 192], [588, 192], [624, 750], [786, 750], [966, 768], [624, 786]]",,[],,0.4529986329168395,0.2815100894793119
775,3,1,12.864000000000033,,13518,"[954, 270]",False,,True,0.0,False,very_strong,False,"[[588, 114], [732, 186], [588, 186], [624, 744], [786, 744], [966, 762], [624, 780]]",,[],,0.45338810124289425,0.28227745497256096
776,3,1,12.880999999999972,,13518,"[954, 270]",False,,True,0.0,False,very_strong,False,"[[588, 108], [732, 180], [588, 180], [624, 738], [786, 738], [966, 756], [624, 774]]",,[],,0.45282442472783524,0.28459483464190927
777,3,1,12.897000000000048,,13518,"[954, 270]",False,,True,0.0,False,very_strong,False,"[[588, 102], [732, 174], [588, 174], [624, 732], [786, 732], [966, 750], [624, 768]]",,[],,0.45239048881484817,0.2869100436453328
778,3,1,12.913999999999987,,13518,"[954, 270]",False,,True,0.0,False,very_strong,False,"[[588, 96], [732, 168], [588, 168], [624, 726], [786, 726], [966, 744], [624, 762]]",,[],,0.4519428051721254,0.2870786857825688
779,3,1,12.93100000000004,,13518,"[954, 270]",False,,True,0.0,False,very_strong,False,"[[588, 90], [732, 162], [588, 162], [624, 720], [786, 720], [966, 738], [624, 756], [750, 810]]",,[],,0.44901069053290377,0.27883475876182784
780,3,1,12.947999999999979,,13518,"[954, 270]",False,Left,True,0.0,False,very_strong,False,"[[588, 84], [732, 156], [588, 156], [624, 714], [786, 714], [966, 732], [624, 750], [750, 804]]",,[],,0.4406223714506223,0.2514230312000184
781,3,1,12.965000000000032,,13518,"[954, 270]",False,Left,True,0.0,False,very_strong,False,"[[594, 78], [738, 150], [594, 150], [630, 708], [792, 708], [972, 726], [630, 744], [756, 798]]",,[],,0.4331502071400197,0.21867987030595915
782,3,1,12.981999999999971,,13518,"[954, 270]",False,Left,True,0.0,False,very_strong,False,"[[600, 72], [744, 144], [600, 144], [636, 702], [798, 702], [978, 720], [636, 738], [762, 792]]",,[],,0.43392246743373103,0.21604993859657562
783,3,1,12.998000000000047,,13518,"[954, 270]",False,Left,True,0.0,False,very_strong,False,"[[606, 66], [750, 138], [606, 138], [642, 696], [804, 696], [984, 714], [642, 732], [768, 786]]",,[],,0.4334798218479329,0.21592779270326712
784,3,1,13.014999999999986,,13518,"[954, 270]",False,Left,True,0.0,False,very_strong,False,"[[612, 60], [756, 132], [612, 132], [648, 690], [810, 690], [990, 708], [648, 726], [774, 780]]",,[],,0.4343786121571821,0.21588347488206527
785,3,1,13.031000000000063,,13518,"[954, 270]",False,Left,True,0.0,False,very_strong,False,"[[618, 54], [762, 126], [618, 126], [654, 684], [816, 684], [996, 702], [654, 720], [780, 774]]",,[],,0.43282625750169235,0.2180788046500819
786,3,1,13.047000000000025,,13518,"[954, 270]",False,Left,True,0.0,False,very_strong,False,"[[624, 48], [768, 120], [624, 120], [660, 678], [822, 678], [1002, 696], [660, 714], [786, 768]]",,[],,0.4327292373064978,0.2175492149156365
787,3,1,13.065000000000055,,13518,"[954, 270]",False,,True,0.0,False,very_strong,False,"[[630, 42], [774, 114], [630, 114], [666, 672], [828, 672], [1008, 690], [666, 708], [792, 762]]",,[],,0.43284225281426797,0.22053196811412923
788,3,1,13.080000000000041,,13518,"[954, 270]",False,,True,0.0,False,very_strong,False,"[[630, 36], [774, 108], [630, 108], [666, 666], [828, 666], [1008, 684], [666, 702], [792, 756]]",,[],,0.43290986385522495,0.22091383137849874
789,3,1,13.096000000000004,,13518,"[954, 270]",False,,True,0.0,False,very_strong,False,"[[630, 30], [774, 102], [630, 102], [666, 660], [828, 660], [1008, 678], [666, 696], [792, 750]]",,[],,0.4339371629997838,0.22514517244240817
790,3,1,13.113000000000056,,13518,"[954, 270]",False,,True,0.0,False,very_strong,False,"[[630, 24], [774, 96], [630, 96], [666, 654], [828, 654], [1008, 672], [666, 690], [792, 744]]",,[],,0.4331882667194974,0.2257094365998299
791,3,1,13.129000000000019,,13518,"[954, 270]",False,,True,0.0,False,very_strong,False,"[[630, 18], [774, 90], [630, 90], [666, 648], [828, 648], [1008, 666], [666, 684], [792, 738]]",,[],,0.43392713950022915,0.228469549957803
792,3,1,13.144999999999982,,13518,"[954, 270]",False,,True,0.0,False,very_strong,False,"[[630, 12], [774, 84], [630, 84], [666, 642], [828, 642], [1008, 660], [666, 678], [792, 732]]",,[],,0.43392713950022915,0.228469549957803
793,3,1,13.162000000000035,,13518,"[954, 270]",False,,True,0.0,False,very_strong,False,"[[630, 6], [774, 78], [630, 78], [666, 636], [828, 636], [1008, 654], [666, 672], [792, 726]]",,[],,0.44348080937642986,0.21525782032281482
794,3,1,13.177999999999997,,13518,"[954, 270]",False,,True,0.0,False,very_strong,False,"[[630, 0], [774, 72], [630, 72], [666, 630], [828, 630], [1008, 648], [666, 666], [792, 720]]",,[],,0.44348080937642986,0.21525782032281482
795,3,1,13.19500000000005,,13518,"[954, 270]",False,,True,0.0,False,very_strong,False,"[[774, 66], [630, 66], [666, 624], [828, 624], [1008, 642], [666, 660], [792, 714]]",,[],,0.4498234590470448,0.21775227464249614
796,3,1,13.211999999999989,,13518,"[954, 270]",False,,True,0.0,False,very_strong,False,"[[774, 60], [630, 60], [666, 618], [828, 618], [1008, 636], [666, 654], [792, 708]]",,[],,0.4498234590470448,0.21775227464249614
797,3,1,13.230000000000018,,13518,"[954, 270]",False,,True,0.0,False,very_strong,False,"[[774, 54], [630, 54], [666, 612], [828, 612], [1008, 630], [666, 648], [792, 702]]",,[],,0.45110506167635583,0.22083273444691065
798,3,1,13.247000000000071,,13518,"[954, 270]",False,,True,0.0,False,very_strong,False,"[[774, 48], [630, 48], [666, 606], [828, 606], [1008, 624], [666, 642], [792, 696]]",,[],,0.4514902379237844,0.22171067740291583
799,3,1,13.26400000000001,,13518,"[954, 270]",False,,True,0.0,False,very_strong,False,"[[774, 42], [630, 42], [666, 600], [828, 600], [1008, 618], [666, 636], [792, 690]]",,[],,0.45099865077824086,0.22336621171977278
800,3,1,13.279999999999973,,13518,"[954, 270]",False,,True,0.0,False,very_strong,False,"[[774, 36], [630, 36], [666, 594], [828, 594], [1008, 612], [666, 630], [792, 684]]",,[],,0.45099865077824086,0.22336621171977278
801,3,1,13.297000000000025,,13518,"[954, 270]",False,,True,0.0,False,very_strong,False,"[[774, 30], [630, 30], [666, 588], [828, 588], [1008, 606], [666, 624], [792, 678]]",,[],,0.4508749712809282,0.22530820176159994
802,3,1,13.313999999999965,,13518,"[954, 270]",False,,True,0.0,False,very_strong,False,"[[774, 24], [630, 24], [666, 582], [828, 582], [1008, 600], [666, 618], [792, 672]]",,[],,0.4506957909127813,0.22549846494081693
803,3,1,13.330000000000041,,13518,"[954, 270]",False,,True,0.0,False,very_strong,False,"[[774, 18], [630, 18], [666, 576], [828, 576], [1008, 594], [666, 612], [792, 666]]",,[],,0.4507731386299271,0.22940614580442031
804,3,1,13.346000000000004,,13518,"[954, 270]",False,,True,0.0,False,very_strong,False,"[[774, 12], [630, 12], [666, 570], [828, 570], [1008, 588], [666, 606], [792, 660]]",,[],,0.4507731386299271,0.22940614580442031
805,3,1,13.361999999999966,,13518,"[954, 270]",False,,True,0.0,False,very_strong,False,"[[774, 6], [630, 6], [666, 564], [828, 564], [1008, 582], [666, 600], [792, 654]]",,[],,0.4505174761994451,0.23153564919079772
806,3,1,13.379000000000019,,13518,"[954, 270]",False,Left,True,0.0,False,very_strong,False,"[[774, 0], [630, 0], [666, 558], [828, 558], [1008, 576], [666, 594], [792, 648], [972, 810]]",,[],,0.4505174761994451,0.23153564919079772
807,3,1,13.394999999999982,,13518,"[954, 270]",False,Left,True,0.0,False,very_strong,False,"[[672, 552], [834, 552], [1014, 570], [672, 588], [798, 642], [978, 804]]",,[],,0.4509864247054941,0.2355038664217618
808,3,1,13.411000000000058,,13518,"[954, 270]",False,Left,True,0.0,False,very_strong,False,"[[678, 546], [840, 546], [1020, 564], [678, 582], [804, 636], [984, 798]]",,[],,0.4509864247054941,0.2355038664217618
809,3,1,13.427000000000021,,13518,"[954, 270]",False,Left,True,0.0,False,very_strong,False,"[[684, 540], [846, 540], [1026, 558], [684, 576], [810, 630], [990, 792]]",,[],,0.46235596758543596,0.2425333647146377
810,3,1,13.444000000000074,,13518,"[954, 270]",False,Left,True,0.0,False,very_strong,False,"[[690, 534], [852, 534], [1032, 552], [690, 570], [816, 624], [996, 786]]",,[],,0.46235596758543596,0.2425333647146377
811,3,1,13.461000000000013,,13518,"[954, 270]",False,Left,True,0.0,False,very_strong,False,"[[696, 528], [858, 528], [1038, 546], [696, 564], [822, 618], [1002, 780]]",,[],,0.4640274862922489,0.24532123987426901
812,3,1,13.476999999999975,,13518,"[954, 270]",False,Left,True,0.0,False,very_strong,False,"[[702, 522], [864, 522], [1044, 540], [702, 558], [828, 612], [1008, 774]]",,[],,0.4640274862922489,0.24532123987426901
813,3,1,13.494000000000028,,13518,"[954, 270]",False,,True,0.0,False,very_strong,False,"[[708, 516], [870, 516], [1050, 534], [708, 552], [834, 606], [1014, 768]]",,[],,0.4638809689997111,0.24711587941553115
814,3,1,13.509999999999991,,13518,"[954, 270]",False,,True,0.0,False,very_strong,False,"[[708, 510], [870, 510], [1050, 528], [708, 546], [834, 600], [1014, 762]]",,[],,0.4638809689997111,0.24711587941553115
815,3,1,13.527000000000044,,13518,"[954, 270]",False,,True,0.0,False,very_strong,False,"[[708, 504], [870, 504], [1050, 522], [708, 540], [834, 594], [1014, 756]]",,[],,0.46431940555286866,0.24831753948280777
816,3,1,13.543000000000006,,13518,"[954, 270]",False,,True,0.0,False,very_strong,False,"[[708, 498], [870, 498], [1050, 516], [708, 534], [834, 588], [1014, 750]]",,[],,0.46431940555286866,0.24831753948280777
817,3,1,13.56000000000006,,13518,"[954, 270]",False,,True,0.0,False,very_strong,False,"[[708, 492], [870, 492], [1050, 510], [708, 528], [834, 582], [1014, 744]]",,[],,0.46418007939356987,0.25269522709843195
818,3,1,13.576999999999998,,13518,"[954, 270]",False,,True,0.0,False,very_strong,False,"[[708, 486], [870, 486], [1050, 504], [708, 522], [834, 576], [1014, 738]]",,[],,0.46418007939356987,0.25269522709843195
819,3,1,13.593000000000075,,13518,"[954, 270]",False,,True,0.0,False,very_strong,False,"[[708, 480], [870, 480], [1050, 498], [708, 516], [834, 570], [1014, 732]]",,[],,0.4639567109256978,0.25390921949615564
820,3,1,13.610000000000014,,13518,"[954, 270]",False,,True,0.0,False,very_strong,False,"[[708, 474], [870, 474], [1050, 492], [708, 510], [834, 564], [1014, 726]]",,[],,0.4639567109256978,0.25390921949615564
821,3,1,13.625999999999976,,13518,"[954, 270]",False,,True,0.0,False,very_strong,False,"[[708, 468], [870, 468], [1050, 486], [708, 504], [834, 558], [1014, 720]]",,[],,0.4632951542185415,0.25735693802849713
822,3,1,13.643000000000029,,13518,"[954, 270]",False,,True,0.0,False,very_strong,False,"[[708, 462], [870, 462], [1050, 480], [708, 498], [834, 552], [1014, 714]]",,[],,0.46258616320577994,0.2578812804043076
823,3,1,13.658999999999992,,13518,"[954, 270]",False,,True,0.0,False,very_strong,False,"[[708, 456], [870, 456], [1050, 474], [708, 492], [834, 546], [1014, 708]]",,[],,0.46317375513039094,0.26054446101034157
824,3,1,13.675000000000068,,13518,"[954, 270]",False,,True,0.0,False,very_strong,False,"[[708, 450], [870, 450], [1050, 468], [708, 486], [834, 540], [1014, 702]]",,[],,0.46317375513039094,0.26054446101034157
825,3,1,13.691000000000031,,13518,"[954, 270]",False,,True,0.0,False,very_strong,False,"[[708, 444], [870, 444], [1050, 462], [708, 480], [834, 534], [1014, 696]]",,[],,0.46289601789431256,0.2632525310915139
826,3,1,13.706999999999994,,13518,"[954, 270]",False,,True,0.0,False,very_strong,False,"[[708, 438], [870, 438], [1050, 456], [708, 474], [834, 528], [1014, 690]]",,[],,0.46289601789431256,0.2632525310915139
827,3,1,13.72300000000007,,13518,"[954, 270]",False,,True,0.0,False,very_strong,False,"[[708, 432], [870, 432], [1050, 450], [708, 468], [834, 522], [1014, 684]]",,[],,0.462351107463346,0.2658456888624525
828,3,1,13.740000000000009,,13518,"[954, 270]",False,,True,0.0,False,very_strong,False,"[[708, 426], [870, 426], [1050, 444], [708, 462], [834, 516], [1014, 678]]",,[],,0.46222518754797015,0.26694932284495176
829,3,1,13.755999999999972,,13518,"[954, 270]",False,,True,0.0,False,very_strong,False,"[[708, 420], [870, 420], [1050, 438], [708, 456], [834, 510], [1014, 672]]",,[],,0.4628395468499276,0.2707426427326777
830,3,1,13.772000000000048,,13518,"[954, 270]",False,,True,0.0,False,very_strong,False,"[[708, 414], [870, 414], [1050, 432], [708, 450], [834, 504], [1014, 666]]",,[],,0.4628395468499276,0.2707426427326777
831,3,1,13.788999999999987,,13518,"[954, 270]",False,,True,0.0,False,very_strong,False,"[[708, 408], [870, 408], [1050, 426], [708, 444], [834, 498], [1014, 660]]",,[],,0.4634841370163526,0.2735312934997387
832,3,1,13.80600000000004,,13518,"[954, 270]",False,,True,0.0,False,very_strong,False,"[[708, 402], [870, 402], [1050, 420], [708, 438], [834, 492], [1014, 654]]",,[],,0.4634841370163526,0.2735312934997387
833,3,1,13.82400000000007,,13518,"[954, 270]",False,,True,0.0,False,very_strong,False,"[[708, 396], [870, 396], [1050, 414], [708, 432], [834, 486], [1014, 648]]",,[],,0.46447919304861,0.2762609753745683
834,3,1,13.839000000000055,,13518,"[954, 270]",False,,True,0.0,False,very_strong,False,"[[708, 390], [870, 390], [1050, 408], [708, 426], [834, 480], [1014, 642]]",,[],,0.46447919304861,0.2762609753745683
835,3,1,13.855999999999995,,13518,"[954, 270]",False,,True,0.0,False,very_strong,False,"[[708, 384], [870, 384], [1050, 402], [708, 420], [834, 474], [1014, 636]]",,[],,0.4641496886472412,0.2824552088303638
836,3,1,13.872000000000071,,13518,"[954, 270]",False,,True,0.0,False,very_strong,False,"[[708, 378], [870, 378], [1050, 396], [708, 414], [834, 468], [1014, 630]]",,[],,0.4643705739183008,0.28290911304482025
837,3,1,13.88900000000001,,13518,"[954, 270]",False,,True,0.0,False,very_strong,False,"[[708, 372], [870, 372], [1050, 390], [708, 408], [834, 462], [1014, 624]]",,[],,0.46450655884508907,0.28607309823067717
838,3,1,13.906000000000063,,13518,"[954, 270]",False,Left,True,0.0,False,very_strong,False,"[[708, 366], [870, 366], [1050, 384], [708, 402], [834, 456], [1014, 618]]",,[],,0.46412527221251354,0.28763250728088696
839,3,1,13.922000000000025,,13518,"[954, 270]",False,Left,True,0.0,False,very_strong,False,"[[714, 360], [876, 360], [1056, 378], [714, 396], [840, 450], [1020, 612]]",,[],,0.46362857176437516,0.2912688177009861
840,3,1,13.937999999999988,,13518,"[954, 270]",False,Left,True,0.0,False,very_strong,False,"[[720, 354], [882, 354], [1062, 372], [720, 390], [846, 444], [1026, 606]]",,[],,0.4633657670384884,0.29276390127230156
841,3,1,13.955000000000041,,13518,"[954, 270]",False,Left,True,0.0,False,very_strong,False,"[[726, 348], [888, 348], [1068, 366], [726, 384], [852, 438], [1032, 600]]",,[],,0.4630815684582334,0.29405123335590777
842,3,1,13.971000000000004,,13518,"[954, 270]",False,Left,True,0.0,False,very_strong,False,"[[732, 342], [894, 342], [1074, 360], [732, 378], [858, 432], [1038, 594]]",,[],,0.46322465393882395,0.2940136241466964
843,3,1,13.988000000000056,,13518,"[954, 270]",False,,True,0.0,False,very_strong,False,"[[738, 336], [900, 336], [1080, 354], [738, 372], [864, 426], [1044, 588]]",,[],,0.46301769644958163,0.2949077327515639
844,3,1,14.003000000000043,,13518,"[954, 270]",False,,True,0.0,False,very_strong,False,"[[738, 330], [900, 330], [1080, 348], [738, 366], [864, 420], [1044, 582]]",,[],,0.45546925489679024,0.29294961996212077
845,3,1,14.019000000000005,,13518,"[954, 270]",False,,True,0.0,False,very_strong,False,"[[738, 324], [900, 324], [1080, 342], [738, 360], [864, 414], [1044, 576]]",,[],,0.4544296575927514,0.2914566387990326
846,3,1,14.034999999999968,,13518,"[954, 270]",False,,True,0.0,False,very_strong,False,"[[738, 318], [900, 318], [1080, 336], [738, 354], [864, 408], [1044, 570]]",,[],,0.4547258391290706,0.2937288707032011
847,3,1,14.052000000000021,,13518,"[954, 270]",False,,True,0.0,False,very_strong,False,"[[738, 312], [900, 312], [1080, 330], [738, 348], [864, 402], [1044, 564]]",,[],,0.4547258391290706,0.2937288707032011
848,3,1,14.071000000000026,,13518,"[954, 270]",False,,True,0.0,False,very_strong,False,"[[738, 306], [900, 306], [1080, 324], [738, 342], [864, 396], [1044, 558], [1098, 810]]",,[],,0.4548304316081623,0.29551581205118493
849,3,1,14.086999999999989,,13518,"[954, 270]",False,,True,0.0,False,very_strong,False,"[[738, 300], [900, 300], [1080, 318], [738, 336], [864, 390], [1044, 552], [1098, 804]]",,[],,0.45569098750319303,0.29576820279476
850,3,1,14.104000000000042,,13518,"[954, 270]",False,,True,0.0,False,very_strong,False,"[[738, 294], [900, 294], [1080, 312], [738, 330], [864, 384], [1044, 546], [1098, 798]]",,[],,0.45524613052406765,0.2972842027397674
851,3,1,14.120000000000005,,13518,"[954, 270]",False,,True,0.0,False,very_strong,False,"[[738, 288], [900, 288], [1080, 306], [738, 324], [864, 378], [1044, 540], [1098, 792]]",,[],,0.4554983702423213,0.29874599597760576
852,3,1,14.135999999999967,,13518,"[954, 270]",False,,True,0.0,False,very_strong,False,"[[738, 282], [900, 282], [1080, 300], [738, 318], [864, 372], [1044, 534], [1098, 786]]",,[],,0.4558186146344768,0.301590669159717
853,3,1,14.15300000000002,,13518,"[954, 270]",False,,True,0.0,False,very_strong,False,"[[738, 276], [900, 276], [1080, 294], [738, 312], [864, 366], [1044, 528], [1098, 780]]",,[],,0.455674463113158,0.3016316309354813
854,3,1,14.168999999999983,,13518,"[954, 270]",False,,True,0.0,False,very_strong,False,"[[738, 270], [900, 270], [1080, 288], [738, 306], [864, 360], [1044, 522], [1098, 774]]",,[],,0.45679601283043547,0.3044814851108447
855,3,1,14.18500000000006,,13518,"[954, 270]",False,,True,0.0,False,very_strong,False,"[[738, 264], [900, 264], [1080, 282], [738, 300], [864, 354], [1044, 516], [1098, 768]]",,[],,0.4577146114055018,0.3046013060855002
856,3,1,14.201999999999998,,13518,"[954, 270]",False,,True,0.0,False,very_strong,False,"[[738, 258], [900, 258], [1080, 276], [738, 294], [864, 348], [1044, 510], [1098, 762]]",,[],,0.4589331411833357,0.3050606877497849
857,3,1,14.219000000000051,,13518,"[954, 270]",False,,True,0.0,False,very_strong,False,"[[738, 252], [900, 252], [1080, 270], [738, 288], [864, 342], [1044, 504], [1098, 756]]",,[],,0.4595412344751234,0.3057351195703757
858,3,1,14.23599999999999,,13518,"[954, 270]",False,,True,0.0,False,very_strong,False,"[[738, 246], [900, 246], [1080, 264], [738, 282], [864, 336], [1044, 498], [1098, 750]]",,[],,0.46039635947271107,0.3071782745772397
859,3,1,14.253000000000043,,13518,"[954, 270]",False,,True,0.0,False,very_strong,False,"[[738, 240], [900, 240], [1080, 258], [738, 276], [864, 330], [1044, 492], [1098, 744]]",,[],,0.46039635947271107,0.3071782745772397
860,3,1,14.269999999999982,,13518,"[954, 270]",False,,True,0.0,False,very_strong,False,"[[738, 234], [900, 234], [1080, 252], [738, 270], [864, 324], [1044, 486], [1098, 738]]",,[],,0.4601793373978847,0.31409076487502474
861,3,1,14.286000000000058,,13518,"[954, 270]",False,,True,0.0,False,very_strong,False,"[[738, 228], [900, 228], [1080, 246], [738, 264], [864, 318], [1044, 480], [1098, 732]]",,[],,0.46012510235512727,0.3139117836829137
862,3,1,14.302999999999997,,13518,"[954, 270]",False,,True,0.0,False,very_strong,False,"[[738, 222], [900, 222], [1080, 240], [738, 258], [864, 312], [1044, 474], [1098, 726]]",,[],,0.4599591425540555,0.31593783923294916
863,3,1,14.32000000000005,,13518,"[954, 270]",False,,True,0.0,False,very_strong,False,"[[738, 216], [900, 216], [1080, 234], [738, 252], [864, 306], [1044, 468], [1098, 720]]",,[],,0.4599591425540555,0.31593783923294916
864,3,1,14.336999999999989,,13518,"[954, 270]",False,,True,0.0,False,very_strong,False,"[[738, 210], [900, 210], [1080, 228], [738, 246], [864, 300], [1044, 462], [1098, 714]]",,[],,0.45944820725523705,0.31899179898309205
865,3,1,14.355000000000018,,13518,"[954, 270]",False,Left,True,0.0,False,very_strong,False,"[[738, 204], [900, 204], [1080, 222], [738, 240], [864, 294], [1044, 456], [1098, 708]]",,[],,0.4597956358865337,0.3206048547252225
866,3,1,14.370999999999981,,13518,"[954, 270]",False,Left,True,0.0,False,very_strong,False,"[[744, 198], [906, 198], [1086, 216], [744, 234], [870, 288], [1050, 450], [1104, 702]]",,[],,0.4597557002820344,0.31151515905664995
867,3,1,14.387000000000057,,13518,"[954, 270]",False,Left,True,0.0,False,very_strong,False,"[[750, 192], [912, 192], [1092, 210], [750, 228], [876, 282], [1056, 444], [1110, 696]]",,[],,0.46191125498564417,0.2923027189848415
868,3,1,14.403999999999996,,13518,"[954, 270]",False,Left,True,0.0,False,very_strong,False,"[[756, 186], [918, 186], [1098, 204], [756, 222], [882, 276], [1062, 438], [1116, 690]]",,[],,0.4602463037942851,0.2850350130957734
869,3,1,14.42100000000005,,13518,"[954, 270]",False,Left,True,0.0,False,very_strong,False,"[[762, 180], [924, 180], [1104, 198], [762, 216], [888, 270], [1068, 432], [1122, 684]]",,[],,0.46068319764434246,0.285259107739225
870,3,1,14.437999999999988,,13518,"[954, 270]",False,Left,True,0.0,False,very_strong,False,"[[768, 174], [930, 174], [1110, 192], [768, 210], [894, 264], [1074, 426], [1128, 678]]",,[],,0.4625468044706379,0.28072061171709306
871,3,1,14.456000000000017,,13518,"[954, 270]",False,,True,0.0,False,very_strong,False,"[[774, 168], [936, 168], [1116, 186], [774, 204], [900, 258], [1080, 420], [1134, 672]]",,[],,0.46255239012688987,0.27910487169861276
872,3,1,14.471000000000004,,13518,"[954, 270]",False,,True,0.0,False,very_strong,False,"[[774, 162], [936, 162], [1116, 180], [774, 198], [900, 252], [1080, 414], [1134, 666]]",,[],,0.4629711536780092,0.2765598081128977
873,3,1,14.488000000000056,,13518,"[954, 270]",False,,True,0.0,False,very_strong,False,"[[774, 156], [936, 156], [1116, 174], [774, 192], [900, 246], [1080, 408], [1134, 660]]",,[],,0.462831325003019,0.27696689346818804
874,3,1,14.504999999999995,,13518,"[954, 270]",False,,True,0.0,False,very_strong,False,"[[774, 150], [936, 150], [1116, 168], [774, 186], [900, 240], [1080, 402], [1134, 654]]",,[],,0.4620988869496432,0.2775789110475556
875,3,1,14.522000000000048,,13518,"[954, 270]",False,,True,0.0,False,very_strong,False,"[[774, 144], [936, 144], [1116, 162], [774, 180], [900, 234], [1080, 396], [1134, 648]]",,[],,0.4624278267423955,0.2783360891702117
876,3,1,14.538000000000011,,13518,"[954, 270]",False,,True,0.0,False,very_strong,False,"[[774, 138], [936, 138], [1116, 156], [774, 174], [900, 228], [1080, 390], [1134, 642]]",,[],,0.4622717130593707,0.2835171196667724
877,3,1,14.555000000000064,,13518,"[954, 270]",False,,True,0.0,False,very_strong,False,"[[774, 132], [936, 132], [1116, 150], [774, 168], [900, 222], [1080, 384], [1134, 636]]",,[],,0.4632310214756437,0.2854730624449865
878,3,1,14.572000000000003,,13518,"[954, 270]",False,,True,0.0,False,very_strong,False,"[[774, 126], [936, 126], [1116, 144], [774, 162], [900, 216], [1080, 378], [1134, 630]]",,[],,0.46355017740012333,0.28659744486892746
879,3,1,14.589000000000055,,13518,"[954, 270]",False,,True,0.0,False,very_strong,False,"[[774, 120], [936, 120], [1116, 138], [774, 156], [900, 210], [1080, 372], [1134, 624]]",,[],,0.4637712095354127,0.28685572315320085
880,3,1,14.605999999999995,,13518,"[954, 270]",False,,True,0.0,False,very_strong,False,"[[774, 114], [936, 114], [1116, 132], [774, 150], [900, 204], [1080, 366], [1134, 618]]",,[],,0.46428507316230583,0.29167373860341517
881,3,1,14.623000000000047,,13518,"[954, 270]",False,,True,0.0,False,very_strong,False,"[[774, 108], [936, 108], [1116, 126], [774, 144], [900, 198], [1080, 360], [1134, 612]]",,[],,0.4641576330974166,0.29321149087949194
882,3,1,14.63900000000001,,13518,"[954, 270]",False,,True,0.0,False,very_strong,False,"[[774, 102], [936, 102], [1116, 120], [774, 138], [900, 192], [1080, 354], [1134, 606]]",,[],,0.4640663899776464,0.29454612839802374
883,3,1,14.656000000000063,,13518,"[954, 270]",False,,True,0.0,False,very_strong,False,"[[774, 96], [936, 96], [1116, 114], [774, 132], [900, 186], [1080, 348], [1134, 600]]",,[],,0.46330064977908164,0.29521819302811625
884,3,1,14.672000000000025,,13518,"[954, 270]",False,,True,0.0,False,very_strong,False,"[[774, 90], [936, 90], [1116, 108], [774, 126], [900, 180], [1080, 342], [1134, 594]]",,[],,0.46288972578546506,0.296909529624625
885,3,1,14.688999999999965,,13518,"[954, 270]",False,,True,0.0,False,very_strong,False,"[[774, 84], [936, 84], [1116, 102], [774, 120], [900, 174], [1080, 336], [1134, 588]]",,[],,0.4627245576378066,0.29715507044858736
886,3,1,14.706000000000017,,13518,"[954, 270]",False,,True,0.0,False,very_strong,False,"[[774, 78], [936, 78], [1116, 96], [774, 114], [900, 168], [1080, 330], [1134, 582]]",,[],,0.46282793101526315,0.2979535192681957
887,3,1,14.72199999999998,,13518,"[954, 270]",False,,True,0.0,False,very_strong,False,"[[774, 72], [936, 72], [1116, 90], [774, 108], [900, 162], [1080, 324], [1134, 576]]",,[],,0.4633594914626954,0.2992832155401589
888,3,1,14.738000000000056,,13518,"[954, 270]",False,,True,0.0,False,very_strong,False,"[[774, 66], [936, 66], [1116, 84], [774, 102], [900, 156], [1080, 318], [1134, 570]]",,[],,0.46346328809284554,0.30107432522581945
889,3,1,14.754000000000019,,13518,"[954, 270]",False,,True,0.0,False,very_strong,False,"[[774, 60], [936, 60], [1116, 78], [774, 96], [900, 150], [1080, 312], [1134, 564]]",,[],,0.4347576728656895,0.2840773308702681
890,3,1,14.769999999999982,,13518,"[954, 270]",False,,True,0.0,False,very_strong,False,"[[774, 54], [936, 54], [1116, 72], [774, 90], [900, 144], [1080, 306], [1134, 558]]",,[],,0.4642692611877754,0.30388741136003916
891,3,1,14.787000000000035,,13518,"[954, 270]",False,,True,0.0,False,very_strong,False,"[[774, 48], [936, 48], [1116, 66], [774, 84], [900, 138], [1080, 300], [1134, 552]]",,[],,0.4642692611877754,0.30388741136003916
892,3,1,14.803999999999974,,13518,"[954, 270]",False,Left,True,0.0,False,very_strong,False,"[[774, 42], [936, 42], [1116, 60], [774, 78], [900, 132], [1080, 294], [1134, 546]]",,[],,0.4776157624374462,0.3199010365221099
893,3,1,14.82000000000005,,13518,"[954, 270]",False,Left,True,0.0,False,very_strong,False,"[[780, 36], [942, 36], [1122, 54], [780, 72], [906, 126], [1086, 288], [1140, 540]]",,[],,0.4776157624374462,0.3199010365221099
894,3,1,14.836000000000013,,13518,"[954, 270]",False,Left,True,0.0,False,very_strong,False,"[[786, 30], [948, 30], [1128, 48], [786, 66], [912, 120], [1092, 282], [1146, 534]]",,[],,0.464868062275157,0.11945673764897502
895,3,1,14.851999999999975,,13518,"[954, 270]",False,Left,True,0.0,False,very_strong,False,"[[792, 24], [954, 24], [1134, 42], [792, 60], [918, 114], [1098, 276], [1152, 528]]",,[],,0.464868062275157,0.11945673764897502
896,3,1,14.868000000000052,,13518,"[954, 270]",False,Left,True,0.0,False,very_strong,False,"[[798, 18], [960, 18], [1140, 36], [798, 54], [924, 108], [1104, 270], [1158, 522]]",,[],,0.5103268752951194,0.039755103613529075
897,3,1,14.884999999999991,,13518,"[954, 270]",False,Left,True,0.0,False,very_strong,False,"[[804, 12], [966, 12], [1146, 30], [804, 48], [930, 102], [1110, 264], [1164, 516]]",,[],,0.5103268752951194,0.039755103613529075
898,3,1,14.901000000000067,,13518,"[954, 270]",False,Left,True,0.0,False,very_strong,False,"[[810, 6], [972, 6], [1152, 24], [810, 42], [936, 96], [1116, 258], [1170, 510]]",,[],,0.41438431703369505,0.2427290280416029
899,3,1,14.918000000000006,,13518,"[954, 270]",False,,True,0.0,False,very_strong,False,"[[816, 0], [978, 0], [1158, 18], [816, 36], [942, 90], [1122, 252], [1176, 504]]",,[],,0.41438431703369505,0.2427290280416029
900,3,1,14.932999999999993,,13518,"[954, 270]",False,,True,0.0,False,very_strong,False,"[[1158, 12], [816, 30], [942, 84], [1122, 246], [1176, 498]]",,[],,0.41521834574189154,0.229975659607484
901,3,1,14.950000000000045,,13518,"[954, 270]",False,,True,0.0,False,very_strong,False,"[[1158, 6], [816, 24], [942, 78], [1122, 240], [1176, 492]]",,[],,0.41521834574189154,0.229975659607484
902,3,1,14.966999999999985,,13518,"[954, 270]",False,,True,0.0,False,very_strong,False,"[[1158, 0], [816, 18], [942, 72], [1122, 234], [1176, 486]]",,[],,0.4687228482485704,0.23699995259858297
903,3,1,14.984000000000037,,13518,"[954, 270]",False,,True,0.0,False,very_strong,False,"[[816, 12], [942, 66], [1122, 228], [1176, 480]]",,[],,0.468854584389784,0.23671670361396402
904,3,1,15.0,,13518,"[954, 270]",False,,True,0.0,False,very_strong,False,"[[816, 6], [942, 60], [1122, 222], [1176, 474]]",,[],,0.4677791853440808,0.2299740710034348
905,3,1,15.017000000000053,,13518,"[954, 270]",False,,True,0.0,False,very_strong,False,"[[816, 0], [942, 54], [1122, 216], [1176, 468]]",,[],,0.4677791853440808,0.2299740710034348
906,3,1,15.034999999999968,,13518,"[954, 270]",False,Left,True,0.0,False,very_strong,False,"[[942, 48], [1122, 210], [1176, 462]]",,[],,0.46862086709281464,0.21950422987023088
907,3,1,15.052000000000021,,13518,"[954, 270]",False,Left,True,0.0,False,very_strong,False,"[[948, 42], [1128, 204], [1182, 456]]",,"[[1416, 810]]",,0.46862086709281464,0.21950422987023088
908,3,1,15.067000000000007,,13518,"[954, 270]",False,Left,True,0.0,False,very_strong,False,"[[954, 36], [1134, 198], [1188, 450]]",,"[[1422, 804]]",,0.4575784201186094,0.2361103788341501
909,3,1,15.08400000000006,,13518,"[954, 270]",False,Left,True,0.0,False,very_strong,False,"[[960, 30], [1140, 192], [1194, 444]]",,"[[1428, 798]]",,0.4575784201186094,0.2361103788341501
910,3,1,15.100999999999999,,13518,"[954, 270]",False,Left,True,0.0,False,very_strong,False,"[[966, 24], [1146, 186], [1200, 438]]",,"[[1434, 792]]",,0.45793883302971866,0.23753520845186438
911,3,1,15.117000000000075,,13518,"[954, 270]",False,Left,True,0.0,False,very_strong,False,"[[972, 18], [1152, 180], [1206, 432]]",,"[[1440, 786]]",,0.45793883302971866,0.23753520845186438
912,3,1,15.133000000000038,,13518,"[954, 270]",False,Left,True,0.0,False,very_strong,False,"[[978, 12], [1158, 174], [1212, 426]]",,"[[1446, 780]]",,0.4596322572538954,0.2410704293119137
913,3,1,15.149999999999977,,13518,"[954, 270]",False,,True,0.0,False,very_strong,False,"[[984, 6], [1164, 168], [1218, 420]]",,"[[1446, 774]]",,0.4596322572538954,0.2410704293119137
914,3,1,15.166000000000054,,13518,"[954, 270]",False,,True,0.0,False,very_strong,False,"[[984, 0], [1164, 162], [1218, 414]]",,"[[1446, 768]]",,0.4611942303755411,0.24416720518804025
915,3,1,15.182999999999993,,13518,"[954, 270]",False,,True,0.0,False,very_strong,False,"[[1164, 156], [1218, 408]]",,"[[1446, 762]]",,0.4611942303755411,0.24416720518804025
916,3,1,15.19900000000007,,13518,"[954, 270]",False,,True,0.0,False,very_strong,False,"[[1164, 150], [1218, 402]]",,"[[1446, 756]]",,0.46180613000507564,0.24813190982596067
917,3,1,15.215000000000032,,13518,"[954, 270]",False,,True,0.0,False,very_strong,False,"[[1164, 144], [1218, 396]]",,"[[1446, 750]]",,0.46180613000507564,0.24813190982596067
918,3,1,15.231999999999971,,13518,"[954, 270]",False,,True,0.0,False,very_strong,False,"[[1164, 138], [1218, 390]]",,"[[1446, 744]]",,0.4628736556335755,0.2518663345195974
919,3,1,15.248000000000047,,13518,"[954, 270]",False,,True,0.0,False,very_strong,False,"[[1164, 132], [1218, 384]]",,"[[1446, 738]]",,0.4626745824772239,0.2535377666128903
920,3,1,15.26400000000001,,13518,"[954, 270]",False,,True,0.0,False,very_strong,False,"[[1164, 126], [1218, 378], [948, 810]]",,"[[1446, 732]]",,0.46299768816707887,0.25488898419355743
921,3,1,15.281000000000063,,13518,"[954, 270]",False,,True,0.0,False,very_strong,False,"[[1164, 120], [1218, 372], [948, 804]]",,"[[1446, 726]]",,0.46299768816707887,0.25488898419355743
922,3,1,15.297000000000025,,13518,"[954, 270]",False,,True,0.0,False,very_strong,False,"[[1164, 114], [1218, 366], [948, 798]]",,"[[1446, 720]]",,0.4623707843810143,0.2603513443880745
923,3,1,15.313999999999965,,13518,"[954, 270]",False,,True,0.0,False,very_strong,False,"[[1164, 108], [1218, 360], [948, 792]]",,"[[1446, 714]]",,0.4623707843810143,0.2603513443880745
924,3,1,15.330000000000041,,13518,"[954, 270]",False,,True,0.0,False,very_strong,False,"[[1164, 102], [1218, 354], [948, 786]]",,"[[1446, 708]]",,0.46827679755458285,0.24696344271509618
925,3,1,15.34699999999998,,13518,"[954, 270]",False,,True,0.0,False,very_strong,False,"[[1164, 96], [1218, 348], [948, 780]]",,"[[1446, 702]]",,0.4777660396690176,0.22486979006736796
926,3,1,15.364000000000033,,13518,"[954, 270]",False,,True,0.0,False,very_strong,False,"[[1164, 90], [1218, 342], [948, 774]]",,"[[1446, 696]]",,0.5127855240628072,0.19407124824915656
927,3,1,15.380999999999972,,13518,"[954, 270]",False,,True,0.0,False,very_strong,False,"[[1164, 84], [1218, 336], [948, 768]]",,"[[1446, 690]]",,0.5127855240628072,0.19407124824915656
928,3,1,15.398000000000025,,13518,"[954, 270]",False,,True,0.0,False,very_strong,False,"[[1164, 78], [1218, 330], [948, 762]]",,"[[1446, 684]]",,0.5145375224066218,0.1958311638886705
929,3,1,15.414999999999964,,13518,"[954, 270]",False,,True,0.0,False,very_strong,False,"[[1164, 72], [1218, 324], [948, 756]]",,"[[1446, 678]]",,0.5149901473663014,0.1952019003380583
930,3,1,15.432000000000016,,13518,"[954, 270]",False,,True,0.0,False,very_strong,False,"[[1164, 66], [1218, 318], [948, 750]]",,"[[1446, 672]]",,0.5154840563421355,0.19561864161956577
931,3,1,15.44900000000007,,13518,"[954, 270]",False,,True,0.0,False,very_strong,False,"[[1164, 60], [1218, 312], [948, 744]]",,"[[1446, 666]]",,0.5154840563421355,0.19561864161956577
932,3,1,15.466000000000008,,13518,"[954, 270]",False,,True,0.0,False,very_strong,False,"[[1164, 54], [1218, 306], [948, 738]]",,"[[1446, 660]]",,0.5161224469968322,0.20143754237045108
933,3,1,15.483000000000061,,13518,"[954, 270]",False,,True,0.0,False,very_strong,False,"[[1164, 48], [1218, 300], [948, 732]]",,"[[1446, 654]]",,0.5161224469968322,0.20143754237045108
934,3,1,15.5,,13518,"[954, 270]",False,,True,0.0,False,very_strong,False,"[[1164, 42], [1218, 294], [948, 726]]",,"[[1446, 648]]",,0.5139967380649864,0.2092400127781967
935,3,1,15.516000000000076,,13518,"[954, 270]",False,,True,0.0,False,very_strong,False,"[[1164, 36], [1218, 288], [948, 720]]",,"[[1446, 642]]",,0.5136207084036062,0.21285276192522085
936,3,1,15.533000000000015,,13518,"[954, 270]",False,,True,0.0,False,very_strong,False,"[[1164, 30], [1218, 282], [948, 714]]",,"[[1446, 636]]",,0.49724360984891725,0.2021050231209791
937,3,1,15.550000000000068,,13518,"[954, 270]",False,,True,0.0,False,very_strong,False,"[[1164, 24], [1218, 276], [948, 708]]",,"[[1446, 630]]",,0.49724360984891725,0.2021050231209791
938,3,1,15.567999999999984,,13518,"[954, 270]",False,Right,True,0.0,False,very_strong,False,"[[1164, 18], [1218, 270], [948, 702]]",,"[[1440, 624]]",,0.4750991009995588,0.18355627598939406
939,3,1,15.58400000000006,,13518,"[954, 270]",False,Right,True,0.0,False,very_strong,False,"[[1158, 12], [1212, 264], [942, 696]]",,"[[1434, 618]]",,0.47559341008970024,0.18358441931715264
940,3,1,15.599000000000046,,13518,"[954, 270]",False,Right,True,0.0,False,very_strong,False,"[[1152, 6], [1206, 258], [936, 690]]",,"[[1428, 612]]",,0.47818045599641545,0.17335639158106886
941,3,1,15.615999999999985,,13518,"[954, 270]",False,Right,True,0.0,False,very_strong,False,"[[1146, 0], [1200, 252], [930, 684]]",,"[[1422, 606]]",,0.47815369742724867,0.17164837450638526
942,3,1,15.632000000000062,,13518,"[954, 270]",False,Right,True,0.0,False,very_strong,False,"[[1194, 246], [924, 678]]",,"[[1416, 600]]",,0.47563992731666704,0.17176660334248217
943,3,1,15.649000000000001,,13518,"[954, 270]",False,Right,True,0.0,False,very_strong,False,"[[1188, 240], [918, 672]]",,"[[1410, 594]]",,0.47563992731666704,0.17176660334248217
944,3,1,15.664999999999964,,13518,"[954, 270]",False,Right,True,0.0,False,very_strong,False,"[[1182, 234], [912, 666]]",,"[[1404, 588]]",,0.47441695296025344,0.17190727738045808
945,3,1,15.682000000000016,,13518,"[954, 270]",False,,True,0.0,False,very_strong,False,"[[1176, 228], [906, 660]]",,"[[1404, 582]]",,0.47211547144646165,0.17388774803174445
946,3,1,15.697000000000003,,13518,"[954, 270]",False,,True,0.0,False,very_strong,False,"[[1176, 222], [906, 654]]",,"[[1404, 576]]",,0.4710345571240187,0.1808057563244022
947,3,1,15.714000000000055,,13518,"[954, 270]",False,,True,0.0,False,very_strong,False,"[[1176, 216], [906, 648]]",,"[[1404, 570]]",,0.47056993921236917,0.18359329981845163
948,3,1,15.730000000000018,,13518,"[954, 270]",False,,True,0.0,False,very_strong,False,"[[1176, 210], [906, 642]]",,"[[1404, 564]]",,0.4712536995865319,0.18668828687878203
949,3,1,15.745999999999981,,13518,"[954, 270]",False,,True,0.0,False,very_strong,False,"[[1176, 204], [906, 636]]",,"[[1404, 558]]",,0.47120034788606524,0.18823983870991146
950,3,1,15.763000000000034,,13518,"[954, 270]",False,,True,0.0,False,very_strong,False,"[[1176, 198], [906, 630]]",,"[[1404, 552]]",,0.47098690380708524,0.19112595398820864
951,3,1,15.779999999999973,,13518,"[954, 270]",False,,True,0.0,False,very_strong,False,"[[1176, 192], [906, 624]]",,"[[1404, 546]]",,0.470086304469988,0.19406313334056002
952,3,1,15.79600000000005,,13518,"[954, 270]",False,,True,0.0,False,very_strong,False,"[[1176, 186], [906, 618]]",,"[[1404, 540]]",,0.4683313068991467,0.20017266777973142
953,3,1,15.812999999999988,,13518,"[954, 270]",False,,True,0.0,False,very_strong,False,"[[1176, 180], [906, 612]]",,"[[1404, 534]]",,0.4681541682770486,0.2008307656938083
954,3,1,15.829000000000065,,13518,"[954, 270]",False,,True,0.0,False,very_strong,False,"[[1176, 174], [906, 606]]",,"[[1404, 528]]",,0.46765487470754274,0.20212765662249377
955,3,1,15.846000000000004,,13518,"[954, 270]",False,,True,0.0,False,very_strong,False,"[[1176, 168], [906, 600]]",,"[[1404, 522]]",,0.4653545497710607,0.21645689074312968
956,3,1,15.863000000000056,,13518,"[954, 270]",False,,True,0.0,False,very_strong,False,"[[1176, 162], [906, 594]]",,"[[1404, 516]]",,0.4658269956562003,0.21618714982402087
957,3,1,15.879999999999995,,13518,"[954, 270]",False,,True,0.0,False,very_strong,False,"[[1176, 156], [906, 588]]",,"[[1404, 510]]",,0.46619225109720175,0.21740367705632768
958,3,1,15.896000000000072,,13518,"[954, 270]",False,,True,0.0,False,very_strong,False,"[[1176, 150], [906, 582]]",,"[[1404, 504]]",,0.4675918491533865,0.21806593109691164
959,3,1,15.912000000000035,,13518,"[954, 270]",False,,True,0.0,False,very_strong,False,"[[1176, 144], [906, 576]]",,"[[1404, 498]]",,0.468757665616662,0.21760322560108258
960,3,1,15.928999999999974,,13518,"[954, 270]",False,,True,0.0,False,very_strong,False,"[[1176, 138], [906, 570]]",,"[[1404, 492]]",,0.46913724441415966,0.21586928031834318
961,3,1,15.946000000000026,,13518,"[954, 270]",False,,True,0.0,False,very_strong,False,"[[1176, 132], [906, 564]]",,"[[1404, 486]]",,0.47198886975263826,0.2097181206518577
962,3,1,15.961999999999989,,13518,"[954, 270]",False,,True,0.0,False,very_strong,False,"[[1176, 126], [906, 558], [1032, 810]]",,"[[1404, 480]]",,0.4726772159306979,0.2097345784752207
963,3,1,15.979000000000042,,13518,"[954, 270]",False,Right,True,0.0,False,very_strong,False,"[[1176, 120], [906, 552], [1032, 804]]",,"[[1398, 474]]",,0.47381482345403275,0.2108389403340335
964,3,1,15.995000000000005,,13518,"[954, 270]",False,Right,True,0.0,False,very_strong,False,"[[1170, 114], [900, 546], [1026, 798]]",,"[[1392, 468]]",,0.4744849872497596,0.21197800555083735
965,3,1,16.010999999999967,,13518,"[954, 270]",False,Right,True,0.0,False,very_strong,False,"[[1164, 108], [894, 540], [1020, 792]]",,"[[1386, 462]]",,0.47576810068162595,0.21515972413714546
966,3,1,16.02800000000002,,13518,"[954, 270]",False,Right,True,0.0,False,very_strong,False,"[[1158, 102], [888, 534], [1014, 786]]",,"[[1380, 456]]",,0.47576810068162595,0.21515972413714546
967,3,1,16.045000000000073,,13518,"[954, 270]",False,Right,True,0.0,False,very_strong,False,"[[1152, 96], [882, 528], [1008, 780]]",,"[[1374, 450]]",,0.47659139127924083,0.22097604268232862
968,3,1,16.062000000000012,,13518,"[954, 270]",False,Right,True,0.0,False,very_strong,False,"[[1146, 90], [876, 522], [1002, 774]]",,"[[1368, 444]]",,0.4761059211887135,0.2222276287433521
969,3,1,16.077999999999975,,13518,"[954, 270]",False,Right,True,0.0,False,very_strong,False,"[[1140, 84], [870, 516], [996, 768]]",,"[[1362, 438]]",,0.4758459239057083,0.22500140327822382
970,3,1,16.095000000000027,,13518,"[954, 270]",False,Right,True,0.0,False,very_strong,False,"[[1134, 78], [864, 510], [990, 762]]",,"[[1356, 432]]",,0.4758459239057083,0.22500140327822382
971,3,1,16.113000000000056,,13518,"[954, 270]",False,,True,0.0,False,very_strong,False,"[[1128, 72], [858, 504], [984, 756]]",,"[[1356, 426]]",,0.4753463188434222,0.22807519559331146
972,3,1,16.12900000000002,,13518,"[954, 270]",False,,True,0.0,False,very_strong,False,"[[1128, 66], [858, 498], [984, 750]]",,"[[1356, 420]]",,0.47565196398291504,0.22812611596129406
973,3,1,16.144999999999982,,13518,"[954, 270]",False,,True,0.0,False,very_strong,False,"[[1128, 60], [858, 492], [984, 744]]",,"[[1356, 414]]",,0.4761762531099791,0.23018894942345347
974,3,1,16.162000000000035,,13518,"[954, 270]",False,,True,0.0,False,very_strong,False,"[[1128, 54], [858, 486], [984, 738]]",,"[[1356, 408]]",,0.4759247343074276,0.2315595368567469
975,3,1,16.178999999999974,,13518,"[954, 270]",False,,True,0.0,False,very_strong,False,"[[1128, 48], [858, 480], [984, 732]]",,"[[1356, 402]]",,0.47564085823253643,0.23534466473229954
976,3,1,16.19500000000005,,13518,"[954, 270]",False,,True,0.0,False,very_strong,False,"[[1128, 42], [858, 474], [984, 726]]",,"[[1356, 396]]",,0.47564085823253643,0.23534466473229954
977,3,1,16.21199999999999,,13518,"[954, 270]",False,Right,True,0.0,False,very_strong,False,"[[1128, 36], [858, 468], [984, 720]]",,"[[1350, 390]]",,0.47354475914322086,0.24132713294064445
978,3,1,16.228000000000065,,13518,"[954, 270]",False,Right,True,0.0,False,very_strong,False,"[[1122, 30], [852, 462], [978, 714]]",,"[[1344, 384]]",,0.47354475914322086,0.24132713294064445
979,3,1,16.245000000000005,,13518,"[954, 270]",False,Right,True,0.0,False,very_strong,False,"[[1116, 24], [846, 456], [972, 708]]",,"[[1338, 378]]",,0.4736196565082332,0.24438972992442198
980,3,1,16.262000000000057,,13518,"[954, 270]",False,Right,True,0.0,False,very_strong,False,"[[1110, 18], [840, 450], [966, 702]]",,"[[1332, 372]]",,0.47338541747645796,0.24533095223638157
981,3,1,16.27800000000002,,13518,"[954, 270]",False,Right,True,0.0,False,very_strong,False,"[[1104, 12], [834, 444], [960, 696]]",,"[[1326, 366]]",,0.4736051192827402,0.2473879112450994
982,3,1,16.295000000000073,,13518,"[954, 270]",False,Right,True,0.0,False,very_strong,False,"[[1098, 6], [828, 438], [954, 690]]",,"[[1320, 360]]",,0.4736051192827402,0.2473879112450994
983,3,1,16.312999999999988,,13518,"[954, 270]",False,,True,0.0,False,very_strong,False,"[[1092, 0], [822, 432], [948, 684]]",,"[[1320, 354]]",,0.4751134646060235,0.24619854459152968
984,3,1,16.329000000000065,,13518,"[954, 270]",False,,True,0.0,False,very_strong,False,"[[822, 426], [948, 678]]",,"[[1320, 348]]",,0.47541548561017305,0.24718625919274584
985,3,1,16.346000000000004,,13518,"[954, 270]",False,,True,0.0,False,very_strong,False,"[[822, 420], [948, 672]]",,"[[1320, 342]]",,0.47605786855986293,0.24960563262169366
986,3,1,16.363000000000056,,13518,"[954, 270]",False,,True,0.0,False,very_strong,False,"[[822, 414], [948, 666], [1056, 810]]",,"[[1320, 336]]",,0.47605786855986293,0.24960563262169366
987,3,1,16.37900000000002,,13518,"[954, 270]",False,,True,0.0,False,very_strong,False,"[[822, 408], [948, 660], [1056, 804]]",,"[[1320, 330]]",,0.475276358127081,0.2550603774378136
988,3,1,16.394999999999982,,13518,"[954, 270]",False,,True,0.0,False,very_strong,False,"[[822, 402], [948, 654], [1056, 798]]",,"[[1320, 324]]",,0.475276358127081,0.2550603774378136
989,3,1,16.412000000000035,,13518,"[954, 270]",False,,True,0.0,False,very_strong,False,"[[822, 396], [948, 648], [1056, 792]]",,"[[1320, 318]]",,0.47349625203679374,0.2574577708082202
990,3,1,16.428999999999974,,13518,"[954, 270]",False,Right,True,0.0,False,very_strong,False,"[[822, 390], [948, 642], [1056, 786]]",,"[[1314, 312]]",,0.47292317955265595,0.2575222674582268
991,3,1,16.444000000000074,,13518,"[954, 270]",False,Right,True,1.0,False,very_strong,False,"[[816, 384], [942, 636], [1050, 780]]",,"[[1308, 306]]",,0.4739825931000065,0.2591925582911935
992,3,1,16.460000000000036,,13518,"[954, 270]",False,Right,True,1.0,False,very_strong,False,"[[810, 378], [936, 630], [1044, 774]]",,"[[1308, 300]]",,0.4739825931000065,0.2591925582911935
993,3,1,16.476,,13518,"[954, 270]",False,Right,True,1.0,False,very_strong,False,"[[810, 372], [936, 624], [1044, 768]]",,"[[1308, 294]]",,0.4749504647441435,0.2610967320851064
994,3,1,16.493000000000052,,13518,"[954, 270]",False,Right,True,1.0,False,very_strong,False,"[[810, 366], [936, 618], [1044, 762]]",,"[[1308, 288]]",,0.4749504647441435,0.2610967320851064
995,3,1,16.50999999999999,,13518,"[954, 270]",False,Right,True,1.0,False,very_strong,False,"[[810, 360], [936, 612], [1044, 756]]",,"[[1308, 282]]",,0.4748963794325333,0.2655587404212856
996,3,1,16.526000000000067,,13518,"[954, 270]",False,Right,True,1.0,False,very_strong,False,"[[810, 354], [936, 606], [1044, 750]]",,"[[1308, 276]]",,0.4748963794325333,0.2655587404212856
997,3,1,16.543000000000006,,13518,"[954, 270]",False,,True,1.0,False,very_strong,False,"[[810, 348], [936, 600], [1044, 744]]",,"[[1314, 270]]",,0.47424411696306973,0.2715705829882069
998,3,1,16.56000000000006,,13518,"[954, 270]",False,,True,1.0,False,very_strong,False,"[[816, 342], [942, 594], [1050, 738]]",,"[[1320, 264]]",,0.47424411696306973,0.2715705829882069
999,3,1,16.575000000000045,,13518,"[954, 270]",False,,True,1.0,False,very_strong,False,"[[822, 336], [948, 588], [1056, 732]]",,"[[1326, 258]]",,0.4727761397860949,0.2770159078876884
1000,3,1,16.591999999999985,,13518,"[954, 270]",False,,True,1.0,False,very_strong,False,"[[828, 330], [954, 582], [1062, 726]]",,"[[1332, 252]]",,0.4727761397860949,0.2770159078876884
1001,3,1,16.609000000000037,,13518,"[954, 270]",False,,True,1.0,False,very_strong,False,"[[834, 324], [960, 576], [1068, 720]]",,"[[1338, 246]]",,0.4727926002993029,0.27895506511148305
1002,3,1,16.627000000000066,,13518,"[954, 270]",False,Right,True,1.0,False,very_strong,False,"[[840, 318], [966, 570], [1074, 714]]",,"[[1338, 240]]",,0.4727926002993029,0.27895506511148305
1003,3,1,16.64300000000003,,13518,"[954, 270]",False,Right,True,1.0,False,very_strong,False,"[[840, 312], [966, 564], [1074, 708]]",,"[[1338, 234]]",,0.4741304015176174,0.27927484592169705
1004,3,1,16.659999999999968,,13518,"[954, 270]",False,Right,True,1.0,False,very_strong,False,"[[840, 306], [966, 558], [1074, 702]]",,"[[1338, 228]]",,0.4741304015176174,0.27927484592169705
1005,3,1,16.67700000000002,,13518,"[954, 270]",False,Right,True,1.0,False,very_strong,False,"[[840, 300], [966, 552], [1074, 696]]",,"[[1338, 222]]",,0.4748228931423918,0.2812987246566213
1006,3,1,16.694000000000074,,13518,"[954, 270]",False,Right,True,1.0,False,very_strong,False,"[[840, 294], [966, 546], [1074, 690]]",,"[[1338, 216]]",,0.4748228931423918,0.2812987246566213
1007,3,1,16.710000000000036,,13518,"[954, 270]",False,Right,True,1.0,False,very_strong,False,"[[840, 288], [966, 540], [1074, 684]]",,"[[1338, 210]]",,0.47987943189488486,0.2582910638213948
1008,3,1,16.726999999999975,,13518,"[954, 270]",False,Right,True,1.0,False,very_strong,False,"[[840, 282], [966, 534], [1074, 678]]",,"[[1338, 204]]",,0.47987943189488486,0.2582910638213948
1009,3,1,16.744000000000028,,13518,"[954, 270]",False,Right,True,1.0,False,very_strong,False,"[[840, 276], [966, 528], [1074, 672]]",,"[[1338, 198]]",,0.47923569726156867,0.26577813116454474
1010,3,1,16.760999999999967,,13518,"[954, 270]",False,Right,True,1.0,False,very_strong,False,"[[840, 270], [966, 522], [1074, 666]]",,"[[1338, 192]]",,0.47923569726156867,0.26577813116454474
1011,3,1,16.77800000000002,,13518,"[954, 270]",False,,True,1.0,False,very_strong,False,"[[840, 264], [966, 516], [1074, 660]]",,"[[1344, 186]]",,0.4793622599655703,0.26792148207885336
1012,3,1,16.795000000000073,,13518,"[954, 270]",False,,True,1.0,False,very_strong,False,"[[846, 258], [972, 510], [1080, 654]]",,"[[1350, 180]]",,0.4793622599655703,0.26792148207885336
1013,3,1,16.81000000000006,,13518,"[954, 270]",False,,True,1.0,False,very_strong,False,"[[852, 252], [978, 504], [1086, 648]]",,"[[1356, 174]]",,0.4806855909265164,0.27164291306734
1014,3,1,16.826999999999998,,13518,"[954, 270]",False,,True,1.0,False,very_strong,False,"[[858, 246], [984, 498], [1092, 642]]",,"[[1362, 168]]",,0.4806855909265164,0.27164291306734
1015,3,1,16.84400000000005,,13518,"[954, 270]",False,,True,1.0,False,very_strong,False,"[[864, 240], [990, 492], [1098, 636]]",,"[[1368, 162]]",,0.4799248097951157,0.2745451416885213
1016,3,1,16.86099999999999,,13518,"[954, 270]",False,Right,True,1.0,False,very_strong,False,"[[870, 234], [996, 486], [1104, 630]]",,"[[1368, 156]]",,0.4799248097951157,0.2745451416885213
1017,3,1,16.877000000000066,,13518,"[954, 270]",False,Right,True,1.0,False,very_strong,False,"[[870, 228], [996, 480], [1104, 624]]",,"[[1368, 150]]",,0.4799300422530265,0.2733216907322009
1018,3,1,16.894000000000005,,13518,"[954, 270]",False,Right,True,1.0,False,very_strong,False,"[[870, 222], [996, 474], [1104, 618]]",,"[[1368, 144]]",,0.4799300422530265,0.2733216907322009
1019,3,1,16.911000000000058,,13518,"[954, 270]",False,Right,True,1.0,False,very_strong,False,"[[870, 216], [996, 468], [1104, 612]]",,"[[1368, 138]]",,0.47902360832341906,0.2724202572655483
1020,3,1,16.928999999999974,,13518,"[954, 270]",False,Right,True,1.0,False,very_strong,False,"[[870, 210], [996, 462], [1104, 606]]",,"[[1368, 132]]",,0.47902360832341906,0.2724202572655483
1021,3,1,16.94500000000005,,13518,"[954, 270]",False,Right,True,1.0,False,very_strong,False,"[[870, 204], [996, 456], [1104, 600]]",,"[[1368, 126]]",,0.4792996366217467,0.2749902019438957
1022,3,1,16.961000000000013,,13518,"[954, 270]",False,Right,True,1.0,False,very_strong,False,"[[870, 198], [996, 450], [1104, 594]]",,"[[1368, 120]]",,0.4792996366217467,0.2749902019438957
1023,3,1,16.978000000000065,,13518,"[954, 270]",False,Right,True,1.0,False,very_strong,False,"[[870, 192], [996, 444], [1104, 588]]",,"[[1368, 114]]",,0.4794130095288425,0.2767021459088257
1024,3,1,16.995000000000005,,13518,"[954, 270]",False,Right,True,1.0,False,very_strong,False,"[[870, 186], [996, 438], [1104, 582]]",,"[[1368, 108]]",,0.4794130095288425,0.2767021459088257
1025,3,1,17.012000000000057,,13518,"[954, 270]",False,Right,True,1.0,False,very_strong,False,"[[870, 180], [996, 432], [1104, 576]]",,"[[1368, 102]]",,0.47885680804974057,0.2810244395039744
1026,3,1,17.028999999999996,,13518,"[954, 270]",False,,True,1.0,False,very_strong,False,"[[870, 174], [996, 426], [1104, 570]]",,"[[1374, 96]]",,0.47885680804974057,0.2810244395039744
1027,3,1,17.043999999999983,,13518,"[954, 270]",False,,True,1.0,False,very_strong,False,"[[876, 168], [1002, 420], [1110, 564]]",,"[[1380, 90]]",,0.477965949928593,0.2836749215054558
1028,3,1,17.061000000000035,,13518,"[954, 270]",False,,True,1.0,False,very_strong,False,"[[882, 162], [1008, 414], [1116, 558]]",,"[[1386, 84]]",,0.477965949928593,0.2836749215054558
1029,3,1,17.076999999999998,,13518,"[954, 270]",False,,True,1.0,False,very_strong,False,"[[888, 156], [1014, 408], [1122, 552]]",,"[[1392, 78]]",,0.47810880012318646,0.2867885437924321
1030,3,1,17.095000000000027,,13518,"[954, 270]",False,,True,1.0,False,very_strong,False,"[[894, 150], [1020, 402], [1128, 546]]",,"[[1398, 72]]",,0.47810880012318646,0.2867885437924321
1031,3,1,17.111999999999966,,13518,"[954, 270]",False,,True,1.0,False,very_strong,False,"[[900, 144], [1026, 396], [1134, 540]]",,"[[1404, 66]]",,0.4776257795242338,0.28698768832969235
1032,3,1,17.129999999999995,,13518,"[954, 270]",False,,True,1.0,False,very_strong,False,"[[906, 138], [1032, 390], [1140, 534]]",,"[[1410, 60]]",,0.4776257795242338,0.28698768832969235
1033,3,1,17.146000000000072,,13518,"[954, 270]",False,,True,1.0,False,very_strong,False,"[[912, 132], [1038, 384], [1146, 528]]",,"[[1416, 54]]",,0.47943948230570327,0.2875514590756756
1034,3,1,17.16300000000001,,13518,"[954, 270]",False,,True,1.0,False,very_strong,False,"[[918, 126], [1044, 378], [1152, 522]]",,"[[1422, 48]]",,0.47943948230570327,0.2875514590756756
1035,3,1,17.178999999999974,,13518,"[954, 270]",False,,True,1.0,False,very_strong,False,"[[924, 120], [1050, 372], [1158, 516]]",,"[[1428, 42]]",,0.4819922894339318,0.2897681289355152
1036,3,1,17.19500000000005,,13518,"[954, 270]",False,Right,True,1.0,False,very_strong,False,"[[930, 114], [1056, 366], [1164, 510]]",,"[[1428, 36]]",,0.4819922894339318,0.2897681289355152
1037,3,1,17.211000000000013,,13518,"[954, 270]",False,Right,True,1.0,False,very_strong,False,"[[930, 108], [1056, 360], [1164, 504]]",,"[[1428, 30]]",,0.4840806959971465,0.2933061175911559
1038,3,1,17.228000000000065,,13518,"[954, 270]",False,Right,True,1.0,False,very_strong,False,"[[930, 102], [1056, 354], [1164, 498]]",,"[[1428, 24]]",,0.4840806959971465,0.2933061175911559
1039,3,1,17.245000000000005,,13518,"[954, 270]",False,Right,True,1.0,False,very_strong,False,"[[930, 96], [1056, 348], [1164, 492]]",,"[[1428, 18]]",,0.4791317533672876,0.2917424199905292
1040,3,1,17.262000000000057,,13518,"[954, 270]",False,,True,1.0,False,very_strong,False,"[[930, 90], [1056, 342], [1164, 486]]",,"[[1434, 12]]",,0.4791317533672876,0.2917424199905292
1041,3,1,17.27800000000002,,13518,"[954, 270]",False,,True,1.0,False,very_strong,False,"[[936, 84], [1062, 336], [1170, 480]]",,"[[1440, 6]]",,0.48501879202723447,0.3147994464163528
1042,3,1,17.295000000000073,,13518,"[954, 270]",False,,True,0.0,False,very_strong,False,"[[942, 78], [1068, 330], [1176, 474]]",,"[[1446, 0]]",,0.48501879202723447,0.3147994464163528
1043,3,1,17.311000000000035,,13518,"[954, 270]",False,,True,0.0,False,very_strong,False,"[[948, 72], [1074, 324], [1182, 468]]",,[],,0.4752903344967341,0.2925609521869309
1044,3,1,17.327999999999975,,13518,"[954, 270]",False,,True,0.0,False,very_strong,False,"[[948, 66], [1074, 318], [1182, 462]]",,[],,0.4752903344967341,0.2925609521869309
1045,3,1,17.345000000000027,,13518,"[954, 270]",False,,True,0.0,False,very_strong,False,"[[948, 60], [1074, 312], [1182, 456]]",,[],,0.4758039344621962,0.29478087509218553
1046,3,1,17.361999999999966,,13518,"[954, 270]",False,,True,0.0,False,very_strong,False,"[[948, 54], [1074, 306], [1182, 450]]",,[],,0.4758039344621962,0.29478087509218553
1047,3,1,17.378000000000043,,13518,"[954, 270]",False,,True,0.0,False,very_strong,False,"[[948, 48], [1074, 300], [1182, 444]]",,[],,0.4758452131912005,0.2952591786672981
1048,3,1,17.394999999999982,,13518,"[954, 270]",False,,True,0.0,False,very_strong,False,"[[948, 42], [1074, 294], [1182, 438]]",,[],,0.4758452131912005,0.2952591786672981
1049,3,1,17.411000000000058,,13518,"[954, 270]",False,,True,0.0,False,very_strong,False,"[[948, 36], [1074, 288], [1182, 432]]",,[],,0.47588352247025184,0.29485431392354877
1050,3,1,17.427999999999997,,13518,"[954, 270]",False,,True,0.0,False,very_strong,False,"[[948, 30], [1074, 282], [1182, 426]]",,[],,0.47588352247025184,0.29485431392354877
1051,3,1,17.44500000000005,,13518,"[954, 270]",False,,True,0.0,False,very_strong,False,"[[948, 24], [1074, 276], [1182, 420]]",,[],,0.4770228579372337,0.2966165893226408
1052,3,1,17.461000000000013,,13518,"[954, 270]",False,,True,0.0,False,very_strong,False,"[[948, 18], [1074, 270], [1182, 414]]",,[],,0.4770228579372337,0.2966165893226408
1053,3,1,17.478000000000065,,13518,"[954, 270]",False,,True,0.0,False,very_strong,False,"[[948, 12], [1074, 264], [1182, 408]]",,[],,0.4784722678313226,0.29739996871024643
1054,3,1,17.494000000000028,,13518,"[954, 270]",False,,True,0.0,False,very_strong,False,"[[948, 6], [1074, 258], [1182, 402]]",,[],,0.4784722678313226,0.29739996871024643
1055,3,1,17.510999999999967,,13518,"[954, 270]",False,,True,0.0,False,very_strong,False,"[[948, 0], [1074, 252], [1182, 396]]",,[],,0.4775170603439097,0.2994403068540572
1056,3,1,17.526000000000067,,13518,"[954, 270]",False,,True,0.0,False,very_strong,False,"[[1074, 246], [1182, 390]]",,[],,0.4775170603439097,0.2994403068540572
1057,3,1,17.543000000000006,,13518,"[954, 270]",False,,True,0.0,False,very_strong,False,"[[1074, 240], [1182, 384]]",,[],,0.4773325244852892,0.3019381715156503
1058,3,1,17.55899999999997,,13518,"[954, 270]",False,,True,0.0,False,very_strong,False,"[[1074, 234], [1182, 378]]",,[],,0.47692502402041026,0.3028383037813316
1059,3,1,17.576000000000022,,13518,"[954, 270]",False,,True,0.0,False,very_strong,False,"[[1074, 228], [1182, 372]]",,[],,0.48268690602796605,0.27748736442094735
1060,3,1,17.593000000000075,,13518,"[954, 270]",False,,True,0.0,False,very_strong,False,"[[1074, 222], [1182, 366]]",,[],,0.48268690602796605,0.27748736442094735
1061,3,1,17.610000000000014,,13518,"[954, 270]",False,,True,0.0,False,very_strong,False,"[[1074, 216], [1182, 360]]",,[],,0.4868755517853356,0.24951221609974772
1062,3,1,17.627000000000066,,13518,"[954, 270]",False,,True,0.0,False,very_strong,False,"[[1074, 210], [1182, 354]]",,[],,0.48668176832297216,0.24836126482708354
1063,3,1,17.644000000000005,,13518,"[954, 270]",False,,True,0.0,False,very_strong,False,"[[1074, 204], [1182, 348]]",,[],,0.4865116616670579,0.24559830647640368
1064,3,1,17.659999999999968,,13518,"[954, 270]",False,,True,0.0,False,very_strong,False,"[[1074, 198], [1182, 342]]",,[],,0.4865116616670579,0.24559830647640368
1065,3,1,17.676000000000045,,13518,"[954, 270]",False,,True,0.0,False,very_strong,False,"[[1074, 192], [1182, 336]]",,[],,0.48764263673906827,0.2461388147124528
1066,3,1,17.692999999999984,,13518,"[954, 270]",False,,True,0.0,False,very_strong,False,"[[1074, 186], [1182, 330]]",,[],,0.48764263673906827,0.2461388147124528
1067,3,1,17.710000000000036,,13518,"[954, 270]",False,,True,0.0,False,very_strong,False,"[[1074, 180], [1182, 324]]",,[],,0.4877187896621199,0.24748357437565827
1068,3,1,17.726999999999975,,13518,"[954, 270]",False,,True,0.0,False,very_strong,False,"[[1074, 174], [1182, 318]]",,[],,0.488240074343555,0.24827355179297506
1069,3,1,17.744000000000028,,13518,"[954, 270]",False,,True,0.0,False,very_strong,False,"[[1074, 168], [1182, 312]]",,[],,0.4355789968569203,0.2650686618505058
1070,3,1,17.75999999999999,,13518,"[954, 270]",False,,True,0.0,False,very_strong,False,"[[1074, 162], [1182, 306]]",,[],,0.4355789968569203,0.2650686618505058
1071,3,1,17.777000000000044,,13518,"[954, 270]",False,,True,0.0,False,very_strong,False,"[[1074, 156], [1182, 300]]",,[],,0.41309000819878944,0.10370906797094948
1072,3,1,17.793999999999983,,13518,"[954, 270]",False,,True,0.0,False,very_strong,False,"[[1074, 150], [1182, 294]]",,[],,0.41309000819878944,0.10370906797094948
1073,3,1,17.81000000000006,,13518,"[954, 270]",False,,True,0.0,False,very_strong,False,"[[1074, 144], [1182, 288]]",,[],,0.40234024247264,0.05672465404263771
1074,3,1,17.826000000000022,,13518,"[954, 270]",False,,True,0.0,False,very_strong,False,"[[1074, 138], [1182, 282]]",,[],,0.40234024247264,0.05672465404263771
1075,3,1,17.843000000000075,,13518,"[954, 270]",False,,True,0.0,False,very_strong,False,"[[1074, 132], [1182, 276]]",,[],,0.46714427947136283,0.21976990636100513
1076,3,1,17.859000000000037,,13518,"[954, 270]",False,,True,0.0,False,very_strong,False,"[[1074, 126], [1182, 270]]",,[],,0.46714427947136283,0.21976990636100513
1077,3,1,17.875,,13518,"[954, 270]",False,,True,0.0,False,very_strong,False,"[[1074, 120], [1182, 264]]",,[],,0.5639352413055854,0.24471278979471323
1078,3,1,17.891000000000076,,13518,"[954, 270]",False,,True,0.0,False,very_strong,False,"[[1074, 114], [1182, 258]]",,[],,0.42253330427370095,0.21338623545340418
1079,3,1,17.90700000000004,,13518,"[954, 270]",False,,True,0.0,False,very_strong,False,"[[1074, 108], [1182, 252]]",,[],,0.49767435378436914,0.2866631381339778
1080,3,1,17.923000000000002,,13518,"[954, 270]",False,,True,0.0,False,very_strong,False,"[[1074, 102], [1182, 246]]",,[],,0.4838273229931411,0.21886535017013464
1081,3,1,17.940000000000055,,13518,"[954, 270]",False,,True,0.0,False,very_strong,False,"[[1074, 96], [1182, 240]]",,[],,0.4872747785151019,0.21498884405711027
1082,3,1,17.956000000000017,,13518,"[954, 270]",False,,True,0.0,False,very_strong,False,"[[1074, 90], [1182, 234]]",,[],,0.48402199927690887,0.2127078775220771
1083,3,1,17.97199999999998,,13518,"[954, 270]",False,,True,0.0,False,very_strong,False,"[[1074, 84], [1182, 228]]",,[],,0.48402199927690887,0.2127078775220771
1084,3,1,17.988000000000056,,13518,"[954, 270]",False,,True,0.0,False,very_strong,False,"[[1074, 78], [1182, 222]]",,[],,0.46690794488557497,0.22262047206630542
1085,3,1,18.004999999999995,,13518,"[954, 270]",False,,True,0.0,False,very_strong,False,"[[1074, 72], [1182, 216]]",,[],,0.46689426848162796,0.22170818974035522
1086,3,1,18.022000000000048,,13518,"[954, 270]",False,,True,0.0,False,very_strong,False,"[[1074, 66], [1182, 210]]",,[],,0.4710111116752448,0.1894342823839218
1087,3,1,18.038999999999987,,13518,"[954, 270]",False,,True,0.0,False,very_strong,False,"[[1074, 60], [1182, 204]]",,[],,0.4727713098990919,0.1887959408163422
1088,3,1,18.055000000000064,,13518,"[954, 270]",False,,True,0.0,False,very_strong,False,"[[1074, 54], [1182, 198]]",,[],,0.477296782215998,0.18710499514321022
1089,3,1,18.072000000000003,,13518,"[954, 270]",False,,True,0.0,False,very_strong,False,"[[1074, 48], [1182, 192]]",,[],,0.477296782215998,0.18710499514321022
1090,3,1,18.090000000000032,,13518,"[954, 270]",False,,True,0.0,False,very_strong,False,"[[1074, 42], [1182, 186]]",,[],,0.4794047025725069,0.1900994405977635
1091,3,1,18.10699999999997,,13518,"[954, 270]",False,,True,0.0,False,very_strong,False,"[[1074, 36], [1182, 180]]",,[],,0.47898855211296965,0.19107877010769603
1092,3,1,18.124000000000024,,13518,"[954, 270]",False,,True,0.0,False,very_strong,False,"[[1074, 30], [1182, 174]]",,[],,0.479037448320105,0.19129534577854201
1093,3,1,18.141000000000076,,13518,"[954, 270]",False,,True,0.0,False,very_strong,False,"[[1074, 24], [1182, 168]]",,[],,0.47912805987932316,0.19174391162624815
1094,3,1,18.15700000000004,,13518,"[954, 270]",False,,True,0.0,False,very_strong,False,"[[1074, 18], [1182, 162]]",,[],,0.47899830444029845,0.19135267435310477
1095,3,1,18.173999999999978,,13518,"[954, 270]",False,,True,0.0,False,very_strong,False,"[[1074, 12], [1182, 156]]",,[],,0.47913599195201295,0.19245101672719944
1096,3,1,18.19100000000003,,13518,"[954, 270]",False,,True,0.0,False,very_strong,False,"[[1074, 6], [1182, 150]]",,[],,0.48024613575253233,0.1924708338036819
1097,3,1,18.20799999999997,,13518,"[954, 270]",False,,True,0.0,False,very_strong,False,"[[1074, 0], [1182, 144]]",,[],,0.47991238218079735,0.19259764929637035
1098,3,1,18.224000000000046,,13518,"[954, 270]",False,,True,0.0,False,very_strong,False,"[[1182, 138]]",,[],,0.4804473229325881,0.19372270575507589
1099,3,1,18.240999999999985,,13518,"[954, 270]",False,,True,0.0,False,very_strong,False,"[[1182, 132]]",,[],,0.4804473229325881,0.19372270575507589
1100,3,1,18.257000000000062,,13518,"[954, 270]",False,,True,0.0,False,very_strong,False,"[[1182, 126]]",,[],,0.47582616611870254,0.19332531722231527
1101,3,1,18.274,,13518,"[954, 270]",False,,True,0.0,False,very_strong,False,"[[1182, 120]]",,[],,0.46541508142529314,0.1833325365634364
1102,3,1,18.291000000000054,,13518,"[954, 270]",False,,True,0.0,False,very_strong,False,"[[1182, 114]]",,[],,0.448916536756652,0.16923410830083785
1103,3,1,18.307000000000016,,13518,"[954, 270]",False,,True,0.0,False,very_strong,False,"[[1182, 108]]",,[],,0.44825116566736584,0.16981600135695518
1104,3,1,18.32400000000007,,13518,"[954, 270]",False,,True,0.0,False,very_strong,False,"[[1182, 102]]",,[],,0.44657576780117897,0.17464171594093014
1105,3,1,18.340000000000032,,13518,"[954, 270]",False,,True,0.0,False,very_strong,False,"[[1182, 96]]",,[],,0.44657576780117897,0.17464171594093014
1106,3,1,18.35699999999997,,13518,"[954, 270]",False,,True,0.0,False,very_strong,False,"[[1182, 90]]",,[],,0.44528844048407346,0.17951204099638307
1107,3,1,18.374000000000024,,13518,"[954, 270]",False,,True,0.0,False,very_strong,False,"[[1182, 84]]",,[],,0.4439629427798609,0.18299232454461645
1108,3,1,18.389999999999986,,13518,"[954, 270]",False,,True,0.0,False,very_strong,False,"[[1182, 78]]",,[],,0.4441101655567681,0.18396819914117135
1109,3,1,18.40700000000004,,13518,"[954, 270]",False,,True,0.0,False,very_strong,False,"[[1182, 72]]",,[],,0.4441101655567681,0.18396819914117135
1110,3,1,18.423999999999978,,13518,"[954, 270]",False,,True,0.0,False,very_strong,False,"[[1182, 66]]",,[],,0.4434620475089637,0.18893273397451116
1111,3,1,18.44100000000003,,13518,"[954, 270]",False,,True,0.0,False,very_strong,False,"[[1182, 60]]",,[],,0.44371398018013697,0.18898205484366926
1112,3,1,18.456999999999994,,13518,"[954, 270]",False,,True,0.0,False,very_strong,False,"[[1182, 54]]",,[],,0.4420686050520589,0.1903385926373874
1113,3,1,18.474000000000046,,13518,"[954, 270]",False,,True,0.0,False,very_strong,False,"[[1182, 48]]",,[],,0.44202364805386807,0.18967945041117495
1114,3,1,18.490999999999985,,13518,"[954, 270]",False,,True,0.0,False,very_strong,False,"[[1182, 42]]",,[],,0.44137992588960806,0.193852387477498
1115,3,1,18.507000000000062,,13518,"[954, 270]",False,,True,0.0,False,very_strong,False,"[[1182, 36]]",,[],,0.44137992588960806,0.193852387477498
1116,3,1,18.523000000000025,,13518,"[954, 270]",False,,True,0.0,False,very_strong,False,"[[1182, 30]]",,[],,0.45772901236510943,0.17125580567395926
1117,3,1,18.538999999999987,,13518,"[954, 270]",False,,True,0.0,False,very_strong,False,"[[1182, 24]]",,[],,0.45772901236510943,0.17125580567395926
1118,3,1,18.557999999999993,,13518,"[954, 270]",False,,True,0.0,False,very_strong,False,"[[1182, 18]]",,[],,0.4592075406647803,0.17137805255321736
1119,3,1,18.575000000000045,,13518,"[954, 270]",False,,True,0.0,False,very_strong,False,"[[1182, 12]]",,[],,0.45961738865273716,0.1733751960018498
1120,3,1,18.591000000000008,,13518,"[954, 270]",False,,True,0.0,False,very_strong,False,"[[1182, 6]]",,[],,0.45731159351399064,0.1838584526885051
1121,3,1,18.60699999999997,,13518,"[954, 270]",False,,True,0.0,False,very_strong,False,"[[1182, 0]]",,[],,0.45731159351399064,0.1838584526885051
1122,3,1,18.623000000000047,,13518,"[954, 270]",False,,True,0.0,False,very_strong,False,[],,[],,0.4557351454610009,0.19589013898257046
1123,3,1,18.639999999999986,,13518,"[954, 270]",False,,True,0.0,False,very_strong,False,[],,[],,0.4557351454610009,0.19589013898257046
1124,3,1,18.656000000000063,,13518,"[954, 270]",False,,True,0.0,False,very_strong,False,[],,[],,0.45343286215279666,0.20722268589889348
1125,3,1,18.673000000000002,,13518,"[954, 270]",False,,True,0.0,False,very_strong,False,[],,[],,0.45343286215279666,0.20722268589889348
1126,3,1,18.688999999999965,,13518,"[954, 270]",False,,True,0.0,False,very_strong,False,[],,[],,0.4496810638400925,0.2146080702861326
1127,3,1,18.706999999999994,,13518,"[954, 270]",False,,True,0.0,False,very_strong,False,[],,[],,0.4496810638400925,0.2146080702861326
1128,3,1,18.72300000000007,,13518,"[954, 270]",False,,True,0.0,False,very_strong,False,[],,[],,0.44765785386583234,0.21905587208275157
1129,3,1,18.739000000000033,,13518,"[954, 270]",False,,True,0.0,False,very_strong,False,[],,[],,0.44765785386583234,0.21905587208275157
1130,3,1,18.754999999999995,,13518,"[954, 270]",False,,True,0.0,False,very_strong,False,[],,[],,0.44432323832767484,0.22275016296792371
1131,3,1,18.772000000000048,,13518,"[954, 270]",False,,True,0.0,False,very_strong,False,[],,[],,0.44432323832767484,0.22275016296792371
1132,3,1,18.788999999999987,,13518,"[954, 270]",False,,True,0.0,False,very_strong,False,[],,[],,0.4420205830520788,0.2323201972880905
1133,3,1,18.805000000000064,,13518,"[954, 270]",False,,True,0.0,False,very_strong,False,[],,[],,0.4420205830520788,0.2323201972880905
1134,3,1,18.822000000000003,,13518,"[954, 270]",False,,True,0.0,False,very_strong,False,[],,[],,0.44121039766131875,0.23698743096432762
1135,3,1,18.837999999999965,,13518,"[954, 270]",False,,True,0.0,False,very_strong,False,[],,[],,0.44121039766131875,0.23698743096432762
1136,3,1,18.855000000000018,,13518,"[954, 270]",False,,True,0.0,False,very_strong,False,[],,[],,0.4540920367437916,0.19756501527890924
1137,3,1,18.87200000000007,,13518,"[954, 270]",False,,True,0.0,False,very_strong,False,[],,[],,0.4540920367437916,0.19756501527890924
1138,3,1,18.889999999999986,,13518,"[954, 270]",False,,True,0.0,False,very_strong,False,[],,[],,0.45764572877600107,0.18899854352703738
1139,3,1,18.906000000000063,,13518,"[954, 270]",False,,True,0.0,False,very_strong,False,[],,[],,0.45764572877600107,0.18899854352703738
1140,3,1,18.923000000000002,,13518,"[954, 270]",False,,True,0.0,False,very_strong,False,[],,[],,0.4603793559375304,0.19154754671198415
1141,3,1,18.940000000000055,,13518,"[954, 270]",False,,True,0.0,False,very_strong,False,[],,[],,0.4603793559375304,0.19154754671198415
1142,3,1,18.956000000000017,,13518,"[954, 270]",False,,True,0.0,False,very_strong,False,[],,[],,0.4612615172781932,0.1988874237796724
1143,3,1,18.97300000000007,,13518,"[954, 270]",False,,True,0.0,False,very_strong,False,[],,[],,0.4612615172781932,0.1988874237796724
1144,3,1,18.99000000000001,,13518,"[954, 270]",False,,True,0.0,False,very_strong,False,[],,[],,0.4603078776525594,0.20733092382569496
1145,3,1,19.007000000000062,,13518,"[954, 270]",False,,True,0.0,False,very_strong,False,[],,[],,0.4603078776525594,0.20733092382569496
1146,3,1,19.024,,13518,"[954, 270]",False,,True,0.0,False,very_strong,False,[],,[],,0.4573858247743593,0.21074163216860697
1147,3,1,19.041000000000054,,13518,"[954, 270]",False,,True,0.0,False,very_strong,False,[],,[],,0.4573858247743593,0.21074163216860697
1148,3,1,19.057999999999993,,13518,"[954, 270]",False,,True,0.0,False,very_strong,False,[],,[],,0.4576820688379096,0.21314767058950634
1149,3,1,19.07400000000007,,13518,"[954, 270]",False,,True,0.0,False,very_strong,False,[],,[],,0.4576820688379096,0.21314767058950634
1150,3,1,19.090000000000032,,13518,"[954, 270]",False,,True,0.0,False,very_strong,False,[],,[],,0.4584483019250246,0.21906473630823897
1151,3,1,19.10800000000006,,13518,"[954, 270]",False,,True,0.0,False,very_strong,False,[],,[],,0.4584483019250246,0.21906473630823897
1152,3,1,19.125,,13518,"[954, 270]",False,,True,0.0,False,very_strong,False,[],,[],,0.4582170320815144,0.2280357276706042
1153,3,1,19.142000000000053,,13518,"[954, 270]",False,,True,0.0,False,very_strong,False,[],,[],,0.4582170320815144,0.2280357276706042
1154,3,1,19.159999999999968,,13518,"[954, 270]",False,,True,0.0,False,very_strong,False,[],,[],,0.46045087406525614,0.2259827277960459
1155,3,1,19.176000000000045,,13518,"[954, 270]",False,,True,0.0,False,very_strong,False,[],,[],,0.46045087406525614,0.2259827277960459
1156,3,1,19.192999999999984,,13518,"[954, 270]",False,,True,0.0,False,very_strong,False,[],,[],,0.461235505267062,0.2224340161255851
1157,3,1,19.210000000000036,,13518,"[954, 270]",False,,True,0.0,False,very_strong,False,[],,[],,0.461235505267062,0.2224340161255851
1158,3,1,19.226999999999975,,13518,"[954, 270]",False,Right,True,0.0,False,very_strong,False,[],,[],,0.46448402465782596,0.22112595473337537
1159,3,1,19.244000000000028,,13518,"[954, 270]",False,Right,True,0.0,False,very_strong,False,[],,[],,0.46448402465782596,0.22112595473337537
1160,3,1,19.259000000000015,,13518,"[954, 270]",False,Right,True,0.0,False,very_strong,False,[],,[],,0.46351897845846946,0.2226671542697558
1161,3,1,19.274999999999977,,13518,"[954, 270]",False,Right,True,0.0,False,very_strong,False,[],,[],,0.46351897845846946,0.2226671542697558
1162,3,1,19.29200000000003,,13518,"[954, 270]",False,Right,True,0.0,False,very_strong,False,[],,[],,0.4642837361357621,0.22703302893893584
1163,3,1,19.307999999999993,,13518,"[954, 270]",False,Right,True,0.0,False,very_strong,False,[],,[],,0.4642837361357621,0.22703302893893584
1164,3,1,19.325000000000045,,13518,"[954, 270]",False,,True,0.0,False,very_strong,False,[],,[],,0.46323334837915403,0.23282539472725572
1165,3,1,19.341000000000008,,13518,"[954, 270]",False,,True,0.0,False,very_strong,False,[],,[],,0.46323334837915403,0.23282539472725572
1166,3,1,19.35800000000006,,13518,"[954, 270]",False,,True,0.0,False,very_strong,False,[],,[],,0.4632564655780501,0.23374015338535514
1167,3,1,19.375,,13518,"[954, 270]",False,,True,0.0,False,very_strong,False,[],,[],,0.4632564655780501,0.23374015338535514
1168,3,1,19.392000000000053,,13518,"[954, 270]",False,,True,0.0,False,very_strong,False,[],,[],,0.46395230857961184,0.23178797439114762
1169,3,1,19.408999999999992,,13518,"[954, 270]",False,,True,0.0,False,very_strong,False,[],,[],,0.46395230857961184,0.23178797439114762
1170,3,1,19.425000000000068,,13518,"[954, 270]",False,,True,0.0,False,very_strong,False,[],,[],,0.46499090166243084,0.24270856514448003
1171,3,1,19.442000000000007,,13518,"[954, 270]",False,,True,0.0,False,very_strong,False,[],,[],,0.46499090166243084,0.24270856514448003
1172,3,1,19.45900000000006,,13518,"[954, 270]",False,,True,0.0,False,very_strong,False,[],,[],,0.4658105027955548,0.25077433460061926
1173,3,1,19.476,,13518,"[954, 270]",False,,True,0.0,False,very_strong,False,[],,[],,0.4658105027955548,0.25077433460061926
1174,3,1,19.492000000000075,,13518,"[954, 270]",False,,True,0.0,False,very_strong,False,[],,[],,0.46543790411442226,0.2613852481246486
1175,3,1,19.508000000000038,,13518,"[954, 270]",False,,True,0.0,False,very_strong,False,[],,[],,0.46543790411442226,0.2613852481246486
1176,3,1,19.524999999999977,,13518,"[954, 270]",False,,True,0.0,False,very_strong,False,[],,[],,0.46615310460929704,0.2679772446960754
1177,3,1,19.541000000000054,,13518,"[954, 270]",False,,True,0.0,False,very_strong,False,[],,[],,0.46615310460929704,0.2679772446960754
1178,3,1,19.557000000000016,,13518,"[954, 270]",False,,True,0.0,False,very_strong,False,[],,[],,0.4665288161571942,0.27140815594052525
1179,3,1,19.57400000000007,,13518,"[954, 270]",False,,True,0.0,False,very_strong,False,[],,[],,0.46591587382854655,0.26987974767500633
1180,3,1,19.59400000000005,,13518,"[954, 270]",False,,True,0.0,False,very_strong,False,[],,[],,0.46586774642548806,0.26817131788404946
1181,3,1,19.61099999999999,,13518,"[954, 270]",False,,True,0.0,False,very_strong,False,[],,[],,0.46586774642548806,0.26817131788404946
1182,3,1,19.628000000000043,,13518,"[954, 270]",False,,True,0.0,False,very_strong,False,[],,[],,0.46576017201970793,0.2687261064258042
1183,3,1,19.644999999999982,,13518,"[954, 270]",False,,True,0.0,False,very_strong,False,[],,[],,0.46576017201970793,0.2687261064258042
1184,3,1,19.662000000000035,,13518,"[954, 270]",False,,True,0.0,False,very_strong,False,[],,[],,0.4658132721370672,0.2725362765200886
1185,3,1,19.678999999999974,,13518,"[954, 270]",False,,True,0.0,False,very_strong,False,[],,[],,0.4658132721370672,0.2725362765200886
1186,3,1,19.696000000000026,,13518,"[954, 270]",False,,True,0.0,False,very_strong,False,[],,[],,0.4669959653906335,0.27620135359238607
1187,3,1,19.71199999999999,,13518,"[954, 270]",False,,True,0.0,False,very_strong,False,[],,[],,0.4669959653906335,0.27620135359238607
1188,3,1,19.729000000000042,,13518,"[954, 270]",False,,True,0.0,False,very_strong,False,[],,[],,0.4678596782810322,0.2787436612081112
1189,3,1,19.74599999999998,,13518,"[954, 270]",False,,True,0.0,False,very_strong,False,[],,[],,0.4678596782810322,0.2787436612081112
1190,3,1,19.763000000000034,,13518,"[954, 270]",False,,True,0.0,False,very_strong,False,[],,[],,0.4677638316824576,0.282162266126987
1191,3,1,19.779999999999973,,13518,"[954, 270]",False,,True,0.0,False,very_strong,False,[],,[],,0.4677638316824576,0.282162266126987
1192,3,1,19.79600000000005,,13518,"[954, 270]",False,,True,0.0,False,very_strong,False,[],,[],,0.4663048409846887,0.2841984000495207
1193,3,1,19.812000000000012,,13518,"[954, 270]",False,,True,0.0,False,very_strong,False,[],,[],,0.4663048409846887,0.2841984000495207
1194,3,1,19.827999999999975,,13518,"[954, 270]",False,,True,0.0,False,very_strong,False,[],,[],,0.46513671867703354,0.28895936034008984
1195,3,1,19.845000000000027,,13518,"[954, 270]",False,,True,0.0,False,very_strong,False,[],,[],,0.46513671867703354,0.28895936034008984
1196,3,1,19.861999999999966,,13518,"[954, 270]",False,,True,0.0,False,very_strong,False,"[[948, 810]]",,[],,0.4647046150637408,0.29417767802982875
1197,3,1,19.878000000000043,,13518,"[954, 270]",False,,True,0.0,False,very_strong,False,"[[948, 804]]",,[],,0.4647046150637408,0.29417767802982875
1198,3,1,19.894999999999982,,13518,"[954, 270]",False,,True,0.0,False,very_strong,False,"[[948, 798]]",,[],,0.46611964700614916,0.2974003292260682
1199,3,1,19.912000000000035,,13518,"[954, 270]",False,,True,0.0,False,very_strong,False,"[[948, 792], [804, 810]]",,[],,0.46611964700614916,0.2974003292260682
1200,3,1,19.930000000000064,,13518,"[954, 270]",False,,True,0.0,False,very_strong,False,"[[948, 786], [804, 804]]",,[],,0.46221299742991145,0.27995876836431033
1201,3,1,19.946000000000026,,13518,"[954, 270]",False,,True,0.0,False,very_strong,False,"[[948, 780], [804, 798]]",,[],,0.46221299742991145,0.27995876836431033
1202,3,1,19.962999999999965,,13518,"[954, 270]",False,,True,0.0,False,very_strong,False,"[[948, 774], [804, 792]]",,[],,0.46256043950489945,0.2796730171108842
1203,3,1,19.980000000000018,,13518,"[954, 270]",False,,True,0.0,False,very_strong,False,"[[948, 768], [804, 786]]",,[],,0.46256043950489945,0.2796730171108842
1204,3,1,19.99700000000007,,13518,"[954, 270]",False,,True,0.0,False,very_strong,False,"[[948, 762], [804, 780]]",,[],,0.4634112501677075,0.28264883473405655
1205,3,1,20.013000000000034,,13518,"[954, 270]",False,,True,0.0,False,very_strong,False,"[[948, 756], [804, 774]]",,[],,0.4634112501677075,0.28264883473405655
1206,3,1,20.029999999999973,,13518,"[954, 270]",False,,True,0.0,False,very_strong,False,"[[948, 750], [804, 768]]",,[],,0.46509874467116585,0.28733809091508355
1207,3,1,20.04600000000005,,13518,"[954, 270]",False,,True,0.0,False,very_strong,False,"[[948, 744], [804, 762]]",,[],,0.46509874467116585,0.28733809091508355
1208,3,1,20.062000000000012,,13518,"[954, 270]",False,,True,0.0,False,very_strong,False,"[[948, 738], [804, 756]]",,[],,0.46601779172433344,0.29170784419487716
1209,3,1,20.077999999999975,,13518,"[954, 270]",False,,True,0.0,False,very_strong,False,"[[948, 732], [804, 750]]",,[],,0.46601779172433344,0.29170784419487716
1210,3,1,20.095000000000027,,13518,"[954, 270]",False,,True,0.0,False,very_strong,False,"[[948, 726], [804, 744]]",,[],,0.4663040225603692,0.2967107279857264
1211,3,1,20.111999999999966,,13518,"[954, 270]",False,,True,0.0,False,very_strong,False,"[[948, 720], [804, 738]]",,[],,0.4663040225603692,0.2967107279857264
1212,3,1,20.128000000000043,,13518,"[954, 270]",False,,True,0.0,False,very_strong,False,"[[948, 714], [804, 732]]",,[],,0.4659118724175869,0.2969324523190968
1213,3,1,20.144999999999982,,13518,"[954, 270]",False,,True,0.0,False,very_strong,False,"[[948, 708], [804, 726]]",,[],,0.4659118724175869,0.2969324523190968
1214,3,1,20.162000000000035,,13518,"[954, 270]",False,,True,0.0,False,very_strong,False,"[[948, 702], [804, 720]]",,[],,0.46417851468063026,0.2980836273677838
1215,3,1,20.178999999999974,,13518,"[954, 270]",False,,True,0.0,False,very_strong,False,"[[948, 696], [804, 714]]",,[],,0.46417851468063026,0.2980836273677838
1216,3,1,20.19500000000005,,13518,"[954, 270]",False,,True,0.0,False,very_strong,False,"[[948, 690], [804, 708]]",,[],,0.45976335513948347,0.2725222749614399
1217,3,1,20.21199999999999,,13518,"[954, 270]",False,,True,0.0,False,very_strong,False,"[[948, 684], [804, 702]]",,[],,0.45976335513948347,0.2725222749614399
1218,3,1,20.228000000000065,,13518,"[954, 270]",False,,True,0.0,False,very_strong,False,"[[948, 678], [804, 696]]",,[],,0.45913145187003435,0.2497748692647047
1219,3,1,20.245000000000005,,13518,"[954, 270]",False,,True,0.0,False,very_strong,False,"[[948, 672], [804, 690]]",,[],,0.45913145187003435,0.2497748692647047
1220,3,1,20.262000000000057,,13518,"[954, 270]",False,,True,0.0,False,very_strong,False,"[[948, 666], [804, 684]]",,[],,0.46114824947942845,0.25094933987759527
1221,3,1,20.279999999999973,,13518,"[954, 270]",False,,True,0.0,False,very_strong,False,"[[948, 660], [804, 678]]",,[],,0.46114824947942845,0.25094933987759527
1222,3,1,20.297000000000025,,13518,"[954, 270]",False,,True,0.0,False,very_strong,False,"[[948, 654], [804, 672]]",,[],,0.4620559706481642,0.25567514277335557
1223,3,1,20.313999999999965,,13518,"[954, 270]",False,,True,0.0,False,very_strong,False,"[[948, 648], [804, 666]]",,[],,0.4620559706481642,0.25567514277335557
1224,3,1,20.331000000000017,,13518,"[954, 270]",False,,True,0.0,False,very_strong,False,"[[948, 642], [804, 660]]",,[],,0.4624004851158888,0.2587058163509387
1225,3,1,20.34699999999998,,13518,"[954, 270]",False,,True,0.0,False,very_strong,False,"[[948, 636], [804, 654]]",,[],,0.4624004851158888,0.2587058163509387
1226,3,1,20.364000000000033,,13518,"[954, 270]",False,,True,0.0,False,very_strong,False,"[[948, 630], [804, 648]]",,[],,0.46100624736785056,0.2601787390983822
1227,3,1,20.379999999999995,,13518,"[954, 270]",False,,True,0.0,False,very_strong,False,"[[948, 624], [804, 642]]",,[],,0.46100624736785056,0.2601787390983822
1228,3,1,20.397000000000048,,13518,"[954, 270]",False,,True,0.0,False,very_strong,False,"[[948, 618], [804, 636]]",,[],,0.46216796666283216,0.2639882596877663
1229,3,1,20.41300000000001,,13518,"[954, 270]",False,,True,0.0,False,very_strong,False,"[[948, 612], [804, 630]]",,[],,0.46216796666283216,0.2639882596877663
1230,3,1,20.430000000000064,,13518,"[954, 270]",False,,True,0.0,False,very_strong,False,"[[948, 606], [804, 624]]",,[],,0.46390502657482113,0.26832476922885873
1231,3,1,20.446000000000026,,13518,"[954, 270]",False,,True,0.0,False,very_strong,False,"[[948, 600], [804, 618]]",,[],,0.46390502657482113,0.26832476922885873
1232,3,1,20.462999999999965,,13518,"[954, 270]",False,,True,0.0,False,very_strong,False,"[[948, 594], [804, 612]]",,[],,0.46468446203050096,0.2759949415905909
1233,3,1,20.480000000000018,,13518,"[954, 270]",False,,True,0.0,False,very_strong,False,"[[948, 588], [804, 606]]",,[],,0.46468446203050096,0.2759949415905909
1234,3,1,20.49599999999998,,13518,"[954, 270]",False,,True,0.0,False,very_strong,False,"[[948, 582], [804, 600]]",,[],,0.4638064450581963,0.28123411340841264
1235,3,1,20.513000000000034,,13518,"[954, 270]",False,,True,0.0,False,very_strong,False,"[[948, 576], [804, 594]]",,[],,0.4638064450581963,0.28123411340841264
1236,3,1,20.529999999999973,,13518,"[954, 270]",False,,True,0.0,False,very_strong,False,"[[948, 570], [804, 588]]",,[],,0.46159455868836297,0.2871141613287831
1237,3,1,20.547000000000025,,13518,"[954, 270]",False,Right,True,0.0,False,very_strong,False,"[[948, 564], [804, 582]]",,[],,0.46159455868836297,0.2871141613287831
1238,3,1,20.562999999999988,,13518,"[954, 270]",False,Right,True,0.0,False,very_strong,False,"[[942, 558], [798, 576]]",,[],,0.4627258981580269,0.2921305925375842
1239,3,1,20.58000000000004,,13518,"[954, 270]",False,Right,True,0.0,False,very_strong,False,"[[936, 552], [792, 570]]",,[],,0.4627258981580269,0.2921305925375842
1240,3,1,20.59699999999998,,13518,"[954, 270]",False,Right,True,0.0,False,very_strong,False,"[[930, 546], [786, 564]]",,[],,0.46281865545136736,0.29606990037869396
1241,3,1,20.614000000000033,,13518,"[954, 270]",False,Right,True,0.0,False,very_strong,False,"[[924, 540], [780, 558]]",,[],,0.46281865545136736,0.29606990037869396
1242,3,1,20.629999999999995,,13518,"[954, 270]",False,Right,True,0.0,False,very_strong,False,"[[918, 534], [774, 552]]",,[],,0.4642213161403463,0.301143801523457
1243,3,1,20.646000000000072,,13518,"[954, 270]",False,Right,True,0.0,False,very_strong,False,"[[912, 528], [768, 546]]",,[],,0.4642213161403463,0.301143801523457
1244,3,1,20.66300000000001,,13518,"[954, 270]",False,Right,True,0.0,False,very_strong,False,"[[906, 522], [762, 540]]",,[],,0.4640184416305845,0.3025547895267269
1245,3,1,20.678999999999974,,13518,"[954, 270]",False,Right,True,0.0,False,very_strong,False,"[[900, 516], [756, 534]]",,[],,0.4640184416305845,0.3025547895267269
1246,3,1,20.696000000000026,,13518,"[954, 270]",False,,True,0.0,False,very_strong,False,"[[894, 510], [750, 528]]",,[],,0.46399624537916734,0.3038614666514686
1247,3,1,20.71199999999999,,13518,"[954, 270]",False,,True,0.0,False,very_strong,False,"[[894, 504], [750, 522]]",,[],,0.46399624537916734,0.3038614666514686
1248,3,1,20.728000000000065,,13518,"[954, 270]",False,,True,0.0,False,very_strong,False,"[[894, 498], [750, 516]]",,[],,0.4733860483849049,0.2894728166179593
1249,3,1,20.745000000000005,,13518,"[954, 270]",False,,True,0.0,False,very_strong,False,"[[894, 492], [750, 510]]",,[],,0.4733860483849049,0.2894728166179593
1250,3,1,20.762000000000057,,13518,"[954, 270]",False,,True,0.0,False,very_strong,False,"[[894, 486], [750, 504]]",,[],,0.4734604244227609,0.28946904958680064
1251,3,1,20.778999999999996,,13518,"[954, 270]",False,,True,0.0,False,very_strong,False,"[[894, 480], [750, 498]]",,[],,0.4734604244227609,0.28946904958680064
1252,3,1,20.795000000000073,,13518,"[954, 270]",False,,True,0.0,False,very_strong,False,"[[894, 474], [750, 492]]",,[],,0.4741430566658984,0.2904860617353969
1253,3,1,20.812000000000012,,13518,"[954, 270]",False,,True,0.0,False,very_strong,False,"[[894, 468], [750, 486]]",,[],,0.4741430566658984,0.2904860617353969
1254,3,1,20.829000000000065,,13518,"[954, 270]",False,,True,0.0,False,very_strong,False,"[[894, 462], [750, 480]]",,[],,0.47453585594078973,0.29124538498163577
1255,3,1,20.845000000000027,,13518,"[954, 270]",False,,True,0.0,False,very_strong,False,"[[894, 456], [750, 474]]",,[],,0.47457060145223195,0.2911515446293822
1256,3,1,20.861999999999966,,13518,"[954, 270]",False,,True,0.0,False,very_strong,False,"[[894, 450], [750, 468]]",,[],,0.4723702413679785,0.29379576079883674
1257,3,1,20.878000000000043,,13518,"[954, 270]",False,,True,0.0,False,very_strong,False,"[[894, 444], [750, 462]]",,[],,0.4723702413679785,0.29379576079883674
1258,3,1,20.894999999999982,,13518,"[954, 270]",False,,True,0.0,False,very_strong,False,"[[894, 438], [750, 456]]",,[],,0.4716842606044403,0.29729020233299686
1259,3,1,20.912000000000035,,13518,"[954, 270]",False,,True,0.0,False,very_strong,False,"[[894, 432], [750, 450]]",,[],,0.4717190288488749,0.29834685361343094
1260,3,1,20.928999999999974,,13518,"[954, 270]",False,,True,0.0,False,very_strong,False,"[[894, 426], [750, 444]]",,[],,0.47239331848140037,0.3023502233714739
1261,3,1,20.946000000000026,,13518,"[954, 270]",False,,True,0.0,False,very_strong,False,"[[894, 420], [750, 438]]",,[],,0.47239331848140037,0.3023502233714739
1262,3,1,20.962999999999965,,13518,"[954, 270]",False,,True,0.0,False,very_strong,False,"[[894, 414], [750, 432]]",,[],,0.4598968219201895,0.2656036666076773
1263,3,1,20.980000000000018,,13518,"[954, 270]",False,,True,0.0,False,very_strong,False,"[[894, 408], [750, 426]]",,[],,0.4598968219201895,0.2656036666076773
1264,3,1,20.99599999999998,,13518,"[954, 270]",False,,True,0.0,False,very_strong,False,"[[894, 402], [750, 420]]",,[],,0.4564003436310996,0.25180637339261414
1265,3,1,21.012000000000057,,13518,"[954, 270]",False,,True,0.0,False,very_strong,False,"[[894, 396], [750, 414], [1128, 810]]",,[],,0.4564003436310996,0.25180637339261414
1266,3,1,21.028999999999996,,13518,"[954, 270]",False,,True,0.0,False,very_strong,False,"[[894, 390], [750, 408], [1128, 804]]",,[],,0.4559685604650109,0.24966338112402375
1267,3,1,21.04600000000005,,13518,"[954, 270]",False,,True,0.0,False,very_strong,False,"[[894, 384], [750, 402], [1128, 798]]",,[],,0.4559685604650109,0.24966338112402375
1268,3,1,21.062000000000012,,13518,"[954, 270]",False,,True,0.0,False,very_strong,False,"[[894, 378], [750, 396], [1128, 792]]",,[],,0.4595243750000654,0.2568064392039804
1269,3,1,21.079000000000065,,13518,"[954, 270]",False,,True,0.0,False,very_strong,False,"[[894, 372], [750, 390], [1128, 786]]",,[],,0.4595243750000654,0.2568064392039804
1270,3,1,21.095000000000027,,13518,"[954, 270]",False,,True,0.0,False,very_strong,False,"[[894, 366], [750, 384], [1128, 780]]",,[],,0.46297288022952243,0.26374525449991193
1271,3,1,21.111999999999966,,13518,"[954, 270]",False,,True,0.0,False,very_strong,False,"[[894, 360], [750, 378], [1128, 774]]",,[],,0.4636056258205524,0.2651047297576332
1272,3,1,21.12900000000002,,13518,"[954, 270]",False,Right,True,0.0,False,very_strong,False,"[[894, 354], [750, 372], [1128, 768]]",,[],,0.46408976074781016,0.26914209967688785
1273,3,1,21.146000000000072,,13518,"[954, 270]",False,Right,True,0.0,False,very_strong,False,"[[888, 348], [744, 366], [1122, 762]]",,[],,0.46408976074781016,0.26914209967688785
1274,3,1,21.162000000000035,,13518,"[954, 270]",False,Right,True,0.0,False,very_strong,False,"[[882, 342], [738, 360], [1116, 756], [882, 810]]",,[],,0.46393611552794906,0.2690783407372881
1275,3,1,21.177999999999997,,13518,"[954, 270]",False,Right,True,0.0,False,very_strong,False,"[[876, 336], [732, 354], [1110, 750], [876, 804]]",,[],,0.4640622528122732,0.27051230422945904
1276,3,1,21.19500000000005,,13518,"[954, 270]",False,Right,True,0.0,False,very_strong,False,"[[870, 330], [726, 348], [1104, 744], [870, 798]]",,[],,0.4636674421547348,0.27105479104392016
1277,3,1,21.211000000000013,,13518,"[954, 270]",False,Right,True,0.0,False,very_strong,False,"[[864, 324], [720, 342], [1098, 738], [864, 792]]",,[],,0.4636674421547348,0.27105479104392016
1278,3,1,21.229000000000042,,13518,"[954, 270]",False,,True,0.0,False,very_strong,False,"[[858, 318], [714, 336], [1092, 732], [858, 786]]",,[],,0.46331204755638666,0.2715119524936722
1279,3,1,21.245000000000005,,13518,"[954, 270]",False,,True,0.0,False,very_strong,False,"[[858, 312], [714, 330], [1092, 726], [858, 780]]",,[],,0.46337926730495066,0.2724506402545799
1280,3,1,21.262000000000057,,13518,"[954, 270]",False,,True,0.0,False,very_strong,False,"[[858, 306], [714, 324], [1092, 720], [858, 774]]",,[],,0.4622786200578374,0.2740245262658806
1281,3,1,21.279999999999973,,13518,"[954, 270]",False,,True,0.0,False,very_strong,False,"[[858, 300], [714, 318], [1092, 714], [858, 768]]",,[],,0.4623471503131348,0.2751880963968715
1282,3,1,21.297000000000025,,13518,"[954, 270]",False,,True,0.0,False,very_strong,False,"[[858, 294], [714, 312], [1092, 708], [858, 762]]",,[],,0.4630279013222937,0.2785391182053347
1283,3,1,21.313999999999965,,13518,"[954, 270]",False,,True,0.0,False,very_strong,False,"[[858, 288], [714, 306], [1092, 702], [858, 756]]",,[],,0.4630279013222937,0.2785391182053347
1284,3,1,21.331000000000017,,13518,"[954, 270]",False,,True,0.0,False,very_strong,False,"[[858, 282], [714, 300], [1092, 696], [858, 750]]",,[],,0.47449135172836143,0.2408167076310347
1285,3,1,21.34699999999998,,13518,"[954, 270]",False,,True,0.0,False,very_strong,False,"[[858, 276], [714, 294], [1092, 690], [858, 744]]",,[],,0.47449135172836143,0.2408167076310347
1286,3,1,21.364000000000033,,13518,"[954, 270]",False,,True,0.0,False,very_strong,False,"[[858, 270], [714, 288], [1092, 684], [858, 738]]",,[],,0.47786560973148096,0.2351209734742895
1287,3,1,21.380999999999972,,13518,"[954, 270]",False,,True,0.0,False,very_strong,False,"[[858, 264], [714, 282], [1092, 678], [858, 732]]",,[],,0.47750085982011325,0.23698966972306879
1288,3,1,21.397000000000048,,13518,"[954, 270]",False,,True,0.0,False,very_strong,False,"[[858, 258], [714, 276], [1092, 672], [858, 726]]",,[],,0.4766027120386731,0.24108805716840798
1289,3,1,21.413999999999987,,13518,"[954, 270]",False,,True,0.0,False,very_strong,False,"[[858, 252], [714, 270], [1092, 666], [858, 720], [1002, 810]]",,[],,0.4766027120386731,0.24108805716840798
1290,3,1,21.43100000000004,,13518,"[954, 270]",False,,True,0.0,False,very_strong,False,"[[858, 246], [714, 264], [1092, 660], [858, 714], [1002, 804]]",,[],,0.47434885770994245,0.24750603042819141
1291,3,1,21.44799999999998,,13518,"[954, 270]",False,,True,0.0,False,very_strong,False,"[[858, 240], [714, 258], [1092, 654], [858, 708], [1002, 798]]",,[],,0.4740187884108161,0.25031979632004353
1292,3,1,21.464000000000055,,13518,"[954, 270]",False,,True,0.0,False,very_strong,False,"[[858, 234], [714, 252], [1092, 648], [858, 702], [1002, 792]]",,[],,0.4727600687103303,0.25161651302625276
1293,3,1,21.480000000000018,,13518,"[954, 270]",False,,True,0.0,False,very_strong,False,"[[858, 228], [714, 246], [1092, 642], [858, 696], [1002, 786]]",,[],,0.4727600687103303,0.25161651302625276
1294,3,1,21.49599999999998,,13518,"[954, 270]",False,,True,0.0,False,very_strong,False,"[[858, 222], [714, 240], [1092, 636], [858, 690], [1002, 780]]",,[],,0.47051728534489207,0.25537204308441197
1295,3,1,21.512000000000057,,13518,"[954, 270]",False,,True,0.0,False,very_strong,False,"[[858, 216], [714, 234], [1092, 630], [858, 684], [1002, 774], [804, 810]]",,[],,0.47051728534489207,0.25537204308441197
1296,3,1,21.52800000000002,,13518,"[954, 270]",False,Left,True,0.0,False,very_strong,False,"[[858, 210], [714, 228], [1092, 624], [858, 678], [1002, 768], [804, 804]]",,[],,0.4707686437213895,0.2538379326199812
1297,3,1,21.545000000000073,,13518,"[954, 270]",False,Left,True,0.0,False,very_strong,False,"[[864, 204], [720, 222], [1098, 618], [864, 672], [1008, 762], [810, 798]]",,[],,0.47012754227305037,0.2564449064252534
1298,3,1,21.562000000000012,,13518,"[954, 270]",False,Left,True,0.0,False,very_strong,False,"[[870, 198], [726, 216], [1104, 612], [870, 666], [1014, 756], [816, 792]]",,[],,0.4648603651260882,0.24987919954051252
1299,3,1,21.579000000000065,,13518,"[954, 270]",False,Left,True,0.0,False,very_strong,False,"[[876, 192], [732, 210], [1110, 606], [876, 660], [1020, 750], [822, 786]]",,[],,0.4631210487634753,0.25086440455542647
1300,3,1,21.596000000000004,,13518,"[954, 270]",False,Left,True,0.0,False,very_strong,False,"[[882, 186], [738, 204], [1116, 600], [882, 654], [1026, 744], [828, 780]]",,[],,0.4475157149986944,0.23431647048632964
1301,3,1,21.611999999999966,,13518,"[954, 270]",False,Left,True,0.0,False,very_strong,False,"[[888, 180], [744, 198], [1122, 594], [888, 648], [1032, 738], [834, 774]]",,[],,0.4475157149986944,0.23431647048632964
1302,3,1,21.628000000000043,,13518,"[954, 270]",False,Left,True,0.0,False,very_strong,False,"[[894, 174], [750, 192], [1128, 588], [894, 642], [1038, 732], [840, 768]]",,[],,0.4470988320800336,0.2323686209197907
1303,3,1,21.646000000000072,,13518,"[954, 270]",False,Left,True,0.0,False,very_strong,False,"[[900, 168], [756, 186], [1134, 582], [900, 636], [1044, 726], [846, 762]]",,[],,0.4471313344761213,0.2311639397025701
1304,3,1,21.663999999999987,,13518,"[954, 270]",False,,True,0.0,False,very_strong,False,"[[906, 162], [762, 180], [1140, 576], [906, 630], [1050, 720], [852, 756]]",,[],,0.4443243883326032,0.22919028546813802
1305,3,1,21.680000000000064,,13518,"[954, 270]",False,,True,0.0,False,very_strong,False,"[[906, 156], [762, 174], [1140, 570], [906, 624], [1050, 714], [852, 750]]",,[],,0.4443243883326032,0.22919028546813802
1306,3,1,21.697000000000003,,13518,"[954, 270]",False,,True,0.0,False,very_strong,False,"[[906, 150], [762, 168], [1140, 564], [906, 618], [1050, 708], [852, 744]]",,[],,0.4447625070908844,0.2302147187582878
1307,3,1,21.714000000000055,,13518,"[954, 270]",False,,True,0.0,False,very_strong,False,"[[906, 144], [762, 162], [1140, 558], [906, 612], [1050, 702], [852, 738]]",,[],,0.4445235697289032,0.2320909241719783
1308,3,1,21.730999999999995,,13518,"[954, 270]",False,,True,0.0,False,very_strong,False,"[[906, 138], [762, 156], [1140, 552], [906, 606], [1050, 696], [852, 732]]",,[],,0.44469372155047704,0.23299387689675144
1309,3,1,21.748000000000047,,13518,"[954, 270]",False,,True,0.0,False,very_strong,False,"[[906, 132], [762, 150], [1140, 546], [906, 600], [1050, 690], [852, 726]]",,[],,0.44469372155047704,0.23299387689675144
1310,3,1,21.764999999999986,,13518,"[954, 270]",False,,True,0.0,False,very_strong,False,"[[906, 126], [762, 144], [1140, 540], [906, 594], [1050, 684], [852, 720]]",,[],,0.447597232858469,0.24067418963820053
1311,3,1,21.783000000000015,,13518,"[954, 270]",False,Left,True,0.0,False,very_strong,False,"[[906, 120], [762, 138], [1140, 534], [906, 588], [1050, 678], [852, 714]]",,[],,0.447597232858469,0.24067418963820053
1312,3,1,21.798999999999978,,13518,"[954, 270]",False,Left,True,0.0,False,very_strong,False,"[[912, 114], [768, 132], [1146, 528], [912, 582], [1056, 672], [858, 708]]",,[],,0.45012128008932145,0.2473314018807684
1313,3,1,21.813999999999965,,13518,"[954, 270]",False,Left,True,0.0,False,very_strong,False,"[[918, 108], [774, 126], [1152, 522], [918, 576], [1062, 666], [864, 702]]",,[],,0.4530737213152453,0.25273466429975266
1314,3,1,21.83000000000004,,13518,"[954, 270]",False,Left,True,0.0,False,very_strong,False,"[[924, 102], [780, 120], [1158, 516], [924, 570], [1068, 660], [870, 696]]",,[],,0.45532400513248633,0.25681184175717675
1315,3,1,21.846000000000004,,13518,"[954, 270]",False,Left,True,0.0,False,very_strong,False,"[[930, 96], [786, 114], [1164, 510], [930, 564], [1074, 654], [876, 690]]",,[],,0.4553013991817864,0.25684095169428545
1316,3,1,21.863000000000056,,13518,"[954, 270]",False,Left,True,0.0,False,very_strong,False,"[[936, 90], [792, 108], [1170, 504], [936, 558], [1080, 648], [882, 684]]",,[],,0.45570633974018027,0.2581472175297206
1317,3,1,21.87900000000002,,13518,"[954, 270]",False,Left,True,0.0,False,very_strong,False,"[[942, 84], [798, 102], [1176, 498], [942, 552], [1086, 642], [888, 678]]",,[],,0.45733147322726647,0.261384737190984
1318,3,1,21.896000000000072,,13518,"[954, 270]",False,,True,0.0,False,very_strong,False,"[[948, 78], [804, 96], [1182, 492], [948, 546], [1092, 636], [894, 672]]",,[],,0.457811405116024,0.2631218967026069
1319,3,1,21.912000000000035,,13518,"[954, 270]",False,,True,0.0,False,very_strong,False,"[[948, 72], [804, 90], [1182, 486], [948, 540], [1092, 630], [894, 666]]",,[],,0.45828370182346206,0.2632097791036807
1320,3,1,21.927999999999997,,13518,"[954, 270]",False,,True,0.0,False,very_strong,False,"[[948, 66], [804, 84], [1182, 480], [948, 534], [1092, 624], [894, 660]]",,[],,0.4588375414107511,0.26513701286331093
1321,3,1,21.94500000000005,,13518,"[954, 270]",False,,True,0.0,False,very_strong,False,"[[948, 60], [804, 78], [1182, 474], [948, 528], [1092, 618], [894, 654]]",,[],,0.45871835362380453,0.2662803715785189
1322,3,1,21.96199999999999,,13518,"[954, 270]",False,,True,0.0,False,very_strong,False,"[[948, 54], [804, 72], [1182, 468], [948, 522], [1092, 612], [894, 648]]",,[],,0.4585137288201905,0.2656579159660296
1323,3,1,21.978000000000065,,13518,"[954, 270]",False,,True,0.0,False,very_strong,False,"[[948, 48], [804, 66], [1182, 462], [948, 516], [1092, 606], [894, 642]]",,[],,0.4556837240962099,0.26410196700172117
1324,3,1,21.99599999999998,,13518,"[954, 270]",False,Left,True,0.0,False,very_strong,False,"[[948, 42], [804, 60], [1182, 456], [948, 510], [1092, 600], [894, 636]]",,[],,0.44744432472842577,0.2415454454461189
1325,3,1,22.012000000000057,,13518,"[954, 270]",False,Left,True,0.0,False,very_strong,False,"[[954, 36], [810, 54], [1188, 450], [954, 504], [1098, 594], [900, 630], [1044, 810]]",,[],,0.4462744036119723,0.2392376174475056
1326,3,1,22.028999999999996,,13518,"[954, 270]",False,Left,True,0.0,False,very_strong,False,"[[960, 30], [816, 48], [1194, 444], [960, 498], [1104, 588], [906, 624], [1050, 804]]",,[],,0.44623131093989443,0.23816730880427328
1327,3,1,22.04600000000005,,13518,"[954, 270]",False,Left,True,0.0,False,very_strong,False,"[[966, 24], [822, 42], [1200, 438], [966, 492], [1110, 582], [912, 618], [1056, 798]]",,[],,0.44625635801425656,0.238725050507258
1328,3,1,22.062000000000012,,13518,"[954, 270]",False,Left,True,0.0,False,very_strong,False,"[[972, 18], [828, 36], [1206, 432], [972, 486], [1116, 576], [918, 612], [1062, 792], [702, 810]]",,[],,0.4462590114034025,0.23815377293546902
1329,3,1,22.079000000000065,,13518,"[954, 270]",False,Left,True,0.0,False,very_strong,False,"[[978, 12], [834, 30], [1212, 426], [978, 480], [1122, 570], [924, 606], [1068, 786], [708, 804]]",,[],,0.4460796272058687,0.2399886866180989
1330,3,1,22.096000000000004,,13518,"[954, 270]",False,Left,True,0.0,False,very_strong,False,"[[984, 6], [840, 24], [1218, 420], [984, 474], [1128, 564], [930, 600], [1074, 780], [714, 798]]",,[],,0.44588079186158014,0.24218269623276756
1331,3,1,22.111999999999966,,13518,"[954, 270]",False,Left,True,0.0,False,very_strong,False,"[[990, 0], [846, 18], [1224, 414], [990, 468], [1134, 558], [936, 594], [1080, 774], [720, 792]]",,[],,0.4459060809218018,0.2444168379296071
1332,3,1,22.130999999999972,,13518,"[954, 270]",False,,True,0.0,False,very_strong,False,"[[852, 12], [1230, 408], [996, 462], [1140, 552], [942, 588], [1086, 768], [726, 786]]",,[],,0.44588520964885286,0.2446070486751487
1333,3,1,22.146000000000072,,13518,"[954, 270]",False,,True,0.0,False,very_strong,False,"[[852, 6], [1230, 402], [996, 456], [1140, 546], [942, 582], [1086, 762], [726, 780]]",,[],,0.4453102895495856,0.24652273661287727
1334,3,1,22.162000000000035,,13518,"[954, 270]",False,,True,0.0,False,very_strong,False,"[[852, 0], [1230, 396], [996, 450], [1140, 540], [942, 576], [1086, 756], [726, 774], [1050, 810]]",,[],,0.4452108603131911,0.24659864722372082
1335,3,1,22.178999999999974,,13518,"[954, 270]",False,,True,0.0,False,very_strong,False,"[[1230, 390], [996, 444], [1140, 534], [942, 570], [1086, 750], [726, 768], [1050, 804]]",,[],,0.4470117008795594,0.24638069345211333
1336,3,1,22.196000000000026,,13518,"[954, 270]",False,Left,True,0.0,False,very_strong,False,"[[1230, 384], [996, 438], [1140, 528], [942, 564], [1086, 744], [726, 762], [1050, 798]]",,[],,0.44745298929594535,0.24752944070638117
1337,3,1,22.211000000000013,,13518,"[954, 270]",False,Left,True,0.0,False,very_strong,False,"[[1236, 378], [1002, 432], [1146, 522], [948, 558], [1092, 738], [732, 756], [1056, 792]]",,[],,0.44969514728419685,0.2492379964307775
1338,3,1,22.226999999999975,,13518,"[954, 270]",False,Left,True,0.0,False,very_strong,False,"[[1242, 372], [1008, 426], [1152, 516], [954, 552], [1098, 732], [738, 750], [1062, 786]]",,[],,0.44969514728419685,0.2492379964307775
1339,3,1,22.243000000000052,,13518,"[954, 270]",False,Left,True,0.0,False,very_strong,False,"[[1248, 366], [1014, 420], [1158, 510], [960, 546], [1104, 726], [744, 744], [1068, 780]]",,[],,0.4518382263917477,0.2520661801014896
1340,3,1,22.25999999999999,,13518,"[954, 270]",False,Left,True,0.0,False,very_strong,False,"[[1254, 360], [1020, 414], [1164, 504], [966, 540], [1110, 720], [750, 738], [1074, 774]]",,[],,0.4518382263917477,0.2520661801014896
1341,3,1,22.277000000000044,,13518,"[954, 270]",False,Left,True,0.0,False,very_strong,False,"[[1260, 354], [1026, 408], [1170, 498], [972, 534], [1116, 714], [756, 732], [1080, 768]]",,[],,0.45164216984300654,0.2549326804587321
1342,3,1,22.293999999999983,,13518,"[954, 270]",False,Left,True,0.0,False,very_strong,False,"[[1266, 348], [1032, 402], [1176, 492], [978, 528], [1122, 708], [762, 726], [1086, 762]]",,[],,0.45212667454058286,0.25457759782778644
1343,3,1,22.31000000000006,,13518,"[954, 270]",False,Left,True,0.0,False,very_strong,False,"[[1272, 342], [1038, 396], [1182, 486], [984, 522], [1128, 702], [768, 720], [1092, 756]]",,[],,0.45122479789098113,0.2571072331452604
1344,3,1,22.326000000000022,,13518,"[954, 270]",False,Left,True,0.0,False,very_strong,False,"[[1278, 336], [1044, 390], [1188, 480], [990, 516], [1134, 696], [774, 714], [1098, 750]]",,[],,0.45122479789098113,0.2571072331452604
1345,3,1,22.343000000000075,,13518,"[954, 270]",False,Left,True,0.0,False,very_strong,False,"[[1284, 330], [1050, 384], [1194, 474], [996, 510], [1140, 690], [780, 708], [1104, 744]]",,[],,0.45378215629228835,0.2593087229241787
1346,3,1,22.359000000000037,,13518,"[954, 270]",False,Left,True,0.0,False,very_strong,False,"[[1290, 324], [1056, 378], [1200, 468], [1002, 504], [1146, 684], [786, 702], [1110, 738]]",,[],,0.45378215629228835,0.2593087229241787
1347,3,1,22.375,,13518,"[954, 270]",False,Left,True,0.0,False,very_strong,False,"[[1296, 318], [1062, 372], [1206, 462], [1008, 498], [1152, 678], [792, 696], [1116, 732]]",,[],,0.43712583697911295,0.21565400468907192
1348,3,1,22.392000000000053,,13518,"[954, 270]",False,Left,True,0.0,False,very_strong,False,"[[1302, 312], [1068, 366], [1212, 456], [1014, 492], [1158, 672], [798, 690], [1122, 726]]",,[],,0.43712583697911295,0.21565400468907192
1349,3,1,22.409999999999968,,13518,"[954, 270]",False,Left,True,0.0,False,very_strong,False,"[[1308, 306], [1074, 360], [1218, 450], [1020, 486], [1164, 666], [804, 684], [1128, 720]]",,[],,0.4369502302218624,0.2207835253744359
1350,3,1,22.42700000000002,,13518,"[954, 270]",False,Left,True,0.0,False,very_strong,False,"[[1314, 300], [1080, 354], [1224, 444], [1026, 480], [1170, 660], [810, 678], [1134, 714]]",,[],,0.4369502302218624,0.2207835253744359
1351,3,1,22.444000000000074,,13518,"[954, 270]",False,Left,True,0.0,False,very_strong,False,"[[1320, 294], [1086, 348], [1230, 438], [1032, 474], [1176, 654], [816, 672], [1140, 708]]",,[],,0.4345748928434915,0.2281881273456564
1352,3,1,22.461000000000013,,13518,"[954, 270]",False,Left,True,0.0,False,very_strong,False,"[[1326, 288], [1092, 342], [1236, 432], [1038, 468], [1182, 648], [822, 666], [1146, 702]]",,[],,0.4355324030545882,0.22808401817457258
1353,3,1,22.478000000000065,,13518,"[954, 270]",False,Left,True,0.0,False,very_strong,False,"[[1332, 282], [1098, 336], [1242, 426], [1044, 462], [1188, 642], [828, 660], [1152, 696]]",,[],,0.44187255158126415,0.23511203804813197
1354,3,1,22.494000000000028,,13518,"[954, 270]",False,Left,True,0.0,False,very_strong,False,"[[1338, 276], [1104, 330], [1248, 420], [1050, 456], [1194, 636], [834, 654], [1158, 690]]",,[],,0.44187255158126415,0.23511203804813197
1355,3,1,22.510999999999967,,13518,"[954, 270]",False,Left,True,0.0,False,very_strong,False,"[[1344, 270], [1110, 324], [1254, 414], [1056, 450], [1200, 630], [840, 648], [1164, 684]]",,[],,0.444667929798757,0.23183296433362255
1356,3,1,22.528999999999996,,13518,"[954, 270]",False,,True,0.0,False,very_strong,False,"[[1350, 264], [1116, 318], [1260, 408], [1062, 444], [1206, 624], [846, 642], [1170, 678]]",,[],,0.445034710602084,0.23209311907857455
1357,3,1,22.54600000000005,,13518,"[954, 270]",False,,True,0.0,False,very_strong,False,"[[1350, 258], [1116, 312], [1260, 402], [1062, 438], [1206, 618], [846, 636], [1170, 672]]",,[],,0.4455924479572288,0.23144736683937073
1358,3,1,22.562000000000012,,13518,"[954, 270]",False,,True,0.0,False,very_strong,False,"[[1350, 252], [1116, 306], [1260, 396], [1062, 432], [1206, 612], [846, 630], [1170, 666]]",,[],,0.44578684945453284,0.23030247770396461
1359,3,1,22.577999999999975,,13518,"[954, 270]",False,,True,0.0,False,very_strong,False,"[[1350, 246], [1116, 300], [1260, 390], [1062, 426], [1206, 606], [846, 624], [1170, 660]]",,[],,0.44578589804269014,0.2289048467766578
1360,3,1,22.595000000000027,,13518,"[954, 270]",False,,True,0.0,False,very_strong,False,"[[1350, 240], [1116, 294], [1260, 384], [1062, 420], [1206, 600], [846, 618], [1170, 654]]",,[],,0.44578589804269014,0.2289048467766578
1361,3,1,22.61099999999999,,13518,"[954, 270]",False,,True,0.0,False,very_strong,False,"[[1350, 234], [1116, 288], [1260, 378], [1062, 414], [1206, 594], [846, 612], [1170, 648]]",,[],,0.448985183734505,0.23044166427301604
1362,3,1,22.627000000000066,,13518,"[954, 270]",False,,True,0.0,False,very_strong,False,"[[1350, 228], [1116, 282], [1260, 372], [1062, 408], [1206, 588], [846, 606], [1170, 642]]",,[],,0.448985183734505,0.23044166427301604
1363,3,1,22.64300000000003,,13518,"[954, 270]",False,,True,0.0,False,very_strong,False,"[[1350, 222], [1116, 276], [1260, 366], [1062, 402], [1206, 582], [846, 600], [1170, 636]]",,[],,0.45106690719718634,0.2351220692657504
1364,3,1,22.658999999999992,,13518,"[954, 270]",False,,True,0.0,False,very_strong,False,"[[1350, 216], [1116, 270], [1260, 360], [1062, 396], [1206, 576], [846, 594], [1170, 630]]",,[],,0.45106690719718634,0.2351220692657504
1365,3,1,22.675000000000068,,13518,"[954, 270]",False,,True,0.0,False,very_strong,False,"[[1350, 210], [1116, 264], [1260, 354], [1062, 390], [1206, 570], [846, 588], [1170, 624]]",,[],,0.4525727249188704,0.24158578071850378
1366,3,1,22.69100000000003,,13518,"[954, 270]",False,,True,0.0,False,very_strong,False,"[[1350, 204], [1116, 258], [1260, 348], [1062, 384], [1206, 564], [846, 582], [1170, 618]]",,[],,0.4525727249188704,0.24158578071850378
1367,3,1,22.70799999999997,,13518,"[954, 270]",False,Left,True,0.0,False,very_strong,False,"[[1350, 198], [1116, 252], [1260, 342], [1062, 378], [1206, 558], [846, 576], [1170, 612], [1458, 810], [1116, 810]]",,[],,0.45259131464407776,0.2419070731374553
1368,3,1,22.72300000000007,,13518,"[954, 270]",False,Left,True,0.0,False,very_strong,False,"[[1356, 192], [1122, 246], [1266, 336], [1068, 372], [1212, 552], [852, 570], [1176, 606], [1464, 804], [1122, 804]]",,[],,0.45259131464407776,0.2419070731374553
1369,3,1,22.739000000000033,,13518,"[954, 270]",False,Left,True,0.0,False,very_strong,False,"[[1362, 186], [1128, 240], [1272, 330], [1074, 366], [1218, 546], [858, 564], [1182, 600], [1470, 798], [1128, 798]]",,[],,0.4711389907574664,0.23881342110236292
1370,3,1,22.755999999999972,,13518,"[954, 270]",False,,True,0.0,False,very_strong,False,"[[1368, 180], [1134, 234], [1278, 324], [1080, 360], [1224, 540], [864, 558], [1188, 594], [1476, 792], [1134, 792]]",,[],,0.4711389907574664,0.23881342110236292
1371,3,1,22.771000000000072,,13518,"[954, 270]",False,,True,0.0,False,very_strong,False,"[[1368, 174], [1134, 228], [1278, 318], [1080, 354], [1224, 534], [864, 552], [1188, 588], [1476, 786], [1134, 786]]",,[],,0.47189378939003623,0.24138706791496045
1372,3,1,22.787000000000035,,13518,"[954, 270]",False,,True,0.0,False,very_strong,False,"[[1368, 168], [1134, 222], [1278, 312], [1080, 348], [1224, 528], [864, 546], [1188, 582], [1476, 780], [1134, 780]]",,[],,0.4722777673394278,0.2421096082233175
1373,3,1,22.803999999999974,,13518,"[954, 270]",False,,True,0.0,False,very_strong,False,"[[1368, 162], [1134, 216], [1278, 306], [1080, 342], [1224, 522], [864, 540], [1188, 576], [1476, 774], [1134, 774]]",,[],,0.471975157113932,0.24713159924640205
1374,3,1,22.821000000000026,,13518,"[954, 270]",False,,True,0.0,False,very_strong,False,"[[1368, 156], [1134, 210], [1278, 300], [1080, 336], [1224, 516], [864, 534], [1188, 570], [1476, 768], [1134, 768]]",,[],,0.471975157113932,0.24713159924640205
1375,3,1,22.837999999999965,,13518,"[954, 270]",False,,True,0.0,False,very_strong,False,"[[1368, 150], [1134, 204], [1278, 294], [1080, 330], [1224, 510], [864, 528], [1188, 564], [1476, 762], [1134, 762]]",,[],,0.47111434815588354,0.24898806789479067
1376,3,1,22.854000000000042,,13518,"[954, 270]",False,,True,0.0,False,very_strong,False,"[[1368, 144], [1134, 198], [1278, 288], [1080, 324], [1224, 504], [864, 522], [1188, 558], [1476, 756], [1134, 756]]",,[],,0.47111434815588354,0.24898806789479067
1377,3,1,22.87099999999998,,13518,"[954, 270]",False,,True,0.0,False,very_strong,False,"[[1368, 138], [1134, 192], [1278, 282], [1080, 318], [1224, 498], [864, 516], [1188, 552], [1476, 750], [1134, 750]]",,[],,0.4707176829790184,0.25254396157414605
1378,3,1,22.887000000000057,,13518,"[954, 270]",False,,True,0.0,False,very_strong,False,"[[1368, 132], [1134, 186], [1278, 276], [1080, 312], [1224, 492], [864, 510], [1188, 546], [1476, 744], [1134, 744]]",,[],,0.47035600458701915,0.25409775350184827
1379,3,1,22.90300000000002,,13518,"[954, 270]",False,,True,0.0,False,very_strong,False,"[[1368, 126], [1134, 180], [1278, 270], [1080, 306], [1224, 486], [864, 504], [1188, 540], [1476, 738], [1134, 738]]",,[],,0.4699819361352996,0.2568869052681181
1380,3,1,22.918999999999983,,13518,"[954, 270]",False,,True,0.0,False,very_strong,False,"[[1368, 120], [1134, 174], [1278, 264], [1080, 300], [1224, 480], [864, 498], [1188, 534], [1476, 732], [1134, 732]]",,[],,0.4699819361352996,0.2568869052681181
1381,3,1,22.936000000000035,,13518,"[954, 270]",False,,True,0.0,False,very_strong,False,"[[1368, 114], [1134, 168], [1278, 258], [1080, 294], [1224, 474], [864, 492], [1188, 528], [1476, 726], [1134, 726]]",,[],,0.47076020155223625,0.2578813827824
1382,3,1,22.952999999999975,,13518,"[954, 270]",False,,True,0.0,False,very_strong,False,"[[1368, 108], [1134, 162], [1278, 252], [1080, 288], [1224, 468], [864, 486], [1188, 522], [1476, 720], [1134, 720]]",,[],,0.47146362348610954,0.25659737040408115
1383,3,1,22.96900000000005,,13518,"[954, 270]",False,,True,0.0,False,very_strong,False,"[[1368, 102], [1134, 156], [1278, 246], [1080, 282], [1224, 462], [864, 480], [1188, 516], [1476, 714], [1134, 714]]",,[],,0.4733536042068597,0.25747038643940967
1384,3,1,22.98599999999999,,13518,"[954, 270]",False,,True,0.0,False,very_strong,False,"[[1368, 96], [1134, 150], [1278, 240], [1080, 276], [1224, 456], [864, 474], [1188, 510], [1476, 708], [1134, 708]]",,[],,0.47461664287290295,0.2582323446109862
1385,3,1,23.003000000000043,,13518,"[954, 270]",False,,True,0.0,False,very_strong,False,"[[1368, 90], [1134, 144], [1278, 234], [1080, 270], [1224, 450], [864, 468], [1188, 504], [1476, 702], [1134, 702]]",,[],,0.4747058479217351,0.2584712552853009
1386,3,1,23.019999999999982,,13518,"[954, 270]",False,,True,0.0,False,very_strong,False,"[[1368, 84], [1134, 138], [1278, 228], [1080, 264], [1224, 444], [864, 462], [1188, 498], [1476, 696], [1134, 696]]",,[],,0.4747058479217351,0.2584712552853009
1387,3,1,23.037000000000035,,13518,"[954, 270]",False,,True,0.0,False,very_strong,False,"[[1368, 78], [1134, 132], [1278, 222], [1080, 258], [1224, 438], [864, 456], [1188, 492], [1476, 690], [1134, 690]]",,[],,0.47498597319520874,0.25927516386845584
1388,3,1,23.052999999999997,,13518,"[954, 270]",False,,True,0.0,False,very_strong,False,"[[1368, 72], [1134, 126], [1278, 216], [1080, 252], [1224, 432], [864, 450], [1188, 486], [1476, 684], [1134, 684]]",,[],,0.4743028646933197,0.26069811801555365
1389,3,1,23.069000000000074,,13518,"[954, 270]",False,,True,0.0,False,very_strong,False,"[[1368, 66], [1134, 120], [1278, 210], [1080, 246], [1224, 426], [864, 444], [1188, 480], [1476, 678], [1134, 678]]",,[],,0.4739543109890814,0.26646791797119096
1390,3,1,23.086000000000013,,13518,"[954, 270]",False,,True,0.0,False,very_strong,False,"[[1368, 60], [1134, 114], [1278, 204], [1080, 240], [1224, 420], [864, 438], [1188, 474], [1476, 672], [1134, 672]]",,[],,0.4731543867494887,0.2675763100378248
1391,3,1,23.101999999999975,,13518,"[954, 270]",False,,True,0.0,False,very_strong,False,"[[1368, 54], [1134, 108], [1278, 198], [1080, 234], [1224, 414], [864, 432], [1188, 468], [1476, 666], [1134, 666]]",,[],,0.47355829966083507,0.2711072992497999
1392,3,1,23.119000000000028,,13518,"[954, 270]",False,,True,0.0,False,very_strong,False,"[[1368, 48], [1134, 102], [1278, 192], [1080, 228], [1224, 408], [864, 426], [1188, 462], [1476, 660], [1134, 660]]",,[],,0.47355829966083507,0.2711072992497999
1393,3,1,23.135999999999967,,13518,"[954, 270]",False,Right,True,0.0,False,very_strong,False,"[[1368, 42], [1134, 96], [1278, 186], [1080, 222], [1224, 402], [864, 420], [1188, 456], [1476, 654], [1134, 654]]",,[],,0.47298043137049117,0.2749628531731857
1394,3,1,23.152000000000044,,13518,"[954, 270]",False,Right,True,0.0,False,very_strong,False,"[[1362, 36], [1128, 90], [1272, 180], [1074, 216], [1218, 396], [858, 414], [1182, 450], [1470, 648], [1128, 648]]",,[],,0.47322323523489596,0.2773033614049807
1395,3,1,23.168999999999983,,13518,"[954, 270]",False,Right,True,0.0,False,very_strong,False,"[[1356, 30], [1122, 84], [1266, 174], [1068, 210], [1212, 390], [852, 408], [1176, 444], [1464, 642], [1122, 642]]",,[],,0.4735439842419596,0.28212926812288497
1396,3,1,23.18500000000006,,13518,"[954, 270]",False,Right,True,0.0,False,very_strong,False,"[[1350, 24], [1116, 78], [1260, 168], [1062, 204], [1206, 384], [846, 402], [1170, 438], [1458, 636], [1116, 636]]",,[],,0.473072894551715,0.28316919951261754
1397,3,1,23.201999999999998,,13518,"[954, 270]",False,Right,True,0.0,False,very_strong,False,"[[1344, 18], [1110, 72], [1254, 162], [1056, 198], [1200, 378], [840, 396], [1164, 432], [1452, 630], [1110, 630]]",,[],,0.47339414985680006,0.283829381580216
1398,3,1,23.21900000000005,,13518,"[954, 270]",False,Right,True,0.0,False,very_strong,False,"[[1338, 12], [1104, 66], [1248, 156], [1050, 192], [1194, 372], [834, 390], [1158, 426], [1446, 624], [1104, 624]]",,[],,0.47425126129276424,0.28631599605957847
1399,3,1,23.23599999999999,,13518,"[954, 270]",False,Right,True,0.0,False,very_strong,False,"[[1332, 6], [1098, 60], [1242, 150], [1044, 186], [1188, 366], [828, 384], [1152, 420], [1440, 618], [1098, 618]]",,[],,0.47533307350237636,0.288119603676278
1400,3,1,23.253000000000043,,13518,"[954, 270]",False,Right,True,0.0,False,very_strong,False,"[[1326, 0], [1092, 54], [1236, 144], [1038, 180], [1182, 360], [822, 378], [1146, 414], [1434, 612], [1092, 612], [1038, 810]]",,[],,0.4753274795699992,0.28802752683921207
1401,3,1,23.269999999999982,,13518,"[954, 270]",False,,True,0.0,False,very_strong,False,"[[1086, 48], [1230, 138], [1032, 174], [1176, 354], [816, 372], [1140, 408], [1428, 606], [1086, 606], [1032, 804]]",,[],,0.4758570944576376,0.2887701708511691
1402,3,1,23.286000000000058,,13518,"[954, 270]",False,,True,0.0,False,very_strong,False,"[[1086, 42], [1230, 132], [1032, 168], [1176, 348], [816, 366], [1140, 402], [1428, 600], [1086, 600], [1032, 798]]",,[],,0.4754928967961388,0.29051653708222447
1403,3,1,23.30200000000002,,13518,"[954, 270]",False,,True,0.0,False,very_strong,False,"[[1086, 36], [1230, 126], [1032, 162], [1176, 342], [816, 360], [1140, 396], [1428, 594], [1086, 594], [1032, 792]]",,[],,0.47545997342259555,0.29104636833546016
1404,3,1,23.319000000000074,,13518,"[954, 270]",False,,True,0.0,False,very_strong,False,"[[1086, 30], [1230, 120], [1032, 156], [1176, 336], [816, 354], [1140, 390], [1428, 588], [1086, 588], [1032, 786]]",,[],,0.4752594899544559,0.29358599204483526
1405,3,1,23.335000000000036,,13518,"[954, 270]",False,,True,0.0,False,very_strong,False,"[[1086, 24], [1230, 114], [1032, 150], [1176, 330], [816, 348], [1140, 384], [1428, 582], [1086, 582], [1032, 780]]",,[],,0.47459399939264424,0.293762690706057
1406,3,1,23.351999999999975,,13518,"[954, 270]",False,,True,0.0,False,very_strong,False,"[[1086, 18], [1230, 108], [1032, 144], [1176, 324], [816, 342], [1140, 378], [1428, 576], [1086, 576], [1032, 774]]",,[],,0.473718472400469,0.2952123200183644
1407,3,1,23.368000000000052,,13518,"[954, 270]",False,,True,0.0,False,very_strong,False,"[[1086, 12], [1230, 102], [1032, 138], [1176, 318], [816, 336], [1140, 372], [1428, 570], [1086, 570], [1032, 768]]",,[],,0.47396567823039265,0.296322721889944
1408,3,1,23.38499999999999,,13518,"[954, 270]",False,,True,0.0,False,very_strong,False,"[[1086, 6], [1230, 96], [1032, 132], [1176, 312], [816, 330], [1140, 366], [1428, 564], [1086, 564], [1032, 762]]",,[],,0.4742630056546693,0.29852261108363
1409,3,1,23.401000000000067,,13518,"[954, 270]",False,,True,0.0,False,very_strong,False,"[[1086, 0], [1230, 90], [1032, 126], [1176, 306], [816, 324], [1140, 360], [1428, 558], [1086, 558], [1032, 756]]",,[],,0.42899078623107495,0.2854957306191588
1410,3,1,23.418000000000006,,13518,"[954, 270]",False,,True,0.0,False,very_strong,False,"[[1230, 84], [1032, 120], [1176, 300], [816, 318], [1140, 354], [1428, 552], [1086, 552], [1032, 750]]",,[],,0.4754946118931399,0.3011737481931387
1411,3,1,23.43500000000006,,13518,"[954, 270]",False,,True,0.0,False,very_strong,False,"[[1230, 78], [1032, 114], [1176, 294], [816, 312], [1140, 348], [1428, 546], [1086, 546], [1032, 744]]",,[],,0.47576484670747526,0.30303162452060894
1412,3,1,23.451999999999998,,13518,"[954, 270]",False,,True,0.0,False,very_strong,False,"[[1230, 72], [1032, 108], [1176, 288], [816, 306], [1140, 342], [1428, 540], [1086, 540], [1032, 738], [1014, 810]]",,[],,0.4757613168543111,0.30345686942581673
1413,3,1,23.468000000000075,,13518,"[954, 270]",False,,True,0.0,False,very_strong,False,"[[1230, 66], [1032, 102], [1176, 282], [816, 300], [1140, 336], [1428, 534], [1086, 534], [1032, 732], [1014, 804]]",,[],,0.4757613168543111,0.30345686942581673
1414,3,1,23.485000000000014,,13518,"[954, 270]",False,,True,0.0,False,very_strong,False,"[[1230, 60], [1032, 96], [1176, 276], [816, 294], [1140, 330], [1428, 528], [1086, 528], [1032, 726], [1014, 798]]",,[],,0.4750765246458605,0.29926923700454555
1415,3,1,23.503000000000043,,13518,"[954, 270]",False,Left,True,0.0,False,very_strong,False,"[[1230, 54], [1032, 90], [1176, 270], [816, 288], [1140, 324], [1428, 522], [1086, 522], [1032, 720], [1014, 792]]",,[],,0.4739310945832987,0.2930389639503532
1416,3,1,23.519000000000005,,13518,"[954, 270]",False,Left,True,0.0,False,very_strong,False,"[[1236, 48], [1038, 84], [1182, 264], [822, 282], [1146, 318], [1434, 516], [1092, 516], [1038, 714], [1020, 786]]",,[],,0.4707257369157746,0.2729989185324124
1417,3,1,23.536000000000058,,13518,"[954, 270]",False,Left,True,0.0,False,very_strong,False,"[[1242, 42], [1044, 78], [1188, 258], [828, 276], [1152, 312], [1440, 510], [1098, 510], [1044, 708], [1026, 780]]",,[],,0.4701637352518716,0.273787214720731
1418,3,1,23.552999999999997,,13518,"[954, 270]",False,Left,True,0.0,False,very_strong,False,"[[1248, 36], [1050, 72], [1194, 252], [834, 270], [1158, 306], [1446, 504], [1104, 504], [1050, 702], [1032, 774]]",,[],,0.4699059009947111,0.27444722018321477
1419,3,1,23.57000000000005,,13518,"[954, 270]",False,Left,True,0.0,False,very_strong,False,"[[1254, 30], [1056, 66], [1200, 246], [840, 264], [1164, 300], [1452, 498], [1110, 498], [1056, 696], [1038, 768]]",,[],,0.46964174040961887,0.2752402083458261
1420,3,1,23.58699999999999,,13518,"[954, 270]",False,Left,True,0.0,False,very_strong,False,"[[1260, 24], [1062, 60], [1206, 240], [846, 258], [1170, 294], [1458, 492], [1116, 492], [1062, 690], [1044, 762]]",,[],,0.4704452274055576,0.27617229397902776
1421,3,1,23.604000000000042,,13518,"[954, 270]",False,Left,True,0.0,False,very_strong,False,"[[1266, 18], [1068, 54], [1212, 234], [852, 252], [1176, 288], [1464, 486], [1122, 486], [1068, 684], [1050, 756]]",,[],,0.4706864275428425,0.2777429905278428
1422,3,1,23.62099999999998,,13518,"[954, 270]",False,,True,0.0,False,very_strong,False,"[[1272, 12], [1074, 48], [1218, 228], [858, 246], [1182, 282], [1470, 480], [1128, 480], [1074, 678], [1056, 750]]",,[],,0.4707760550003181,0.27852221480934725
1423,3,1,23.637000000000057,,13518,"[954, 270]",False,,True,0.0,False,very_strong,False,"[[1272, 6], [1074, 42], [1218, 222], [858, 240], [1182, 276], [1470, 474], [1128, 474], [1074, 672], [1056, 744]]",,[],,0.47075553381760926,0.2787039613102942
1424,3,1,23.65300000000002,,13518,"[954, 270]",False,,True,0.0,False,very_strong,False,"[[1272, 0], [1074, 36], [1218, 216], [858, 234], [1182, 270], [1470, 468], [1128, 468], [1074, 666], [1056, 738]]",,[],,0.469359556299269,0.28045358084767225
1425,3,1,23.668999999999983,,13518,"[954, 270]",False,,True,0.0,False,very_strong,False,"[[1074, 30], [1218, 210], [858, 228], [1182, 264], [1470, 462], [1128, 462], [1074, 660], [1056, 732]]",,[],,0.46950294861731906,0.2811407882107362
1426,3,1,23.68500000000006,,13518,"[954, 270]",False,,True,0.0,False,very_strong,False,"[[1074, 24], [1218, 204], [858, 222], [1182, 258], [1470, 456], [1128, 456], [1074, 654], [1056, 726]]",,[],,0.47772896661037495,0.31195676373785075
1427,3,1,23.701999999999998,,13518,"[954, 270]",False,,True,0.0,False,very_strong,False,"[[1074, 18], [1218, 198], [858, 216], [1182, 252], [1470, 450], [1128, 450], [1074, 648], [1056, 720]]",,[],,0.46978533511672343,0.285169330649764
1428,3,1,23.71900000000005,,13518,"[954, 270]",False,,True,0.0,False,very_strong,False,"[[1074, 12], [1218, 192], [858, 210], [1182, 246], [1470, 444], [1128, 444], [1074, 642], [1056, 714]]",,[],,0.4704090032740865,0.28618994448971646
1429,3,1,23.735000000000014,,13518,"[954, 270]",False,,True,0.0,False,very_strong,False,"[[1074, 6], [1218, 186], [858, 204], [1182, 240], [1470, 438], [1128, 438], [1074, 636], [1056, 708]]",,[],,0.4704090032740865,0.28618994448971646
1430,3,1,23.752000000000066,,13518,"[954, 270]",False,,True,0.0,False,very_strong,False,"[[1074, 0], [1218, 180], [858, 198], [1182, 234], [1470, 432], [1128, 432], [1074, 630], [1056, 702]]",,[],,0.4714594836238546,0.2873568422994621
1431,3,1,23.769999999999982,,13518,"[954, 270]",False,,True,0.0,False,very_strong,False,"[[1218, 174], [858, 192], [1182, 228], [1470, 426], [1128, 426], [1074, 624], [1056, 696]]",,[],,0.4718376648033072,0.2882392592492323
1432,3,1,23.786000000000058,,13518,"[954, 270]",False,,True,0.0,False,very_strong,False,"[[1218, 168], [858, 186], [1182, 222], [1470, 420], [1128, 420], [1074, 618], [1056, 690]]",,[],,0.47181107113569637,0.2903368643654759
1433,3,1,23.80200000000002,,13518,"[954, 270]",False,,True,0.0,False,very_strong,False,"[[1218, 162], [858, 180], [1182, 216], [1470, 414], [1128, 414], [1074, 612], [1056, 684]]",,[],,0.42682187141068456,0.28514660517104873
1434,3,1,23.819000000000074,,13518,"[954, 270]",False,,True,0.0,False,very_strong,False,"[[1218, 156], [858, 174], [1182, 210], [1470, 408], [1128, 408], [1074, 606], [1056, 678]]",,[],,0.47076461730971797,0.29296874331359246
1435,3,1,23.836000000000013,,13518,"[954, 270]",False,,True,0.0,False,very_strong,False,"[[1218, 150], [858, 168], [1182, 204], [1470, 402], [1128, 402], [1074, 600], [1056, 672]]",,[],,0.47076461730971797,0.29296874331359246
1436,3,1,23.851999999999975,,13518,"[954, 270]",False,,True,0.0,False,very_strong,False,"[[1218, 144], [858, 162], [1182, 198], [1470, 396], [1128, 396], [1074, 594], [1056, 666]]",,[],,0.4807004785015918,0.2681218923806663
1437,3,1,23.869000000000028,,13518,"[954, 270]",False,Left,True,0.0,False,very_strong,False,"[[1218, 138], [858, 156], [1182, 192], [1470, 390], [1128, 390], [1074, 588], [1056, 660]]",,[],,0.48213297026048413,0.26073760571983273
1438,3,1,23.88499999999999,,13518,"[954, 270]",False,Left,True,0.0,False,very_strong,False,"[[1224, 132], [864, 150], [1188, 186], [1476, 384], [1134, 384], [1080, 582], [1062, 654]]",,[],,0.4832421583899178,0.2516340513163625
1439,3,1,23.901000000000067,,13518,"[954, 270]",False,Left,True,0.0,False,very_strong,False,"[[1230, 126], [870, 144], [1194, 180], [1482, 378], [1140, 378], [1086, 576], [1068, 648]]",,[],,0.4832421583899178,0.2516340513163625
1440,3,1,23.91700000000003,,13518,"[954, 270]",False,Left,True,0.0,False,very_strong,False,"[[1236, 120], [876, 138], [1200, 174], [1488, 372], [1146, 372], [1092, 570], [1074, 642]]",,[],,0.4866866450369199,0.2538066373732385
1441,3,1,23.93399999999997,,13518,"[954, 270]",False,Left,True,0.0,False,very_strong,False,"[[1242, 114], [882, 132], [1206, 168], [1494, 366], [1152, 366], [1098, 564], [1080, 636]]",,[],,0.4866866450369199,0.2538066373732385
1442,3,1,23.951000000000022,,13518,"[954, 270]",False,Left,True,0.0,False,very_strong,False,"[[1248, 108], [888, 126], [1212, 162], [1500, 360], [1158, 360], [1104, 558], [1086, 630]]",,[],,0.4880693848403708,0.25817766864720126
1443,3,1,23.968000000000075,,13518,"[954, 270]",False,,True,0.0,False,very_strong,False,"[[1254, 102], [894, 120], [1218, 156], [1506, 354], [1164, 354], [1110, 552], [1092, 624]]",,[],,0.4880693848403708,0.25817766864720126
1444,3,1,23.984000000000037,,13518,"[954, 270]",False,,True,0.0,False,very_strong,False,"[[1254, 96], [894, 114], [1218, 150], [1506, 348], [1164, 348], [1110, 546], [1092, 618]]",,[],,0.4881871476713709,0.2616538849541219
1445,3,1,24.000999999999976,,13518,"[954, 270]",False,,True,0.0,False,very_strong,False,"[[1254, 90], [894, 108], [1218, 144], [1506, 342], [1164, 342], [1110, 540], [1092, 612]]",,[],,0.4881871476713709,0.2616538849541219
1446,3,1,24.017000000000053,,13518,"[954, 270]",False,,True,0.0,False,very_strong,False,"[[1254, 84], [894, 102], [1218, 138], [1506, 336], [1164, 336], [1110, 534], [1092, 606]]",,[],,0.4867889131525355,0.26556334134724946
1447,3,1,24.033999999999992,,13518,"[954, 270]",False,,True,0.0,False,very_strong,False,"[[1254, 78], [894, 96], [1218, 132], [1506, 330], [1164, 330], [1110, 528], [1092, 600]]",,[],,0.4867889131525355,0.26556334134724946
1448,3,1,24.051000000000045,,13518,"[954, 270]",False,,True,0.0,False,very_strong,False,"[[1254, 72], [894, 90], [1218, 126], [1506, 324], [1164, 324], [1110, 522], [1092, 594]]",,[],,0.4865323179346553,0.26556391570721616
1449,3,1,24.067000000000007,,13518,"[954, 270]",False,,True,0.0,False,very_strong,False,"[[1254, 66], [894, 84], [1218, 120], [1506, 318], [1164, 318], [1110, 516], [1092, 588]]",,[],,0.4865323179346553,0.26556391570721616
1450,3,1,24.08400000000006,,13518,"[954, 270]",False,,True,0.0,False,very_strong,False,"[[1254, 60], [894, 78], [1218, 114], [1506, 312], [1164, 312], [1110, 510], [1092, 582]]",,[],,0.48650767663719396,0.2653422001695428
1451,3,1,24.101,,13518,"[954, 270]",False,,True,0.0,False,very_strong,False,"[[1254, 54], [894, 72], [1218, 108], [1506, 306], [1164, 306], [1110, 504], [1092, 576]]",,[],,0.48650767663719396,0.2653422001695428
1452,3,1,24.117000000000075,,13518,"[954, 270]",False,,True,0.0,False,very_strong,False,"[[1254, 48], [894, 66], [1218, 102], [1506, 300], [1164, 300], [1110, 498], [1092, 570]]",,[],,0.4860305369421756,0.26806880691890345
1453,3,1,24.133000000000038,,13518,"[954, 270]",False,,True,0.0,False,very_strong,False,"[[1254, 42], [894, 60], [1218, 96], [1506, 294], [1164, 294], [1110, 492], [1092, 564]]",,[],,0.4860305369421756,0.26806880691890345
1454,3,1,24.149999999999977,,13518,"[954, 270]",False,,True,0.0,False,very_strong,False,"[[1254, 36], [894, 54], [1218, 90], [1506, 288], [1164, 288], [1110, 486], [1092, 558]]",,[],,0.4875298642737855,0.2714476444111962
1455,3,1,24.16700000000003,,13518,"[954, 270]",False,,True,0.0,False,very_strong,False,"[[1254, 30], [894, 48], [1218, 84], [1506, 282], [1164, 282], [1110, 480], [1092, 552]]",,[],,0.4875298642737855,0.2714476444111962
1456,3,1,24.18399999999997,,13518,"[954, 270]",False,,True,0.0,False,very_strong,False,"[[1254, 24], [894, 42], [1218, 78], [1506, 276], [1164, 276], [1110, 474], [1092, 546]]",,[],,0.4893380298651516,0.27952379678351424
1457,3,1,24.200000000000045,,13518,"[954, 270]",False,,True,0.0,False,very_strong,False,"[[1254, 18], [894, 36], [1218, 72], [1506, 270], [1164, 270], [1110, 468], [1092, 540]]",,[],,0.4893380298651516,0.27952379678351424
1458,3,1,24.216999999999985,,13518,"[954, 270]",False,,True,0.0,False,very_strong,False,"[[1254, 12], [894, 30], [1218, 66], [1506, 264], [1164, 264], [1110, 462], [1092, 534]]",,[],,0.4905023773842359,0.28375214313913333
1459,3,1,24.234000000000037,,13518,"[954, 270]",False,,True,0.0,False,very_strong,False,"[[1254, 6], [894, 24], [1218, 60], [1506, 258], [1164, 258], [1110, 456], [1092, 528]]",,[],,0.4905023773842359,0.28375214313913333
1460,3,1,24.25,,13518,"[954, 270]",False,,True,0.0,False,very_strong,False,"[[1254, 0], [894, 18], [1218, 54], [1506, 252], [1164, 252], [1110, 450], [1092, 522]]",,[],,0.4856982208471939,0.26894640179824303
1461,3,1,24.266000000000076,,13518,"[954, 270]",False,,True,0.0,False,very_strong,False,"[[894, 12], [1218, 48], [1506, 246], [1164, 246], [1110, 444], [1092, 516]]",,[],,0.4856982208471939,0.26894640179824303
1462,3,1,24.283000000000015,,13518,"[954, 270]",False,,True,0.0,False,very_strong,False,"[[894, 6], [1218, 42], [1506, 240], [1164, 240], [1110, 438], [1092, 510]]",,[],,0.476995173123989,0.2368994704811257
1463,3,1,24.300000000000068,,13518,"[954, 270]",False,Left,True,0.0,False,very_strong,False,"[[894, 0], [1218, 36], [1506, 234], [1164, 234], [1110, 432], [1092, 504]]",,[],,0.476995173123989,0.2368994704811257
1464,3,1,24.315000000000055,,13518,"[954, 270]",False,Left,True,0.0,False,very_strong,False,"[[1224, 30], [1512, 228], [1170, 228], [1116, 426], [1098, 498]]",,[],,0.47559326408631747,0.23636937160020244
1465,3,1,24.331999999999994,,13518,"[954, 270]",False,Left,True,0.0,False,very_strong,False,"[[1230, 24], [1518, 222], [1176, 222], [1122, 420], [1104, 492]]",,[],,0.47559326408631747,0.23636937160020244
1466,3,1,24.350000000000023,,13518,"[954, 270]",False,Left,True,0.0,False,very_strong,False,"[[1236, 18], [1524, 216], [1182, 216], [1128, 414], [1110, 486]]",,[],,0.47719325726482664,0.2406917603839943
1467,3,1,24.367000000000075,,13518,"[954, 270]",False,Left,True,0.0,False,very_strong,False,"[[1242, 12], [1530, 210], [1188, 210], [1134, 408], [1116, 480]]",,[],,0.47719325726482664,0.2406917603839943
1468,3,1,24.383000000000038,,13518,"[954, 270]",False,Left,True,0.0,False,very_strong,False,"[[1248, 6], [1536, 204], [1194, 204], [1140, 402], [1122, 474]]",,[],,0.4766405566747219,0.2475624683473061
1469,3,1,24.399999999999977,,13518,"[954, 270]",False,,True,0.0,False,very_strong,False,"[[1254, 0], [1542, 198], [1200, 198], [1146, 396], [1128, 468]]",,[],,0.4766405566747219,0.2475624683473061
1470,3,1,24.416000000000054,,13518,"[954, 270]",False,,True,0.0,False,very_strong,False,"[[1542, 192], [1200, 192], [1146, 390], [1128, 462]]",,[],,0.475795931397621,0.24672888339254595
1471,3,1,24.432000000000016,,13518,"[954, 270]",False,,True,0.0,False,very_strong,False,"[[1542, 186], [1200, 186], [1146, 384], [1128, 456]]",,[],,0.475795931397621,0.24672888339254595
1472,3,1,24.44900000000007,,13518,"[954, 270]",False,,True,0.0,False,very_strong,False,"[[1542, 180], [1200, 180], [1146, 378], [1128, 450]]",,[],,0.4754972722813786,0.247246381487207
1473,3,1,24.466000000000008,,13518,"[954, 270]",False,,True,0.0,False,very_strong,False,"[[1542, 174], [1200, 174], [1146, 372], [1128, 444]]",,[],,0.47571448335220384,0.24879501031435736
1474,3,1,24.48300000000006,,13518,"[954, 270]",False,,True,0.0,False,very_strong,False,"[[1542, 168], [1200, 168], [1146, 366], [1128, 438]]",,[],,0.4767497640500434,0.2512716927892209
1475,3,1,24.5,,13518,"[954, 270]",False,,True,0.0,False,very_strong,False,"[[1542, 162], [1200, 162], [1146, 360], [1128, 432], [1380, 810]]",,[],,0.4767497640500434,0.2512716927892209
1476,3,1,24.516000000000076,,13518,"[954, 270]",False,,True,0.0,False,very_strong,False,"[[1542, 156], [1200, 156], [1146, 354], [1128, 426], [1380, 804]]",,[],,0.477776133051807,0.255720415663224
1477,3,1,24.533000000000015,,13518,"[954, 270]",False,,True,0.0,False,very_strong,False,"[[1542, 150], [1200, 150], [1146, 348], [1128, 420], [1380, 798]]",,[],,0.477776133051807,0.255720415663224
1478,3,1,24.550000000000068,,13518,"[954, 270]",False,,True,0.0,False,very_strong,False,"[[1542, 144], [1200, 144], [1146, 342], [1128, 414], [1380, 792]]",,[],,0.47895199681174416,0.2610254980485719
1479,3,1,24.56600000000003,,13518,"[954, 270]",False,,True,0.0,False,very_strong,False,"[[1542, 138], [1200, 138], [1146, 336], [1128, 408], [1380, 786]]",,[],,0.47895199681174416,0.2610254980485719
1480,3,1,24.58299999999997,,13518,"[954, 270]",False,,True,0.0,False,very_strong,False,"[[1542, 132], [1200, 132], [1146, 330], [1128, 402], [1380, 780]]",,[],,0.47991623611123996,0.26520618772214877
1481,3,1,24.600000000000023,,13518,"[954, 270]",False,,True,0.0,False,very_strong,False,"[[1542, 126], [1200, 126], [1146, 324], [1128, 396], [1380, 774]]",,[],,0.47991623611123996,0.26520618772214877
1482,3,1,24.617000000000075,,13518,"[954, 270]",False,,True,0.0,False,very_strong,False,"[[1542, 120], [1200, 120], [1146, 318], [1128, 390], [1380, 768]]",,[],,0.48099054561503773,0.26900887341856816
1483,3,1,24.634000000000015,,13518,"[954, 270]",False,,True,0.0,False,very_strong,False,"[[1542, 114], [1200, 114], [1146, 312], [1128, 384], [1380, 762]]",,[],,0.48099054561503773,0.26900887341856816
1484,3,1,24.651000000000067,,13518,"[954, 270]",False,,True,0.0,False,very_strong,False,"[[1542, 108], [1200, 108], [1146, 306], [1128, 378], [1380, 756]]",,[],,0.48100956322584415,0.2716669532932784
1485,3,1,24.66700000000003,,13518,"[954, 270]",False,,True,0.0,False,very_strong,False,"[[1542, 102], [1200, 102], [1146, 300], [1128, 372], [1380, 750]]",,[],,0.48100956322584415,0.2716669532932784
1486,3,1,24.682999999999993,,13518,"[954, 270]",False,,True,0.0,False,very_strong,False,"[[1542, 96], [1200, 96], [1146, 294], [1128, 366], [1380, 744]]",,[],,0.48058966998762154,0.27381727142430323
1487,3,1,24.69900000000007,,13518,"[954, 270]",False,,True,0.0,False,very_strong,False,"[[1542, 90], [1200, 90], [1146, 288], [1128, 360], [1380, 738]]",,[],,0.48058966998762154,0.27381727142430323
1488,3,1,24.715000000000032,,13518,"[954, 270]",False,,True,0.0,False,very_strong,False,"[[1542, 84], [1200, 84], [1146, 282], [1128, 354], [1380, 732]]",,[],,0.49560669589595363,0.2404570718339646
1489,3,1,24.73199999999997,,13518,"[954, 270]",False,,True,0.0,False,very_strong,False,"[[1542, 78], [1200, 78], [1146, 276], [1128, 348], [1380, 726]]",,[],,0.4955916501240048,0.2398023323488928
1490,3,1,24.749000000000024,,13518,"[954, 270]",False,,True,0.0,False,very_strong,False,"[[1542, 72], [1200, 72], [1146, 270], [1128, 342], [1380, 720]]",,[],,0.4957243964166695,0.24166370196536047
1491,3,1,24.764999999999986,,13518,"[954, 270]",False,,True,0.0,False,very_strong,False,"[[1542, 66], [1200, 66], [1146, 264], [1128, 336], [1380, 714]]",,[],,0.4957243964166695,0.24166370196536047
1492,3,1,24.781000000000063,,13518,"[954, 270]",False,,True,0.0,False,very_strong,False,"[[1542, 60], [1200, 60], [1146, 258], [1128, 330], [1380, 708]]",,[],,0.49654044486640075,0.24382079715063865
1493,3,1,24.798999999999978,,13518,"[954, 270]",False,,True,0.0,False,very_strong,False,"[[1542, 54], [1200, 54], [1146, 252], [1128, 324], [1380, 702]]",,[],,0.49654044486640075,0.24382079715063865
1494,3,1,24.815000000000055,,13518,"[954, 270]",False,,True,0.0,False,very_strong,False,"[[1542, 48], [1200, 48], [1146, 246], [1128, 318], [1380, 696]]",,[],,0.4974007552590849,0.25069528507618566
1495,3,1,24.83299999999997,,13518,"[954, 270]",False,,True,0.0,False,very_strong,False,"[[1542, 42], [1200, 42], [1146, 240], [1128, 312], [1380, 690]]",,[],,0.4974007552590849,0.25069528507618566
1496,3,1,24.849000000000046,,13518,"[954, 270]",False,,True,0.0,False,very_strong,False,"[[1542, 36], [1200, 36], [1146, 234], [1128, 306], [1380, 684]]",,[],,0.4979657099326868,0.25617161913886133
1497,3,1,24.865999999999985,,13518,"[954, 270]",False,,True,0.0,False,very_strong,False,"[[1542, 30], [1200, 30], [1146, 228], [1128, 300], [1380, 678]]",,[],,0.4979657099326868,0.25617161913886133
1498,3,1,24.883000000000038,,13518,"[954, 270]",False,,True,0.0,False,very_strong,False,"[[1542, 24], [1200, 24], [1146, 222], [1128, 294], [1380, 672]]",,[],,0.49794657217435556,0.26008578460174003
1499,3,1,24.899,,13518,"[954, 270]",False,,True,0.0,False,very_strong,False,"[[1542, 18], [1200, 18], [1146, 216], [1128, 288], [1380, 666]]",,[],,0.49794657217435556,0.26008578460174003
1500,3,1,24.916000000000054,,13518,"[954, 270]",False,,True,0.0,False,very_strong,False,"[[1542, 12], [1200, 12], [1146, 210], [1128, 282], [1380, 660]]",,[],,0.49817466877531685,0.2662421439207603
1501,3,1,24.932999999999993,,13518,"[954, 270]",False,,True,0.0,False,very_strong,False,"[[1542, 6], [1200, 6], [1146, 204], [1128, 276], [1380, 654]]",,[],,0.49817466877531685,0.2662421439207603
1502,3,1,24.950000000000045,,13518,"[954, 270]",False,,True,0.0,False,very_strong,False,"[[1542, 0], [1200, 0], [1146, 198], [1128, 270], [1380, 648]]",,[],,0.4981275620966543,0.2701103263573318
1503,3,1,24.966999999999985,,13518,"[954, 270]",False,,True,0.0,False,very_strong,False,"[[1146, 192], [1128, 264], [1380, 642]]",,[],,0.4981275620966543,0.2701103263573318
1504,3,1,24.98300000000006,,13518,"[954, 270]",False,Right,True,0.0,False,very_strong,False,"[[1146, 186], [1128, 258], [1380, 636]]",,[],,0.49810934891915215,0.27457561341793446
1505,3,1,25.0,,13518,"[954, 270]",False,Right,True,0.0,False,very_strong,False,"[[1140, 180], [1122, 252], [1374, 630]]",,[],,0.4988522322858741,0.2755110868330479
1506,3,1,25.016000000000076,,13518,"[954, 270]",False,Right,True,0.0,False,very_strong,False,"[[1134, 174], [1116, 246], [1368, 624]]",,[],,0.49920889807096475,0.27915108878017414
1507,3,1,25.03200000000004,,13518,"[954, 270]",False,Right,True,0.0,False,very_strong,False,"[[1128, 168], [1110, 240], [1362, 618]]",,[],,0.49920889807096475,0.27915108878017414
1508,3,1,25.048999999999978,,13518,"[954, 270]",False,Right,True,0.0,False,very_strong,False,"[[1122, 162], [1104, 234], [1356, 612]]",,[],,0.49272395304044697,0.262888794087467
1509,3,1,25.06600000000003,,13518,"[954, 270]",False,Right,True,0.0,False,very_strong,False,"[[1116, 156], [1098, 228], [1350, 606]]",,[],,0.49272395304044697,0.262888794087467
1510,3,1,25.08299999999997,,13518,"[954, 270]",False,Right,True,0.0,False,very_strong,False,"[[1110, 150], [1092, 222], [1344, 600]]",,[],,0.483381991761234,0.24739382311217573
1511,3,1,25.099000000000046,,13518,"[954, 270]",False,Right,True,0.0,False,very_strong,False,"[[1104, 144], [1086, 216], [1338, 594]]",,[],,0.4834056720731398,0.24711475870891209
1512,3,1,25.115999999999985,,13518,"[954, 270]",False,Right,True,0.0,False,very_strong,False,"[[1098, 138], [1080, 210], [1332, 588]]",,[],,0.48014920447218523,0.2520304075782789
1513,3,1,25.133000000000038,,13518,"[954, 270]",False,,True,0.0,False,very_strong,False,"[[1092, 132], [1074, 204], [1326, 582]]",,[],,0.48014920447218523,0.2520304075782789
1514,3,1,25.149999999999977,,13518,"[954, 270]",False,,True,0.0,False,very_strong,False,"[[1092, 126], [1074, 198], [1326, 576]]",,[],,0.4783973826986667,0.2565792476581139
1515,3,1,25.16700000000003,,13518,"[954, 270]",False,,True,0.0,False,very_strong,False,"[[1092, 120], [1074, 192], [1326, 570]]",,[],,0.47972151770228927,0.26683416324821896
1516,3,1,25.18399999999997,,13518,"[954, 270]",False,,True,0.0,False,very_strong,False,"[[1092, 114], [1074, 186], [1326, 564]]",,[],,0.4802334720662816,0.26757945509237113
1517,3,1,25.201000000000022,,13518,"[954, 270]",False,,True,0.0,False,very_strong,False,"[[1092, 108], [1074, 180], [1326, 558]]",,[],,0.4802334720662816,0.26757945509237113
1518,3,1,25.216999999999985,,13518,"[954, 270]",False,,True,0.0,False,very_strong,False,"[[1092, 102], [1074, 174], [1326, 552]]",,[],,0.47963190730905225,0.26667316409886
1519,3,1,25.23300000000006,,13518,"[954, 270]",False,,True,0.0,False,very_strong,False,"[[1092, 96], [1074, 168], [1326, 546]]",,[],,0.47963190730905225,0.26667316409886
1520,3,1,25.25,,13518,"[954, 270]",False,,True,0.0,False,very_strong,False,"[[1092, 90], [1074, 162], [1326, 540]]",,[],,0.4792673987729074,0.26663998002881173
1521,3,1,25.26800000000003,,13518,"[954, 270]",False,,True,0.0,False,very_strong,False,"[[1092, 84], [1074, 156], [1326, 534]]",,[],,0.4786332109643765,0.26768840346394107
1522,3,1,25.283999999999992,,13518,"[954, 270]",False,,True,0.0,False,very_strong,False,"[[1092, 78], [1074, 150], [1326, 528]]",,[],,0.47743372130654127,0.2719118505234447
1523,3,1,25.300000000000068,,13518,"[954, 270]",False,,True,0.0,False,very_strong,False,"[[1092, 72], [1074, 144], [1326, 522]]",,[],,0.47743372130654127,0.2719118505234447
1524,3,1,25.317000000000007,,13518,"[954, 270]",False,,True,0.0,False,very_strong,False,"[[1092, 66], [1074, 138], [1326, 516]]",,[],,0.47724254042108116,0.27656475481336684
1525,3,1,25.33400000000006,,13518,"[954, 270]",False,,True,0.0,False,very_strong,False,"[[1092, 60], [1074, 132], [1326, 510]]",,[],,0.47724254042108116,0.27656475481336684
1526,3,1,25.350000000000023,,13518,"[954, 270]",False,,True,0.0,False,very_strong,False,"[[1092, 54], [1074, 126], [1326, 504]]",,[],,0.47730858640144014,0.2750999057945347
1527,3,1,25.367000000000075,,13518,"[954, 270]",False,,True,0.0,False,very_strong,False,"[[1092, 48], [1074, 120], [1326, 498]]",,[],,0.4777168527005761,0.2741863853688833
1528,3,1,25.383000000000038,,13518,"[954, 270]",False,,True,0.0,False,very_strong,False,"[[1092, 42], [1074, 114], [1326, 492]]",,[],,0.47637938858780043,0.27424616466918506
1529,3,1,25.399999999999977,,13518,"[954, 270]",False,,True,0.0,False,very_strong,False,"[[1092, 36], [1074, 108], [1326, 486]]",,[],,0.47637938858780043,0.27424616466918506
1530,3,1,25.41700000000003,,13518,"[954, 270]",False,,True,0.0,False,very_strong,False,"[[1092, 30], [1074, 102], [1326, 480]]",,[],,0.4758785165023027,0.27703581924828247
1531,3,1,25.432999999999993,,13518,"[954, 270]",False,,True,0.0,False,very_strong,False,"[[1092, 24], [1074, 96], [1326, 474]]",,[],,0.4758180382876276,0.2794110597602515
1532,3,1,25.450000000000045,,13518,"[954, 270]",False,Right,True,0.0,False,very_strong,False,"[[1092, 18], [1074, 90], [1326, 468]]",,[],,0.4751687009632198,0.28382982470998186
1533,3,1,25.466000000000008,,13518,"[954, 270]",False,Right,True,0.0,False,very_strong,False,"[[1086, 12], [1068, 84], [1320, 462]]",,[],,0.4750663126486736,0.2839888673523311
1534,3,1,25.484000000000037,,13518,"[954, 270]",False,Right,True,0.0,False,very_strong,False,"[[1080, 6], [1062, 78], [1314, 456]]",,[],,0.4796493857659957,0.2562375340222036
1535,3,1,25.5,,13518,"[954, 270]",False,Right,True,0.0,False,very_strong,False,"[[1074, 0], [1056, 72], [1308, 450]]",,[],,0.4796493857659957,0.2562375340222036
1536,3,1,25.517000000000053,,13518,"[954, 270]",False,Right,True,0.0,False,very_strong,False,"[[1050, 66], [1302, 444]]",,[],,0.4808714827708753,0.245319091903062
1537,3,1,25.533000000000015,,13518,"[954, 270]",False,Right,True,0.0,False,very_strong,False,"[[1044, 60], [1296, 438]]",,[],,0.4805219105221309,0.24388600413430295
1538,3,1,25.550000000000068,,13518,"[954, 270]",False,,True,0.0,False,very_strong,False,"[[1038, 54], [1290, 432]]",,[],,0.4795270570492323,0.24527999074526308
1539,3,1,25.567000000000007,,13518,"[954, 270]",False,,True,0.0,False,very_strong,False,"[[1038, 48], [1290, 426]]",,[],,0.4795270570492323,0.24527999074526308
1540,3,1,25.58400000000006,,13518,"[954, 270]",False,,True,0.0,False,very_strong,False,"[[1038, 42], [1290, 420]]",,[],,0.48233420340628336,0.2529343861206257
1541,3,1,25.600000000000023,,13518,"[954, 270]",False,,True,0.0,False,very_strong,False,"[[1038, 36], [1290, 414]]",,[],,0.4818268678651278,0.2557113920793944
1542,3,1,25.617000000000075,,13518,"[954, 270]",False,,True,0.0,False,very_strong,False,"[[1038, 30], [1290, 408]]",,[],,0.48100052858612663,0.2607059026483791
1543,3,1,25.633000000000038,,13518,"[954, 270]",False,,True,0.0,False,very_strong,False,"[[1038, 24], [1290, 402]]",,[],,0.4803868819643152,0.26210642743330836
1544,3,1,25.649,,13518,"[954, 270]",False,,True,0.0,False,very_strong,False,"[[1038, 18], [1290, 396]]",,[],,0.48050284693420214,0.2636601526372314
1545,3,1,25.664999999999964,,13518,"[954, 270]",False,Right,True,0.0,False,very_strong,False,"[[1038, 12], [1290, 390]]",,[],,0.4800484397305265,0.2642330133914257
1546,3,1,25.682000000000016,,13518,"[954, 270]",False,Right,True,0.0,False,very_strong,False,"[[1032, 6], [1284, 384]]",,[],,0.47952439310356176,0.26317510694890633
1547,3,1,25.69900000000007,,13518,"[954, 270]",False,Right,True,0.0,False,very_strong,False,"[[1026, 0], [1278, 378]]",,[],,0.477622735797532,0.2652078586100446
1548,3,1,25.716000000000008,,13518,"[954, 270]",False,Right,True,0.0,False,very_strong,False,"[[1272, 372]]",,[],,0.47669124780123273,0.26751371238398935
1549,3,1,25.73300000000006,,13518,"[954, 270]",False,Right,True,0.0,False,very_strong,False,"[[1266, 366]]",,[],,0.47443466096744524,0.2737403485499237
1550,3,1,25.749000000000024,,13518,"[954, 270]",False,Right,True,0.0,False,very_strong,False,"[[1260, 360]]",,[],,0.4714116634853477,0.2765604060080711
1551,3,1,25.766000000000076,,13518,"[954, 270]",False,Right,True,0.0,False,very_strong,False,"[[1254, 354]]",,[],,0.47210430958351657,0.27579408669829975
1552,3,1,25.783000000000015,,13518,"[954, 270]",False,,True,0.0,False,very_strong,False,"[[1248, 348]]",,[],,0.4791574590059297,0.26674010800181136
1553,3,1,25.800000000000068,,13518,"[954, 270]",False,,True,0.0,False,very_strong,False,"[[1248, 342]]",,[],,0.4865770308586737,0.2590987357863882
1554,3,1,25.81600000000003,,13518,"[954, 270]",False,,True,0.0,False,very_strong,False,"[[1248, 336]]",,[],,0.4883920039191757,0.25719277145990704
1555,3,1,25.83299999999997,,13518,"[954, 270]",False,,True,0.0,False,very_strong,False,"[[1248, 330]]",,[],,0.4904780201764242,0.25548862980306397
1556,3,1,25.850000000000023,,13518,"[954, 270]",False,,True,0.0,False,very_strong,False,"[[1248, 324]]",,[],,0.49270996854546495,0.2509130516087783
1557,3,1,25.865999999999985,,13518,"[954, 270]",False,,True,0.0,False,very_strong,False,"[[1248, 318]]",,[],,0.49270996854546495,0.2509130516087783
1558,3,1,25.883000000000038,,13518,"[954, 270]",False,,True,0.0,False,very_strong,False,"[[1248, 312]]",,[],,0.4913284297949364,0.25126433338032794
1559,3,1,25.899,,13518,"[954, 270]",False,,True,0.0,False,very_strong,False,"[[1248, 306]]",,[],,0.4879003672688933,0.2550918405542414
1560,3,1,25.914999999999964,,13518,"[954, 270]",False,,True,0.0,False,very_strong,False,"[[1248, 300]]",,[],,0.48651818149668163,0.25915371225522976
1561,3,1,25.93100000000004,,13518,"[954, 270]",False,,True,0.0,False,very_strong,False,"[[1248, 294]]",,[],,0.48624135429857046,0.2611302849875844
1562,3,1,25.947000000000003,,13518,"[954, 270]",False,,True,0.0,False,very_strong,False,"[[1248, 288]]",,[],,0.48624135429857046,0.2611302849875844
1563,3,1,25.964000000000055,,13518,"[954, 270]",False,,True,0.0,False,very_strong,False,"[[1248, 282]]",,[],,0.484776935555366,0.2697748892692722
1564,3,1,25.980999999999995,,13518,"[954, 270]",False,,True,0.0,False,very_strong,False,"[[1248, 276]]",,[],,0.4845766837077664,0.27040673207729926
1565,3,1,25.99700000000007,,13518,"[954, 270]",False,,True,0.0,False,very_strong,False,"[[1248, 270], [1284, 810]]",,[],,0.4839028923350995,0.27527427483941846
1566,3,1,26.013000000000034,,13518,"[954, 270]",False,,True,0.0,False,very_strong,False,"[[1248, 264], [1284, 804]]",,[],,0.4831468426746838,0.2761303631490081
1567,3,1,26.029999999999973,,13518,"[954, 270]",False,,True,0.0,False,very_strong,False,"[[1248, 258], [1284, 798]]",,[],,0.4824540961880728,0.28001790252154024
1568,3,1,26.04600000000005,,13518,"[954, 270]",False,,True,0.0,False,very_strong,False,"[[1248, 252], [1284, 792]]",,[],,0.4824540961880728,0.28001790252154024
1569,3,1,26.062999999999988,,13518,"[954, 270]",False,,True,0.0,False,very_strong,False,"[[1248, 246], [1284, 786]]",,[],,0.4811240856487565,0.2869191375713994
1570,3,1,26.079000000000065,,13518,"[954, 270]",False,,True,0.0,False,very_strong,False,"[[1248, 240], [1284, 780]]",,[],,0.4811240856487565,0.2869191375713994
1571,3,1,26.096000000000004,,13518,"[954, 270]",False,Right,True,0.0,False,very_strong,False,"[[1248, 234], [1284, 774]]",,[],,0.4818473168999332,0.2866570018882574
1572,3,1,26.113000000000056,,13518,"[954, 270]",False,Right,True,0.0,False,very_strong,False,"[[1242, 228], [1278, 768]]",,[],,0.48196982729367244,0.2857267775085186
1573,3,1,26.129999999999995,,13518,"[954, 270]",False,Right,True,0.0,False,very_strong,False,"[[1236, 222], [1272, 762]]",,[],,0.4823883070941083,0.28678668419090214
1574,3,1,26.146000000000072,,13518,"[954, 270]",False,Right,True,0.0,False,very_strong,False,"[[1230, 216], [1266, 756]]",,[],,0.4823883070941083,0.28678668419090214
1575,3,1,26.162000000000035,,13518,"[954, 270]",False,Right,True,0.0,False,very_strong,False,"[[1224, 210], [1260, 750]]",,[],,0.4777870265253362,0.2603798906779322
1576,3,1,26.178999999999974,,13518,"[954, 270]",False,,True,0.0,False,very_strong,False,"[[1218, 204], [1254, 744]]",,[],,0.4777870265253362,0.2603798906779322
1577,3,1,26.19500000000005,,13518,"[954, 270]",False,,True,0.0,False,very_strong,False,"[[1218, 198], [1254, 738]]",,[],,0.47924375652436185,0.25493753363316074
1578,3,1,26.21199999999999,,13518,"[954, 270]",False,,True,0.0,False,very_strong,False,"[[1218, 192], [1254, 732]]",,[],,0.47924375652436185,0.25493753363316074
1579,3,1,26.228000000000065,,13518,"[954, 270]",False,,True,0.0,False,very_strong,False,"[[1218, 186], [1254, 726]]",,[],,0.4836395566216841,0.24621256226363042
1580,3,1,26.244000000000028,,13518,"[954, 270]",False,,True,0.0,False,very_strong,False,"[[1218, 180], [1254, 720]]",,[],,0.4836395566216841,0.24621256226363042
1581,3,1,26.260999999999967,,13518,"[954, 270]",False,,True,0.0,False,very_strong,False,"[[1218, 174], [1254, 714]]",,[],,0.4857858137294194,0.2529229514352799
1582,3,1,26.27800000000002,,13518,"[954, 270]",False,,True,0.0,False,very_strong,False,"[[1218, 168], [1254, 708]]",,[],,0.4857858137294194,0.2529229514352799
1583,3,1,26.295000000000073,,13518,"[954, 270]",False,,True,0.0,False,very_strong,False,"[[1218, 162], [1254, 702]]",,[],,0.48242008235912176,0.2608369126571064
1584,3,1,26.312999999999988,,13518,"[954, 270]",False,Right,True,0.0,False,very_strong,False,"[[1218, 156], [1254, 696]]",,[],,0.48242008235912176,0.2608369126571064
1585,3,1,26.327999999999975,,13518,"[954, 270]",False,Right,True,0.0,False,very_strong,False,"[[1212, 150], [1248, 690]]",,[],,0.4782759095594925,0.2705016366209567
1586,3,1,26.345000000000027,,13518,"[954, 270]",False,Right,True,0.0,False,very_strong,False,"[[1206, 144], [1242, 684], [774, 810]]",,[],,0.4782759095594925,0.2705016366209567
1587,3,1,26.36099999999999,,13518,"[954, 270]",False,Right,True,0.0,False,very_strong,False,"[[1200, 138], [1236, 678], [768, 804]]",,[],,0.47705008348744904,0.2764031472798709
1588,3,1,26.378000000000043,,13518,"[954, 270]",False,,True,0.0,False,very_strong,False,"[[1194, 132], [1230, 672], [762, 798]]",,[],,0.47705008348744904,0.2764031472798709
1589,3,1,26.394999999999982,,13518,"[954, 270]",False,,True,0.0,False,very_strong,False,"[[1194, 126], [1230, 666], [762, 792]]",,[],,0.4762254548784175,0.28138986215319806
1590,3,1,26.412000000000035,,13518,"[954, 270]",False,,True,0.0,False,very_strong,False,"[[1194, 120], [1230, 660], [762, 786]]",,[],,0.4762254548784175,0.28138986215319806
1591,3,1,26.428999999999974,,13518,"[954, 270]",False,,True,0.0,False,very_strong,False,"[[1194, 114], [1230, 654], [762, 780]]",,[],,0.47690733575407274,0.2795033346336774
1592,3,1,26.44500000000005,,13518,"[954, 270]",False,,True,0.0,False,very_strong,False,"[[1194, 108], [1230, 648], [762, 774]]",,[],,0.47657519870922327,0.27963252038469133
1593,3,1,26.461000000000013,,13518,"[954, 270]",False,,True,0.0,False,very_strong,False,"[[1194, 102], [1230, 642], [762, 768]]",,[],,0.4750795269633106,0.27837067103729984
1594,3,1,26.476999999999975,,13518,"[954, 270]",False,,True,0.0,False,very_strong,False,"[[1194, 96], [1230, 636], [762, 762]]",,[],,0.4750795269633106,0.27837067103729984
1595,3,1,26.494000000000028,,13518,"[954, 270]",False,,True,0.0,False,very_strong,False,"[[1194, 90], [1230, 630], [762, 756]]",,[],,0.4748689733297934,0.2780319171279493
1596,3,1,26.510999999999967,,13518,"[954, 270]",False,,True,0.0,False,very_strong,False,"[[1194, 84], [1230, 624], [762, 750]]",,[],,0.4748689733297934,0.2780319171279493
1597,3,1,26.527000000000044,,13518,"[954, 270]",False,,True,0.0,False,very_strong,False,"[[1194, 78], [1230, 618], [762, 744]]",,[],,0.47687162149033047,0.2798505810345251
1598,3,1,26.543999999999983,,13518,"[954, 270]",False,,True,0.0,False,very_strong,False,"[[1194, 72], [1230, 612], [762, 738]]",,[],,0.47687162149033047,0.2798505810345251
1599,3,1,26.561000000000035,,13518,"[954, 270]",False,,True,0.0,False,very_strong,False,"[[1194, 66], [1230, 606], [762, 732]]",,[],,0.480222517855083,0.27921466275557905
1600,3,1,26.577999999999975,,13518,"[954, 270]",False,,True,0.0,False,very_strong,False,"[[1194, 60], [1230, 600], [762, 726]]",,[],,0.480222517855083,0.27921466275557905
1601,3,1,26.595000000000027,,13518,"[954, 270]",False,Right,True,0.0,False,very_strong,False,"[[1194, 54], [1230, 594], [762, 720]]",,[],,0.47947100488922817,0.2851110220436974
1602,3,1,26.611999999999966,,13518,"[954, 270]",False,Right,True,0.0,False,very_strong,False,"[[1188, 48], [1224, 588], [756, 714]]",,[],,0.47947100488922817,0.2851110220436974
1603,3,1,26.627000000000066,,13518,"[954, 270]",False,Right,True,0.0,False,very_strong,False,"[[1182, 42], [1218, 582], [750, 708]]",,[],,0.47989863897584745,0.28606137938436005
1604,3,1,26.64300000000003,,13518,"[954, 270]",False,Right,True,0.0,False,very_strong,False,"[[1176, 36], [1212, 576], [744, 702]]",,[],,0.47989863897584745,0.28606137938436005
1605,3,1,26.659999999999968,,13518,"[954, 270]",False,Right,True,0.0,False,very_strong,False,"[[1170, 30], [1206, 570], [738, 696]]",,[],,0.4594133991866953,0.2502249411855252
1606,3,1,26.67700000000002,,13518,"[954, 270]",False,Right,True,0.0,False,very_strong,False,"[[1164, 24], [1200, 564], [732, 690]]",,[],,0.4594133991866953,0.2502249411855252
1607,3,1,26.694000000000074,,13518,"[954, 270]",False,Right,True,0.0,False,very_strong,False,"[[1158, 18], [1194, 558], [726, 684]]",,[],,0.450289688741654,0.23365490736416206
1608,3,1,26.711000000000013,,13518,"[954, 270]",False,Right,True,0.0,False,very_strong,False,"[[1152, 12], [1188, 552], [720, 678]]",,[],,0.450289688741654,0.23365490736416206
1609,3,1,26.728000000000065,,13518,"[954, 270]",False,,True,0.0,False,very_strong,False,"[[1146, 6], [1182, 546], [714, 672]]",,[],,0.44587173022873416,0.23740664442853865
1610,3,1,26.743000000000052,,13518,"[954, 270]",False,,True,0.0,False,very_strong,False,"[[1146, 0], [1182, 540], [714, 666]]",,[],,0.44587173022873416,0.23740664442853865
1611,3,1,26.759000000000015,,13518,"[954, 270]",False,,True,0.0,False,very_strong,False,"[[1182, 534], [714, 660]]",,[],,0.4433862023044359,0.240384336769086
1612,3,1,26.774999999999977,,13518,"[954, 270]",False,,True,0.0,False,very_strong,False,"[[1182, 528], [714, 654]]",,[],,0.4451125749547097,0.24899862383826554
1613,3,1,26.79200000000003,,13518,"[954, 270]",False,,True,0.0,False,very_strong,False,"[[1182, 522], [714, 648], [966, 810]]",,[],,0.44404623362281975,0.2577710845375074
1614,3,1,26.807999999999993,,13518,"[954, 270]",False,,True,0.0,False,very_strong,False,"[[1182, 516], [714, 642], [966, 804]]",,[],,0.44404623362281975,0.2577710845375074
1615,3,1,26.825000000000045,,13518,"[954, 270]",False,,True,0.0,False,very_strong,False,"[[1182, 510], [714, 636], [966, 798]]",,[],,0.4436369782798485,0.26183182981931385
1616,3,1,26.843000000000075,,13518,"[954, 270]",False,,True,0.0,False,very_strong,False,"[[1182, 504], [714, 630], [966, 792]]",,[],,0.4436369782798485,0.26183182981931385
1617,3,1,26.860000000000014,,13518,"[954, 270]",False,,True,0.0,False,very_strong,False,"[[1182, 498], [714, 624], [966, 786]]",,[],,0.4447356448889819,0.2656059168031055
1618,3,1,26.875999999999976,,13518,"[954, 270]",False,,True,0.0,False,very_strong,False,"[[1182, 492], [714, 618], [966, 780]]",,"[[522, 810]]",,0.4453425931471731,0.26576552743286375
1619,3,1,26.89300000000003,,13518,"[954, 270]",False,,True,0.0,False,very_strong,False,"[[1182, 486], [714, 612], [966, 774]]",,"[[522, 804]]",,0.4479471393607627,0.26139246868607335
1620,3,1,26.909999999999968,,13518,"[954, 270]",False,,True,0.0,False,very_strong,False,"[[1182, 480], [714, 606], [966, 768]]",,"[[522, 798]]",,0.4479471393607627,0.26139246868607335
1621,3,1,26.926000000000045,,13518,"[954, 270]",False,,True,0.0,False,very_strong,False,"[[1182, 474], [714, 600], [966, 762]]",,"[[522, 792]]",,0.4490616962941905,0.2599937529877201
1622,3,1,26.942999999999984,,13518,"[954, 270]",False,,True,0.0,False,very_strong,False,"[[1182, 468], [714, 594], [966, 756]]",,"[[522, 786]]",,0.45289118841712606,0.25882623527082926
1623,3,1,26.960000000000036,,13518,"[954, 270]",False,,True,0.0,False,very_strong,False,"[[1182, 462], [714, 588], [966, 750]]",,"[[522, 780]]",,0.46542167878621277,0.2778891224135305
1624,3,1,26.976,,13518,"[954, 270]",False,,True,0.0,False,very_strong,False,"[[1182, 456], [714, 582], [966, 744]]",,"[[522, 774]]",,0.46542167878621277,0.2778891224135305
1625,3,1,26.993000000000052,,13518,"[954, 270]",False,,True,0.0,False,very_strong,False,"[[1182, 450], [714, 576], [966, 738]]",,"[[522, 768]]",,0.4681325582670609,0.2812672258301897
1626,3,1,27.00999999999999,,13518,"[954, 270]",False,,True,0.0,False,very_strong,False,"[[1182, 444], [714, 570], [966, 732]]",,"[[522, 762]]",,0.4681325582670609,0.2812672258301897
1627,3,1,27.026000000000067,,13518,"[954, 270]",False,,True,0.0,False,very_strong,False,"[[1182, 438], [714, 564], [966, 726]]",,"[[522, 756]]",,0.46816053235759814,0.2830108265142597
1628,3,1,27.043000000000006,,13518,"[954, 270]",False,,True,0.0,False,very_strong,False,"[[1182, 432], [714, 558], [966, 720]]",,"[[522, 750]]",,0.46936973009647165,0.28412205448863814
1629,3,1,27.06000000000006,,13518,"[954, 270]",False,,True,0.0,False,very_strong,False,"[[1182, 426], [714, 552], [966, 714]]",,"[[522, 744]]",,0.4704192779792226,0.28343238981511576
1630,3,1,27.076000000000022,,13518,"[954, 270]",False,,True,0.0,False,very_strong,False,"[[1182, 420], [714, 546], [966, 708]]",,"[[522, 738]]",,0.4704192779792226,0.28343238981511576
1631,3,1,27.093000000000075,,13518,"[954, 270]",False,,True,0.0,False,very_strong,False,"[[1182, 414], [714, 540], [966, 702]]",,"[[522, 732]]",,0.4720462047650523,0.2884217277519745
1632,3,1,27.109000000000037,,13518,"[954, 270]",False,,True,0.0,False,very_strong,False,"[[1182, 408], [714, 534], [966, 696]]",,"[[522, 726]]",,0.4720462047650523,0.2884217277519745
1633,3,1,27.125,,13518,"[954, 270]",False,,True,0.0,False,very_strong,False,"[[1182, 402], [714, 528], [966, 690]]",,"[[522, 720]]",,0.4728827223747617,0.2874674405668376
1634,3,1,27.142000000000053,,13518,"[954, 270]",False,,True,0.0,False,very_strong,False,"[[1182, 396], [714, 522], [966, 684]]",,"[[522, 714]]",,0.47229172650113316,0.2877276790675267
1635,3,1,27.158999999999992,,13518,"[954, 270]",False,,True,0.0,False,very_strong,False,"[[1182, 390], [714, 516], [966, 678]]",,"[[522, 708]]",,0.4690231988971737,0.2540823306937625
1636,3,1,27.175000000000068,,13518,"[954, 270]",False,,True,0.0,False,very_strong,False,"[[1182, 384], [714, 510], [966, 672]]",,"[[522, 702]]",,0.4690231988971737,0.2540823306937625
1637,3,1,27.19100000000003,,13518,"[954, 270]",False,,True,0.0,False,very_strong,False,"[[1182, 378], [714, 504], [966, 666]]",,"[[522, 696]]",,0.4633820525074787,0.23614165923358066
1638,3,1,27.20799999999997,,13518,"[954, 270]",False,,True,0.0,False,very_strong,False,"[[1182, 372], [714, 498], [966, 660]]",,"[[522, 690]]",,0.46145675177801965,0.24467319335963045
1639,3,1,27.225000000000023,,13518,"[954, 270]",False,,True,0.0,False,very_strong,False,"[[1182, 366], [714, 492], [966, 654]]",,"[[522, 684]]",,0.46014419322583483,0.25267140973859104
1640,3,1,27.242000000000075,,13518,"[954, 270]",False,,True,0.0,False,very_strong,False,"[[1182, 360], [714, 486], [966, 648]]",,"[[522, 678]]",,0.4593928964040197,0.25519332989323795
1641,3,1,27.259000000000015,,13518,"[954, 270]",False,,True,0.0,False,very_strong,False,"[[1182, 354], [714, 480], [966, 642]]",,"[[522, 672]]",,0.4619598001584615,0.25898792952537775
1642,3,1,27.276000000000067,,13518,"[954, 270]",False,,True,0.0,False,very_strong,False,"[[1182, 348], [714, 474], [966, 636]]",,"[[522, 666]]",,0.46348466061714094,0.2560913140312193
1643,3,1,27.293000000000006,,13518,"[954, 270]",False,,True,0.0,False,very_strong,False,"[[1182, 342], [714, 468], [966, 630], [1074, 810]]",,"[[522, 660]]",,0.46393097518914167,0.2507077466149388
1644,3,1,27.30899999999997,,13518,"[954, 270]",False,,True,0.0,False,very_strong,False,"[[1182, 336], [714, 462], [966, 624], [1074, 804]]",,"[[522, 654]]",,0.4634798223692644,0.2509900016481428
1645,3,1,27.326000000000022,,13518,"[954, 270]",False,,True,0.0,False,very_strong,False,"[[1182, 330], [714, 456], [966, 618], [1074, 798]]",,"[[522, 648]]",,0.4647137703873427,0.2468887755521043
1646,3,1,27.34400000000005,,13518,"[954, 270]",False,Left,True,0.0,False,very_strong,False,"[[1182, 324], [714, 450], [966, 612], [1074, 792]]",,"[[528, 642]]",,0.46516605343939676,0.24521475563829387
1647,3,1,27.359000000000037,,13518,"[954, 270]",False,Left,True,0.0,False,very_strong,False,"[[1188, 318], [720, 444], [972, 606], [1080, 786]]",,"[[534, 636]]",,0.4659889944888246,0.24626164648190596
1648,3,1,27.375999999999976,,13518,"[954, 270]",False,Left,True,0.0,False,very_strong,False,"[[1194, 312], [726, 438], [978, 600], [1086, 780]]",,"[[540, 630]]",,0.46611314887394106,0.24779498279032275
1649,3,1,27.392000000000053,,13518,"[954, 270]",False,Left,True,0.0,False,very_strong,False,"[[1200, 306], [732, 432], [984, 594], [1092, 774]]",,"[[546, 624]]",,0.46612262894928563,0.2479253147850301
1650,3,1,27.408999999999992,,13518,"[954, 270]",False,Left,True,0.0,False,very_strong,False,"[[1206, 300], [738, 426], [990, 588], [1098, 768]]",,"[[552, 618]]",,0.4659690329802208,0.2509977664337504
1651,3,1,27.426000000000045,,13518,"[954, 270]",False,Left,True,0.0,False,very_strong,False,"[[1212, 294], [744, 420], [996, 582], [1104, 762]]",,"[[558, 612]]",,0.46707994186920887,0.2545733994562964
1652,3,1,27.442999999999984,,13518,"[954, 270]",False,Left,True,0.0,False,very_strong,False,"[[1218, 288], [750, 414], [1002, 576], [1110, 756]]",,"[[564, 606]]",,0.46707994186920887,0.2545733994562964
1653,3,1,27.460000000000036,,13518,"[954, 270]",False,Left,True,0.0,False,very_strong,False,"[[1224, 282], [756, 408], [1008, 570], [1116, 750]]",,"[[570, 600]]",,0.4683351920228553,0.2585625979103727
1654,3,1,27.476999999999975,,13518,"[954, 270]",False,Left,True,0.0,False,very_strong,False,"[[1230, 276], [762, 402], [1014, 564], [1122, 744]]",,"[[576, 594]]",,0.46899049084146516,0.2611773621073281
1655,3,1,27.494000000000028,,13518,"[954, 270]",False,,True,0.0,False,very_strong,False,"[[1236, 270], [768, 396], [1020, 558], [1128, 738]]",,"[[576, 588]]",,0.46924988094220554,0.2643418030918242
1656,3,1,27.50999999999999,,13518,"[954, 270]",False,,True,0.0,False,very_strong,False,"[[1236, 264], [768, 390], [1020, 552], [1128, 732]]",,"[[576, 582]]",,0.469276392645295,0.2647779303745438
1657,3,1,27.527000000000044,,13518,"[954, 270]",False,,True,0.0,False,very_strong,False,"[[1236, 258], [768, 384], [1020, 546], [1128, 726]]",,"[[576, 576]]",,0.46868891708428445,0.26861880548183337
1658,3,1,27.543000000000006,,13518,"[954, 270]",False,,True,0.0,False,very_strong,False,"[[1236, 252], [768, 378], [1020, 540], [1128, 720]]",,"[[576, 570]]",,0.4692201833359169,0.26961708677527296
1659,3,1,27.55899999999997,,13518,"[954, 270]",False,,True,0.0,False,very_strong,False,"[[1236, 246], [768, 372], [1020, 534], [1128, 714]]",,"[[576, 564]]",,0.46949637887055945,0.27143002021324114
1660,3,1,27.576999999999998,,13518,"[954, 270]",False,Right,True,0.0,False,very_strong,False,"[[1236, 240], [768, 366], [1020, 528], [1128, 708]]",,"[[570, 558]]",,0.47012188841433583,0.27158636821755777
1661,3,1,27.593000000000075,,13518,"[954, 270]",False,Right,True,0.0,False,very_strong,False,"[[1230, 234], [762, 360], [1014, 522], [1122, 702]]",,"[[564, 552]]",,0.4697356475674407,0.27238329355489677
1662,3,1,27.60800000000006,,13518,"[954, 270]",False,Right,True,0.0,False,very_strong,False,"[[1224, 228], [756, 354], [1008, 516], [1116, 696]]",,"[[558, 546]]",,0.47010474431368854,0.27344394736914446
1663,3,1,27.625,,13518,"[954, 270]",False,Right,True,0.0,False,very_strong,False,"[[1218, 222], [750, 348], [1002, 510], [1110, 690]]",,"[[552, 540]]",,0.47010474431368854,0.27344394736914446
1664,3,1,27.642000000000053,,13518,"[954, 270]",False,,True,0.0,False,very_strong,False,"[[1212, 216], [744, 342], [996, 504], [1104, 684]]",,"[[552, 534]]",,0.46894622785186985,0.27306224866428463
1665,3,1,27.659999999999968,,13518,"[954, 270]",False,,True,0.0,False,very_strong,False,"[[1212, 210], [744, 336], [996, 498], [1104, 678]]",,"[[552, 528]]",,0.46851501153827907,0.2742299431358445
1666,3,1,27.675000000000068,,13518,"[954, 270]",False,,True,0.0,False,very_strong,False,"[[1212, 204], [744, 330], [996, 492], [1104, 672]]",,"[[552, 522]]",,0.4679646682867803,0.27586808783902494
1667,3,1,27.69100000000003,,13518,"[954, 270]",False,,True,0.0,False,very_strong,False,"[[1212, 198], [744, 324], [996, 486], [1104, 666]]",,"[[552, 516]]",,0.4679723547664708,0.2768320963147721
1668,3,1,27.706999999999994,,13518,"[954, 270]",False,,True,0.0,False,very_strong,False,"[[1212, 192], [744, 318], [996, 480], [1104, 660]]",,"[[552, 510]]",,0.467042773210048,0.2794264052805475
1669,3,1,27.724000000000046,,13518,"[954, 270]",False,,True,0.0,False,very_strong,False,"[[1212, 186], [744, 312], [996, 474], [1104, 654]]",,"[[552, 504]]",,0.467042773210048,0.2794264052805475
1670,3,1,27.74000000000001,,13518,"[954, 270]",False,,True,0.0,False,very_strong,False,"[[1212, 180], [744, 306], [996, 468], [1104, 648]]",,"[[552, 498]]",,0.4671149073485796,0.2827206400744373
1671,3,1,27.757000000000062,,13518,"[954, 270]",False,Left,True,0.0,False,very_strong,False,"[[1212, 174], [744, 300], [996, 462], [1104, 642]]",,"[[558, 492]]",,0.4673005971402383,0.2831892934291431
1672,3,1,27.774,,13518,"[954, 270]",False,Left,True,0.0,False,very_strong,False,"[[1218, 168], [750, 294], [1002, 456], [1110, 636]]",,"[[564, 486]]",,0.46659988850414413,0.2870898078435482
1673,3,1,27.791000000000054,,13518,"[954, 270]",False,Left,True,0.0,False,very_strong,False,"[[1224, 162], [756, 288], [1008, 450], [1116, 630]]",,"[[570, 480]]",,0.4669316394505524,0.287957131752408
1674,3,1,27.807999999999993,,13518,"[954, 270]",False,Left,True,0.0,False,very_strong,False,"[[1230, 156], [762, 282], [1014, 444], [1122, 624]]",,"[[576, 474]]",,0.42025151839347197,0.28193854850860656
1675,3,1,27.825000000000045,,13518,"[954, 270]",False,Left,True,0.0,False,very_strong,False,"[[1236, 150], [768, 276], [1020, 438], [1128, 618]]",,"[[582, 468]]",,0.47646462849969345,0.3112470694099141
1676,3,1,27.841999999999985,,13518,"[954, 270]",False,Left,True,0.0,False,very_strong,False,"[[1242, 144], [774, 270], [1026, 432], [1134, 612]]",,"[[588, 462]]",,0.4672608804845627,0.2914356174892122
1677,3,1,27.85800000000006,,13518,"[954, 270]",False,Left,True,0.0,False,very_strong,False,"[[1248, 138], [780, 264], [1032, 426], [1140, 606]]",,"[[594, 456]]",,0.4677039118254145,0.29231756638072315
1678,3,1,27.874000000000024,,13518,"[954, 270]",False,Left,True,0.0,False,very_strong,False,"[[1254, 132], [786, 258], [1038, 420], [1146, 600]]",,"[[600, 450]]",,0.46811290951731943,0.2940941819059698
1679,3,1,27.889999999999986,,13518,"[954, 270]",False,Left,True,0.0,False,very_strong,False,"[[1260, 126], [792, 252], [1044, 414], [1152, 594]]",,"[[606, 444]]",,0.4683247249569026,0.2953336615188392
1680,3,1,27.906000000000063,,13518,"[954, 270]",False,Left,True,0.0,False,very_strong,False,"[[1266, 120], [798, 246], [1050, 408], [1158, 588]]",,"[[612, 438]]",,0.46820202123833726,0.29624559093302705
1681,3,1,27.922000000000025,,13518,"[954, 270]",False,Left,True,0.0,False,very_strong,False,"[[1272, 114], [804, 240], [1056, 402], [1164, 582]]",,"[[618, 432]]",,0.46820202123833726,0.29624559093302705
1682,3,1,27.940000000000055,,13518,"[954, 270]",False,Left,True,0.0,False,very_strong,False,"[[1278, 108], [810, 234], [1062, 396], [1170, 576]]",,"[[624, 426]]",,0.4681120051733048,0.29851990028870723
1683,3,1,27.956000000000017,,13518,"[954, 270]",False,Left,True,0.0,False,very_strong,False,"[[1284, 102], [816, 228], [1068, 390], [1176, 570]]",,"[[630, 420]]",,0.4681120051733048,0.29851990028870723
1684,3,1,27.97199999999998,,13518,"[954, 270]",False,Left,True,0.0,False,very_strong,False,"[[1290, 96], [822, 222], [1074, 384], [1182, 564]]",,"[[636, 414]]",,0.469008623562714,0.3009215715088085
1685,3,1,27.988000000000056,,13518,"[954, 270]",False,Left,True,0.0,False,very_strong,False,"[[1296, 90], [828, 216], [1080, 378], [1188, 558]]",,"[[642, 408]]",,0.469008623562714,0.3009215715088085
1686,3,1,28.004999999999995,,13518,"[954, 270]",False,Left,True,0.0,False,very_strong,False,"[[1302, 84], [834, 210], [1086, 372], [1194, 552]]",,"[[648, 402]]",,0.47041282791243855,0.30421810949918293
1687,3,1,28.022000000000048,,13518,"[954, 270]",False,Left,True,0.0,False,very_strong,False,"[[1308, 78], [840, 204], [1092, 366], [1200, 546]]",,"[[654, 396]]",,0.4704271428625718,0.30420355949835076
1688,3,1,28.03800000000001,,13518,"[954, 270]",False,Left,True,0.0,False,very_strong,False,"[[1314, 72], [846, 198], [1098, 360], [1206, 540]]",,"[[660, 390]]",,0.47136869688654937,0.30537572865610385
1689,3,1,28.055000000000064,,13518,"[954, 270]",False,Left,True,0.0,False,very_strong,False,"[[1320, 66], [852, 192], [1104, 354], [1212, 534]]",,"[[666, 384]]",,0.47136869688654937,0.30537572865610385
1690,3,1,28.072000000000003,,13518,"[954, 270]",False,Left,True,0.0,False,very_strong,False,"[[1326, 60], [858, 186], [1110, 348], [1218, 528]]",,"[[672, 378]]",,0.4727290459166927,0.3075797258202354
1691,3,1,28.087999999999965,,13518,"[954, 270]",False,Left,True,0.0,False,very_strong,False,"[[1332, 54], [864, 180], [1116, 342], [1224, 522]]",,"[[678, 372]]",,0.4727290459166927,0.3075797258202354
1692,3,1,28.105000000000018,,13518,"[954, 270]",False,,True,0.0,False,very_strong,False,"[[1338, 48], [870, 174], [1122, 336], [1230, 516]]",,"[[678, 366]]",,0.4725577392874699,0.30852572030221537
1693,3,1,28.12200000000007,,13518,"[954, 270]",False,,True,0.0,False,very_strong,False,"[[1338, 42], [870, 168], [1122, 330], [1230, 510]]",,"[[678, 360]]",,0.4725577392874699,0.30852572030221537
1694,3,1,28.138000000000034,,13518,"[954, 270]",False,,True,0.0,False,very_strong,False,"[[1338, 36], [870, 162], [1122, 324], [1230, 504]]",,"[[678, 354]]",,0.46764066493790546,0.30151206807573716
1695,3,1,28.153999999999996,,13518,"[954, 270]",False,,True,0.0,False,very_strong,False,"[[1338, 30], [870, 156], [1122, 318], [1230, 498]]",,"[[678, 348]]",,0.46764066493790546,0.30151206807573716
1696,3,1,28.17100000000005,,13518,"[954, 270]",False,,True,0.0,False,very_strong,False,"[[1338, 24], [870, 150], [1122, 312], [1230, 492]]",,"[[678, 342]]",,0.4624839338263163,0.2839464349367161
1697,3,1,28.187000000000012,,13518,"[954, 270]",False,,True,0.0,False,very_strong,False,"[[1338, 18], [870, 144], [1122, 306], [1230, 486]]",,"[[678, 336]]",,0.4624839338263163,0.2839464349367161
1698,3,1,28.204000000000065,,13518,"[954, 270]",False,,True,0.0,False,very_strong,False,"[[1338, 12], [870, 138], [1122, 300], [1230, 480]]",,"[[678, 330]]",,0.46418944714439725,0.28576611393235796
1699,3,1,28.220000000000027,,13518,"[954, 270]",False,,True,0.0,False,very_strong,False,"[[1338, 6], [870, 132], [1122, 294], [1230, 474]]",,"[[678, 324]]",,0.46418944714439725,0.28576611393235796
1700,3,1,28.236999999999966,,13518,"[954, 270]",False,,True,0.0,False,very_strong,False,"[[1338, 0], [870, 126], [1122, 288], [1230, 468]]",,"[[678, 318]]",,0.4676211690100825,0.28733567173315144
1701,3,1,28.253000000000043,,13518,"[954, 270]",False,,True,0.0,False,very_strong,False,"[[870, 120], [1122, 282], [1230, 462]]",,"[[678, 312]]",,0.4676211690100825,0.28733567173315144
1702,3,1,28.271000000000072,,13518,"[954, 270]",False,Left,True,-1.0,False,very_strong,False,"[[870, 114], [1122, 276], [1230, 456]]",,"[[684, 306]]",,0.4673981349837118,0.28911064523099006
1703,3,1,28.286000000000058,,13518,"[954, 270]",False,Left,True,-1.0,False,very_strong,False,"[[876, 108], [1128, 270], [1236, 450]]",,"[[684, 300]]",,0.4673981349837118,0.28911064523099006
1704,3,1,28.30200000000002,,13518,"[954, 270]",False,Left,True,-1.0,False,very_strong,False,"[[876, 102], [1128, 264], [1236, 444]]",,"[[684, 294]]",,0.4670661981615797,0.28957492458002143
1705,3,1,28.319000000000074,,13518,"[954, 270]",False,Left,True,-1.0,False,very_strong,False,"[[876, 96], [1128, 258], [1236, 438]]",,"[[684, 288]]",,0.4670661981615797,0.28957492458002143
1706,3,1,28.335000000000036,,13518,"[954, 270]",False,Left,True,-1.0,False,very_strong,False,"[[876, 90], [1128, 252], [1236, 432]]",,"[[684, 282]]",,0.46710849668290233,0.2914581025148587
1707,3,1,28.351,,13518,"[954, 270]",False,Left,True,-1.0,False,very_strong,False,"[[876, 84], [1128, 246], [1236, 426]]",,"[[684, 276]]",,0.46710849668290233,0.2914581025148587
1708,3,1,28.367000000000075,,13518,"[954, 270]",False,Left,True,-1.0,False,very_strong,False,"[[876, 78], [1128, 240], [1236, 420]]",,"[[684, 270]]",,0.4675524545073442,0.2949608920659431
1709,3,1,28.384000000000015,,13518,"[954, 270]",False,Left,True,-1.0,False,very_strong,False,"[[876, 72], [1128, 234], [1236, 414]]",,"[[684, 264]]",,0.46727987720846054,0.29533010250667724
1710,3,1,28.401000000000067,,13518,"[954, 270]",False,Left,True,-1.0,False,very_strong,False,"[[876, 66], [1128, 228], [1236, 408]]",,"[[684, 258]]",,0.4669084125602717,0.2976835949326817
1711,3,1,28.41700000000003,,13518,"[954, 270]",False,Left,True,-1.0,False,very_strong,False,"[[876, 60], [1128, 222], [1236, 402]]",,"[[684, 252]]",,0.4669084125602717,0.2976835949326817
1712,3,1,28.432999999999993,,13518,"[954, 270]",False,Left,True,-1.0,False,very_strong,False,"[[876, 54], [1128, 216], [1236, 396]]",,"[[684, 246]]",,0.4662536895690261,0.29799139227698823
1713,3,1,28.450000000000045,,13518,"[954, 270]",False,Left,True,-1.0,False,very_strong,False,"[[876, 48], [1128, 210], [1236, 390]]",,"[[684, 240]]",,0.4655923762258734,0.29904703295253066
1714,3,1,28.466999999999985,,13518,"[954, 270]",False,,True,-1.0,False,very_strong,False,"[[876, 42], [1128, 204], [1236, 384]]",,"[[678, 234]]",,0.465186413206695,0.2998349959772142
1715,3,1,28.48300000000006,,13518,"[954, 270]",False,,True,-1.0,False,very_strong,False,"[[870, 36], [1122, 198], [1230, 378]]",,"[[672, 228]]",,0.465186413206695,0.2998349959772142
1716,3,1,28.499000000000024,,13518,"[954, 270]",False,,True,-1.0,False,very_strong,False,"[[864, 30], [1116, 192], [1224, 372]]",,"[[666, 222]]",,0.46460011944377966,0.30117821916586485
1717,3,1,28.514999999999986,,13518,"[954, 270]",False,,True,-1.0,False,very_strong,False,"[[858, 24], [1110, 186], [1218, 366]]",,"[[660, 216]]",,0.46460011944377966,0.30117821916586485
1718,3,1,28.533000000000015,,13518,"[954, 270]",False,,True,-1.0,False,very_strong,False,"[[852, 18], [1104, 180], [1212, 360]]",,"[[654, 210]]",,0.46416901555289797,0.30117259587172296
1719,3,1,28.550000000000068,,13518,"[954, 270]",False,,True,-1.0,False,very_strong,False,"[[846, 12], [1098, 174], [1206, 354]]",,"[[648, 204]]",,0.4649593801562212,0.30182479517407035
1720,3,1,28.567000000000007,,13518,"[954, 270]",False,,True,-1.0,False,very_strong,False,"[[840, 6], [1092, 168], [1200, 348]]",,"[[642, 198]]",,0.4647474071983339,0.30215158503385686
1721,3,1,28.58400000000006,,13518,"[954, 270]",False,,True,-1.0,False,very_strong,False,"[[834, 0], [1086, 162], [1194, 342]]",,"[[636, 192]]",,0.4647474071983339,0.30215158503385686
1722,3,1,28.600000000000023,,13518,"[954, 270]",False,,True,-1.0,False,very_strong,False,"[[1080, 156], [1188, 336]]",,"[[630, 186]]",,0.4659843315000255,0.3020510326913872
1723,3,1,28.617000000000075,,13518,"[954, 270]",False,,True,-1.0,False,very_strong,False,"[[1074, 150], [1182, 330]]",,"[[624, 180]]",,0.4659843315000255,0.3020510326913872
1724,3,1,28.634000000000015,,13518,"[954, 270]",False,,True,-1.0,False,very_strong,False,"[[1068, 144], [1176, 324]]",,"[[618, 174]]",,0.46623495977033347,0.30469273389839846
1725,3,1,28.649999999999977,,13518,"[954, 270]",False,,True,-1.0,False,very_strong,False,"[[1062, 138], [1170, 318]]",,"[[612, 168]]",,0.4672912287936314,0.30634695335283213
1726,3,1,28.66700000000003,,13518,"[954, 270]",False,,True,-1.0,False,very_strong,False,"[[1056, 132], [1164, 312]]",,"[[606, 162]]",,0.4662167831338747,0.3083750150526777
1727,3,1,28.68399999999997,,13518,"[954, 270]",False,,True,-1.0,False,very_strong,False,"[[1050, 126], [1158, 306]]",,"[[600, 156]]",,0.4662167831338747,0.3083750150526777
1728,3,1,28.700000000000045,,13518,"[954, 270]",False,,True,-1.0,False,very_strong,False,"[[1044, 120], [1152, 300]]",,"[[594, 150]]",,0.4783724832074322,0.3241715578623552
1729,3,1,28.716000000000008,,13518,"[954, 270]",False,,True,-1.0,False,very_strong,False,"[[1038, 114], [1146, 294]]",,"[[588, 144]]",,0.46538253515066746,0.3118966199445854
1730,3,1,28.73300000000006,,13518,"[954, 270]",False,Left,True,-1.0,False,very_strong,False,"[[1032, 108], [1140, 288]]",,"[[588, 138]]",,0.46591372817845045,0.3134073720601497
1731,3,1,28.750999999999976,,13518,"[954, 270]",False,Left,True,-1.0,False,very_strong,False,"[[1032, 102], [1140, 282]]",,"[[588, 132]]",,0.4662108260762904,0.3142539848387904
1732,3,1,28.767000000000053,,13518,"[954, 270]",False,Left,True,-1.0,False,very_strong,False,"[[1032, 96], [1140, 276]]",,"[[588, 126]]",,0.46649076110315846,0.3140102857175324
1733,3,1,28.783999999999992,,13518,"[954, 270]",False,,True,-1.0,False,very_strong,False,"[[1032, 90], [1140, 270]]",,"[[582, 120]]",,0.46649076110315846,0.3140102857175324
1734,3,1,28.800000000000068,,13518,"[954, 270]",False,,True,-1.0,False,very_strong,False,"[[1026, 84], [1134, 264]]",,"[[576, 114]]",,0.42515118825505027,0.29465363070035866
1735,3,1,28.817000000000007,,13518,"[954, 270]",False,,True,-1.0,False,very_strong,False,"[[1020, 78], [1128, 258]]",,"[[570, 108]]",,0.46456061995303405,0.3154660609937221
1736,3,1,28.83400000000006,,13518,"[954, 270]",False,,True,-1.0,False,very_strong,False,"[[1014, 72], [1122, 252]]",,"[[564, 102]]",,0.4699540773549923,0.30006825125400405
1737,3,1,28.851,,13518,"[954, 270]",False,,True,-1.0,False,very_strong,False,"[[1008, 66], [1116, 246]]",,"[[558, 96]]",,0.4689628455351573,0.29906102186771966
1738,3,1,28.868000000000052,,13518,"[954, 270]",False,Left,True,-1.0,False,very_strong,False,"[[1002, 60], [1110, 240]]",,"[[558, 90]]",,0.4686269375596022,0.2997079746924879
1739,3,1,28.88499999999999,,13518,"[954, 270]",False,Left,True,-1.0,False,very_strong,False,"[[1002, 54], [1110, 234]]",,"[[558, 84]]",,0.46838812176863376,0.2985645570765876
1740,3,1,28.901000000000067,,13518,"[954, 270]",False,Left,True,-1.0,False,very_strong,False,"[[1002, 48], [1110, 228]]",,"[[558, 78]]",,0.4684574612524285,0.2973889323603267
1741,3,1,28.91700000000003,,13518,"[954, 270]",False,Left,True,-1.0,False,very_strong,False,"[[1002, 42], [1110, 222]]",,"[[558, 72]]",,0.46903997756425764,0.29704741995466977
1742,3,1,28.932999999999993,,13518,"[954, 270]",False,Left,True,-1.0,False,very_strong,False,"[[1002, 36], [1110, 216], [786, 810]]",,"[[558, 66]]",,0.46892301826484617,0.29845853601573835
1743,3,1,28.94900000000007,,13518,"[954, 270]",False,Left,True,-1.0,False,very_strong,False,"[[1002, 30], [1110, 210], [786, 804]]",,"[[558, 60]]",,0.46899997803273646,0.2986237076123762
1744,3,1,28.966000000000008,,13518,"[954, 270]",False,Left,True,-1.0,False,very_strong,False,"[[1002, 24], [1110, 204], [786, 798]]",,"[[558, 54]]",,0.46928674288730166,0.29970414445470583
1745,3,1,28.98199999999997,,13518,"[954, 270]",False,Left,True,-1.0,False,very_strong,False,"[[1002, 18], [1110, 198], [786, 792], [1110, 810]]",,"[[558, 48]]",,0.4707002445803333,0.30091924071490084
1746,3,1,29.0,,13518,"[954, 270]",False,,True,-1.0,False,very_strong,False,"[[1002, 12], [1110, 192], [786, 786], [1110, 804]]",,"[[552, 42]]",,0.46998540101128156,0.3026944834859596
1747,3,1,29.01800000000003,,13518,"[954, 270]",False,,True,-1.0,False,very_strong,False,"[[996, 6], [1104, 186], [780, 780], [1104, 798]]",,"[[546, 36]]",,0.42464424382571453,0.2950614327868796
1748,3,1,29.033999999999992,,13518,"[954, 270]",False,,True,-1.0,False,very_strong,False,"[[990, 0], [1098, 180], [774, 774], [1098, 792]]",,"[[540, 30]]",,0.46817575363817293,0.30367399290903974
1749,3,1,29.050000000000068,,13518,"[954, 270]",False,,True,-1.0,False,very_strong,False,"[[1092, 174], [768, 768], [1092, 786]]",,"[[534, 24]]",,0.4677561534072834,0.30349822901371803
1750,3,1,29.067000000000007,,13518,"[954, 270]",False,,True,-1.0,False,very_strong,False,"[[1086, 168], [762, 762], [1086, 780]]",,"[[528, 18]]",,0.4674236368085056,0.3030614528609126
1751,3,1,29.08400000000006,,13518,"[954, 270]",False,,True,-1.0,False,very_strong,False,"[[1080, 162], [756, 756], [1080, 774]]",,"[[522, 12]]",,0.46819261095494813,0.3056551558917503
1752,3,1,29.101,,13518,"[954, 270]",False,,True,-1.0,False,very_strong,False,"[[1074, 156], [750, 750], [1074, 768]]",,"[[516, 6]]",,0.4694693584096122,0.3077631560925673
1753,3,1,29.117000000000075,,13518,"[954, 270]",False,,True,0.0,False,very_strong,False,"[[1068, 150], [744, 744], [1068, 762]]",,"[[510, 0]]",,0.4694693584096122,0.3077631560925673
1754,3,1,29.133000000000038,,13518,"[954, 270]",False,,True,0.0,False,very_strong,False,"[[1062, 144], [738, 738], [1062, 756]]",,[],,0.4700213480922632,0.30856411966623765
1755,3,1,29.149999999999977,,13518,"[954, 270]",False,,True,0.0,False,very_strong,False,"[[1062, 138], [738, 732], [1062, 750]]",,[],,0.4243545078447264,0.2953408303899361
1756,3,1,29.166000000000054,,13518,"[954, 270]",False,,True,0.0,False,very_strong,False,"[[1062, 132], [738, 726], [1062, 744]]",,[],,0.4707625412148849,0.31270903576500975
1757,3,1,29.182000000000016,,13518,"[954, 270]",False,,True,0.0,False,very_strong,False,"[[1062, 126], [738, 720], [1062, 738]]",,[],,0.47101142826269876,0.3141064258435605
1758,3,1,29.19900000000007,,13518,"[954, 270]",False,,True,0.0,False,very_strong,False,"[[1062, 120], [738, 714], [1062, 732]]",,[],,0.47065598569719763,0.3145510835442502
1759,3,1,29.216999999999985,,13518,"[954, 270]",False,Left,True,0.0,False,very_strong,False,"[[1062, 114], [738, 708], [1062, 726]]",,[],,0.45646847924657596,0.27287666855094994
1760,3,1,29.23199999999997,,13518,"[954, 270]",False,Left,True,0.0,False,very_strong,False,"[[1068, 108], [744, 702], [1068, 720]]",,[],,0.45646847924657596,0.27287666855094994
1761,3,1,29.248000000000047,,13518,"[954, 270]",False,Left,True,0.0,False,very_strong,False,"[[1074, 102], [750, 696], [1074, 714]]",,[],,0.45433763109161907,0.24934016290727257
1762,3,1,29.264999999999986,,13518,"[954, 270]",False,Left,True,0.0,False,very_strong,False,"[[1080, 96], [756, 690], [1080, 708]]",,[],,0.4540873296364832,0.24810889351409415
1763,3,1,29.281000000000063,,13518,"[954, 270]",False,Left,True,0.0,False,very_strong,False,"[[1086, 90], [762, 684], [1086, 702]]",,[],,0.4549505023696095,0.24108887932830614
1764,3,1,29.297000000000025,,13518,"[954, 270]",False,Left,True,0.0,False,very_strong,False,"[[1092, 84], [768, 678], [1092, 696]]",,[],,0.4553107068304718,0.24035837257843673
1765,3,1,29.315000000000055,,13518,"[954, 270]",False,Left,True,0.0,False,very_strong,False,"[[1098, 78], [774, 672], [1098, 690]]",,[],,0.45638014297984186,0.23917880335484176
1766,3,1,29.331000000000017,,13518,"[954, 270]",False,Left,True,0.0,False,very_strong,False,"[[1104, 72], [780, 666], [1104, 684]]",,[],,0.45638014297984186,0.23917880335484176
1767,3,1,29.34800000000007,,13518,"[954, 270]",False,,True,0.0,False,very_strong,False,"[[1110, 66], [786, 660], [1110, 678]]",,[],,0.4565604550279539,0.24245106022343776
1768,3,1,29.36500000000001,,13518,"[954, 270]",False,,True,0.0,False,very_strong,False,"[[1110, 60], [786, 654], [1110, 672]]",,[],,0.4563910008355062,0.24365834011895526
1769,3,1,29.380999999999972,,13518,"[954, 270]",False,,True,0.0,False,very_strong,False,"[[1110, 54], [786, 648], [1110, 666]]",,[],,0.4547990133132416,0.24702198227153915
1770,3,1,29.397000000000048,,13518,"[954, 270]",False,,True,0.0,False,very_strong,False,"[[1110, 48], [786, 642], [1110, 660]]",,[],,0.45481774499244754,0.24707422386955513
1771,3,1,29.413999999999987,,13518,"[954, 270]",False,,True,0.0,False,very_strong,False,"[[1110, 42], [786, 636], [1110, 654]]",,[],,0.45368373628525793,0.2491411842591832
1772,3,1,29.430000000000064,,13518,"[954, 270]",False,,True,0.0,False,very_strong,False,"[[1110, 36], [786, 630], [1110, 648]]",,[],,0.45368373628525793,0.2491411842591832
1773,3,1,29.446000000000026,,13518,"[954, 270]",False,,True,0.0,False,very_strong,False,"[[1110, 30], [786, 624], [1110, 642]]",,[],,0.45414354954522124,0.2518345395888697
1774,3,1,29.462999999999965,,13518,"[954, 270]",False,,True,0.0,False,very_strong,False,"[[1110, 24], [786, 618], [1110, 636]]",,[],,0.45414354954522124,0.2518345395888697
1775,3,1,29.480000000000018,,13518,"[954, 270]",False,Left,True,0.0,False,very_strong,False,"[[1110, 18], [786, 612], [1110, 630]]",,[],,0.4546452035844178,0.2523328742647313
1776,3,1,29.49599999999998,,13518,"[954, 270]",False,Left,True,0.0,False,very_strong,False,"[[1116, 12], [792, 606], [1116, 624]]",,[],,0.4546452035844178,0.2523328742647313
1777,3,1,29.510999999999967,,13518,"[954, 270]",False,Left,True,0.0,False,very_strong,False,"[[1122, 6], [798, 600], [1122, 618]]",,"[[1482, 810]]",,0.4564229029488388,0.2567093481018007
1778,3,1,29.527000000000044,,13518,"[954, 270]",False,Left,True,0.0,False,very_strong,False,"[[1128, 0], [804, 594], [1128, 612], [930, 810], [1272, 810]]",,"[[1488, 804]]",,0.4564229029488388,0.2567093481018007
1779,3,1,29.545000000000073,,13518,"[954, 270]",False,,True,0.0,False,very_strong,False,"[[810, 588], [1134, 606], [936, 804], [1278, 804]]",,"[[1488, 798]]",,0.4660017935584513,0.29544637853615663
1780,3,1,29.561000000000035,,13518,"[954, 270]",False,,True,0.0,False,very_strong,False,"[[810, 582], [1134, 600], [936, 798], [1278, 798]]",,"[[1488, 792]]",,0.4660017935584513,0.29544637853615663
1781,3,1,29.576999999999998,,13518,"[954, 270]",False,,True,0.0,False,very_strong,False,"[[810, 576], [1134, 594], [936, 792], [1278, 792]]",,"[[1488, 786]]",,0.46908648375766654,0.29283325233996893
1782,3,1,29.593000000000075,,13518,"[954, 270]",False,,True,0.0,False,very_strong,False,"[[810, 570], [1134, 588], [936, 786], [1278, 786]]",,"[[1488, 780]]",,0.46908648375766654,0.29283325233996893
1783,3,1,29.610000000000014,,13518,"[954, 270]",False,,True,0.0,False,very_strong,False,"[[810, 564], [1134, 582], [936, 780], [1278, 780]]",,"[[1488, 774]]",,0.5281931994537674,0.3417051685531899
1784,3,1,29.625999999999976,,13518,"[954, 270]",False,,True,0.0,False,very_strong,False,"[[810, 558], [1134, 576], [936, 774], [1278, 774], [1170, 810]]",,"[[1488, 768]]",,0.5281931994537674,0.3417051685531899
1785,3,1,29.64300000000003,,13518,"[954, 270]",False,,True,0.0,False,very_strong,False,"[[810, 552], [1134, 570], [936, 768], [1278, 768], [1170, 804]]",,"[[1488, 762]]",,0.10754933339579549,0.09176820870077473
1786,3,1,29.659999999999968,,13518,"[954, 270]",False,,True,0.0,False,very_strong,False,"[[810, 546], [1134, 564], [936, 762], [1278, 762], [1170, 798]]",,"[[1488, 756]]",,0.10754933339579549,0.09176820870077473
1787,3,1,29.676000000000045,,13518,"[954, 270]",False,,True,0.0,False,very_strong,False,"[[810, 540], [1134, 558], [936, 756], [1278, 756], [1170, 792]]",,"[[1488, 750]]",,0.4789790705904828,0.29466041058368275
1788,3,1,29.692999999999984,,13518,"[954, 270]",False,,True,0.0,False,very_strong,False,"[[810, 534], [1134, 552], [936, 750], [1278, 750], [1170, 786]]",,"[[1488, 744]]",,0.4789790705904828,0.29466041058368275
1789,3,1,29.710000000000036,,13518,"[954, 270]",False,,True,0.0,False,very_strong,False,"[[810, 528], [1134, 546], [936, 744], [1278, 744], [1170, 780]]",,"[[1488, 738]]",,0.4408118657555148,0.45254619498359594
1790,3,1,29.726,,13518,"[954, 270]",False,,True,0.0,False,very_strong,False,"[[810, 522], [1134, 540], [936, 738], [1278, 738], [1170, 774]]",,"[[1488, 732]]",,0.4408118657555148,0.45254619498359594
1791,3,1,29.742000000000075,,13518,"[954, 270]",False,,True,0.0,False,very_strong,False,"[[810, 516], [1134, 534], [936, 732], [1278, 732], [1170, 768]]",,"[[1488, 726]]",,0.43813333592970116,0.45391200458357117
1792,3,1,29.758000000000038,,13518,"[954, 270]",False,,True,0.0,False,very_strong,False,"[[810, 510], [1134, 528], [936, 726], [1278, 726], [1170, 762]]",,"[[1488, 720]]",,0.43813333592970116,0.45391200458357117
1793,3,1,29.774999999999977,,13518,"[954, 270]",False,,True,0.0,False,very_strong,False,"[[810, 504], [1134, 522], [936, 720], [1278, 720], [1170, 756], [738, 810]]",,"[[1488, 714]]",,0.43572563995984803,0.4550865533413416
1794,3,1,29.791000000000054,,13518,"[954, 270]",False,,True,0.0,False,very_strong,False,"[[810, 498], [1134, 516], [936, 714], [1278, 714], [1170, 750], [738, 804]]",,"[[1488, 708]]",,0.4231854433917349,0.28582044833027154
1795,3,1,29.807000000000016,,13518,"[954, 270]",False,,True,0.0,False,very_strong,False,"[[810, 492], [1134, 510], [936, 708], [1278, 708], [1170, 744], [738, 798]]",,"[[1488, 702]]",,0.4346019768400723,0.4583121058031795
1796,3,1,29.82299999999998,,13518,"[954, 270]",False,,True,0.0,False,very_strong,False,"[[810, 486], [1134, 504], [936, 702], [1278, 702], [1170, 738], [738, 792]]",,"[[1488, 696]]",,0.4346019768400723,0.4583121058031795
1797,3,1,29.840000000000032,,13518,"[954, 270]",False,,True,0.0,False,very_strong,False,"[[810, 480], [1134, 498], [936, 696], [1278, 696], [1170, 732], [738, 786]]",,"[[1488, 690]]",,0.4340022510357131,0.4612553505873198
1798,3,1,29.855999999999995,,13518,"[954, 270]",False,,True,0.0,False,very_strong,False,"[[810, 474], [1134, 492], [936, 690], [1278, 690], [1170, 726], [738, 780]]",,"[[1488, 684]]",,0.4340022510357131,0.4612553505873198
1799,3,1,29.873000000000047,,13518,"[954, 270]",False,,True,0.0,False,very_strong,False,"[[810, 468], [1134, 486], [936, 684], [1278, 684], [1170, 720], [738, 774]]",,"[[1488, 678]]",,0.433894235666631,0.46275230877633344
1800,3,1,29.88900000000001,,13518,"[954, 270]",False,,True,0.0,False,very_strong,False,"[[810, 462], [1134, 480], [936, 678], [1278, 678], [1170, 714], [738, 768]]",,"[[1488, 672]]",,0.4349151575082507,0.46435151150260745
1801,3,1,29.906000000000063,,13518,"[954, 270]",False,,True,0.0,False,very_strong,False,"[[810, 456], [1134, 474], [936, 672], [1278, 672], [1170, 708], [738, 762]]",,"[[1488, 666]]",,0.45111488923616905,0.43582452941937044
1802,3,1,29.922000000000025,,13518,"[954, 270]",False,,True,0.0,False,very_strong,False,"[[810, 450], [1134, 468], [936, 666], [1278, 666], [1170, 702], [738, 756]]",,"[[1488, 660]]",,0.45111488923616905,0.43582452941937044
1803,3,1,29.937999999999988,,13518,"[954, 270]",False,,True,0.0,False,very_strong,False,"[[810, 444], [1134, 462], [936, 660], [1278, 660], [1170, 696], [738, 750]]",,"[[1488, 654]]",,0.4521404134078512,0.4349659443628081
1804,3,1,29.954000000000065,,13518,"[954, 270]",False,,True,0.0,False,very_strong,False,"[[810, 438], [1134, 456], [936, 654], [1278, 654], [1170, 690], [738, 744]]",,"[[1488, 648]]",,0.4833252870583829,0.23681935313456803
1805,3,1,29.971000000000004,,13518,"[954, 270]",False,,True,0.0,False,very_strong,False,"[[810, 432], [1134, 450], [936, 648], [1278, 648], [1170, 684], [738, 738]]",,"[[1488, 642]]",,0.48396064869603334,0.23632366126906035
1806,3,1,29.98599999999999,,13518,"[954, 270]",False,,True,0.0,False,very_strong,False,"[[810, 426], [1134, 444], [936, 642], [1278, 642], [1170, 678], [738, 732]]",,"[[1488, 636]]",,0.4858072261137677,0.23582272853158992
1807,3,1,30.003000000000043,,13518,"[954, 270]",False,,True,0.0,False,very_strong,False,"[[810, 420], [1134, 438], [936, 636], [1278, 636], [1170, 672], [738, 726]]",,"[[1488, 630]]",,0.4853399656150911,0.23696484504748538
1808,3,1,30.01800000000003,,13518,"[954, 270]",False,,True,0.0,False,very_strong,False,"[[810, 414], [1134, 432], [936, 630], [1278, 630], [1170, 666], [738, 720]]",,"[[1488, 624]]",,0.4846457281030957,0.24092369865928687
1809,3,1,30.033999999999992,,13518,"[954, 270]",False,,True,0.0,False,very_strong,False,"[[810, 408], [1134, 426], [936, 624], [1278, 624], [1170, 660], [738, 714]]",,"[[1488, 618]]",,0.4846457281030957,0.24092369865928687
1810,3,1,30.051000000000045,,13518,"[954, 270]",False,,True,0.0,False,very_strong,False,"[[810, 402], [1134, 420], [936, 618], [1278, 618], [1170, 654], [738, 708]]",,"[[1488, 612]]",,0.48522108037590506,0.24207363808791138
1811,3,1,30.067000000000007,,13518,"[954, 270]",False,,True,0.0,False,very_strong,False,"[[810, 396], [1134, 414], [936, 612], [1278, 612], [1170, 648], [738, 702]]",,"[[1488, 606]]",,0.48522108037590506,0.24207363808791138
1812,3,1,30.08299999999997,,13518,"[954, 270]",False,,True,0.0,False,very_strong,False,"[[810, 390], [1134, 408], [936, 606], [1278, 606], [1170, 642], [738, 696]]",,"[[1488, 600]]",,0.48626838447444587,0.24469396450637548
1813,3,1,30.099000000000046,,13518,"[954, 270]",False,,True,0.0,False,very_strong,False,"[[810, 384], [1134, 402], [936, 600], [1278, 600], [1170, 636], [738, 690]]",,"[[1488, 594]]",,0.48626838447444587,0.24469396450637548
1814,3,1,30.115999999999985,,13518,"[954, 270]",False,,True,0.0,False,very_strong,False,"[[810, 378], [1134, 396], [936, 594], [1278, 594], [1170, 630], [738, 684]]",,"[[1488, 588]]",,0.46532860383084323,0.2459003814620132
1815,3,1,30.132000000000062,,13518,"[954, 270]",False,,True,0.0,False,very_strong,False,"[[810, 372], [1134, 390], [936, 588], [1278, 588], [1170, 624], [738, 678]]",,"[[1488, 582]]",,0.46532860383084323,0.2459003814620132
1816,3,1,30.149,,13518,"[954, 270]",False,,True,0.0,False,very_strong,False,"[[810, 366], [1134, 384], [936, 582], [1278, 582], [1170, 618], [738, 672]]",,"[[1488, 576]]",,0.4577375984431312,0.24242241124461317
1817,3,1,30.166000000000054,,13518,"[954, 270]",False,,True,0.0,False,very_strong,False,"[[810, 360], [1134, 378], [936, 576], [1278, 576], [1170, 612], [738, 666]]",,"[[1488, 570]]",,0.4577375984431312,0.24242241124461317
1818,3,1,30.182000000000016,,13518,"[954, 270]",False,,True,0.0,False,very_strong,False,"[[810, 354], [1134, 372], [936, 570], [1278, 570], [1170, 606], [738, 660]]",,"[[1488, 564]]",,0.45475318437256523,0.24272743513501638
1819,3,1,30.19900000000007,,13518,"[954, 270]",False,,True,0.0,False,very_strong,False,"[[810, 348], [1134, 366], [936, 564], [1278, 564], [1170, 600], [738, 654]]",,"[[1488, 558]]",,0.45475318437256523,0.24272743513501638
1820,3,1,30.215000000000032,,13518,"[954, 270]",False,,True,0.0,False,very_strong,False,"[[810, 342], [1134, 360], [936, 558], [1278, 558], [1170, 594], [738, 648]]",,"[[1488, 552]]",,0.4498220664185573,0.24719559937157776
1821,3,1,30.230999999999995,,13518,"[954, 270]",False,,True,0.0,False,very_strong,False,"[[810, 336], [1134, 354], [936, 552], [1278, 552], [1170, 588], [738, 642]]",,"[[1488, 546]]",,0.4498220664185573,0.24719559937157776
1822,3,1,30.248000000000047,,13518,"[954, 270]",False,,True,0.0,False,very_strong,False,"[[810, 330], [1134, 348], [936, 546], [1278, 546], [1170, 582], [738, 636]]",,"[[1488, 540]]",,0.4506675450781816,0.25332224781346646
1823,3,1,30.26400000000001,,13518,"[954, 270]",False,,True,0.0,False,very_strong,False,"[[810, 324], [1134, 342], [936, 540], [1278, 540], [1170, 576], [738, 630]]",,"[[1488, 534]]",,0.4506675450781816,0.25332224781346646
1824,3,1,30.281000000000063,,13518,"[954, 270]",False,,True,0.0,False,very_strong,False,"[[810, 318], [1134, 336], [936, 534], [1278, 534], [1170, 570], [738, 624]]",,"[[1488, 528]]",,0.45080535395606586,0.2564014067179943
1825,3,1,30.298000000000002,,13518,"[954, 270]",False,,True,0.0,False,very_strong,False,"[[810, 312], [1134, 330], [936, 528], [1278, 528], [1170, 564], [738, 618]]",,"[[1488, 522]]",,0.45080535395606586,0.2564014067179943
1826,3,1,30.31600000000003,,13518,"[954, 270]",False,Right,True,0.0,False,very_strong,False,"[[810, 306], [1134, 324], [936, 522], [1278, 522], [1170, 558], [738, 612]]",,"[[1482, 516]]",,0.4500202170863384,0.26209561644406953
1827,3,1,30.331999999999994,,13518,"[954, 270]",False,Right,True,0.0,False,very_strong,False,"[[804, 300], [1128, 318], [930, 516], [1272, 516], [1164, 552], [732, 606]]",,"[[1476, 510]]",,0.4500202170863384,0.26209561644406953
1828,3,1,30.34800000000007,,13518,"[954, 270]",False,Right,True,0.0,False,very_strong,False,"[[798, 294], [1122, 312], [924, 510], [1266, 510], [1158, 546], [726, 600]]",,"[[1470, 504]]",,0.44867343781842794,0.26554826260978126
1829,3,1,30.36500000000001,,13518,"[954, 270]",False,Right,True,0.0,False,very_strong,False,"[[792, 288], [1116, 306], [918, 504], [1260, 504], [1152, 540], [720, 594]]",,"[[1464, 498]]",,0.44867343781842794,0.26554826260978126
1830,3,1,30.382000000000062,,13518,"[954, 270]",False,Right,True,0.0,False,very_strong,False,"[[786, 282], [1110, 300], [912, 498], [1254, 498], [1146, 534], [714, 588]]",,"[[1458, 492]]",,0.44812616233773295,0.2684405679130699
1831,3,1,30.399,,13518,"[954, 270]",False,Right,True,0.0,False,very_strong,False,"[[780, 276], [1104, 294], [906, 492], [1248, 492], [1140, 528], [708, 582]]",,"[[1452, 486]]",,0.44812616233773295,0.2684405679130699
1832,3,1,30.41700000000003,,13518,"[954, 270]",False,,True,0.0,False,very_strong,False,"[[774, 270], [1098, 288], [900, 486], [1242, 486], [1134, 522], [702, 576]]",,"[[1452, 480]]",,0.46623179779462276,0.2688637131018722
1833,3,1,30.432999999999993,,13518,"[954, 270]",False,,True,0.0,False,very_strong,False,"[[774, 264], [1098, 282], [900, 480], [1242, 480], [1134, 516], [702, 570]]",,"[[1452, 474]]",,0.46623179779462276,0.2688637131018722
1834,3,1,30.44900000000007,,13518,"[954, 270]",False,,True,0.0,False,very_strong,False,"[[774, 258], [1098, 276], [900, 474], [1242, 474], [1134, 510], [702, 564]]",,"[[1452, 468]]",,0.46588078842817165,0.2718802338786718
1835,3,1,30.465000000000032,,13518,"[954, 270]",False,,True,0.0,False,very_strong,False,"[[774, 252], [1098, 270], [900, 468], [1242, 468], [1134, 504], [702, 558]]",,"[[1452, 462]]",,0.46588078842817165,0.2718802338786718
1836,3,1,30.480999999999995,,13518,"[954, 270]",False,,True,0.0,False,very_strong,False,"[[774, 246], [1098, 264], [900, 462], [1242, 462], [1134, 498], [702, 552]]",,"[[1452, 456]]",,0.4675679297985468,0.2712445872244582
1837,3,1,30.49700000000007,,13518,"[954, 270]",False,,True,0.0,False,very_strong,False,"[[774, 240], [1098, 258], [900, 456], [1242, 456], [1134, 492], [702, 546]]",,"[[1452, 450]]",,0.4677073633811603,0.27204077002592264
1838,3,1,30.51400000000001,,13518,"[954, 270]",False,,True,0.0,False,very_strong,False,"[[774, 234], [1098, 252], [900, 450], [1242, 450], [1134, 486], [702, 540]]",,"[[1452, 444]]",,0.46696613987763974,0.2736355719518484
1839,3,1,30.531000000000063,,13518,"[954, 270]",False,,True,0.0,False,very_strong,False,"[[774, 228], [1098, 246], [900, 444], [1242, 444], [1134, 480], [702, 534]]",,"[[1452, 438]]",,0.46696613987763974,0.2736355719518484
1840,3,1,30.547000000000025,,13518,"[954, 270]",False,,True,0.0,False,very_strong,False,"[[774, 222], [1098, 240], [900, 438], [1242, 438], [1134, 474], [702, 528]]",,"[[1452, 432]]",,0.4677252753400971,0.2771022627638031
1841,3,1,30.563999999999965,,13518,"[954, 270]",False,,True,0.0,False,very_strong,False,"[[774, 216], [1098, 234], [900, 432], [1242, 432], [1134, 468], [702, 522]]",,"[[1452, 426]]",,0.46765814535850064,0.2776548316108467
1842,3,1,30.581000000000017,,13518,"[954, 270]",False,,True,0.0,False,very_strong,False,"[[774, 210], [1098, 228], [900, 426], [1242, 426], [1134, 462], [702, 516]]",,"[[1452, 420]]",,0.4691425986714529,0.2845153506396615
1843,3,1,30.59699999999998,,13518,"[954, 270]",False,,True,0.0,False,very_strong,False,"[[774, 204], [1098, 222], [900, 420], [1242, 420], [1134, 456], [702, 510]]",,"[[1452, 414]]",,0.4691425986714529,0.2845153506396615
1844,3,1,30.614000000000033,,13518,"[954, 270]",False,,True,0.0,False,very_strong,False,"[[774, 198], [1098, 216], [900, 414], [1242, 414], [1134, 450], [702, 504]]",,"[[1452, 408]]",,0.4693513396055652,0.2886548120741357
1845,3,1,30.630999999999972,,13518,"[954, 270]",False,,True,0.0,False,very_strong,False,"[[774, 192], [1098, 210], [900, 408], [1242, 408], [1134, 444], [702, 498]]",,"[[1452, 402]]",,0.4693513396055652,0.2886548120741357
1846,3,1,30.648000000000025,,13518,"[954, 270]",False,,True,0.0,False,very_strong,False,"[[774, 186], [1098, 204], [900, 402], [1242, 402], [1134, 438], [702, 492]]",,"[[1452, 396]]",,0.4692638608797967,0.2950920330561533
1847,3,1,30.664999999999964,,13518,"[954, 270]",False,,True,0.0,False,very_strong,False,"[[774, 180], [1098, 198], [900, 396], [1242, 396], [1134, 432], [702, 486]]",,"[[1452, 390]]",,0.4692638608797967,0.2950920330561533
1848,3,1,30.68100000000004,,13518,"[954, 270]",False,,True,0.0,False,very_strong,False,"[[774, 174], [1098, 192], [900, 390], [1242, 390], [1134, 426], [702, 480]]",,"[[1452, 384]]",,0.4674605277061684,0.29879850725877566
1849,3,1,30.69799999999998,,13518,"[954, 270]",False,,True,0.0,False,very_strong,False,"[[774, 168], [1098, 186], [900, 384], [1242, 384], [1134, 420], [702, 474]]",,"[[1452, 378]]",,0.4674605277061684,0.29879850725877566
1850,3,1,30.714000000000055,,13518,"[954, 270]",False,,True,0.0,False,very_strong,False,"[[774, 162], [1098, 180], [900, 378], [1242, 378], [1134, 414], [702, 468]]",,"[[1452, 372]]",,0.42820229486640204,0.28770336558664233
1851,3,1,30.730999999999995,,13518,"[954, 270]",False,,True,0.0,False,very_strong,False,"[[774, 156], [1098, 174], [900, 372], [1242, 372], [1134, 408], [702, 462]]",,"[[1452, 366]]",,0.42820229486640204,0.28770336558664233
1852,3,1,30.749000000000024,,13518,"[954, 270]",False,Right,True,0.0,False,very_strong,False,"[[774, 150], [1098, 168], [900, 366], [1242, 366], [1134, 402], [702, 456]]",,"[[1446, 360]]",,0.46725960833458446,0.30695488835606266
1853,3,1,30.76400000000001,,13518,"[954, 270]",False,Right,True,0.0,False,very_strong,False,"[[768, 144], [1092, 162], [894, 360], [1236, 360], [1128, 396], [696, 450]]",,"[[1440, 354]]",,0.46749888452055394,0.30791042602486773
1854,3,1,30.781000000000063,,13518,"[954, 270]",False,Right,True,0.0,False,very_strong,False,"[[762, 138], [1086, 156], [888, 354], [1230, 354], [1122, 390], [690, 444]]",,"[[1434, 348]]",,0.4692881770375137,0.31206379672390283
1855,3,1,30.797000000000025,,13518,"[954, 270]",False,Right,True,0.0,False,very_strong,False,"[[756, 132], [1080, 150], [882, 348], [1224, 348], [1116, 384], [684, 438]]",,"[[1428, 342]]",,0.46961955805180206,0.31316412143736394
1856,3,1,30.812999999999988,,13518,"[954, 270]",False,Right,True,0.0,False,very_strong,False,"[[750, 126], [1074, 144], [876, 342], [1218, 342], [1110, 378], [678, 432]]",,"[[1422, 336]]",,0.4695264543337146,0.31721865885843203
1857,3,1,30.83000000000004,,13518,"[954, 270]",False,Right,True,0.0,False,very_strong,False,"[[744, 120], [1068, 138], [870, 336], [1212, 336], [1104, 372], [672, 426]]",,"[[1416, 330]]",,0.4695264543337146,0.31721865885843203
1858,3,1,30.846000000000004,,13518,"[954, 270]",False,Right,True,0.0,False,very_strong,False,"[[738, 114], [1062, 132], [864, 330], [1206, 330], [1098, 366], [666, 420]]",,"[[1410, 324]]",,0.4695277643567818,0.3188464858994804
1859,3,1,30.863000000000056,,13518,"[954, 270]",False,Right,True,0.0,False,very_strong,False,"[[732, 108], [1056, 126], [858, 324], [1200, 324], [1092, 360], [660, 414]]",,"[[1404, 318]]",,0.46951062823782186,0.31937852821107127
1860,3,1,30.880999999999972,,13518,"[954, 270]",False,,True,0.0,False,very_strong,False,"[[726, 102], [1050, 120], [852, 318], [1194, 318], [1086, 354], [654, 408]]",,"[[1404, 312]]",,0.46887506829691167,0.3222433844182693
1861,3,1,30.897000000000048,,13518,"[954, 270]",False,,True,1.0,False,very_strong,False,"[[726, 96], [1050, 114], [852, 312], [1194, 312], [1086, 348], [654, 402]]",,"[[1404, 306]]",,0.46887506829691167,0.3222433844182693
1862,3,1,30.91300000000001,,13518,"[954, 270]",False,,True,1.0,False,very_strong,False,"[[726, 90], [1050, 108], [852, 306], [1194, 306], [1086, 342], [654, 396], [942, 810]]",,"[[1410, 300]]",,0.46893367349158377,0.32487647311266754
1863,3,1,30.928999999999974,,13518,"[954, 270]",False,,True,1.0,False,very_strong,False,"[[732, 84], [1056, 102], [858, 300], [1200, 300], [1092, 336], [660, 390], [948, 804]]",,"[[1416, 294]]",,0.46893367349158377,0.32487647311266754
1864,3,1,30.946000000000026,,13518,"[954, 270]",False,,True,1.0,False,very_strong,False,"[[738, 78], [1062, 96], [864, 294], [1206, 294], [1098, 330], [666, 384], [954, 798]]",,"[[1422, 288]]",,0.4688142145084158,0.3265637910557767
1865,3,1,30.962999999999965,,13518,"[954, 270]",False,,True,1.0,False,very_strong,False,"[[744, 72], [1068, 90], [870, 288], [1212, 288], [1104, 324], [672, 378], [960, 792]]",,"[[1428, 282]]",,0.4688142145084158,0.3265637910557767
1866,3,1,30.980000000000018,,13518,"[954, 270]",False,,True,1.0,False,very_strong,False,"[[750, 66], [1074, 84], [876, 282], [1218, 282], [1110, 318], [678, 372], [966, 786]]",,"[[1434, 276]]",,0.4693087107714291,0.3268460356423605
1867,3,1,30.99599999999998,,13518,"[954, 270]",False,,True,1.0,False,very_strong,False,"[[756, 60], [1080, 78], [882, 276], [1224, 276], [1116, 312], [684, 366], [972, 780]]",,"[[1440, 270]]",,0.4693087107714291,0.3268460356423605
1868,3,1,31.014999999999986,,13518,"[954, 270]",False,Right,True,1.0,False,very_strong,False,"[[762, 54], [1086, 72], [888, 270], [1230, 270], [1122, 306], [690, 360], [978, 774]]",,"[[1440, 264]]",,0.469874912355257,0.32703598426572233
1869,3,1,31.029999999999973,,13518,"[954, 270]",False,Right,True,1.0,False,very_strong,False,"[[762, 48], [1086, 66], [888, 264], [1230, 264], [1122, 300], [690, 354], [978, 768]]",,"[[1440, 258]]",,0.4708429255565463,0.3279859465888867
1870,3,1,31.045000000000073,,13518,"[954, 270]",False,Right,True,1.0,False,very_strong,False,"[[762, 42], [1086, 60], [888, 258], [1230, 258], [1122, 294], [690, 348], [978, 762]]",,"[[1440, 252]]",,0.43435835907575093,0.2990612749792507
1871,3,1,31.062000000000012,,13518,"[954, 270]",False,Right,True,1.0,False,very_strong,False,"[[762, 36], [1086, 54], [888, 252], [1230, 252], [1122, 288], [690, 342], [978, 756]]",,"[[1440, 246]]",,0.47170735831875127,0.3295818517949751
1872,3,1,31.079000000000065,,13518,"[954, 270]",False,Right,True,1.0,False,very_strong,False,"[[762, 30], [1086, 48], [888, 246], [1230, 246], [1122, 282], [690, 336], [978, 750]]",,"[[1440, 240]]",,0.46815872632235855,0.32672770823929664
1873,3,1,31.096000000000004,,13518,"[954, 270]",False,Right,True,1.0,False,very_strong,False,"[[762, 24], [1086, 42], [888, 240], [1230, 240], [1122, 276], [690, 330], [978, 744]]",,"[[1440, 234]]",,0.46490814475764414,0.3177147470087822
1874,3,1,31.111999999999966,,13518,"[954, 270]",False,Right,True,1.0,False,very_strong,False,"[[762, 18], [1086, 36], [888, 234], [1230, 234], [1122, 270], [690, 324], [978, 738]]",,"[[1440, 228]]",,0.463947672744096,0.3177311550129449
1875,3,1,31.129999999999995,,13518,"[954, 270]",False,,True,1.0,False,very_strong,False,"[[762, 12], [1086, 30], [888, 228], [1230, 228], [1122, 264], [690, 318], [978, 732]]",,"[[1446, 222]]",,0.46342817903485767,0.31828992053173344
1876,3,1,31.147000000000048,,13518,"[954, 270]",False,,True,1.0,False,very_strong,False,"[[768, 6], [1092, 24], [894, 222], [1236, 222], [1128, 258], [696, 312], [984, 726]]",,"[[1452, 216]]",,0.4625520181469289,0.3192207707428205
1877,3,1,31.16300000000001,,13518,"[954, 270]",False,,True,1.0,False,very_strong,False,"[[774, 0], [1098, 18], [900, 216], [1242, 216], [1134, 252], [702, 306], [990, 720]]",,"[[1458, 210]]",,0.4625520181469289,0.3192207707428205
1878,3,1,31.180000000000064,,13518,"[954, 270]",False,,True,1.0,False,very_strong,False,"[[1104, 12], [906, 210], [1248, 210], [1140, 246], [708, 300], [996, 714]]",,"[[1464, 204]]",,0.4627936356294257,0.321185334019788
1879,3,1,31.197000000000003,,13518,"[954, 270]",False,,True,1.0,False,very_strong,False,"[[1110, 6], [912, 204], [1254, 204], [1146, 240], [714, 294], [1002, 708]]",,"[[1470, 198]]",,0.4627936356294257,0.321185334019788
1880,3,1,31.215000000000032,,13518,"[954, 270]",False,Right,True,1.0,False,very_strong,False,"[[1116, 0], [918, 198], [1260, 198], [1152, 234], [720, 288], [1008, 702]]",,"[[1470, 192]]",,0.4623054398532763,0.3229176528863136
1881,3,1,31.230000000000018,,13518,"[954, 270]",False,Right,True,1.0,False,very_strong,False,"[[918, 192], [1260, 192], [1152, 228], [720, 282], [1008, 696]]",,"[[1470, 186]]",,0.46193297192576754,0.3230169873409299
1882,3,1,31.24700000000007,,13518,"[954, 270]",False,Right,True,1.0,False,very_strong,False,"[[918, 186], [1260, 186], [1152, 222], [720, 276], [1008, 690]]",,"[[1470, 180]]",,0.46210163193592113,0.3246614094471808
1883,3,1,31.26400000000001,,13518,"[954, 270]",False,Right,True,1.0,False,very_strong,False,"[[918, 180], [1260, 180], [1152, 216], [720, 270], [1008, 684]]",,"[[1470, 174]]",,0.4621424319669406,0.3245860314398459
1884,3,1,31.28200000000004,,13518,"[954, 270]",False,Right,True,1.0,False,very_strong,False,"[[918, 174], [1260, 174], [1152, 210], [720, 264], [1008, 678]]",,"[[1470, 168]]",,0.4630709498575835,0.328799796539445
1885,3,1,31.300000000000068,,13518,"[954, 270]",False,Right,True,1.0,False,very_strong,False,"[[918, 168], [1260, 168], [1152, 204], [720, 258], [1008, 672]]",,"[[1470, 162]]",,0.4635707966070459,0.3294435713920678
1886,3,1,31.317000000000007,,13518,"[954, 270]",False,,True,1.0,False,very_strong,False,"[[918, 162], [1260, 162], [1152, 198], [720, 252], [1008, 666]]",,"[[1476, 156]]",,0.4641167901827476,0.3312703710665872
1887,3,1,31.33299999999997,,13518,"[954, 270]",False,,True,1.0,False,very_strong,False,"[[924, 156], [1266, 156], [1158, 192], [726, 246], [1014, 660]]",,"[[1482, 150]]",,0.4641167901827476,0.3312703710665872
1888,3,1,31.350000000000023,,13518,"[954, 270]",False,,True,1.0,False,very_strong,False,"[[930, 150], [1272, 150], [1164, 186], [732, 240], [1020, 654]]",,"[[1488, 144]]",,0.46238629535711456,0.33142013744570664
1889,3,1,31.367000000000075,,13518,"[954, 270]",False,,True,1.0,False,very_strong,False,"[[936, 144], [1278, 144], [1170, 180], [738, 234], [1026, 648]]",,"[[1494, 138]]",,0.46238629535711456,0.33142013744570664
1890,3,1,31.384000000000015,,13518,"[954, 270]",False,,True,1.0,False,very_strong,False,"[[942, 138], [1284, 138], [1176, 174], [744, 228], [1032, 642]]",,"[[1500, 132]]",,0.4609995191371314,0.3317548423028921
1891,3,1,31.401000000000067,,13518,"[954, 270]",False,,True,1.0,False,very_strong,False,"[[948, 132], [1290, 132], [1182, 168], [750, 222], [1038, 636]]",,"[[1506, 126]]",,0.4609995191371314,0.3317548423028921
1892,3,1,31.418000000000006,,13518,"[954, 270]",False,,True,1.0,False,very_strong,False,"[[954, 126], [1296, 126], [1188, 162], [756, 216], [1044, 630]]",,"[[1512, 120]]",,0.45953759345874606,0.3326569127894219
1893,3,1,31.43399999999997,,13518,"[954, 270]",False,,True,1.0,False,very_strong,False,"[[960, 120], [1302, 120], [1194, 156], [762, 210], [1050, 624]]",,"[[1518, 114]]",,0.45953759345874606,0.3326569127894219
1894,3,1,31.451000000000022,,13518,"[954, 270]",False,,True,1.0,False,very_strong,False,"[[966, 114], [1308, 114], [1200, 150], [768, 204], [1056, 618]]",,"[[1524, 108]]",,0.46224952340099756,0.3353178127289951
1895,3,1,31.468000000000075,,13518,"[954, 270]",False,,True,1.0,False,very_strong,False,"[[972, 108], [1314, 108], [1206, 144], [774, 198], [1062, 612]]",,"[[1530, 102]]",,0.46224952340099756,0.3353178127289951
1896,3,1,31.485000000000014,,13518,"[954, 270]",False,,True,1.0,False,very_strong,False,"[[978, 102], [1320, 102], [1212, 138], [780, 192], [1068, 606]]",,"[[1536, 96]]",,0.465745478870642,0.33915412246021914
1897,3,1,31.502000000000066,,13518,"[954, 270]",False,,True,1.0,False,very_strong,False,"[[984, 96], [1326, 96], [1218, 132], [786, 186], [1074, 600]]",,"[[1542, 90]]",,0.465745478870642,0.33915412246021914
1898,3,1,31.51800000000003,,13518,"[954, 270]",False,,True,1.0,False,very_strong,False,"[[990, 90], [1332, 90], [1224, 126], [792, 180], [1080, 594]]",,"[[1548, 84]]",,0.4672805387771007,0.3407445432956826
1899,3,1,31.534999999999968,,13518,"[954, 270]",False,,True,1.0,False,very_strong,False,"[[996, 84], [1338, 84], [1230, 120], [798, 174], [1086, 588]]",,"[[1554, 78]]",,0.4672805387771007,0.3407445432956826
1900,3,1,31.55200000000002,,13518,"[954, 270]",False,,True,1.0,False,very_strong,False,"[[1002, 78], [1344, 78], [1236, 114], [804, 168], [1092, 582]]",,"[[1560, 72]]",,0.47507517329722965,0.30987102199878047
1901,3,1,31.569000000000074,,13518,"[954, 270]",False,,True,1.0,False,very_strong,False,"[[1008, 72], [1350, 72], [1242, 108], [810, 162], [1098, 576]]",,"[[1566, 66]]",,0.47304927888814063,0.31011137162484304
1902,3,1,31.585000000000036,,13518,"[954, 270]",False,,True,1.0,False,very_strong,False,"[[1014, 66], [1356, 66], [1248, 102], [816, 156], [1104, 570]]",,"[[1572, 60]]",,0.47206360658090835,0.3095233559478844
1903,3,1,31.601999999999975,,13518,"[954, 270]",False,,True,1.0,False,very_strong,False,"[[1020, 60], [1362, 60], [1254, 96], [822, 150], [1110, 564]]",,"[[1578, 54]]",,0.47206360658090835,0.3095233559478844
1904,3,1,31.620000000000005,,13518,"[954, 270]",False,,True,1.0,False,very_strong,False,"[[1026, 54], [1368, 54], [1260, 90], [828, 144], [1116, 558]]",,"[[1584, 48]]",,0.47282989633944883,0.3122813822662276
1905,3,1,31.63499999999999,,13518,"[954, 270]",False,,True,1.0,False,very_strong,False,"[[1032, 48], [1374, 48], [1266, 84], [834, 138], [1122, 552]]",,"[[1590, 42]]",,0.47282989633944883,0.3122813822662276
1906,3,1,31.651000000000067,,13518,"[954, 270]",False,,True,1.0,False,very_strong,False,"[[1038, 42], [1380, 42], [1272, 78], [840, 132], [1128, 546]]",,"[[1596, 36]]",,0.4738676358685929,0.3151514003862549
1907,3,1,31.66700000000003,,13518,"[954, 270]",False,,True,1.0,False,very_strong,False,"[[1044, 36], [1386, 36], [1278, 72], [846, 126], [1134, 540]]",,"[[1602, 30]]",,0.474025990322934,0.3151358418504213
1908,3,1,31.68399999999997,,13518,"[954, 270]",False,,True,1.0,False,very_strong,False,"[[1050, 30], [1392, 30], [1284, 66], [852, 120], [1140, 534]]",,"[[1608, 24]]",,0.4731413093204212,0.3153762655128035
1909,3,1,31.700000000000045,,13518,"[954, 270]",False,,True,1.0,False,very_strong,False,"[[1056, 24], [1398, 24], [1290, 60], [858, 114], [1146, 528]]",,"[[1614, 18]]",,0.4731413093204212,0.3153762655128035
1910,3,1,31.716999999999985,,13518,"[954, 270]",False,,True,1.0,False,very_strong,False,"[[1062, 18], [1404, 18], [1296, 54], [864, 108], [1152, 522]]",,"[[1620, 12]]",,0.4729577610440242,0.3160555666025672
1911,3,1,31.734000000000037,,13518,"[954, 270]",False,,True,1.0,False,very_strong,False,"[[1068, 12], [1410, 12], [1302, 48], [870, 102], [1158, 516]]",,"[[1626, 6]]",,0.47142298202120375,0.3152609779640799
1912,3,1,31.750999999999976,,13518,"[954, 270]",False,,True,0.0,False,very_strong,False,"[[1074, 6], [1416, 6], [1308, 42], [876, 96], [1164, 510]]",,"[[1632, 0]]",,0.45572121959903755,0.3042632238415506
1913,3,1,31.767000000000053,,13518,"[954, 270]",False,,True,0.0,False,very_strong,False,"[[1080, 0], [1422, 0], [1314, 36], [882, 90], [1170, 504]]",,[],,0.45572121959903755,0.3042632238415506
1914,3,1,31.783999999999992,,13518,"[954, 270]",False,Left,True,0.0,False,very_strong,False,"[[1314, 30], [882, 84], [1170, 498]]",,[],,0.4573326874025298,0.3047146355316822
1915,3,1,31.800000000000068,,13518,"[954, 270]",False,,True,0.0,False,very_strong,False,"[[1320, 24], [888, 78], [1176, 492]]",,[],,0.45827711714403013,0.30556622590429094
1916,3,1,31.815000000000055,,13518,"[954, 270]",False,,True,0.0,False,very_strong,False,"[[1320, 18], [888, 72], [1176, 486]]",,[],,0.45872271631450146,0.3061365361771289
1917,3,1,31.831999999999994,,13518,"[954, 270]",False,,True,0.0,False,very_strong,False,"[[1320, 12], [888, 66], [1176, 480]]",,[],,0.4602820519999816,0.3062327295854219
1918,3,1,31.84800000000007,,13518,"[954, 270]",False,,True,0.0,False,very_strong,False,"[[1320, 6], [888, 60], [1176, 474]]",,[],,0.46072144831802986,0.30671324357525076
1919,3,1,31.86500000000001,,13518,"[954, 270]",False,,True,0.0,False,very_strong,False,"[[1320, 0], [888, 54], [1176, 468]]",,[],,0.4608504203799891,0.306927117904193
1920,3,1,31.884000000000015,,13518,"[954, 270]",False,Right,True,0.0,False,very_strong,False,"[[888, 48], [1176, 462]]",,[],,0.46083158931620466,0.30788997591897926
1921,3,1,31.899,,13518,"[954, 270]",False,Right,True,0.0,False,very_strong,False,"[[882, 42], [1170, 456]]",,[],,0.4748884261500523,0.31664498846318423
1922,3,1,31.914999999999964,,13518,"[954, 270]",False,Right,True,0.0,False,very_strong,False,"[[876, 36], [1164, 450]]",,[],,0.4603955412633737,0.3102787484682895
1923,3,1,31.93100000000004,,13518,"[954, 270]",False,Right,True,0.0,False,very_strong,False,"[[870, 30], [1158, 444]]",,[],,0.46014012383787206,0.31238191739181065
1924,3,1,31.947000000000003,,13518,"[954, 270]",False,Right,True,0.0,False,very_strong,False,"[[864, 24], [1152, 438]]",,[],,0.46029224893275594,0.3130499848434769
1925,3,1,31.962999999999965,,13518,"[954, 270]",False,Right,True,0.0,False,very_strong,False,"[[858, 18], [1146, 432]]",,[],,0.4750425028132571,0.32058380382212714
1926,3,1,31.979000000000042,,13518,"[954, 270]",False,Right,True,0.0,False,very_strong,False,"[[852, 12], [1140, 426]]",,[],,0.4750425028132571,0.32058380382212714
1927,3,1,31.995000000000005,,13518,"[954, 270]",False,Right,True,0.0,False,very_strong,False,"[[846, 6], [1134, 420]]",,[],,0.46197940701919366,0.3155844662867938
1928,3,1,32.01200000000006,,13518,"[954, 270]",False,Right,True,0.0,False,very_strong,False,"[[840, 0], [1128, 414]]",,[],,0.46197940701919366,0.3155844662867938
1929,3,1,32.028999999999996,,13518,"[954, 270]",False,Right,True,0.0,False,very_strong,False,"[[1122, 408]]",,[],,0.46224495183080005,0.31417034635728436
1930,3,1,32.04500000000007,,13518,"[954, 270]",False,Right,True,0.0,False,very_strong,False,"[[1116, 402]]",,[],,0.462348081135936,0.3141221730983883
1931,3,1,32.06299999999999,,13518,"[954, 270]",False,,True,0.0,False,very_strong,False,"[[1110, 396]]",,[],,0.4629982236393534,0.31514109079713315
1932,3,1,32.079000000000065,,13518,"[954, 270]",False,,True,0.0,False,very_strong,False,"[[1110, 390]]",,[],,0.4629982236393534,0.31514109079713315
1933,3,1,32.09500000000003,,13518,"[954, 270]",False,,True,0.0,False,very_strong,False,"[[1110, 384]]",,[],,0.42476081197112664,0.29042207203179504
1934,3,1,32.111999999999966,,13518,"[954, 270]",False,,True,0.0,False,very_strong,False,"[[1110, 378]]",,[],,0.42476081197112664,0.29042207203179504
1935,3,1,32.12900000000002,,13518,"[954, 270]",False,,True,0.0,False,very_strong,False,"[[1110, 372]]",,[],,0.47639900326476337,0.32177180490191737
1936,3,1,32.14499999999998,,13518,"[954, 270]",False,,True,0.0,False,very_strong,False,"[[1110, 366]]",,[],,0.4620610341122001,0.31723656998671623
1937,3,1,32.162000000000035,,13518,"[954, 270]",False,,True,0.0,False,very_strong,False,"[[1110, 360]]",,[],,0.4611729750257051,0.3180861550623896
1938,3,1,32.178999999999974,,13518,"[954, 270]",False,,True,0.0,False,very_strong,False,"[[1110, 354]]",,[],,0.4611729750257051,0.3180861550623896
1939,3,1,32.196000000000026,,13518,"[954, 270]",False,,True,0.0,False,very_strong,False,"[[1110, 348]]",,[],,0.46002746546892076,0.3187515176259048
1940,3,1,32.21199999999999,,13518,"[954, 270]",False,,True,0.0,False,very_strong,False,"[[1110, 342]]",,[],,0.46002746546892076,0.3187515176259048
1941,3,1,32.22900000000004,,13518,"[954, 270]",False,,True,0.0,False,very_strong,False,"[[1110, 336]]",,[],,0.45980652610202055,0.31979069521387116
1942,3,1,32.245000000000005,,13518,"[954, 270]",False,,True,0.0,False,very_strong,False,"[[1110, 330]]",,[],,0.45980652610202055,0.31979069521387116
1943,3,1,32.26099999999997,,13518,"[954, 270]",False,,True,0.0,False,very_strong,False,"[[1110, 324]]",,[],,0.46042608965019144,0.32067631222358506
1944,3,1,32.27800000000002,,13518,"[954, 270]",False,,True,0.0,False,very_strong,False,"[[1110, 318]]",,[],,0.46042608965019144,0.32067631222358506
1945,3,1,32.29500000000007,,13518,"[954, 270]",False,,True,0.0,False,very_strong,False,"[[1110, 312]]",,[],,0.46017725985201474,0.3203454212686534
1946,3,1,32.31200000000001,,13518,"[954, 270]",False,,True,0.0,False,very_strong,False,"[[1110, 306]]",,[],,0.46017725985201474,0.3203454212686534
1947,3,1,32.329000000000065,,13518,"[954, 270]",False,,True,0.0,False,very_strong,False,"[[1110, 300]]",,[],,0.4595950669288674,0.3220802930450015
1948,3,1,32.34400000000005,,13518,"[954, 270]",False,,True,0.0,False,very_strong,False,"[[1110, 294]]",,[],,0.4595950669288674,0.3220802930450015
1949,3,1,32.360000000000014,,13518,"[954, 270]",False,,True,0.0,False,very_strong,False,"[[1110, 288]]",,[],,0.4587505436839708,0.31940622334699953
1950,3,1,32.375999999999976,,13518,"[954, 270]",False,,True,0.0,False,very_strong,False,"[[1110, 282]]",,[],,0.4587505436839708,0.31940622334699953
1951,3,1,32.39300000000003,,13518,"[954, 270]",False,,True,0.0,False,very_strong,False,"[[1110, 276]]",,[],,0.46552695682308326,0.30425425954750207
1952,3,1,32.40999999999997,,13518,"[954, 270]",False,,True,0.0,False,very_strong,False,"[[1110, 270]]",,[],,0.46552695682308326,0.30425425954750207
1953,3,1,32.42700000000002,,13518,"[954, 270]",False,,True,0.0,False,very_strong,False,"[[1110, 264]]",,[],,0.4669627097452074,0.3039066115224165
1954,3,1,32.444000000000074,,13518,"[954, 270]",False,,True,0.0,False,very_strong,False,"[[1110, 258]]",,[],,0.4669627097452074,0.3039066115224165
1955,3,1,32.460000000000036,,13518,"[954, 270]",False,,True,0.0,False,very_strong,False,"[[1110, 252]]",,[],,0.4675488116539058,0.3058466396056798
1956,3,1,32.476999999999975,,13518,"[954, 270]",False,,True,0.0,False,very_strong,False,"[[1110, 246]]",,[],,0.4675488116539058,0.3058466396056798
1957,3,1,32.49400000000003,,13518,"[954, 270]",False,,True,0.0,False,very_strong,False,"[[1110, 240]]",,[],,0.46945913927140176,0.3048368532602994
1958,3,1,32.51099999999997,,13518,"[954, 270]",False,,True,0.0,False,very_strong,False,"[[1110, 234]]",,[],,0.46945913927140176,0.3048368532602994
1959,3,1,32.527000000000044,,13518,"[954, 270]",False,,True,0.0,False,very_strong,False,"[[1110, 228]]",,[],,0.4732811000482582,0.2701411177673505
1960,3,1,32.54399999999998,,13518,"[954, 270]",False,,True,0.0,False,very_strong,False,"[[1110, 222]]",,[],,0.4732811000482582,0.2701411177673505
1961,3,1,32.561000000000035,,13518,"[954, 270]",False,,True,0.0,False,very_strong,False,"[[1110, 216]]",,[],,0.47275482474049985,0.26873063638805517
1962,3,1,32.577999999999975,,13518,"[954, 270]",False,,True,0.0,False,very_strong,False,"[[1110, 210]]",,[],,0.47275482474049985,0.26873063638805517
1963,3,1,32.59500000000003,,13518,"[954, 270]",False,,True,0.0,False,very_strong,False,"[[1110, 204]]",,[],,0.4732917800221285,0.26645963066108813
1964,3,1,32.611999999999966,,13518,"[954, 270]",False,,True,0.0,False,very_strong,False,"[[1110, 198]]",,[],,0.4732917800221285,0.26645963066108813
1965,3,1,32.62800000000004,,13518,"[954, 270]",False,,True,0.0,False,very_strong,False,"[[1110, 192]]",,[],,0.4728648139507798,0.26631460926428485
1966,3,1,32.644000000000005,,13518,"[954, 270]",False,,True,0.0,False,very_strong,False,"[[1110, 186]]",,[],,0.4728648139507798,0.26631460926428485
1967,3,1,32.66100000000006,,13518,"[954, 270]",False,,True,0.0,False,very_strong,False,"[[1110, 180]]",,[],,0.47308149926442516,0.26774903458356536
1968,3,1,32.678,,13518,"[954, 270]",False,,True,0.0,False,very_strong,False,"[[1110, 174]]",,[],,0.47308149926442516,0.26774903458356536
1969,3,1,32.69500000000005,,13518,"[954, 270]",False,,True,0.0,False,very_strong,False,"[[1110, 168]]",,[],,0.47397074049575466,0.26690275358427706
1970,3,1,32.71199999999999,,13518,"[954, 270]",False,,True,0.0,False,very_strong,False,"[[1110, 162]]",,[],,0.47397074049575466,0.26690275358427706
1971,3,1,32.728000000000065,,13518,"[954, 270]",False,,True,0.0,False,very_strong,False,"[[1110, 156]]",,[],,0.4742614294723702,0.2694697728473967
1972,3,1,32.745000000000005,,13518,"[954, 270]",False,,True,0.0,False,very_strong,False,"[[1110, 150]]",,[],,0.4742614294723702,0.2694697728473967
1973,3,1,32.76200000000006,,13518,"[954, 270]",False,,True,0.0,False,very_strong,False,"[[1110, 144], [894, 810]]",,[],,0.47439240278518086,0.2704482670926337
1974,3,1,32.77800000000002,,13518,"[954, 270]",False,,True,0.0,False,very_strong,False,"[[1110, 138], [894, 804]]",,[],,0.47439240278518086,0.2704482670926337
1975,3,1,32.79399999999998,,13518,"[954, 270]",False,,True,0.0,False,very_strong,False,"[[1110, 132], [894, 798]]",,[],,0.47598330168909947,0.2743907683781137
1976,3,1,32.811000000000035,,13518,"[954, 270]",False,,True,0.0,False,very_strong,False,"[[1110, 126], [894, 792], [1218, 810]]",,[],,0.47598330168909947,0.2743907683781137
1977,3,1,32.827999999999975,,13518,"[954, 270]",False,,True,0.0,False,very_strong,False,"[[1110, 120], [894, 786], [1218, 804]]",,[],,0.4777065615551823,0.27827633108671523
1978,3,1,32.84500000000003,,13518,"[954, 270]",False,,True,0.0,False,very_strong,False,"[[1110, 114], [894, 780], [1218, 798]]",,[],,0.4777065615551823,0.27827633108671523
1979,3,1,32.863000000000056,,13518,"[954, 270]",False,Right,True,0.0,False,very_strong,False,"[[1110, 108], [894, 774], [1218, 792]]",,[],,0.47640063686903744,0.2736304563011146
1980,3,1,32.87900000000002,,13518,"[954, 270]",False,Right,True,0.0,False,very_strong,False,"[[1104, 102], [888, 768], [1212, 786]]",,[],,0.47640063686903744,0.2736304563011146
1981,3,1,32.89499999999998,,13518,"[954, 270]",False,Right,True,0.0,False,very_strong,False,"[[1098, 96], [882, 762], [1206, 780]]",,[],,0.4701708309558955,0.2367544295713111
1982,3,1,32.912000000000035,,13518,"[954, 270]",False,Right,True,0.0,False,very_strong,False,"[[1092, 90], [876, 756], [1200, 774]]",,[],,0.4701708309558955,0.2367544295713111
1983,3,1,32.928999999999974,,13518,"[954, 270]",False,Right,True,0.0,False,very_strong,False,"[[1086, 84], [870, 750], [1194, 768]]",,[],,0.46965613745069906,0.23415941332539147
1984,3,1,32.94500000000005,,13518,"[954, 270]",False,,True,0.0,False,very_strong,False,"[[1080, 78], [864, 744], [1188, 762]]",,[],,0.46965613745069906,0.23415941332539147
1985,3,1,32.96199999999999,,13518,"[954, 270]",False,,True,0.0,False,very_strong,False,"[[1080, 72], [864, 738], [1188, 756]]",,[],,0.46975149521171244,0.23274047564960887
1986,3,1,32.976999999999975,,13518,"[954, 270]",False,,True,0.0,False,very_strong,False,"[[1080, 66], [864, 732], [1188, 750]]",,[],,0.46975149521171244,0.23274047564960887
1987,3,1,32.99400000000003,,13518,"[954, 270]",False,,True,0.0,False,very_strong,False,"[[1080, 60], [864, 726], [1188, 744]]",,[],,0.47120796507989243,0.23815066440724153
1988,3,1,33.01099999999997,,13518,"[954, 270]",False,,True,0.0,False,very_strong,False,"[[1080, 54], [864, 720], [1188, 738]]",,[],,0.47120796507989243,0.23815066440724153
1989,3,1,33.02800000000002,,13518,"[954, 270]",False,,True,0.0,False,very_strong,False,"[[1080, 48], [864, 714], [1188, 732]]",,[],,0.47166511058604044,0.24252797851837615
1990,3,1,33.04399999999998,,13518,"[954, 270]",False,,True,0.0,False,very_strong,False,"[[1080, 42], [864, 708], [1188, 726]]",,[],,0.47166511058604044,0.24252797851837615
1991,3,1,33.061000000000035,,13518,"[954, 270]",False,,True,0.0,False,very_strong,False,"[[1080, 36], [864, 702], [1188, 720]]",,[],,0.47214963485613276,0.24600108984333047
1992,3,1,33.077,,13518,"[954, 270]",False,,True,0.0,False,very_strong,False,"[[1080, 30], [864, 696], [1188, 714]]",,[],,0.47214963485613276,0.24600108984333047
1993,3,1,33.093000000000075,,13518,"[954, 270]",False,,True,0.0,False,very_strong,False,"[[1080, 24], [864, 690], [1188, 708]]",,[],,0.4724402987824786,0.25066059945464836
1994,3,1,33.110000000000014,,13518,"[954, 270]",False,,True,0.0,False,very_strong,False,"[[1080, 18], [864, 684], [1188, 702]]",,[],,0.4724402987824786,0.25066059945464836
1995,3,1,33.125999999999976,,13518,"[954, 270]",False,,True,0.0,False,very_strong,False,"[[1080, 12], [864, 678], [1188, 696]]",,[],,0.47223515905960756,0.25423759016291414
1996,3,1,33.14200000000005,,13518,"[954, 270]",False,,True,0.0,False,very_strong,False,"[[1080, 6], [864, 672], [1188, 690]]",,[],,0.47223515905960756,0.25423759016291414
1997,3,1,33.15899999999999,,13518,"[954, 270]",False,Right,True,0.0,False,very_strong,False,"[[1080, 0], [864, 666], [1188, 684]]",,[],,0.47190023003617165,0.25959261114561705
1998,3,1,33.17500000000007,,13518,"[954, 270]",False,Right,True,0.0,False,very_strong,False,"[[858, 660], [1182, 678]]",,[],,0.4713916337085872,0.26048748105792885
1999,3,1,33.19200000000001,,13518,"[954, 270]",False,Right,True,0.0,False,very_strong,False,"[[852, 654], [1176, 672]]",,[],,0.47124551499846634,0.26330084260635955
2000,3,1,33.210000000000036,,13518,"[954, 270]",False,Right,True,0.0,False,very_strong,False,"[[846, 648], [1170, 666]]",,[],,0.47124551499846634,0.26330084260635955
2001,3,1,33.226,,13518,"[954, 270]",False,Right,True,0.0,False,very_strong,False,"[[840, 642], [1164, 660]]",,[],,0.47101409222630847,0.26862771698636423
2002,3,1,33.24300000000005,,13518,"[954, 270]",False,,True,0.0,False,very_strong,False,"[[834, 636], [1158, 654]]",,[],,0.47101409222630847,0.26862771698636423
2003,3,1,33.259000000000015,,13518,"[954, 270]",False,,True,0.0,False,very_strong,False,"[[834, 630], [1158, 648]]",,[],,0.4703681545550265,0.27280554363004605
2004,3,1,33.27600000000007,,13518,"[954, 270]",False,,True,0.0,False,very_strong,False,"[[834, 624], [1158, 642]]",,[],,0.4703681545550265,0.27280554363004605
2005,3,1,33.29200000000003,,13518,"[954, 270]",False,,True,0.0,False,very_strong,False,"[[834, 618], [1158, 636]]",,[],,0.4226397022444794,0.26091991698275474
2006,3,1,33.30799999999999,,13518,"[954, 270]",False,,True,0.0,False,very_strong,False,"[[834, 612], [1158, 630]]",,[],,0.4226397022444794,0.26091991698275474
2007,3,1,33.325000000000045,,13518,"[954, 270]",False,,True,0.0,False,very_strong,False,"[[834, 606], [1158, 624]]",,[],,0.4025979956743305,0.07131972598083014
2008,3,1,33.34100000000001,,13518,"[954, 270]",False,,True,0.0,False,very_strong,False,"[[834, 600], [1158, 618]]",,[],,0.4025979956743305,0.07131972598083014
2009,3,1,33.35800000000006,,13518,"[954, 270]",False,,True,0.0,False,very_strong,False,"[[834, 594], [1158, 612], [942, 810]]",,[],,0.5099412576719655,0.32540613315841505
2010,3,1,33.375,,13518,"[954, 270]",False,,True,0.0,False,very_strong,False,"[[834, 588], [1158, 606], [942, 804]]",,[],,0.5099412576719655,0.32540613315841505
2011,3,1,33.39200000000005,,13518,"[954, 270]",False,Right,True,0.0,False,very_strong,False,"[[834, 582], [1158, 600], [942, 798]]",,[],,0.5532312169615239,0.2637232956100033
2012,3,1,33.408000000000015,,13518,"[954, 270]",False,Right,True,0.0,False,very_strong,False,"[[828, 576], [1152, 594], [936, 792]]",,[],,0.5532312169615239,0.2637232956100033
2013,3,1,33.42399999999998,,13518,"[954, 270]",False,Right,True,0.0,False,very_strong,False,"[[822, 570], [1146, 588], [930, 786]]",,[],,0.4229755534821299,0.2402831923287525
2014,3,1,33.44100000000003,,13518,"[954, 270]",False,Right,True,0.0,False,very_strong,False,"[[816, 564], [1140, 582], [924, 780]]",,[],,0.4229755534821299,0.2402831923287525
2015,3,1,33.456999999999994,,13518,"[954, 270]",False,Right,True,0.0,False,very_strong,False,"[[810, 558], [1134, 576], [918, 774]]",,[],,0.48626060991826414,0.29762061281643537
2016,3,1,33.474000000000046,,13518,"[954, 270]",False,,True,0.0,False,very_strong,False,"[[804, 552], [1128, 570], [912, 768]]",,[],,0.48626060991826414,0.29762061281643537
2017,3,1,33.48900000000003,,13518,"[954, 270]",False,,True,0.0,False,very_strong,False,"[[804, 546], [1128, 564], [912, 762]]",,[],,0.48711444880233123,0.29966826301969873
2018,3,1,33.50599999999997,,13518,"[954, 270]",False,,True,0.0,False,very_strong,False,"[[804, 540], [1128, 558], [912, 756]]",,[],,0.46399644993923933,0.26842428653551653
2019,3,1,33.523000000000025,,13518,"[954, 270]",False,,True,0.0,False,very_strong,False,"[[804, 534], [1128, 552], [912, 750]]",,[],,0.4633932652355644,0.26925744614340974
2020,3,1,33.539999999999964,,13518,"[954, 270]",False,,True,0.0,False,very_strong,False,"[[804, 528], [1128, 546], [912, 744]]",,[],,0.46144214101112474,0.2690064587316797
2021,3,1,33.55600000000004,,13518,"[954, 270]",False,,True,0.0,False,very_strong,False,"[[804, 522], [1128, 540], [912, 738]]",,[],,0.4594232360705777,0.2685259190481746
2022,3,1,33.572,,13518,"[954, 270]",False,,True,0.0,False,very_strong,False,"[[804, 516], [1128, 534], [912, 732]]",,[],,0.45821681907655315,0.26900781940495444
2023,3,1,33.589000000000055,,13518,"[954, 270]",False,,True,0.0,False,very_strong,False,"[[804, 510], [1128, 528], [912, 726]]",,[],,0.45787467901877665,0.2699673977258191
2024,3,1,33.605999999999995,,13518,"[954, 270]",False,,True,0.0,False,very_strong,False,"[[804, 504], [1128, 522], [912, 720]]",,[],,0.45709882432100457,0.27168970830106753
2025,3,1,33.62200000000007,,13518,"[954, 270]",False,,True,0.0,False,very_strong,False,"[[804, 498], [1128, 516], [912, 714]]",,[],,0.4216612739022977,0.26157690771580144
2026,3,1,33.63900000000001,,13518,"[954, 270]",False,,True,0.0,False,very_strong,False,"[[804, 492], [1128, 510], [912, 708]]",,[],,0.4574484226646408,0.27461525016399124
2027,3,1,33.65700000000004,,13518,"[954, 270]",False,,True,0.0,False,very_strong,False,"[[804, 486], [1128, 504], [912, 702]]",,[],,0.458238664022555,0.27690242080437155
2028,3,1,33.67399999999998,,13518,"[954, 270]",False,,True,0.0,False,very_strong,False,"[[804, 480], [1128, 498], [912, 696]]",,[],,0.4582967962947834,0.2750307193915884
2029,3,1,33.69100000000003,,13518,"[954, 270]",False,,True,0.0,False,very_strong,False,"[[804, 474], [1128, 492], [912, 690]]",,[],,0.45812282079932043,0.2534576950849201
2030,3,1,33.70799999999997,,13518,"[954, 270]",False,,True,0.0,False,very_strong,False,"[[804, 468], [1128, 486], [912, 684]]",,[],,0.45673830766716855,0.23568505097122228
2031,3,1,33.72300000000007,,13518,"[954, 270]",False,,True,0.0,False,very_strong,False,"[[804, 462], [1128, 480], [912, 678]]",,[],,0.45697604023845084,0.23785770761214453
2032,3,1,33.74000000000001,,13518,"[954, 270]",False,,True,0.0,False,very_strong,False,"[[804, 456], [1128, 474], [912, 672]]",,[],,0.4559339243095251,0.23675556001375697
2033,3,1,33.75700000000006,,13518,"[954, 270]",False,,True,0.0,False,very_strong,False,"[[804, 450], [1128, 468], [912, 666]]",,[],,0.45635465794002916,0.2373384000564256
2034,3,1,33.774,,13518,"[954, 270]",False,,True,0.0,False,very_strong,False,"[[804, 444], [1128, 462], [912, 660]]",,[],,0.4573575719058983,0.23382594015226
2035,3,1,33.791000000000054,,13518,"[954, 270]",False,Right,True,0.0,False,very_strong,False,"[[804, 438], [1128, 456], [912, 654]]",,[],,0.4578640243045341,0.232848086952808
2036,3,1,33.807000000000016,,13518,"[954, 270]",False,Right,True,0.0,False,very_strong,False,"[[798, 432], [1122, 450], [906, 648]]",,[],,0.4586197060016589,0.23903979689108878
2037,3,1,33.82400000000007,,13518,"[954, 270]",False,Right,True,0.0,False,very_strong,False,"[[792, 426], [1116, 444], [900, 642]]",,[],,0.4585190851573125,0.2413075245764167
2038,3,1,33.84100000000001,,13518,"[954, 270]",False,Right,True,0.0,False,very_strong,False,"[[786, 420], [1110, 438], [894, 636]]",,[],,0.45837001465051513,0.24130152468895294
2039,3,1,33.85800000000006,,13518,"[954, 270]",False,Right,True,0.0,False,very_strong,False,"[[780, 414], [1104, 432], [888, 630]]",,[],,0.4579851074731178,0.24174247793956893
2040,3,1,33.875,,13518,"[954, 270]",False,,True,0.0,False,very_strong,False,"[[774, 408], [1098, 426], [882, 624]]",,[],,0.45834886455824286,0.24482109240563943
2041,3,1,33.89200000000005,,13518,"[954, 270]",False,,True,0.0,False,very_strong,False,"[[774, 402], [1098, 420], [882, 618]]",,[],,0.45833379111081074,0.24734201796602617
2042,3,1,33.90700000000004,,13518,"[954, 270]",False,,True,0.0,False,very_strong,False,"[[774, 396], [1098, 414], [882, 612]]",,[],,0.4582820284048452,0.24942169164707495
2043,3,1,33.92399999999998,,13518,"[954, 270]",False,,True,0.0,False,very_strong,False,"[[774, 390], [1098, 408], [882, 606]]",,[],,0.4581084134753423,0.25120414804822344
2044,3,1,33.940000000000055,,13518,"[954, 270]",False,,True,0.0,False,very_strong,False,"[[774, 384], [1098, 402], [882, 600]]",,[],,0.4582173449853689,0.2529672807444424
2045,3,1,33.956999999999994,,13518,"[954, 270]",False,,True,0.0,False,very_strong,False,"[[774, 378], [1098, 396], [882, 594]]",,[],,0.45818038285165424,0.2533110268343639
2046,3,1,33.97500000000002,,13518,"[954, 270]",False,Right,True,0.0,False,very_strong,False,"[[774, 372], [1098, 390], [882, 588]]",,[],,0.45792089781064044,0.25925656592975543
2047,3,1,33.990999999999985,,13518,"[954, 270]",False,Right,True,0.0,False,very_strong,False,"[[768, 366], [1092, 384], [876, 582]]",,[],,0.45841829927585537,0.26123575622883066
2048,3,1,34.009000000000015,,13518,"[954, 270]",False,Right,True,0.0,False,very_strong,False,"[[762, 360], [1086, 378], [870, 576]]",,[],,0.45831977998580326,0.26211927180551
2049,3,1,34.02499999999998,,13518,"[954, 270]",False,Right,True,0.0,False,very_strong,False,"[[756, 354], [1080, 372], [864, 570]]",,[],,0.4585178351109528,0.2627733273513204
2050,3,1,34.043000000000006,,13518,"[954, 270]",False,,True,0.0,False,very_strong,False,"[[750, 348], [1074, 366], [858, 564]]",,[],,0.4585083580510291,0.26731781295327484
2051,3,1,34.05899999999997,,13518,"[954, 270]",False,,True,0.0,False,very_strong,False,"[[750, 342], [1074, 360], [858, 558], [1110, 810]]",,[],,0.4580861162906486,0.2680194464845127
2052,3,1,34.075000000000045,,13518,"[954, 270]",False,,True,0.0,False,very_strong,False,"[[750, 336], [1074, 354], [858, 552], [1110, 804]]",,[],,0.4576451344187483,0.27041584895802406
2053,3,1,34.091999999999985,,13518,"[954, 270]",False,,True,0.0,False,very_strong,False,"[[750, 330], [1074, 348], [858, 546], [1110, 798]]",,[],,0.45725933523941587,0.27178202243415084
2054,3,1,34.10800000000006,,13518,"[954, 270]",False,,True,0.0,False,very_strong,False,"[[750, 324], [1074, 342], [858, 540], [1110, 792]]",,[],,0.4572300298609007,0.27203185258703844
2055,3,1,34.124000000000024,,13518,"[954, 270]",False,,True,0.0,False,very_strong,False,"[[750, 318], [1074, 336], [858, 534], [1110, 786]]",,[],,0.4572300298609007,0.27203185258703844
2056,3,1,34.139999999999986,,13518,"[954, 270]",False,,True,0.0,False,very_strong,False,"[[750, 312], [1074, 330], [858, 528], [1110, 780]]",,[],,0.45668330545470637,0.27391254750237926
2057,3,1,34.15700000000004,,13518,"[954, 270]",False,,True,0.0,False,very_strong,False,"[[750, 306], [1074, 324], [858, 522], [1110, 774]]",,[],,0.45657165846665493,0.27447461649067073
2058,3,1,34.173,,13518,"[954, 270]",False,,True,0.0,False,very_strong,False,"[[750, 300], [1074, 318], [858, 516], [1110, 768]]",,[],,0.4566963811935132,0.2758313258734162
2059,3,1,34.188999999999965,,13518,"[954, 270]",False,,True,0.0,False,very_strong,False,"[[750, 294], [1074, 312], [858, 510], [1110, 762]]",,[],,0.4560516677494153,0.2762521595489048
2060,3,1,34.20500000000004,,13518,"[954, 270]",False,,True,0.0,False,very_strong,False,"[[750, 288], [1074, 306], [858, 504], [1110, 756]]",,[],,0.45592885383358095,0.2772720344971993
2061,3,1,34.22199999999998,,13518,"[954, 270]",False,,True,0.0,False,very_strong,False,"[[750, 282], [1074, 300], [858, 498], [1110, 750]]",,[],,0.45592885383358095,0.2772720344971993
2062,3,1,34.23900000000003,,13518,"[954, 270]",False,,True,0.0,False,very_strong,False,"[[750, 276], [1074, 294], [858, 492], [1110, 744]]",,[],,0.4559421819954391,0.27808764338382463
2063,3,1,34.25599999999997,,13518,"[954, 270]",False,,True,0.0,False,very_strong,False,"[[750, 270], [1074, 288], [858, 486], [1110, 738]]",,[],,0.4559421819954391,0.27808764338382463
2064,3,1,34.273000000000025,,13518,"[954, 270]",False,,True,0.0,False,very_strong,False,"[[750, 264], [1074, 282], [858, 480], [1110, 732]]",,[],,0.4674240962932699,0.3120502161185934
2065,3,1,34.28899999999999,,13518,"[954, 270]",False,,True,0.0,False,very_strong,False,"[[750, 258], [1074, 276], [858, 474], [1110, 726]]",,[],,0.4674240962932699,0.3120502161185934
2066,3,1,34.30600000000004,,13518,"[954, 270]",False,,True,0.0,False,very_strong,False,"[[750, 252], [1074, 270], [858, 468], [1110, 720]]",,[],,0.4578047507217725,0.27902522158656673
2067,3,1,34.32299999999998,,13518,"[954, 270]",False,,True,0.0,False,very_strong,False,"[[750, 246], [1074, 264], [858, 462], [1110, 714]]",,[],,0.4578047507217725,0.27902522158656673
2068,3,1,34.339000000000055,,13518,"[954, 270]",False,,True,0.0,False,very_strong,False,"[[750, 240], [1074, 258], [858, 456], [1110, 708]]",,[],,0.4576200249615391,0.2789222859377727
2069,3,1,34.355999999999995,,13518,"[954, 270]",False,,True,0.0,False,very_strong,False,"[[750, 234], [1074, 252], [858, 450], [1110, 702]]",,[],,0.4576200249615391,0.2789222859377727
2070,3,1,34.37200000000007,,13518,"[954, 270]",False,,True,0.0,False,very_strong,False,"[[750, 228], [1074, 246], [858, 444], [1110, 696]]",,[],,0.45702509041607015,0.2797224015817952
2071,3,1,34.389999999999986,,13518,"[954, 270]",False,,True,0.0,False,very_strong,False,"[[750, 222], [1074, 240], [858, 438], [1110, 690]]",,[],,0.45702509041607015,0.2797224015817952
2072,3,1,34.40700000000004,,13518,"[954, 270]",False,,True,0.0,False,very_strong,False,"[[750, 216], [1074, 234], [858, 432], [1110, 684]]",,[],,0.4585540233758622,0.2825199466839142
2073,3,1,34.42399999999998,,13518,"[954, 270]",False,,True,0.0,False,very_strong,False,"[[750, 210], [1074, 228], [858, 426], [1110, 678]]",,[],,0.4585540233758622,0.2825199466839142
2074,3,1,34.44100000000003,,13518,"[954, 270]",False,,True,0.0,False,very_strong,False,"[[750, 204], [1074, 222], [858, 420], [1110, 672]]",,[],,0.46776107660144167,0.25418708482923413
2075,3,1,34.456999999999994,,13518,"[954, 270]",False,,True,0.0,False,very_strong,False,"[[750, 198], [1074, 216], [858, 414], [1110, 666], [912, 810]]",,[],,0.4687024066915838,0.24767438254105945
2076,3,1,34.47300000000007,,13518,"[954, 270]",False,,True,0.0,False,very_strong,False,"[[750, 192], [1074, 210], [858, 408], [1110, 660], [912, 804]]",,[],,0.47001484544872396,0.24713516954395798
2077,3,1,34.48900000000003,,13518,"[954, 270]",False,,True,0.0,False,very_strong,False,"[[750, 186], [1074, 204], [858, 402], [1110, 654], [912, 798]]",,[],,0.47001484544872396,0.24713516954395798
2078,3,1,34.50599999999997,,13518,"[954, 270]",False,,True,0.0,False,very_strong,False,"[[750, 180], [1074, 198], [858, 396], [1110, 648], [912, 792]]",,[],,0.4688280622919258,0.2519409135805116
2079,3,1,34.523000000000025,,13518,"[954, 270]",False,,True,0.0,False,very_strong,False,"[[750, 174], [1074, 192], [858, 390], [1110, 642], [912, 786]]",,[],,0.4688280622919258,0.2519409135805116
2080,3,1,34.539999999999964,,13518,"[954, 270]",False,,True,0.0,False,very_strong,False,"[[750, 168], [1074, 186], [858, 384], [1110, 636], [912, 780]]",,[],,0.469982864937184,0.2584932752867938
2081,3,1,34.55600000000004,,13518,"[954, 270]",False,,True,0.0,False,very_strong,False,"[[750, 162], [1074, 180], [858, 378], [1110, 630], [912, 774]]",,[],,0.469982864937184,0.2584932752867938
2082,3,1,34.57299999999998,,13518,"[954, 270]",False,,True,0.0,False,very_strong,False,"[[750, 156], [1074, 174], [858, 372], [1110, 624], [912, 768]]",,[],,0.4692275651708842,0.26577983191891086
2083,3,1,34.589000000000055,,13518,"[954, 270]",False,,True,0.0,False,very_strong,False,"[[750, 150], [1074, 168], [858, 366], [1110, 618], [912, 762]]",,[],,0.4692275651708842,0.26577983191891086
2084,3,1,34.60500000000002,,13518,"[954, 270]",False,Right,True,0.0,False,very_strong,False,"[[750, 144], [1074, 162], [858, 360], [1110, 612], [912, 756]]",,[],,0.46933617087314394,0.2685423759015505
2085,3,1,34.62200000000007,,13518,"[954, 270]",False,Right,True,0.0,False,very_strong,False,"[[744, 138], [1068, 156], [852, 354], [1104, 606], [906, 750]]",,[],,0.46933617087314394,0.2685423759015505
2086,3,1,34.63900000000001,,13518,"[954, 270]",False,Right,True,0.0,False,very_strong,False,"[[738, 132], [1062, 150], [846, 348], [1098, 600], [900, 744]]",,[],,0.4690444237567261,0.27118084623963346
2087,3,1,34.65499999999997,,13518,"[954, 270]",False,Right,True,0.0,False,very_strong,False,"[[732, 126], [1056, 144], [840, 342], [1092, 594], [894, 738]]",,[],,0.4690444237567261,0.27118084623963346
2088,3,1,34.67100000000005,,13518,"[954, 270]",False,Right,True,0.0,False,very_strong,False,"[[726, 120], [1050, 138], [834, 336], [1086, 588], [888, 732]]",,[],,0.468059437189347,0.2719996860119208
2089,3,1,34.68799999999999,,13518,"[954, 270]",False,,True,0.0,False,very_strong,False,"[[720, 114], [1044, 132], [828, 330], [1080, 582], [882, 726]]",,[],,0.468059437189347,0.2719996860119208
2090,3,1,34.704000000000065,,13518,"[954, 270]",False,,True,0.0,False,very_strong,False,"[[720, 108], [1044, 126], [828, 324], [1080, 576], [882, 720]]",,[],,0.46684621916273106,0.2725060779436782
2091,3,1,34.721000000000004,,13518,"[954, 270]",False,,True,0.0,False,very_strong,False,"[[720, 102], [1044, 120], [828, 318], [1080, 570], [882, 714]]",,[],,0.46684621916273106,0.2725060779436782
2092,3,1,34.74000000000001,,13518,"[954, 270]",False,,True,0.0,False,very_strong,False,"[[720, 96], [1044, 114], [828, 312], [1080, 564], [882, 708]]",,[],,0.4508651036008554,0.2362951225737141
2093,3,1,34.75599999999997,,13518,"[954, 270]",False,,True,0.0,False,very_strong,False,"[[720, 90], [1044, 108], [828, 306], [1080, 558], [882, 702], [1116, 810]]",,[],,0.4508651036008554,0.2362951225737141
2094,3,1,34.77200000000005,,13518,"[954, 270]",False,,True,0.0,False,very_strong,False,"[[720, 84], [1044, 102], [828, 300], [1080, 552], [882, 696], [1116, 804]]",,[],,0.4526080017569988,0.22488044250279038
2095,3,1,34.78800000000001,,13518,"[954, 270]",False,,True,0.0,False,very_strong,False,"[[720, 78], [1044, 96], [828, 294], [1080, 546], [882, 690], [1116, 798]]",,[],,0.4526080017569988,0.22488044250279038
2096,3,1,34.805000000000064,,13518,"[954, 270]",False,,True,0.0,False,very_strong,False,"[[720, 72], [1044, 90], [828, 288], [1080, 540], [882, 684], [1116, 792]]",,[],,0.45349818748628434,0.219882884734374
2097,3,1,34.822,,13518,"[954, 270]",False,,True,0.0,False,very_strong,False,"[[720, 66], [1044, 84], [828, 282], [1080, 534], [882, 678], [1116, 786]]",,[],,0.45349818748628434,0.219882884734374
2098,3,1,34.84000000000003,,13518,"[954, 270]",False,,True,0.0,False,very_strong,False,"[[720, 60], [1044, 78], [828, 276], [1080, 528], [882, 672], [1116, 780]]",,[],,0.45944588265654085,0.22317848237027726
2099,3,1,34.855999999999995,,13518,"[954, 270]",False,,True,0.0,False,very_strong,False,"[[720, 54], [1044, 72], [828, 270], [1080, 522], [882, 666], [1116, 774]]",,[],,0.45944588265654085,0.22317848237027726
2100,3,1,34.87300000000005,,13518,"[954, 270]",False,,True,0.0,False,very_strong,False,"[[720, 48], [1044, 66], [828, 264], [1080, 516], [882, 660], [1116, 768]]",,[],,0.45904689069025395,0.22426333175954005
2101,3,1,34.88900000000001,,13518,"[954, 270]",False,,True,0.0,False,very_strong,False,"[[720, 42], [1044, 60], [828, 258], [1080, 510], [882, 654], [1116, 762]]",,[],,0.458939464979313,0.22604815788573562
2102,3,1,34.90600000000006,,13518,"[954, 270]",False,,True,0.0,False,very_strong,False,"[[720, 36], [1044, 54], [828, 252], [1080, 504], [882, 648], [1116, 756]]",,[],,0.45786840443934507,0.2271960526636818
2103,3,1,34.922000000000025,,13518,"[954, 270]",False,,True,0.0,False,very_strong,False,"[[720, 30], [1044, 48], [828, 246], [1080, 498], [882, 642], [1116, 750]]",,[],,0.45786840443934507,0.2271960526636818
2104,3,1,34.938999999999965,,13518,"[954, 270]",False,,True,0.0,False,very_strong,False,"[[720, 24], [1044, 42], [828, 240], [1080, 492], [882, 636], [1116, 744]]",,[],,0.45824140636995975,0.2300164195294615
2105,3,1,34.95600000000002,,13518,"[954, 270]",False,,True,0.0,False,very_strong,False,"[[720, 18], [1044, 36], [828, 234], [1080, 486], [882, 630], [1116, 738]]",,[],,0.45824140636995975,0.2300164195294615
2106,3,1,34.97300000000007,,13518,"[954, 270]",False,,True,0.0,False,very_strong,False,"[[720, 12], [1044, 30], [828, 228], [1080, 480], [882, 624], [1116, 732]]",,[],,0.45763624617361653,0.2357192073509493
2107,3,1,34.99000000000001,,13518,"[954, 270]",False,,True,0.0,False,very_strong,False,"[[720, 6], [1044, 24], [828, 222], [1080, 474], [882, 618], [1116, 726]]",,[],,0.45763624617361653,0.2357192073509493
2108,3,1,35.00599999999997,,13518,"[954, 270]",False,,True,0.0,False,very_strong,False,"[[720, 0], [1044, 18], [828, 216], [1080, 468], [882, 612], [1116, 720]]",,[],,0.4574237384678164,0.23837002408701613
2109,3,1,35.02200000000005,,13518,"[954, 270]",False,,True,0.0,False,very_strong,False,"[[1044, 12], [828, 210], [1080, 462], [882, 606], [1116, 714]]",,[],,0.45771336035842725,0.23915408667723992
2110,3,1,35.03800000000001,,13518,"[954, 270]",False,,True,0.0,False,very_strong,False,"[[1044, 6], [828, 204], [1080, 456], [882, 600], [1116, 708]]",,[],,0.45818236243979926,0.2419081013477512
2111,3,1,35.055000000000064,,13518,"[954, 270]",False,,True,0.0,False,very_strong,False,"[[1044, 0], [828, 198], [1080, 450], [882, 594], [1116, 702]]",,[],,0.45818236243979926,0.2419081013477512
2112,3,1,35.071000000000026,,13518,"[954, 270]",False,,True,0.0,False,very_strong,False,"[[828, 192], [1080, 444], [882, 588], [1116, 696]]",,[],,0.45815050968214194,0.25104503217386265
2113,3,1,35.08699999999999,,13518,"[954, 270]",False,,True,0.0,False,very_strong,False,"[[828, 186], [1080, 438], [882, 582], [1116, 690]]",,[],,0.45810149895023233,0.2526306070299954
2114,3,1,35.10400000000004,,13518,"[954, 270]",False,,True,0.0,False,very_strong,False,"[[828, 180], [1080, 432], [882, 576], [1116, 684]]",,[],,0.4574328786712104,0.25640057579072895
2115,3,1,35.12099999999998,,13518,"[954, 270]",False,,True,0.0,False,very_strong,False,"[[828, 174], [1080, 426], [882, 570], [1116, 678]]",,[],,0.4574328786712104,0.25640057579072895
2116,3,1,35.13700000000006,,13518,"[954, 270]",False,,True,0.0,False,very_strong,False,"[[828, 168], [1080, 420], [882, 564], [1116, 672]]",,[],,0.4569251915311151,0.26025167608855293
2117,3,1,35.153999999999996,,13518,"[954, 270]",False,,True,0.0,False,very_strong,False,"[[828, 162], [1080, 414], [882, 558], [1116, 666]]",,[],,0.4569251915311151,0.26025167608855293
2118,3,1,35.17100000000005,,13518,"[954, 270]",False,,True,0.0,False,very_strong,False,"[[828, 156], [1080, 408], [882, 552], [1116, 660]]",,[],,0.4570336645433756,0.2623684115019902
2119,3,1,35.18799999999999,,13518,"[954, 270]",False,,True,0.0,False,very_strong,False,"[[828, 150], [1080, 402], [882, 546], [1116, 654]]",,[],,0.4570336645433756,0.2623684115019902
2120,3,1,35.20500000000004,,13518,"[954, 270]",False,,True,0.0,False,very_strong,False,"[[828, 144], [1080, 396], [882, 540], [1116, 648]]",,[],,0.45872474242822736,0.2598545974363642
2121,3,1,35.22199999999998,,13518,"[954, 270]",False,,True,0.0,False,very_strong,False,"[[828, 138], [1080, 390], [882, 534], [1116, 642]]",,[],,0.45872474242822736,0.2598545974363642
2122,3,1,35.23900000000003,,13518,"[954, 270]",False,,True,0.0,False,very_strong,False,"[[828, 132], [1080, 384], [882, 528], [1116, 636]]",,[],,0.4588829222757135,0.2604831972668675
2123,3,1,35.25700000000006,,13518,"[954, 270]",False,,True,0.0,False,very_strong,False,"[[828, 126], [1080, 378], [882, 522], [1116, 630]]",,[],,0.4588829222757135,0.2604831972668675
2124,3,1,35.273000000000025,,13518,"[954, 270]",False,,True,0.0,False,very_strong,False,"[[828, 120], [1080, 372], [882, 516], [1116, 624]]",,[],,0.47011158880526177,0.24260624045431256
2125,3,1,35.289999999999964,,13518,"[954, 270]",False,,True,0.0,False,very_strong,False,"[[828, 114], [1080, 366], [882, 510], [1116, 618]]",,[],,0.47011158880526177,0.24260624045431256
2126,3,1,35.307000000000016,,13518,"[954, 270]",False,,True,0.0,False,very_strong,False,"[[828, 108], [1080, 360], [882, 504], [1116, 612]]",,[],,0.46937420909883726,0.24386341171046755
2127,3,1,35.32400000000007,,13518,"[954, 270]",False,,True,0.0,False,very_strong,False,"[[828, 102], [1080, 354], [882, 498], [1116, 606]]",,[],,0.46937420909883726,0.24386341171046755
2128,3,1,35.34000000000003,,13518,"[954, 270]",False,,True,0.0,False,very_strong,False,"[[828, 96], [1080, 348], [882, 492], [1116, 600]]",,[],,0.4689404475165751,0.24795777235555427
2129,3,1,35.355999999999995,,13518,"[954, 270]",False,,True,0.0,False,very_strong,False,"[[828, 90], [1080, 342], [882, 486], [1116, 594]]",,[],,0.4689404475165751,0.24795777235555427
2130,3,1,35.37200000000007,,13518,"[954, 270]",False,,True,0.0,False,very_strong,False,"[[828, 84], [1080, 336], [882, 480], [1116, 588]]",,[],,0.46985519383048624,0.2532506996622568
2131,3,1,35.38900000000001,,13518,"[954, 270]",False,,True,0.0,False,very_strong,False,"[[828, 78], [1080, 330], [882, 474], [1116, 582]]",,[],,0.46985519383048624,0.2532506996622568
2132,3,1,35.40499999999997,,13518,"[954, 270]",False,,True,0.0,False,very_strong,False,"[[828, 72], [1080, 324], [882, 468], [1116, 576]]",,[],,0.4699638332893876,0.25808568497543205
2133,3,1,35.422000000000025,,13518,"[954, 270]",False,,True,0.0,False,very_strong,False,"[[828, 66], [1080, 318], [882, 462], [1116, 570]]",,[],,0.4699638332893876,0.25808568497543205
2134,3,1,35.438999999999965,,13518,"[954, 270]",False,,True,0.0,False,very_strong,False,"[[828, 60], [1080, 312], [882, 456], [1116, 564]]",,[],,0.46945137097802714,0.2592099207963189
2135,3,1,35.45600000000002,,13518,"[954, 270]",False,,True,0.0,False,very_strong,False,"[[828, 54], [1080, 306], [882, 450], [1116, 558]]",,[],,0.46945137097802714,0.2592099207963189
2136,3,1,35.47300000000007,,13518,"[954, 270]",False,Right,True,0.0,False,very_strong,False,"[[828, 48], [1080, 300], [882, 444], [1116, 552]]",,[],,0.469344300890138,0.26078219051554374
2137,3,1,35.49000000000001,,13518,"[954, 270]",False,Right,True,0.0,False,very_strong,False,"[[822, 42], [1074, 294], [876, 438], [1110, 546]]",,[],,0.4687363859254184,0.2609212616438408
2138,3,1,35.504999999999995,,13518,"[954, 270]",False,Right,True,0.0,False,very_strong,False,"[[816, 36], [1068, 288], [870, 432], [1104, 540]]",,[],,0.46885130487675974,0.2649998067307654
2139,3,1,35.52200000000005,,13518,"[954, 270]",False,Right,True,0.0,False,very_strong,False,"[[810, 30], [1062, 282], [864, 426], [1098, 534]]",,[],,0.46885130487675974,0.2649998067307654
2140,3,1,35.53899999999999,,13518,"[954, 270]",False,Right,True,0.0,False,very_strong,False,"[[804, 24], [1056, 276], [858, 420], [1092, 528]]",,[],,0.4679491445313733,0.26707944260715744
2141,3,1,35.55600000000004,,13518,"[954, 270]",False,,True,0.0,False,very_strong,False,"[[798, 18], [1050, 270], [852, 414], [1086, 522]]",,[],,0.4677392756634289,0.26758262446297687
2142,3,1,35.572,,13518,"[954, 270]",False,,True,0.0,False,very_strong,False,"[[798, 12], [1050, 264], [852, 408], [1086, 516]]",,[],,0.4671807129114235,0.2702732683093908
2143,3,1,35.587999999999965,,13518,"[954, 270]",False,,True,0.0,False,very_strong,False,"[[798, 6], [1050, 258], [852, 402], [1086, 510]]",,[],,0.4671807129114235,0.2702732683093908
2144,3,1,35.60500000000002,,13518,"[954, 270]",False,,True,0.0,False,very_strong,False,"[[798, 0], [1050, 252], [852, 396], [1086, 504]]",,[],,0.46559688582857384,0.274797265192779
2145,3,1,35.62200000000007,,13518,"[954, 270]",False,,True,0.0,False,very_strong,False,"[[1050, 246], [852, 390], [1086, 498]]",,[],,0.46559688582857384,0.274797265192779
2146,3,1,35.63900000000001,,13518,"[954, 270]",False,,True,0.0,False,very_strong,False,"[[1050, 240], [852, 384], [1086, 492]]",,[],,0.4649691573725456,0.27819613640372465
2147,3,1,35.65600000000006,,13518,"[954, 270]",False,,True,0.0,False,very_strong,False,"[[1050, 234], [852, 378], [1086, 486]]",,[],,0.46471793611835455,0.2780268853628787
2148,3,1,35.672000000000025,,13518,"[954, 270]",False,,True,0.0,False,very_strong,False,"[[1050, 228], [852, 372], [1086, 480]]",,[],,0.46449304589857227,0.27922805915012505
2149,3,1,35.68700000000001,,13518,"[954, 270]",False,,True,0.0,False,very_strong,False,"[[1050, 222], [852, 366], [1086, 474]]",,[],,0.46449304589857227,0.27922805915012505
2150,3,1,35.702999999999975,,13518,"[954, 270]",False,,True,0.0,False,very_strong,False,"[[1050, 216], [852, 360], [1086, 468]]",,[],,0.4744176684009818,0.31328214307508695
2151,3,1,35.72000000000003,,13518,"[954, 270]",False,,True,0.0,False,very_strong,False,"[[1050, 210], [852, 354], [1086, 462]]",,[],,0.4744176684009818,0.31328214307508695
2152,3,1,35.736999999999966,,13518,"[954, 270]",False,,True,0.0,False,very_strong,False,"[[1050, 204], [852, 348], [1086, 456]]",,[],,0.46442211153481344,0.28422736510429125
2153,3,1,35.75300000000004,,13518,"[954, 270]",False,,True,0.0,False,very_strong,False,"[[1050, 198], [852, 342], [1086, 450]]",,[],,0.4646618208897033,0.28888311203999895
2154,3,1,35.77100000000007,,13518,"[954, 270]",False,,True,0.0,False,very_strong,False,"[[1050, 192], [852, 336], [1086, 444]]",,[],,0.46542398454558126,0.29294906878144034
2155,3,1,35.787000000000035,,13518,"[954, 270]",False,,True,0.0,False,very_strong,False,"[[1050, 186], [852, 330], [1086, 438]]",,[],,0.46542398454558126,0.29294906878144034
2156,3,1,35.803999999999974,,13518,"[954, 270]",False,,True,0.0,False,very_strong,False,"[[1050, 180], [852, 324], [1086, 432]]",,[],,0.4654203898449537,0.29299566905656727
2157,3,1,35.82000000000005,,13518,"[954, 270]",False,,True,0.0,False,very_strong,False,"[[1050, 174], [852, 318], [1086, 426]]",,[],,0.4659141816370096,0.2936539881171042
2158,3,1,35.83699999999999,,13518,"[954, 270]",False,,True,0.0,False,very_strong,False,"[[1050, 168], [852, 312], [1086, 420]]",,[],,0.42181480132190313,0.2875215385208436
2159,3,1,35.853000000000065,,13518,"[954, 270]",False,,True,0.0,False,very_strong,False,"[[1050, 162], [852, 306], [1086, 414]]",,[],,0.4776588764012101,0.3193065607274317
2160,3,1,35.86900000000003,,13518,"[954, 270]",False,,True,0.0,False,very_strong,False,"[[1050, 156], [852, 300], [1086, 408]]",,[],,0.42142776431901235,0.2984211583719457
2161,3,1,35.88599999999997,,13518,"[954, 270]",False,,True,0.0,False,very_strong,False,"[[1050, 150], [852, 294], [1086, 402]]",,[],,0.47705346164817275,0.318773193876732
2162,3,1,35.90300000000002,,13518,"[954, 270]",False,,True,0.0,False,very_strong,False,"[[1050, 144], [852, 288], [1086, 396]]",,[],,0.45666184337935595,0.27905128616954
2163,3,1,35.92000000000007,,13518,"[954, 270]",False,,True,0.0,False,very_strong,False,"[[1050, 138], [852, 282], [1086, 390]]",,[],,0.45298144590762507,0.2685312978967451
2164,3,1,35.93700000000001,,13518,"[954, 270]",False,,True,0.0,False,very_strong,False,"[[1050, 132], [852, 276], [1086, 384]]",,[],,0.453444694004154,0.2707466410826923
2165,3,1,35.954000000000065,,13518,"[954, 270]",False,,True,0.0,False,very_strong,False,"[[1050, 126], [852, 270], [1086, 378]]",,[],,0.453063342497318,0.2714959525829248
2166,3,1,35.97000000000003,,13518,"[954, 270]",False,,True,0.0,False,very_strong,False,"[[1050, 120], [852, 264], [1086, 372]]",,[],,0.4538837958786798,0.27593880315170793
2167,3,1,35.986999999999966,,13518,"[954, 270]",False,,True,0.0,False,very_strong,False,"[[1050, 114], [852, 258], [1086, 366]]",,[],,0.4549356012557334,0.2765814243825824
2168,3,1,36.00300000000004,,13518,"[954, 270]",False,,True,0.0,False,very_strong,False,"[[1050, 108], [852, 252], [1086, 360]]",,[],,0.4564778477730543,0.27900456886312286
2169,3,1,36.02100000000007,,13518,"[954, 270]",False,,True,0.0,False,very_strong,False,"[[1050, 102], [852, 246], [1086, 354]]",,[],,0.4568049271329896,0.2813903372829275
2170,3,1,36.03800000000001,,13518,"[954, 270]",False,,True,0.0,False,very_strong,False,"[[1050, 96], [852, 240], [1086, 348]]",,[],,0.4564407476340236,0.28271929536321094
2171,3,1,36.055000000000064,,13518,"[954, 270]",False,,True,0.0,False,very_strong,False,"[[1050, 90], [852, 234], [1086, 342]]",,[],,0.4557794413264028,0.28204212483220326
2172,3,1,36.071000000000026,,13518,"[954, 270]",False,,True,0.0,False,very_strong,False,"[[1050, 84], [852, 228], [1086, 336]]",,[],,0.45556328744343755,0.28176882438805484
2173,3,1,36.08699999999999,,13518,"[954, 270]",False,,True,0.0,False,very_strong,False,"[[1050, 78], [852, 222], [1086, 330]]",,[],,0.45527871566673445,0.28154563755290907
2174,3,1,36.103000000000065,,13518,"[954, 270]",False,,True,0.0,False,very_strong,False,"[[1050, 72], [852, 216], [1086, 324]]",,[],,0.45441390683666816,0.28113844896778617
2175,3,1,36.120000000000005,,13518,"[954, 270]",False,,True,0.0,False,very_strong,False,"[[1050, 66], [852, 210], [1086, 318]]",,[],,0.45405205982256713,0.28331821264251855
2176,3,1,36.13599999999997,,13518,"[954, 270]",False,,True,0.0,False,very_strong,False,"[[1050, 60], [852, 204], [1086, 312]]",,[],,0.45390235389158856,0.2855765712969718
2177,3,1,36.152000000000044,,13518,"[954, 270]",False,,True,0.0,False,very_strong,False,"[[1050, 54], [852, 198], [1086, 306]]",,[],,0.45405536888512443,0.2864075282072618
2178,3,1,36.168000000000006,,13518,"[954, 270]",False,,True,0.0,False,very_strong,False,"[[1050, 48], [852, 192], [1086, 300]]",,[],,0.45405536888512443,0.2864075282072618
2179,3,1,36.18500000000006,,13518,"[954, 270]",False,,True,0.0,False,very_strong,False,"[[1050, 42], [852, 186], [1086, 294]]",,[],,0.45396954761001335,0.28625009692440484
2180,3,1,36.20100000000002,,13518,"[954, 270]",False,,True,0.0,False,very_strong,False,"[[1050, 36], [852, 180], [1086, 288]]",,[],,0.4537763994039172,0.2850336609826024
2181,3,1,36.218000000000075,,13518,"[954, 270]",False,,True,0.0,False,very_strong,False,"[[1050, 30], [852, 174], [1086, 282]]",,[],,0.4465362515385105,0.24022623292334833
2182,3,1,36.235000000000014,,13518,"[954, 270]",False,,True,0.0,False,very_strong,False,"[[1050, 24], [852, 168], [1086, 276]]",,[],,0.44591469520885446,0.23991928147106556
2183,3,1,36.252000000000066,,13518,"[954, 270]",False,,True,0.0,False,very_strong,False,"[[1050, 18], [852, 162], [1086, 270]]",,[],,0.4477152706644597,0.24000581582197011
2184,3,1,36.26800000000003,,13518,"[954, 270]",False,,True,0.0,False,very_strong,False,"[[1050, 12], [852, 156], [1086, 264]]",,[],,0.4477152706644597,0.24000581582197011
2185,3,1,36.28600000000006,,13518,"[954, 270]",False,,True,0.0,False,very_strong,False,"[[1050, 6], [852, 150], [1086, 258]]",,[],,0.45079332590805576,0.23700480306262905
2186,3,1,36.303,,13518,"[954, 270]",False,,True,0.0,False,very_strong,False,"[[1050, 0], [852, 144], [1086, 252]]",,[],,0.4520481343331344,0.2384887003212406
2187,3,1,36.32000000000005,,13518,"[954, 270]",False,,True,0.0,False,very_strong,False,"[[852, 138], [1086, 246]]",,[],,0.45343833349022306,0.24157296401062622
2188,3,1,36.33600000000001,,13518,"[954, 270]",False,,True,0.0,False,very_strong,False,"[[852, 132], [1086, 240]]",,[],,0.45343833349022306,0.24157296401062622
2189,3,1,36.351999999999975,,13518,"[954, 270]",False,,True,0.0,False,very_strong,False,"[[852, 126], [1086, 234]]",,[],,0.45430895496134616,0.24540245586535214
2190,3,1,36.36800000000005,,13518,"[954, 270]",False,,True,0.0,False,very_strong,False,"[[852, 120], [1086, 228]]",,[],,0.45430895496134616,0.24540245586535214
2191,3,1,36.38499999999999,,13518,"[954, 270]",False,,True,0.0,False,very_strong,False,"[[852, 114], [1086, 222]]",,[],,0.45500912692067363,0.24918591986218952
2192,3,1,36.40100000000007,,13518,"[954, 270]",False,,True,0.0,False,very_strong,False,"[[852, 108], [1086, 216]]",,[],,0.4552203122838203,0.24974117288940378
2193,3,1,36.41700000000003,,13518,"[954, 270]",False,,True,0.0,False,very_strong,False,"[[852, 102], [1086, 210]]",,[],,0.4553097860439575,0.2511133443324509
2194,3,1,36.43399999999997,,13518,"[954, 270]",False,,True,0.0,False,very_strong,False,"[[852, 96], [1086, 204]]",,[],,0.4553097860439575,0.2511133443324509
2195,3,1,36.452,,13518,"[954, 270]",False,,True,0.0,False,very_strong,False,"[[852, 90], [1086, 198]]",,[],,0.4535866264887239,0.25699512640968014
2196,3,1,36.468000000000075,,13518,"[954, 270]",False,Left,True,0.0,False,very_strong,False,"[[852, 84], [1086, 192]]",,[],,0.4535866264887239,0.25699512640968014
2197,3,1,36.48400000000004,,13518,"[954, 270]",False,Left,True,0.0,False,very_strong,False,"[[858, 78], [1092, 186]]",,[],,0.45359051607870987,0.2585229379859647
2198,3,1,36.5,,13518,"[954, 270]",False,Left,True,0.0,False,very_strong,False,"[[864, 72], [1098, 180]]",,[],,0.45359051607870987,0.2585229379859647
2199,3,1,36.516000000000076,,13518,"[954, 270]",False,Left,True,0.0,False,very_strong,False,"[[870, 66], [1104, 174]]",,[],,0.45374684798189013,0.26716523344481025
2200,3,1,36.533000000000015,,13518,"[954, 270]",False,Left,True,0.0,False,very_strong,False,"[[876, 60], [1110, 168]]",,[],,0.45374684798189013,0.26716523344481025
2201,3,1,36.54899999999998,,13518,"[954, 270]",False,Left,True,0.0,False,very_strong,False,"[[882, 54], [1116, 162]]",,[],,0.45444557726040946,0.26885625559166315
2202,3,1,36.565000000000055,,13518,"[954, 270]",False,Left,True,0.0,False,very_strong,False,"[[888, 48], [1122, 156]]",,[],,0.45444557726040946,0.26885625559166315
2203,3,1,36.581999999999994,,13518,"[954, 270]",False,Left,True,0.0,False,very_strong,False,"[[894, 42], [1128, 150]]",,[],,0.45267181370110665,0.2343182762968703
2204,3,1,36.599000000000046,,13518,"[954, 270]",False,,True,0.0,False,very_strong,False,"[[900, 36], [1134, 144]]",,[],,0.45267181370110665,0.2343182762968703
2205,3,1,36.61500000000001,,13518,"[954, 270]",False,,True,0.0,False,very_strong,False,"[[900, 30], [1134, 138]]",,[],,0.4535690025638449,0.23431752544404205
2206,3,1,36.63200000000006,,13518,"[954, 270]",False,,True,0.0,False,very_strong,False,"[[900, 24], [1134, 132]]",,[],,0.4535690025638449,0.23431752544404205
2207,3,1,36.649,,13518,"[954, 270]",False,,True,0.0,False,very_strong,False,"[[900, 18], [1134, 126]]",,[],,0.45538060952777554,0.2315913676175072
2208,3,1,36.66700000000003,,13518,"[954, 270]",False,,True,0.0,False,very_strong,False,"[[900, 12], [1134, 120]]",,[],,0.45538060952777554,0.2315913676175072
2209,3,1,36.68399999999997,,13518,"[954, 270]",False,,True,0.0,False,very_strong,False,"[[900, 6], [1134, 114]]",,[],,0.45678943338448497,0.23735776155007848
2210,3,1,36.700000000000045,,13518,"[954, 270]",False,,True,0.0,False,very_strong,False,"[[900, 0], [1134, 108]]",,[],,0.45678943338448497,0.23735776155007848
2211,3,1,36.71600000000001,,13518,"[954, 270]",False,,True,0.0,False,very_strong,False,"[[1134, 102]]",,[],,0.45589532806412486,0.23910283523247144
2212,3,1,36.73199999999997,,13518,"[954, 270]",False,,True,0.0,False,very_strong,False,"[[1134, 96]]",,[],,0.4561421153711455,0.24011518824112743
2213,3,1,36.74800000000005,,13518,"[954, 270]",False,,True,0.0,False,very_strong,False,"[[1134, 90]]",,[],,0.45544114693743276,0.24172325482763124
2214,3,1,36.764999999999986,,13518,"[954, 270]",False,,True,0.0,False,very_strong,False,"[[1134, 84]]",,[],,0.45544114693743276,0.24172325482763124
2215,3,1,36.78100000000006,,13518,"[954, 270]",False,,True,0.0,False,very_strong,False,"[[1134, 78]]",,[],,0.45416522491643346,0.2421407374943476
2216,3,1,36.797000000000025,,13518,"[954, 270]",False,,True,0.0,False,very_strong,False,"[[1134, 72]]",,[],,0.45416522491643346,0.2421407374943476
2217,3,1,36.813999999999965,,13518,"[954, 270]",False,,True,0.0,False,very_strong,False,"[[1134, 66]]",,[],,0.45554351123665404,0.24211799999785455
2218,3,1,36.83000000000004,,13518,"[954, 270]",False,,True,0.0,False,very_strong,False,"[[1134, 60]]",,[],,0.45554351123665404,0.24211799999785455
2219,3,1,36.84699999999998,,13518,"[954, 270]",False,,True,0.0,False,very_strong,False,"[[1134, 54]]",,[],,0.45890064375217443,0.23333769682793204
2220,3,1,36.86400000000003,,13518,"[954, 270]",False,,True,0.0,False,very_strong,False,"[[1134, 48]]",,[],,0.45890064375217443,0.23333769682793204
2221,3,1,36.88099999999997,,13518,"[954, 270]",False,,True,0.0,False,very_strong,False,"[[1134, 42]]",,[],,0.4825248377113792,0.18030240730435532
2222,3,1,36.89700000000005,,13518,"[954, 270]",False,,True,0.0,False,very_strong,False,"[[1134, 36]]",,[],,0.4819506826081046,0.18221427424177616
2223,3,1,36.91300000000001,,13518,"[954, 270]",False,,True,0.0,False,very_strong,False,"[[1134, 30]]",,[],,0.48257779538855783,0.1821668186699955
2224,3,1,36.930000000000064,,13518,"[954, 270]",False,,True,0.0,False,very_strong,False,"[[1134, 24]]",,[],,0.48257779538855783,0.1821668186699955
2225,3,1,36.947,,13518,"[954, 270]",False,,True,0.0,False,very_strong,False,"[[1134, 18]]",,[],,0.4836382443912669,0.1811760259582883
2226,3,1,36.962999999999965,,13518,"[954, 270]",False,,True,0.0,False,very_strong,False,"[[1134, 12]]",,[],,0.4836382443912669,0.1811760259582883
2227,3,1,36.98000000000002,,13518,"[954, 270]",False,,True,0.0,False,very_strong,False,"[[1134, 6]]",,[],,0.4843964014353193,0.18465944172955406
2228,3,1,36.99599999999998,,13518,"[954, 270]",False,,True,0.0,False,very_strong,False,"[[1134, 0]]",,[],,0.4847563305317696,0.1858872328317409
2229,3,1,37.01200000000006,,13518,"[954, 270]",False,,True,0.0,False,very_strong,False,[],,[],,0.4861741066472824,0.18759577167914376
2230,3,1,37.028999999999996,,13518,"[954, 270]",False,,True,0.0,False,very_strong,False,[],,[],,0.4861741066472824,0.18759577167914376
2231,3,1,37.04500000000007,,13518,"[954, 270]",False,,True,0.0,False,very_strong,False,[],,[],,0.48616457919971845,0.1941312668559776
2232,3,1,37.061000000000035,,13518,"[954, 270]",False,,True,0.0,False,very_strong,False,[],,[],,0.4860810107899879,0.19836844619858562
2233,3,1,37.077999999999975,,13518,"[954, 270]",False,,True,0.0,False,very_strong,False,[],,[],,0.48529147367199865,0.20605059532044845
2234,3,1,37.09400000000005,,13518,"[954, 270]",False,,True,0.0,False,very_strong,False,[],,[],,0.4857393433091506,0.2071648759286031
2235,3,1,37.11099999999999,,13518,"[954, 270]",False,,True,0.0,False,very_strong,False,[],,[],,0.48471812681107895,0.2186908118171892
2236,3,1,37.127000000000066,,13518,"[954, 270]",False,,True,0.0,False,very_strong,False,[],,[],,0.48471812681107895,0.2186908118171892
2237,3,1,37.14300000000003,,13518,"[954, 270]",False,,True,0.0,False,very_strong,False,[],,[],,0.48431246378462633,0.2226505382413113
2238,3,1,37.15899999999999,,13518,"[954, 270]",False,,True,0.0,False,very_strong,False,[],,[],,0.48376054450993544,0.22831701868081278
2239,3,1,37.176000000000045,,13518,"[954, 270]",False,,True,0.0,False,very_strong,False,[],,[],,0.4831921221921789,0.23130673079803965
2240,3,1,37.192999999999984,,13518,"[954, 270]",False,,True,0.0,False,very_strong,False,[],,[],,0.48000967268434963,0.23754036397006562
2241,3,1,37.20900000000006,,13518,"[954, 270]",False,,True,0.0,False,very_strong,False,[],,[],,0.4687381552299403,0.22644848720696742
2242,3,1,37.22500000000002,,13518,"[954, 270]",False,,True,0.0,False,very_strong,False,[],,[],,0.46832547844959305,0.2273696917058855
2243,3,1,37.242000000000075,,13518,"[954, 270]",False,,True,0.0,False,very_strong,False,[],,[],,0.467712068249267,0.22926992851545958
2244,3,1,37.25800000000004,,13518,"[954, 270]",False,,True,0.0,False,very_strong,False,[],,[],,0.4653498818818164,0.23182748011165333
2245,3,1,37.27499999999998,,13518,"[954, 270]",False,,True,0.0,False,very_strong,False,[],,[],,0.46387405396201115,0.23404489204521595
2246,3,1,37.29200000000003,,13518,"[954, 270]",False,,True,0.0,False,very_strong,False,[],,[],,0.46082170529498157,0.24112367532579682
2247,3,1,37.30799999999999,,13518,"[954, 270]",False,,True,0.0,False,very_strong,False,[],,[],,0.46082170529498157,0.24112367532579682
2248,3,1,37.325000000000045,,13518,"[954, 270]",False,,True,0.0,False,very_strong,False,[],,[],,0.457160976650146,0.2486711366942005
2249,3,1,37.34100000000001,,13518,"[954, 270]",False,,True,0.0,False,very_strong,False,[],,[],,0.4569304403436867,0.2492075440685192
2250,3,1,37.35699999999997,,13518,"[954, 270]",False,,True,0.0,False,very_strong,False,[],,[],,0.4564180288344467,0.25464355295789687
2251,3,1,37.37300000000005,,13518,"[954, 270]",False,,True,0.0,False,very_strong,False,[],,[],,0.45662961414872216,0.25543325487183166
2252,3,1,37.38900000000001,,13518,"[954, 270]",False,,True,0.0,False,very_strong,False,[],,[],,0.4558123229406849,0.2579975064162989
2253,3,1,37.40499999999997,,13518,"[954, 270]",False,,True,0.0,False,very_strong,False,[],,[],,0.4558123229406849,0.2579975064162989
2254,3,1,37.42100000000005,,13518,"[954, 270]",False,,True,0.0,False,very_strong,False,[],,[],,0.45525116118538955,0.26221498675328025
2255,3,1,37.43799999999999,,13518,"[954, 270]",False,,True,0.0,False,very_strong,False,[],,[],,0.45525116118538955,0.26221498675328025
2256,3,1,37.45500000000004,,13518,"[954, 270]",False,,True,0.0,False,very_strong,False,[],,[],,0.4565498108095021,0.28139680072413453
2257,3,1,37.47199999999998,,13518,"[954, 270]",False,,True,0.0,False,very_strong,False,[],,[],,0.4565498108095021,0.28139680072413453
2258,3,1,37.48900000000003,,13518,"[954, 270]",False,,True,0.0,False,very_strong,False,[],,[],,0.4574864606637573,0.28337586799707215
2259,3,1,37.50599999999997,,13518,"[954, 270]",False,,True,0.0,False,very_strong,False,[],,[],,0.4574864606637573,0.28337586799707215
2260,3,1,37.52200000000005,,13518,"[954, 270]",False,,True,0.0,False,very_strong,False,[],,[],,0.4603103178250686,0.278370344249928
2261,3,1,37.53899999999999,,13518,"[954, 270]",False,,True,0.0,False,very_strong,False,[],,[],,0.4603103178250686,0.278370344249928
2262,3,1,37.555000000000064,,13518,"[954, 270]",False,,True,0.0,False,very_strong,False,[],,[],,0.4600753102247748,0.27909586412352483
2263,3,1,37.571000000000026,,13518,"[954, 270]",False,,True,0.0,False,very_strong,False,[],,[],,0.4600753102247748,0.27909586412352483
2264,3,1,37.587999999999965,,13518,"[954, 270]",False,,True,0.0,False,very_strong,False,[],,[],,0.4598613499338019,0.28283810370209383
2265,3,1,37.60400000000004,,13518,"[954, 270]",False,,True,0.0,False,very_strong,False,[],,[],,0.4598613499338019,0.28283810370209383
2266,3,1,37.62099999999998,,13518,"[954, 270]",False,,True,0.0,False,very_strong,False,[],,[],,0.4596260795509936,0.2844782510465693
2267,3,1,37.63700000000006,,13518,"[954, 270]",False,,True,0.0,False,very_strong,False,[],,[],,0.4596260795509936,0.2844782510465693
2268,3,1,37.65300000000002,,13518,"[954, 270]",False,,True,0.0,False,very_strong,False,[],,[],,0.46003203365251466,0.2852526737048273
2269,3,1,37.66899999999998,,13518,"[954, 270]",False,,True,0.0,False,very_strong,False,[],,[],,0.46003203365251466,0.2852526737048273
2270,3,1,37.686000000000035,,13518,"[954, 270]",False,,True,0.0,False,very_strong,False,[],,[],,0.46161121806068267,0.28739463421904154
2271,3,1,37.702999999999975,,13518,"[954, 270]",False,,True,0.0,False,very_strong,False,[],,[],,0.46161121806068267,0.28739463421904154
2272,3,1,37.72000000000003,,13518,"[954, 270]",False,,True,0.0,False,very_strong,False,[],,[],,0.46233197512998503,0.29062007265652656
2273,3,1,37.736999999999966,,13518,"[954, 270]",False,,True,0.0,False,very_strong,False,[],,[],,0.46233197512998503,0.29062007265652656
2274,3,1,37.75300000000004,,13518,"[954, 270]",False,,True,0.0,False,very_strong,False,[],,[],,0.46404821477420544,0.2915549488734497
2275,3,1,37.769000000000005,,13518,"[954, 270]",False,,True,0.0,False,very_strong,False,[],,[],,0.46404821477420544,0.2915549488734497
2276,3,1,37.78600000000006,,13518,"[954, 270]",False,,True,0.0,False,very_strong,False,[],,[],,0.4655854240970892,0.29392749824677655
2277,3,1,37.803,,13518,"[954, 270]",False,,True,0.0,False,very_strong,False,[],,[],,0.4655854240970892,0.29392749824677655
2278,3,1,37.82000000000005,,13518,"[954, 270]",False,,True,0.0,False,very_strong,False,[],,[],,0.4662449429501784,0.29550102087687735
2279,3,1,37.83600000000001,,13518,"[954, 270]",False,,True,0.0,False,very_strong,False,[],,[],,0.4662449429501784,0.29550102087687735
2280,3,1,37.853000000000065,,13518,"[954, 270]",False,,True,0.0,False,very_strong,False,[],,[],,0.4670972699232947,0.29769676908096554
2281,3,1,37.870000000000005,,13518,"[954, 270]",False,,True,0.0,False,very_strong,False,[],,[],,0.4670972699232947,0.29769676908096554
2282,3,1,37.88599999999997,,13518,"[954, 270]",False,,True,0.0,False,very_strong,False,[],,[],,0.4664406557147364,0.29762808717463063
2283,3,1,37.90300000000002,,13518,"[954, 270]",False,,True,0.0,False,very_strong,False,[],,[],,0.4664406557147364,0.29762808717463063
2284,3,1,37.92000000000007,,13518,"[954, 270]",False,,True,0.0,False,very_strong,False,[],,[],,0.4663548916536294,0.29889739134075266
2285,3,1,37.936000000000035,,13518,"[954, 270]",False,,True,0.0,False,very_strong,False,[],,[],,0.4661620170359657,0.30103703388498426
2286,3,1,37.952999999999975,,13518,"[954, 270]",False,,True,0.0,False,very_strong,False,[],,[],,0.46638768843750267,0.30330789165852956
2287,3,1,37.96900000000005,,13518,"[954, 270]",False,,True,0.0,False,very_strong,False,[],,[],,0.46638768843750267,0.30330789165852956
2288,3,1,37.98599999999999,,13518,"[954, 270]",False,,True,0.0,False,very_strong,False,[],,[],,0.46717281803610017,0.30685855236314563
2289,3,1,38.00300000000004,,13518,"[954, 270]",False,,True,0.0,False,very_strong,False,[],,[],,0.46717281803610017,0.30685855236314563
2290,3,1,38.019000000000005,,13518,"[954, 270]",False,,True,0.0,False,very_strong,False,[],,[],,0.467791466198924,0.30976499129398816
2291,3,1,38.03499999999997,,13518,"[954, 270]",False,,True,0.0,False,very_strong,False,[],,[],,0.46799822174642547,0.3107893299560237
2292,3,1,38.051000000000045,,13518,"[954, 270]",False,,True,0.0,False,very_strong,False,[],,[],,0.4674329039998918,0.3160844025365801
2293,3,1,38.067999999999984,,13518,"[954, 270]",False,,True,0.0,False,very_strong,False,[],,[],,0.4674329039998918,0.3160844025365801
2294,3,1,38.085000000000036,,13518,"[954, 270]",False,,True,0.0,False,very_strong,False,[],,[],,0.466570257180574,0.31966238641351474
2295,3,1,38.101999999999975,,13518,"[954, 270]",False,,True,0.0,False,very_strong,False,[],,[],,0.466104726745321,0.3208307494650743
2296,3,1,38.120000000000005,,13518,"[954, 270]",False,,True,0.0,False,very_strong,False,[],,[],,0.4649925742558775,0.32326514090739755
2297,3,1,38.13599999999997,,13518,"[954, 270]",False,,True,0.0,False,very_strong,False,[],,[],,0.4649563787047023,0.3232865175924341
2298,3,1,44.476999999999975,,13518,"[954, 270]",False,,True,0.0,True,very_strong,False,[],,[],4,0.45861721036220005,0.35678899222709004
