,trial,attempt,time_played,time_tag,level_size_y,player_pos,collision,current_input,drift_enabled,current_drift,level_done,input_noise_magnitude,input_noise_on,visible_obstacles,adjacent_wall_tiles_x_pos,visible_drift_tiles,SoC,gaze_x,gaze_y
0,3,3,0.0,,13518,"[954, -86]",False,,True,0.0,False,medium,False,[],,[],,0.4540394920438697,0.3741075972467661
1,3,3,0.01599999999996271,,13518,"[954, -82]",False,,True,0.0,False,medium,False,[],,[],,0.4540394920438697,0.3741075972467661
2,3,3,0.03300000000001546,,13518,"[954, -78]",False,,True,0.0,False,medium,False,[],,[],,0.45326116866425376,0.37422991563835306
3,3,3,0.049999999999954525,,13518,"[954, -74]",False,,True,0.0,False,medium,False,[],,[],,0.45326116866425376,0.37422991563835306
4,3,3,0.06799999999998363,,13518,"[954, -70]",False,,True,0.0,False,medium,False,[],,[],,0.45120201609573884,0.3751651464448278
5,3,3,0.08500000000003638,,13518,"[954, -66]",False,,True,0.0,False,medium,False,[],,[],,0.45120201609573884,0.3751651464448278
6,3,3,0.10099999999999909,,13518,"[954, -62]",False,,True,0.0,False,medium,False,[],,[],,-0.03575103531505199,0.22527100538842826
7,3,3,0.11799999999993815,,13518,"[954, -58]",False,,True,0.0,False,medium,False,[],,[],,-0.03575103531505199,0.22527100538842826
8,3,3,0.13400000000001455,,13518,"[954, -54]",False,,True,0.0,False,medium,False,[],,[],,0.4492800044158064,0.3758475712868522
9,3,3,0.15099999999995362,,13518,"[954, -50]",False,,True,0.0,False,medium,False,[],,[],,0.4492800044158064,0.3758475712868522
10,3,3,0.16800000000000637,,13518,"[954, -46]",False,,True,0.0,False,medium,False,[],,[],,0.44962196072530886,0.3768219170953878
11,3,3,0.18499999999994543,,13518,"[954, -42]",False,,True,0.0,False,medium,False,[],,[],,0.44962196072530886,0.3768219170953878
12,3,3,0.20199999999999818,,13518,"[954, -38]",False,,True,0.0,False,medium,False,[],,[],,0.4510219501228406,0.3778964791203179
13,3,3,0.21899999999993724,,13518,"[954, -34]",False,,True,0.0,False,medium,False,[],,[],,0.4510219501228406,0.3778964791203179
14,3,3,0.23599999999999,,13518,"[954, -30]",False,,True,0.0,False,medium,False,[],,[],,-0.02832971107056297,0.17760957115628506
15,3,3,0.25299999999992906,,13518,"[954, -26]",False,,True,0.0,False,medium,False,[],,[],,-0.02832971107056297,0.17760957115628506
16,3,3,0.2699999999999818,,13518,"[954, -22]",False,,True,0.0,False,medium,False,[],,[],,-0.03447686123710776,0.22965982573773924
17,3,3,0.28700000000003456,,13518,"[954, -18]",False,,True,0.0,False,medium,False,[],,[],,-0.03447686123710776,0.22965982573773924
18,3,3,0.30299999999999727,,13518,"[954, -14]",False,,True,0.0,False,medium,False,[],,[],,0.4539622384253704,0.3794641885805202
19,3,3,0.31899999999996,,13518,"[954, -10]",False,,True,0.0,False,medium,False,[],,[],,0.4539622384253704,0.3794641885805202
20,3,3,0.33600000000001273,,13518,"[954, -6]",False,,True,0.0,False,medium,False,[],,[],,0.4540195488208124,0.3788344000170236
21,3,3,0.3529999999999518,,13518,"[954, -2]",False,,True,0.0,False,medium,False,[],,[],,0.4540195488208124,0.3788344000170236
22,3,3,0.37000000000000455,,13518,"[954, 2]",False,,True,0.0,False,medium,False,[],,[],,0.43005557654590837,0.3924875088718355
23,3,3,0.3869999999999436,,13518,"[954, 6]",False,,True,0.0,False,medium,False,[],,[],,0.43005557654590837,0.3924875088718355
24,3,3,0.40399999999999636,,13518,"[954, 10]",False,,True,0.0,False,medium,False,[],,[],,0.4317984790448556,0.36966256953682874
25,3,3,0.4199999999999591,,13518,"[954, 14]",False,,True,0.0,False,medium,False,[],,[],,0.4317984790448556,0.36966256953682874
26,3,3,0.4379999999999882,,13518,"[954, 18]",False,,True,0.0,False,medium,False,[],,[],,0.433171191947769,0.36416263396752613
27,3,3,0.4539999999999509,,13518,"[954, 22]",False,,True,0.0,False,medium,False,[],,[],,0.433171191947769,0.36416263396752613
28,3,3,0.47100000000000364,,13518,"[954, 26]",False,,True,0.0,False,medium,False,[],,[],,0.4350075407500401,0.36113547090326703
29,3,3,0.4879999999999427,,13518,"[954, 30]",False,,True,0.0,False,medium,False,[],,[],,0.4350075407500401,0.36113547090326703
30,3,3,0.5040000000000191,,13518,"[954, 34]",False,,True,0.0,False,medium,False,[],,[],,0.43449081395871253,0.3627787651894273
31,3,3,0.5209999999999582,,13518,"[954, 38]",False,,True,0.0,False,medium,False,[],,[],,0.43449081395871253,0.3627787651894273
32,3,3,0.5380000000000109,,13518,"[954, 42]",False,,True,0.0,False,medium,False,[],,[],,0.43486397558484635,0.3642276472050203
33,3,3,0.5539999999999736,,13518,"[954, 46]",False,,True,0.0,False,medium,False,[],,[],,0.43486397558484635,0.3642276472050203
34,3,3,0.5699999999999363,,13518,"[954, 50]",False,,True,0.0,False,medium,False,[],,[],,0.4351351999820123,0.3667315291812272
35,3,3,0.5869999999999891,,13518,"[954, 54]",False,,True,0.0,False,medium,False,[],,[],,0.4351351999820123,0.3667315291812272
36,3,3,0.6039999999999281,,13518,"[954, 58]",False,,True,0.0,False,medium,False,[],,[],,0.4415857815778068,0.3671172673552926
37,3,3,0.6200000000000045,,13518,"[954, 62]",False,,True,0.0,False,medium,False,[],,[],,0.4415857815778068,0.3671172673552926
38,3,3,0.6359999999999673,,13518,"[954, 66]",False,,True,0.0,False,medium,False,[],,[],,0.44259401310575325,0.37262657276114086
39,3,3,0.65300000000002,,13518,"[954, 70]",False,,True,0.0,False,medium,False,[],,[],,0.44259401310575325,0.37262657276114086
40,3,3,0.6699999999999591,,13518,"[954, 74]",False,,True,0.0,False,medium,False,[],,[],,0.5310056137066772,0.2533306153230759
41,3,3,0.6870000000000118,,13518,"[954, 78]",False,,True,0.0,False,medium,False,[],,[],,0.5310056137066772,0.2533306153230759
42,3,3,0.7029999999999745,,13518,"[954, 82]",False,,True,0.0,False,medium,False,[],,[],,0.44249622713426395,0.31209607159160013
43,3,3,0.7200000000000273,,13518,"[954, 86]",False,,True,0.0,False,medium,False,[],,[],,0.44249622713426395,0.31209607159160013
44,3,3,0.7379999999999427,,13518,"[954, 90]",False,,True,0.0,False,medium,False,[],,[],,-0.045439573891403205,0.32131467854150686
45,3,3,0.7549999999999955,,13518,"[954, 94]",False,,True,0.0,False,medium,False,[],,[],,-0.045439573891403205,0.32131467854150686
46,3,3,0.7719999999999345,,13518,"[954, 98]",False,,True,0.0,False,medium,False,[],,[],,0.5373717864715915,0.03420129889964485
47,3,3,0.7880000000000109,,13518,"[954, 102]",False,,True,0.0,False,medium,False,[],,[],,0.5373717864715915,0.03420129889964485
48,3,3,0.80499999999995,,13518,"[954, 106]",False,,True,0.0,False,medium,False,[],,[],,0.5419820002422353,0.10974957143534503
49,3,3,0.8210000000000264,,13518,"[954, 110]",False,,True,0.0,False,medium,False,[],,[],,0.5419820002422353,0.10974957143534503
50,3,3,0.8379999999999654,,13518,"[954, 114]",False,,True,0.0,False,medium,False,[],,[],,0.14614932326284585,0.2709689224576689
51,3,3,0.8550000000000182,,13518,"[954, 118]",False,,True,0.0,False,medium,False,[],,[],,0.14614932326284585,0.2709689224576689
52,3,3,0.8729999999999336,,13518,"[954, 122]",False,,True,0.0,False,medium,False,[],,[],,0.4406853174882694,0.42388980510899366
53,3,3,0.88900000000001,,13518,"[954, 126]",False,,True,0.0,False,medium,False,[],,[],,0.4406853174882694,0.42388980510899366
54,3,3,0.9059999999999491,,13518,"[954, 130]",False,,True,0.0,False,medium,False,[],,[],,0.48765752058194084,0.2799009266624799
55,3,3,0.9230000000000018,,13518,"[954, 134]",False,,True,0.0,False,medium,False,[],,[],,0.48765752058194084,0.2799009266624799
56,3,3,0.9389999999999645,,13518,"[954, 138]",False,,True,0.0,False,medium,False,[],,[],,0.4400044803855625,0.42904382389462525
57,3,3,0.9560000000000173,,13518,"[954, 142]",False,,True,0.0,False,medium,False,[],,[],,0.4400044803855625,0.42904382389462525
58,3,3,0.9729999999999563,,13518,"[954, 146]",False,,True,0.0,False,medium,False,[],,[],,0.42452949163096837,0.42833440445202775
59,3,3,0.9890000000000327,,13518,"[954, 150]",False,,True,0.0,False,medium,False,[],,[],,0.42452949163096837,0.42833440445202775
60,3,3,1.0049999999999955,,13518,"[954, 154]",False,,True,0.0,False,medium,False,[],,[],,0.42489624170354884,0.37535340573417153
61,3,3,1.0219999999999345,,13518,"[954, 158]",False,,True,0.0,False,medium,False,[],,[],,0.42489624170354884,0.37535340573417153
62,3,3,1.0389999999999873,,13518,"[954, 162]",False,,True,0.0,False,medium,False,[],,[],,0.4286930997573034,0.3303092050608085
63,3,3,1.05499999999995,,13518,"[954, 166]",False,,True,0.0,False,medium,False,[],,[],,0.4286930997573034,0.3303092050608085
64,3,3,1.0710000000000264,,13518,"[954, 170]",False,,True,0.0,False,medium,False,[],,[],,0.45383662233804667,0.28589379861962194
65,3,3,1.086999999999989,,13518,"[954, 174]",False,,True,0.0,False,medium,False,[],,[],,0.45383662233804667,0.28589379861962194
66,3,3,1.1039999999999281,,13518,"[954, 178]",False,,True,0.0,False,medium,False,[],,[],,0.4917484944954852,0.20289006128691744
67,3,3,1.1200000000000045,,13518,"[954, 182]",False,,True,0.0,False,medium,False,[],,[],,0.4917484944954852,0.20289006128691744
68,3,3,1.1369999999999436,,13518,"[954, 186]",False,,True,0.0,False,medium,False,[],,[],,0.49082505180847147,0.20964059908272537
69,3,3,1.15300000000002,,13518,"[954, 190]",False,,True,0.0,False,medium,False,[],,[],,0.49082505180847147,0.20964059908272537
70,3,3,1.169999999999959,,13518,"[954, 194]",False,,True,0.0,False,medium,False,[],,[],,0.49063565771214374,0.2105699073162256
71,3,3,1.1860000000000355,,13518,"[954, 198]",False,,True,0.0,False,medium,False,[],,[],,0.49063565771214374,0.2105699073162256
72,3,3,1.2029999999999745,,13518,"[954, 202]",False,,True,0.0,False,medium,False,[],,[],,0.4890272257284691,0.21241411000877275
73,3,3,1.2200000000000273,,13518,"[954, 206]",False,,True,0.0,False,medium,False,[],,[],,0.4890272257284691,0.21241411000877275
74,3,3,1.23599999999999,,13518,"[954, 210]",False,,True,0.0,False,medium,False,[],,[],,0.4857106521629769,0.21973131400193313
75,3,3,1.252999999999929,,13518,"[954, 214]",False,,True,0.0,False,medium,False,[],,[],,0.4857106521629769,0.21973131400193313
76,3,3,1.2690000000000055,,13518,"[954, 218]",False,,True,0.0,False,medium,False,[],,[],,0.039931445619796425,0.2730685223410758
77,3,3,1.2859999999999445,,13518,"[954, 222]",False,,True,0.0,False,medium,False,[],,[],,0.039931445619796425,0.2730685223410758
78,3,3,1.3029999999999973,,13518,"[954, 226]",False,,True,0.0,False,medium,False,[],,[],,0.47080129415992333,0.3348408640544991
79,3,3,1.3199999999999363,,13518,"[954, 230]",False,,True,0.0,False,medium,False,[],,[],,0.47080129415992333,0.3348408640544991
80,3,3,1.3360000000000127,,13518,"[954, 234]",False,,True,0.0,False,medium,False,[],,[],,0.46896256846417905,0.3527752553717197
81,3,3,1.3529999999999518,,13518,"[954, 238]",False,,True,0.0,False,medium,False,[],,[],,0.46896256846417905,0.3527752553717197
82,3,3,1.3690000000000282,,13518,"[954, 242]",False,,True,0.0,False,medium,False,[],,[],,0.4717361630307102,0.3744472548397164
83,3,3,1.3859999999999673,,13518,"[954, 246]",False,,True,0.0,False,medium,False,[],,[],,0.4717361630307102,0.3744472548397164
84,3,3,1.40300000000002,,13518,"[954, 250]",False,,True,0.0,False,medium,False,[],,[],,0.4717801417127997,0.3849853302084615
85,3,3,1.4189999999999827,,13518,"[954, 254]",False,,True,0.0,False,medium,False,[],,[],,0.4717801417127997,0.3849853302084615
86,3,3,1.4349999999999454,,13518,"[954, 258]",False,,True,0.0,False,medium,False,[],,[],,0.4731678185801985,0.3880061516901673
87,3,3,1.4519999999999982,,13518,"[954, 262]",False,,True,0.0,False,medium,False,[],,[],,0.4731678185801985,0.3880061516901673
88,3,3,1.467999999999961,,13518,"[954, 266]",False,,True,0.0,False,medium,False,[],,[],,0.4720616820954122,0.38808387595167193
89,3,3,1.4850000000000136,,13518,"[954, 270]",False,,True,0.0,False,medium,False,[],,[],,0.4720616820954122,0.38808387595167193
90,3,3,1.5009999999999764,,13518,"[954, 270]",False,,True,0.0,False,medium,False,[],,[],,0.4719288410209768,0.38763243518969914
91,3,3,1.518000000000029,,13518,"[954, 270]",False,,True,0.0,False,medium,False,[],,[],,0.4719288410209768,0.38763243518969914
92,3,3,1.5349999999999682,,13518,"[954, 270]",False,,True,0.0,False,medium,False,[],,[],,0.47133557273978044,0.3874101527495174
93,3,3,1.5509999999999309,,13518,"[954, 270]",False,,True,0.0,False,medium,False,[],,[],,0.47133557273978044,0.3874101527495174
94,3,3,1.5679999999999836,,13518,"[954, 270]",False,,True,0.0,False,medium,False,[],,[],,-0.07006611568803925,0.2826137570007352
95,3,3,1.5839999999999463,,13518,"[954, 270]",False,,True,0.0,False,medium,False,[],,[],,0.47000297465985746,0.3851031171559144
96,3,3,1.600999999999999,,13518,"[954, 270]",False,,True,0.0,False,medium,False,[],,[],,0.46990880542958474,0.3869789415835915
97,3,3,1.6169999999999618,,13518,"[954, 270]",False,,True,0.0,False,medium,False,[],,[],,0.46990880542958474,0.3869789415835915
98,3,3,1.6340000000000146,,13518,"[954, 270]",False,,True,0.0,False,medium,False,[],,[],,-0.07598655959379644,0.28070461888302956
99,3,3,1.6509999999999536,,13518,"[954, 270]",False,,True,0.0,False,medium,False,[],,[],,-0.07598655959379644,0.28070461888302956
100,3,3,1.6680000000000064,,13518,"[954, 270]",False,,True,0.0,False,medium,False,[],,[],,0.47070612833523945,0.3880006928118892
101,3,3,1.6849999999999454,,13518,"[954, 270]",False,,True,0.0,False,medium,False,[],,[],,0.47070612833523945,0.3880006928118892
102,3,3,1.7010000000000218,,13518,"[954, 270]",False,,True,0.0,False,medium,False,[],,[],,0.46925742870618486,0.38567089404026966
103,3,3,1.717999999999961,,13518,"[954, 270]",False,,True,0.0,False,medium,False,[],,[],,0.46925742870618486,0.38567089404026966
104,3,3,1.7339999999999236,,13518,"[954, 270]",False,,True,0.0,False,medium,False,[],,[],,-0.07551838278898773,0.27135478878631636
105,3,3,1.7509999999999764,,13518,"[954, 270]",False,,True,0.0,False,medium,False,[],,[],,-0.026471468742614503,0.15706591369493117
106,3,3,1.766999999999939,,13518,"[954, 270]",False,,True,0.0,False,medium,False,[],,[],,0.4684469987676686,0.38380366276363276
107,3,3,1.7830000000000155,,13518,"[954, 270]",False,,True,0.0,False,medium,False,[],,[],,0.4684469987676686,0.38380366276363276
108,3,3,1.7999999999999545,,13518,"[954, 270]",False,,True,0.0,False,medium,False,[],,[],,0.4687403994069538,0.38489625932940785
109,3,3,1.816000000000031,,13518,"[954, 270]",False,,True,0.0,False,medium,False,[],,[],,0.46852966302469073,0.38533654413633645
110,3,3,1.83299999999997,,13518,"[954, 270]",False,,True,0.0,False,medium,False,[],,[],,0.46876729838792414,0.3852035490143947
111,3,3,1.850999999999999,,13518,"[954, 270]",False,,True,0.0,False,medium,False,[],,[],,0.4653548732316721,0.3044526024545876
112,3,3,1.8669999999999618,,13518,"[954, 270]",False,,True,0.0,False,medium,False,[],,[],,0.4710491996490694,0.33865859620521577
113,3,3,1.8829999999999245,,13518,"[954, 270]",False,,True,0.0,False,medium,False,[],,[],,0.46640092075350836,0.28662562075430564
114,3,3,1.899000000000001,,13518,"[954, 270]",False,,True,0.0,False,medium,False,[],,[],,0.46806775447764704,0.2856403034671179
115,3,3,1.9149999999999636,,13518,"[954, 270]",False,,True,0.0,False,medium,False,[],,[],,0.46959862435926303,0.28381928596487205
116,3,3,1.9309999999999263,,13518,"[954, 270]",False,,True,0.0,False,medium,False,[],,[],,0.46959862435926303,0.28381928596487205
117,3,3,1.9470000000000027,,13518,"[954, 270]",False,,True,0.0,False,medium,False,[],,[],,0.46965295422946635,0.2830788067585325
118,3,3,1.9629999999999654,,13518,"[954, 270]",False,,True,0.0,False,medium,False,[],,[],,0.46965295422946635,0.2830788067585325
119,3,3,1.9800000000000182,,13518,"[954, 270]",False,,True,0.0,False,medium,False,[],,[],,0.46885646714300905,0.2895099363361979
120,3,3,1.9969999999999573,,13518,"[954, 270]",False,,True,0.0,False,medium,False,[],,[],,0.46885646714300905,0.2895099363361979
121,3,3,2.01400000000001,,13518,"[954, 270]",False,,True,0.0,False,medium,False,[],,[],,0.46817557478186494,0.2916750745698732
122,3,3,2.0299999999999727,,13518,"[954, 270]",False,,True,0.0,False,medium,False,[],,[],,0.46817557478186494,0.2916750745698732
123,3,3,2.0470000000000255,,13518,"[954, 270]",False,,True,0.0,False,medium,False,[],,[],,0.4675413622370866,0.29406889394161795
124,3,3,2.062999999999988,,13518,"[954, 270]",False,,True,0.0,False,medium,False,[],,[],,0.4675413622370866,0.29406889394161795
125,3,3,2.0799999999999272,,13518,"[954, 270]",False,,True,0.0,False,medium,False,[],,[],,0.46731695405039153,0.2968382636530592
126,3,3,2.09699999999998,,13518,"[954, 270]",False,,True,0.0,False,medium,False,[],,[],,0.46731695405039153,0.2968382636530592
127,3,3,2.1129999999999427,,13518,"[954, 270]",False,,True,0.0,False,medium,False,[],,[],,0.4787783494271255,0.2782695420733734
128,3,3,2.1299999999999955,,13518,"[954, 270]",False,,True,0.0,False,medium,False,[],,[],,0.4787783494271255,0.2782695420733734
129,3,3,2.1480000000000246,,13518,"[954, 270]",False,,True,0.0,False,medium,False,[],,[],,0.4805428324330058,0.27618408469733324
130,3,3,2.163000000000011,,13518,"[954, 270]",False,,True,0.0,False,medium,False,[],,[],,0.4805428324330058,0.27618408469733324
131,3,3,2.1809999999999263,,13518,"[954, 270]",False,,True,0.0,False,medium,False,[],,[],,0.48078192592879077,0.2777821989377157
132,3,3,2.197999999999979,,13518,"[954, 270]",False,,True,0.0,False,medium,False,[],,[],,0.48078192592879077,0.2777821989377157
133,3,3,2.213999999999942,,13518,"[954, 270]",False,,True,0.0,False,medium,False,[],,[],,0.48173024706968287,0.28117313931493215
134,3,3,2.2309999999999945,,13518,"[954, 270]",False,,True,0.0,False,medium,False,[],,[],,0.48173024706968287,0.28117313931493215
135,3,3,2.2469999999999573,,13518,"[954, 270]",False,,True,0.0,False,medium,False,[],,[],,0.4812473696583954,0.2866026053244052
136,3,3,2.2630000000000337,,13518,"[954, 270]",False,,True,0.0,False,medium,False,[],,[],,0.4812473696583954,0.2866026053244052
137,3,3,2.2799999999999727,,13518,"[954, 270]",False,,True,0.0,False,medium,False,[],,[],,0.48076260565331985,0.2899532358324155
138,3,3,2.2959999999999354,,13518,"[954, 270]",False,,True,0.0,False,medium,False,[],,[],,0.48076260565331985,0.2899532358324155
139,3,3,2.312999999999988,,13518,"[954, 270]",False,,True,0.0,False,medium,False,[],,[],,0.4801960711893248,0.29378583163809524
140,3,3,2.328999999999951,,13518,"[954, 270]",False,,True,0.0,False,medium,False,[],,[],,0.4801960711893248,0.29378583163809524
141,3,3,2.3460000000000036,,13518,"[954, 270]",False,,True,0.0,False,medium,False,[],,[],,0.4816417845157672,0.29590876898189056
142,3,3,2.3629999999999427,,13518,"[954, 270]",False,,True,0.0,False,medium,False,[],,[],,0.4816417845157672,0.29590876898189056
143,3,3,2.3799999999999955,,13518,"[954, 270]",False,,True,0.0,False,medium,False,[],,[],,0.4833395648262053,0.2982131182437848
144,3,3,2.3980000000000246,,13518,"[954, 270]",False,,True,0.0,False,medium,False,[],,[],,0.4833395648262053,0.2982131182437848
145,3,3,2.4149999999999636,,13518,"[954, 270]",False,,True,0.0,False,medium,False,[],,[],,0.48468832895520997,0.3013323621512495
146,3,3,2.4309999999999263,,13518,"[954, 270]",False,,True,0.0,False,medium,False,[],,[],,0.48468832895520997,0.3013323621512495
147,3,3,2.447999999999979,,13518,"[954, 270]",False,,True,0.0,False,medium,False,[],,[],,0.4745485438625817,0.2988943962689581
148,3,3,2.463999999999942,,13518,"[954, 270]",False,,True,0.0,False,medium,False,[],,[],,0.4745485438625817,0.2988943962689581
149,3,3,2.4809999999999945,,13518,"[954, 270]",False,,True,0.0,False,medium,False,[],,[],,0.46826781846800153,0.2963842020800235
150,3,3,2.4979999999999336,,13518,"[954, 270]",False,,True,0.0,False,medium,False,[],,[],,0.46826781846800153,0.2963842020800235
151,3,3,2.5149999999999864,,13518,"[954, 270]",False,,True,0.0,False,medium,False,[],,[],,0.46779690025818416,0.29582169787665524
152,3,3,2.530999999999949,,13518,"[954, 270]",False,,True,0.0,False,medium,False,"[[864, 810]]",,[],,0.46779690025818416,0.29582169787665524
153,3,3,2.5470000000000255,,13518,"[954, 270]",False,,True,0.0,False,medium,False,"[[864, 804]]",,[],,0.4663350568245782,0.2981876686658228
154,3,3,2.5639999999999645,,13518,"[954, 270]",False,,True,0.0,False,medium,False,"[[864, 798]]",,[],,0.4663350568245782,0.2981876686658228
155,3,3,2.5799999999999272,,13518,"[954, 270]",False,,True,0.0,False,medium,False,"[[864, 792]]",,[],,0.467196107586656,0.2996597040899335
156,3,3,2.5979999999999563,,13518,"[954, 270]",False,,True,0.0,False,medium,False,"[[864, 786]]",,[],,0.467196107586656,0.2996597040899335
157,3,3,2.6140000000000327,,13518,"[954, 270]",False,,True,0.0,False,medium,False,"[[864, 780]]",,[],,0.46677583737755424,0.30101914724783907
158,3,3,2.630999999999972,,13518,"[954, 270]",False,,True,0.0,False,medium,False,"[[864, 774]]",,[],,0.46677583737755424,0.30101914724783907
159,3,3,2.6480000000000246,,13518,"[954, 270]",False,,True,0.0,False,medium,False,"[[864, 768]]",,[],,0.4668114294371386,0.30158266600336403
160,3,3,2.6649999999999636,,13518,"[954, 270]",False,,True,0.0,False,medium,False,"[[864, 762]]",,[],,0.4668114294371386,0.30158266600336403
161,3,3,2.6820000000000164,,13518,"[954, 270]",False,,True,0.0,False,medium,False,"[[864, 756]]",,[],,0.4647509644750726,0.3018148743850756
162,3,3,2.6989999999999554,,13518,"[954, 270]",False,,True,0.0,False,medium,False,"[[864, 750]]",,[],,0.4647509644750726,0.3018148743850756
163,3,3,2.715000000000032,,13518,"[954, 270]",False,,True,0.0,False,medium,False,"[[864, 744]]",,[],,0.45606036608554834,0.30728638015500964
164,3,3,2.731999999999971,,13518,"[954, 270]",False,,True,0.0,False,medium,False,"[[864, 738]]",,[],,0.45606036608554834,0.30728638015500964
165,3,3,2.7490000000000236,,13518,"[954, 270]",False,,True,0.0,False,medium,False,"[[864, 732]]",,[],,0.4559113667275663,0.30917875245672366
166,3,3,2.7659999999999627,,13518,"[954, 270]",False,,True,0.0,False,medium,False,"[[864, 726]]",,[],,0.4559113667275663,0.30917875245672366
167,3,3,2.7819999999999254,,13518,"[954, 270]",False,,True,0.0,False,medium,False,"[[864, 720]]",,[],,0.4563751828392676,0.3152895231553542
168,3,3,2.798000000000002,,13518,"[954, 270]",False,,True,0.0,False,medium,False,"[[864, 714]]",,[],,0.4563751828392676,0.3152895231553542
169,3,3,2.814999999999941,,13518,"[954, 270]",False,,True,0.0,False,medium,False,"[[864, 708]]",,[],,0.4559702400461451,0.3195335861425773
170,3,3,2.8319999999999936,,13518,"[954, 270]",False,,True,0.0,False,medium,False,"[[864, 702]]",,[],,0.4559702400461451,0.3195335861425773
171,3,3,2.8489999999999327,,13518,"[954, 270]",False,,True,0.0,False,medium,False,"[[864, 696]]",,[],,0.4542083460506835,0.3234596612015652
172,3,3,2.8659999999999854,,13518,"[954, 270]",False,,True,0.0,False,medium,False,"[[864, 690]]",,[],,0.4542083460506835,0.3234596612015652
173,3,3,2.8829999999999245,,13518,"[954, 270]",False,,True,0.0,False,medium,False,"[[864, 684]]",,[],,0.4463404340685587,0.29646677772943975
174,3,3,2.8999999999999773,,13518,"[954, 270]",False,,True,0.0,False,medium,False,"[[864, 678]]",,[],,0.4463404340685587,0.29646677772943975
175,3,3,2.9180000000000064,,13518,"[954, 270]",False,,True,0.0,False,medium,False,"[[864, 672]]",,[],,0.4396332015673461,0.27223572443485844
176,3,3,2.9349999999999454,,13518,"[954, 270]",False,,True,0.0,False,medium,False,"[[864, 666]]",,[],,0.4396332015673461,0.27223572443485844
177,3,3,2.951000000000022,,13518,"[954, 270]",False,,True,0.0,False,medium,False,"[[864, 660]]",,[],,0.4406419180447771,0.27037041781595483
178,3,3,2.967999999999961,,13518,"[954, 270]",False,,True,0.0,False,medium,False,"[[864, 654]]",,[],,0.4406419180447771,0.27037041781595483
179,3,3,2.9839999999999236,,13518,"[954, 270]",False,,True,0.0,False,medium,False,"[[864, 648]]",,[],,0.4417797199344774,0.27154056015219274
180,3,3,3.0009999999999764,,13518,"[954, 270]",False,,True,0.0,False,medium,False,"[[864, 642]]",,[],,0.4417797199344774,0.27154056015219274
181,3,3,3.016999999999939,,13518,"[954, 270]",False,,True,0.0,False,medium,False,"[[864, 636]]",,[],,0.4431240601782588,0.2761587936411777
182,3,3,3.033999999999992,,13518,"[954, 270]",False,,True,0.0,False,medium,False,"[[864, 630], [954, 810]]",,[],,0.4431240601782588,0.2761587936411777
183,3,3,3.0499999999999545,,13518,"[954, 270]",False,,True,0.0,False,medium,False,"[[864, 624], [954, 804]]",,[],,0.44350191536313044,0.28077975918736464
184,3,3,3.0670000000000073,,13518,"[954, 270]",False,,True,0.0,False,medium,False,"[[864, 618], [954, 798]]",,[],,0.44350191536313044,0.28077975918736464
185,3,3,3.0860000000000127,,13518,"[954, 270]",False,,True,0.0,False,medium,False,"[[864, 612], [954, 792]]",,[],,0.4443469333539808,0.28425301129994807
186,3,3,3.1019999999999754,,13518,"[954, 270]",False,,True,0.0,False,medium,False,"[[864, 606], [954, 786]]",,[],,0.4443469333539808,0.28425301129994807
187,3,3,3.119000000000028,,13518,"[954, 270]",False,,True,0.0,False,medium,False,"[[864, 600], [954, 780]]",,[],,0.4455779182622238,0.28698433623045283
188,3,3,3.134999999999991,,13518,"[954, 270]",False,,True,0.0,False,medium,False,"[[864, 594], [954, 774]]",,[],,0.4455779182622238,0.28698433623045283
189,3,3,3.15199999999993,,13518,"[954, 270]",False,,True,0.0,False,medium,False,"[[864, 588], [954, 768]]",,[],,0.4463734929610811,0.290032178133377
190,3,3,3.1689999999999827,,13518,"[954, 270]",False,,True,0.0,False,medium,False,"[[864, 582], [954, 762]]",,[],,0.4463734929610811,0.290032178133377
191,3,3,3.1860000000000355,,13518,"[954, 270]",False,,True,0.0,False,medium,False,"[[864, 576], [954, 756]]",,[],,0.4458790136261895,0.29361636435701166
192,3,3,3.2029999999999745,,13518,"[954, 270]",False,,True,0.0,False,medium,False,"[[864, 570], [954, 750]]",,[],,0.4458790136261895,0.29361636435701166
193,3,3,3.2200000000000273,,13518,"[954, 270]",False,,True,0.0,False,medium,False,"[[864, 564], [954, 744]]",,[],,0.4487892265225192,0.2877240799389418
194,3,3,3.23599999999999,,13518,"[954, 270]",False,,True,0.0,False,medium,False,"[[864, 558], [954, 738]]",,[],,0.4487892265225192,0.2877240799389418
195,3,3,3.252999999999929,,13518,"[954, 270]",False,,True,0.0,False,medium,False,"[[864, 552], [954, 732]]",,[],,0.46070083477621465,0.2866230251269837
196,3,3,3.269999999999982,,13518,"[954, 270]",False,,True,0.0,False,medium,False,"[[864, 546], [954, 726]]",,[],,0.46070083477621465,0.2866230251269837
197,3,3,3.2870000000000346,,13518,"[954, 270]",False,,True,0.0,False,medium,False,"[[864, 540], [954, 720]]",,[],,0.46145639153412965,0.2891874505595712
198,3,3,3.3029999999999973,,13518,"[954, 270]",False,,True,0.0,False,medium,False,"[[864, 534], [954, 714]]",,[],,0.46145639153412965,0.2891874505595712
199,3,3,3.3199999999999363,,13518,"[954, 270]",False,,True,0.0,False,medium,False,"[[864, 528], [954, 708]]",,[],,0.4629316446771291,0.2922673042730344
200,3,3,3.3379999999999654,,13518,"[954, 270]",False,,True,0.0,False,medium,False,"[[864, 522], [954, 702]]",,[],,0.4629316446771291,0.2922673042730344
201,3,3,3.355000000000018,,13518,"[954, 270]",False,,True,0.0,False,medium,False,"[[864, 516], [954, 696]]",,[],,0.4625400553837607,0.29658973044491577
202,3,3,3.3719999999999573,,13518,"[954, 270]",False,,True,0.0,False,medium,False,"[[864, 510], [954, 690]]",,[],,0.4625400553837607,0.29658973044491577
203,3,3,3.38900000000001,,13518,"[954, 270]",False,,True,0.0,False,medium,False,"[[864, 504], [954, 684]]",,[],,0.46127211477526425,0.29767110629734717
204,3,3,3.4049999999999727,,13518,"[954, 270]",False,,True,0.0,False,medium,False,"[[864, 498], [954, 678]]",,[],,0.46121419658983076,0.29848227216160406
205,3,3,3.4220000000000255,,13518,"[954, 270]",False,,True,0.0,False,medium,False,"[[864, 492], [954, 672]]",,[],,0.46062660103301767,0.29892607981175345
206,3,3,3.4389999999999645,,13518,"[954, 270]",False,,True,0.0,False,medium,False,"[[864, 486], [954, 666]]",,[],,0.46062660103301767,0.29892607981175345
207,3,3,3.4549999999999272,,13518,"[954, 270]",False,,True,0.0,False,medium,False,"[[864, 480], [954, 660]]",,[],,0.45995494589657593,0.30218343045588947
208,3,3,3.47199999999998,,13518,"[954, 270]",False,,True,0.0,False,medium,False,"[[864, 474], [954, 654]]",,[],,0.45995494589657593,0.30218343045588947
209,3,3,3.4879999999999427,,13518,"[954, 270]",False,,True,0.0,False,medium,False,"[[864, 468], [954, 648]]",,[],,0.4594576922352519,0.3049182438399428
210,3,3,3.5049999999999955,,13518,"[954, 270]",False,,True,0.0,False,medium,False,"[[864, 462], [954, 642]]",,[],,0.4594576922352519,0.3049182438399428
211,3,3,3.520999999999958,,13518,"[954, 270]",False,,True,0.0,False,medium,False,"[[864, 456], [954, 636]]",,[],,0.45986500494102656,0.306870863870063
212,3,3,3.538000000000011,,13518,"[954, 270]",False,,True,0.0,False,medium,False,"[[864, 450], [954, 630]]",,[],,0.4547362853213531,0.29016329941758556
213,3,3,3.5539999999999736,,13518,"[954, 270]",False,,True,0.0,False,medium,False,"[[864, 444], [954, 624]]",,[],,-0.03441866448047666,0.3514361257998482
214,3,3,3.5710000000000264,,13518,"[954, 270]",False,,True,0.0,False,medium,False,"[[864, 438], [954, 618]]",,[],,-0.03441866448047666,0.3514361257998482
215,3,3,3.5879999999999654,,13518,"[954, 270]",False,,True,0.0,False,medium,False,"[[864, 432], [954, 612]]",,[],,0.4490256314634477,0.25380935784436687
216,3,3,3.603999999999928,,13518,"[954, 270]",False,,True,0.0,False,medium,False,"[[864, 426], [954, 606]]",,[],,0.4490256314634477,0.25380935784436687
217,3,3,3.6200000000000045,,13518,"[954, 270]",False,,True,0.0,False,medium,False,"[[864, 420], [954, 600]]",,[],,0.4487417845109478,0.25126760549123317
218,3,3,3.6359999999999673,,13518,"[954, 270]",False,,True,0.0,False,medium,False,"[[864, 414], [954, 594]]",,[],,0.4487417845109478,0.25126760549123317
219,3,3,3.65300000000002,,13518,"[954, 270]",False,,True,0.0,False,medium,False,"[[864, 408], [954, 588]]",,[],,0.44991029410989025,0.2555804404257831
220,3,3,3.6689999999999827,,13518,"[954, 270]",False,,True,0.0,False,medium,False,"[[864, 402], [954, 582]]",,[],,0.44991029410989025,0.2555804404257831
221,3,3,3.6849999999999454,,13518,"[954, 270]",False,,True,0.0,False,medium,False,"[[864, 396], [954, 576]]",,[],,0.44915521427953314,0.25560248483948733
222,3,3,3.701000000000022,,13518,"[954, 270]",False,,True,0.0,False,medium,False,"[[864, 390], [954, 570]]",,[],,0.44915521427953314,0.25560248483948733
223,3,3,3.7169999999999845,,13518,"[954, 270]",False,,True,0.0,False,medium,False,"[[864, 384], [954, 564]]",,[],,0.4484358705319357,0.2588238746130157
224,3,3,3.7339999999999236,,13518,"[954, 270]",False,,True,0.0,False,medium,False,"[[864, 378], [954, 558]]",,[],,0.4484358705319357,0.2588238746130157
225,3,3,3.75,,13518,"[954, 270]",False,,True,0.0,False,medium,False,"[[864, 372], [954, 552]]",,[],,0.4483115613972286,0.26018493772789764
226,3,3,3.766999999999939,,13518,"[954, 270]",False,,True,0.0,False,medium,False,"[[864, 366], [954, 546]]",,[],,0.4483115613972286,0.26018493772789764
227,3,3,3.7830000000000155,,13518,"[954, 270]",False,,True,0.0,False,medium,False,"[[864, 360], [954, 540]]",,[],,0.4486011154208159,0.26415658688863275
228,3,3,3.7999999999999545,,13518,"[954, 270]",False,,True,0.0,False,medium,False,"[[864, 354], [954, 534]]",,[],,0.4486011154208159,0.26415658688863275
229,3,3,3.8170000000000073,,13518,"[954, 270]",False,,True,0.0,False,medium,False,"[[864, 348], [954, 528]]",,[],,0.45055137645809157,0.2719191353421978
230,3,3,3.8350000000000364,,13518,"[954, 270]",False,Right,True,0.0,False,medium,False,"[[864, 342], [954, 522]]",,[],,0.45055137645809157,0.2719191353421978
231,3,3,3.850999999999999,,13518,"[954, 270]",False,Right,True,0.0,False,medium,False,"[[858, 336], [948, 516]]",,[],,0.4510759692118964,0.27589754840276126
232,3,3,3.866999999999962,,13518,"[954, 270]",False,Right,True,0.0,False,medium,False,"[[852, 330], [942, 510]]",,[],,0.4510759692118964,0.27589754840276126
233,3,3,3.8840000000000146,,13518,"[954, 270]",False,Right,True,0.0,False,medium,False,"[[846, 324], [936, 504]]",,[],,0.45094609683181186,0.2795156206784044
234,3,3,3.9009999999999536,,13518,"[954, 270]",False,Right,True,0.0,False,medium,False,"[[840, 318], [930, 498]]",,[],,0.45094609683181186,0.2795156206784044
235,3,3,3.91700000000003,,13518,"[954, 270]",False,Right,True,0.0,False,medium,False,"[[834, 312], [924, 492]]",,[],,0.44977046530358533,0.280504640935864
236,3,3,3.933999999999969,,13518,"[954, 270]",False,Right,True,0.0,False,medium,False,"[[828, 306], [918, 486]]",,[],,0.44977046530358533,0.280504640935864
237,3,3,3.951000000000022,,13518,"[954, 270]",False,Right,True,0.0,False,medium,False,"[[822, 300], [912, 480]]",,[],,-0.04879541618628673,0.2954108349543494
238,3,3,3.967999999999961,,13518,"[954, 270]",False,Right,True,0.0,False,medium,False,"[[816, 294], [906, 474]]",,[],,-0.04879541618628673,0.2954108349543494
239,3,3,3.9850000000000136,,13518,"[954, 270]",False,Right,True,0.0,False,medium,False,"[[810, 288], [900, 468]]",,[],,-0.043840247258848206,0.31141833548906805
240,3,3,4.002999999999929,,13518,"[954, 270]",False,Right,True,0.0,False,medium,False,"[[804, 282], [894, 462]]",,[],,-0.043840247258848206,0.31141833548906805
241,3,3,4.019999999999982,,13518,"[954, 270]",False,Right,True,0.0,False,medium,False,"[[798, 276], [888, 456]]",,[],,-0.004386875998888229,0.22125347840487686
242,3,3,4.0359999999999445,,13518,"[954, 270]",False,Right,True,0.0,False,medium,False,"[[792, 270], [882, 450], [666, 810]]",,[],,-0.004386875998888229,0.22125347840487686
243,3,3,4.052999999999997,,13518,"[954, 270]",False,Right,True,0.0,False,medium,False,"[[786, 264], [876, 444], [660, 804]]",,[],,0.4673643010715873,0.34852055125107617
244,3,3,4.06899999999996,,13518,"[954, 270]",False,Right,True,0.0,False,medium,False,"[[780, 258], [870, 438], [654, 798]]",,[],,0.4673643010715873,0.34852055125107617
245,3,3,4.086999999999989,,13518,"[954, 270]",False,,True,0.0,False,medium,False,"[[774, 252], [864, 432], [648, 792]]",,[],,0.47004115992105566,0.35483880900753817
246,3,3,4.102999999999952,,13518,"[954, 270]",False,,True,0.0,False,medium,False,"[[774, 246], [864, 426], [648, 786]]",,[],,0.47004115992105566,0.35483880900753817
247,3,3,4.119000000000028,,13518,"[954, 270]",False,,True,0.0,False,medium,False,"[[774, 240], [864, 420], [648, 780]]",,[],,0.47125921459257364,0.357800000292378
248,3,3,4.134999999999991,,13518,"[954, 270]",False,,True,0.0,False,medium,False,"[[774, 234], [864, 414], [648, 774], [828, 810]]",,[],,0.47125921459257364,0.357800000292378
249,3,3,4.150999999999954,,13518,"[954, 270]",False,,True,0.0,False,medium,False,"[[774, 228], [864, 408], [648, 768], [828, 804]]",,[],,0.47236658762721584,0.3615306799053575
250,3,3,4.168000000000006,,13518,"[954, 270]",False,,True,0.0,False,medium,False,"[[774, 222], [864, 402], [648, 762], [828, 798]]",,[],,0.47236658762721584,0.3615306799053575
251,3,3,4.183999999999969,,13518,"[954, 270]",False,,True,0.0,False,medium,False,"[[774, 216], [864, 396], [648, 756], [828, 792]]",,[],,0.4729697224875262,0.36242737387779855
252,3,3,4.201000000000022,,13518,"[954, 270]",False,,True,0.0,False,medium,False,"[[774, 210], [864, 390], [648, 750], [828, 786]]",,[],,0.4729697224875262,0.36242737387779855
253,3,3,4.217999999999961,,13518,"[954, 270]",False,,True,0.0,False,medium,False,"[[774, 204], [864, 384], [648, 744], [828, 780]]",,[],,0.4725389867595771,0.3626754118581633
254,3,3,4.233999999999924,,13518,"[954, 270]",False,,True,0.0,False,medium,False,"[[774, 198], [864, 378], [648, 738], [828, 774]]",,[],,0.4725389867595771,0.3626754118581633
255,3,3,4.250999999999976,,13518,"[954, 270]",False,,True,0.0,False,medium,False,"[[774, 192], [864, 372], [648, 732], [828, 768]]",,[],,0.4721494392788183,0.36454511551148483
256,3,3,4.265999999999963,,13518,"[954, 270]",False,,True,0.0,False,medium,False,"[[774, 186], [864, 366], [648, 726], [828, 762]]",,[],,0.4721494392788183,0.36454511551148483
257,3,3,4.2830000000000155,,13518,"[954, 270]",False,,True,0.0,False,medium,False,"[[774, 180], [864, 360], [648, 720], [828, 756]]",,[],,0.47289642019535477,0.36752642541616243
258,3,3,4.2999999999999545,,13518,"[954, 270]",False,,True,0.0,False,medium,False,"[[774, 174], [864, 354], [648, 714], [828, 750]]",,[],,0.47289642019535477,0.36752642541616243
259,3,3,4.317000000000007,,13518,"[954, 270]",False,,True,0.0,False,medium,False,"[[774, 168], [864, 348], [648, 708], [828, 744]]",,[],,0.0071659355259079405,0.25582324694633607
260,3,3,4.333999999999946,,13518,"[954, 270]",False,,True,0.0,False,medium,False,"[[774, 162], [864, 342], [648, 702], [828, 738]]",,[],,0.0071659355259079405,0.25582324694633607
261,3,3,4.350999999999999,,13518,"[954, 270]",False,,True,0.0,False,medium,False,"[[774, 156], [864, 336], [648, 696], [828, 732]]",,[],,0.4755908406347866,0.37108103642812806
262,3,3,4.369000000000028,,13518,"[954, 270]",False,,True,0.0,False,medium,False,"[[774, 150], [864, 330], [648, 690], [828, 726]]",,[],,0.4755908406347866,0.37108103642812806
263,3,3,4.385999999999967,,13518,"[954, 270]",False,,True,0.0,False,medium,False,"[[774, 144], [864, 324], [648, 684], [828, 720]]",,[],,0.43590437728350623,0.3274490700911554
264,3,3,4.40300000000002,,13518,"[954, 270]",False,,True,0.0,False,medium,False,"[[774, 138], [864, 318], [648, 678], [828, 714]]",,[],,0.43590437728350623,0.3274490700911554
265,3,3,4.418999999999983,,13518,"[954, 270]",False,,True,0.0,False,medium,False,"[[774, 132], [864, 312], [648, 672], [828, 708]]",,[],,-0.02701751822777041,0.29724578593699735
266,3,3,4.434999999999945,,13518,"[954, 270]",False,,True,0.0,False,medium,False,"[[774, 126], [864, 306], [648, 666], [828, 702]]",,[],,-0.02701751822777041,0.29724578593699735
267,3,3,4.451000000000022,,13518,"[954, 270]",False,,True,0.0,False,medium,False,"[[774, 120], [864, 300], [648, 660], [828, 696]]",,[],,0.45028245670807837,0.3535866428816654
268,3,3,4.4669999999999845,,13518,"[954, 270]",False,Right,True,0.0,False,medium,False,"[[774, 114], [864, 294], [648, 654], [828, 690]]",,"[[1320, 810]]",,0.45028245670807837,0.3535866428816654
269,3,3,4.482999999999947,,13518,"[954, 270]",False,Right,True,0.0,False,medium,False,"[[768, 108], [858, 288], [642, 648], [822, 684]]",,"[[1314, 804]]",,-0.058735311288655015,0.30366549727346637
270,3,3,4.5,,13518,"[954, 270]",False,Right,True,0.0,False,medium,False,"[[762, 102], [852, 282], [636, 642], [816, 678]]",,"[[1308, 798]]",,-0.06753945280971685,0.27503735200045343
271,3,3,4.515999999999963,,13518,"[954, 270]",False,Right,True,0.0,False,medium,False,"[[756, 96], [846, 276], [630, 636], [810, 672]]",,"[[1302, 792]]",,0.449175512207377,0.35130323796004115
272,3,3,4.5330000000000155,,13518,"[954, 270]",False,Right,True,0.0,False,medium,False,"[[750, 90], [840, 270], [624, 630], [804, 666]]",,"[[1296, 786]]",,0.449175512207377,0.35130323796004115
273,3,3,4.5499999999999545,,13518,"[954, 270]",False,Right,True,0.0,False,medium,False,"[[744, 84], [834, 264], [618, 624], [798, 660]]",,"[[1290, 780]]",,-0.004119413524767523,0.22313710766219952
274,3,3,4.567000000000007,,13518,"[954, 270]",False,Right,True,0.0,False,medium,False,"[[738, 78], [828, 258], [612, 618], [792, 654]]",,"[[1284, 774]]",,-0.004119413524767523,0.22313710766219952
275,3,3,4.583999999999946,,13518,"[954, 270]",False,,True,0.0,False,medium,False,"[[732, 72], [822, 252], [606, 612], [786, 648]]",,"[[1284, 768]]",,0.4511024606909245,0.35380544932485203
276,3,3,4.600999999999999,,13518,"[954, 270]",False,,True,0.0,False,medium,False,"[[732, 66], [822, 246], [606, 606], [786, 642]]",,"[[1284, 762]]",,0.4511024606909245,0.35380544932485203
277,3,3,4.616999999999962,,13518,"[954, 270]",False,,True,0.0,False,medium,False,"[[732, 60], [822, 240], [606, 600], [786, 636]]",,"[[1284, 756]]",,0.45006810048235407,0.3550749975784998
278,3,3,4.6340000000000146,,13518,"[954, 270]",False,,True,0.0,False,medium,False,"[[732, 54], [822, 234], [606, 594], [786, 630]]",,"[[1284, 750]]",,0.45006810048235407,0.3550749975784998
279,3,3,4.649999999999977,,13518,"[954, 270]",False,,True,0.0,False,medium,False,"[[732, 48], [822, 228], [606, 588], [786, 624]]",,"[[1284, 744]]",,0.4492939472125485,0.35715184816567336
280,3,3,4.66599999999994,,13518,"[954, 270]",False,,True,0.0,False,medium,False,"[[732, 42], [822, 222], [606, 582], [786, 618]]",,"[[1284, 738]]",,0.4492939472125485,0.35715184816567336
281,3,3,4.682000000000016,,13518,"[954, 270]",False,,True,0.0,False,medium,False,"[[732, 36], [822, 216], [606, 576], [786, 612]]",,"[[1284, 732]]",,0.44859116138437677,0.3583908157382113
282,3,3,4.697999999999979,,13518,"[954, 270]",False,,True,0.0,False,medium,False,"[[732, 30], [822, 210], [606, 570], [786, 606]]",,"[[1284, 726]]",,0.4479738705395958,0.35869858072332117
283,3,3,4.713999999999942,,13518,"[954, 270]",False,,True,0.0,False,medium,False,"[[732, 24], [822, 204], [606, 564], [786, 600]]",,"[[1284, 720]]",,-0.05586774966788503,0.28892690479213456
284,3,3,4.7309999999999945,,13518,"[954, 270]",False,,True,0.0,False,medium,False,"[[732, 18], [822, 198], [606, 558], [786, 594]]",,"[[1284, 714]]",,0.44730271271629024,0.36008525821710746
285,3,3,4.746999999999957,,13518,"[954, 270]",False,,True,0.0,False,medium,False,"[[732, 12], [822, 192], [606, 552], [786, 588]]",,"[[1284, 708]]",,0.44730271271629024,0.36008525821710746
286,3,3,4.764999999999986,,13518,"[954, 270]",False,,True,0.0,False,medium,False,"[[732, 6], [822, 186], [606, 546], [786, 582]]",,"[[1284, 702]]",,-0.002086828375414118,0.2181685480091261
287,3,3,4.781999999999925,,13518,"[954, 270]",False,,True,0.0,False,medium,False,"[[732, 0], [822, 180], [606, 540], [786, 576]]",,"[[1284, 696]]",,0.45834810460961417,0.35260736834279705
288,3,3,4.798000000000002,,13518,"[954, 270]",False,,True,0.0,False,medium,False,"[[822, 174], [606, 534], [786, 570]]",,"[[1284, 690]]",,0.4588163677779632,0.35274345341190005
289,3,3,4.8139999999999645,,13518,"[954, 270]",False,,True,0.0,False,medium,False,"[[822, 168], [606, 528], [786, 564]]",,"[[1284, 684]]",,0.4598353666806241,0.35151896090728896
290,3,3,4.829999999999927,,13518,"[954, 270]",False,,True,0.0,False,medium,False,"[[822, 162], [606, 522], [786, 558]]",,"[[1284, 678]]",,0.4598353666806241,0.35151896090728896
291,3,3,4.84699999999998,,13518,"[954, 270]",False,,True,0.0,False,medium,False,"[[822, 156], [606, 516], [786, 552]]",,"[[1284, 672]]",,0.4598353666806241,0.35151896090728896
292,3,3,4.862999999999943,,13518,"[954, 270]",False,Left,True,0.0,False,medium,False,"[[822, 150], [606, 510], [786, 546]]",,"[[1290, 666]]",,0.4589689537349999,0.3512003887498475
293,3,3,4.880999999999972,,13518,"[954, 270]",False,Left,True,0.0,False,medium,False,"[[828, 144], [612, 504], [792, 540]]",,"[[1296, 660]]",,0.4589197987447039,0.35072154350797546
294,3,3,4.8969999999999345,,13518,"[954, 270]",False,Left,True,0.0,False,medium,False,"[[834, 138], [618, 498], [798, 534]]",,"[[1302, 654]]",,0.45968972574511574,0.3510966257135042
295,3,3,4.91599999999994,,13518,"[954, 270]",False,,True,0.0,False,medium,False,"[[840, 132], [624, 492], [804, 528]]",,"[[1302, 648]]",,0.46003319060183323,0.3519153831198757
296,3,3,4.932999999999993,,13518,"[954, 270]",False,,True,0.0,False,medium,False,"[[840, 126], [624, 486], [804, 522]]",,"[[1302, 642]]",,-0.06818977975522297,0.26304672653217964
297,3,3,4.949999999999932,,13518,"[954, 270]",False,,True,0.0,False,medium,False,"[[840, 120], [624, 480], [804, 516]]",,"[[1302, 636]]",,0.4604670053750306,0.35421111148306983
298,3,3,4.9669999999999845,,13518,"[954, 270]",False,,True,0.0,False,medium,False,"[[840, 114], [624, 474], [804, 510]]",,"[[1302, 630]]",,0.4603132610383569,0.3545374625683263
299,3,3,4.982999999999947,,13518,"[954, 270]",False,,True,0.0,False,medium,False,"[[840, 108], [624, 468], [804, 504]]",,"[[1302, 624]]",,0.46126409921079564,0.3554087313218234
300,3,3,4.999000000000024,,13518,"[954, 270]",False,,True,0.0,False,medium,False,"[[840, 102], [624, 462], [804, 498]]",,"[[1302, 618]]",,0.46126409921079564,0.3554087313218234
301,3,3,5.015999999999963,,13518,"[954, 270]",False,,True,0.0,False,medium,False,"[[840, 96], [624, 456], [804, 492]]",,"[[1302, 612]]",,0.46126409921079564,0.3554087313218234
302,3,3,5.0330000000000155,,13518,"[954, 270]",False,,True,0.0,False,medium,False,"[[840, 90], [624, 450], [804, 486]]",,"[[1302, 606]]",,-0.01641480815835905,0.25108822760011296
303,3,3,5.048999999999978,,13518,"[954, 270]",False,,True,0.0,False,medium,False,"[[840, 84], [624, 444], [804, 480]]",,"[[1302, 600]]",,0.463878464633381,0.35933415434973226
304,3,3,5.064999999999941,,13518,"[954, 270]",False,,True,0.0,False,medium,False,"[[840, 78], [624, 438], [804, 474]]",,"[[1302, 594]]",,0.465008249089325,0.360919067069993
305,3,3,5.08299999999997,,13518,"[954, 270]",False,,True,0.0,False,medium,False,"[[840, 72], [624, 432], [804, 468]]",,"[[1302, 588]]",,-0.06886125086217136,0.27809127785328525
306,3,3,5.100000000000023,,13518,"[954, 270]",False,,True,0.0,False,medium,False,"[[840, 66], [624, 426], [804, 462]]",,"[[1302, 582]]",,0.46677577027198847,0.36311583043628437
307,3,3,5.1159999999999854,,13518,"[954, 270]",False,,True,0.0,False,medium,False,"[[840, 60], [624, 420], [804, 456]]",,"[[1302, 576]]",,-0.01978967553995554,0.262850911776521
308,3,3,5.1329999999999245,,13518,"[954, 270]",False,,True,0.0,False,medium,False,"[[840, 54], [624, 414], [804, 450]]",,"[[1302, 570]]",,0.4664766823722485,0.3648855486243291
309,3,3,5.149999999999977,,13518,"[954, 270]",False,,True,0.0,False,medium,False,"[[840, 48], [624, 408], [804, 444]]",,"[[1302, 564]]",,0.465120444182715,0.36582670788285865
310,3,3,5.16599999999994,,13518,"[954, 270]",False,,True,0.0,False,medium,False,"[[840, 42], [624, 402], [804, 438]]",,"[[1302, 558]]",,-0.005338108323231605,0.24894859183314888
311,3,3,5.182999999999993,,13518,"[954, 270]",False,,True,0.0,False,medium,False,"[[840, 36], [624, 396], [804, 432]]",,"[[1302, 552]]",,0.46432073661264167,0.3663726324834651
312,3,3,5.198999999999955,,13518,"[954, 270]",False,,True,0.0,False,medium,False,"[[840, 30], [624, 390], [804, 426]]",,"[[1302, 546]]",,0.4640933793911792,0.3668942060317062
313,3,3,5.216000000000008,,13518,"[954, 270]",False,,True,0.0,False,medium,False,"[[840, 24], [624, 384], [804, 420]]",,"[[1302, 540]]",,-0.013923379773968491,0.24558701994036314
314,3,3,5.231999999999971,,13518,"[954, 270]",False,,True,0.0,False,medium,False,"[[840, 18], [624, 378], [804, 414]]",,"[[1302, 534]]",,0.4647427698936112,0.3693064580794525
315,3,3,5.247999999999934,,13518,"[954, 270]",False,,True,0.0,False,medium,False,"[[840, 12], [624, 372], [804, 408]]",,"[[1302, 528]]",,0.4651316387289032,0.3696088826879387
316,3,3,5.26400000000001,,13518,"[954, 270]",False,,True,0.0,False,medium,False,"[[840, 6], [624, 366], [804, 402]]",,"[[1302, 522]]",,0.46576734499559186,0.3706357030102373
317,3,3,5.280999999999949,,13518,"[954, 270]",False,,True,0.0,False,medium,False,"[[840, 0], [624, 360], [804, 396]]",,"[[1302, 516]]",,0.46576734499559186,0.3706357030102373
318,3,3,5.298000000000002,,13518,"[954, 270]",False,,True,0.0,False,medium,False,"[[624, 354], [804, 390]]",,"[[1302, 510]]",,0.4501274433793808,0.33067995368494996
319,3,3,5.316000000000031,,13518,"[954, 270]",False,,True,0.0,False,medium,False,"[[624, 348], [804, 384]]",,"[[1302, 504]]",,0.4511175766610392,0.32394085796110994
320,3,3,5.331999999999994,,13518,"[954, 270]",False,,True,0.0,False,medium,False,"[[624, 342], [804, 378]]",,"[[1302, 498]]",,0.4544762167521501,0.3116198358521247
321,3,3,5.348999999999933,,13518,"[954, 270]",False,,True,0.0,False,medium,False,"[[624, 336], [804, 372]]",,"[[1302, 492]]",,0.45431202767591455,0.31103384655794564
322,3,3,5.3659999999999854,,13518,"[954, 270]",False,,True,0.0,False,medium,False,"[[624, 330], [804, 366]]",,"[[1302, 486]]",,0.4562786412458622,0.3096788218674412
323,3,3,5.3829999999999245,,13518,"[954, 270]",False,,True,0.0,False,medium,False,"[[624, 324], [804, 360]]",,"[[1302, 480]]",,0.4562786412458622,0.3096788218674412
324,3,3,5.399999999999977,,13518,"[954, 270]",False,,True,0.0,False,medium,False,"[[624, 318], [804, 354]]",,"[[1302, 474]]",,0.4570665238777443,0.3078693996624625
325,3,3,5.41599999999994,,13518,"[954, 270]",False,,True,0.0,False,medium,False,"[[624, 312], [804, 348]]",,"[[1302, 468]]",,0.4568513640740388,0.3077837936655372
326,3,3,5.432999999999993,,13518,"[954, 270]",False,,True,0.0,False,medium,False,"[[624, 306], [804, 342]]",,"[[1302, 462]]",,0.4560011787091799,0.31174811628568766
327,3,3,5.449999999999932,,13518,"[954, 270]",False,,True,0.0,False,medium,False,"[[624, 300], [804, 336]]",,"[[1302, 456]]",,0.4549610935704327,0.31198329656870283
328,3,3,5.467999999999961,,13518,"[954, 270]",False,,True,0.0,False,medium,False,"[[624, 294], [804, 330]]",,"[[1302, 450]]",,0.4549206639445644,0.31328773148199784
329,3,3,5.483999999999924,,13518,"[954, 270]",False,,True,0.0,False,medium,False,"[[624, 288], [804, 324]]",,"[[1302, 444]]",,0.4549206639445644,0.31328773148199784
330,3,3,5.500999999999976,,13518,"[954, 270]",False,,True,0.0,False,medium,False,"[[624, 282], [804, 318]]",,"[[1302, 438]]",,-0.05657691488445362,0.27359180642345016
331,3,3,5.515999999999963,,13518,"[954, 270]",False,,True,0.0,False,medium,False,"[[624, 276], [804, 312]]",,"[[1302, 432]]",,-0.05098450777492971,0.28920717082277725
332,3,3,5.531999999999925,,13518,"[954, 270]",False,,True,0.0,False,medium,False,"[[624, 270], [804, 306]]",,"[[1302, 426]]",,0.463863486922516,0.34436398290977877
333,3,3,5.548999999999978,,13518,"[954, 270]",False,,True,0.0,False,medium,False,"[[624, 264], [804, 300]]",,"[[1302, 420]]",,0.463863486922516,0.34436398290977877
334,3,3,5.564999999999941,,13518,"[954, 270]",False,,True,0.0,False,medium,False,"[[624, 258], [804, 294]]",,"[[1302, 414]]",,0.4648006261522507,0.3457222834264059
335,3,3,5.581000000000017,,13518,"[954, 270]",False,,True,0.0,False,medium,False,"[[624, 252], [804, 288]]",,"[[1302, 408]]",,0.4648006261522507,0.3457222834264059
336,3,3,5.59699999999998,,13518,"[954, 270]",False,,True,0.0,False,medium,False,"[[624, 246], [804, 282]]",,"[[1302, 402]]",,0.46381474036111464,0.34604448350656236
337,3,3,5.614000000000033,,13518,"[954, 270]",False,,True,0.0,False,medium,False,"[[624, 240], [804, 276]]",,"[[1302, 396]]",,0.46381474036111464,0.34604448350656236
338,3,3,5.631999999999948,,13518,"[954, 270]",False,,True,0.0,False,medium,False,"[[624, 234], [804, 270]]",,"[[1302, 390]]",,0.4630346240099879,0.34816896015279386
339,3,3,5.649000000000001,,13518,"[954, 270]",False,,True,0.0,False,medium,False,"[[624, 228], [804, 264]]",,"[[1302, 384]]",,0.4630346240099879,0.34816896015279386
340,3,3,5.66599999999994,,13518,"[954, 270]",False,,True,0.0,False,medium,False,"[[624, 222], [804, 258]]",,"[[1302, 378]]",,0.4617174672238476,0.3492942616859849
341,3,3,5.682000000000016,,13518,"[954, 270]",False,,True,0.0,False,medium,False,"[[624, 216], [804, 252]]",,"[[1302, 372]]",,0.4617174672238476,0.3492942616859849
342,3,3,5.697999999999979,,13518,"[954, 270]",False,,True,0.0,False,medium,False,"[[624, 210], [804, 246]]",,"[[1302, 366]]",,0.4620822901283425,0.34945263743697796
343,3,3,5.715000000000032,,13518,"[954, 270]",False,,True,0.0,False,medium,False,"[[624, 204], [804, 240]]",,"[[1302, 360]]",,0.4620822901283425,0.34945263743697796
344,3,3,5.731999999999971,,13518,"[954, 270]",False,,True,0.0,False,medium,False,"[[624, 198], [804, 234], [984, 810]]",,"[[1302, 354]]",,0.46353261781230753,0.34983620218232603
345,3,3,5.746999999999957,,13518,"[954, 270]",False,,True,0.0,False,medium,False,"[[624, 192], [804, 228], [984, 804]]",,"[[1302, 348]]",,0.46353261781230753,0.34983620218232603
346,3,3,5.765999999999963,,13518,"[954, 270]",False,Right,True,0.0,False,medium,False,"[[624, 186], [804, 222], [984, 798]]",,"[[1296, 342]]",,0.46584163317497873,0.3501907950324865
347,3,3,5.781999999999925,,13518,"[954, 270]",False,Right,True,0.0,False,medium,False,"[[618, 180], [798, 216], [978, 792]]",,"[[1290, 336]]",,0.46584163317497873,0.3501907950324865
348,3,3,5.798000000000002,,13518,"[954, 270]",False,Right,True,0.0,False,medium,False,"[[612, 174], [792, 210], [972, 786]]",,"[[1284, 330]]",,0.4658018408749647,0.35192533010965277
349,3,3,5.8139999999999645,,13518,"[954, 270]",False,Right,True,0.0,False,medium,False,"[[606, 168], [786, 204], [966, 780]]",,"[[1278, 324], [372, 810]]",,0.4658018408749647,0.35192533010965277
350,3,3,5.831000000000017,,13518,"[954, 270]",False,Right,True,0.0,False,medium,False,"[[600, 162], [780, 198], [960, 774]]",,"[[1272, 318], [366, 804]]",,0.4647877683726268,0.35477564261348293
351,3,3,5.847999999999956,,13518,"[954, 270]",False,Right,True,0.0,False,medium,False,"[[594, 156], [774, 192], [954, 768]]",,"[[1266, 312], [360, 798]]",,0.4647877683726268,0.35477564261348293
352,3,3,5.864000000000033,,13518,"[954, 270]",False,Right,True,1.0,False,medium,False,"[[588, 150], [768, 186], [948, 762]]",,"[[1260, 306], [354, 792]]",,0.46564333223185994,0.35696675261632393
353,3,3,5.8799999999999955,,13518,"[954, 270]",False,Right,True,1.0,False,medium,False,"[[582, 144], [762, 180], [942, 756]]",,"[[1260, 300], [354, 786]]",,0.46564333223185994,0.35696675261632393
354,3,3,5.8969999999999345,,13518,"[954, 270]",False,Right,True,1.0,False,medium,False,"[[582, 138], [762, 174], [942, 750]]",,"[[1260, 294], [354, 780]]",,0.46615091936292874,0.3578693160079093
355,3,3,5.913000000000011,,13518,"[954, 270]",False,Right,True,1.0,False,medium,False,"[[582, 132], [762, 168], [942, 744]]",,"[[1260, 288], [354, 774]]",,0.46615091936292874,0.3578693160079093
356,3,3,5.928999999999974,,13518,"[954, 270]",False,Right,True,1.0,False,medium,False,"[[582, 126], [762, 162], [942, 738]]",,"[[1260, 282], [354, 768]]",,0.46669398015554553,0.3581761726785889
357,3,3,5.944999999999936,,13518,"[954, 270]",False,Right,True,1.0,False,medium,False,"[[582, 120], [762, 156], [942, 732]]",,"[[1260, 276], [354, 762]]",,0.46669398015554553,0.3581761726785889
358,3,3,5.961000000000013,,13518,"[954, 270]",False,Right,True,1.0,False,medium,False,"[[582, 114], [762, 150], [942, 726]]",,"[[1260, 270], [354, 756]]",,0.4667776622479428,0.35940849413076237
359,3,3,5.977999999999952,,13518,"[954, 270]",False,Right,True,1.0,False,medium,False,"[[582, 108], [762, 144], [942, 720]]",,"[[1260, 264], [354, 750]]",,0.4667776622479428,0.35940849413076237
360,3,3,5.994000000000028,,13518,"[954, 270]",False,Right,True,1.0,False,medium,False,"[[582, 102], [762, 138], [942, 714]]",,"[[1260, 258], [354, 744]]",,0.46761338258236507,0.3629599156732145
361,3,3,6.010999999999967,,13518,"[954, 270]",False,Right,True,1.0,False,medium,False,"[[582, 96], [762, 132], [942, 708]]",,"[[1260, 252], [354, 738]]",,0.46761338258236507,0.3629599156732145
362,3,3,6.025999999999954,,13518,"[954, 270]",False,Right,True,1.0,False,medium,False,"[[582, 90], [762, 126], [942, 702]]",,"[[1260, 246], [354, 732]]",,0.4676767261937468,0.3654739540936123
363,3,3,6.04200000000003,,13518,"[954, 270]",False,Right,True,1.0,False,medium,False,"[[582, 84], [762, 120], [942, 696]]",,"[[1260, 240], [354, 726]]",,0.4676767261937468,0.3654739540936123
364,3,3,6.057999999999993,,13518,"[954, 270]",False,Right,True,1.0,False,medium,False,"[[582, 78], [762, 114], [942, 690]]",,"[[1260, 234], [354, 720]]",,-0.055973048547560286,0.28970771412383245
365,3,3,6.074999999999932,,13518,"[954, 270]",False,Right,True,1.0,False,medium,False,"[[582, 72], [762, 108], [942, 684]]",,"[[1260, 228], [354, 714]]",,-0.055973048547560286,0.28970771412383245
366,3,3,6.0919999999999845,,13518,"[954, 270]",False,,True,1.0,False,medium,False,"[[582, 66], [762, 102], [942, 678]]",,"[[1266, 222], [360, 708]]",,0.46765268424622813,0.3692380940459832
367,3,3,6.107999999999947,,13518,"[954, 270]",False,,True,1.0,False,medium,False,"[[588, 60], [768, 96], [948, 672]]",,"[[1272, 216], [366, 702]]",,-0.056796427367705515,0.29035224826881223
368,3,3,6.125,,13518,"[954, 270]",False,,True,1.0,False,medium,False,"[[594, 54], [774, 90], [954, 666], [756, 810]]",,"[[1278, 210], [372, 696]]",,-0.0573058217499387,0.2907433647050309
369,3,3,6.140999999999963,,13518,"[954, 270]",False,,True,1.0,False,medium,False,"[[600, 48], [780, 84], [960, 660], [762, 804]]",,"[[1284, 204], [378, 690]]",,-0.0573058217499387,0.2907433647050309
370,3,3,6.156999999999925,,13518,"[954, 270]",False,,True,1.0,False,medium,False,"[[606, 42], [786, 78], [966, 654], [768, 798]]",,"[[1290, 198], [384, 684]]",,0.46711732570348563,0.3692362508922433
371,3,3,6.173999999999978,,13518,"[954, 270]",False,,True,1.0,False,medium,False,"[[612, 36], [792, 72], [972, 648], [774, 792]]",,"[[1296, 192], [390, 678]]",,0.46711732570348563,0.3692362508922433
372,3,3,6.191000000000031,,13518,"[954, 270]",False,,True,1.0,False,medium,False,"[[618, 30], [798, 66], [978, 642], [780, 786]]",,"[[1302, 186], [396, 672]]",,0.467177161256909,0.36948319578431765
373,3,3,6.20799999999997,,13518,"[954, 270]",False,,True,1.0,False,medium,False,"[[624, 24], [804, 60], [984, 636], [786, 780]]",,"[[1308, 180], [402, 666]]",,0.46720152296462925,0.3694178412846435
374,3,3,6.223999999999933,,13518,"[954, 270]",False,,True,1.0,False,medium,False,"[[630, 18], [810, 54], [990, 630], [792, 774]]",,"[[1314, 174], [408, 660]]",,0.4680782656017321,0.3713258952774121
375,3,3,6.242999999999938,,13518,"[954, 270]",False,Right,True,1.0,False,medium,False,"[[636, 12], [816, 48], [996, 624], [798, 768]]",,"[[1314, 168], [408, 654]]",,0.4680782656017321,0.3713258952774121
376,3,3,6.2590000000000146,,13518,"[954, 270]",False,Right,True,1.0,False,medium,False,"[[636, 6], [816, 42], [996, 618], [798, 762]]",,"[[1314, 162], [408, 648]]",,0.4643085617521461,0.3675246152249232
377,3,3,6.275999999999954,,13518,"[954, 270]",False,Right,True,1.0,False,medium,False,"[[636, 0], [816, 36], [996, 612], [798, 756]]",,"[[1314, 156], [408, 642]]",,-0.0013214086646923917,0.24614123832912338
378,3,3,6.293999999999983,,13518,"[954, 270]",False,Right,True,1.0,False,medium,False,"[[816, 30], [996, 606], [798, 750]]",,"[[1314, 150], [408, 636]]",,-0.04806670521655683,0.32382383053573116
379,3,3,6.309999999999945,,13518,"[954, 270]",False,Right,True,1.0,False,medium,False,"[[816, 24], [996, 600], [798, 744]]",,"[[1314, 144], [408, 630]]",,-0.04806670521655683,0.32382383053573116
380,3,3,6.326999999999998,,13518,"[954, 270]",False,Right,True,1.0,False,medium,False,"[[816, 18], [996, 594], [798, 738]]",,"[[1314, 138], [408, 624]]",,0.4616388533751957,0.359504568033547
381,3,3,6.343999999999937,,13518,"[954, 270]",False,Right,True,1.0,False,medium,False,"[[816, 12], [996, 588], [798, 732]]",,"[[1314, 132], [408, 618]]",,0.4616388533751957,0.359504568033547
382,3,3,6.36099999999999,,13518,"[954, 270]",False,Right,True,1.0,False,medium,False,"[[816, 6], [996, 582], [798, 726]]",,"[[1314, 126], [408, 612]]",,0.4615633485458561,0.358708044013617
383,3,3,6.377999999999929,,13518,"[954, 270]",False,,True,1.0,False,medium,False,"[[816, 0], [996, 576], [798, 720]]",,"[[1320, 120], [414, 606]]",,0.4615633485458561,0.358708044013617
384,3,3,6.394999999999982,,13518,"[954, 270]",False,,True,1.0,False,medium,False,"[[1002, 570], [804, 714]]",,"[[1326, 114], [420, 600]]",,0.46169344977659244,0.3586412025192479
385,3,3,6.409999999999968,,13518,"[954, 270]",False,,True,1.0,False,medium,False,"[[1008, 564], [810, 708]]",,"[[1332, 108], [426, 594]]",,0.46169344977659244,0.3586412025192479
386,3,3,6.425999999999931,,13518,"[954, 270]",False,,True,1.0,False,medium,False,"[[1014, 558], [816, 702]]",,"[[1338, 102], [432, 588]]",,0.4611390156574605,0.358562304566454
387,3,3,6.442999999999984,,13518,"[954, 270]",False,,True,1.0,False,medium,False,"[[1020, 552], [822, 696]]",,"[[1344, 96], [438, 582]]",,0.4611390156574605,0.358562304566454
388,3,3,6.460000000000036,,13518,"[954, 270]",False,,True,1.0,False,medium,False,"[[1026, 546], [828, 690]]",,"[[1350, 90], [444, 576]]",,-0.0578032147168253,0.2875410425992161
389,3,3,6.476999999999975,,13518,"[954, 270]",False,,True,1.0,False,medium,False,"[[1032, 540], [834, 684]]",,"[[1356, 84], [450, 570]]",,0.4623343446300103,0.3582119588124021
390,3,3,6.492999999999938,,13518,"[954, 270]",False,,True,1.0,False,medium,False,"[[1038, 534], [840, 678]]",,"[[1362, 78], [456, 564]]",,0.46486855307253966,0.3601618072711561
391,3,3,6.5090000000000146,,13518,"[954, 270]",False,,True,1.0,False,medium,False,"[[1044, 528], [846, 672]]",,"[[1368, 72], [462, 558]]",,0.46486855307253966,0.3601618072711561
392,3,3,6.524999999999977,,13518,"[954, 270]",False,,True,1.0,False,medium,False,"[[1050, 522], [852, 666]]",,"[[1374, 66], [468, 552]]",,-0.039581377898434765,0.300122462717772
393,3,3,6.54099999999994,,13518,"[954, 270]",False,,True,1.0,False,medium,False,"[[1056, 516], [858, 660]]",,"[[1380, 60], [474, 546]]",,0.46790846380972007,0.36249810032480767
394,3,3,6.557000000000016,,13518,"[954, 270]",False,,True,1.0,False,medium,False,"[[1062, 510], [864, 654]]",,"[[1386, 54], [480, 540]]",,0.46871868744003464,0.3635124046471039
395,3,3,6.573999999999955,,13518,"[954, 270]",False,,True,1.0,False,medium,False,"[[1068, 504], [870, 648]]",,"[[1392, 48], [486, 534]]",,0.4691982533879111,0.36423445732471715
396,3,3,6.5919999999999845,,13518,"[954, 270]",False,,True,1.0,False,medium,False,"[[1074, 498], [876, 642]]",,"[[1398, 42], [492, 528]]",,0.46870384661457287,0.36612316325765715
397,3,3,6.608999999999924,,13518,"[954, 270]",False,,True,1.0,False,medium,False,"[[1080, 492], [882, 636]]",,"[[1404, 36], [498, 522]]",,0.46870384661457287,0.36612316325765715
398,3,3,6.625999999999976,,13518,"[954, 270]",False,,True,1.0,False,medium,False,"[[1086, 486], [888, 630]]",,"[[1410, 30], [504, 516]]",,0.46795503843214725,0.3671004601856228
399,3,3,6.643000000000029,,13518,"[954, 270]",False,,True,1.0,False,medium,False,"[[1092, 480], [894, 624]]",,"[[1416, 24], [510, 510]]",,-0.051229874827184926,0.30806172614995
400,3,3,6.658999999999992,,13518,"[954, 270]",False,,True,1.0,False,medium,False,"[[1098, 474], [900, 618]]",,"[[1422, 18], [516, 504]]",,0.4560825653420362,0.3551451097794548
401,3,3,6.675999999999931,,13518,"[954, 270]",False,,True,1.0,False,medium,False,"[[1104, 468], [906, 612]]",,"[[1428, 12], [522, 498]]",,0.4560825653420362,0.3551451097794548
402,3,3,6.692999999999984,,13518,"[954, 270]",False,,True,1.0,False,medium,False,"[[1110, 462], [912, 606]]",,"[[1434, 6], [528, 492]]",,-0.0445057152704198,0.31349486549735683
403,3,3,6.708999999999946,,13518,"[954, 270]",False,,True,0.0,False,medium,False,"[[1116, 456], [918, 600]]",,"[[1440, 0], [534, 486], [1440, 810]]",,-0.0445057152704198,0.31349486549735683
404,3,3,6.725999999999999,,13518,"[954, 270]",False,,True,0.0,False,medium,False,"[[1122, 450], [924, 594]]",,"[[534, 480], [1440, 804]]",,0.4557694816116379,0.3522750285005444
405,3,3,6.742999999999938,,13518,"[954, 270]",False,Right,True,0.0,False,medium,False,"[[1122, 444], [924, 588]]",,"[[528, 474], [1434, 798]]",,-0.04530506583419767,0.3141829510380264
406,3,3,6.759999999999991,,13518,"[954, 270]",False,Right,True,0.0,False,medium,False,"[[1116, 438], [918, 582]]",,"[[522, 468], [1428, 792]]",,-0.06146960908814023,0.3049359062977943
407,3,3,6.77699999999993,,13518,"[954, 270]",False,Right,True,0.0,False,medium,False,"[[1110, 432], [912, 576]]",,"[[516, 462], [1422, 786]]",,-0.06146960908814023,0.3049359062977943
408,3,3,6.793999999999983,,13518,"[954, 270]",False,Right,True,0.0,False,medium,False,"[[1104, 426], [906, 570]]",,"[[510, 456], [1416, 780]]",,0.45733871213415184,0.35356283739517014
409,3,3,6.809999999999945,,13518,"[954, 270]",False,Right,True,0.0,False,medium,False,"[[1098, 420], [900, 564]]",,"[[504, 450], [1410, 774]]",,0.4577096637002673,0.3549226821305732
410,3,3,6.826000000000022,,13518,"[954, 270]",False,Right,True,0.0,False,medium,False,"[[1092, 414], [894, 558]]",,"[[498, 444], [1404, 768]]",,0.4583551266175803,0.3554613183377582
411,3,3,6.842999999999961,,13518,"[954, 270]",False,Right,True,0.0,False,medium,False,"[[1086, 408], [888, 552]]",,"[[492, 438], [1398, 762]]",,0.4583551266175803,0.3554613183377582
412,3,3,6.858999999999924,,13518,"[954, 270]",False,Right,True,0.0,False,medium,False,"[[1080, 402], [882, 546]]",,"[[486, 432], [1392, 756]]",,0.4586118493970228,0.35576960844621763
413,3,3,6.876999999999953,,13518,"[954, 270]",False,Right,True,0.0,False,medium,False,"[[1074, 396], [876, 540]]",,"[[480, 426], [1386, 750]]",,0.4590191740519002,0.35614945514467233
414,3,3,6.893000000000029,,13518,"[954, 270]",False,Right,True,0.0,False,medium,False,"[[1068, 390], [870, 534]]",,"[[474, 420], [1380, 744]]",,0.45943684428632475,0.3562806427948656
415,3,3,6.909999999999968,,13518,"[954, 270]",False,Right,True,0.0,False,medium,False,"[[1062, 384], [864, 528]]",,"[[468, 414], [1374, 738]]",,0.4591499133772836,0.3562523991220532
416,3,3,6.925999999999931,,13518,"[954, 270]",False,Right,True,0.0,False,medium,False,"[[1056, 378], [858, 522]]",,"[[462, 408], [1368, 732]]",,-0.04671588468625698,0.33026155503775767
417,3,3,6.942999999999984,,13518,"[954, 270]",False,Right,True,0.0,False,medium,False,"[[1050, 372], [852, 516]]",,"[[456, 402], [1362, 726]]",,0.4585763988694234,0.35614766876453363
418,3,3,6.960000000000036,,13518,"[954, 270]",False,Right,True,0.0,False,medium,False,"[[1044, 366], [846, 510]]",,"[[450, 396], [1356, 720]]",,0.4577296134786435,0.357438060629096
419,3,3,6.976999999999975,,13518,"[954, 270]",False,Right,True,0.0,False,medium,False,"[[1038, 360], [840, 504]]",,"[[444, 390], [1350, 714]]",,0.4577296134786435,0.357438060629096
420,3,3,7.0,,13518,"[954, 270]",False,,True,0.0,False,medium,False,"[[1032, 354], [834, 498]]",,"[[444, 384], [1350, 708]]",,0.4575537932516965,0.35757406854728124
421,3,3,7.0190000000000055,,13518,"[954, 270]",False,,True,0.0,False,medium,False,"[[1032, 348], [834, 492]]",,"[[444, 378], [1350, 702]]",,-0.04124390793528576,0.31264531454120414
422,3,3,7.033999999999992,,13518,"[954, 270]",False,,True,0.0,False,medium,False,"[[1032, 342], [834, 486]]",,"[[444, 372], [1350, 696]]",,0.4574288485741242,0.3591110547328975
423,3,3,7.050999999999931,,13518,"[954, 270]",False,,True,0.0,False,medium,False,"[[1032, 336], [834, 480]]",,"[[444, 366], [1350, 690]]",,0.4574288485741242,0.3591110547328975
424,3,3,7.067999999999984,,13518,"[954, 270]",False,,True,0.0,False,medium,False,"[[1032, 330], [834, 474]]",,"[[444, 360], [1350, 684]]",,-0.04785740032290198,0.32192452665367055
425,3,3,7.08299999999997,,13518,"[954, 270]",False,,True,0.0,False,medium,False,"[[1032, 324], [834, 468], [744, 810]]",,"[[444, 354], [1350, 678]]",,-0.04785740032290198,0.32192452665367055
426,3,3,7.100000000000023,,13518,"[954, 270]",False,,True,0.0,False,medium,False,"[[1032, 318], [834, 462], [744, 804]]",,"[[444, 348], [1350, 672]]",,0.46057906302948765,0.36153730495615277
427,3,3,7.116999999999962,,13518,"[954, 270]",False,,True,0.0,False,medium,False,"[[1032, 312], [834, 456], [744, 798]]",,"[[444, 342], [1350, 666]]",,0.46057906302948765,0.36153730495615277
428,3,3,7.1329999999999245,,13518,"[954, 270]",False,,True,0.0,False,medium,False,"[[1032, 306], [834, 450], [744, 792]]",,"[[444, 336], [1350, 660]]",,-0.05617050617931616,0.34190232420436883
429,3,3,7.149999999999977,,13518,"[954, 270]",False,,True,0.0,False,medium,False,"[[1032, 300], [834, 444], [744, 786]]",,"[[444, 330], [1350, 654]]",,-0.05617050617931616,0.34190232420436883
430,3,3,7.16599999999994,,13518,"[954, 270]",False,,True,0.0,False,medium,False,"[[1032, 294], [834, 438], [744, 780]]",,"[[444, 324], [1350, 648]]",,0.4615330806775971,0.3639673763529685
431,3,3,7.182999999999993,,13518,"[954, 270]",False,,True,0.0,False,medium,False,"[[1032, 288], [834, 432], [744, 774]]",,"[[444, 318], [1350, 642]]",,0.4615330806775971,0.3639673763529685
432,3,3,7.199999999999932,,13518,"[954, 270]",False,,True,0.0,False,medium,False,"[[1032, 282], [834, 426], [744, 768]]",,"[[444, 312], [1350, 636]]",,-0.051483499619705594,0.30112763852312185
433,3,3,7.216000000000008,,13518,"[954, 270]",False,,True,-1.0,False,medium,False,"[[1032, 276], [834, 420], [744, 762]]",,"[[444, 306], [1350, 630]]",,-0.051483499619705594,0.30112763852312185
434,3,3,7.232999999999947,,13518,"[954, 270]",False,,True,-1.0,False,medium,False,"[[1032, 270], [834, 414], [744, 756]]",,"[[438, 300], [1344, 624]]",,0.4615866921076389,0.36614183026981406
435,3,3,7.249000000000024,,13518,"[954, 270]",False,,True,-1.0,False,medium,False,"[[1026, 264], [828, 408], [738, 750]]",,"[[432, 294], [1338, 618]]",,0.4615866921076389,0.36614183026981406
436,3,3,7.265999999999963,,13518,"[954, 270]",False,Left,True,-1.0,False,medium,False,"[[1020, 258], [822, 402], [732, 744]]",,"[[432, 288], [1338, 612]]",,-0.0541621365157396,0.3123709168711477
437,3,3,7.281999999999925,,13518,"[954, 270]",False,Left,True,-1.0,False,medium,False,"[[1020, 252], [822, 396], [732, 738]]",,"[[432, 282], [1338, 606]]",,-0.0541621365157396,0.3123709168711477
438,3,3,7.298000000000002,,13518,"[954, 270]",False,Left,True,-1.0,False,medium,False,"[[1020, 246], [822, 390], [732, 732]]",,"[[432, 276], [1338, 600]]",,0.463103983406641,0.35940616561829275
439,3,3,7.314999999999941,,13518,"[954, 270]",False,Left,True,-1.0,False,medium,False,"[[1020, 240], [822, 384], [732, 726]]",,"[[432, 270], [1338, 594]]",,0.463103983406641,0.35940616561829275
440,3,3,7.331000000000017,,13518,"[954, 270]",False,Left,True,-1.0,False,medium,False,"[[1020, 234], [822, 378], [732, 720]]",,"[[432, 264], [1338, 588]]",,0.4640808856563421,0.3584818952849118
441,3,3,7.347999999999956,,13518,"[954, 270]",False,Left,True,-1.0,False,medium,False,"[[1020, 228], [822, 372], [732, 714]]",,"[[432, 258], [1338, 582]]",,-0.059402422832499815,0.3109024533313336
442,3,3,7.365000000000009,,13518,"[954, 270]",False,Left,True,-1.0,False,medium,False,"[[1020, 222], [822, 366], [732, 708]]",,"[[432, 252], [1338, 576]]",,0.4654375923441454,0.36044137457785064
443,3,3,7.3829999999999245,,13518,"[954, 270]",False,,True,-1.0,False,medium,False,"[[1020, 216], [822, 360], [732, 702], [660, 810]]",,"[[426, 246], [1332, 570]]",,-0.05060667838632771,0.3639292867161448
444,3,3,7.399999999999977,,13518,"[954, 270]",False,,True,-1.0,False,medium,False,"[[1014, 210], [816, 354], [726, 696], [654, 804]]",,"[[420, 240], [1326, 564]]",,0.46719258447114526,0.36279968499856063
445,3,3,7.41599999999994,,13518,"[954, 270]",False,,True,-1.0,False,medium,False,"[[1008, 204], [810, 348], [720, 690], [648, 798]]",,"[[414, 234], [1320, 558]]",,0.46719258447114526,0.36279968499856063
446,3,3,7.432999999999993,,13518,"[954, 270]",False,,True,-1.0,False,medium,False,"[[1002, 198], [804, 342], [714, 684], [642, 792], [876, 810]]",,"[[408, 228], [1314, 552]]",,0.46751007574132364,0.3648362034152055
447,3,3,7.448999999999955,,13518,"[954, 270]",False,Right,True,-1.0,False,medium,False,"[[996, 192], [798, 336], [708, 678], [636, 786], [870, 804]]",,"[[396, 222], [1302, 546]]",,0.46751007574132364,0.3648362034152055
448,3,3,7.465000000000032,,13518,"[954, 270]",False,Right,True,-1.0,False,medium,False,"[[984, 186], [786, 330], [696, 672], [624, 780], [858, 798]]",,"[[384, 216], [1290, 540]]",,0.46724894466027306,0.3661935559177206
449,3,3,7.481999999999971,,13518,"[954, 270]",False,Right,True,-1.0,False,medium,False,"[[972, 180], [774, 324], [684, 666], [612, 774], [846, 792]]",,"[[372, 210], [1278, 534]]",,0.46724894466027306,0.3661935559177206
450,3,3,7.497999999999934,,13518,"[954, 270]",False,Right,True,-1.0,False,medium,False,"[[960, 174], [762, 318], [672, 660], [600, 768], [834, 786]]",,"[[360, 204], [1266, 528]]",,0.4673112331159356,0.3691059433278231
451,3,3,7.51400000000001,,13518,"[954, 270]",False,Right,True,-1.0,False,medium,False,"[[948, 168], [750, 312], [660, 654], [588, 762], [822, 780]]",,"[[348, 198], [1254, 522]]",,0.4673112331159356,0.3691059433278231
452,3,3,7.530999999999949,,13518,"[954, 270]",False,Right,True,-1.0,False,medium,False,"[[936, 162], [738, 306], [648, 648], [576, 756], [810, 774], [594, 810]]",,"[[336, 192], [1242, 516]]",,0.4673399809672916,0.37100241174721116
453,3,3,7.548000000000002,,13518,"[954, 270]",False,Right,True,-1.0,False,medium,False,"[[924, 156], [726, 300], [636, 642], [564, 750], [798, 768], [582, 804]]",,"[[324, 186], [1230, 510]]",,0.46736867570327023,0.3712208693101593
454,3,3,7.5639999999999645,,13518,"[954, 270]",False,Right,True,-1.0,False,medium,False,"[[912, 150], [714, 294], [624, 636], [552, 744], [786, 762], [570, 798]]",,"[[312, 180], [1218, 504]]",,0.46719512352039716,0.37244068795191576
455,3,3,7.581000000000017,,13518,"[954, 270]",False,Right,True,-1.0,False,medium,False,"[[900, 144], [702, 288], [612, 630], [540, 738], [774, 756], [558, 792]]",,"[[300, 174], [1206, 498]]",,0.46719512352039716,0.37244068795191576
456,3,3,7.59699999999998,,13518,"[954, 270]",False,Right,True,-1.0,False,medium,False,"[[888, 138], [690, 282], [600, 624], [528, 732], [762, 750], [546, 786]]",,"[[288, 168], [1194, 492]]",,0.4680027226515183,0.3729674033386223
457,3,3,7.612999999999943,,13518,"[954, 270]",False,Right,True,-1.0,False,medium,False,"[[876, 132], [678, 276], [588, 618], [516, 726], [750, 744], [534, 780]]",,"[[276, 162], [1182, 486]]",,0.4682933611123496,0.3732678201362333
458,3,3,7.629000000000019,,13518,"[954, 270]",False,Right,True,-1.0,False,medium,False,"[[864, 126], [666, 270], [576, 612], [504, 720], [738, 738], [522, 774], [882, 810]]",,"[[264, 156], [1170, 480]]",,0.46859191164392744,0.37267476000525757
459,3,3,7.645999999999958,,13518,"[954, 270]",False,Right,True,-1.0,False,medium,False,"[[852, 120], [654, 264], [564, 606], [492, 714], [726, 732], [510, 768], [870, 804]]",,"[[252, 150], [1158, 474]]",,-0.05117891491013511,0.33596415405027513
460,3,3,7.663000000000011,,13518,"[954, 270]",False,,True,-1.0,False,medium,False,"[[840, 114], [642, 258], [552, 600], [480, 708], [714, 726], [498, 762], [858, 798]]",,"[[246, 144], [1152, 468]]",,-0.05517794585446918,0.27677180227597364
461,3,3,7.678999999999974,,13518,"[954, 270]",False,Left,True,-1.0,False,medium,False,"[[834, 108], [636, 252], [546, 594], [474, 702], [708, 720], [492, 756], [852, 792]]",,"[[246, 138], [1152, 462]]",,0.4630642248083718,0.36010408234716007
462,3,3,7.69399999999996,,13518,"[954, 270]",False,Left,True,-1.0,False,medium,False,"[[834, 102], [636, 246], [546, 588], [474, 696], [708, 714], [492, 750], [852, 786]]",,"[[246, 132], [1152, 456]]",,0.4630642248083718,0.36010408234716007
463,3,3,7.711000000000013,,13518,"[954, 270]",False,Left,True,-1.0,False,medium,False,"[[834, 96], [636, 240], [546, 582], [474, 690], [708, 708], [492, 744], [852, 780]]",,"[[246, 126], [1152, 450]]",,0.46179684090056805,0.3576727995865584
464,3,3,7.726999999999975,,13518,"[954, 270]",False,Left,True,-1.0,False,medium,False,"[[834, 90], [636, 234], [546, 576], [474, 684], [708, 702], [492, 738], [852, 774]]",,"[[246, 120], [1152, 444]]",,0.46179684090056805,0.3576727995865584
465,3,3,7.742999999999938,,13518,"[954, 270]",False,Left,True,-1.0,False,medium,False,"[[834, 84], [636, 228], [546, 570], [474, 678], [708, 696], [492, 732], [852, 768]]",,"[[246, 114], [1152, 438]]",,0.46218926792125786,0.3575689055221122
466,3,3,7.759999999999991,,13518,"[954, 270]",False,Left,True,-1.0,False,medium,False,"[[834, 78], [636, 222], [546, 564], [474, 672], [708, 690], [492, 726], [852, 762]]",,"[[246, 108], [1152, 432]]",,0.46218926792125786,0.3575689055221122
467,3,3,7.775999999999954,,13518,"[954, 270]",False,Left,True,-1.0,False,medium,False,"[[834, 72], [636, 216], [546, 558], [474, 666], [708, 684], [492, 720], [852, 756]]",,"[[246, 102], [1152, 426]]",,0.4620074868177949,0.3601434693901061
468,3,3,7.79200000000003,,13518,"[954, 270]",False,Left,True,-1.0,False,medium,False,"[[834, 66], [636, 210], [546, 552], [474, 660], [708, 678], [492, 714], [852, 750]]",,"[[246, 96], [1152, 420]]",,0.4620074868177949,0.3601434693901061
469,3,3,7.807999999999993,,13518,"[954, 270]",False,Left,True,-1.0,False,medium,False,"[[834, 60], [636, 204], [546, 546], [474, 654], [708, 672], [492, 708], [852, 744]]",,"[[246, 90], [1152, 414]]",,0.4615337604656603,0.3619353249078989
470,3,3,7.824999999999932,,13518,"[954, 270]",False,Left,True,-1.0,False,medium,False,"[[834, 54], [636, 198], [546, 540], [474, 648], [708, 666], [492, 702], [852, 738]]",,"[[246, 84], [1152, 408]]",,0.4615337604656603,0.3619353249078989
471,3,3,7.841000000000008,,13518,"[954, 270]",False,Left,True,-1.0,False,medium,False,"[[834, 48], [636, 192], [546, 534], [474, 642], [708, 660], [492, 696], [852, 732]]",,"[[246, 78], [1152, 402]]",,0.4614378678013199,0.3633882496653562
472,3,3,7.857999999999947,,13518,"[954, 270]",False,Left,True,-1.0,False,medium,False,"[[834, 42], [636, 186], [546, 528], [474, 636], [708, 654], [492, 690], [852, 726]]",,"[[246, 72], [1152, 396]]",,0.4614378678013199,0.3633882496653562
473,3,3,7.874000000000024,,13518,"[954, 270]",False,Left,True,-1.0,False,medium,False,"[[834, 36], [636, 180], [546, 522], [474, 630], [708, 648], [492, 684], [852, 720]]",,"[[246, 66], [1152, 390]]",,0.46203782614517425,0.3641551668065405
474,3,3,7.890999999999963,,13518,"[954, 270]",False,Left,True,-1.0,False,medium,False,"[[834, 30], [636, 174], [546, 516], [474, 624], [708, 642], [492, 678], [852, 714]]",,"[[246, 60], [1152, 384]]",,0.46203782614517425,0.3641551668065405
475,3,3,7.9080000000000155,,13518,"[954, 270]",False,Left,True,-1.0,False,medium,False,"[[834, 24], [636, 168], [546, 510], [474, 618], [708, 636], [492, 672], [852, 708]]",,"[[246, 54], [1152, 378]]",,-0.053147669133405365,0.37770007501538205
476,3,3,7.9249999999999545,,13518,"[954, 270]",False,Left,True,-1.0,False,medium,False,"[[834, 18], [636, 162], [546, 504], [474, 612], [708, 630], [492, 666], [852, 702]]",,"[[246, 48], [1152, 372]]",,-0.053147669133405365,0.37770007501538205
477,3,3,7.942000000000007,,13518,"[954, 270]",False,Left,True,-1.0,False,medium,False,"[[834, 12], [636, 156], [546, 498], [474, 606], [708, 624], [492, 660], [852, 696]]",,"[[246, 42], [1152, 366]]",,0.46345825936675256,0.36761543297389343
478,3,3,7.958999999999946,,13518,"[954, 270]",False,Left,True,-1.0,False,medium,False,"[[834, 6], [636, 150], [546, 492], [474, 600], [708, 618], [492, 654], [852, 690]]",,"[[246, 36], [1152, 360]]",,0.46345825936675256,0.36761543297389343
479,3,3,7.976999999999975,,13518,"[954, 270]",False,Left,True,-1.0,False,medium,False,"[[834, 0], [636, 144], [546, 486], [474, 594], [708, 612], [492, 648], [852, 684], [834, 810]]",,"[[246, 30], [1152, 354]]",,-0.054021525052846006,0.3439537029686156
480,3,3,7.994000000000028,,13518,"[954, 270]",False,Left,True,-1.0,False,medium,False,"[[636, 138], [546, 480], [474, 588], [708, 606], [492, 642], [852, 678], [834, 804]]",,"[[246, 24], [1152, 348]]",,-0.054021525052846006,0.3439537029686156
481,3,3,8.010999999999967,,13518,"[954, 270]",False,Left,True,-1.0,False,medium,False,"[[636, 132], [546, 474], [474, 582], [708, 600], [492, 636], [852, 672], [834, 798]]",,"[[246, 18], [1152, 342]]",,0.4632398563414353,0.36896520794264775
482,3,3,8.02699999999993,,13518,"[954, 270]",False,Left,True,-1.0,False,medium,False,"[[636, 126], [546, 468], [474, 576], [708, 594], [492, 630], [852, 666], [834, 792]]",,"[[246, 12], [1152, 336]]",,0.4632398563414353,0.36896520794264775
483,3,3,8.043999999999983,,13518,"[954, 270]",False,Left,True,-1.0,False,medium,False,"[[636, 120], [546, 462], [474, 570], [708, 588], [492, 624], [852, 660], [834, 786]]",,"[[246, 6], [1152, 330]]",,0.4616942470728171,0.36730074998152495
484,3,3,8.061000000000035,,13518,"[954, 270]",False,Left,True,0.0,False,medium,False,"[[636, 114], [546, 456], [474, 564], [708, 582], [492, 618], [852, 654], [834, 780]]",,"[[246, 0], [1152, 324]]",,0.4616942470728171,0.36730074998152495
485,3,3,8.077999999999975,,13518,"[954, 270]",False,Left,True,0.0,False,medium,False,"[[636, 108], [546, 450], [474, 558], [708, 576], [492, 612], [852, 648], [834, 774], [960, 810]]",,"[[1158, 318]]",,0.45983741834632924,0.36734597682930314
486,3,3,8.093999999999937,,13518,"[954, 270]",False,Left,True,0.0,False,medium,False,"[[642, 102], [552, 444], [480, 552], [714, 570], [498, 606], [858, 642], [840, 768], [966, 804]]",,"[[1164, 312]]",,0.45983741834632924,0.36734597682930314
487,3,3,8.11099999999999,,13518,"[954, 270]",False,Left,True,1.0,False,medium,False,"[[648, 96], [558, 438], [486, 546], [720, 564], [504, 600], [864, 636], [846, 762], [972, 798]]",,"[[1170, 306]]",,0.4584057466484091,0.3666410965329928
488,3,3,8.126999999999953,,13518,"[954, 270]",False,Left,True,1.0,False,medium,False,"[[654, 90], [564, 432], [492, 540], [726, 558], [510, 594], [870, 630], [852, 756], [978, 792]]",,"[[1182, 300]]",,0.4584057466484091,0.3666410965329928
489,3,3,8.143000000000029,,13518,"[954, 270]",False,Left,True,1.0,False,medium,False,"[[666, 84], [576, 426], [504, 534], [738, 552], [522, 588], [882, 624], [864, 750], [990, 786]]",,"[[1194, 294]]",,0.454009968722085,0.3613194012875701
490,3,3,8.158999999999992,,13518,"[954, 270]",False,Left,True,1.0,False,medium,False,"[[678, 78], [588, 420], [516, 528], [750, 546], [534, 582], [894, 618], [876, 744], [1002, 780]]",,"[[1206, 288]]",,0.454009968722085,0.3613194012875701
491,3,3,8.174999999999955,,13518,"[954, 270]",False,Left,True,1.0,False,medium,False,"[[690, 72], [600, 414], [528, 522], [762, 540], [546, 576], [906, 612], [888, 738], [1014, 774]]",,"[[1218, 282]]",,-0.05870264020315465,0.3233126855168017
492,3,3,8.19399999999996,,13518,"[954, 270]",False,Left,True,1.0,False,medium,False,"[[702, 66], [612, 408], [540, 516], [774, 534], [558, 570], [918, 606], [900, 732], [1026, 768]]",,"[[1230, 276]]",,-0.05870264020315465,0.3233126855168017
493,3,3,8.208999999999946,,13518,"[954, 270]",False,,True,1.0,False,medium,False,"[[714, 60], [624, 402], [552, 510], [786, 528], [570, 564], [930, 600], [912, 726], [1038, 762]]",,"[[1236, 270]]",,0.45223068127826715,0.3472711704157009
494,3,3,8.225000000000023,,13518,"[954, 270]",False,,True,1.0,False,medium,False,"[[720, 54], [630, 396], [558, 504], [792, 522], [576, 558], [936, 594], [918, 720], [1044, 756]]",,"[[1242, 264]]",,0.45223068127826715,0.3472711704157009
495,3,3,8.240999999999985,,13518,"[954, 270]",False,,True,1.0,False,medium,False,"[[726, 48], [636, 390], [564, 498], [798, 516], [582, 552], [942, 588], [924, 714], [1050, 750]]",,"[[1248, 258]]",,0.4540153347010115,0.34734298346208636
496,3,3,8.256999999999948,,13518,"[954, 270]",False,,True,1.0,False,medium,False,"[[732, 42], [642, 384], [570, 492], [804, 510], [588, 546], [948, 582], [930, 708], [1056, 744]]",,"[[1254, 252]]",,0.4540153347010115,0.34734298346208636
497,3,3,8.274000000000001,,13518,"[954, 270]",False,,True,1.0,False,medium,False,"[[738, 36], [648, 378], [576, 486], [810, 504], [594, 540], [954, 576], [936, 702], [1062, 738]]",,"[[1260, 246]]",,0.45492232853249864,0.3493691597560955
498,3,3,8.289999999999964,,13518,"[954, 270]",False,,True,1.0,False,medium,False,"[[744, 30], [654, 372], [582, 480], [816, 498], [600, 534], [960, 570], [942, 696], [1068, 732]]",,"[[1266, 240]]",,0.45492232853249864,0.3493691597560955
499,3,3,8.307000000000016,,13518,"[954, 270]",False,,True,1.0,False,medium,False,"[[750, 24], [660, 366], [588, 474], [822, 492], [606, 528], [966, 564], [948, 690], [1074, 726]]",,"[[1272, 234]]",,0.45611625092715025,0.3509468579932091
500,3,3,8.323999999999955,,13518,"[954, 270]",False,,True,1.0,False,medium,False,"[[756, 18], [666, 360], [594, 468], [828, 486], [612, 522], [972, 558], [954, 684], [1080, 720]]",,"[[1278, 228]]",,0.45611625092715025,0.3509468579932091
501,3,3,8.340000000000032,,13518,"[954, 270]",False,,True,1.0,False,medium,False,"[[762, 12], [672, 354], [600, 462], [834, 480], [618, 516], [978, 552], [960, 678], [1086, 714]]",,"[[1284, 222]]",,0.45809670502059135,0.3504145534808736
502,3,3,8.356999999999971,,13518,"[954, 270]",False,,True,1.0,False,medium,False,"[[768, 6], [678, 348], [606, 456], [840, 474], [624, 510], [984, 546], [966, 672], [1092, 708]]",,"[[1290, 216]]",,0.45809670502059135,0.3504145534808736
503,3,3,8.374000000000024,,13518,"[954, 270]",False,,True,1.0,False,medium,False,"[[774, 0], [684, 342], [612, 450], [846, 468], [630, 504], [990, 540], [972, 666], [1098, 702]]",,"[[1296, 210]]",,-0.0998692347333753,0.3524809632822071
504,3,3,8.390999999999963,,13518,"[954, 270]",False,,True,1.0,False,medium,False,"[[690, 336], [618, 444], [852, 462], [636, 498], [996, 534], [978, 660], [1104, 696]]",,"[[1302, 204]]",,-0.0998692347333753,0.3524809632822071
505,3,3,8.406999999999925,,13518,"[954, 270]",False,,True,1.0,False,medium,False,"[[696, 330], [624, 438], [858, 456], [642, 492], [1002, 528], [984, 654], [1110, 690]]",,"[[1308, 198]]",,0.4610308744073756,0.3493063177352903
506,3,3,8.423000000000002,,13518,"[954, 270]",False,,True,1.0,False,medium,False,"[[702, 324], [630, 432], [864, 450], [648, 486], [1008, 522], [990, 648], [1116, 684]]",,"[[1314, 192]]",,0.4610308744073756,0.3493063177352903
507,3,3,8.43999999999994,,13518,"[954, 270]",False,,True,1.0,False,medium,False,"[[708, 318], [636, 426], [870, 444], [654, 480], [1014, 516], [996, 642], [1122, 678]]",,"[[1320, 186]]",,0.4604475362040432,0.3494370417172241
508,3,3,8.456000000000017,,13518,"[954, 270]",False,,True,1.0,False,medium,False,"[[714, 312], [642, 420], [876, 438], [660, 474], [1020, 510], [1002, 636], [1128, 672]]",,"[[1326, 180]]",,0.4604475362040432,0.3494370417172241
509,3,3,8.472999999999956,,13518,"[954, 270]",False,,True,1.0,False,medium,False,"[[720, 306], [648, 414], [882, 432], [666, 468], [1026, 504], [1008, 630], [1134, 666]]",,"[[1332, 174]]",,0.45977814488972735,0.3491205451696372
510,3,3,8.490000000000009,,13518,"[954, 270]",False,,True,1.0,False,medium,False,"[[726, 300], [654, 408], [888, 426], [672, 462], [1032, 498], [1014, 624], [1140, 660]]",,"[[1338, 168]]",,0.45977814488972735,0.3491205451696372
511,3,3,8.506999999999948,,13518,"[954, 270]",False,,True,1.0,False,medium,False,"[[732, 294], [660, 402], [894, 420], [678, 456], [1038, 492], [1020, 618], [1146, 654]]",,"[[1344, 162]]",,0.45832546232051785,0.34970370855409727
512,3,3,8.523000000000025,,13518,"[954, 270]",False,,True,1.0,False,medium,False,"[[738, 288], [666, 396], [900, 414], [684, 450], [1044, 486], [1026, 612], [1152, 648]]",,"[[1350, 156]]",,0.45832546232051785,0.34970370855409727
513,3,3,8.538999999999987,,13518,"[954, 270]",False,,True,1.0,False,medium,False,"[[744, 282], [672, 390], [906, 408], [690, 444], [1050, 480], [1032, 606], [1158, 642]]",,"[[1356, 150]]",,-0.08573051324712813,0.31848390636869783
514,3,3,8.555999999999926,,13518,"[954, 270]",False,,True,1.0,False,medium,False,"[[750, 276], [678, 384], [912, 402], [696, 438], [1056, 474], [1038, 600], [1164, 636]]",,"[[1362, 144]]",,-0.08573051324712813,0.31848390636869783
515,3,3,8.571000000000026,,13518,"[954, 270]",False,,True,1.0,False,medium,False,"[[756, 270], [684, 378], [918, 396], [702, 432], [1062, 468], [1044, 594], [1170, 630]]",,"[[1368, 138]]",,0.4573358462916118,0.35039580309544627
516,3,3,8.586999999999989,,13518,"[954, 270]",False,,True,1.0,False,medium,False,"[[762, 264], [690, 372], [924, 390], [708, 426], [1068, 462], [1050, 588], [1176, 624]]",,"[[1374, 132]]",,-0.09579114537470401,0.3368632097222187
517,3,3,8.603999999999928,,13518,"[954, 270]",False,,True,1.0,False,medium,False,"[[768, 258], [696, 366], [930, 384], [714, 420], [1074, 456], [1056, 582], [1182, 618]]",,"[[1380, 126]]",,0.4481820714189637,0.3409274289918134
518,3,3,8.620000000000005,,13518,"[954, 270]",False,,True,1.0,False,medium,False,"[[774, 252], [702, 360], [936, 378], [720, 414], [1080, 450], [1062, 576], [1188, 612]]",,"[[1386, 120]]",,0.4481820714189637,0.3409274289918134
519,3,3,8.636999999999944,,13518,"[954, 270]",False,,True,1.0,False,medium,False,"[[780, 246], [708, 354], [942, 372], [726, 408], [1086, 444], [1068, 570], [1194, 606]]",,"[[1392, 114]]",,0.4483397316063833,0.339622513777435
520,3,3,8.65300000000002,,13518,"[954, 270]",False,,True,1.0,False,medium,False,"[[786, 240], [714, 348], [948, 366], [732, 402], [1092, 438], [1074, 564], [1200, 600]]",,"[[1398, 108]]",,0.4483397316063833,0.339622513777435
521,3,3,8.668999999999983,,13518,"[954, 270]",False,,True,1.0,False,medium,False,"[[792, 234], [720, 342], [954, 360], [738, 396], [1098, 432], [1080, 558], [1206, 594]]",,"[[1404, 102]]",,0.44830092933378723,0.33896372379243267
522,3,3,8.684999999999945,,13518,"[954, 270]",False,,True,1.0,False,medium,False,"[[798, 228], [726, 336], [960, 354], [744, 390], [1104, 426], [1086, 552], [1212, 588]]",,"[[1410, 96]]",,-0.09030309359813851,0.3556045877279208
523,3,3,8.701000000000022,,13518,"[954, 270]",False,,True,1.0,False,medium,False,"[[804, 222], [732, 330], [966, 348], [750, 384], [1110, 420], [1092, 546], [1218, 582]]",,"[[1416, 90]]",,-0.08082276833522517,0.3970769186896962
524,3,3,8.717999999999961,,13518,"[954, 270]",False,,True,1.0,False,medium,False,"[[810, 216], [738, 324], [972, 342], [756, 378], [1116, 414], [1098, 540], [1224, 576]]",,"[[1422, 84]]",,0.4495276051157241,0.33974130456707197
525,3,3,8.733999999999924,,13518,"[954, 270]",False,Left,True,1.0,False,medium,False,"[[816, 210], [744, 318], [978, 336], [762, 372], [1122, 408], [1104, 534], [1230, 570]]",,"[[1434, 78]]",,0.44996234518581907,0.3397919980302111
526,3,3,8.750999999999976,,13518,"[954, 270]",False,Left,True,1.0,False,medium,False,"[[828, 204], [756, 312], [990, 330], [774, 366], [1134, 402], [1116, 528], [1242, 564]]",,"[[1446, 72]]",,-0.09522617799294109,0.34243854739490764
527,3,3,8.765999999999963,,13518,"[954, 270]",False,Left,True,1.0,False,medium,False,"[[840, 198], [768, 306], [1002, 324], [786, 360], [1146, 396], [1128, 522], [1254, 558]]",,"[[1458, 66]]",,-0.09522617799294109,0.34243854739490764
528,3,3,8.781999999999925,,13518,"[954, 270]",False,Left,True,1.0,False,medium,False,"[[852, 192], [780, 300], [1014, 318], [798, 354], [1158, 390], [1140, 516], [1266, 552]]",,"[[1470, 60]]",,-0.09836416040310354,0.35367379422004463
529,3,3,8.798000000000002,,13518,"[954, 270]",False,Left,True,1.0,False,medium,False,"[[864, 186], [792, 294], [1026, 312], [810, 348], [1170, 384], [1152, 510], [1278, 546]]",,"[[1482, 54]]",,-0.09836416040310354,0.35367379422004463
530,3,3,8.813999999999965,,13518,"[954, 270]",False,Left,True,1.0,False,medium,False,"[[876, 180], [804, 288], [1038, 306], [822, 342], [1182, 378], [1164, 504], [1290, 540]]",,"[[1494, 48]]",,0.4520328720956395,0.34499328711786537
531,3,3,8.829999999999927,,13518,"[954, 270]",False,Left,True,1.0,False,medium,False,"[[888, 174], [816, 282], [1050, 300], [834, 336], [1194, 372], [1176, 498], [1302, 534]]",,"[[1506, 42]]",,0.4520328720956395,0.34499328711786537
532,3,3,8.847999999999956,,13518,"[954, 270]",False,Left,True,1.0,False,medium,False,"[[900, 168], [828, 276], [1062, 294], [846, 330], [1206, 366], [1188, 492], [1314, 528]]",,"[[1518, 36]]",,0.4540346311161077,0.3483339234791164
533,3,3,8.865000000000009,,13518,"[954, 270]",False,Left,True,1.0,False,medium,False,"[[912, 162], [840, 270], [1074, 288], [858, 324], [1218, 360], [1200, 486], [1326, 522]]",,"[[1530, 30]]",,0.4540346311161077,0.3483339234791164
534,3,3,8.881999999999948,,13518,"[954, 270]",False,Left,True,1.0,False,medium,False,"[[924, 156], [852, 264], [1086, 282], [870, 318], [1230, 354], [1212, 480], [1338, 516]]",,"[[1542, 24]]",,-0.09026950571912833,0.3613463164386468
535,3,3,8.898000000000025,,13518,"[954, 270]",False,Left,True,1.0,False,medium,False,"[[936, 150], [864, 258], [1098, 276], [882, 312], [1242, 348], [1224, 474], [1350, 510]]",,"[[1554, 18]]",,-0.09026950571912833,0.3613463164386468
536,3,3,8.913999999999987,,13518,"[954, 270]",False,Left,True,1.0,False,medium,False,"[[948, 144], [876, 252], [1110, 270], [894, 306], [1254, 342], [1236, 468], [1362, 504]]",,"[[1566, 12]]",,0.4548927699094797,0.34853991360663916
537,3,3,8.930999999999926,,13518,"[954, 270]",False,,True,1.0,False,medium,False,"[[960, 138], [888, 246], [1122, 264], [906, 300], [1266, 336], [1248, 462], [1374, 498]]",,"[[1572, 6]]",,0.4548927699094797,0.34853991360663916
538,3,3,8.947999999999979,,13518,"[954, 270]",False,,True,0.0,False,medium,False,"[[966, 132], [894, 240], [1128, 258], [912, 294], [1272, 330], [1254, 456], [1380, 492]]",,"[[1578, 0]]",,-0.09763273967161093,0.35915193722264804
539,3,3,8.963999999999942,,13518,"[954, 270]",False,,True,0.0,False,medium,False,"[[972, 126], [900, 234], [1134, 252], [918, 288], [1278, 324], [1260, 450], [1386, 486]]",,[],,-0.09763273967161093,0.35915193722264804
540,3,3,8.981999999999971,,13518,"[954, 270]",False,Right,True,0.0,False,medium,False,"[[972, 120], [900, 228], [1134, 246], [918, 282], [1278, 318], [1260, 444], [1386, 480]]",,[],,0.4578999077328437,0.354307992284684
541,3,3,9.004999999999995,,13518,"[954, 270]",False,Right,True,0.0,False,medium,False,"[[966, 114], [894, 222], [1128, 240], [912, 276], [1272, 312], [1254, 438], [1380, 474]]",,[],,-0.08496527164752221,0.3797624761525188
542,3,3,9.020999999999958,,13518,"[954, 270]",False,Right,True,0.0,False,medium,False,"[[960, 108], [888, 216], [1122, 234], [906, 270], [1266, 306], [1248, 432], [1374, 468]]",,[],,-0.08496527164752221,0.3797624761525188
543,3,3,9.038000000000011,,13518,"[954, 270]",False,Right,True,0.0,False,medium,False,"[[954, 102], [882, 210], [1116, 228], [900, 264], [1260, 300], [1242, 426], [1368, 462]]",,[],,-0.07907610140006369,0.3721734563721293
544,3,3,9.05499999999995,,13518,"[954, 270]",False,Right,True,0.0,False,medium,False,"[[948, 96], [876, 204], [1110, 222], [894, 258], [1254, 294], [1236, 420], [1362, 456]]",,[],,0.4601088465176423,0.3558581941297514
545,3,3,9.071000000000026,,13518,"[954, 270]",False,Right,True,0.0,False,medium,False,"[[942, 90], [870, 198], [1104, 216], [888, 252], [1248, 288], [1230, 414], [1356, 450]]",,[],,-0.07694799184350502,0.3514761592878951
546,3,3,9.087999999999965,,13518,"[954, 270]",False,Right,True,0.0,False,medium,False,"[[936, 84], [864, 192], [1098, 210], [882, 246], [1242, 282], [1224, 408], [1350, 444]]",,[],,0.46123990404646104,0.35882059235561625
547,3,3,9.103999999999928,,13518,"[954, 270]",False,Right,True,0.0,False,medium,False,"[[930, 78], [858, 186], [1092, 204], [876, 240], [1236, 276], [1218, 402], [1344, 438]]",,[],,-0.0852147977757732,0.37009616110540655
548,3,3,9.120999999999981,,13518,"[954, 270]",False,Right,True,0.0,False,medium,False,"[[924, 72], [852, 180], [1086, 198], [870, 234], [1230, 270], [1212, 396], [1338, 432]]",,[],,-0.07686267623972132,0.4120995813140662
549,3,3,9.136999999999944,,13518,"[954, 270]",False,Right,True,0.0,False,medium,False,"[[918, 66], [846, 174], [1080, 192], [864, 228], [1224, 264], [1206, 390], [1332, 426]]",,[],,0.46344838808666433,0.3608500124484423
550,3,3,9.15300000000002,,13518,"[954, 270]",False,Right,True,0.0,False,medium,False,"[[912, 60], [840, 168], [1074, 186], [858, 222], [1218, 258], [1200, 384], [1326, 420]]",,[],,0.4635575773706565,0.3609701204543082
551,3,3,9.168999999999983,,13518,"[954, 270]",False,Right,True,0.0,False,medium,False,"[[906, 54], [834, 162], [1068, 180], [852, 216], [1212, 252], [1194, 378], [1320, 414]]",,[],,-0.08575334302652164,0.39597856190998126
552,3,3,9.186000000000035,,13518,"[954, 270]",False,Right,True,0.0,False,medium,False,"[[900, 48], [828, 156], [1062, 174], [846, 210], [1206, 246], [1188, 372], [1314, 408]]",,[],,-0.10412089875834693,0.36194013561909444
553,3,3,9.202999999999975,,13518,"[954, 270]",False,Right,True,0.0,False,medium,False,"[[894, 42], [822, 150], [1056, 168], [840, 204], [1200, 240], [1182, 366], [1308, 402]]",,[],,-0.10412089875834693,0.36194013561909444
554,3,3,9.218999999999937,,13518,"[954, 270]",False,Right,True,0.0,False,medium,False,"[[888, 36], [816, 144], [1050, 162], [834, 198], [1194, 234], [1176, 360], [1302, 396]]",,[],,0.4625035229731263,0.36350180862368386
555,3,3,9.23599999999999,,13518,"[954, 270]",False,Right,True,0.0,False,medium,False,"[[882, 30], [810, 138], [1044, 156], [828, 192], [1188, 228], [1170, 354], [1296, 390]]",,[],,-0.09220887788164411,0.3582866715928219
556,3,3,9.251999999999953,,13518,"[954, 270]",False,Right,True,0.0,False,medium,False,"[[876, 24], [804, 132], [1038, 150], [822, 186], [1182, 222], [1164, 348], [1290, 384]]",,[],,0.4623820808528604,0.36450593757975425
557,3,3,9.268000000000029,,13518,"[954, 270]",False,Right,True,0.0,False,medium,False,"[[870, 18], [798, 126], [1032, 144], [816, 180], [1176, 216], [1158, 342], [1284, 378]]",,[],,0.4623820808528604,0.36450593757975425
558,3,3,9.284999999999968,,13518,"[954, 270]",False,Right,True,0.0,False,medium,False,"[[864, 12], [792, 120], [1026, 138], [810, 174], [1170, 210], [1152, 336], [1278, 372]]",,[],,0.46340752715999445,0.3648799587115331
559,3,3,9.302000000000021,,13518,"[954, 270]",False,Right,True,0.0,False,medium,False,"[[858, 6], [786, 114], [1020, 132], [804, 168], [1164, 204], [1146, 330], [1272, 366]]",,[],,0.46340752715999445,0.3648799587115331
560,3,3,9.31899999999996,,13518,"[954, 270]",False,Right,True,0.0,False,medium,False,"[[852, 0], [780, 108], [1014, 126], [798, 162], [1158, 198], [1140, 324], [1266, 360]]",,[],,-0.10213068268136691,0.3668871710379322
561,3,3,9.335000000000036,,13518,"[954, 270]",False,Right,True,0.0,False,medium,False,"[[774, 102], [1008, 120], [792, 156], [1152, 192], [1134, 318], [1260, 354]]",,[],,-0.10213068268136691,0.3668871710379322
562,3,3,9.351999999999975,,13518,"[954, 270]",False,Right,True,0.0,False,medium,False,"[[768, 96], [1002, 114], [786, 150], [1146, 186], [1128, 312], [1254, 348]]",,[],,0.45882027471868597,0.3553424219236061
563,3,3,9.367999999999938,,13518,"[954, 270]",False,Right,True,0.0,False,medium,False,"[[762, 90], [996, 108], [780, 144], [1140, 180], [1122, 306], [1248, 342]]",,[],,0.45882027471868597,0.3553424219236061
564,3,3,9.384999999999991,,13518,"[954, 270]",False,Right,True,0.0,False,medium,False,"[[756, 84], [990, 102], [774, 138], [1134, 174], [1116, 300], [1242, 336]]",,[],,0.4570092085897062,0.3529777397330638
565,3,3,9.40199999999993,,13518,"[954, 270]",False,Right,True,0.0,False,medium,False,"[[750, 78], [984, 96], [768, 132], [1128, 168], [1110, 294], [1236, 330]]",,[],,0.4570092085897062,0.3529777397330638
566,3,3,9.418999999999983,,13518,"[954, 270]",False,,True,0.0,False,medium,False,"[[744, 72], [978, 90], [762, 126], [1122, 162], [1104, 288], [1230, 324]]",,[],,0.45566577064474495,0.3511518110618018
567,3,3,9.433999999999969,,13518,"[954, 270]",False,,True,0.0,False,medium,False,"[[744, 66], [978, 84], [762, 120], [1122, 156], [1104, 282], [1230, 318]]",,[],,0.45566577064474495,0.3511518110618018
568,3,3,9.449999999999932,,13518,"[954, 270]",False,,True,0.0,False,medium,False,"[[744, 60], [978, 78], [762, 114], [1122, 150], [1104, 276], [1230, 312]]",,[],,-0.11084113271520923,0.35463903081619674
569,3,3,9.466999999999985,,13518,"[954, 270]",False,,True,0.0,False,medium,False,"[[744, 54], [978, 72], [762, 108], [1122, 144], [1104, 270], [1230, 306]]",,[],,-0.11084113271520923,0.35463903081619674
570,3,3,9.483999999999924,,13518,"[954, 270]",False,,True,0.0,False,medium,False,"[[744, 48], [978, 66], [762, 102], [1122, 138], [1104, 264], [1230, 300]]",,[],,0.45583713661940506,0.3513344733627386
571,3,3,9.500999999999976,,13518,"[954, 270]",False,,True,0.0,False,medium,False,"[[744, 42], [978, 60], [762, 96], [1122, 132], [1104, 258], [1230, 294]]",,[],,0.45583713661940506,0.3513344733627386
572,3,3,9.516999999999939,,13518,"[954, 270]",False,,True,0.0,False,medium,False,"[[744, 36], [978, 54], [762, 90], [1122, 126], [1104, 252], [1230, 288]]",,[],,0.45548073813768547,0.35154035277792195
573,3,3,9.533999999999992,,13518,"[954, 270]",False,,True,0.0,False,medium,False,"[[744, 30], [978, 48], [762, 84], [1122, 120], [1104, 246], [1230, 282]]",,[],,0.45548073813768547,0.35154035277792195
574,3,3,9.55099999999993,,13518,"[954, 270]",False,,True,0.0,False,medium,False,"[[744, 24], [978, 42], [762, 78], [1122, 114], [1104, 240], [1230, 276]]",,[],,0.4541929471001545,0.35156634783794194
575,3,3,9.567999999999984,,13518,"[954, 270]",False,,True,0.0,False,medium,False,"[[744, 18], [978, 36], [762, 72], [1122, 108], [1104, 234], [1230, 270]]",,[],,0.4541929471001545,0.35156634783794194
576,3,3,9.58299999999997,,13518,"[954, 270]",False,,True,0.0,False,medium,False,"[[744, 12], [978, 30], [762, 66], [1122, 102], [1104, 228], [1230, 264]]",,[],,0.45309744056805756,0.3521210533194392
577,3,3,9.600000000000023,,13518,"[954, 270]",False,,True,0.0,False,medium,False,"[[744, 6], [978, 24], [762, 60], [1122, 96], [1104, 222], [1230, 258]]",,[],,0.45309744056805756,0.3521210533194392
578,3,3,9.616999999999962,,13518,"[954, 270]",False,,True,0.0,False,medium,False,"[[744, 0], [978, 18], [762, 54], [1122, 90], [1104, 216], [1230, 252]]",,[],,-0.09235654268882909,0.4055894678900698
579,3,3,9.634000000000015,,13518,"[954, 270]",False,,True,0.0,False,medium,False,"[[978, 12], [762, 48], [1122, 84], [1104, 210], [1230, 246]]",,[],,-0.09235654268882909,0.4055894678900698
580,3,3,9.650999999999954,,13518,"[954, 270]",False,,True,0.0,False,medium,False,"[[978, 6], [762, 42], [1122, 78], [1104, 204], [1230, 240]]",,[],,-0.11141664155372348,0.3607364752697916
581,3,3,9.66700000000003,,13518,"[954, 270]",False,,True,0.0,False,medium,False,"[[978, 0], [762, 36], [1122, 72], [1104, 198], [1230, 234], [1104, 810]]",,[],,-0.11141664155372348,0.3607364752697916
582,3,3,9.682999999999993,,13518,"[954, 270]",False,,True,0.0,False,medium,False,"[[762, 30], [1122, 66], [1104, 192], [1230, 228], [1104, 804]]",,[],,0.45242012574435286,0.35224561128755383
583,3,3,9.699999999999932,,13518,"[954, 270]",False,,True,0.0,False,medium,False,"[[762, 24], [1122, 60], [1104, 186], [1230, 222], [1104, 798]]",,[],,0.45242012574435286,0.35224561128755383
584,3,3,9.716999999999985,,13518,"[954, 270]",False,,True,0.0,False,medium,False,"[[762, 18], [1122, 54], [1104, 180], [1230, 216], [1104, 792]]",,[],,0.4535161044799243,0.35387475514949596
585,3,3,9.733999999999924,,13518,"[954, 270]",False,,True,0.0,False,medium,False,"[[762, 12], [1122, 48], [1104, 174], [1230, 210], [1104, 786]]",,[],,0.4535161044799243,0.35387475514949596
586,3,3,9.75,,13518,"[954, 270]",False,,True,0.0,False,medium,False,"[[762, 6], [1122, 42], [1104, 168], [1230, 204], [1104, 780]]",,[],,0.4544157984743725,0.35532392596444207
587,3,3,9.766999999999939,,13518,"[954, 270]",False,,True,0.0,False,medium,False,"[[762, 0], [1122, 36], [1104, 162], [1230, 198], [1104, 774]]",,[],,0.4544157984743725,0.35532392596444207
588,3,3,9.783999999999992,,13518,"[954, 270]",False,,True,0.0,False,medium,False,"[[1122, 30], [1104, 156], [1230, 192], [1104, 768]]",,[],,-0.08032391908739767,0.37073162039301244
589,3,3,9.80099999999993,,13518,"[954, 270]",False,,True,0.0,False,medium,False,"[[1122, 24], [1104, 150], [1230, 186], [1104, 762]]",,[],,-0.08032391908739767,0.37073162039301244
590,3,3,9.817000000000007,,13518,"[954, 270]",False,,True,0.0,False,medium,False,"[[1122, 18], [1104, 144], [1230, 180], [1104, 756], [744, 810]]",,[],,0.456552889137121,0.3454734128480612
591,3,3,9.833999999999946,,13518,"[954, 270]",False,,True,0.0,False,medium,False,"[[1122, 12], [1104, 138], [1230, 174], [1104, 750], [744, 804]]",,[],,0.456552889137121,0.3454734128480612
592,3,3,9.850000000000023,,13518,"[954, 270]",False,,True,0.0,False,medium,False,"[[1122, 6], [1104, 132], [1230, 168], [1104, 744], [744, 798]]",,[],,0.45553588137617085,0.34508679570155065
593,3,3,9.866999999999962,,13518,"[954, 270]",False,Right,True,0.0,False,medium,False,"[[1122, 0], [1104, 126], [1230, 162], [1104, 738], [744, 792], [1104, 810], [924, 810]]",,[],,0.45553588137617085,0.34508679570155065
594,3,3,9.881999999999948,,13518,"[954, 270]",False,Right,True,0.0,False,medium,False,"[[1098, 120], [1224, 156], [1098, 732], [738, 786], [1098, 804], [918, 804]]",,[],,-0.09449676308965146,0.37678862414400593
595,3,3,9.898000000000025,,13518,"[954, 270]",False,Right,True,0.0,False,medium,False,"[[1092, 114], [1218, 150], [1092, 726], [732, 780], [1092, 798], [912, 798]]",,[],,-0.09449676308965146,0.37678862414400593
596,3,3,9.914999999999964,,13518,"[954, 270]",False,Right,True,0.0,False,medium,False,"[[1086, 108], [1212, 144], [1086, 720], [726, 774], [1086, 792], [906, 792]]",,[],,0.45466660835687767,0.34241694716160676
597,3,3,9.932999999999993,,13518,"[954, 270]",False,Right,True,0.0,False,medium,False,"[[1080, 102], [1206, 138], [1080, 714], [720, 768], [1080, 786], [900, 786]]",,[],,0.45466660835687767,0.34241694716160676
598,3,3,9.948999999999955,,13518,"[954, 270]",False,Right,True,0.0,False,medium,False,"[[1074, 96], [1200, 132], [1074, 708], [714, 762], [1074, 780], [894, 780]]",,[],,-0.08833223190552272,0.35990130985723523
599,3,3,9.965000000000032,,13518,"[954, 270]",False,Right,True,0.0,False,medium,False,"[[1068, 90], [1194, 126], [1068, 702], [708, 756], [1068, 774], [888, 774]]",,[],,-0.08833223190552272,0.35990130985723523
600,3,3,9.982999999999947,,13518,"[954, 270]",False,Right,True,0.0,False,medium,False,"[[1062, 84], [1188, 120], [1062, 696], [702, 750], [1062, 768], [882, 768]]",,[],,0.45537678177408003,0.34311245167451465
601,3,3,10.0,,13518,"[954, 270]",False,,True,0.0,False,medium,False,"[[1056, 78], [1182, 114], [1056, 690], [696, 744], [1056, 762], [876, 762]]",,[],,0.45537678177408003,0.34311245167451465
602,3,3,10.018000000000029,,13518,"[954, 270]",False,,True,0.0,False,medium,False,"[[1056, 72], [1182, 108], [1056, 684], [696, 738], [1056, 756], [876, 756]]",,[],,0.4543335910655554,0.34328145487788564
603,3,3,10.033000000000015,,13518,"[954, 270]",False,,True,0.0,False,medium,False,"[[1056, 66], [1182, 102], [1056, 678], [696, 732], [1056, 750], [876, 750]]",,[],,0.4543335910655554,0.34328145487788564
604,3,3,10.048999999999978,,13518,"[954, 270]",False,,True,0.0,False,medium,False,"[[1056, 60], [1182, 96], [1056, 672], [696, 726], [1056, 744], [876, 744]]",,[],,0.45124503169763586,0.3208220318399476
605,3,3,10.06499999999994,,13518,"[954, 270]",False,,True,0.0,False,medium,False,"[[1056, 54], [1182, 90], [1056, 666], [696, 720], [1056, 738], [876, 738]]",,[],,0.45124503169763586,0.3208220318399476
606,3,3,10.081000000000017,,13518,"[954, 270]",False,,True,0.0,False,medium,False,"[[1056, 48], [1182, 84], [1056, 660], [696, 714], [1056, 732], [876, 732]]",,[],,0.4510610544725401,0.2812199090548523
607,3,3,10.09699999999998,,13518,"[954, 270]",False,,True,0.0,False,medium,False,"[[1056, 42], [1182, 78], [1056, 654], [696, 708], [1056, 726], [876, 726]]",,[],,0.45163744282870855,0.28022590393140423
608,3,3,10.114000000000033,,13518,"[954, 270]",False,,True,0.0,False,medium,False,"[[1056, 36], [1182, 72], [1056, 648], [696, 702], [1056, 720], [876, 720]]",,[],,-0.10588981332979933,0.3308430173743898
609,3,3,10.130999999999972,,13518,"[954, 270]",False,,True,0.0,False,medium,False,"[[1056, 30], [1182, 66], [1056, 642], [696, 696], [1056, 714], [876, 714]]",,[],,-0.10588981332979933,0.3308430173743898
610,3,3,10.146999999999935,,13518,"[954, 270]",False,,True,0.0,False,medium,False,"[[1056, 24], [1182, 60], [1056, 636], [696, 690], [1056, 708], [876, 708]]",,[],,0.4520496285440826,0.3163462408332933
611,3,3,10.163000000000011,,13518,"[954, 270]",False,,True,0.0,False,medium,False,"[[1056, 18], [1182, 54], [1056, 630], [696, 684], [1056, 702], [876, 702]]",,[],,0.4520496285440826,0.3163462408332933
612,3,3,10.178999999999974,,13518,"[954, 270]",False,,True,0.0,False,medium,False,"[[1056, 12], [1182, 48], [1056, 624], [696, 678], [1056, 696], [876, 696]]",,[],,0.45230372267729696,0.3174711860733035
613,3,3,10.196000000000026,,13518,"[954, 270]",False,,True,0.0,False,medium,False,"[[1056, 6], [1182, 42], [1056, 618], [696, 672], [1056, 690], [876, 690]]",,"[[468, 810]]",,0.45230372267729696,0.3174711860733035
614,3,3,10.211999999999989,,13518,"[954, 270]",False,,True,0.0,False,medium,False,"[[1056, 0], [1182, 36], [1056, 612], [696, 666], [1056, 684], [876, 684]]",,"[[468, 804]]",,-0.08831491631780519,0.39102424284973936
615,3,3,10.227999999999952,,13518,"[954, 270]",False,,True,0.0,False,medium,False,"[[1182, 30], [1056, 606], [696, 660], [1056, 678], [876, 678]]",,"[[468, 798]]",,-0.08831491631780519,0.39102424284973936
616,3,3,10.244000000000028,,13518,"[954, 270]",False,,True,0.0,False,medium,False,"[[1182, 24], [1056, 600], [696, 654], [1056, 672], [876, 672]]",,"[[468, 792]]",,0.44917465983871097,0.3200974503835604
617,3,3,10.260999999999967,,13518,"[954, 270]",False,,True,0.0,False,medium,False,"[[1182, 18], [1056, 594], [696, 648], [1056, 666], [876, 666]]",,"[[468, 786]]",,0.44917465983871097,0.3200974503835604
618,3,3,10.27699999999993,,13518,"[954, 270]",False,,True,0.0,False,medium,False,"[[1182, 12], [1056, 588], [696, 642], [1056, 660], [876, 660]]",,"[[468, 780]]",,0.44901959210993614,0.3209182653023124
619,3,3,10.293999999999983,,13518,"[954, 270]",False,,True,0.0,False,medium,False,"[[1182, 6], [1056, 582], [696, 636], [1056, 654], [876, 654]]",,"[[468, 774]]",,0.43085052458142686,0.260676325815984
620,3,3,10.309999999999945,,13518,"[954, 270]",False,,True,0.0,False,medium,False,"[[1182, 0], [1056, 576], [696, 630], [1056, 648], [876, 648], [822, 810]]",,"[[468, 768]]",,0.43007791427540953,0.2599188801244161
621,3,3,10.326999999999998,,13518,"[954, 270]",False,,True,0.0,False,medium,False,"[[1056, 570], [696, 624], [1056, 642], [876, 642], [822, 804]]",,"[[468, 762]]",,0.4305231162596619,0.25781419248125115
622,3,3,10.343999999999937,,13518,"[954, 270]",False,,True,0.0,False,medium,False,"[[1056, 564], [696, 618], [1056, 636], [876, 636], [822, 798]]",,"[[468, 756]]",,0.4305231162596619,0.25781419248125115
623,3,3,10.36099999999999,,13518,"[954, 270]",False,,True,0.0,False,medium,False,"[[1056, 558], [696, 612], [1056, 630], [876, 630], [822, 792]]",,"[[468, 750]]",,0.430515765136425,0.25422512599483926
624,3,3,10.377999999999929,,13518,"[954, 270]",False,,True,0.0,False,medium,False,"[[1056, 552], [696, 606], [1056, 624], [876, 624], [822, 786]]",,"[[468, 744]]",,0.4303249293024181,0.25286604177667327
625,3,3,10.394000000000005,,13518,"[954, 270]",False,,True,0.0,False,medium,False,"[[1056, 546], [696, 600], [1056, 618], [876, 618], [822, 780]]",,"[[468, 738]]",,0.43079160188609344,0.2506346590124966
626,3,3,10.410999999999945,,13518,"[954, 270]",False,,True,0.0,False,medium,False,"[[1056, 540], [696, 594], [1056, 612], [876, 612], [822, 774]]",,"[[468, 732]]",,0.4311489914868559,0.25057272160569133
627,3,3,10.427000000000021,,13518,"[954, 270]",False,,True,0.0,False,medium,False,"[[1056, 534], [696, 588], [1056, 606], [876, 606], [822, 768]]",,"[[468, 726]]",,0.4312866740154366,0.2493702352105297
628,3,3,10.442999999999984,,13518,"[954, 270]",False,,True,0.0,False,medium,False,"[[1056, 528], [696, 582], [1056, 600], [876, 600], [822, 762]]",,"[[468, 720]]",,0.4312866740154366,0.2493702352105297
629,3,3,10.458999999999946,,13518,"[954, 270]",False,,True,0.0,False,medium,False,"[[1056, 522], [696, 576], [1056, 594], [876, 594], [822, 756]]",,"[[468, 714]]",,-0.09563326701470895,0.3340694197536209
630,3,3,10.475000000000023,,13518,"[954, 270]",False,,True,0.0,False,medium,False,"[[1056, 516], [696, 570], [1056, 588], [876, 588], [822, 750]]",,"[[468, 708]]",,-0.09563326701470895,0.3340694197536209
631,3,3,10.491999999999962,,13518,"[954, 270]",False,,True,0.0,False,medium,False,"[[1056, 510], [696, 564], [1056, 582], [876, 582], [822, 744]]",,"[[468, 702]]",,0.43031557679632915,0.24780904887022515
632,3,3,10.507999999999925,,13518,"[954, 270]",False,,True,0.0,False,medium,False,"[[1056, 504], [696, 558], [1056, 576], [876, 576], [822, 738]]",,"[[468, 696]]",,0.43031557679632915,0.24780904887022515
633,3,3,10.524000000000001,,13518,"[954, 270]",False,,True,0.0,False,medium,False,"[[1056, 498], [696, 552], [1056, 570], [876, 570], [822, 732]]",,"[[468, 690]]",,0.43058711090215906,0.24780054656305184
634,3,3,10.54099999999994,,13518,"[954, 270]",False,,True,0.0,False,medium,False,"[[1056, 492], [696, 546], [1056, 564], [876, 564], [822, 726]]",,"[[468, 684]]",,0.43058711090215906,0.24780054656305184
635,3,3,10.557999999999993,,13518,"[954, 270]",False,,True,0.0,False,medium,False,"[[1056, 486], [696, 540], [1056, 558], [876, 558], [822, 720]]",,"[[468, 678]]",,0.4319132507518435,0.2444238149571668
636,3,3,10.573999999999955,,13518,"[954, 270]",False,,True,0.0,False,medium,False,"[[1056, 480], [696, 534], [1056, 552], [876, 552], [822, 714]]",,"[[468, 672]]",,0.4319132507518435,0.2444238149571668
637,3,3,10.590000000000032,,13518,"[954, 270]",False,,True,0.0,False,medium,False,"[[1056, 474], [696, 528], [1056, 546], [876, 546], [822, 708]]",,"[[468, 666]]",,0.4314173693937901,0.23901259957991872
638,3,3,10.605999999999995,,13518,"[954, 270]",False,,True,0.0,False,medium,False,"[[1056, 468], [696, 522], [1056, 540], [876, 540], [822, 702]]",,"[[468, 660]]",,0.4314173693937901,0.23901259957991872
639,3,3,10.622999999999934,,13518,"[954, 270]",False,,True,0.0,False,medium,False,"[[1056, 462], [696, 516], [1056, 534], [876, 534], [822, 696]]",,"[[468, 654]]",,0.4314251340886269,0.2358663589872806
640,3,3,10.638000000000034,,13518,"[954, 270]",False,,True,0.0,False,medium,False,"[[1056, 456], [696, 510], [1056, 528], [876, 528], [822, 690]]",,"[[468, 648]]",,0.4314251340886269,0.2358663589872806
641,3,3,10.653999999999996,,13518,"[954, 270]",False,,True,0.0,False,medium,False,"[[1056, 450], [696, 504], [1056, 522], [876, 522], [822, 684]]",,"[[468, 642]]",,0.4378843950267653,0.2104289124499693
642,3,3,10.669999999999959,,13518,"[954, 270]",False,,True,0.0,False,medium,False,"[[1056, 444], [696, 498], [1056, 516], [876, 516], [822, 678]]",,"[[468, 636]]",,0.4378843950267653,0.2104289124499693
643,3,3,10.687000000000012,,13518,"[954, 270]",False,,True,0.0,False,medium,False,"[[1056, 438], [696, 492], [1056, 510], [876, 510], [822, 672]]",,"[[468, 630]]",,0.4372732879694915,0.20681495225980595
644,3,3,10.702999999999975,,13518,"[954, 270]",False,,True,0.0,False,medium,False,"[[1056, 432], [696, 486], [1056, 504], [876, 504], [822, 666]]",,"[[468, 624]]",,0.4372732879694915,0.20681495225980595
645,3,3,10.720000000000027,,13518,"[954, 270]",False,,True,0.0,False,medium,False,"[[1056, 426], [696, 480], [1056, 498], [876, 498], [822, 660]]",,"[[468, 618]]",,0.43832123912360893,0.20278286439315285
646,3,3,10.737999999999943,,13518,"[954, 270]",False,,True,0.0,False,medium,False,"[[1056, 420], [696, 474], [1056, 492], [876, 492], [822, 654]]",,"[[468, 612]]",,0.43832123912360893,0.20278286439315285
647,3,3,10.754000000000019,,13518,"[954, 270]",False,,True,0.0,False,medium,False,"[[1056, 414], [696, 468], [1056, 486], [876, 486], [822, 648]]",,"[[468, 606]]",,0.44040462285290377,0.20307301401411515
648,3,3,10.769999999999982,,13518,"[954, 270]",False,,True,0.0,False,medium,False,"[[1056, 408], [696, 462], [1056, 480], [876, 480], [822, 642]]",,"[[468, 600]]",,0.44040462285290377,0.20307301401411515
649,3,3,10.785999999999945,,13518,"[954, 270]",False,,True,0.0,False,medium,False,"[[1056, 402], [696, 456], [1056, 474], [876, 474], [822, 636]]",,"[[468, 594]]",,0.4404349973269038,0.2039051801455104
650,3,3,10.802999999999997,,13518,"[954, 270]",False,,True,0.0,False,medium,False,"[[1056, 396], [696, 450], [1056, 468], [876, 468], [822, 630]]",,"[[468, 588]]",,0.4404349973269038,0.2039051801455104
651,3,3,10.819999999999936,,13518,"[954, 270]",False,,True,0.0,False,medium,False,"[[1056, 390], [696, 444], [1056, 462], [876, 462], [822, 624]]",,"[[468, 582]]",,0.4400794502589906,0.20519279837798288
652,3,3,10.836000000000013,,13518,"[954, 270]",False,,True,0.0,False,medium,False,"[[1056, 384], [696, 438], [1056, 456], [876, 456], [822, 618]]",,"[[468, 576]]",,0.439917692866444,0.20404518279114603
653,3,3,10.851999999999975,,13518,"[954, 270]",False,,True,0.0,False,medium,False,"[[1056, 378], [696, 432], [1056, 450], [876, 450], [822, 612]]",,"[[468, 570]]",,0.4403503526392454,0.2054626827273187
654,3,3,10.867999999999938,,13518,"[954, 270]",False,,True,0.0,False,medium,False,"[[1056, 372], [696, 426], [1056, 444], [876, 444], [822, 606]]",,"[[468, 564]]",,0.4403503526392454,0.2054626827273187
655,3,3,10.884999999999991,,13518,"[954, 270]",False,,True,0.0,False,medium,False,"[[1056, 366], [696, 420], [1056, 438], [876, 438], [822, 600]]",,"[[468, 558]]",,0.44039253912541926,0.20886314063390143
656,3,3,10.900999999999954,,13518,"[954, 270]",False,,True,0.0,False,medium,False,"[[1056, 360], [696, 414], [1056, 432], [876, 432], [822, 594]]",,"[[468, 552]]",,0.4406445058295925,0.2135289212217698
657,3,3,10.91700000000003,,13518,"[954, 270]",False,,True,0.0,False,medium,False,"[[1056, 354], [696, 408], [1056, 426], [876, 426], [822, 588]]",,"[[468, 546]]",,0.4411650502629237,0.21775080313392448
658,3,3,10.932999999999993,,13518,"[954, 270]",False,,True,0.0,False,medium,False,"[[1056, 348], [696, 402], [1056, 420], [876, 420], [822, 582]]",,"[[468, 540]]",,0.44113053142031833,0.21916645456212125
659,3,3,10.949999999999932,,13518,"[954, 270]",False,,True,0.0,False,medium,False,"[[1056, 342], [696, 396], [1056, 414], [876, 414], [822, 576], [750, 810]]",,"[[468, 534]]",,0.4405850997934144,0.22489011049874807
660,3,3,10.966000000000008,,13518,"[954, 270]",False,,True,0.0,False,medium,False,"[[1056, 336], [696, 390], [1056, 408], [876, 408], [822, 570], [750, 804]]",,"[[468, 528]]",,0.4405850997934144,0.22489011049874807
661,3,3,10.982999999999947,,13518,"[954, 270]",False,,True,0.0,False,medium,False,"[[1056, 330], [696, 384], [1056, 402], [876, 402], [822, 564], [750, 798]]",,"[[468, 522]]",,0.4407529239137705,0.22652887641948372
662,3,3,11.000999999999976,,13518,"[954, 270]",False,,True,0.0,False,medium,False,"[[1056, 324], [696, 378], [1056, 396], [876, 396], [822, 558], [750, 792]]",,"[[468, 516]]",,0.44061260268005914,0.22932087840345539
663,3,3,11.016999999999939,,13518,"[954, 270]",False,,True,0.0,False,medium,False,"[[1056, 318], [696, 372], [1056, 390], [876, 390], [822, 552], [750, 786]]",,"[[468, 510]]",,0.44061269926278196,0.23198614474993928
664,3,3,11.033999999999992,,13518,"[954, 270]",False,,True,0.0,False,medium,False,"[[1056, 312], [696, 366], [1056, 384], [876, 384], [822, 546], [750, 780]]",,"[[468, 504]]",,0.4405900924673512,0.2322074984519672
665,3,3,11.049999999999955,,13518,"[954, 270]",False,,True,0.0,False,medium,False,"[[1056, 306], [696, 360], [1056, 378], [876, 378], [822, 540], [750, 774]]",,"[[468, 498]]",,0.44123581857733984,0.23367118719326574
666,3,3,11.067000000000007,,13518,"[954, 270]",False,,True,0.0,False,medium,False,"[[1056, 300], [696, 354], [1056, 372], [876, 372], [822, 534], [750, 768]]",,"[[468, 492]]",,0.44154502803054607,0.2361667788330878
667,3,3,11.083999999999946,,13518,"[954, 270]",False,,True,0.0,False,medium,False,"[[1056, 294], [696, 348], [1056, 366], [876, 366], [822, 528], [750, 762]]",,"[[468, 486]]",,0.44120785994137385,0.23926525912738517
668,3,3,11.100999999999999,,13518,"[954, 270]",False,,True,0.0,False,medium,False,"[[1056, 288], [696, 342], [1056, 360], [876, 360], [822, 522], [750, 756]]",,"[[468, 480]]",,-0.5682136335233419,0.2117130850242429
669,3,3,11.117999999999938,,13518,"[954, 270]",False,,True,0.0,False,medium,False,"[[1056, 282], [696, 336], [1056, 354], [876, 354], [822, 516], [750, 750]]",,"[[468, 474]]",,0.4414707167965052,0.24457375284677596
670,3,3,11.134000000000015,,13518,"[954, 270]",False,,True,0.0,False,medium,False,"[[1056, 276], [696, 330], [1056, 348], [876, 348], [822, 510], [750, 744]]",,"[[468, 468]]",,0.4414707167965052,0.24457375284677596
671,3,3,11.150999999999954,,13518,"[954, 270]",False,,True,0.0,False,medium,False,"[[1056, 270], [696, 324], [1056, 342], [876, 342], [822, 504], [750, 738], [894, 810], [750, 810]]",,"[[468, 462]]",,0.4418540785667419,0.24600655376054048
672,3,3,11.16700000000003,,13518,"[954, 270]",False,,True,0.0,False,medium,False,"[[1056, 264], [696, 318], [1056, 336], [876, 336], [822, 498], [750, 732], [894, 804], [750, 804]]",,"[[468, 456]]",,0.4415027645517534,0.24939311574777667
673,3,3,11.183999999999969,,13518,"[954, 270]",False,,True,0.0,False,medium,False,"[[1056, 258], [696, 312], [1056, 330], [876, 330], [822, 492], [750, 726], [894, 798], [750, 798]]",,"[[468, 450]]",,0.44201948823829246,0.25114307269768565
674,3,3,11.201000000000022,,13518,"[954, 270]",False,,True,0.0,False,medium,False,"[[1056, 252], [696, 306], [1056, 324], [876, 324], [822, 486], [750, 720], [894, 792], [750, 792]]",,"[[468, 444]]",,0.4423980261302579,0.2534195860076961
675,3,3,11.216999999999985,,13518,"[954, 270]",False,,True,0.0,False,medium,False,"[[1056, 246], [696, 300], [1056, 318], [876, 318], [822, 480], [750, 714], [894, 786], [750, 786]]",,"[[468, 438]]",,0.44252857107199317,0.25539656371125086
676,3,3,11.233999999999924,,13518,"[954, 270]",False,,True,0.0,False,medium,False,"[[1056, 240], [696, 294], [1056, 312], [876, 312], [822, 474], [750, 708], [894, 780], [750, 780]]",,"[[468, 432]]",,0.44252857107199317,0.25539656371125086
677,3,3,11.25,,13518,"[954, 270]",False,,True,0.0,False,medium,False,"[[1056, 234], [696, 288], [1056, 306], [876, 306], [822, 468], [750, 702], [894, 774], [750, 774]]",,"[[468, 426]]",,0.4425137035408634,0.2560933263667896
678,3,3,11.265999999999963,,13518,"[954, 270]",False,,True,0.0,False,medium,False,"[[1056, 228], [696, 282], [1056, 300], [876, 300], [822, 462], [750, 696], [894, 768], [750, 768]]",,"[[468, 420]]",,0.4425037047774351,0.25763260019433964
679,3,3,11.281999999999925,,13518,"[954, 270]",False,,True,0.0,False,medium,False,"[[1056, 222], [696, 276], [1056, 294], [876, 294], [822, 456], [750, 690], [894, 762], [750, 762]]",,"[[468, 414]]",,0.44246755325738835,0.2592674244034433
680,3,3,11.298000000000002,,13518,"[954, 270]",False,,True,0.0,False,medium,False,"[[1056, 216], [696, 270], [1056, 288], [876, 288], [822, 450], [750, 684], [894, 756], [750, 756]]",,"[[468, 408]]",,0.4419838239761168,0.2601373494805882
681,3,3,11.313999999999965,,13518,"[954, 270]",False,,True,0.0,False,medium,False,"[[1056, 210], [696, 264], [1056, 282], [876, 282], [822, 444], [750, 678], [894, 750], [750, 750]]",,"[[468, 402]]",,0.4419838239761168,0.2601373494805882
682,3,3,11.329999999999927,,13518,"[954, 270]",False,,True,0.0,False,medium,False,"[[1056, 204], [696, 258], [1056, 276], [876, 276], [822, 438], [750, 672], [894, 744], [750, 744]]",,"[[468, 396]]",,0.4417897013912951,0.26487027315754264
683,3,3,11.346000000000004,,13518,"[954, 270]",False,,True,0.0,False,medium,False,"[[1056, 198], [696, 252], [1056, 270], [876, 270], [822, 432], [750, 666], [894, 738], [750, 738]]",,"[[468, 390]]",,0.4417897013912951,0.26487027315754264
684,3,3,11.362999999999943,,13518,"[954, 270]",False,,True,0.0,False,medium,False,"[[1056, 192], [696, 246], [1056, 264], [876, 264], [822, 426], [750, 660], [894, 732], [750, 732]]",,"[[468, 384]]",,0.44183857783081437,0.26714888084161204
685,3,3,11.379000000000019,,13518,"[954, 270]",False,,True,0.0,False,medium,False,"[[1056, 186], [696, 240], [1056, 258], [876, 258], [822, 420], [750, 654], [894, 726], [750, 726]]",,"[[468, 378]]",,0.44183857783081437,0.26714888084161204
686,3,3,11.394999999999982,,13518,"[954, 270]",False,,True,0.0,False,medium,False,"[[1056, 180], [696, 234], [1056, 252], [876, 252], [822, 414], [750, 648], [894, 720], [750, 720]]",,"[[468, 372]]",,0.43924387176854623,0.2692209973330151
687,3,3,11.413000000000011,,13518,"[954, 270]",False,,True,0.0,False,medium,False,"[[1056, 174], [696, 228], [1056, 246], [876, 246], [822, 408], [750, 642], [894, 714], [750, 714]]",,"[[468, 366]]",,0.43924387176854623,0.2692209973330151
688,3,3,11.42999999999995,,13518,"[954, 270]",False,,True,0.0,False,medium,False,"[[1056, 168], [696, 222], [1056, 240], [876, 240], [822, 402], [750, 636], [894, 708], [750, 708]]",,"[[468, 360]]",,0.43407245006623424,0.2573397518337375
689,3,3,11.447000000000003,,13518,"[954, 270]",False,Left,True,0.0,False,medium,False,"[[1056, 162], [696, 216], [1056, 234], [876, 234], [822, 396], [750, 630], [894, 702], [750, 702]]",,"[[474, 354]]",,0.43407245006623424,0.2573397518337375
690,3,3,11.463999999999942,,13518,"[954, 270]",False,Left,True,0.0,False,medium,False,"[[1062, 156], [702, 210], [1062, 228], [882, 228], [828, 390], [756, 624], [900, 696], [756, 696]]",,"[[480, 348]]",,0.4332647184485485,0.2569123280829477
691,3,3,11.478999999999928,,13518,"[954, 270]",False,Left,True,0.0,False,medium,False,"[[1068, 150], [708, 204], [1068, 222], [888, 222], [834, 384], [762, 618], [906, 690], [762, 690]]",,"[[486, 342]]",,0.4332647184485485,0.2569123280829477
692,3,3,11.495000000000005,,13518,"[954, 270]",False,Left,True,0.0,False,medium,False,"[[1074, 144], [714, 198], [1074, 216], [894, 216], [840, 378], [768, 612], [912, 684], [768, 684]]",,"[[492, 336]]",,0.4325743170557713,0.2575110768881749
693,3,3,11.513000000000034,,13518,"[954, 270]",False,Left,True,0.0,False,medium,False,"[[1080, 138], [720, 192], [1080, 210], [900, 210], [846, 372], [774, 606], [918, 678], [774, 678]]",,"[[498, 330]]",,0.4325743170557713,0.2575110768881749
694,3,3,11.528999999999996,,13518,"[954, 270]",False,Left,True,0.0,False,medium,False,"[[1086, 132], [726, 186], [1086, 204], [906, 204], [852, 366], [780, 600], [924, 672], [780, 672]]",,"[[504, 324]]",,0.43255681708578786,0.2602111466851297
695,3,3,11.545999999999935,,13518,"[954, 270]",False,Left,True,0.0,False,medium,False,"[[1092, 126], [732, 180], [1092, 198], [912, 198], [858, 360], [786, 594], [930, 666], [786, 666]]",,"[[510, 318]]",,0.43255681708578786,0.2602111466851297
696,3,3,11.562999999999988,,13518,"[954, 270]",False,Left,True,0.0,False,medium,False,"[[1098, 120], [738, 174], [1098, 192], [918, 192], [864, 354], [792, 588], [936, 660], [792, 660]]",,"[[516, 312]]",,0.43256482628448156,0.26127829884018594
697,3,3,11.57899999999995,,13518,"[954, 270]",False,Left,True,-1.0,False,medium,False,"[[1104, 114], [744, 168], [1104, 186], [924, 186], [870, 348], [798, 582], [942, 654], [798, 654]]",,"[[522, 306]]",,0.43256482628448156,0.26127829884018594
698,3,3,11.596000000000004,,13518,"[954, 270]",False,Left,True,-1.0,False,medium,False,"[[1110, 108], [750, 162], [1110, 180], [930, 180], [876, 342], [804, 576], [948, 648], [804, 648]]",,"[[522, 300]]",,1.4906090282529756,0.49935674018215503
699,3,3,11.612999999999943,,13518,"[954, 270]",False,Left,True,-1.0,False,medium,False,"[[1110, 102], [750, 156], [1110, 174], [930, 174], [876, 336], [804, 570], [948, 642], [804, 642]]",,"[[522, 294]]",,1.4906090282529756,0.49935674018215503
700,3,3,11.630999999999972,,13518,"[954, 270]",False,,True,-1.0,False,medium,False,"[[1110, 96], [750, 150], [1110, 168], [930, 168], [876, 330], [804, 564], [948, 636], [804, 636]]",,"[[516, 288]]",,0.43354854502857504,0.26688034963096463
701,3,3,11.645999999999958,,13518,"[954, 270]",False,,True,-1.0,False,medium,False,"[[1104, 90], [744, 144], [1104, 162], [924, 162], [870, 324], [798, 558], [942, 630], [798, 630]]",,"[[510, 282]]",,0.43354854502857504,0.26688034963096463
702,3,3,11.660999999999945,,13518,"[954, 270]",False,,True,-1.0,False,medium,False,"[[1098, 84], [738, 138], [1098, 156], [918, 156], [864, 318], [792, 552], [936, 624], [792, 624]]",,"[[504, 276]]",,-0.09016655514351272,0.4878383622129363
703,3,3,11.677999999999997,,13518,"[954, 270]",False,,True,-1.0,False,medium,False,"[[1092, 78], [732, 132], [1092, 150], [912, 150], [858, 312], [786, 546], [930, 618], [786, 618]]",,"[[498, 270]]",,-0.09016655514351272,0.4878383622129363
704,3,3,11.69399999999996,,13518,"[954, 270]",False,,True,-1.0,False,medium,False,"[[1086, 72], [726, 126], [1086, 144], [906, 144], [852, 306], [780, 540], [924, 612], [780, 612]]",,"[[492, 264]]",,0.431413788493553,0.2722908588989733
705,3,3,11.710000000000036,,13518,"[954, 270]",False,,True,-1.0,False,medium,False,"[[1080, 66], [720, 120], [1080, 138], [900, 138], [846, 300], [774, 534], [918, 606], [774, 606]]",,"[[486, 258]]",,0.431413788493553,0.2722908588989733
706,3,3,11.725999999999999,,13518,"[954, 270]",False,,True,-1.0,False,medium,False,"[[1074, 60], [714, 114], [1074, 132], [894, 132], [840, 294], [768, 528], [912, 600], [768, 600]]",,"[[480, 252]]",,0.4309692754891528,0.27328759937567326
707,3,3,11.742999999999938,,13518,"[954, 270]",False,,True,-1.0,False,medium,False,"[[1068, 54], [708, 108], [1068, 126], [888, 126], [834, 288], [762, 522], [906, 594], [762, 594]]",,"[[474, 246]]",,0.4309692754891528,0.27328759937567326
708,3,3,11.759999999999991,,13518,"[954, 270]",False,Left,True,-1.0,False,medium,False,"[[1062, 48], [702, 102], [1062, 120], [882, 120], [828, 282], [756, 516], [900, 588], [756, 588]]",,"[[474, 240]]",,-0.09231447023498793,0.4888809883189825
709,3,3,11.775999999999954,,13518,"[954, 270]",False,Left,True,-1.0,False,medium,False,"[[1062, 42], [702, 96], [1062, 114], [882, 114], [828, 276], [756, 510], [900, 582], [756, 582]]",,"[[474, 234]]",,-0.09231447023498793,0.4888809883189825
710,3,3,11.793000000000006,,13518,"[954, 270]",False,Left,True,-1.0,False,medium,False,"[[1062, 36], [702, 90], [1062, 108], [882, 108], [828, 270], [756, 504], [900, 576], [756, 576]]",,"[[474, 228]]",,0.43143948190740744,0.2777972508254306
711,3,3,11.809999999999945,,13518,"[954, 270]",False,Left,True,-1.0,False,medium,False,"[[1062, 30], [702, 84], [1062, 102], [882, 102], [828, 264], [756, 498], [900, 570], [756, 570]]",,"[[474, 222]]",,0.43143948190740744,0.2777972508254306
712,3,3,11.826999999999998,,13518,"[954, 270]",False,Left,True,-1.0,False,medium,False,"[[1062, 24], [702, 78], [1062, 96], [882, 96], [828, 258], [756, 492], [900, 564], [756, 564]]",,"[[474, 216]]",,0.43139044775673574,0.27872394122400024
713,3,3,11.842999999999961,,13518,"[954, 270]",False,Left,True,-1.0,False,medium,False,"[[1062, 18], [702, 72], [1062, 90], [882, 90], [828, 252], [756, 486], [900, 558], [756, 558]]",,"[[474, 210]]",,0.43139044775673574,0.27872394122400024
714,3,3,11.860000000000014,,13518,"[954, 270]",False,Left,True,-1.0,False,medium,False,"[[1062, 12], [702, 66], [1062, 84], [882, 84], [828, 246], [756, 480], [900, 552], [756, 552]]",,"[[474, 204]]",,0.43655180489085454,0.32001363733924926
715,3,3,11.877999999999929,,13518,"[954, 270]",False,Left,True,-1.0,False,medium,False,"[[1062, 6], [702, 60], [1062, 78], [882, 78], [828, 240], [756, 474], [900, 546], [756, 546]]",,"[[474, 198]]",,0.43655180489085454,0.32001363733924926
716,3,3,11.894999999999982,,13518,"[954, 270]",False,Left,True,-1.0,False,medium,False,"[[1062, 0], [702, 54], [1062, 72], [882, 72], [828, 234], [756, 468], [900, 540], [756, 540]]",,"[[474, 192]]",,0.4322642378588205,0.28081128007977896
717,3,3,11.913000000000011,,13518,"[954, 270]",False,Left,True,-1.0,False,medium,False,"[[702, 48], [1062, 66], [882, 66], [828, 228], [756, 462], [900, 534], [756, 534]]",,"[[474, 186]]",,0.4322642378588205,0.28081128007977896
718,3,3,11.92999999999995,,13518,"[954, 270]",False,Left,True,-1.0,False,medium,False,"[[702, 42], [1062, 60], [882, 60], [828, 222], [756, 456], [900, 528], [756, 528]]",,"[[474, 180]]",,0.4403826751599098,0.2667421972592854
719,3,3,11.944999999999936,,13518,"[954, 270]",False,Left,True,-1.0,False,medium,False,"[[702, 36], [1062, 54], [882, 54], [828, 216], [756, 450], [900, 522], [756, 522]]",,"[[474, 174]]",,0.4403826751599098,0.2667421972592854
720,3,3,11.962999999999965,,13518,"[954, 270]",False,Left,True,-1.0,False,medium,False,"[[702, 30], [1062, 48], [882, 48], [828, 210], [756, 444], [900, 516], [756, 516]]",,"[[474, 168]]",,0.4409782130820707,0.27186796295014914
721,3,3,11.980999999999995,,13518,"[954, 270]",False,,True,-1.0,False,medium,False,"[[702, 24], [1062, 42], [882, 42], [828, 204], [756, 438], [900, 510], [756, 510]]",,"[[468, 162]]",,0.4409782130820707,0.27186796295014914
722,3,3,11.996999999999957,,13518,"[954, 270]",False,,True,-1.0,False,medium,False,"[[696, 18], [1056, 36], [876, 36], [822, 198], [750, 432], [894, 504], [750, 504]]",,"[[462, 156]]",,0.4419840421841113,0.2743466470645627
723,3,3,12.013000000000034,,13518,"[954, 270]",False,,True,-1.0,False,medium,False,"[[690, 12], [1050, 30], [870, 30], [816, 192], [744, 426], [888, 498], [744, 498]]",,"[[456, 150]]",,0.4419840421841113,0.2743466470645627
724,3,3,12.028999999999996,,13518,"[954, 270]",False,,True,-1.0,False,medium,False,"[[684, 6], [1044, 24], [864, 24], [810, 186], [738, 420], [882, 492], [738, 492]]",,"[[450, 144]]",,-0.10102110422111857,0.49375120503838
725,3,3,12.045999999999935,,13518,"[954, 270]",False,,True,-1.0,False,medium,False,"[[678, 0], [1038, 18], [858, 18], [804, 180], [732, 414], [876, 486], [732, 486]]",,"[[444, 138]]",,-0.10102110422111857,0.49375120503838
726,3,3,12.062999999999988,,13518,"[954, 270]",False,,True,-1.0,False,medium,False,"[[1032, 12], [852, 12], [798, 174], [726, 408], [870, 480], [726, 480]]",,"[[438, 132]]",,-0.9723830270183061,0.002120195863529961
727,3,3,12.079999999999927,,13518,"[954, 270]",False,,True,-1.0,False,medium,False,"[[1026, 6], [846, 6], [792, 168], [720, 402], [864, 474], [720, 474]]",,"[[432, 126]]",,-0.9723830270183061,0.002120195863529961
728,3,3,12.096000000000004,,13518,"[954, 270]",False,,True,-1.0,False,medium,False,"[[1020, 0], [840, 0], [786, 162], [714, 396], [858, 468], [714, 468]]",,"[[426, 120]]",,0.44169366554967027,0.2758056128078099
729,3,3,12.112999999999943,,13518,"[954, 270]",False,,True,-1.0,False,medium,False,"[[780, 156], [708, 390], [852, 462], [708, 462]]",,"[[420, 114]]",,0.44169366554967027,0.2758056128078099
730,3,3,12.129999999999995,,13518,"[954, 270]",False,,True,-1.0,False,medium,False,"[[774, 150], [702, 384], [846, 456], [702, 456]]",,"[[414, 108]]",,1.3257606933046397,0.523184224684336
731,3,3,12.145999999999958,,13518,"[954, 270]",False,,True,-1.0,False,medium,False,"[[768, 144], [696, 378], [840, 450], [696, 450]]",,"[[408, 102]]",,1.3257606933046397,0.523184224684336
732,3,3,12.163000000000011,,13518,"[954, 270]",False,,True,-1.0,False,medium,False,"[[762, 138], [690, 372], [834, 444], [690, 444]]",,"[[402, 96]]",,0.44134315526404605,0.279851927779148
733,3,3,12.17999999999995,,13518,"[954, 270]",False,,True,-1.0,False,medium,False,"[[756, 132], [684, 366], [828, 438], [684, 438]]",,"[[396, 90]]",,0.44134315526404605,0.279851927779148
734,3,3,12.196000000000026,,13518,"[954, 270]",False,,True,-1.0,False,medium,False,"[[750, 126], [678, 360], [822, 432], [678, 432]]",,"[[390, 84]]",,-0.29741986903755124,0.25123099919523495
735,3,3,12.212999999999965,,13518,"[954, 270]",False,,True,-1.0,False,medium,False,"[[744, 120], [672, 354], [816, 426], [672, 426]]",,"[[384, 78]]",,-0.29741986903755124,0.25123099919523495
736,3,3,12.230000000000018,,13518,"[954, 270]",False,,True,-1.0,False,medium,False,"[[738, 114], [666, 348], [810, 420], [666, 420]]",,"[[378, 72]]",,1.3353603726467511,0.5035666115172697
737,3,3,12.246999999999957,,13518,"[954, 270]",False,,True,-1.0,False,medium,False,"[[732, 108], [660, 342], [804, 414], [660, 414]]",,"[[372, 66]]",,1.3353603726467511,0.5035666115172697
738,3,3,12.26400000000001,,13518,"[954, 270]",False,,True,-1.0,False,medium,False,"[[726, 102], [654, 336], [798, 408], [654, 408]]",,"[[366, 60]]",,0.4470957222326809,0.3239991396448837
739,3,3,12.280999999999949,,13518,"[954, 270]",False,,True,-1.0,False,medium,False,"[[720, 96], [648, 330], [792, 402], [648, 402]]",,"[[360, 54]]",,0.4470957222326809,0.3239991396448837
740,3,3,12.298000000000002,,13518,"[954, 270]",False,,True,-1.0,False,medium,False,"[[714, 90], [642, 324], [786, 396], [642, 396]]",,"[[354, 48]]",,-0.19952848218370808,0.29824014144506994
741,3,3,12.313999999999965,,13518,"[954, 270]",False,,True,-1.0,False,medium,False,"[[708, 84], [636, 318], [780, 390], [636, 390]]",,"[[348, 42]]",,-0.19952848218370808,0.29824014144506994
742,3,3,12.331000000000017,,13518,"[954, 270]",False,,True,-1.0,False,medium,False,"[[702, 78], [630, 312], [774, 384], [630, 384]]",,"[[342, 36]]",,0.44679861910962104,0.32688839861669916
743,3,3,12.347999999999956,,13518,"[954, 270]",False,,True,-1.0,False,medium,False,"[[696, 72], [624, 306], [768, 378], [624, 378]]",,"[[336, 30]]",,0.44679861910962104,0.32688839861669916
744,3,3,12.365000000000009,,13518,"[954, 270]",False,Left,True,-1.0,False,medium,False,"[[690, 66], [618, 300], [762, 372], [618, 372]]",,"[[336, 24]]",,0.43766663155709684,0.2813963019454905
745,3,3,12.380999999999972,,13518,"[954, 270]",False,Left,True,-1.0,False,medium,False,"[[690, 60], [618, 294], [762, 366], [618, 366]]",,"[[336, 18]]",,0.43766663155709684,0.2813963019454905
746,3,3,12.396999999999935,,13518,"[954, 270]",False,Left,True,-1.0,False,medium,False,"[[690, 54], [618, 288], [762, 360], [618, 360]]",,"[[336, 12]]",,0.430829225961687,0.2675303581120436
747,3,3,12.413000000000011,,13518,"[954, 270]",False,Left,True,-1.0,False,medium,False,"[[690, 48], [618, 282], [762, 354], [618, 354]]",,"[[336, 6]]",,0.430829225961687,0.2675303581120436
748,3,3,12.428999999999974,,13518,"[954, 270]",False,Left,True,0.0,False,medium,False,"[[690, 42], [618, 276], [762, 348], [618, 348]]",,"[[336, 0]]",,-0.12353769228122946,0.49846574853736547
749,3,3,12.446000000000026,,13518,"[954, 270]",False,Left,True,0.0,False,medium,False,"[[690, 36], [618, 270], [762, 342], [618, 342]]",,[],,-0.12353769228122946,0.49846574853736547
750,3,3,12.462999999999965,,13518,"[954, 270]",False,Left,True,0.0,False,medium,False,"[[696, 30], [624, 264], [768, 336], [624, 336]]",,[],,0.430925449594207,0.26768043012098375
751,3,3,12.480000000000018,,13518,"[954, 270]",False,Left,True,0.0,False,medium,False,"[[702, 24], [630, 258], [774, 330], [630, 330]]",,[],,0.430925449594207,0.26768043012098375
752,3,3,12.495999999999981,,13518,"[954, 270]",False,Left,True,0.0,False,medium,False,"[[708, 18], [636, 252], [780, 324], [636, 324]]",,[],,0.4303359966416275,0.2691739865482421
753,3,3,12.513000000000034,,13518,"[954, 270]",False,Left,True,0.0,False,medium,False,"[[714, 12], [642, 246], [786, 318], [642, 318]]",,[],,0.4303359966416275,0.2691739865482421
754,3,3,12.528999999999996,,13518,"[954, 270]",False,Left,True,0.0,False,medium,False,"[[720, 6], [648, 240], [792, 312], [648, 312]]",,[],,0.43054945183485654,0.2723515647850281
755,3,3,12.545999999999935,,13518,"[954, 270]",False,,True,0.0,False,medium,False,"[[726, 0], [654, 234], [798, 306], [654, 306]]",,[],,0.43054945183485654,0.2723515647850281
756,3,3,12.561000000000035,,13518,"[954, 270]",False,,True,0.0,False,medium,False,"[[654, 228], [798, 300], [654, 300]]",,[],,0.4305382831289373,0.2737984944691324
757,3,3,12.577999999999975,,13518,"[954, 270]",False,,True,0.0,False,medium,False,"[[654, 222], [798, 294], [654, 294]]",,[],,0.4297055518910048,0.275020896136589
758,3,3,12.593999999999937,,13518,"[954, 270]",False,,True,0.0,False,medium,False,"[[654, 216], [798, 288], [654, 288]]",,[],,0.4288812909732015,0.27520180097010305
759,3,3,12.610000000000014,,13518,"[954, 270]",False,,True,0.0,False,medium,False,"[[654, 210], [798, 282], [654, 282]]",,[],,0.4288812909732015,0.27520180097010305
760,3,3,12.626999999999953,,13518,"[954, 270]",False,,True,0.0,False,medium,False,"[[654, 204], [798, 276], [654, 276]]",,[],,20.212365492696136,1.7290324845329068
761,3,3,12.644000000000005,,13518,"[954, 270]",False,,True,0.0,False,medium,False,"[[654, 198], [798, 270], [654, 270]]",,[],,20.212365492696136,1.7290324845329068
762,3,3,12.660999999999945,,13518,"[954, 270]",False,,True,0.0,False,medium,False,"[[654, 192], [798, 264], [654, 264]]",,[],,0.42780309399172395,0.278660063691222
763,3,3,12.677000000000021,,13518,"[954, 270]",False,,True,0.0,False,medium,False,"[[654, 186], [798, 258], [654, 258]]",,[],,-1.061002304499543,0.18749322967204007
764,3,3,12.694999999999936,,13518,"[954, 270]",False,Left,True,0.0,False,medium,False,"[[654, 180], [798, 252], [654, 252], [690, 810], [852, 810]]",,[],,1.232338878337511,0.5151061211272544
765,3,3,12.711000000000013,,13518,"[954, 270]",False,Left,True,0.0,False,medium,False,"[[660, 174], [804, 246], [660, 246], [696, 804], [858, 804]]",,[],,1.232338878337511,0.5151061211272544
766,3,3,12.726999999999975,,13518,"[954, 270]",False,Left,True,0.0,False,medium,False,"[[666, 168], [810, 240], [666, 240], [702, 798], [864, 798]]",,[],,0.4364556849949066,0.32349284161708036
767,3,3,12.744000000000028,,13518,"[954, 270]",False,Left,True,0.0,False,medium,False,"[[672, 162], [816, 234], [672, 234], [708, 792], [870, 792], [1050, 810]]",,[],,0.4364556849949066,0.32349284161708036
768,3,3,12.760999999999967,,13518,"[954, 270]",False,Left,True,0.0,False,medium,False,"[[678, 156], [822, 228], [678, 228], [714, 786], [876, 786], [1056, 804]]",,[],,1.3161007313474513,0.46796947293643043
769,3,3,12.77699999999993,,13518,"[954, 270]",False,Left,True,0.0,False,medium,False,"[[684, 150], [828, 222], [684, 222], [720, 780], [882, 780], [1062, 798]]",,[],,1.2119846707205102,0.5026688585126344
770,3,3,12.793999999999983,,13518,"[954, 270]",False,Left,True,0.0,False,medium,False,"[[690, 144], [834, 216], [690, 216], [726, 774], [888, 774], [1068, 792], [726, 810]]",,[],,0.43845494808002916,0.32632226417556576
771,3,3,12.811000000000035,,13518,"[954, 270]",False,Left,True,0.0,False,medium,False,"[[696, 138], [840, 210], [696, 210], [732, 768], [894, 768], [1074, 786], [732, 804]]",,[],,0.43845494808002916,0.32632226417556576
772,3,3,12.827999999999975,,13518,"[954, 270]",False,Left,True,0.0,False,medium,False,"[[702, 132], [846, 204], [702, 204], [738, 762], [900, 762], [1080, 780], [738, 798]]",,[],,0.4405962162527592,0.3315719097377292
773,3,3,12.845000000000027,,13518,"[954, 270]",False,,True,0.0,False,medium,False,"[[708, 126], [852, 198], [708, 198], [744, 756], [906, 756], [1086, 774], [744, 792]]",,[],,0.4405962162527592,0.3315719097377292
774,3,3,12.861999999999966,,13518,"[954, 270]",False,,True,0.0,False,medium,False,"[[708, 120], [852, 192], [708, 192], [744, 750], [906, 750], [1086, 768], [744, 786]]",,[],,-0.4223195441192451,0.23307672252699407
775,3,3,12.877999999999929,,13518,"[954, 270]",False,,True,0.0,False,medium,False,"[[708, 114], [852, 186], [708, 186], [744, 744], [906, 744], [1086, 762], [744, 780]]",,[],,1.4854529363264384,0.4530536530112249
776,3,3,12.894000000000005,,13518,"[954, 270]",False,,True,0.0,False,medium,False,"[[708, 108], [852, 180], [708, 180], [744, 738], [906, 738], [1086, 756], [744, 774]]",,[],,1.2876947973399027,0.5358729958334927
777,3,3,12.909999999999968,,13518,"[954, 270]",False,,True,0.0,False,medium,False,"[[708, 102], [852, 174], [708, 174], [744, 732], [906, 732], [1086, 750], [744, 768]]",,[],,20.997406524007527,-0.3782870129541167
778,3,3,12.92599999999993,,13518,"[954, 270]",False,,True,0.0,False,medium,False,"[[708, 96], [852, 168], [708, 168], [744, 726], [906, 726], [1086, 744], [744, 762]]",,[],,0.44768144019810174,0.328535141364828
779,3,3,12.942999999999984,,13518,"[954, 270]",False,,True,0.0,False,medium,False,"[[708, 90], [852, 162], [708, 162], [744, 720], [906, 720], [1086, 738], [744, 756], [870, 810]]",,[],,0.4481936876654823,0.3284139019554314
780,3,3,12.960000000000036,,13518,"[954, 270]",False,,True,0.0,False,medium,False,"[[708, 84], [852, 156], [708, 156], [744, 714], [906, 714], [1086, 732], [744, 750], [870, 804]]",,[],,0.4415860627605264,0.2897837384768239
781,3,3,12.975999999999999,,13518,"[954, 270]",False,,True,0.0,False,medium,False,"[[708, 78], [852, 150], [708, 150], [744, 708], [906, 708], [1086, 726], [744, 744], [870, 798]]",,[],,1.2440587845575695,0.5028204018591829
782,3,3,12.992999999999938,,13518,"[954, 270]",False,,True,0.0,False,medium,False,"[[708, 72], [852, 144], [708, 144], [744, 702], [906, 702], [1086, 720], [744, 738], [870, 792]]",,[],,0.4474723091577057,0.3244000142718294
783,3,3,13.007999999999925,,13518,"[954, 270]",False,,True,0.0,False,medium,False,"[[708, 66], [852, 138], [708, 138], [744, 696], [906, 696], [1086, 714], [744, 732], [870, 786]]",,[],,0.4474723091577057,0.3244000142718294
784,3,3,13.024000000000001,,13518,"[954, 270]",False,,True,0.0,False,medium,False,"[[708, 60], [852, 132], [708, 132], [744, 690], [906, 690], [1086, 708], [744, 726], [870, 780]]",,[],,0.44639646266983846,0.32383426872845145
785,3,3,13.04099999999994,,13518,"[954, 270]",False,,True,0.0,False,medium,False,"[[708, 54], [852, 126], [708, 126], [744, 684], [906, 684], [1086, 702], [744, 720], [870, 774]]",,[],,0.43747154963150675,0.27570610217329694
786,3,3,13.057999999999993,,13518,"[954, 270]",False,,True,0.0,False,medium,False,"[[708, 48], [852, 120], [708, 120], [744, 678], [906, 678], [1086, 696], [744, 714], [870, 768]]",,[],,0.4360647359303568,0.27136271009980784
787,3,3,13.074999999999932,,13518,"[954, 270]",False,,True,0.0,False,medium,False,"[[708, 42], [852, 114], [708, 114], [744, 672], [906, 672], [1086, 690], [744, 708], [870, 762]]",,[],,0.42133870853214467,0.23714108661595013
788,3,3,13.091000000000008,,13518,"[954, 270]",False,,True,0.0,False,medium,False,"[[708, 36], [852, 108], [708, 108], [744, 666], [906, 666], [1086, 684], [744, 702], [870, 756]]",,[],,0.42133870853214467,0.23714108661595013
789,3,3,13.106999999999971,,13518,"[954, 270]",False,,True,0.0,False,medium,False,"[[708, 30], [852, 102], [708, 102], [744, 660], [906, 660], [1086, 678], [744, 696], [870, 750]]",,[],,0.4204479850008016,0.22941333702606026
790,3,3,13.124000000000024,,13518,"[954, 270]",False,,True,0.0,False,medium,False,"[[708, 24], [852, 96], [708, 96], [744, 654], [906, 654], [1086, 672], [744, 690], [870, 744]]",,[],,0.4204479850008016,0.22941333702606026
791,3,3,13.139999999999986,,13518,"[954, 270]",False,,True,0.0,False,medium,False,"[[708, 18], [852, 90], [708, 90], [744, 648], [906, 648], [1086, 666], [744, 684], [870, 738]]",,[],,0.4211043503155695,0.22551006332226486
792,3,3,13.156999999999925,,13518,"[954, 270]",False,,True,0.0,False,medium,False,"[[708, 12], [852, 84], [708, 84], [744, 642], [906, 642], [1086, 660], [744, 678], [870, 732]]",,[],,0.4212186988747623,0.22589466321448315
793,3,3,13.173999999999978,,13518,"[954, 270]",False,,True,0.0,False,medium,False,"[[708, 6], [852, 78], [708, 78], [744, 636], [906, 636], [1086, 654], [744, 672], [870, 726]]",,[],,1.3680275783906404,0.5210006289552462
794,3,3,13.18999999999994,,13518,"[954, 270]",False,,True,0.0,False,medium,False,"[[708, 0], [852, 72], [708, 72], [744, 630], [906, 630], [1086, 648], [744, 666], [870, 720]]",,[],,1.3680275783906404,0.5210006289552462
795,3,3,13.206999999999994,,13518,"[954, 270]",False,Left,True,0.0,False,medium,False,"[[852, 66], [708, 66], [744, 624], [906, 624], [1086, 642], [744, 660], [870, 714]]",,[],,0.42271125928388764,0.2273770138340344
796,3,3,13.223999999999933,,13518,"[954, 270]",False,Left,True,0.0,False,medium,False,"[[858, 60], [714, 60], [750, 618], [912, 618], [1092, 636], [750, 654], [876, 708]]",,[],,0.42271125928388764,0.2273770138340344
797,3,3,13.240999999999985,,13518,"[954, 270]",False,Left,True,0.0,False,medium,False,"[[864, 54], [720, 54], [756, 612], [918, 612], [1098, 630], [756, 648], [882, 702]]",,[],,0.42264819730170167,0.22834127288026274
798,3,3,13.257999999999925,,13518,"[954, 270]",False,Left,True,0.0,False,medium,False,"[[870, 48], [726, 48], [762, 606], [924, 606], [1104, 624], [762, 642], [888, 696]]",,[],,0.42271773053919004,0.22914752140730477
799,3,3,13.274000000000001,,13518,"[954, 270]",False,Left,True,0.0,False,medium,False,"[[876, 42], [732, 42], [768, 600], [930, 600], [1110, 618], [768, 636], [894, 690]]",,[],,0.23116850461475988,0.13381620294512264
800,3,3,13.29099999999994,,13518,"[954, 270]",False,Left,True,0.0,False,medium,False,"[[882, 36], [738, 36], [774, 594], [936, 594], [1116, 612], [774, 630], [900, 684]]",,[],,0.23116850461475988,0.13381620294512264
801,3,3,13.307999999999993,,13518,"[954, 270]",False,Left,True,0.0,False,medium,False,"[[888, 30], [744, 30], [780, 588], [942, 588], [1122, 606], [780, 624], [906, 678]]",,[],,0.42267994858267705,0.229592752670855
802,3,3,13.323999999999955,,13518,"[954, 270]",False,Left,True,0.0,False,medium,False,"[[894, 24], [750, 24], [786, 582], [948, 582], [1128, 600], [786, 618], [912, 672]]",,[],,0.4187369020697128,0.22102451847629823
803,3,3,13.340000000000032,,13518,"[954, 270]",False,Left,True,0.0,False,medium,False,"[[900, 18], [756, 18], [792, 576], [954, 576], [1134, 594], [792, 612], [918, 666]]",,[],,0.41588769642314405,0.2128320938488144
804,3,3,13.356999999999971,,13518,"[954, 270]",False,Left,True,0.0,False,medium,False,"[[906, 12], [762, 12], [798, 570], [960, 570], [1140, 588], [798, 606], [924, 660]]",,[],,0.41588769642314405,0.2128320938488144
805,3,3,13.375,,13518,"[954, 270]",False,,True,0.0,False,medium,False,"[[912, 6], [768, 6], [804, 564], [966, 564], [1146, 582], [804, 600], [930, 654]]",,[],,0.4178666493990705,0.2180406254450219
806,3,3,13.389999999999986,,13518,"[954, 270]",False,,True,0.0,False,medium,False,"[[912, 0], [768, 0], [804, 558], [966, 558], [1146, 576], [804, 594], [930, 648], [1110, 810]]",,[],,0.4178666493990705,0.2180406254450219
807,3,3,13.405999999999949,,13518,"[954, 270]",False,,True,0.0,False,medium,False,"[[804, 552], [966, 552], [1146, 570], [804, 588], [930, 642], [1110, 804]]",,[],,0.41923357305154774,0.2222306223539483
808,3,3,13.423000000000002,,13518,"[954, 270]",False,,True,0.0,False,medium,False,"[[804, 546], [966, 546], [1146, 564], [804, 582], [930, 636], [1110, 798]]",,[],,0.41923357305154774,0.2222306223539483
809,3,3,13.43999999999994,,13518,"[954, 270]",False,,True,0.0,False,medium,False,"[[804, 540], [966, 540], [1146, 558], [804, 576], [930, 630], [1110, 792]]",,[],,0.4226557172895181,0.2291626738704693
810,3,3,13.456999999999994,,13518,"[954, 270]",False,,True,0.0,False,medium,False,"[[804, 534], [966, 534], [1146, 552], [804, 570], [930, 624], [1110, 786]]",,[],,0.4226557172895181,0.2291626738704693
811,3,3,13.472999999999956,,13518,"[954, 270]",False,,True,0.0,False,medium,False,"[[804, 528], [966, 528], [1146, 546], [804, 564], [930, 618], [1110, 780]]",,[],,0.42331369674319197,0.23204129067243762
812,3,3,13.490000000000009,,13518,"[954, 270]",False,,True,0.0,False,medium,False,"[[804, 522], [966, 522], [1146, 540], [804, 558], [930, 612], [1110, 774]]",,[],,0.42331369674319197,0.23204129067243762
813,3,3,13.506999999999948,,13518,"[954, 270]",False,Left,True,0.0,False,medium,False,"[[804, 516], [966, 516], [1146, 534], [804, 552], [930, 606], [1110, 768]]",,[],,0.42349420065568283,0.2344233496763929
814,3,3,13.523000000000025,,13518,"[954, 270]",False,Left,True,0.0,False,medium,False,"[[810, 510], [972, 510], [1152, 528], [810, 546], [936, 600], [1116, 762]]",,[],,0.42349420065568283,0.2344233496763929
815,3,3,13.539999999999964,,13518,"[954, 270]",False,Left,True,0.0,False,medium,False,"[[816, 504], [978, 504], [1158, 522], [816, 540], [942, 594], [1122, 756]]",,[],,0.4223518157779923,0.23727005153639957
816,3,3,13.557000000000016,,13518,"[954, 270]",False,Left,True,0.0,False,medium,False,"[[822, 498], [984, 498], [1164, 516], [822, 534], [948, 588], [1128, 750]]",,[],,0.4223518157779923,0.23727005153639957
817,3,3,13.574999999999932,,13518,"[954, 270]",False,,True,0.0,False,medium,False,"[[828, 492], [990, 492], [1170, 510], [828, 528], [954, 582], [1134, 744]]",,[],,0.4241436755635262,0.2429279502633277
818,3,3,13.591000000000008,,13518,"[954, 270]",False,,True,0.0,False,medium,False,"[[828, 486], [990, 486], [1170, 504], [828, 522], [954, 576], [1134, 738]]",,[],,0.4241436755635262,0.2429279502633277
819,3,3,13.606999999999971,,13518,"[954, 270]",False,,True,0.0,False,medium,False,"[[828, 480], [990, 480], [1170, 498], [828, 516], [954, 570], [1134, 732]]",,[],,0.42286749054713735,0.23031393440065018
820,3,3,13.624000000000024,,13518,"[954, 270]",False,,True,0.0,False,medium,False,"[[828, 474], [990, 474], [1170, 492], [828, 510], [954, 564], [1134, 726]]",,[],,0.42286749054713735,0.23031393440065018
821,3,3,13.641999999999939,,13518,"[954, 270]",False,,True,0.0,False,medium,False,"[[828, 468], [990, 468], [1170, 486], [828, 504], [954, 558], [1134, 720]]",,[],,0.42436834083822017,0.23373991500694968
822,3,3,13.658999999999992,,13518,"[954, 270]",False,,True,0.0,False,medium,False,"[[828, 462], [990, 462], [1170, 480], [828, 498], [954, 552], [1134, 714]]",,[],,0.42436834083822017,0.23373991500694968
823,3,3,13.674999999999955,,13518,"[954, 270]",False,,True,0.0,False,medium,False,"[[828, 456], [990, 456], [1170, 474], [828, 492], [954, 546], [1134, 708]]",,[],,0.4254685193169115,0.23979386698336846
824,3,3,13.692999999999984,,13518,"[954, 270]",False,,True,0.0,False,medium,False,"[[828, 450], [990, 450], [1170, 468], [828, 486], [954, 540], [1134, 702]]",,[],,0.4255585234866894,0.24126545810163236
825,3,3,13.708999999999946,,13518,"[954, 270]",False,,True,0.0,False,medium,False,"[[828, 444], [990, 444], [1170, 462], [828, 480], [954, 534], [1134, 696]]",,[],,0.4269205725785321,0.24552448237464353
826,3,3,13.725000000000023,,13518,"[954, 270]",False,,True,0.0,False,medium,False,"[[828, 438], [990, 438], [1170, 456], [828, 474], [954, 528], [1134, 690]]",,[],,0.4269205725785321,0.24552448237464353
827,3,3,13.741999999999962,,13518,"[954, 270]",False,,True,0.0,False,medium,False,"[[828, 432], [990, 432], [1170, 450], [828, 468], [954, 522], [1134, 684]]",,[],,0.4288072261321162,0.25347266714895444
828,3,3,13.757999999999925,,13518,"[954, 270]",False,,True,0.0,False,medium,False,"[[828, 426], [990, 426], [1170, 444], [828, 462], [954, 516], [1134, 678]]",,[],,0.4288072261321162,0.25347266714895444
829,3,3,13.774999999999977,,13518,"[954, 270]",False,,True,0.0,False,medium,False,"[[828, 420], [990, 420], [1170, 438], [828, 456], [954, 510], [1134, 672]]",,[],,0.42927732841410265,0.2596238237887908
830,3,3,13.793000000000006,,13518,"[954, 270]",False,,True,0.0,False,medium,False,"[[828, 414], [990, 414], [1170, 432], [828, 450], [954, 504], [1134, 666]]",,[],,0.4293881051858161,0.2604362933267548
831,3,3,13.809999999999945,,13518,"[954, 270]",False,,True,0.0,False,medium,False,"[[828, 408], [990, 408], [1170, 426], [828, 444], [954, 498], [1134, 660]]",,[],,0.4304179081766885,0.2653671631535631
832,3,3,13.826000000000022,,13518,"[954, 270]",False,,True,0.0,False,medium,False,"[[828, 402], [990, 402], [1170, 420], [828, 438], [954, 492], [1134, 654]]",,[],,0.4304179081766885,0.2653671631535631
833,3,3,13.842999999999961,,13518,"[954, 270]",False,,True,0.0,False,medium,False,"[[828, 396], [990, 396], [1170, 414], [828, 432], [954, 486], [1134, 648]]",,[],,0.43274726926085494,0.26957185301165465
834,3,3,13.858999999999924,,13518,"[954, 270]",False,,True,0.0,False,medium,False,"[[828, 390], [990, 390], [1170, 408], [828, 426], [954, 480], [1134, 642]]",,[],,0.43274726926085494,0.26957185301165465
835,3,3,13.875999999999976,,13518,"[954, 270]",False,,True,0.0,False,medium,False,"[[828, 384], [990, 384], [1170, 402], [828, 420], [954, 474], [1134, 636]]",,[],,0.4336341875312349,0.2700426225468914
836,3,3,13.891999999999939,,13518,"[954, 270]",False,,True,0.0,False,medium,False,"[[828, 378], [990, 378], [1170, 396], [828, 414], [954, 468], [1134, 630]]",,[],,0.4336341875312349,0.2700426225468914
837,3,3,13.910999999999945,,13518,"[954, 270]",False,Left,True,0.0,False,medium,False,"[[828, 372], [990, 372], [1170, 390], [828, 408], [954, 462], [1134, 624]]",,[],,0.4343729709362255,0.27183009952590753
838,3,3,13.937999999999988,,13518,"[954, 270]",False,Left,True,0.0,False,medium,False,"[[834, 366], [996, 366], [1176, 384], [834, 402], [960, 456], [1140, 618]]",,[],,0.4342422218804078,0.271430924835242
839,3,3,13.95399999999995,,13518,"[954, 270]",False,Left,True,0.0,False,medium,False,"[[840, 360], [1002, 360], [1182, 378], [840, 396], [966, 450], [1146, 612]]",,[],,0.43348775433435327,0.2713673731535189
840,3,3,13.971000000000004,,13518,"[954, 270]",False,Left,True,0.0,False,medium,False,"[[846, 354], [1008, 354], [1188, 372], [846, 390], [972, 444], [1152, 606]]",,[],,0.43264977922820524,0.2723435189439436
841,3,3,13.986999999999966,,13518,"[954, 270]",False,Left,True,0.0,False,medium,False,"[[852, 348], [1014, 348], [1194, 366], [852, 384], [978, 438], [1158, 600]]",,[],,0.43264977922820524,0.2723435189439436
842,3,3,14.004000000000019,,13518,"[954, 270]",False,Left,True,0.0,False,medium,False,"[[858, 342], [1020, 342], [1200, 360], [858, 378], [984, 432], [1164, 594]]",,[],,1.4812015872478526,0.5395256358116332
843,3,3,14.020999999999958,,13518,"[954, 270]",False,Left,True,0.0,False,medium,False,"[[864, 336], [1026, 336], [1206, 354], [864, 372], [990, 426], [1170, 588]]",,[],,1.4812015872478526,0.5395256358116332
844,3,3,14.037000000000035,,13518,"[954, 270]",False,Left,True,0.0,False,medium,False,"[[870, 330], [1032, 330], [1212, 348], [870, 366], [996, 420], [1176, 582]]",,[],,0.4328052186494409,0.27532205528207654
845,3,3,14.053999999999974,,13518,"[954, 270]",False,Left,True,0.0,False,medium,False,"[[876, 324], [1038, 324], [1218, 342], [876, 360], [1002, 414], [1182, 576]]",,[],,0.4328052186494409,0.27532205528207654
846,3,3,14.069999999999936,,13518,"[954, 270]",False,Left,True,0.0,False,medium,False,"[[882, 318], [1044, 318], [1224, 336], [882, 354], [1008, 408], [1188, 570]]",,[],,0.4323445353396485,0.27860112547943694
847,3,3,14.086999999999989,,13518,"[954, 270]",False,,True,0.0,False,medium,False,"[[888, 312], [1050, 312], [1230, 330], [888, 348], [1014, 402], [1194, 564]]",,[],,0.4319542940850183,0.2787710529744991
848,3,3,14.102999999999952,,13518,"[954, 270]",False,,True,0.0,False,medium,False,"[[888, 306], [1050, 306], [1230, 324], [888, 342], [1014, 396], [1194, 558], [1248, 810]]",,[],,0.4314641005743575,0.28178734516184134
849,3,3,14.119000000000028,,13518,"[954, 270]",False,,True,0.0,False,medium,False,"[[888, 300], [1050, 300], [1230, 318], [888, 336], [1014, 390], [1194, 552], [1248, 804]]",,[],,0.4314641005743575,0.28178734516184134
850,3,3,14.135999999999967,,13518,"[954, 270]",False,,True,0.0,False,medium,False,"[[888, 294], [1050, 294], [1230, 312], [888, 330], [1014, 384], [1194, 546], [1248, 798]]",,[],,0.43797241376913654,0.3228872077386279
851,3,3,14.15199999999993,,13518,"[954, 270]",False,,True,0.0,False,medium,False,"[[888, 288], [1050, 288], [1230, 306], [888, 324], [1014, 378], [1194, 540], [1248, 792]]",,[],,0.43797241376913654,0.3228872077386279
852,3,3,14.168000000000006,,13518,"[954, 270]",False,,True,0.0,False,medium,False,"[[888, 282], [1050, 282], [1230, 300], [888, 318], [1014, 372], [1194, 534], [1248, 786]]",,[],,0.43110046852519446,0.2868924841320747
853,3,3,14.184999999999945,,13518,"[954, 270]",False,,True,0.0,False,medium,False,"[[888, 276], [1050, 276], [1230, 294], [888, 312], [1014, 366], [1194, 528], [1248, 780]]",,[],,0.43114231553832305,0.2864045861158012
854,3,3,14.201999999999998,,13518,"[954, 270]",False,,True,0.0,False,medium,False,"[[888, 270], [1050, 270], [1230, 288], [888, 306], [1014, 360], [1194, 522], [1248, 774]]",,[],,1.685902552360012,0.43407628541419907
855,3,3,14.218999999999937,,13518,"[954, 270]",False,,True,0.0,False,medium,False,"[[888, 264], [1050, 264], [1230, 282], [888, 300], [1014, 354], [1194, 516], [1248, 768]]",,[],,1.685902552360012,0.43407628541419907
856,3,3,14.235000000000014,,13518,"[954, 270]",False,,True,0.0,False,medium,False,"[[888, 258], [1050, 258], [1230, 276], [888, 294], [1014, 348], [1194, 510], [1248, 762]]",,[],,0.4312891574743231,0.28591802110527
857,3,3,14.251999999999953,,13518,"[954, 270]",False,,True,0.0,False,medium,False,"[[888, 252], [1050, 252], [1230, 270], [888, 288], [1014, 342], [1194, 504], [1248, 756]]",,[],,0.4312891574743231,0.28591802110527
858,3,3,14.269000000000005,,13518,"[954, 270]",False,,True,0.0,False,medium,False,"[[888, 246], [1050, 246], [1230, 264], [888, 282], [1014, 336], [1194, 498], [1248, 750]]",,[],,0.4376867202879553,0.32385267006663543
859,3,3,14.285999999999945,,13518,"[954, 270]",False,,True,0.0,False,medium,False,"[[888, 240], [1050, 240], [1230, 258], [888, 276], [1014, 330], [1194, 492], [1248, 744]]",,[],,0.4309102081565747,0.2880164753013159
860,3,3,14.302000000000021,,13518,"[954, 270]",False,,True,0.0,False,medium,False,"[[888, 234], [1050, 234], [1230, 252], [888, 270], [1014, 324], [1194, 486], [1248, 738]]",,[],,1.3133390023322975,0.5508163769512151
861,3,3,14.31899999999996,,13518,"[954, 270]",False,,True,0.0,False,medium,False,"[[888, 228], [1050, 228], [1230, 246], [888, 264], [1014, 318], [1194, 480], [1248, 732]]",,[],,1.3133390023322975,0.5508163769512151
862,3,3,14.336000000000013,,13518,"[954, 270]",False,Left,True,0.0,False,medium,False,"[[888, 222], [1050, 222], [1230, 240], [888, 258], [1014, 312], [1194, 474], [1248, 726]]",,[],,2.4209213037170256,0.37088815671527997
863,3,3,14.353999999999928,,13518,"[954, 270]",False,Left,True,0.0,False,medium,False,"[[894, 216], [1056, 216], [1236, 234], [894, 252], [1020, 306], [1200, 468], [1254, 720]]",,[],,2.4209213037170256,0.37088815671527997
864,3,3,14.369000000000028,,13518,"[954, 270]",False,Left,True,0.0,False,medium,False,"[[900, 210], [1062, 210], [1242, 228], [900, 246], [1026, 300], [1206, 462], [1260, 714]]",,[],,0.43932494376901376,0.3271353128697986
865,3,3,14.385999999999967,,13518,"[954, 270]",False,Left,True,0.0,False,medium,False,"[[906, 204], [1068, 204], [1248, 222], [906, 240], [1032, 294], [1212, 456], [1266, 708]]",,[],,0.43932494376901376,0.3271353128697986
866,3,3,14.40199999999993,,13518,"[954, 270]",False,Left,True,0.0,False,medium,False,"[[912, 198], [1074, 198], [1254, 216], [912, 234], [1038, 288], [1218, 450], [1272, 702]]",,[],,1.3108733750554151,0.486125085080405
867,3,3,14.418000000000006,,13518,"[954, 270]",False,Left,True,0.0,False,medium,False,"[[918, 192], [1080, 192], [1260, 210], [918, 228], [1044, 282], [1224, 444], [1278, 696]]",,[],,1.3108733750554151,0.486125085080405
868,3,3,14.433999999999969,,13518,"[954, 270]",False,Left,True,0.0,False,medium,False,"[[924, 186], [1086, 186], [1266, 204], [924, 222], [1050, 276], [1230, 438], [1284, 690]]",,[],,0.4435985181605474,0.3302923539075331
869,3,3,14.449999999999932,,13518,"[954, 270]",False,Left,True,0.0,False,medium,False,"[[930, 180], [1092, 180], [1272, 198], [930, 216], [1056, 270], [1236, 432], [1290, 684]]",,[],,0.4445567639762455,0.3313684239298146
870,3,3,14.466000000000008,,13518,"[954, 270]",False,Left,True,0.0,False,medium,False,"[[936, 174], [1098, 174], [1278, 192], [936, 210], [1062, 264], [1242, 426], [1296, 678]]",,[],,0.44972955860033786,0.3245995440163476
871,3,3,14.482999999999947,,13518,"[954, 270]",False,,True,0.0,False,medium,False,"[[942, 168], [1104, 168], [1284, 186], [942, 204], [1068, 258], [1248, 420], [1302, 672]]",,[],,1.2632376691762914,0.5212027815684657
872,3,3,14.499000000000024,,13518,"[954, 270]",False,,True,0.0,False,medium,False,"[[942, 162], [1104, 162], [1284, 180], [942, 198], [1068, 252], [1248, 414], [1302, 666]]",,[],,1.3328259510875455,0.4796932315467205
873,3,3,14.514999999999986,,13518,"[954, 270]",False,,True,0.0,False,medium,False,"[[942, 156], [1104, 156], [1284, 174], [942, 192], [1068, 246], [1248, 408], [1302, 660]]",,[],,0.44934619152222677,0.32319096202721753
874,3,3,14.533000000000015,,13518,"[954, 270]",False,,True,0.0,False,medium,False,"[[942, 150], [1104, 150], [1284, 168], [942, 186], [1068, 240], [1248, 402], [1302, 654]]",,[],,0.44944032327819317,0.3236370752275586
875,3,3,14.549999999999955,,13518,"[954, 270]",False,,True,0.0,False,medium,False,"[[942, 144], [1104, 144], [1284, 162], [942, 180], [1068, 234], [1248, 396], [1302, 648]]",,[],,1.8930147335339416,0.5363969923675632
876,3,3,14.567000000000007,,13518,"[954, 270]",False,,True,0.0,False,medium,False,"[[942, 138], [1104, 138], [1284, 156], [942, 174], [1068, 228], [1248, 390], [1302, 642]]",,[],,-4.491388598723709,-0.746207931667783
877,3,3,14.585000000000036,,13518,"[954, 270]",False,,True,0.0,False,medium,False,"[[942, 132], [1104, 132], [1284, 150], [942, 168], [1068, 222], [1248, 384], [1302, 636]]",,[],,0.4502411345234673,0.32302905011420735
878,3,3,14.600999999999999,,13518,"[954, 270]",False,,True,0.0,False,medium,False,"[[942, 126], [1104, 126], [1284, 144], [942, 162], [1068, 216], [1248, 378], [1302, 630]]",,[],,-8.04350006630445,-1.6327780902876348
879,3,3,14.616999999999962,,13518,"[954, 270]",False,,True,0.0,False,medium,False,"[[942, 120], [1104, 120], [1284, 138], [942, 156], [1068, 210], [1248, 372], [1302, 624]]",,[],,0.45241224189172546,0.32444294245813643
880,3,3,14.632999999999925,,13518,"[954, 270]",False,,True,0.0,False,medium,False,"[[942, 114], [1104, 114], [1284, 132], [942, 150], [1068, 204], [1248, 366], [1302, 618]]",,[],,0.452572319689762,0.32486349143066107
881,3,3,14.649999999999977,,13518,"[954, 270]",False,,True,0.0,False,medium,False,"[[942, 108], [1104, 108], [1284, 126], [942, 144], [1068, 198], [1248, 360], [1302, 612]]",,[],,1.3271868538610394,0.518112392604617
882,3,3,14.66700000000003,,13518,"[954, 270]",False,,True,0.0,False,medium,False,"[[942, 102], [1104, 102], [1284, 120], [942, 138], [1068, 192], [1248, 354], [1302, 606]]",,[],,0.4552711281577747,0.3269918693171511
883,3,3,14.683999999999969,,13518,"[954, 270]",False,,True,0.0,False,medium,False,"[[942, 96], [1104, 96], [1284, 114], [942, 132], [1068, 186], [1248, 348], [1302, 600]]",,[],,-0.63308234221498,0.27495849516902415
884,3,3,14.701000000000022,,13518,"[954, 270]",False,,True,0.0,False,medium,False,"[[942, 90], [1104, 90], [1284, 108], [942, 126], [1068, 180], [1248, 342], [1302, 594]]",,[],,3.857341534625573,0.6780502638213005
885,3,3,14.716999999999985,,13518,"[954, 270]",False,,True,0.0,False,medium,False,"[[942, 84], [1104, 84], [1284, 102], [942, 120], [1068, 174], [1248, 336], [1302, 588]]",,[],,1.2951033675391557,0.459091511151689
886,3,3,14.733999999999924,,13518,"[954, 270]",False,,True,0.0,False,medium,False,"[[942, 78], [1104, 78], [1284, 96], [942, 114], [1068, 168], [1248, 330], [1302, 582]]",,[],,0.4519744655897743,0.3288411545826797
887,3,3,14.75,,13518,"[954, 270]",False,,True,0.0,False,medium,False,"[[942, 72], [1104, 72], [1284, 90], [942, 108], [1068, 162], [1248, 324], [1302, 576]]",,[],,0.4519744655897743,0.3288411545826797
888,3,3,14.765999999999963,,13518,"[954, 270]",False,,True,0.0,False,medium,False,"[[942, 66], [1104, 66], [1284, 84], [942, 102], [1068, 156], [1248, 318], [1302, 570]]",,[],,1.3336968327623275,0.4651967864663049
889,3,3,14.781999999999925,,13518,"[954, 270]",False,,True,0.0,False,medium,False,"[[942, 60], [1104, 60], [1284, 78], [942, 96], [1068, 150], [1248, 312], [1302, 564]]",,[],,0.452074829756841,0.32998936367679055
890,3,3,14.798999999999978,,13518,"[954, 270]",False,,True,0.0,False,medium,False,"[[942, 54], [1104, 54], [1284, 72], [942, 90], [1068, 144], [1248, 306], [1302, 558]]",,[],,0.452074829756841,0.32998936367679055
891,3,3,14.816000000000031,,13518,"[954, 270]",False,,True,0.0,False,medium,False,"[[942, 48], [1104, 48], [1284, 66], [942, 84], [1068, 138], [1248, 300], [1302, 552]]",,[],,0.45228873032065736,0.3312524801521608
892,3,3,14.831999999999994,,13518,"[954, 270]",False,,True,0.0,False,medium,False,"[[942, 42], [1104, 42], [1284, 60], [942, 78], [1068, 132], [1248, 294], [1302, 546]]",,[],,1.3390517627040779,0.49149264471746335
893,3,3,14.848999999999933,,13518,"[954, 270]",False,,True,0.0,False,medium,False,"[[942, 36], [1104, 36], [1284, 54], [942, 72], [1068, 126], [1248, 288], [1302, 540]]",,[],,0.45165318635820945,0.33397121688517695
894,3,3,14.865000000000009,,13518,"[954, 270]",False,,True,0.0,False,medium,False,"[[942, 30], [1104, 30], [1284, 48], [942, 66], [1068, 120], [1248, 282], [1302, 534]]",,[],,0.45165318635820945,0.33397121688517695
895,3,3,14.881999999999948,,13518,"[954, 270]",False,,True,0.0,False,medium,False,"[[942, 24], [1104, 24], [1284, 42], [942, 60], [1068, 114], [1248, 276], [1302, 528]]",,[],,1.5699588615418043,0.5083354065336834
896,3,3,14.899000000000001,,13518,"[954, 270]",False,,True,0.0,False,medium,False,"[[942, 18], [1104, 18], [1284, 36], [942, 54], [1068, 108], [1248, 270], [1302, 522]]",,[],,1.5699588615418043,0.5083354065336834
897,3,3,14.914999999999964,,13518,"[954, 270]",False,,True,0.0,False,medium,False,"[[942, 12], [1104, 12], [1284, 30], [942, 48], [1068, 102], [1248, 264], [1302, 516]]",,[],,0.44793979073088924,0.25879794269325584
898,3,3,14.932999999999993,,13518,"[954, 270]",False,,True,0.0,False,medium,False,"[[942, 6], [1104, 6], [1284, 24], [942, 42], [1068, 96], [1248, 258], [1302, 510]]",,[],,0.44793199836688286,0.257671128085759
899,3,3,14.949999999999932,,13518,"[954, 270]",False,,True,0.0,False,medium,False,"[[942, 0], [1104, 0], [1284, 18], [942, 36], [1068, 90], [1248, 252], [1302, 504]]",,[],,52.60758687783111,0.5132795624697754
900,3,3,14.966999999999985,,13518,"[954, 270]",False,,True,0.0,False,medium,False,"[[1284, 12], [942, 30], [1068, 84], [1248, 246], [1302, 498]]",,[],,52.60758687783111,0.5132795624697754
901,3,3,14.983999999999924,,13518,"[954, 270]",False,,True,0.0,False,medium,False,"[[1284, 6], [942, 24], [1068, 78], [1248, 240], [1302, 492]]",,[],,0.4467680912347391,0.25927386447240997
902,3,3,15.0,,13518,"[954, 270]",False,,True,0.0,False,medium,False,"[[1284, 0], [942, 18], [1068, 72], [1248, 234], [1302, 486]]",,[],,0.4467680912347391,0.25927386447240997
903,3,3,15.015999999999963,,13518,"[954, 270]",False,,True,0.0,False,medium,False,"[[942, 12], [1068, 66], [1248, 228], [1302, 480]]",,[],,0.23116850461475988,0.13381620294512264
904,3,3,15.033000000000015,,13518,"[954, 270]",False,,True,0.0,False,medium,False,"[[942, 6], [1068, 60], [1248, 222], [1302, 474]]",,[],,1.280658917706941,0.4643003689495654
905,3,3,15.048999999999978,,13518,"[954, 270]",False,,True,0.0,False,medium,False,"[[942, 0], [1068, 54], [1248, 216], [1302, 468]]",,[],,0.44868169467800456,0.3104382719064205
906,3,3,15.06499999999994,,13518,"[954, 270]",False,,True,0.0,False,medium,False,"[[1068, 48], [1248, 210], [1302, 462]]",,[],,0.44868169467800456,0.3104382719064205
907,3,3,15.081999999999994,,13518,"[954, 270]",False,,True,0.0,False,medium,False,"[[1068, 42], [1248, 204], [1302, 456]]",,"[[1530, 810]]",,0.447916181991598,0.2687723356378625
908,3,3,15.097999999999956,,13518,"[954, 270]",False,,True,0.0,False,medium,False,"[[1068, 36], [1248, 198], [1302, 450]]",,"[[1530, 804]]",,0.447916181991598,0.2687723356378625
909,3,3,15.114000000000033,,13518,"[954, 270]",False,,True,0.0,False,medium,False,"[[1068, 30], [1248, 192], [1302, 444]]",,"[[1530, 798]]",,0.44684897871287277,0.2687680024120376
910,3,3,15.129999999999995,,13518,"[954, 270]",False,,True,0.0,False,medium,False,"[[1068, 24], [1248, 186], [1302, 438]]",,"[[1530, 792]]",,0.44684897871287277,0.2687680024120376
911,3,3,15.145999999999958,,13518,"[954, 270]",False,,True,0.0,False,medium,False,"[[1068, 18], [1248, 180], [1302, 432]]",,"[[1530, 786]]",,0.23116850461475988,0.13381620294512264
912,3,3,15.163000000000011,,13518,"[954, 270]",False,,True,0.0,False,medium,False,"[[1068, 12], [1248, 174], [1302, 426]]",,"[[1530, 780]]",,0.23116850461475988,0.13381620294512264
913,3,3,15.17999999999995,,13518,"[954, 270]",False,,True,0.0,False,medium,False,"[[1068, 6], [1248, 168], [1302, 420]]",,"[[1530, 774]]",,1.2814258886454417,0.5008736087689919
914,3,3,15.197000000000003,,13518,"[954, 270]",False,,True,0.0,False,medium,False,"[[1068, 0], [1248, 162], [1302, 414]]",,"[[1530, 768]]",,1.2814258886454417,0.5008736087689919
915,3,3,15.212999999999965,,13518,"[954, 270]",False,,True,0.0,False,medium,False,"[[1248, 156], [1302, 408]]",,"[[1530, 762]]",,0.4502279910065967,0.31607493392020436
916,3,3,15.228999999999928,,13518,"[954, 270]",False,,True,0.0,False,medium,False,"[[1248, 150], [1302, 402]]",,"[[1530, 756]]",,0.4502279910065967,0.31607493392020436
917,3,3,15.245000000000005,,13518,"[954, 270]",False,,True,0.0,False,medium,False,"[[1248, 144], [1302, 396]]",,"[[1530, 750]]",,1.3722780360631397,0.5182022340297711
918,3,3,15.261999999999944,,13518,"[954, 270]",False,,True,0.0,False,medium,False,"[[1248, 138], [1302, 390]]",,"[[1530, 744]]",,1.3722780360631397,0.5182022340297711
919,3,3,15.27800000000002,,13518,"[954, 270]",False,,True,0.0,False,medium,False,"[[1248, 132], [1302, 384]]",,"[[1530, 738]]",,0.45276588560581477,0.31983147665425193
920,3,3,15.294999999999959,,13518,"[954, 270]",False,,True,0.0,False,medium,False,"[[1248, 126], [1302, 378], [1032, 810]]",,"[[1530, 732]]",,0.45276588560581477,0.31983147665425193
921,3,3,15.311000000000035,,13518,"[954, 270]",False,,True,0.0,False,medium,False,"[[1248, 120], [1302, 372], [1032, 804]]",,"[[1530, 726]]",,0.45309440033925474,0.3217891356271514
922,3,3,15.327999999999975,,13518,"[954, 270]",False,,True,0.0,False,medium,False,"[[1248, 114], [1302, 366], [1032, 798]]",,"[[1530, 720]]",,0.45309440033925474,0.3217891356271514
923,3,3,15.346000000000004,,13518,"[954, 270]",False,,True,0.0,False,medium,False,"[[1248, 108], [1302, 360], [1032, 792]]",,"[[1530, 714]]",,0.4527881786024334,0.3238197367343736
924,3,3,15.362999999999943,,13518,"[954, 270]",False,,True,0.0,False,medium,False,"[[1248, 102], [1302, 354], [1032, 786]]",,"[[1530, 708]]",,0.4527881786024334,0.3238197367343736
925,3,3,15.379000000000019,,13518,"[954, 270]",False,,True,0.0,False,medium,False,"[[1248, 96], [1302, 348], [1032, 780]]",,"[[1530, 702]]",,0.47302899320938324,0.23893360962723287
926,3,3,15.394999999999982,,13518,"[954, 270]",False,,True,0.0,False,medium,False,"[[1248, 90], [1302, 342], [1032, 774]]",,"[[1530, 696]]",,0.47302899320938324,0.23893360962723287
927,3,3,15.413000000000011,,13518,"[954, 270]",False,,True,0.0,False,medium,False,"[[1248, 84], [1302, 336], [1032, 768]]",,"[[1530, 690]]",,0.4852405361758444,0.22708061701323679
928,3,3,15.428999999999974,,13518,"[954, 270]",False,,True,0.0,False,medium,False,"[[1248, 78], [1302, 330], [1032, 762]]",,"[[1530, 684]]",,0.4852405361758444,0.22708061701323679
929,3,3,15.444999999999936,,13518,"[954, 270]",False,,True,0.0,False,medium,False,"[[1248, 72], [1302, 324], [1032, 756]]",,"[[1530, 678]]",,0.486064933257902,0.22939862963550706
930,3,3,15.461000000000013,,13518,"[954, 270]",False,,True,0.0,False,medium,False,"[[1248, 66], [1302, 318], [1032, 750]]",,"[[1530, 672]]",,0.486064933257902,0.22939862963550706
931,3,3,15.476999999999975,,13518,"[954, 270]",False,,True,0.0,False,medium,False,"[[1248, 60], [1302, 312], [1032, 744]]",,"[[1530, 666]]",,0.48810523574790066,0.22980171708680452
932,3,3,15.494000000000028,,13518,"[954, 270]",False,,True,0.0,False,medium,False,"[[1248, 54], [1302, 306], [1032, 738]]",,"[[1530, 660]]",,0.48810523574790066,0.22980171708680452
933,3,3,15.510999999999967,,13518,"[954, 270]",False,,True,0.0,False,medium,False,"[[1248, 48], [1302, 300], [1032, 732]]",,"[[1530, 654]]",,0.4874769068766024,0.2326908858125546
934,3,3,15.52800000000002,,13518,"[954, 270]",False,,True,0.0,False,medium,False,"[[1248, 42], [1302, 294], [1032, 726]]",,"[[1530, 648]]",,0.4870860842083594,0.23297435839182523
935,3,3,15.544999999999959,,13518,"[954, 270]",False,,True,0.0,False,medium,False,"[[1248, 36], [1302, 288], [1032, 720]]",,"[[1530, 642]]",,0.47820938627522047,0.23677183573590277
936,3,3,15.562000000000012,,13518,"[954, 270]",False,,True,0.0,False,medium,False,"[[1248, 30], [1302, 282], [1032, 714]]",,"[[1530, 636]]",,0.47820938627522047,0.23677183573590277
937,3,3,15.577999999999975,,13518,"[954, 270]",False,,True,0.0,False,medium,False,"[[1248, 24], [1302, 276], [1032, 708]]",,"[[1530, 630]]",,0.4663824988223391,0.22903431663267249
938,3,3,15.595000000000027,,13518,"[954, 270]",False,,True,0.0,False,medium,False,"[[1248, 18], [1302, 270], [1032, 702]]",,"[[1530, 624]]",,0.4663824988223391,0.22903431663267249
939,3,3,15.61099999999999,,13518,"[954, 270]",False,,True,0.0,False,medium,False,"[[1248, 12], [1302, 264], [1032, 696]]",,"[[1530, 618]]",,0.4638952062002373,0.22698774783616094
940,3,3,15.627999999999929,,13518,"[954, 270]",False,,True,0.0,False,medium,False,"[[1248, 6], [1302, 258], [1032, 690]]",,"[[1530, 612]]",,0.46318278468287577,0.22628122850600874
941,3,3,15.644999999999982,,13518,"[954, 270]",False,,True,0.0,False,medium,False,"[[1248, 0], [1302, 252], [1032, 684]]",,"[[1530, 606]]",,0.46206744867980803,0.2276001673859407
942,3,3,15.660999999999945,,13518,"[954, 270]",False,,True,0.0,False,medium,False,"[[1302, 246], [1032, 678]]",,"[[1530, 600]]",,0.46206744867980803,0.2276001673859407
943,3,3,15.677999999999997,,13518,"[954, 270]",False,,True,0.0,False,medium,False,"[[1302, 240], [1032, 672]]",,"[[1530, 594]]",,0.46289480339431,0.2323965828713811
944,3,3,15.69399999999996,,13518,"[954, 270]",False,,True,0.0,False,medium,False,"[[1302, 234], [1032, 666]]",,"[[1530, 588]]",,0.46289480339431,0.2323965828713811
945,3,3,15.710000000000036,,13518,"[954, 270]",False,,True,0.0,False,medium,False,"[[1302, 228], [1032, 660]]",,"[[1530, 582]]",,0.46315649612760135,0.23713014772405738
946,3,3,15.726999999999975,,13518,"[954, 270]",False,,True,0.0,False,medium,False,"[[1302, 222], [1032, 654]]",,"[[1530, 576]]",,0.46315649612760135,0.23713014772405738
947,3,3,15.742999999999938,,13518,"[954, 270]",False,,True,0.0,False,medium,False,"[[1302, 216], [1032, 648]]",,"[[1530, 570]]",,0.46321856360743335,0.24180755487679595
948,3,3,15.759000000000015,,13518,"[954, 270]",False,,True,0.0,False,medium,False,"[[1302, 210], [1032, 642]]",,"[[1530, 564]]",,0.46321856360743335,0.24180755487679595
949,3,3,15.775999999999954,,13518,"[954, 270]",False,,True,0.0,False,medium,False,"[[1302, 204], [1032, 636]]",,"[[1530, 558]]",,0.4635158603683142,0.24442580914139045
950,3,3,15.793000000000006,,13518,"[954, 270]",False,,True,0.0,False,medium,False,"[[1302, 198], [1032, 630]]",,"[[1530, 552]]",,0.4635725343494347,0.24612979303843707
951,3,3,15.808999999999969,,13518,"[954, 270]",False,,True,0.0,False,medium,False,"[[1302, 192], [1032, 624]]",,"[[1530, 546]]",,0.4647159755586186,0.24889282756076747
952,3,3,15.826000000000022,,13518,"[954, 270]",False,,True,0.0,False,medium,False,"[[1302, 186], [1032, 618]]",,"[[1530, 540]]",,0.46490884142897604,0.24985009959001425
953,3,3,15.842999999999961,,13518,"[954, 270]",False,,True,0.0,False,medium,False,"[[1302, 180], [1032, 612]]",,"[[1530, 534]]",,0.4649654292975466,0.2523490535837547
954,3,3,15.860000000000014,,13518,"[954, 270]",False,,True,0.0,False,medium,False,"[[1302, 174], [1032, 606]]",,"[[1530, 528]]",,0.46498097354888956,0.2552396309981213
955,3,3,15.875999999999976,,13518,"[954, 270]",False,,True,0.0,False,medium,False,"[[1302, 168], [1032, 600]]",,"[[1530, 522]]",,0.46540899630181726,0.25836748164227885
956,3,3,15.893000000000029,,13518,"[954, 270]",False,,True,0.0,False,medium,False,"[[1302, 162], [1032, 594]]",,"[[1530, 516]]",,0.4655646316937248,0.25926080820906905
957,3,3,15.909999999999968,,13518,"[954, 270]",False,Right,True,0.0,False,medium,False,"[[1302, 156], [1032, 588]]",,"[[1524, 510]]",,0.4655637174589451,0.26209162543982323
958,3,3,15.927000000000021,,13518,"[954, 270]",False,Right,True,0.0,False,medium,False,"[[1296, 150], [1026, 582]]",,"[[1518, 504]]",,0.46563816668783203,0.26283701381435476
959,3,3,15.942000000000007,,13518,"[954, 270]",False,Right,True,0.0,False,medium,False,"[[1290, 144], [1020, 576]]",,"[[1512, 498]]",,0.46548223944710543,0.26367092867822717
960,3,3,15.958999999999946,,13518,"[954, 270]",False,Right,True,0.0,False,medium,False,"[[1284, 138], [1014, 570]]",,"[[1506, 492]]",,0.464916591941817,0.266637826300534
961,3,3,15.975000000000023,,13518,"[954, 270]",False,Right,True,0.0,False,medium,False,"[[1278, 132], [1008, 564]]",,"[[1500, 486]]",,0.46502789657219534,0.26857472372684865
962,3,3,15.990999999999985,,13518,"[954, 270]",False,Right,True,0.0,False,medium,False,"[[1272, 126], [1002, 558], [1128, 810]]",,"[[1494, 480]]",,0.46525831202191315,0.2727121052099809
963,3,3,16.007999999999925,,13518,"[954, 270]",False,Right,True,0.0,False,medium,False,"[[1266, 120], [996, 552], [1122, 804]]",,"[[1488, 474]]",,0.46494642773694517,0.27456917355414423
964,3,3,16.024,,13518,"[954, 270]",False,Right,True,0.0,False,medium,False,"[[1260, 114], [990, 546], [1116, 798]]",,"[[1482, 468]]",,0.46509698551290574,0.2760821826580927
965,3,3,16.04099999999994,,13518,"[954, 270]",False,Right,True,0.0,False,medium,False,"[[1254, 108], [984, 540], [1110, 792]]",,"[[1476, 462]]",,1.3896135046779086,0.5437679735562073
966,3,3,16.057000000000016,,13518,"[954, 270]",False,Right,True,0.0,False,medium,False,"[[1248, 102], [978, 534], [1104, 786]]",,"[[1470, 456]]",,0.46552475615555566,0.28043606419724665
967,3,3,16.074999999999932,,13518,"[954, 270]",False,Right,True,0.0,False,medium,False,"[[1242, 96], [972, 528], [1098, 780]]",,"[[1464, 450]]",,1.2192892543481615,0.5072342359534296
968,3,3,16.091999999999985,,13518,"[954, 270]",False,Right,True,0.0,False,medium,False,"[[1236, 90], [966, 522], [1092, 774]]",,"[[1458, 444]]",,0.23116850461475988,0.13381620294512264
969,3,3,16.108999999999924,,13518,"[954, 270]",False,Right,True,0.0,False,medium,False,"[[1230, 84], [960, 516], [1086, 768]]",,"[[1452, 438]]",,0.23116850461475988,0.13381620294512264
970,3,3,16.125999999999976,,13518,"[954, 270]",False,Right,True,0.0,False,medium,False,"[[1224, 78], [954, 510], [1080, 762]]",,"[[1446, 432]]",,0.46845362924083905,0.32922286207332674
971,3,3,16.14199999999994,,13518,"[954, 270]",False,Right,True,0.0,False,medium,False,"[[1218, 72], [948, 504], [1074, 756]]",,"[[1440, 426]]",,0.4705857625876799,0.33180863852196163
972,3,3,16.158000000000015,,13518,"[954, 270]",False,Right,True,0.0,False,medium,False,"[[1212, 66], [942, 498], [1068, 750]]",,"[[1434, 420]]",,0.46708346811367746,0.2895057625591885
973,3,3,16.174999999999955,,13518,"[954, 270]",False,Right,True,0.0,False,medium,False,"[[1206, 60], [936, 492], [1062, 744]]",,"[[1428, 414]]",,0.4663320523368526,0.28947667579851843
974,3,3,16.19100000000003,,13518,"[954, 270]",False,Right,True,0.0,False,medium,False,"[[1200, 54], [930, 486], [1056, 738]]",,"[[1422, 408]]",,0.4659884003301354,0.2898292560045871
975,3,3,16.206999999999994,,13518,"[954, 270]",False,Right,True,0.0,False,medium,False,"[[1194, 48], [924, 480], [1050, 732]]",,"[[1416, 402]]",,0.4659884003301354,0.2898292560045871
976,3,3,16.222999999999956,,13518,"[954, 270]",False,Right,True,0.0,False,medium,False,"[[1188, 42], [918, 474], [1044, 726]]",,"[[1410, 396]]",,0.46308305709571956,0.2911196206097958
977,3,3,16.24000000000001,,13518,"[954, 270]",False,Right,True,0.0,False,medium,False,"[[1182, 36], [912, 468], [1038, 720]]",,"[[1404, 390]]",,0.46308305709571956,0.2911196206097958
978,3,3,16.256999999999948,,13518,"[954, 270]",False,Right,True,0.0,False,medium,False,"[[1176, 30], [906, 462], [1032, 714]]",,"[[1398, 384]]",,0.4618295618412631,0.2914788793514743
979,3,3,16.274,,13518,"[954, 270]",False,Right,True,0.0,False,medium,False,"[[1170, 24], [900, 456], [1026, 708]]",,"[[1392, 378]]",,-1.1824045360526845,0.29156968995891064
980,3,3,16.289999999999964,,13518,"[954, 270]",False,Right,True,0.0,False,medium,False,"[[1164, 18], [894, 450], [1020, 702]]",,"[[1386, 372]]",,0.45142253056003,0.24288034431094163
981,3,3,16.307000000000016,,13518,"[954, 270]",False,Right,True,0.0,False,medium,False,"[[1158, 12], [888, 444], [1014, 696]]",,"[[1380, 366]]",,0.45142253056003,0.24288034431094163
982,3,3,16.323999999999955,,13518,"[954, 270]",False,,True,0.0,False,medium,False,"[[1152, 6], [882, 438], [1008, 690]]",,"[[1380, 360]]",,0.4521077121385718,0.2424823080636691
983,3,3,16.340000000000032,,13518,"[954, 270]",False,,True,0.0,False,medium,False,"[[1152, 0], [882, 432], [1008, 684]]",,"[[1380, 354]]",,0.4521077121385718,0.2424823080636691
984,3,3,16.355999999999995,,13518,"[954, 270]",False,,True,0.0,False,medium,False,"[[882, 426], [1008, 678]]",,"[[1380, 348]]",,0.4516714366577089,0.2392264617809733
985,3,3,16.372999999999934,,13518,"[954, 270]",False,,True,0.0,False,medium,False,"[[882, 420], [1008, 672]]",,"[[1380, 342]]",,0.4516714366577089,0.2392264617809733
986,3,3,16.389999999999986,,13518,"[954, 270]",False,,True,0.0,False,medium,False,"[[882, 414], [1008, 666], [1116, 810]]",,"[[1380, 336]]",,0.4522071836610502,0.24443492538749012
987,3,3,16.408000000000015,,13518,"[954, 270]",False,,True,0.0,False,medium,False,"[[882, 408], [1008, 660], [1116, 804]]",,"[[1380, 330]]",,0.4522071836610502,0.24443492538749012
988,3,3,16.423999999999978,,13518,"[954, 270]",False,,True,0.0,False,medium,False,"[[882, 402], [1008, 654], [1116, 798]]",,"[[1380, 324]]",,0.45058806066588974,0.24662738480611146
989,3,3,16.44100000000003,,13518,"[954, 270]",False,,True,0.0,False,medium,False,"[[882, 396], [1008, 648], [1116, 792]]",,"[[1380, 318]]",,0.45058806066588974,0.24662738480611146
990,3,3,16.456999999999994,,13518,"[954, 270]",False,,True,0.0,False,medium,False,"[[882, 390], [1008, 642], [1116, 786]]",,"[[1380, 312]]",,0.4491038688264334,0.24970343974328357
991,3,3,16.475000000000023,,13518,"[954, 270]",False,Right,True,1.0,False,medium,False,"[[882, 384], [1008, 636], [1116, 780]]",,"[[1374, 306]]",,0.4491038688264334,0.24970343974328357
992,3,3,16.490999999999985,,13518,"[954, 270]",False,Right,True,1.0,False,medium,False,"[[876, 378], [1002, 630], [1110, 774]]",,"[[1374, 300]]",,0.4490856699869519,0.2538063901111447
993,3,3,16.505999999999972,,13518,"[954, 270]",False,Right,True,1.0,False,medium,False,"[[876, 372], [1002, 624], [1110, 768]]",,"[[1374, 294]]",,0.4490856699869519,0.2538063901111447
994,3,3,16.523000000000025,,13518,"[954, 270]",False,Right,True,1.0,False,medium,False,"[[876, 366], [1002, 618], [1110, 762]]",,"[[1374, 288]]",,0.4468780718734903,0.25662644660968903
995,3,3,16.538999999999987,,13518,"[954, 270]",False,Right,True,1.0,False,medium,False,"[[876, 360], [1002, 612], [1110, 756]]",,"[[1374, 282]]",,0.4468780718734903,0.25662644660968903
996,3,3,16.557999999999993,,13518,"[954, 270]",False,Right,True,1.0,False,medium,False,"[[876, 354], [1002, 606], [1110, 750]]",,"[[1374, 276]]",,0.44431807569595094,0.26362478398415556
997,3,3,16.574999999999932,,13518,"[954, 270]",False,Right,True,1.0,False,medium,False,"[[876, 348], [1002, 600], [1110, 744]]",,"[[1374, 270]]",,0.44431807569595094,0.26362478398415556
998,3,3,16.591000000000008,,13518,"[954, 270]",False,Right,True,1.0,False,medium,False,"[[876, 342], [1002, 594], [1110, 738]]",,"[[1374, 264]]",,0.4431599341606424,0.26857727044742097
999,3,3,16.60699999999997,,13518,"[954, 270]",False,Right,True,1.0,False,medium,False,"[[876, 336], [1002, 588], [1110, 732]]",,"[[1374, 258]]",,0.4431599341606424,0.26857727044742097
1000,3,3,16.624000000000024,,13518,"[954, 270]",False,Right,True,1.0,False,medium,False,"[[876, 330], [1002, 582], [1110, 726]]",,"[[1374, 252]]",,0.4425493925773627,0.2728160559072249
1001,3,3,16.639999999999986,,13518,"[954, 270]",False,Right,True,1.0,False,medium,False,"[[876, 324], [1002, 576], [1110, 720]]",,"[[1374, 246]]",,0.4425493925773627,0.2728160559072249
1002,3,3,16.65599999999995,,13518,"[954, 270]",False,Right,True,1.0,False,medium,False,"[[876, 318], [1002, 570], [1110, 714]]",,"[[1374, 240]]",,0.44771536878422513,0.3204703740830317
1003,3,3,16.673000000000002,,13518,"[954, 270]",False,Right,True,1.0,False,medium,False,"[[876, 312], [1002, 564], [1110, 708]]",,"[[1374, 234]]",,0.44771536878422513,0.3204703740830317
1004,3,3,16.68999999999994,,13518,"[954, 270]",False,Right,True,1.0,False,medium,False,"[[876, 306], [1002, 558], [1110, 702]]",,"[[1374, 228]]",,0.4412119581885886,0.27748322605216236
1005,3,3,16.706999999999994,,13518,"[954, 270]",False,Right,True,1.0,False,medium,False,"[[876, 300], [1002, 552], [1110, 696]]",,"[[1374, 222]]",,0.4412119581885886,0.27748322605216236
1006,3,3,16.722999999999956,,13518,"[954, 270]",False,Right,True,1.0,False,medium,False,"[[876, 294], [1002, 546], [1110, 690]]",,"[[1374, 216]]",,0.44238337091045976,0.28017150763713705
1007,3,3,16.74000000000001,,13518,"[954, 270]",False,Right,True,1.0,False,medium,False,"[[876, 288], [1002, 540], [1110, 684]]",,"[[1374, 210]]",,0.44238337091045976,0.28017150763713705
1008,3,3,16.755999999999972,,13518,"[954, 270]",False,Right,True,1.0,False,medium,False,"[[876, 282], [1002, 534], [1110, 678]]",,"[[1374, 204]]",,0.4485363198782138,0.3240139547487363
1009,3,3,16.773000000000025,,13518,"[954, 270]",False,Right,True,1.0,False,medium,False,"[[876, 276], [1002, 528], [1110, 672]]",,"[[1374, 198]]",,0.4485363198782138,0.3240139547487363
1010,3,3,16.789999999999964,,13518,"[954, 270]",False,,True,1.0,False,medium,False,"[[876, 270], [1002, 522], [1110, 666]]",,"[[1380, 192]]",,0.4418931441720231,0.28711938931701064
1011,3,3,16.805999999999926,,13518,"[954, 270]",False,,True,1.0,False,medium,False,"[[882, 264], [1008, 516], [1116, 660]]",,"[[1386, 186]]",,0.4418931441720231,0.28711938931701064
1012,3,3,16.821000000000026,,13518,"[954, 270]",False,,True,1.0,False,medium,False,"[[888, 258], [1014, 510], [1122, 654]]",,"[[1392, 180]]",,1.2324527716615687,0.4873864124701214
1013,3,3,16.837999999999965,,13518,"[954, 270]",False,,True,1.0,False,medium,False,"[[894, 252], [1020, 504], [1128, 648]]",,"[[1398, 174]]",,1.2324527716615687,0.4873864124701214
1014,3,3,16.853999999999928,,13518,"[954, 270]",False,,True,1.0,False,medium,False,"[[900, 246], [1026, 498], [1134, 642]]",,"[[1404, 168]]",,1.3184662631559063,0.495316098253369
1015,3,3,16.87099999999998,,13518,"[954, 270]",False,,True,1.0,False,medium,False,"[[906, 240], [1032, 492], [1140, 636]]",,"[[1410, 162]]",,1.3184662631559063,0.495316098253369
1016,3,3,16.888000000000034,,13518,"[954, 270]",False,,True,1.0,False,medium,False,"[[912, 234], [1038, 486], [1146, 630]]",,"[[1416, 156]]",,1.2310349351157055,0.5334525797736214
1017,3,3,16.903999999999996,,13518,"[954, 270]",False,,True,1.0,False,medium,False,"[[918, 228], [1044, 480], [1152, 624]]",,"[[1422, 150]]",,1.2310349351157055,0.5334525797736214
1018,3,3,16.920999999999935,,13518,"[954, 270]",False,Left,True,1.0,False,medium,False,"[[924, 222], [1050, 474], [1158, 618]]",,"[[1434, 144]]",,0.44931679208443376,0.33071588638282823
1019,3,3,16.937999999999988,,13518,"[954, 270]",False,Left,True,1.0,False,medium,False,"[[936, 216], [1062, 468], [1170, 612]]",,"[[1446, 138]]",,0.44931679208443376,0.33071588638282823
1020,3,3,16.956999999999994,,13518,"[954, 270]",False,Left,True,1.0,False,medium,False,"[[948, 210], [1074, 462], [1182, 606]]",,"[[1458, 132]]",,1.2805700273898069,0.46895895675700106
1021,3,3,16.972999999999956,,13518,"[954, 270]",False,Left,True,1.0,False,medium,False,"[[960, 204], [1086, 456], [1194, 600]]",,"[[1470, 126]]",,1.2805700273898069,0.46895895675700106
1022,3,3,16.99000000000001,,13518,"[954, 270]",False,Left,True,1.0,False,medium,False,"[[972, 198], [1098, 450], [1206, 594]]",,"[[1482, 120]]",,0.44994558855690087,0.33189248361415746
1023,3,3,17.007999999999925,,13518,"[954, 270]",False,,True,1.0,False,medium,False,"[[984, 192], [1110, 444], [1218, 588]]",,"[[1488, 114]]",,0.44994558855690087,0.33189248361415746
1024,3,3,17.023000000000025,,13518,"[954, 270]",False,,True,1.0,False,medium,False,"[[990, 186], [1116, 438], [1224, 582]]",,"[[1494, 108]]",,0.4502700410955218,0.3320389434630505
1025,3,3,17.038999999999987,,13518,"[954, 270]",False,,True,1.0,False,medium,False,"[[996, 180], [1122, 432], [1230, 576]]",,"[[1500, 102]]",,0.4502700410955218,0.3320389434630505
1026,3,3,17.05499999999995,,13518,"[954, 270]",False,,True,1.0,False,medium,False,"[[1002, 174], [1128, 426], [1236, 570]]",,"[[1506, 96]]",,1.3338175160189407,0.5147688535654505
1027,3,3,17.072000000000003,,13518,"[954, 270]",False,,True,1.0,False,medium,False,"[[1008, 168], [1134, 420], [1242, 564]]",,"[[1512, 90]]",,1.3338175160189407,0.5147688535654505
1028,3,3,17.087999999999965,,13518,"[954, 270]",False,,True,1.0,False,medium,False,"[[1014, 162], [1140, 414], [1248, 558]]",,"[[1518, 84]]",,1.3140059487163651,0.51349160450301
1029,3,3,17.103999999999928,,13518,"[954, 270]",False,,True,1.0,False,medium,False,"[[1020, 156], [1146, 408], [1254, 552]]",,"[[1524, 78]]",,1.3140059487163651,0.51349160450301
1030,3,3,17.120000000000005,,13518,"[954, 270]",False,,True,1.0,False,medium,False,"[[1026, 150], [1152, 402], [1260, 546]]",,"[[1530, 72]]",,1.2724398494090239,0.5173167525504734
1031,3,3,17.136999999999944,,13518,"[954, 270]",False,,True,1.0,False,medium,False,"[[1032, 144], [1158, 396], [1266, 540]]",,"[[1536, 66]]",,1.2724398494090239,0.5173167525504734
1032,3,3,17.15300000000002,,13518,"[954, 270]",False,,True,1.0,False,medium,False,"[[1038, 138], [1164, 390], [1272, 534]]",,"[[1542, 60]]",,1.4769700007867665,0.4922885232717067
1033,3,3,17.16999999999996,,13518,"[954, 270]",False,,True,1.0,False,medium,False,"[[1044, 132], [1170, 384], [1278, 528]]",,"[[1548, 54]]",,1.4769700007867665,0.4922885232717067
1034,3,3,17.186000000000035,,13518,"[954, 270]",False,,True,1.0,False,medium,False,"[[1050, 126], [1176, 378], [1284, 522]]",,"[[1554, 48]]",,1.324562956092264,0.49416436137936626
1035,3,3,17.20399999999995,,13518,"[954, 270]",False,Right,True,1.0,False,medium,False,"[[1056, 120], [1182, 372], [1290, 516]]",,"[[1554, 42]]",,1.324562956092264,0.49416436137936626
1036,3,3,17.220000000000027,,13518,"[954, 270]",False,Right,True,1.0,False,medium,False,"[[1056, 114], [1182, 366], [1290, 510]]",,"[[1554, 36]]",,1.320981470699039,0.5068494952540219
1037,3,3,17.235000000000014,,13518,"[954, 270]",False,Right,True,1.0,False,medium,False,"[[1056, 108], [1182, 360], [1290, 504]]",,"[[1554, 30]]",,1.320981470699039,0.5068494952540219
1038,3,3,17.250999999999976,,13518,"[954, 270]",False,Right,True,1.0,False,medium,False,"[[1056, 102], [1182, 354], [1290, 498]]",,"[[1554, 24]]",,1.2787232575086742,0.5109927738152374
1039,3,3,17.26800000000003,,13518,"[954, 270]",False,Right,True,1.0,False,medium,False,"[[1056, 96], [1182, 348], [1290, 492]]",,"[[1554, 18]]",,1.2787232575086742,0.5109927738152374
1040,3,3,17.283999999999992,,13518,"[954, 270]",False,Right,True,1.0,False,medium,False,"[[1056, 90], [1182, 342], [1290, 486]]",,"[[1554, 12]]",,7.637461569232069,0.491899201700166
1041,3,3,17.30099999999993,,13518,"[954, 270]",False,Right,True,1.0,False,medium,False,"[[1056, 84], [1182, 336], [1290, 480]]",,"[[1554, 6]]",,7.637461569232069,0.491899201700166
1042,3,3,17.317000000000007,,13518,"[954, 270]",False,Right,True,0.0,False,medium,False,"[[1056, 78], [1182, 330], [1290, 474]]",,"[[1554, 0]]",,1.270616652736095,0.4797254764136508
1043,3,3,17.33299999999997,,13518,"[954, 270]",False,Right,True,0.0,False,medium,False,"[[1056, 72], [1182, 324], [1290, 468]]",,[],,1.270616652736095,0.4797254764136508
1044,3,3,17.351,,13518,"[954, 270]",False,Right,True,0.0,False,medium,False,"[[1050, 66], [1176, 318], [1284, 462]]",,[],,1.3446011462584349,0.45412774712554105
1045,3,3,17.367999999999938,,13518,"[954, 270]",False,Right,True,0.0,False,medium,False,"[[1044, 60], [1170, 312], [1278, 456]]",,[],,1.4496438942121916,0.46804815566126634
1046,3,3,17.38499999999999,,13518,"[954, 270]",False,Right,True,0.0,False,medium,False,"[[1038, 54], [1164, 306], [1272, 450]]",,[],,0.4516367774862933,0.33732466372309255
1047,3,3,17.40300000000002,,13518,"[954, 270]",False,Right,True,0.0,False,medium,False,"[[1032, 48], [1158, 300], [1266, 444]]",,[],,0.4516367774862933,0.33732466372309255
1048,3,3,17.41999999999996,,13518,"[954, 270]",False,Right,True,0.0,False,medium,False,"[[1026, 42], [1152, 294], [1260, 438]]",,[],,0.45090643196648744,0.3366740138599664
1049,3,3,17.436000000000035,,13518,"[954, 270]",False,Right,True,0.0,False,medium,False,"[[1020, 36], [1146, 288], [1254, 432]]",,[],,0.45090643196648744,0.3366740138599664
1050,3,3,17.451999999999998,,13518,"[954, 270]",False,,True,0.0,False,medium,False,"[[1014, 30], [1140, 282], [1248, 426]]",,[],,1.7657783389794897,0.43134113907921645
1051,3,3,17.468999999999937,,13518,"[954, 270]",False,,True,0.0,False,medium,False,"[[1014, 24], [1140, 276], [1248, 420]]",,[],,1.7657783389794897,0.43134113907921645
1052,3,3,17.485000000000014,,13518,"[954, 270]",False,,True,0.0,False,medium,False,"[[1014, 18], [1140, 270], [1248, 414]]",,[],,0.45197255431046407,0.34135671944098933
1053,3,3,17.501999999999953,,13518,"[954, 270]",False,,True,0.0,False,medium,False,"[[1014, 12], [1140, 264], [1248, 408]]",,[],,0.45197255431046407,0.34135671944098933
1054,3,3,17.51800000000003,,13518,"[954, 270]",False,,True,0.0,False,medium,False,"[[1014, 6], [1140, 258], [1248, 402]]",,[],,0.45391166782031345,0.34341685644744135
1055,3,3,17.533999999999992,,13518,"[954, 270]",False,,True,0.0,False,medium,False,"[[1014, 0], [1140, 252], [1248, 396]]",,[],,0.45391166782031345,0.34341685644744135
1056,3,3,17.55099999999993,,13518,"[954, 270]",False,,True,0.0,False,medium,False,"[[1140, 246], [1248, 390]]",,[],,0.4548337405525061,0.3434417338519703
1057,3,3,17.567000000000007,,13518,"[954, 270]",False,,True,0.0,False,medium,False,"[[1140, 240], [1248, 384]]",,[],,0.23116850461475988,0.13381620294512264
1058,3,3,17.58299999999997,,13518,"[954, 270]",False,,True,0.0,False,medium,False,"[[1140, 234], [1248, 378]]",,[],,0.45562533236417,0.34521230002946013
1059,3,3,17.600000000000023,,13518,"[954, 270]",False,,True,0.0,False,medium,False,"[[1140, 228], [1248, 372]]",,[],,0.4554982966958866,0.34549059948511684
1060,3,3,17.616999999999962,,13518,"[954, 270]",False,,True,0.0,False,medium,False,"[[1140, 222], [1248, 366]]",,[],,0.4551289981290273,0.3461079184497019
1061,3,3,17.634000000000015,,13518,"[954, 270]",False,,True,0.0,False,medium,False,"[[1140, 216], [1248, 360]]",,[],,1.411058055513778,0.47362776873592416
1062,3,3,17.650999999999954,,13518,"[954, 270]",False,Right,True,0.0,False,medium,False,"[[1140, 210], [1248, 354]]",,[],,0.4654186324424102,0.3301988163720927
1063,3,3,17.668999999999983,,13518,"[954, 270]",False,Right,True,0.0,False,medium,False,"[[1134, 204], [1242, 348]]",,[],,0.46546198366546393,0.3301160778896415
1064,3,3,17.687000000000012,,13518,"[954, 270]",False,,True,0.0,False,medium,False,"[[1128, 198], [1236, 342]]",,[],,0.46599385425940276,0.3292385277104952
1065,3,3,17.702999999999975,,13518,"[954, 270]",False,,True,0.0,False,medium,False,"[[1128, 192], [1236, 336]]",,[],,0.46599385425940276,0.3292385277104952
1066,3,3,17.718999999999937,,13518,"[954, 270]",False,,True,0.0,False,medium,False,"[[1128, 186], [1236, 330]]",,[],,0.46557112350519664,0.32834777895325085
1067,3,3,17.735000000000014,,13518,"[954, 270]",False,,True,0.0,False,medium,False,"[[1128, 180], [1236, 324]]",,[],,1.7128734396033451,0.4695445012264321
1068,3,3,17.750999999999976,,13518,"[954, 270]",False,,True,0.0,False,medium,False,"[[1128, 174], [1236, 318]]",,[],,0.4636456199531479,0.3284404150309015
1069,3,3,17.76800000000003,,13518,"[954, 270]",False,,True,0.0,False,medium,False,"[[1128, 168], [1236, 312]]",,[],,1.6858832682038933,0.46904204236488
1070,3,3,17.783999999999992,,13518,"[954, 270]",False,,True,0.0,False,medium,False,"[[1128, 162], [1236, 306]]",,[],,0.4633493003176065,0.3298001876547587
1071,3,3,17.80099999999993,,13518,"[954, 270]",False,,True,0.0,False,medium,False,"[[1128, 156], [1236, 300]]",,[],,0.4633493003176065,0.3298001876547587
1072,3,3,17.817999999999984,,13518,"[954, 270]",False,,True,0.0,False,medium,False,"[[1128, 150], [1236, 294]]",,[],,0.46438398629484573,0.3314388925635451
1073,3,3,17.83299999999997,,13518,"[954, 270]",False,,True,0.0,False,medium,False,"[[1128, 144], [1236, 288]]",,[],,0.4658247169244194,0.3330430784737156
1074,3,3,17.850000000000023,,13518,"[954, 270]",False,,True,0.0,False,medium,False,"[[1128, 138], [1236, 282]]",,[],,0.4664478338784289,0.3336723164218298
1075,3,3,17.866999999999962,,13518,"[954, 270]",False,,True,0.0,False,medium,False,"[[1128, 132], [1236, 276]]",,[],,0.45115988319361816,0.22592824405382117
1076,3,3,17.884000000000015,,13518,"[954, 270]",False,,True,0.0,False,medium,False,"[[1128, 126], [1236, 270]]",,[],,0.45115988319361816,0.22592824405382117
1077,3,3,17.90199999999993,,13518,"[954, 270]",False,,True,0.0,False,medium,False,"[[1128, 120], [1236, 264]]",,[],,0.45048982277788435,0.16403758252979306
1078,3,3,17.918999999999983,,13518,"[954, 270]",False,,True,0.0,False,medium,False,"[[1128, 114], [1236, 258]]",,[],,0.4502393961286324,0.15753761484252937
1079,3,3,17.934999999999945,,13518,"[954, 270]",False,,True,0.0,False,medium,False,"[[1128, 108], [1236, 252]]",,[],,0.4504429881187069,0.1567320418285364
1080,3,3,17.951999999999998,,13518,"[954, 270]",False,,True,0.0,False,medium,False,"[[1128, 102], [1236, 246]]",,[],,0.45270988118044525,0.15404068144266803
1081,3,3,17.968999999999937,,13518,"[954, 270]",False,,True,0.0,False,medium,False,"[[1128, 96], [1236, 240]]",,[],,0.4520177737114189,0.15112000009193438
1082,3,3,17.98599999999999,,13518,"[954, 270]",False,,True,0.0,False,medium,False,"[[1128, 90], [1236, 234]]",,[],,0.45205319126245236,0.15244881473162875
1083,3,3,18.001999999999953,,13518,"[954, 270]",False,,True,0.0,False,medium,False,"[[1128, 84], [1236, 228]]",,[],,0.4510724224862274,0.15162152031360943
1084,3,3,18.019000000000005,,13518,"[954, 270]",False,,True,0.0,False,medium,False,"[[1128, 78], [1236, 222]]",,[],,0.45101889237276777,0.15300003363913517
1085,3,3,18.034999999999968,,13518,"[954, 270]",False,,True,0.0,False,medium,False,"[[1128, 72], [1236, 216]]",,[],,0.45023504008182114,0.15457444716321234
1086,3,3,18.05099999999993,,13518,"[954, 270]",False,,True,0.0,False,medium,False,"[[1128, 66], [1236, 210]]",,[],,0.4509018089054794,0.15674012042234087
1087,3,3,18.067999999999984,,13518,"[954, 270]",False,,True,0.0,False,medium,False,"[[1128, 60], [1236, 204]]",,[],,0.4506212308687546,0.15712190639324242
1088,3,3,18.083999999999946,,13518,"[954, 270]",False,,True,0.0,False,medium,False,"[[1128, 54], [1236, 198]]",,[],,0.4508830082152893,0.15787759075193353
1089,3,3,18.100000000000023,,13518,"[954, 270]",False,,True,0.0,False,medium,False,"[[1128, 48], [1236, 192]]",,[],,0.4580148047739204,0.1640441782243941
1090,3,3,18.116999999999962,,13518,"[954, 270]",False,,True,0.0,False,medium,False,"[[1128, 42], [1236, 186]]",,[],,0.461102645094155,0.16709695779203282
1091,3,3,18.134000000000015,,13518,"[954, 270]",False,,True,0.0,False,medium,False,"[[1128, 36], [1236, 180]]",,[],,0.46053333671054697,0.1695564136169161
1092,3,3,18.149999999999977,,13518,"[954, 270]",False,,True,0.0,False,medium,False,"[[1128, 30], [1236, 174]]",,[],,0.46053333671054697,0.1695564136169161
1093,3,3,18.168000000000006,,13518,"[954, 270]",False,,True,0.0,False,medium,False,"[[1128, 24], [1236, 168]]",,[],,0.4607279711930012,0.1760140135323215
1094,3,3,18.184999999999945,,13518,"[954, 270]",False,,True,0.0,False,medium,False,"[[1128, 18], [1236, 162]]",,[],,0.4607257910234296,0.1762759254528209
1095,3,3,18.201000000000022,,13518,"[954, 270]",False,,True,0.0,False,medium,False,"[[1128, 12], [1236, 156]]",,[],,0.46157638852198185,0.18146557396504315
1096,3,3,18.21799999999996,,13518,"[954, 270]",False,,True,0.0,False,medium,False,"[[1128, 6], [1236, 150]]",,[],,0.46169191602421583,0.18182869957444137
1097,3,3,18.233999999999924,,13518,"[954, 270]",False,,True,0.0,False,medium,False,"[[1128, 0], [1236, 144]]",,[],,0.46133813660013445,0.185206173086504
1098,3,3,18.250999999999976,,13518,"[954, 270]",False,,True,0.0,False,medium,False,"[[1236, 138]]",,[],,0.46133813660013445,0.185206173086504
1099,3,3,18.26800000000003,,13518,"[954, 270]",False,,True,0.0,False,medium,False,"[[1236, 132]]",,[],,0.46058855989042957,0.18933322883997727
1100,3,3,18.284999999999968,,13518,"[954, 270]",False,,True,0.0,False,medium,False,"[[1236, 126]]",,[],,0.4605410975865449,0.1893726708092568
1101,3,3,18.30099999999993,,13518,"[954, 270]",False,,True,0.0,False,medium,False,"[[1236, 120]]",,[],,0.45999343415964267,0.19270349895674999
1102,3,3,18.317000000000007,,13518,"[954, 270]",False,,True,0.0,False,medium,False,"[[1236, 114]]",,[],,0.4597102700463401,0.19292634227351202
1103,3,3,18.33299999999997,,13518,"[954, 270]",False,,True,0.0,False,medium,False,"[[1236, 108]]",,[],,0.4586943419566671,0.19918917876712472
1104,3,3,18.350000000000023,,13518,"[954, 270]",False,,True,0.0,False,medium,False,"[[1236, 102]]",,[],,0.4586943419566671,0.19918917876712472
1105,3,3,18.366999999999962,,13518,"[954, 270]",False,,True,0.0,False,medium,False,"[[1236, 96]]",,[],,0.45866902080448063,0.2054920596714983
1106,3,3,18.382999999999925,,13518,"[954, 270]",False,,True,0.0,False,medium,False,"[[1236, 90]]",,[],,0.45866902080448063,0.2054920596714983
1107,3,3,18.399999999999977,,13518,"[954, 270]",False,,True,0.0,False,medium,False,"[[1236, 84]]",,[],,0.45834602085700704,0.20921102833490102
1108,3,3,18.41700000000003,,13518,"[954, 270]",False,,True,0.0,False,medium,False,"[[1236, 78]]",,[],,0.45834602085700704,0.20921102833490102
1109,3,3,18.434999999999945,,13518,"[954, 270]",False,,True,0.0,False,medium,False,"[[1236, 72]]",,[],,0.4570639016639106,0.21280863596688404
1110,3,3,18.451000000000022,,13518,"[954, 270]",False,,True,0.0,False,medium,False,"[[1236, 66]]",,[],,0.4570639016639106,0.21280863596688404
1111,3,3,18.466999999999985,,13518,"[954, 270]",False,,True,0.0,False,medium,False,"[[1236, 60]]",,[],,0.44124819018791506,0.19532010632957408
1112,3,3,18.482999999999947,,13518,"[954, 270]",False,,True,0.0,False,medium,False,"[[1236, 54]]",,[],,0.44124819018791506,0.19532010632957408
1113,3,3,18.499000000000024,,13518,"[954, 270]",False,,True,0.0,False,medium,False,"[[1236, 48]]",,[],,0.4371779657730971,0.19057004780454467
1114,3,3,18.514999999999986,,13518,"[954, 270]",False,,True,0.0,False,medium,False,"[[1236, 42]]",,[],,0.4371779657730971,0.19057004780454467
1115,3,3,18.53099999999995,,13518,"[954, 270]",False,,True,0.0,False,medium,False,"[[1236, 36]]",,[],,0.43737986677348106,0.1895774390117525
1116,3,3,18.548000000000002,,13518,"[954, 270]",False,,True,0.0,False,medium,False,"[[1236, 30]]",,[],,0.43737986677348106,0.1895774390117525
1117,3,3,18.56499999999994,,13518,"[954, 270]",False,Right,True,0.0,False,medium,False,"[[1236, 24]]",,[],,0.43751525893282517,0.1907607826913199
1118,3,3,18.581000000000017,,13518,"[954, 270]",False,Right,True,0.0,False,medium,False,"[[1230, 18]]",,[],,0.43751525893282517,0.1907607826913199
1119,3,3,18.59699999999998,,13518,"[954, 270]",False,Right,True,0.0,False,medium,False,"[[1224, 12]]",,[],,0.43762110900332496,0.19448086798651665
1120,3,3,18.614000000000033,,13518,"[954, 270]",False,Right,True,0.0,False,medium,False,"[[1218, 6]]",,[],,0.43762110900332496,0.19448086798651665
1121,3,3,18.631999999999948,,13518,"[954, 270]",False,Right,True,0.0,False,medium,False,"[[1212, 0]]",,[],,0.23116850461475988,0.13381620294512264
1122,3,3,18.648000000000025,,13518,"[954, 270]",False,,True,0.0,False,medium,False,[],,[],,0.23116850461475988,0.13381620294512264
1123,3,3,18.664999999999964,,13518,"[954, 270]",False,,True,0.0,False,medium,False,[],,[],,0.43721654572988716,0.20389663146833992
1124,3,3,18.682000000000016,,13518,"[954, 270]",False,,True,0.0,False,medium,False,[],,[],,0.43721654572988716,0.20389663146833992
1125,3,3,18.697000000000003,,13518,"[954, 270]",False,,True,0.0,False,medium,False,[],,[],,0.43645784407676513,0.2075184391732735
1126,3,3,18.713999999999942,,13518,"[954, 270]",False,,True,0.0,False,medium,False,[],,[],,0.43645784407676513,0.2075184391732735
1127,3,3,18.730999999999995,,13518,"[954, 270]",False,,True,0.0,False,medium,False,[],,[],,0.4364637957279993,0.2105734964416519
1128,3,3,18.746999999999957,,13518,"[954, 270]",False,,True,0.0,False,medium,False,[],,[],,0.4364637957279993,0.2105734964416519
1129,3,3,18.76400000000001,,13518,"[954, 270]",False,,True,0.0,False,medium,False,[],,[],,0.4363502689479934,0.21212682939837813
1130,3,3,18.779999999999973,,13518,"[954, 270]",False,,True,0.0,False,medium,False,[],,[],,0.4363502689479934,0.21212682939837813
1131,3,3,18.798000000000002,,13518,"[954, 270]",False,,True,0.0,False,medium,False,[],,[],,0.43695862640027017,0.21580121920199757
1132,3,3,18.81499999999994,,13518,"[954, 270]",False,,True,0.0,False,medium,False,[],,[],,0.43695862640027017,0.21580121920199757
1133,3,3,18.831999999999994,,13518,"[954, 270]",False,,True,0.0,False,medium,False,[],,[],,0.4371344638434347,0.21889379542874232
1134,3,3,18.84699999999998,,13518,"[954, 270]",False,,True,0.0,False,medium,False,[],,[],,0.43707116950065084,0.22130268533680475
1135,3,3,18.864000000000033,,13518,"[954, 270]",False,,True,0.0,False,medium,False,[],,[],,0.4364461517556551,0.22651789958094448
1136,3,3,18.880999999999972,,13518,"[954, 270]",False,,True,0.0,False,medium,False,[],,[],,0.4364461517556551,0.22651789958094448
1137,3,3,18.898000000000025,,13518,"[954, 270]",False,,True,0.0,False,medium,False,[],,[],,0.4360094479836622,0.23097783525300208
1138,3,3,18.914999999999964,,13518,"[954, 270]",False,,True,0.0,False,medium,False,[],,[],,0.4360094479836622,0.23097783525300208
1139,3,3,18.932000000000016,,13518,"[954, 270]",False,,True,0.0,False,medium,False,[],,[],,0.43528790824929053,0.23315772694199366
1140,3,3,18.94799999999998,,13518,"[954, 270]",False,,True,0.0,False,medium,False,[],,[],,0.43528790824929053,0.23315772694199366
1141,3,3,18.965000000000032,,13518,"[954, 270]",False,,True,0.0,False,medium,False,[],,[],,0.43490033794173455,0.2346861440657294
1142,3,3,18.980999999999995,,13518,"[954, 270]",False,,True,0.0,False,medium,False,[],,[],,0.4348300919263063,0.23489460146018992
1143,3,3,18.996999999999957,,13518,"[954, 270]",False,,True,0.0,False,medium,False,[],,[],,0.43579190364714127,0.2366991646537463
1144,3,3,19.013000000000034,,13518,"[954, 270]",False,,True,0.0,False,medium,False,[],,[],,0.43579190364714127,0.2366991646537463
1145,3,3,19.028999999999996,,13518,"[954, 270]",False,,True,0.0,False,medium,False,[],,[],,0.4366365466373766,0.2398877348173788
1146,3,3,19.045999999999935,,13518,"[954, 270]",False,,True,0.0,False,medium,False,[],,[],,0.4366365466373766,0.2398877348173788
1147,3,3,19.062000000000012,,13518,"[954, 270]",False,,True,0.0,False,medium,False,[],,[],,0.4375633072451287,0.24314891606820654
1148,3,3,19.077999999999975,,13518,"[954, 270]",False,,True,0.0,False,medium,False,[],,[],,0.43758522766770513,0.24428799867891382
1149,3,3,19.093999999999937,,13518,"[954, 270]",False,,True,0.0,False,medium,False,[],,[],,0.43717011976694964,0.24543190351030386
1150,3,3,19.110000000000014,,13518,"[954, 270]",False,,True,0.0,False,medium,False,[],,[],,0.43717011976694964,0.24543190351030386
1151,3,3,19.125999999999976,,13518,"[954, 270]",False,,True,0.0,False,medium,False,[],,[],,0.4369749270062477,0.2462743996852652
1152,3,3,19.14300000000003,,13518,"[954, 270]",False,Right,True,0.0,False,medium,False,[],,[],,0.4368059686319299,0.24842905690576544
1153,3,3,19.158999999999992,,13518,"[954, 270]",False,Right,True,0.0,False,medium,False,[],,[],,0.43666776888664005,0.24995134760940418
1154,3,3,19.174999999999955,,13518,"[954, 270]",False,Right,True,0.0,False,medium,False,[],,[],,0.43671618540469537,0.25133159279907724
1155,3,3,19.19100000000003,,13518,"[954, 270]",False,Right,True,0.0,False,medium,False,[],,[],,0.436473103638593,0.25324144721536723
1156,3,3,19.206999999999994,,13518,"[954, 270]",False,Right,True,0.0,False,medium,False,[],,[],,0.43657407113398,0.25441155837068585
1157,3,3,19.223999999999933,,13518,"[954, 270]",False,Right,True,0.0,False,medium,False,[],,[],,0.43657407113398,0.25441155837068585
1158,3,3,19.24000000000001,,13518,"[954, 270]",False,Right,True,0.0,False,medium,False,[],,[],,0.4363006675119097,0.2585628594220656
1159,3,3,19.257999999999925,,13518,"[954, 270]",False,,True,0.0,False,medium,False,[],,[],,0.4373896645931601,0.2602106760921232
1160,3,3,19.274,,13518,"[954, 270]",False,,True,0.0,False,medium,False,[],,[],,0.438709393152635,0.2662694621557665
1161,3,3,19.289999999999964,,13518,"[954, 270]",False,,True,0.0,False,medium,False,[],,[],,0.4386732742583709,0.2659608951923068
1162,3,3,19.305999999999926,,13518,"[954, 270]",False,,True,0.0,False,medium,False,[],,[],,0.43882673800902,0.26935360176375345
1163,3,3,19.32299999999998,,13518,"[954, 270]",False,,True,0.0,False,medium,False,[],,[],,0.43882673800902,0.26935360176375345
1164,3,3,19.340000000000032,,13518,"[954, 270]",False,,True,0.0,False,medium,False,[],,[],,0.4401163954833837,0.27270673397533185
1165,3,3,19.35699999999997,,13518,"[954, 270]",False,,True,0.0,False,medium,False,[],,[],,0.44018645736116174,0.27287383465259596
1166,3,3,19.374000000000024,,13518,"[954, 270]",False,,True,0.0,False,medium,False,[],,[],,0.4402993596885808,0.272832483462766
1167,3,3,19.389999999999986,,13518,"[954, 270]",False,,True,0.0,False,medium,False,[],,[],,0.4402993596885808,0.272832483462766
1168,3,3,19.40599999999995,,13518,"[954, 270]",False,,True,0.0,False,medium,False,[],,[],,0.43944515383676547,0.27285938372303664
1169,3,3,19.423000000000002,,13518,"[954, 270]",False,,True,0.0,False,medium,False,[],,[],,0.43944515383676547,0.27285938372303664
1170,3,3,19.438999999999965,,13518,"[954, 270]",False,,True,0.0,False,medium,False,[],,[],,0.4393350962700568,0.2751693222250632
1171,3,3,19.454999999999927,,13518,"[954, 270]",False,,True,0.0,False,medium,False,[],,[],,0.4393350962700568,0.2751693222250632
1172,3,3,19.471000000000004,,13518,"[954, 270]",False,,True,0.0,False,medium,False,[],,[],,0.43957502524800773,0.2773212801958008
1173,3,3,19.487999999999943,,13518,"[954, 270]",False,,True,0.0,False,medium,False,[],,[],,0.43957502524800773,0.2773212801958008
1174,3,3,19.504999999999995,,13518,"[954, 270]",False,,True,0.0,False,medium,False,[],,[],,0.23116850461475988,0.13381620294512264
1175,3,3,19.523000000000025,,13518,"[954, 270]",False,,True,0.0,False,medium,False,[],,[],,0.23116850461475988,0.13381620294512264
1176,3,3,19.53800000000001,,13518,"[954, 270]",False,,True,0.0,False,medium,False,[],,[],,0.4405945973099211,0.28392527229437015
1177,3,3,19.553999999999974,,13518,"[954, 270]",False,,True,0.0,False,medium,False,[],,[],,0.4405945973099211,0.28392527229437015
1178,3,3,19.571000000000026,,13518,"[954, 270]",False,,True,0.0,False,medium,False,[],,[],,0.4400701528578928,0.28448432648311683
1179,3,3,19.587999999999965,,13518,"[954, 270]",False,,True,0.0,False,medium,False,[],,[],,0.4400701528578928,0.28448432648311683
1180,3,3,19.603999999999928,,13518,"[954, 270]",False,,True,0.0,False,medium,False,[],,[],,0.43937517650496216,0.2850481568483777
1181,3,3,19.62099999999998,,13518,"[954, 270]",False,,True,0.0,False,medium,False,[],,[],,0.43937517650496216,0.2850481568483777
1182,3,3,19.63900000000001,,13518,"[954, 270]",False,,True,0.0,False,medium,False,[],,[],,0.4341838647016701,0.28416455177012634
1183,3,3,19.65599999999995,,13518,"[954, 270]",False,,True,0.0,False,medium,False,[],,[],,0.4341838647016701,0.28416455177012634
1184,3,3,19.672000000000025,,13518,"[954, 270]",False,,True,0.0,False,medium,False,[],,[],,0.23116850461475988,0.13381620294512264
1185,3,3,19.688999999999965,,13518,"[954, 270]",False,,True,0.0,False,medium,False,[],,[],,0.23116850461475988,0.13381620294512264
1186,3,3,19.706000000000017,,13518,"[954, 270]",False,,True,0.0,False,medium,False,[],,[],,0.43602184993258203,0.28560165855834485
1187,3,3,19.722999999999956,,13518,"[954, 270]",False,,True,0.0,False,medium,False,[],,[],,0.43602184993258203,0.28560165855834485
1188,3,3,19.741999999999962,,13518,"[954, 270]",False,,True,0.0,False,medium,False,[],,[],,0.4366480326217753,0.2871251050224425
1189,3,3,19.757999999999925,,13518,"[954, 270]",False,,True,0.0,False,medium,False,[],,[],,0.4366480326217753,0.2871251050224425
1190,3,3,19.774999999999977,,13518,"[954, 270]",False,,True,0.0,False,medium,False,[],,[],,0.23116850461475988,0.13381620294512264
1191,3,3,19.789999999999964,,13518,"[954, 270]",False,,True,0.0,False,medium,False,[],,[],,0.23116850461475988,0.13381620294512264
1192,3,3,19.805999999999926,,13518,"[954, 270]",False,,True,0.0,False,medium,False,[],,[],,0.4346240296313799,0.28722126315016383
1193,3,3,19.82299999999998,,13518,"[954, 270]",False,,True,0.0,False,medium,False,[],,[],,0.4346240296313799,0.28722126315016383
1194,3,3,19.840000000000032,,13518,"[954, 270]",False,,True,0.0,False,medium,False,[],,[],,0.433943669740872,0.2894755842778669
1195,3,3,19.855999999999995,,13518,"[954, 270]",False,,True,0.0,False,medium,False,[],,[],,0.433943669740872,0.2894755842778669
1196,3,3,19.872999999999934,,13518,"[954, 270]",False,,True,0.0,False,medium,False,"[[966, 810]]",,[],,0.4348493799362224,0.2923635686488084
1197,3,3,19.889999999999986,,13518,"[954, 270]",False,,True,0.0,False,medium,False,"[[966, 804]]",,[],,0.4348493799362224,0.2923635686488084
1198,3,3,19.906999999999925,,13518,"[954, 270]",False,,True,0.0,False,medium,False,"[[966, 798]]",,[],,0.23116850461475988,0.13381620294512264
1199,3,3,19.923000000000002,,13518,"[954, 270]",False,,True,0.0,False,medium,False,"[[966, 792], [822, 810]]",,[],,0.23116850461475988,0.13381620294512264
1200,3,3,19.937999999999988,,13518,"[954, 270]",False,,True,0.0,False,medium,False,"[[966, 786], [822, 804]]",,[],,0.4388107922679274,0.2716153842827471
1201,3,3,19.954999999999927,,13518,"[954, 270]",False,,True,0.0,False,medium,False,"[[966, 780], [822, 798]]",,[],,0.4388107922679274,0.2716153842827471
1202,3,3,19.973999999999933,,13518,"[954, 270]",False,,True,0.0,False,medium,False,"[[966, 774], [822, 792]]",,[],,0.4482040561064286,0.32991369174162744
1203,3,3,19.99000000000001,,13518,"[954, 270]",False,,True,0.0,False,medium,False,"[[966, 768], [822, 786]]",,[],,0.4482040561064286,0.32991369174162744
1204,3,3,20.005999999999972,,13518,"[954, 270]",False,,True,0.0,False,medium,False,"[[966, 762], [822, 780]]",,[],,0.23116850461475988,0.13381620294512264
1205,3,3,20.021999999999935,,13518,"[954, 270]",False,,True,0.0,False,medium,False,"[[966, 756], [822, 774]]",,[],,0.23116850461475988,0.13381620294512264
1206,3,3,20.03800000000001,,13518,"[954, 270]",False,,True,0.0,False,medium,False,"[[966, 750], [822, 768]]",,[],,0.23116850461475988,0.13381620294512264
1207,3,3,20.05499999999995,,13518,"[954, 270]",False,,True,0.0,False,medium,False,"[[966, 744], [822, 762]]",,[],,0.23116850461475988,0.13381620294512264
1208,3,3,20.071000000000026,,13518,"[954, 270]",False,,True,0.0,False,medium,False,"[[966, 738], [822, 756]]",,[],,0.43942151967345333,0.27552886661967335
1209,3,3,20.087999999999965,,13518,"[954, 270]",False,,True,0.0,False,medium,False,"[[966, 732], [822, 750]]",,[],,0.43942151967345333,0.27552886661967335
1210,3,3,20.105000000000018,,13518,"[954, 270]",False,,True,0.0,False,medium,False,"[[966, 726], [822, 744]]",,[],,0.23116850461475988,0.13381620294512264
1211,3,3,20.122999999999934,,13518,"[954, 270]",False,,True,0.0,False,medium,False,"[[966, 720], [822, 738]]",,[],,0.23116850461475988,0.13381620294512264
1212,3,3,20.13900000000001,,13518,"[954, 270]",False,,True,0.0,False,medium,False,"[[966, 714], [822, 732]]",,[],,0.4492774953515955,0.332725674259187
1213,3,3,20.154999999999973,,13518,"[954, 270]",False,,True,0.0,False,medium,False,"[[966, 708], [822, 726]]",,[],,0.4492774953515955,0.332725674259187
1214,3,3,20.170999999999935,,13518,"[954, 270]",False,,True,0.0,False,medium,False,"[[966, 702], [822, 720]]",,[],,0.449962368891645,0.33391766129058853
1215,3,3,20.187999999999988,,13518,"[954, 270]",False,,True,0.0,False,medium,False,"[[966, 696], [822, 714]]",,[],,0.449962368891645,0.33391766129058853
1216,3,3,20.204999999999927,,13518,"[954, 270]",False,,True,0.0,False,medium,False,"[[966, 690], [822, 708]]",,[],,0.42859890546330714,0.23519533135922743
1217,3,3,20.221000000000004,,13518,"[954, 270]",False,,True,0.0,False,medium,False,"[[966, 684], [822, 702]]",,[],,0.42859890546330714,0.23519533135922743
1218,3,3,20.237999999999943,,13518,"[954, 270]",False,,True,0.0,False,medium,False,"[[966, 678], [822, 696]]",,[],,0.42983314541842554,0.23656161589474956
1219,3,3,20.254999999999995,,13518,"[954, 270]",False,,True,0.0,False,medium,False,"[[966, 672], [822, 690]]",,[],,0.42983314541842554,0.23656161589474956
1220,3,3,20.270999999999958,,13518,"[954, 270]",False,,True,0.0,False,medium,False,"[[966, 666], [822, 684]]",,[],,0.43046088113012065,0.23726343122834426
1221,3,3,20.28800000000001,,13518,"[954, 270]",False,,True,0.0,False,medium,False,"[[966, 660], [822, 678]]",,[],,0.43046088113012065,0.23726343122834426
1222,3,3,20.303999999999974,,13518,"[954, 270]",False,,True,0.0,False,medium,False,"[[966, 654], [822, 672]]",,[],,0.43076045156093723,0.23917192243447816
1223,3,3,20.321000000000026,,13518,"[954, 270]",False,,True,0.0,False,medium,False,"[[966, 648], [822, 666]]",,[],,0.43076045156093723,0.23917192243447816
1224,3,3,20.337999999999965,,13518,"[954, 270]",False,,True,0.0,False,medium,False,"[[966, 642], [822, 660]]",,[],,0.4300288608516925,0.2404915363122231
1225,3,3,20.353999999999928,,13518,"[954, 270]",False,,True,0.0,False,medium,False,"[[966, 636], [822, 654]]",,[],,0.4300288608516925,0.2404915363122231
1226,3,3,20.370000000000005,,13518,"[954, 270]",False,,True,0.0,False,medium,False,"[[966, 630], [822, 648]]",,[],,0.4298766448439989,0.24276038306627268
1227,3,3,20.385999999999967,,13518,"[954, 270]",False,,True,0.0,False,medium,False,"[[966, 624], [822, 642]]",,[],,0.4298766448439989,0.24276038306627268
1228,3,3,20.40300000000002,,13518,"[954, 270]",False,,True,0.0,False,medium,False,"[[966, 618], [822, 636]]",,[],,0.4298164349084773,0.24510747887629092
1229,3,3,20.418999999999983,,13518,"[954, 270]",False,,True,0.0,False,medium,False,"[[966, 612], [822, 630]]",,[],,0.42972696454599674,0.24622273068934297
1230,3,3,20.436000000000035,,13518,"[954, 270]",False,,True,0.0,False,medium,False,"[[966, 606], [822, 624]]",,[],,0.42934016264026187,0.24851934374868234
1231,3,3,20.452999999999975,,13518,"[954, 270]",False,,True,0.0,False,medium,False,"[[966, 600], [822, 618]]",,[],,0.42934016264026187,0.24851934374868234
1232,3,3,20.468999999999937,,13518,"[954, 270]",False,,True,0.0,False,medium,False,"[[966, 594], [822, 612]]",,[],,0.4306966628423686,0.2535213364176272
1233,3,3,20.485000000000014,,13518,"[954, 270]",False,,True,0.0,False,medium,False,"[[966, 588], [822, 606]]",,[],,0.4309396913699829,0.2542907413654608
1234,3,3,20.501999999999953,,13518,"[954, 270]",False,Right,True,0.0,False,medium,False,"[[966, 582], [822, 600]]",,[],,0.4314282229859116,0.25926485470499594
1235,3,3,20.519000000000005,,13518,"[954, 270]",False,Right,True,0.0,False,medium,False,"[[960, 576], [816, 594]]",,[],,0.43175103119610636,0.261731541680994
1236,3,3,20.534999999999968,,13518,"[954, 270]",False,Right,True,0.0,False,medium,False,"[[954, 570], [810, 588]]",,[],,0.4426281033142322,0.24108642183275497
1237,3,3,20.55099999999993,,13518,"[954, 270]",False,Right,True,0.0,False,medium,False,"[[948, 564], [804, 582]]",,[],,0.4426281033142322,0.24108642183275497
1238,3,3,20.567999999999984,,13518,"[954, 270]",False,Right,True,0.0,False,medium,False,"[[942, 558], [798, 576]]",,[],,0.44244545374716215,0.24198250459871062
1239,3,3,20.583999999999946,,13518,"[954, 270]",False,Right,True,0.0,False,medium,False,"[[936, 552], [792, 570]]",,[],,0.4432034545627719,0.2426012426658528
1240,3,3,20.601,,13518,"[954, 270]",False,Right,True,0.0,False,medium,False,"[[930, 546], [786, 564]]",,[],,0.44350992380001075,0.2445743536977638
1241,3,3,20.619000000000028,,13518,"[954, 270]",False,,True,0.0,False,medium,False,"[[924, 540], [780, 558]]",,[],,0.4434755110975924,0.24502268603572985
1242,3,3,20.634000000000015,,13518,"[954, 270]",False,,True,0.0,False,medium,False,"[[924, 534], [780, 552]]",,[],,0.4433733199922454,0.245299666620046
1243,3,3,20.650999999999954,,13518,"[954, 270]",False,,True,0.0,False,medium,False,"[[924, 528], [780, 546]]",,[],,0.44220106303909856,0.2503470148017538
1244,3,3,20.66700000000003,,13518,"[954, 270]",False,,True,0.0,False,medium,False,"[[924, 522], [780, 540]]",,[],,0.4413196183667932,0.25197996321921856
1245,3,3,20.68399999999997,,13518,"[954, 270]",False,,True,0.0,False,medium,False,"[[924, 516], [780, 534]]",,[],,0.44112442356431564,0.25237661859369886
1246,3,3,20.699999999999932,,13518,"[954, 270]",False,,True,0.0,False,medium,False,"[[924, 510], [780, 528]]",,[],,0.44115014241749934,0.25399057594718044
1247,3,3,20.716999999999985,,13518,"[954, 270]",False,,True,0.0,False,medium,False,"[[924, 504], [780, 522]]",,[],,0.44129549850858707,0.2549630488534974
1248,3,3,20.733999999999924,,13518,"[954, 270]",False,,True,0.0,False,medium,False,"[[924, 498], [780, 516]]",,[],,0.44164976998257305,0.2553420335090616
1249,3,3,20.750999999999976,,13518,"[954, 270]",False,,True,0.0,False,medium,False,"[[924, 492], [780, 510]]",,[],,0.44159609124134275,0.2588602554829704
1250,3,3,20.76800000000003,,13518,"[954, 270]",False,Right,True,0.0,False,medium,False,"[[924, 486], [780, 504]]",,[],,0.44077432298263447,0.2595218769042945
1251,3,3,20.783000000000015,,13518,"[954, 270]",False,Right,True,0.0,False,medium,False,"[[918, 480], [774, 498]]",,[],,0.44035428909362145,0.26083778053324747
1252,3,3,20.798999999999978,,13518,"[954, 270]",False,Right,True,0.0,False,medium,False,"[[912, 474], [768, 492]]",,[],,0.44040733524918513,0.2621274605256275
1253,3,3,20.81499999999994,,13518,"[954, 270]",False,Right,True,0.0,False,medium,False,"[[906, 468], [762, 486]]",,[],,0.44878624983019827,0.32272260826322474
1254,3,3,20.831999999999994,,13518,"[954, 270]",False,Right,True,0.0,False,medium,False,"[[900, 462], [756, 480]]",,[],,0.44878624983019827,0.32272260826322474
1255,3,3,20.848999999999933,,13518,"[954, 270]",False,Right,True,0.0,False,medium,False,"[[894, 456], [750, 474]]",,[],,0.4421443091351314,0.2631492428748772
1256,3,3,20.86500000000001,,13518,"[954, 270]",False,Right,True,0.0,False,medium,False,"[[888, 450], [744, 468]]",,[],,0.44514208233530594,0.25441583993634964
1257,3,3,20.880999999999972,,13518,"[954, 270]",False,Right,True,0.0,False,medium,False,"[[882, 444], [738, 462]]",,[],,0.44858717678723103,0.24174771640434167
1258,3,3,20.900999999999954,,13518,"[954, 270]",False,,True,0.0,False,medium,False,"[[876, 438], [732, 456]]",,[],,0.44858717678723103,0.24174771640434167
1259,3,3,20.91700000000003,,13518,"[954, 270]",False,,True,0.0,False,medium,False,"[[876, 432], [732, 450]]",,[],,0.44675966245402127,0.24245932822235794
1260,3,3,20.93399999999997,,13518,"[954, 270]",False,,True,0.0,False,medium,False,"[[876, 426], [732, 444]]",,[],,0.44612171010444196,0.24278698728217052
1261,3,3,20.951000000000022,,13518,"[954, 270]",False,,True,0.0,False,medium,False,"[[876, 420], [732, 438]]",,[],,0.44625586438732234,0.24335639032664713
1262,3,3,20.96799999999996,,13518,"[954, 270]",False,,True,0.0,False,medium,False,"[[876, 414], [732, 432]]",,[],,0.44574161824573644,0.24514886647898537
1263,3,3,20.985000000000014,,13518,"[954, 270]",False,,True,0.0,False,medium,False,"[[876, 408], [732, 426]]",,[],,0.4458664720105793,0.24687779567090062
1264,3,3,21.001999999999953,,13518,"[954, 270]",False,,True,0.0,False,medium,False,"[[876, 402], [732, 420]]",,[],,0.4457232614634349,0.24693444100540296
1265,3,3,21.01800000000003,,13518,"[954, 270]",False,,True,0.0,False,medium,False,"[[876, 396], [732, 414], [1110, 810]]",,[],,0.44663500096806974,0.2491403406268533
1266,3,3,21.033999999999992,,13518,"[954, 270]",False,,True,0.0,False,medium,False,"[[876, 390], [732, 408], [1110, 804]]",,[],,0.4468839168906177,0.25028029852216094
1267,3,3,21.05200000000002,,13518,"[954, 270]",False,Right,True,0.0,False,medium,False,"[[876, 384], [732, 402], [1110, 798]]",,[],,0.4473001284364462,0.25224411679539827
1268,3,3,21.067999999999984,,13518,"[954, 270]",False,Right,True,0.0,False,medium,False,"[[870, 378], [726, 396], [1104, 792]]",,[],,0.23116850461475988,0.13381620294512264
1269,3,3,21.085000000000036,,13518,"[954, 270]",False,Right,True,0.0,False,medium,False,"[[864, 372], [720, 390], [1098, 786]]",,[],,0.4474032191515665,0.2556752589538238
1270,3,3,21.101999999999975,,13518,"[954, 270]",False,Right,True,0.0,False,medium,False,"[[858, 366], [714, 384], [1092, 780]]",,[],,0.4470190772212753,0.2556642542701002
1271,3,3,21.117999999999938,,13518,"[954, 270]",False,Right,True,0.0,False,medium,False,"[[852, 360], [708, 378], [1086, 774]]",,[],,0.4473570062557727,0.25777879644223467
1272,3,3,21.134000000000015,,13518,"[954, 270]",False,Right,True,0.0,False,medium,False,"[[846, 354], [702, 372], [1080, 768]]",,[],,0.4443607673174245,0.24198913854134774
1273,3,3,21.150999999999954,,13518,"[954, 270]",False,Right,True,0.0,False,medium,False,"[[840, 348], [696, 366], [1074, 762]]",,[],,0.23116850461475988,0.13381620294512264
1274,3,3,21.16700000000003,,13518,"[954, 270]",False,Right,True,0.0,False,medium,False,"[[834, 342], [690, 360], [1068, 756], [834, 810]]",,[],,0.23116850461475988,0.13381620294512264
1275,3,3,21.18399999999997,,13518,"[954, 270]",False,,True,0.0,False,medium,False,"[[828, 336], [684, 354], [1062, 750], [828, 804]]",,[],,0.4449419238390984,0.23584076624686834
1276,3,3,21.201000000000022,,13518,"[954, 270]",False,,True,0.0,False,medium,False,"[[828, 330], [684, 348], [1062, 744], [828, 798]]",,[],,0.444996710542039,0.2366102838028442
1277,3,3,21.21799999999996,,13518,"[954, 270]",False,,True,0.0,False,medium,False,"[[828, 324], [684, 342], [1062, 738], [828, 792]]",,[],,0.4450233451374805,0.2386307366388064
1278,3,3,21.235000000000014,,13518,"[954, 270]",False,,True,0.0,False,medium,False,"[[828, 318], [684, 336], [1062, 732], [828, 786]]",,[],,0.44601920032519676,0.24087836571685983
1279,3,3,21.25299999999993,,13518,"[954, 270]",False,,True,0.0,False,medium,False,"[[828, 312], [684, 330], [1062, 726], [828, 780]]",,[],,0.4459007920090465,0.24343822044621954
1280,3,3,21.269999999999982,,13518,"[954, 270]",False,,True,0.0,False,medium,False,"[[828, 306], [684, 324], [1062, 720], [828, 774]]",,[],,0.44570485322891784,0.24511110816395165
1281,3,3,21.287000000000035,,13518,"[954, 270]",False,,True,0.0,False,medium,False,"[[828, 300], [684, 318], [1062, 714], [828, 768]]",,[],,0.4456132712818963,0.24910201051732583
1282,3,3,21.303999999999974,,13518,"[954, 270]",False,,True,0.0,False,medium,False,"[[828, 294], [684, 312], [1062, 708], [828, 762]]",,[],,0.4448027032615034,0.24964325337864213
1283,3,3,21.319999999999936,,13518,"[954, 270]",False,,True,0.0,False,medium,False,"[[828, 288], [684, 306], [1062, 702], [828, 756]]",,[],,0.44462424055246663,0.2503794552110419
1284,3,3,21.33699999999999,,13518,"[954, 270]",False,,True,0.0,False,medium,False,"[[828, 282], [684, 300], [1062, 696], [828, 750]]",,[],,0.4441163776627213,0.2523360226640168
1285,3,3,21.351999999999975,,13518,"[954, 270]",False,,True,0.0,False,medium,False,"[[828, 276], [684, 294], [1062, 690], [828, 744]]",,[],,0.4437105066301312,0.2523046978239655
1286,3,3,21.367999999999938,,13518,"[954, 270]",False,,True,0.0,False,medium,False,"[[828, 270], [684, 288], [1062, 684], [828, 738]]",,[],,0.4432067661628329,0.24877911370303807
1287,3,3,21.384000000000015,,13518,"[954, 270]",False,,True,0.0,False,medium,False,"[[828, 264], [684, 282], [1062, 678], [828, 732]]",,[],,0.4473298535510314,0.26732005964384453
1288,3,3,21.399999999999977,,13518,"[954, 270]",False,,True,0.0,False,medium,False,"[[828, 258], [684, 276], [1062, 672], [828, 726]]",,[],,0.4473298535510314,0.26732005964384453
1289,3,3,21.41599999999994,,13518,"[954, 270]",False,,True,0.0,False,medium,False,"[[828, 252], [684, 270], [1062, 666], [828, 720], [972, 810]]",,[],,0.4466993820172792,0.2675105005084504
1290,3,3,21.432999999999993,,13518,"[954, 270]",False,,True,0.0,False,medium,False,"[[828, 246], [684, 264], [1062, 660], [828, 714], [972, 804]]",,[],,0.4466993820172792,0.2675105005084504
1291,3,3,21.449999999999932,,13518,"[954, 270]",False,,True,0.0,False,medium,False,"[[828, 240], [684, 258], [1062, 654], [828, 708], [972, 798]]",,[],,0.445838244694714,0.26811398667243536
1292,3,3,21.465000000000032,,13518,"[954, 270]",False,,True,0.0,False,medium,False,"[[828, 234], [684, 252], [1062, 648], [828, 702], [972, 792]]",,[],,0.445838244694714,0.26811398667243536
1293,3,3,21.482999999999947,,13518,"[954, 270]",False,,True,0.0,False,medium,False,"[[828, 228], [684, 246], [1062, 642], [828, 696], [972, 786]]",,[],,0.4448827656444398,0.27060719136767275
1294,3,3,21.499000000000024,,13518,"[954, 270]",False,,True,0.0,False,medium,False,"[[828, 222], [684, 240], [1062, 636], [828, 690], [972, 780]]",,[],,0.4448827656444398,0.27060719136767275
1295,3,3,21.515999999999963,,13518,"[954, 270]",False,,True,0.0,False,medium,False,"[[828, 216], [684, 234], [1062, 630], [828, 684], [972, 774], [774, 810]]",,[],,0.4438480867554914,0.2736335426143067
1296,3,3,21.533000000000015,,13518,"[954, 270]",False,,True,0.0,False,medium,False,"[[828, 210], [684, 228], [1062, 624], [828, 678], [972, 768], [774, 804]]",,[],,0.4438480867554914,0.2736335426143067
1297,3,3,21.549999999999955,,13518,"[954, 270]",False,,True,0.0,False,medium,False,"[[828, 204], [684, 222], [1062, 618], [828, 672], [972, 762], [774, 798]]",,[],,0.4416475364952211,0.30670076287630654
1298,3,3,21.56600000000003,,13518,"[954, 270]",False,,True,0.0,False,medium,False,"[[828, 198], [684, 216], [1062, 612], [828, 666], [972, 756], [774, 792]]",,[],,0.4416475364952211,0.30670076287630654
1299,3,3,21.583999999999946,,13518,"[954, 270]",False,,True,0.0,False,medium,False,"[[828, 192], [684, 210], [1062, 606], [828, 660], [972, 750], [774, 786]]",,[],,0.4226139491394587,0.264331882739801
1300,3,3,21.601,,13518,"[954, 270]",False,,True,0.0,False,medium,False,"[[828, 186], [684, 204], [1062, 600], [828, 654], [972, 744], [774, 780]]",,[],,0.4224971007634707,0.2646748563882375
1301,3,3,21.619000000000028,,13518,"[954, 270]",False,Left,True,0.0,False,medium,False,"[[828, 180], [684, 198], [1062, 594], [828, 648], [972, 738], [774, 774]]",,[],,0.4270859818212479,0.30118369180053295
1302,3,3,21.63499999999999,,13518,"[954, 270]",False,Left,True,0.0,False,medium,False,"[[834, 174], [690, 192], [1068, 588], [834, 642], [978, 732], [780, 768]]",,[],,0.4270859818212479,0.30118369180053295
1303,3,3,21.649999999999977,,13518,"[954, 270]",False,Left,True,0.0,False,medium,False,"[[840, 168], [696, 186], [1074, 582], [840, 636], [984, 726], [786, 762]]",,[],,0.4213176154438904,0.2659349426530947
1304,3,3,21.66700000000003,,13518,"[954, 270]",False,Left,True,0.0,False,medium,False,"[[846, 162], [702, 180], [1080, 576], [846, 630], [990, 720], [792, 756]]",,[],,0.4213176154438904,0.2659349426530947
1305,3,3,21.682999999999993,,13518,"[954, 270]",False,Left,True,0.0,False,medium,False,"[[852, 156], [708, 174], [1086, 570], [852, 624], [996, 714], [798, 750]]",,[],,0.4214352477513332,0.27005982620160474
1306,3,3,21.698999999999955,,13518,"[954, 270]",False,Left,True,0.0,False,medium,False,"[[858, 150], [714, 168], [1092, 564], [858, 618], [1002, 708], [804, 744]]",,[],,0.4214352477513332,0.27005982620160474
1307,3,3,21.716000000000008,,13518,"[954, 270]",False,Left,True,0.0,False,medium,False,"[[864, 144], [720, 162], [1098, 558], [864, 612], [1008, 702], [810, 738]]",,[],,0.42175121850137176,0.2726234639917138
1308,3,3,21.732999999999947,,13518,"[954, 270]",False,Left,True,0.0,False,medium,False,"[[870, 138], [726, 156], [1104, 552], [870, 606], [1014, 696], [816, 732]]",,[],,0.42175121850137176,0.2726234639917138
1309,3,3,21.749000000000024,,13518,"[954, 270]",False,Left,True,0.0,False,medium,False,"[[876, 132], [732, 150], [1110, 546], [876, 600], [1020, 690], [822, 726]]",,[],,0.4216427649748037,0.27574707430525836
1310,3,3,21.765999999999963,,13518,"[954, 270]",False,Left,True,0.0,False,medium,False,"[[882, 126], [738, 144], [1116, 540], [882, 594], [1026, 684], [828, 720]]",,[],,0.4216427649748037,0.27574707430525836
1311,3,3,21.783000000000015,,13518,"[954, 270]",False,Left,True,0.0,False,medium,False,"[[888, 120], [744, 138], [1122, 534], [888, 588], [1032, 678], [834, 714]]",,[],,0.4227896570557113,0.2784186074427797
1312,3,3,21.798999999999978,,13518,"[954, 270]",False,Left,True,0.0,False,medium,False,"[[894, 114], [750, 132], [1128, 528], [894, 582], [1038, 672], [840, 708]]",,[],,0.4227896570557113,0.2784186074427797
1313,3,3,21.81600000000003,,13518,"[954, 270]",False,Left,True,0.0,False,medium,False,"[[900, 108], [756, 126], [1134, 522], [900, 576], [1044, 666], [846, 702]]",,[],,0.42300927811953065,0.2829313489553512
1314,3,3,21.83299999999997,,13518,"[954, 270]",False,Left,True,0.0,False,medium,False,"[[906, 102], [762, 120], [1140, 516], [906, 570], [1050, 660], [852, 696]]",,[],,0.42300927811953065,0.2829313489553512
1315,3,3,21.851,,13518,"[954, 270]",False,Left,True,0.0,False,medium,False,"[[912, 96], [768, 114], [1146, 510], [912, 564], [1056, 654], [858, 690]]",,[],,0.42465526103303486,0.2841891913697332
1316,3,3,21.867999999999938,,13518,"[954, 270]",False,Left,True,0.0,False,medium,False,"[[918, 90], [774, 108], [1152, 504], [918, 558], [1062, 648], [864, 684]]",,[],,0.42465526103303486,0.2841891913697332
1317,3,3,21.884000000000015,,13518,"[954, 270]",False,Left,True,0.0,False,medium,False,"[[924, 84], [780, 102], [1158, 498], [924, 552], [1068, 642], [870, 678]]",,[],,0.4271270770900465,0.28832183642165776
1318,3,3,21.899999999999977,,13518,"[954, 270]",False,Left,True,0.0,False,medium,False,"[[930, 78], [786, 96], [1164, 492], [930, 546], [1074, 636], [876, 672]]",,[],,0.4271270770900465,0.28832183642165776
1319,3,3,21.91700000000003,,13518,"[954, 270]",False,Left,True,0.0,False,medium,False,"[[936, 72], [792, 90], [1170, 486], [936, 540], [1080, 630], [882, 666]]",,[],,-0.05572646128486856,0.07373493978041412
1320,3,3,21.93399999999997,,13518,"[954, 270]",False,Left,True,0.0,False,medium,False,"[[942, 66], [798, 84], [1176, 480], [942, 534], [1086, 624], [888, 660]]",,[],,-0.05572646128486856,0.07373493978041412
1321,3,3,21.949999999999932,,13518,"[954, 270]",False,Left,True,0.0,False,medium,False,"[[948, 60], [804, 78], [1182, 474], [948, 528], [1092, 618], [894, 654]]",,[],,0.43070800076422566,0.2951715932446731
1322,3,3,21.966000000000008,,13518,"[954, 270]",False,Left,True,0.0,False,medium,False,"[[954, 54], [810, 72], [1188, 468], [954, 522], [1098, 612], [900, 648]]",,[],,0.43070800076422566,0.2951715932446731
1323,3,3,21.98199999999997,,13518,"[954, 270]",False,Left,True,0.0,False,medium,False,"[[960, 48], [816, 66], [1194, 462], [960, 516], [1104, 606], [906, 642]]",,[],,0.4187799841083889,0.27176393513074826
1324,3,3,21.999000000000024,,13518,"[954, 270]",False,Left,True,0.0,False,medium,False,"[[966, 42], [822, 60], [1200, 456], [966, 510], [1110, 600], [912, 636]]",,[],,0.4187799841083889,0.27176393513074826
1325,3,3,22.015999999999963,,13518,"[954, 270]",False,Left,True,0.0,False,medium,False,"[[972, 36], [828, 54], [1206, 450], [972, 504], [1116, 594], [918, 630], [1062, 810]]",,[],,0.4191380983708279,0.2713431220150577
1326,3,3,22.033000000000015,,13518,"[954, 270]",False,Left,True,0.0,False,medium,False,"[[978, 30], [834, 48], [1212, 444], [978, 498], [1122, 588], [924, 624], [1068, 804]]",,[],,0.4191380983708279,0.2713431220150577
1327,3,3,22.049999999999955,,13518,"[954, 270]",False,Left,True,0.0,False,medium,False,"[[984, 24], [840, 42], [1218, 438], [984, 492], [1128, 582], [930, 618], [1074, 798]]",,[],,0.4199700389729757,0.2735907751517138
1328,3,3,22.06600000000003,,13518,"[954, 270]",False,Left,True,0.0,False,medium,False,"[[990, 18], [846, 36], [1224, 432], [990, 486], [1134, 576], [936, 612], [1080, 792], [720, 810]]",,[],,0.4199700389729757,0.2735907751517138
1329,3,3,22.08299999999997,,13518,"[954, 270]",False,Left,True,0.0,False,medium,False,"[[996, 12], [852, 30], [1230, 426], [996, 480], [1140, 570], [942, 606], [1086, 786], [726, 804]]",,[],,0.42189492538245277,0.2759670614244344
1330,3,3,22.100000000000023,,13518,"[954, 270]",False,Left,True,0.0,False,medium,False,"[[1002, 6], [858, 24], [1236, 420], [1002, 474], [1146, 564], [948, 600], [1092, 780], [732, 798]]",,[],,0.42189492538245277,0.2759670614244344
1331,3,3,22.116999999999962,,13518,"[954, 270]",False,Left,True,0.0,False,medium,False,"[[1008, 0], [864, 18], [1242, 414], [1008, 468], [1152, 558], [954, 594], [1098, 774], [738, 792]]",,[],,0.42290015029970507,0.2775382907156545
1332,3,3,22.134000000000015,,13518,"[954, 270]",False,Left,True,0.0,False,medium,False,"[[870, 12], [1248, 408], [1014, 462], [1158, 552], [960, 588], [1104, 768], [744, 786]]",,[],,0.42290015029970507,0.2775382907156545
1333,3,3,22.150999999999954,,13518,"[954, 270]",False,Left,True,0.0,False,medium,False,"[[876, 6], [1254, 402], [1020, 456], [1164, 546], [966, 582], [1110, 762], [750, 780]]",,[],,0.42455552575353234,0.2803972564278516
1334,3,3,22.16599999999994,,13518,"[954, 270]",False,Left,True,0.0,False,medium,False,"[[882, 0], [1260, 396], [1026, 450], [1170, 540], [972, 576], [1116, 756], [756, 774], [1080, 810]]",,[],,0.42455552575353234,0.2803972564278516
1335,3,3,22.182999999999993,,13518,"[954, 270]",False,Left,True,0.0,False,medium,False,"[[1266, 390], [1032, 444], [1176, 534], [978, 570], [1122, 750], [762, 768], [1086, 804]]",,[],,0.4258833907081267,0.2824221272360704
1336,3,3,22.198999999999955,,13518,"[954, 270]",False,Left,True,0.0,False,medium,False,"[[1272, 384], [1038, 438], [1182, 528], [984, 564], [1128, 744], [768, 762], [1092, 798]]",,[],,0.4258833907081267,0.2824221272360704
1337,3,3,22.216999999999985,,13518,"[954, 270]",False,Left,True,0.0,False,medium,False,"[[1278, 378], [1044, 432], [1188, 522], [990, 558], [1134, 738], [774, 756], [1098, 792]]",,[],,0.42790111471884973,0.2881649498181994
1338,3,3,22.233999999999924,,13518,"[954, 270]",False,Left,True,0.0,False,medium,False,"[[1284, 372], [1050, 426], [1194, 516], [996, 552], [1140, 732], [780, 750], [1104, 786]]",,[],,0.42790111471884973,0.2881649498181994
1339,3,3,22.250999999999976,,13518,"[954, 270]",False,Left,True,0.0,False,medium,False,"[[1290, 366], [1056, 420], [1200, 510], [1002, 546], [1146, 726], [786, 744], [1110, 780]]",,[],,0.4293899767686967,0.29111746645737235
1340,3,3,22.26800000000003,,13518,"[954, 270]",False,,True,0.0,False,medium,False,"[[1296, 360], [1062, 414], [1206, 504], [1008, 540], [1152, 720], [792, 738], [1116, 774]]",,[],,0.4293899767686967,0.29111746645737235
1341,3,3,22.283000000000015,,13518,"[954, 270]",False,,True,0.0,False,medium,False,"[[1296, 354], [1062, 408], [1206, 498], [1008, 534], [1152, 714], [792, 732], [1116, 768]]",,[],,0.4303530800612858,0.2948569724491388
1342,3,3,22.298999999999978,,13518,"[954, 270]",False,,True,0.0,False,medium,False,"[[1296, 348], [1062, 402], [1206, 492], [1008, 528], [1152, 708], [792, 726], [1116, 762]]",,[],,0.4303530800612858,0.2948569724491388
1343,3,3,22.317000000000007,,13518,"[954, 270]",False,,True,0.0,False,medium,False,"[[1296, 342], [1062, 396], [1206, 486], [1008, 522], [1152, 702], [792, 720], [1116, 756]]",,[],,0.4308940925331363,0.27841670959206033
1344,3,3,22.33299999999997,,13518,"[954, 270]",False,,True,0.0,False,medium,False,"[[1296, 336], [1062, 390], [1206, 480], [1008, 516], [1152, 696], [792, 714], [1116, 750]]",,[],,0.4308940925331363,0.27841670959206033
1345,3,3,22.350000000000023,,13518,"[954, 270]",False,,True,0.0,False,medium,False,"[[1296, 330], [1062, 384], [1206, 474], [1008, 510], [1152, 690], [792, 708], [1116, 744]]",,[],,0.4327936048162238,0.25928167782336375
1346,3,3,22.365999999999985,,13518,"[954, 270]",False,,True,0.0,False,medium,False,"[[1296, 324], [1062, 378], [1206, 468], [1008, 504], [1152, 684], [792, 702], [1116, 738]]",,[],,0.4327936048162238,0.25928167782336375
1347,3,3,22.381999999999948,,13518,"[954, 270]",False,,True,0.0,False,medium,False,"[[1296, 318], [1062, 372], [1206, 462], [1008, 498], [1152, 678], [792, 696], [1116, 732]]",,[],,0.4340055511407412,0.25823557689460575
1348,3,3,22.399,,13518,"[954, 270]",False,,True,0.0,False,medium,False,"[[1296, 312], [1062, 366], [1206, 456], [1008, 492], [1152, 672], [792, 690], [1116, 726]]",,[],,0.4340055511407412,0.25823557689460575
1349,3,3,22.414999999999964,,13518,"[954, 270]",False,,True,0.0,False,medium,False,"[[1296, 306], [1062, 360], [1206, 450], [1008, 486], [1152, 666], [792, 684], [1116, 720]]",,[],,0.4356839644184638,0.257432331071194
1350,3,3,22.430999999999926,,13518,"[954, 270]",False,,True,0.0,False,medium,False,"[[1296, 300], [1062, 354], [1206, 444], [1008, 480], [1152, 660], [792, 678], [1116, 714]]",,[],,0.4360926274572837,0.25917566107876855
1351,3,3,22.44799999999998,,13518,"[954, 270]",False,,True,0.0,False,medium,False,"[[1296, 294], [1062, 348], [1206, 438], [1008, 474], [1152, 654], [792, 672], [1116, 708]]",,[],,0.4361208766622454,0.2606068667393765
1352,3,3,22.462999999999965,,13518,"[954, 270]",False,,True,0.0,False,medium,False,"[[1296, 288], [1062, 342], [1206, 432], [1008, 468], [1152, 648], [792, 666], [1116, 702]]",,[],,0.4361208766622454,0.2606068667393765
1353,3,3,22.478999999999928,,13518,"[954, 270]",False,,True,0.0,False,medium,False,"[[1296, 282], [1062, 336], [1206, 426], [1008, 462], [1152, 642], [792, 660], [1116, 696]]",,[],,0.43704968191475907,0.26377150523104165
1354,3,3,22.49599999999998,,13518,"[954, 270]",False,,True,0.0,False,medium,False,"[[1296, 276], [1062, 330], [1206, 420], [1008, 456], [1152, 636], [792, 654], [1116, 690]]",,[],,0.43704968191475907,0.26377150523104165
1355,3,3,22.513000000000034,,13518,"[954, 270]",False,,True,0.0,False,medium,False,"[[1296, 270], [1062, 324], [1206, 414], [1008, 450], [1152, 630], [792, 648], [1116, 684]]",,[],,0.4379983713203416,0.2655660888024891
1356,3,3,22.528999999999996,,13518,"[954, 270]",False,,True,0.0,False,medium,False,"[[1296, 264], [1062, 318], [1206, 408], [1008, 444], [1152, 624], [792, 642], [1116, 678]]",,[],,0.4391194312660119,0.2667001631132422
1357,3,3,22.54499999999996,,13518,"[954, 270]",False,,True,0.0,False,medium,False,"[[1296, 258], [1062, 312], [1206, 402], [1008, 438], [1152, 618], [792, 636], [1116, 672]]",,[],,0.4397913092850816,0.26772997632078743
1358,3,3,22.561000000000035,,13518,"[954, 270]",False,,True,0.0,False,medium,False,"[[1296, 252], [1062, 306], [1206, 396], [1008, 432], [1152, 612], [792, 630], [1116, 666]]",,[],,0.43980834289135007,0.26807093136505944
1359,3,3,22.577999999999975,,13518,"[954, 270]",False,,True,0.0,False,medium,False,"[[1296, 246], [1062, 300], [1206, 390], [1008, 426], [1152, 606], [792, 624], [1116, 660]]",,[],,0.4407659800110203,0.2711903467037603
1360,3,3,22.595000000000027,,13518,"[954, 270]",False,Left,True,0.0,False,medium,False,"[[1296, 240], [1062, 294], [1206, 384], [1008, 420], [1152, 600], [792, 618], [1116, 654]]",,[],,0.4412270638900093,0.2721302214968999
1361,3,3,22.611999999999966,,13518,"[954, 270]",False,Left,True,0.0,False,medium,False,"[[1302, 234], [1068, 288], [1212, 378], [1014, 414], [1158, 594], [798, 612], [1122, 648]]",,[],,0.4416260343884044,0.27234661204370125
1362,3,3,22.630999999999972,,13518,"[954, 270]",False,Left,True,0.0,False,medium,False,"[[1308, 228], [1074, 282], [1218, 372], [1020, 408], [1164, 588], [804, 606], [1128, 642]]",,[],,0.4412650149817134,0.27387716067198775
1363,3,3,22.646999999999935,,13518,"[954, 270]",False,Left,True,0.0,False,medium,False,"[[1314, 222], [1080, 276], [1224, 366], [1026, 402], [1170, 582], [810, 600], [1134, 636]]",,[],,0.4410950885836943,0.27491075476119264
1364,3,3,22.663999999999987,,13518,"[954, 270]",False,Left,True,0.0,False,medium,False,"[[1320, 216], [1086, 270], [1230, 360], [1032, 396], [1176, 576], [816, 594], [1140, 630]]",,[],,0.4410950885836943,0.27491075476119264
1365,3,3,22.680999999999926,,13518,"[954, 270]",False,Left,True,0.0,False,medium,False,"[[1326, 210], [1092, 264], [1236, 354], [1038, 390], [1182, 570], [822, 588], [1146, 624]]",,[],,0.4408624507673554,0.2760439739089178
1366,3,3,22.699999999999932,,13518,"[954, 270]",False,Left,True,0.0,False,medium,False,"[[1332, 204], [1098, 258], [1242, 348], [1044, 384], [1188, 564], [828, 582], [1152, 618]]",,[],,0.43974670662655224,0.27626582361946406
1367,3,3,22.716000000000008,,13518,"[954, 270]",False,Left,True,0.0,False,medium,False,"[[1338, 198], [1104, 252], [1248, 342], [1050, 378], [1194, 558], [834, 576], [1158, 612], [1446, 810], [1104, 810]]",,[],,0.4399922370454651,0.2791080537640853
1368,3,3,22.732999999999947,,13518,"[954, 270]",False,Left,True,0.0,False,medium,False,"[[1344, 192], [1110, 246], [1254, 336], [1056, 372], [1200, 552], [840, 570], [1164, 606], [1452, 804], [1110, 804]]",,[],,0.4399922370454651,0.2791080537640853
1369,3,3,22.75,,13518,"[954, 270]",False,Left,True,0.0,False,medium,False,"[[1350, 186], [1116, 240], [1260, 330], [1062, 366], [1206, 546], [846, 564], [1170, 600], [1458, 798], [1116, 798]]",,[],,0.440932431167123,0.28266984109131577
1370,3,3,22.76699999999994,,13518,"[954, 270]",False,Left,True,0.0,False,medium,False,"[[1356, 180], [1122, 234], [1266, 324], [1068, 360], [1212, 540], [852, 558], [1176, 594], [1464, 792], [1122, 792]]",,[],,0.440932431167123,0.28266984109131577
1371,3,3,22.783999999999992,,13518,"[954, 270]",False,,True,0.0,False,medium,False,"[[1362, 174], [1128, 228], [1272, 318], [1074, 354], [1218, 534], [858, 552], [1182, 588], [1470, 786], [1128, 786]]",,[],,0.4409827117142209,0.28475152681164073
1372,3,3,22.80099999999993,,13518,"[954, 270]",False,,True,0.0,False,medium,False,"[[1362, 168], [1128, 222], [1272, 312], [1074, 348], [1218, 528], [858, 546], [1182, 582], [1470, 780], [1128, 780]]",,[],,0.4407608311780832,0.28479749226762574
1373,3,3,22.81899999999996,,13518,"[954, 270]",False,,True,0.0,False,medium,False,"[[1362, 162], [1128, 216], [1272, 306], [1074, 342], [1218, 522], [858, 540], [1182, 576], [1470, 774], [1128, 774]]",,[],,0.44053832193447084,0.2858246476339149
1374,3,3,22.836000000000013,,13518,"[954, 270]",False,,True,0.0,False,medium,False,"[[1362, 156], [1128, 210], [1272, 300], [1074, 336], [1218, 516], [858, 534], [1182, 570], [1470, 768], [1128, 768]]",,[],,0.44053832193447084,0.2858246476339149
1375,3,3,22.852999999999952,,13518,"[954, 270]",False,,True,0.0,False,medium,False,"[[1362, 150], [1128, 204], [1272, 294], [1074, 330], [1218, 510], [858, 528], [1182, 564], [1470, 762], [1128, 762]]",,[],,0.43996933165938934,0.28723140525177937
1376,3,3,22.870000000000005,,13518,"[954, 270]",False,,True,0.0,False,medium,False,"[[1362, 144], [1128, 198], [1272, 288], [1074, 324], [1218, 504], [858, 522], [1182, 558], [1470, 756], [1128, 756]]",,[],,0.43996933165938934,0.28723140525177937
1377,3,3,22.886999999999944,,13518,"[954, 270]",False,,True,0.0,False,medium,False,"[[1362, 138], [1128, 192], [1272, 282], [1074, 318], [1218, 498], [858, 516], [1182, 552], [1470, 750], [1128, 750]]",,[],,0.44802379107993123,0.31907890878659906
1378,3,3,22.90300000000002,,13518,"[954, 270]",False,,True,0.0,False,medium,False,"[[1362, 132], [1128, 186], [1272, 276], [1074, 312], [1218, 492], [858, 510], [1182, 546], [1470, 744], [1128, 744]]",,[],,0.44802379107993123,0.31907890878659906
1379,3,3,22.918999999999983,,13518,"[954, 270]",False,,True,0.0,False,medium,False,"[[1362, 126], [1128, 180], [1272, 270], [1074, 306], [1218, 486], [858, 504], [1182, 540], [1470, 738], [1128, 738]]",,[],,0.4435607740344333,0.2932964108046192
1380,3,3,22.936000000000035,,13518,"[954, 270]",False,,True,0.0,False,medium,False,"[[1362, 120], [1128, 174], [1272, 264], [1074, 300], [1218, 480], [858, 498], [1182, 534], [1470, 732], [1128, 732]]",,[],,0.4435607740344333,0.2932964108046192
1381,3,3,22.952999999999975,,13518,"[954, 270]",False,,True,0.0,False,medium,False,"[[1362, 114], [1128, 168], [1272, 258], [1074, 294], [1218, 474], [858, 492], [1182, 528], [1470, 726], [1128, 726]]",,[],,0.4445197000439741,0.2947293656895875
1382,3,3,22.96799999999996,,13518,"[954, 270]",False,,True,0.0,False,medium,False,"[[1362, 108], [1128, 162], [1272, 252], [1074, 288], [1218, 468], [858, 486], [1182, 522], [1470, 720], [1128, 720]]",,[],,0.44472575815026466,0.295365688175491
1383,3,3,22.985000000000014,,13518,"[954, 270]",False,,True,0.0,False,medium,False,"[[1362, 102], [1128, 156], [1272, 246], [1074, 282], [1218, 462], [858, 480], [1182, 516], [1470, 714], [1128, 714]]",,[],,0.4444473265304687,0.2951261292642482
1384,3,3,23.00299999999993,,13518,"[954, 270]",False,,True,0.0,False,medium,False,"[[1362, 96], [1128, 150], [1272, 240], [1074, 276], [1218, 456], [858, 474], [1182, 510], [1470, 708], [1128, 708]]",,[],,0.4444473265304687,0.2951261292642482
1385,3,3,23.019000000000005,,13518,"[954, 270]",False,,True,0.0,False,medium,False,"[[1362, 90], [1128, 144], [1272, 234], [1074, 270], [1218, 450], [858, 468], [1182, 504], [1470, 702], [1128, 702]]",,[],,0.4503061084056905,0.3202900038945461
1386,3,3,23.034999999999968,,13518,"[954, 270]",False,,True,0.0,False,medium,False,"[[1362, 84], [1128, 138], [1272, 228], [1074, 264], [1218, 444], [858, 462], [1182, 498], [1470, 696], [1128, 696]]",,[],,0.4503061084056905,0.3202900038945461
1387,3,3,23.05200000000002,,13518,"[954, 270]",False,,True,0.0,False,medium,False,"[[1362, 78], [1128, 132], [1272, 222], [1074, 258], [1218, 438], [858, 456], [1182, 492], [1470, 690], [1128, 690]]",,[],,0.4504682634685532,0.2752728314592361
1388,3,3,23.067999999999984,,13518,"[954, 270]",False,,True,0.0,False,medium,False,"[[1362, 72], [1128, 126], [1272, 216], [1074, 252], [1218, 432], [858, 450], [1182, 486], [1470, 684], [1128, 684]]",,[],,0.4504682634685532,0.2752728314592361
1389,3,3,23.085000000000036,,13518,"[954, 270]",False,,True,0.0,False,medium,False,"[[1362, 66], [1128, 120], [1272, 210], [1074, 246], [1218, 426], [858, 444], [1182, 480], [1470, 678], [1128, 678]]",,[],,0.4552886594149044,0.26904092004729685
1390,3,3,23.101999999999975,,13518,"[954, 270]",False,,True,0.0,False,medium,False,"[[1362, 60], [1128, 114], [1272, 204], [1074, 240], [1218, 420], [858, 438], [1182, 474], [1470, 672], [1128, 672]]",,[],,0.45536704059250327,0.26930661002389134
1391,3,3,23.119000000000028,,13518,"[954, 270]",False,,True,0.0,False,medium,False,"[[1362, 54], [1128, 108], [1272, 198], [1074, 234], [1218, 414], [858, 432], [1182, 468], [1470, 666], [1128, 666]]",,[],,0.4570269698855106,0.2734372325928752
1392,3,3,23.135999999999967,,13518,"[954, 270]",False,,True,0.0,False,medium,False,"[[1362, 48], [1128, 102], [1272, 192], [1074, 228], [1218, 408], [858, 426], [1182, 462], [1470, 660], [1128, 660]]",,[],,0.4570269698855106,0.2734372325928752
1393,3,3,23.15199999999993,,13518,"[954, 270]",False,,True,0.0,False,medium,False,"[[1362, 42], [1128, 96], [1272, 186], [1074, 222], [1218, 402], [858, 420], [1182, 456], [1470, 654], [1128, 654]]",,[],,0.45735352269252233,0.27325476003656834
1394,3,3,23.168000000000006,,13518,"[954, 270]",False,,True,0.0,False,medium,False,"[[1362, 36], [1128, 90], [1272, 180], [1074, 216], [1218, 396], [858, 414], [1182, 450], [1470, 648], [1128, 648]]",,[],,0.4570699009980541,0.27405087786695737
1395,3,3,23.18399999999997,,13518,"[954, 270]",False,,True,0.0,False,medium,False,"[[1362, 30], [1128, 84], [1272, 174], [1074, 210], [1218, 390], [858, 408], [1182, 444], [1470, 642], [1128, 642]]",,[],,0.45707989645315905,0.27548784275208205
1396,3,3,23.201000000000022,,13518,"[954, 270]",False,,True,0.0,False,medium,False,"[[1362, 24], [1128, 78], [1272, 168], [1074, 204], [1218, 384], [858, 402], [1182, 438], [1470, 636], [1128, 636]]",,[],,0.45717705381279705,0.27660320071995015
1397,3,3,23.216999999999985,,13518,"[954, 270]",False,,True,0.0,False,medium,False,"[[1362, 18], [1128, 72], [1272, 162], [1074, 198], [1218, 378], [858, 396], [1182, 432], [1470, 630], [1128, 630]]",,[],,0.4566946934187296,0.2781146100761088
1398,3,3,23.233999999999924,,13518,"[954, 270]",False,,True,0.0,False,medium,False,"[[1362, 12], [1128, 66], [1272, 156], [1074, 192], [1218, 372], [858, 390], [1182, 426], [1470, 624], [1128, 624]]",,[],,0.45630891243994476,0.27830094457011445
1399,3,3,23.25,,13518,"[954, 270]",False,,True,0.0,False,medium,False,"[[1362, 6], [1128, 60], [1272, 150], [1074, 186], [1218, 366], [858, 384], [1182, 420], [1470, 618], [1128, 618]]",,[],,0.4560014517787284,0.28161842556440353
1400,3,3,23.265999999999963,,13518,"[954, 270]",False,,True,0.0,False,medium,False,"[[1362, 0], [1128, 54], [1272, 144], [1074, 180], [1218, 360], [858, 378], [1182, 414], [1470, 612], [1128, 612], [1074, 810]]",,[],,0.4560014517787284,0.28161842556440353
1401,3,3,23.283000000000015,,13518,"[954, 270]",False,,True,0.0,False,medium,False,"[[1128, 48], [1272, 138], [1074, 174], [1218, 354], [858, 372], [1182, 408], [1470, 606], [1128, 606], [1074, 804]]",,[],,0.4518600889532166,0.28614497998565924
1402,3,3,23.298999999999978,,13518,"[954, 270]",False,,True,0.0,False,medium,False,"[[1128, 42], [1272, 132], [1074, 168], [1218, 348], [858, 366], [1182, 402], [1470, 600], [1128, 600], [1074, 798]]",,[],,0.4518600889532166,0.28614497998565924
1403,3,3,23.31499999999994,,13518,"[954, 270]",False,,True,0.0,False,medium,False,"[[1128, 36], [1272, 126], [1074, 162], [1218, 342], [858, 360], [1182, 396], [1470, 594], [1128, 594], [1074, 792]]",,[],,0.44511174799049114,0.27718753509806704
1404,3,3,23.335000000000036,,13518,"[954, 270]",False,Right,True,0.0,False,medium,False,"[[1128, 30], [1272, 120], [1074, 156], [1218, 336], [858, 354], [1182, 390], [1470, 588], [1128, 588], [1074, 786]]",,[],,0.44518376841997387,0.2775189540166336
1405,3,3,23.350000000000023,,13518,"[954, 270]",False,Right,True,0.0,False,medium,False,"[[1122, 24], [1266, 114], [1068, 150], [1212, 330], [852, 348], [1176, 384], [1464, 582], [1122, 582], [1068, 780]]",,[],,0.44456536709911587,0.27773131332739476
1406,3,3,23.366999999999962,,13518,"[954, 270]",False,Right,True,0.0,False,medium,False,"[[1116, 18], [1260, 108], [1062, 144], [1206, 324], [846, 342], [1170, 378], [1458, 576], [1116, 576], [1062, 774]]",,[],,0.44456536709911587,0.27773131332739476
1407,3,3,23.384000000000015,,13518,"[954, 270]",False,Right,True,0.0,False,medium,False,"[[1110, 12], [1254, 102], [1056, 138], [1200, 318], [840, 336], [1164, 372], [1452, 570], [1110, 570], [1056, 768]]",,[],,0.4433780753991911,0.276516936343281
1408,3,3,23.399999999999977,,13518,"[954, 270]",False,Right,True,0.0,False,medium,False,"[[1104, 6], [1248, 96], [1050, 132], [1194, 312], [834, 330], [1158, 366], [1446, 564], [1104, 564], [1050, 762]]",,[],,0.4433780753991911,0.276516936343281
1409,3,3,23.41700000000003,,13518,"[954, 270]",False,Right,True,0.0,False,medium,False,"[[1098, 0], [1242, 90], [1044, 126], [1188, 306], [828, 324], [1152, 360], [1440, 558], [1098, 558], [1044, 756]]",,[],,-0.038752204757382634,0.13566768044036714
1410,3,3,23.43399999999997,,13518,"[954, 270]",False,Right,True,0.0,False,medium,False,"[[1236, 84], [1038, 120], [1182, 300], [822, 318], [1146, 354], [1434, 552], [1092, 552], [1038, 750]]",,[],,-0.038752204757382634,0.13566768044036714
1411,3,3,23.451000000000022,,13518,"[954, 270]",False,Right,True,0.0,False,medium,False,"[[1230, 78], [1032, 114], [1176, 294], [816, 312], [1140, 348], [1428, 546], [1086, 546], [1032, 744]]",,[],,-0.04772224434092402,0.05244708570348411
1412,3,3,23.46799999999996,,13518,"[954, 270]",False,,True,0.0,False,medium,False,"[[1224, 72], [1026, 108], [1170, 288], [810, 306], [1134, 342], [1422, 540], [1080, 540], [1026, 738], [1008, 810]]",,[],,-0.04772224434092402,0.05244708570348411
1413,3,3,23.483999999999924,,13518,"[954, 270]",False,,True,0.0,False,medium,False,"[[1224, 66], [1026, 102], [1170, 282], [810, 300], [1134, 336], [1422, 534], [1080, 534], [1026, 732], [1008, 804]]",,[],,0.44391017677696853,0.2843624201930458
1414,3,3,23.500999999999976,,13518,"[954, 270]",False,,True,0.0,False,medium,False,"[[1224, 60], [1026, 96], [1170, 276], [810, 294], [1134, 330], [1422, 528], [1080, 528], [1026, 726], [1008, 798]]",,[],,0.44317267277478933,0.28473016407290497
1415,3,3,23.51800000000003,,13518,"[954, 270]",False,,True,0.0,False,medium,False,"[[1224, 54], [1026, 90], [1170, 270], [810, 288], [1134, 324], [1422, 522], [1080, 522], [1026, 720], [1008, 792]]",,[],,0.44212593262080063,0.28755038717001813
1416,3,3,23.534999999999968,,13518,"[954, 270]",False,,True,0.0,False,medium,False,"[[1224, 48], [1026, 84], [1170, 264], [810, 282], [1134, 318], [1422, 516], [1080, 516], [1026, 714], [1008, 786]]",,[],,0.44212593262080063,0.28755038717001813
1417,3,3,23.55200000000002,,13518,"[954, 270]",False,,True,0.0,False,medium,False,"[[1224, 42], [1026, 78], [1170, 258], [810, 276], [1134, 312], [1422, 510], [1080, 510], [1026, 708], [1008, 780]]",,[],,0.4417479102690943,0.2904059787055411
1418,3,3,23.567999999999984,,13518,"[954, 270]",False,,True,0.0,False,medium,False,"[[1224, 36], [1026, 72], [1170, 252], [810, 270], [1134, 306], [1422, 504], [1080, 504], [1026, 702], [1008, 774]]",,[],,0.4417479102690943,0.2904059787055411
1419,3,3,23.585000000000036,,13518,"[954, 270]",False,,True,0.0,False,medium,False,"[[1224, 30], [1026, 66], [1170, 246], [810, 264], [1134, 300], [1422, 498], [1080, 498], [1026, 696], [1008, 768]]",,[],,0.4469091532283028,0.3192638561364145
1420,3,3,23.601,,13518,"[954, 270]",False,,True,0.0,False,medium,False,"[[1224, 24], [1026, 60], [1170, 240], [810, 258], [1134, 294], [1422, 492], [1080, 492], [1026, 690], [1008, 762]]",,[],,0.4416796683148251,0.2917220709030047
1421,3,3,23.616999999999962,,13518,"[954, 270]",False,,True,0.0,False,medium,False,"[[1224, 18], [1026, 54], [1170, 234], [810, 252], [1134, 288], [1422, 486], [1080, 486], [1026, 684], [1008, 756]]",,[],,0.44043496373704477,0.26329390161967514
1422,3,3,23.632999999999925,,13518,"[954, 270]",False,,True,0.0,False,medium,False,"[[1224, 12], [1026, 48], [1170, 228], [810, 246], [1134, 282], [1422, 480], [1080, 480], [1026, 678], [1008, 750]]",,[],,0.44043496373704477,0.26329390161967514
1423,3,3,23.649999999999977,,13518,"[954, 270]",False,,True,0.0,False,medium,False,"[[1224, 6], [1026, 42], [1170, 222], [810, 240], [1134, 276], [1422, 474], [1080, 474], [1026, 672], [1008, 744]]",,[],,0.44127722819805787,0.2649740792314099
1424,3,3,23.66599999999994,,13518,"[954, 270]",False,,True,0.0,False,medium,False,"[[1224, 0], [1026, 36], [1170, 216], [810, 234], [1134, 270], [1422, 468], [1080, 468], [1026, 666], [1008, 738]]",,[],,0.44181087462434976,0.2653064414320969
1425,3,3,23.682999999999993,,13518,"[954, 270]",False,,True,0.0,False,medium,False,"[[1026, 30], [1170, 210], [810, 228], [1134, 264], [1422, 462], [1080, 462], [1026, 660], [1008, 732]]",,[],,0.4419391399647729,0.26646772312274103
1426,3,3,23.699999999999932,,13518,"[954, 270]",False,,True,0.0,False,medium,False,"[[1026, 24], [1170, 204], [810, 222], [1134, 258], [1422, 456], [1080, 456], [1026, 654], [1008, 726]]",,[],,0.44180849005956346,0.2679345335453456
1427,3,3,23.71799999999996,,13518,"[954, 270]",False,,True,0.0,False,medium,False,"[[1026, 18], [1170, 198], [810, 216], [1134, 252], [1422, 450], [1080, 450], [1026, 648], [1008, 720]]",,[],,0.44248634858894925,0.2688508595031124
1428,3,3,23.736999999999966,,13518,"[954, 270]",False,Left,True,0.0,False,medium,False,"[[1026, 12], [1170, 192], [810, 210], [1134, 246], [1422, 444], [1080, 444], [1026, 642], [1008, 714]]",,[],,0.44234989735361996,0.2707619811497347
1429,3,3,23.751999999999953,,13518,"[954, 270]",False,Left,True,0.0,False,medium,False,"[[1032, 6], [1176, 186], [816, 204], [1140, 240], [1428, 438], [1086, 438], [1032, 636], [1014, 708]]",,[],,0.44110940179899893,0.2723385160176771
1430,3,3,23.76800000000003,,13518,"[954, 270]",False,Left,True,0.0,False,medium,False,"[[1038, 0], [1182, 180], [822, 198], [1146, 234], [1434, 432], [1092, 432], [1038, 630], [1020, 702]]",,[],,0.44101856338270995,0.2728158532048546
1431,3,3,23.783999999999992,,13518,"[954, 270]",False,Left,True,0.0,False,medium,False,"[[1188, 174], [828, 192], [1152, 228], [1440, 426], [1098, 426], [1044, 624], [1026, 696]]",,[],,0.4414387843849748,0.2739734052770354
1432,3,3,23.799999999999955,,13518,"[954, 270]",False,Left,True,0.0,False,medium,False,"[[1194, 168], [834, 186], [1158, 222], [1446, 420], [1104, 420], [1050, 618], [1032, 690]]",,[],,0.4418296516446514,0.2759443025547016
1433,3,3,23.81600000000003,,13518,"[954, 270]",False,Left,True,0.0,False,medium,False,"[[1200, 162], [840, 180], [1164, 216], [1452, 414], [1110, 414], [1056, 612], [1038, 684]]",,[],,0.4425987878701402,0.27949023666389394
1434,3,3,23.83299999999997,,13518,"[954, 270]",False,Left,True,0.0,False,medium,False,"[[1206, 156], [846, 174], [1170, 210], [1458, 408], [1116, 408], [1062, 606], [1044, 678]]",,[],,0.4432832326778303,0.28166366329706605
1435,3,3,23.850000000000023,,13518,"[954, 270]",False,Left,True,0.0,False,medium,False,"[[1212, 150], [852, 168], [1176, 204], [1464, 402], [1122, 402], [1068, 600], [1050, 672]]",,[],,0.44370992770788675,0.2832724778927054
1436,3,3,23.865999999999985,,13518,"[954, 270]",False,Left,True,0.0,False,medium,False,"[[1218, 144], [858, 162], [1182, 198], [1470, 396], [1128, 396], [1074, 594], [1056, 666]]",,[],,0.44436831592284765,0.28378439615215256
1437,3,3,23.882999999999925,,13518,"[954, 270]",False,Left,True,0.0,False,medium,False,"[[1224, 138], [864, 156], [1188, 192], [1476, 390], [1134, 390], [1080, 588], [1062, 660]]",,[],,0.4442130414555332,0.2840989154386484
1438,3,3,23.899,,13518,"[954, 270]",False,,True,0.0,False,medium,False,"[[1230, 132], [870, 150], [1194, 186], [1482, 384], [1140, 384], [1086, 582], [1068, 654]]",,[],,0.44446109606870465,0.28577335543318916
1439,3,3,23.91599999999994,,13518,"[954, 270]",False,,True,0.0,False,medium,False,"[[1230, 126], [870, 144], [1194, 180], [1482, 378], [1140, 378], [1086, 576], [1068, 648]]",,[],,0.44446109606870465,0.28577335543318916
1440,3,3,23.930999999999926,,13518,"[954, 270]",False,,True,0.0,False,medium,False,"[[1230, 120], [870, 138], [1194, 174], [1482, 372], [1140, 372], [1086, 570], [1068, 642]]",,[],,0.44101300332761684,0.284265765028446
1441,3,3,23.947000000000003,,13518,"[954, 270]",False,,True,0.0,False,medium,False,"[[1230, 114], [870, 132], [1194, 168], [1482, 366], [1140, 366], [1086, 564], [1068, 636]]",,[],,0.44101300332761684,0.284265765028446
1442,3,3,23.963999999999942,,13518,"[954, 270]",False,,True,0.0,False,medium,False,"[[1230, 108], [870, 126], [1194, 162], [1482, 360], [1140, 360], [1086, 558], [1068, 630]]",,[],,0.4305379692281609,0.26038965710426487
1443,3,3,23.980999999999995,,13518,"[954, 270]",False,,True,0.0,False,medium,False,"[[1230, 102], [870, 120], [1194, 156], [1482, 354], [1140, 354], [1086, 552], [1068, 624]]",,[],,0.43073026965941164,0.26161449620755395
1444,3,3,23.997999999999934,,13518,"[954, 270]",False,,True,0.0,False,medium,False,"[[1230, 96], [870, 114], [1194, 150], [1482, 348], [1140, 348], [1086, 546], [1068, 618]]",,[],,0.4313143598514394,0.2618564135914879
1445,3,3,24.014999999999986,,13518,"[954, 270]",False,,True,0.0,False,medium,False,"[[1230, 90], [870, 108], [1194, 144], [1482, 342], [1140, 342], [1086, 540], [1068, 612]]",,[],,0.4313143598514394,0.2618564135914879
1446,3,3,24.03099999999995,,13518,"[954, 270]",False,,True,0.0,False,medium,False,"[[1230, 84], [870, 102], [1194, 138], [1482, 336], [1140, 336], [1086, 534], [1068, 606]]",,[],,0.432504384799281,0.26435333855091836
1447,3,3,24.047000000000025,,13518,"[954, 270]",False,,True,0.0,False,medium,False,"[[1230, 78], [870, 96], [1194, 132], [1482, 330], [1140, 330], [1086, 528], [1068, 600]]",,[],,0.432504384799281,0.26435333855091836
1448,3,3,24.063999999999965,,13518,"[954, 270]",False,,True,0.0,False,medium,False,"[[1230, 72], [870, 90], [1194, 126], [1482, 324], [1140, 324], [1086, 522], [1068, 594]]",,[],,0.43306573982548785,0.2662945224856421
1449,3,3,24.081000000000017,,13518,"[954, 270]",False,,True,0.0,False,medium,False,"[[1230, 66], [870, 84], [1194, 120], [1482, 318], [1140, 318], [1086, 516], [1068, 588]]",,[],,0.4329717305399404,0.26674872050783893
1450,3,3,24.09699999999998,,13518,"[954, 270]",False,,True,0.0,False,medium,False,"[[1230, 60], [870, 78], [1194, 114], [1482, 312], [1140, 312], [1086, 510], [1068, 582]]",,[],,0.43407102834247724,0.2699239267536705
1451,3,3,24.114000000000033,,13518,"[954, 270]",False,,True,0.0,False,medium,False,"[[1230, 54], [870, 72], [1194, 108], [1482, 306], [1140, 306], [1086, 504], [1068, 576]]",,[],,0.43407102834247724,0.2699239267536705
1452,3,3,24.130999999999972,,13518,"[954, 270]",False,,True,0.0,False,medium,False,"[[1230, 48], [870, 66], [1194, 102], [1482, 300], [1140, 300], [1086, 498], [1068, 570]]",,[],,0.4334065902849054,0.2745489600811516
1453,3,3,24.148000000000025,,13518,"[954, 270]",False,,True,0.0,False,medium,False,"[[1230, 42], [870, 60], [1194, 96], [1482, 294], [1140, 294], [1086, 492], [1068, 564]]",,[],,0.4334065902849054,0.2745489600811516
1454,3,3,24.163999999999987,,13518,"[954, 270]",False,,True,0.0,False,medium,False,"[[1230, 36], [870, 54], [1194, 90], [1482, 288], [1140, 288], [1086, 486], [1068, 558]]",,[],,0.4332567606575175,0.2774122260358749
1455,3,3,24.17999999999995,,13518,"[954, 270]",False,,True,0.0,False,medium,False,"[[1230, 30], [870, 48], [1194, 84], [1482, 282], [1140, 282], [1086, 480], [1068, 552]]",,[],,0.4332567606575175,0.2774122260358749
1456,3,3,24.196000000000026,,13518,"[954, 270]",False,,True,0.0,False,medium,False,"[[1230, 24], [870, 42], [1194, 78], [1482, 276], [1140, 276], [1086, 474], [1068, 546]]",,[],,0.43407975285869754,0.2799172067594954
1457,3,3,24.212999999999965,,13518,"[954, 270]",False,,True,0.0,False,medium,False,"[[1230, 18], [870, 36], [1194, 72], [1482, 270], [1140, 270], [1086, 468], [1068, 540]]",,[],,0.43407975285869754,0.2799172067594954
1458,3,3,24.230000000000018,,13518,"[954, 270]",False,,True,0.0,False,medium,False,"[[1230, 12], [870, 30], [1194, 66], [1482, 264], [1140, 264], [1086, 462], [1068, 534]]",,[],,0.4346585588032322,0.27998844856296945
1459,3,3,24.246999999999957,,13518,"[954, 270]",False,,True,0.0,False,medium,False,"[[1230, 6], [870, 24], [1194, 60], [1482, 258], [1140, 258], [1086, 456], [1068, 528]]",,[],,0.4346585588032322,0.27998844856296945
1460,3,3,24.263000000000034,,13518,"[954, 270]",False,,True,0.0,False,medium,False,"[[1230, 0], [870, 18], [1194, 54], [1482, 252], [1140, 252], [1086, 450], [1068, 522]]",,[],,0.43577413354252703,0.28181366450410683
1461,3,3,24.278999999999996,,13518,"[954, 270]",False,,True,0.0,False,medium,False,"[[870, 12], [1194, 48], [1482, 246], [1140, 246], [1086, 444], [1068, 516]]",,[],,0.43577413354252703,0.28181366450410683
1462,3,3,24.295999999999935,,13518,"[954, 270]",False,,True,0.0,False,medium,False,"[[870, 6], [1194, 42], [1482, 240], [1140, 240], [1086, 438], [1068, 510]]",,[],,0.4444435594394422,0.2763388103388227
1463,3,3,24.312999999999988,,13518,"[954, 270]",False,,True,0.0,False,medium,False,"[[870, 0], [1194, 36], [1482, 234], [1140, 234], [1086, 432], [1068, 504]]",,[],,0.4444435594394422,0.2763388103388227
1464,3,3,24.331000000000017,,13518,"[954, 270]",False,,True,0.0,False,medium,False,"[[1194, 30], [1482, 228], [1140, 228], [1086, 426], [1068, 498]]",,[],,0.44975450552525914,0.26743410360098085
1465,3,3,24.34699999999998,,13518,"[954, 270]",False,,True,0.0,False,medium,False,"[[1194, 24], [1482, 222], [1140, 222], [1086, 420], [1068, 492]]",,[],,0.44975450552525914,0.26743410360098085
1466,3,3,24.362999999999943,,13518,"[954, 270]",False,,True,0.0,False,medium,False,"[[1194, 18], [1482, 216], [1140, 216], [1086, 414], [1068, 486]]",,[],,0.44835324136919297,0.2692980855042889
1467,3,3,24.379999999999995,,13518,"[954, 270]",False,,True,0.0,False,medium,False,"[[1194, 12], [1482, 210], [1140, 210], [1086, 408], [1068, 480]]",,[],,0.44835324136919297,0.2692980855042889
1468,3,3,24.396999999999935,,13518,"[954, 270]",False,,True,0.0,False,medium,False,"[[1194, 6], [1482, 204], [1140, 204], [1086, 402], [1068, 474]]",,[],,0.4494052705201531,0.26981598598696244
1469,3,3,24.41300000000001,,13518,"[954, 270]",False,,True,0.0,False,medium,False,"[[1194, 0], [1482, 198], [1140, 198], [1086, 396], [1068, 468]]",,[],,0.4494052705201531,0.26981598598696244
1470,3,3,24.428999999999974,,13518,"[954, 270]",False,,True,0.0,False,medium,False,"[[1482, 192], [1140, 192], [1086, 390], [1068, 462]]",,[],,0.4509397933478147,0.27393953895489054
1471,3,3,24.444999999999936,,13518,"[954, 270]",False,,True,0.0,False,medium,False,"[[1482, 186], [1140, 186], [1086, 384], [1068, 456]]",,[],,0.4509397933478147,0.27393953895489054
1472,3,3,24.461000000000013,,13518,"[954, 270]",False,,True,0.0,False,medium,False,"[[1482, 180], [1140, 180], [1086, 378], [1068, 450]]",,[],,0.4524739614886345,0.2781700718602036
1473,3,3,24.477999999999952,,13518,"[954, 270]",False,,True,0.0,False,medium,False,"[[1482, 174], [1140, 174], [1086, 372], [1068, 444]]",,[],,0.4524739614886345,0.2781700718602036
1474,3,3,24.494000000000028,,13518,"[954, 270]",False,,True,0.0,False,medium,False,"[[1482, 168], [1140, 168], [1086, 366], [1068, 438]]",,[],,0.4525759820394885,0.2811624853289767
1475,3,3,24.510999999999967,,13518,"[954, 270]",False,,True,0.0,False,medium,False,"[[1482, 162], [1140, 162], [1086, 360], [1068, 432], [1320, 810]]",,[],,0.4525759820394885,0.2811624853289767
1476,3,3,24.52699999999993,,13518,"[954, 270]",False,,True,0.0,False,medium,False,"[[1482, 156], [1140, 156], [1086, 354], [1068, 426], [1320, 804]]",,[],,-0.045211265922357136,0.06688622881603912
1477,3,3,24.543999999999983,,13518,"[954, 270]",False,,True,0.0,False,medium,False,"[[1482, 150], [1140, 150], [1086, 348], [1068, 420], [1320, 798]]",,[],,-0.045211265922357136,0.06688622881603912
1478,3,3,24.559999999999945,,13518,"[954, 270]",False,,True,0.0,False,medium,False,"[[1482, 144], [1140, 144], [1086, 342], [1068, 414], [1320, 792]]",,[],,0.45691379036405255,0.3179389157167205
1479,3,3,24.577999999999975,,13518,"[954, 270]",False,,True,0.0,False,medium,False,"[[1482, 138], [1140, 138], [1086, 336], [1068, 408], [1320, 786]]",,[],,0.45691379036405255,0.3179389157167205
1480,3,3,24.595000000000027,,13518,"[954, 270]",False,,True,0.0,False,medium,False,"[[1482, 132], [1140, 132], [1086, 330], [1068, 402], [1320, 780]]",,[],,0.46313172362143373,0.27134605594091366
1481,3,3,24.61099999999999,,13518,"[954, 270]",False,,True,0.0,False,medium,False,"[[1482, 126], [1140, 126], [1086, 324], [1068, 396], [1320, 774]]",,[],,0.46313172362143373,0.27134605594091366
1482,3,3,24.62799999999993,,13518,"[954, 270]",False,,True,0.0,False,medium,False,"[[1482, 120], [1140, 120], [1086, 318], [1068, 390], [1320, 768]]",,[],,0.4638890725989494,0.2733107456795426
1483,3,3,24.644999999999982,,13518,"[954, 270]",False,,True,0.0,False,medium,False,"[[1482, 114], [1140, 114], [1086, 312], [1068, 384], [1320, 762]]",,[],,0.4638890725989494,0.2733107456795426
1484,3,3,24.660999999999945,,13518,"[954, 270]",False,,True,0.0,False,medium,False,"[[1482, 108], [1140, 108], [1086, 306], [1068, 378], [1320, 756]]",,[],,0.46532832956250375,0.27592838483081894
1485,3,3,24.67700000000002,,13518,"[954, 270]",False,,True,0.0,False,medium,False,"[[1482, 102], [1140, 102], [1086, 300], [1068, 372], [1320, 750]]",,[],,0.46532832956250375,0.27592838483081894
1486,3,3,24.692999999999984,,13518,"[954, 270]",False,,True,0.0,False,medium,False,"[[1482, 96], [1140, 96], [1086, 294], [1068, 366], [1320, 744]]",,[],,0.4650341219766526,0.2804766327721189
1487,3,3,24.708999999999946,,13518,"[954, 270]",False,,True,0.0,False,medium,False,"[[1482, 90], [1140, 90], [1086, 288], [1068, 360], [1320, 738]]",,[],,0.4650341219766526,0.2804766327721189
1488,3,3,24.725000000000023,,13518,"[954, 270]",False,,True,0.0,False,medium,False,"[[1482, 84], [1140, 84], [1086, 282], [1068, 354], [1320, 732]]",,[],,0.46441341433336475,0.28273692756570323
1489,3,3,24.740999999999985,,13518,"[954, 270]",False,,True,0.0,False,medium,False,"[[1482, 78], [1140, 78], [1086, 276], [1068, 348], [1320, 726]]",,[],,0.4646394181232969,0.28344803913448957
1490,3,3,24.757999999999925,,13518,"[954, 270]",False,,True,0.0,False,medium,False,"[[1482, 72], [1140, 72], [1086, 270], [1068, 342], [1320, 720]]",,[],,-0.1138643604071353,0.030776887632573247
1491,3,3,24.774,,13518,"[954, 270]",False,,True,0.0,False,medium,False,"[[1482, 66], [1140, 66], [1086, 264], [1068, 336], [1320, 714]]",,[],,-0.1138643604071353,0.030776887632573247
1492,3,3,24.789999999999964,,13518,"[954, 270]",False,,True,0.0,False,medium,False,"[[1482, 60], [1140, 60], [1086, 258], [1068, 330], [1320, 708]]",,[],,0.4660743496273557,0.31574033457410866
1493,3,3,24.805999999999926,,13518,"[954, 270]",False,,True,0.0,False,medium,False,"[[1482, 54], [1140, 54], [1086, 252], [1068, 324], [1320, 702]]",,[],,0.4660743496273557,0.31574033457410866
1494,3,3,24.82299999999998,,13518,"[954, 270]",False,,True,0.0,False,medium,False,"[[1482, 48], [1140, 48], [1086, 246], [1068, 318], [1320, 696]]",,[],,0.4659526473839353,0.31744494179668037
1495,3,3,24.838999999999942,,13518,"[954, 270]",False,,True,0.0,False,medium,False,"[[1482, 42], [1140, 42], [1086, 240], [1068, 312], [1320, 690]]",,[],,0.46651209754477635,0.3191793080270765
1496,3,3,24.855000000000018,,13518,"[954, 270]",False,,True,0.0,False,medium,False,"[[1482, 36], [1140, 36], [1086, 234], [1068, 306], [1320, 684]]",,[],,0.46247018528415074,0.2970347294235094
1497,3,3,24.871999999999957,,13518,"[954, 270]",False,,True,0.0,False,medium,False,"[[1482, 30], [1140, 30], [1086, 228], [1068, 300], [1320, 678]]",,[],,0.46247018528415074,0.2970347294235094
1498,3,3,24.888000000000034,,13518,"[954, 270]",False,,True,0.0,False,medium,False,"[[1482, 24], [1140, 24], [1086, 222], [1068, 294], [1320, 672]]",,[],,0.4663605324564653,0.3257549586416387
1499,3,3,24.904999999999973,,13518,"[954, 270]",False,,True,0.0,False,medium,False,"[[1482, 18], [1140, 18], [1086, 216], [1068, 288], [1320, 666]]",,[],,0.46654856805911715,0.32266207123620083
1500,3,3,24.920999999999935,,13518,"[954, 270]",False,,True,0.0,False,medium,False,"[[1482, 12], [1140, 12], [1086, 210], [1068, 282], [1320, 660]]",,[],,0.46344844430442256,0.28855897431856914
1501,3,3,24.937000000000012,,13518,"[954, 270]",False,,True,0.0,False,medium,False,"[[1482, 6], [1140, 6], [1086, 204], [1068, 276], [1320, 654]]",,[],,0.46336728692508417,0.29083248676216744
1502,3,3,24.95399999999995,,13518,"[954, 270]",False,,True,0.0,False,medium,False,"[[1482, 0], [1140, 0], [1086, 198], [1068, 270], [1320, 648]]",,[],,0.4635121775307091,0.29115003386918237
1503,3,3,24.971000000000004,,13518,"[954, 270]",False,,True,0.0,False,medium,False,"[[1086, 192], [1068, 264], [1320, 642]]",,[],,0.46483041138217285,0.2930539096151784
1504,3,3,24.986999999999966,,13518,"[954, 270]",False,,True,0.0,False,medium,False,"[[1086, 186], [1068, 258], [1320, 636]]",,[],,0.46483041138217285,0.2930539096151784
1505,3,3,25.00400000000002,,13518,"[954, 270]",False,,True,0.0,False,medium,False,"[[1086, 180], [1068, 252], [1320, 630]]",,[],,0.46500414468968304,0.29536936641530265
1506,3,3,25.019999999999982,,13518,"[954, 270]",False,,True,0.0,False,medium,False,"[[1086, 174], [1068, 246], [1320, 624]]",,[],,0.46522668808406725,0.2960439462545439
1507,3,3,25.037000000000035,,13518,"[954, 270]",False,,True,0.0,False,medium,False,"[[1086, 168], [1068, 240], [1320, 618]]",,[],,0.46513540118045416,0.2999687545176375
1508,3,3,25.053999999999974,,13518,"[954, 270]",False,,True,0.0,False,medium,False,"[[1086, 162], [1068, 234], [1320, 612]]",,[],,0.4652062444424831,0.2994812270959394
1509,3,3,25.071000000000026,,13518,"[954, 270]",False,,True,0.0,False,medium,False,"[[1086, 156], [1068, 228], [1320, 606]]",,[],,-0.051400780612533836,0.07417747732564961
1510,3,3,25.08699999999999,,13518,"[954, 270]",False,,True,0.0,False,medium,False,"[[1086, 150], [1068, 222], [1320, 600]]",,[],,-0.051400780612533836,0.07417747732564961
1511,3,3,25.103999999999928,,13518,"[954, 270]",False,,True,0.0,False,medium,False,"[[1086, 144], [1068, 216], [1320, 594]]",,[],,0.46428489209119883,0.3055169943585361
1512,3,3,25.120000000000005,,13518,"[954, 270]",False,,True,0.0,False,medium,False,"[[1086, 138], [1068, 210], [1320, 588]]",,[],,0.4643147516246506,0.3060144450393948
1513,3,3,25.136999999999944,,13518,"[954, 270]",False,,True,0.0,False,medium,False,"[[1086, 132], [1068, 204], [1320, 582]]",,[],,0.4632771199786442,0.3053242542230161
1514,3,3,25.153999999999996,,13518,"[954, 270]",False,,True,0.0,False,medium,False,"[[1086, 126], [1068, 198], [1320, 576]]",,[],,0.45628217310922403,0.2957827938908647
1515,3,3,25.170999999999935,,13518,"[954, 270]",False,,True,0.0,False,medium,False,"[[1086, 120], [1068, 192], [1320, 570]]",,[],,0.45489053944510005,0.28980534405327196
1516,3,3,25.187000000000012,,13518,"[954, 270]",False,,True,0.0,False,medium,False,"[[1086, 114], [1068, 186], [1320, 564]]",,[],,0.45489053944510005,0.28980534405327196
1517,3,3,25.202999999999975,,13518,"[954, 270]",False,,True,0.0,False,medium,False,"[[1086, 108], [1068, 180], [1320, 558]]",,[],,0.4591339921022068,0.3209573518683686
1518,3,3,25.220000000000027,,13518,"[954, 270]",False,,True,0.0,False,medium,False,"[[1086, 102], [1068, 174], [1320, 552]]",,[],,0.45902487801436226,0.3216188077766793
1519,3,3,25.23599999999999,,13518,"[954, 270]",False,,True,0.0,False,medium,False,"[[1086, 96], [1068, 168], [1320, 546]]",,[],,-0.04958554433737446,0.03954230547689219
1520,3,3,25.25299999999993,,13518,"[954, 270]",False,,True,0.0,False,medium,False,"[[1086, 90], [1068, 162], [1320, 540]]",,[],,-0.04958554433737446,0.03954230547689219
1521,3,3,25.269000000000005,,13518,"[954, 270]",False,,True,0.0,False,medium,False,"[[1086, 84], [1068, 156], [1320, 534]]",,[],,-0.04742367127020941,0.051357408111867064
1522,3,3,25.284999999999968,,13518,"[954, 270]",False,,True,0.0,False,medium,False,"[[1086, 78], [1068, 150], [1320, 528]]",,[],,-0.04742367127020941,0.051357408111867064
1523,3,3,25.30200000000002,,13518,"[954, 270]",False,,True,0.0,False,medium,False,"[[1086, 72], [1068, 144], [1320, 522]]",,[],,0.45382495444114834,0.3002576956616877
1524,3,3,25.31899999999996,,13518,"[954, 270]",False,,True,0.0,False,medium,False,"[[1086, 66], [1068, 138], [1320, 516]]",,[],,0.45382495444114834,0.3002576956616877
1525,3,3,25.335000000000036,,13518,"[954, 270]",False,,True,0.0,False,medium,False,"[[1086, 60], [1068, 132], [1320, 510]]",,[],,-0.04846250405104931,0.09308159138127392
1526,3,3,25.351,,13518,"[954, 270]",False,,True,0.0,False,medium,False,"[[1086, 54], [1068, 126], [1320, 504]]",,[],,-0.04846250405104931,0.09308159138127392
1527,3,3,25.366999999999962,,13518,"[954, 270]",False,,True,0.0,False,medium,False,"[[1086, 48], [1068, 120], [1320, 498]]",,[],,0.45471086145895245,0.3026094210389094
1528,3,3,25.38499999999999,,13518,"[954, 270]",False,Right,True,0.0,False,medium,False,"[[1086, 42], [1068, 114], [1320, 492]]",,[],,0.45471086145895245,0.3026094210389094
1529,3,3,25.400999999999954,,13518,"[954, 270]",False,Right,True,0.0,False,medium,False,"[[1080, 36], [1062, 108], [1314, 486]]",,[],,-0.052782242401935166,0.04443314170137114
1530,3,3,25.41700000000003,,13518,"[954, 270]",False,Right,True,0.0,False,medium,False,"[[1074, 30], [1056, 102], [1308, 480]]",,[],,-0.052782242401935166,0.04443314170137114
1531,3,3,25.432999999999993,,13518,"[954, 270]",False,Right,True,0.0,False,medium,False,"[[1068, 24], [1050, 96], [1302, 474]]",,[],,0.4602245254591849,0.32799127382260107
1532,3,3,25.448999999999955,,13518,"[954, 270]",False,Right,True,0.0,False,medium,False,"[[1062, 18], [1044, 90], [1296, 468]]",,[],,0.4602245254591849,0.32799127382260107
1533,3,3,25.465000000000032,,13518,"[954, 270]",False,Right,True,0.0,False,medium,False,"[[1056, 12], [1038, 84], [1290, 462]]",,[],,0.4609491369502902,0.33274111870362255
1534,3,3,25.48199999999997,,13518,"[954, 270]",False,Right,True,0.0,False,medium,False,"[[1050, 6], [1032, 78], [1284, 456]]",,[],,0.4609491369502902,0.33274111870362255
1535,3,3,25.499000000000024,,13518,"[954, 270]",False,Right,True,0.0,False,medium,False,"[[1044, 0], [1026, 72], [1278, 450]]",,[],,0.45330944757518843,0.3077074860283233
1536,3,3,25.51699999999994,,13518,"[954, 270]",False,Right,True,0.0,False,medium,False,"[[1020, 66], [1272, 444]]",,[],,0.45330944757518843,0.3077074860283233
1537,3,3,25.533000000000015,,13518,"[954, 270]",False,Right,True,0.0,False,medium,False,"[[1014, 60], [1266, 438]]",,[],,-0.1065307666506877,0.031743813514455876
1538,3,3,25.548999999999978,,13518,"[954, 270]",False,Right,True,0.0,False,medium,False,"[[1008, 54], [1260, 432]]",,[],,-0.1065307666506877,0.031743813514455876
1539,3,3,25.56499999999994,,13518,"[954, 270]",False,Right,True,0.0,False,medium,False,"[[1002, 48], [1254, 426]]",,[],,0.4555066986487482,0.29619954639450774
1540,3,3,25.581999999999994,,13518,"[954, 270]",False,Right,True,0.0,False,medium,False,"[[996, 42], [1248, 420]]",,[],,0.4555066986487482,0.29619954639450774
1541,3,3,25.598999999999933,,13518,"[954, 270]",False,Right,True,0.0,False,medium,False,"[[990, 36], [1242, 414]]",,[],,-0.046465246150895735,0.05638662212272627
1542,3,3,25.615999999999985,,13518,"[954, 270]",False,Right,True,0.0,False,medium,False,"[[984, 30], [1236, 408]]",,[],,-0.046465246150895735,0.05638662212272627
1543,3,3,25.632999999999925,,13518,"[954, 270]",False,Right,True,0.0,False,medium,False,"[[978, 24], [1230, 402]]",,[],,0.45673478477814394,0.2995719904263908
1544,3,3,25.649999999999977,,13518,"[954, 270]",False,Right,True,0.0,False,medium,False,"[[972, 18], [1224, 396]]",,[],,0.45673478477814394,0.2995719904263908
1545,3,3,25.66700000000003,,13518,"[954, 270]",False,Right,True,0.0,False,medium,False,"[[966, 12], [1218, 390]]",,[],,-0.05630224479068495,0.11333724473827766
1546,3,3,25.68399999999997,,13518,"[954, 270]",False,Right,True,0.0,False,medium,False,"[[960, 6], [1212, 384]]",,[],,-0.05630224479068495,0.11333724473827766
1547,3,3,25.698999999999955,,13518,"[954, 270]",False,Right,True,0.0,False,medium,False,"[[954, 0], [1206, 378]]",,[],,0.46061517958377624,0.3261426350361316
1548,3,3,25.716000000000008,,13518,"[954, 270]",False,Right,True,0.0,False,medium,False,"[[1200, 372]]",,[],,0.46061517958377624,0.3261426350361316
1549,3,3,25.732999999999947,,13518,"[954, 270]",False,Right,True,0.0,False,medium,False,"[[1194, 366]]",,[],,-0.04908397079387461,0.04075394639972385
1550,3,3,25.75,,13518,"[954, 270]",False,,True,0.0,False,medium,False,"[[1188, 360]]",,[],,-0.04908397079387461,0.04075394639972385
1551,3,3,25.765999999999963,,13518,"[954, 270]",False,,True,0.0,False,medium,False,"[[1188, 354]]",,[],,0.45538169439817866,0.30675761053868245
1552,3,3,25.781999999999925,,13518,"[954, 270]",False,,True,0.0,False,medium,False,"[[1188, 348]]",,[],,0.45538169439817866,0.30675761053868245
1553,3,3,25.798999999999978,,13518,"[954, 270]",False,,True,0.0,False,medium,False,"[[1188, 342]]",,[],,0.4626989777014412,0.3264352065842292
1554,3,3,25.81499999999994,,13518,"[954, 270]",False,,True,0.0,False,medium,False,"[[1188, 336]]",,[],,0.4626989777014412,0.3264352065842292
1555,3,3,25.831999999999994,,13518,"[954, 270]",False,,True,0.0,False,medium,False,"[[1188, 330]]",,[],,0.46491353599567625,0.2869172305296581
1556,3,3,25.847999999999956,,13518,"[954, 270]",False,,True,0.0,False,medium,False,"[[1188, 324]]",,[],,0.46491353599567625,0.2869172305296581
1557,3,3,25.864000000000033,,13518,"[954, 270]",False,,True,0.0,False,medium,False,"[[1188, 318]]",,[],,-0.054408482395474425,0.03313062140405998
1558,3,3,25.880999999999972,,13518,"[954, 270]",False,,True,0.0,False,medium,False,"[[1188, 312]]",,[],,-0.054408482395474425,0.03313062140405998
1559,3,3,25.896999999999935,,13518,"[954, 270]",False,,True,0.0,False,medium,False,"[[1188, 306]]",,[],,0.4663354007895597,0.31626167495124313
1560,3,3,25.913999999999987,,13518,"[954, 270]",False,,True,0.0,False,medium,False,"[[1188, 300]]",,[],,0.4663354007895597,0.31626167495124313
1561,3,3,25.930999999999926,,13518,"[954, 270]",False,,True,0.0,False,medium,False,"[[1188, 294]]",,[],,0.4664835631299516,0.3182554161368205
1562,3,3,25.94799999999998,,13518,"[954, 270]",False,Right,True,0.0,False,medium,False,"[[1188, 288]]",,[],,0.4664835631299516,0.3182554161368205
1563,3,3,25.963999999999942,,13518,"[954, 270]",False,Right,True,0.0,False,medium,False,"[[1182, 282]]",,[],,0.46505377906694356,0.3214593809990721
1564,3,3,25.978999999999928,,13518,"[954, 270]",False,Right,True,0.0,False,medium,False,"[[1176, 276]]",,[],,0.46505377906694356,0.3214593809990721
1565,3,3,25.995000000000005,,13518,"[954, 270]",False,Right,True,0.0,False,medium,False,"[[1170, 270], [1206, 810]]",,[],,0.4637798881886332,0.3246946775745806
1566,3,3,26.010999999999967,,13518,"[954, 270]",False,Right,True,0.0,False,medium,False,"[[1164, 264], [1200, 804]]",,[],,0.4639684648061316,0.3260381731583678
1567,3,3,26.02800000000002,,13518,"[954, 270]",False,Right,True,0.0,False,medium,False,"[[1158, 258], [1194, 798]]",,[],,-0.04524694212436957,0.037228750963133606
1568,3,3,26.04499999999996,,13518,"[954, 270]",False,Right,True,0.0,False,medium,False,"[[1152, 252], [1188, 792]]",,[],,-0.04524694212436957,0.037228750963133606
1569,3,3,26.062999999999988,,13518,"[954, 270]",False,Right,True,0.0,False,medium,False,"[[1146, 246], [1182, 786]]",,[],,-0.04799044884391792,0.04484314905295683
1570,3,3,26.079999999999927,,13518,"[954, 270]",False,,True,0.0,False,medium,False,"[[1140, 240], [1176, 780]]",,[],,0.4633088084049678,0.32766254999300515
1571,3,3,26.09699999999998,,13518,"[954, 270]",False,,True,0.0,False,medium,False,"[[1140, 234], [1176, 774]]",,[],,0.46369808320889644,0.33048082476586216
1572,3,3,26.112999999999943,,13518,"[954, 270]",False,,True,0.0,False,medium,False,"[[1140, 228], [1176, 768]]",,[],,0.46369808320889644,0.33048082476586216
1573,3,3,26.129999999999995,,13518,"[954, 270]",False,,True,0.0,False,medium,False,"[[1140, 222], [1176, 762]]",,[],,0.44858292670451094,0.2759567653960513
1574,3,3,26.146999999999935,,13518,"[954, 270]",False,,True,0.0,False,medium,False,"[[1140, 216], [1176, 756]]",,[],,0.448590010458216,0.27637203188664217
1575,3,3,26.16300000000001,,13518,"[954, 270]",False,,True,0.0,False,medium,False,"[[1140, 210], [1176, 750]]",,[],,0.44899670494295807,0.27476472003825936
1576,3,3,26.178999999999974,,13518,"[954, 270]",False,,True,0.0,False,medium,False,"[[1140, 204], [1176, 744]]",,[],,0.44877276088402673,0.2741656988073793
1577,3,3,26.194999999999936,,13518,"[954, 270]",False,,True,0.0,False,medium,False,"[[1140, 198], [1176, 738]]",,[],,0.44887376577162624,0.2721811823015544
1578,3,3,26.211000000000013,,13518,"[954, 270]",False,,True,0.0,False,medium,False,"[[1140, 192], [1176, 732]]",,[],,0.44997487721921525,0.27077936099662425
1579,3,3,26.226999999999975,,13518,"[954, 270]",False,,True,0.0,False,medium,False,"[[1140, 186], [1176, 726]]",,[],,0.44997487721921525,0.27077936099662425
1580,3,3,26.242999999999938,,13518,"[954, 270]",False,,True,0.0,False,medium,False,"[[1140, 180], [1176, 720]]",,[],,0.45118464910981204,0.2752272881168851
1581,3,3,26.25999999999999,,13518,"[954, 270]",False,,True,0.0,False,medium,False,"[[1140, 174], [1176, 714]]",,[],,0.4511192456766568,0.2751127123721522
1582,3,3,26.275999999999954,,13518,"[954, 270]",False,,True,0.0,False,medium,False,"[[1140, 168], [1176, 708]]",,[],,0.45019475073214776,0.27757134362954583
1583,3,3,26.29200000000003,,13518,"[954, 270]",False,,True,0.0,False,medium,False,"[[1140, 162], [1176, 702]]",,[],,0.45030013926454526,0.27789180887313847
1584,3,3,26.307999999999993,,13518,"[954, 270]",False,,True,0.0,False,medium,False,"[[1140, 156], [1176, 696]]",,[],,0.4496478768328521,0.2798418964012277
1585,3,3,26.323999999999955,,13518,"[954, 270]",False,,True,0.0,False,medium,False,"[[1140, 150], [1176, 690]]",,[],,0.4496478768328521,0.2798418964012277
1586,3,3,26.340000000000032,,13518,"[954, 270]",False,,True,0.0,False,medium,False,"[[1140, 144], [1176, 684], [708, 810]]",,[],,0.44977132114922813,0.2767807222011399
1587,3,3,26.35699999999997,,13518,"[954, 270]",False,,True,0.0,False,medium,False,"[[1140, 138], [1176, 678], [708, 804]]",,[],,0.44977132114922813,0.2767807222011399
1588,3,3,26.374000000000024,,13518,"[954, 270]",False,,True,0.0,False,medium,False,"[[1140, 132], [1176, 672], [708, 798]]",,[],,0.4588943099628734,0.2550799438711736
1589,3,3,26.390999999999963,,13518,"[954, 270]",False,,True,0.0,False,medium,False,"[[1140, 126], [1176, 666], [708, 792]]",,[],,0.4588943099628734,0.2550799438711736
1590,3,3,26.406999999999925,,13518,"[954, 270]",False,,True,0.0,False,medium,False,"[[1140, 120], [1176, 660], [708, 786]]",,[],,0.46023266428585796,0.2574299642795864
1591,3,3,26.423999999999978,,13518,"[954, 270]",False,,True,0.0,False,medium,False,"[[1140, 114], [1176, 654], [708, 780]]",,[],,0.46023266428585796,0.2574299642795864
1592,3,3,26.43999999999994,,13518,"[954, 270]",False,,True,0.0,False,medium,False,"[[1140, 108], [1176, 648], [708, 774]]",,[],,0.46166312215364397,0.2612596884704873
1593,3,3,26.456999999999994,,13518,"[954, 270]",False,,True,0.0,False,medium,False,"[[1140, 102], [1176, 642], [708, 768]]",,[],,0.46273392747932746,0.26456635280181273
1594,3,3,26.475000000000023,,13518,"[954, 270]",False,,True,0.0,False,medium,False,"[[1140, 96], [1176, 636], [708, 762]]",,[],,0.46271182902591923,0.2677723409927567
1595,3,3,26.490999999999985,,13518,"[954, 270]",False,,True,0.0,False,medium,False,"[[1140, 90], [1176, 630], [708, 756]]",,[],,0.46271182902591923,0.2677723409927567
1596,3,3,26.506999999999948,,13518,"[954, 270]",False,,True,0.0,False,medium,False,"[[1140, 84], [1176, 624], [708, 750]]",,[],,0.46219254128980963,0.271308336545785
1597,3,3,26.523000000000025,,13518,"[954, 270]",False,,True,0.0,False,medium,False,"[[1140, 78], [1176, 618], [708, 744]]",,[],,0.46219254128980963,0.271308336545785
1598,3,3,26.539999999999964,,13518,"[954, 270]",False,,True,0.0,False,medium,False,"[[1140, 72], [1176, 612], [708, 738]]",,[],,0.45960340473801037,0.27697192081923594
1599,3,3,26.557000000000016,,13518,"[954, 270]",False,,True,0.0,False,medium,False,"[[1140, 66], [1176, 606], [708, 732]]",,[],,0.45960340473801037,0.27697192081923594
1600,3,3,26.573999999999955,,13518,"[954, 270]",False,,True,0.0,False,medium,False,"[[1140, 60], [1176, 600], [708, 726]]",,[],,0.4651171205138701,0.18438601237833663
1601,3,3,26.591999999999985,,13518,"[954, 270]",False,,True,0.0,False,medium,False,"[[1140, 54], [1176, 594], [708, 720]]",,[],,0.4651171205138701,0.18438601237833663
1602,3,3,26.608999999999924,,13518,"[954, 270]",False,,True,0.0,False,medium,False,"[[1140, 48], [1176, 588], [708, 714]]",,[],,0.5370091378654465,0.32397143298567666
1603,3,3,26.625,,13518,"[954, 270]",False,,True,0.0,False,medium,False,"[[1140, 42], [1176, 582], [708, 708]]",,[],,0.5370091378654465,0.32397143298567666
1604,3,3,26.640999999999963,,13518,"[954, 270]",False,,True,0.0,False,medium,False,"[[1140, 36], [1176, 576], [708, 702]]",,[],,0.05187165569196557,-0.10384979163421115
1605,3,3,26.656999999999925,,13518,"[954, 270]",False,,True,0.0,False,medium,False,"[[1140, 30], [1176, 570], [708, 696]]",,[],,0.05187165569196557,-0.10384979163421115
1606,3,3,26.673999999999978,,13518,"[954, 270]",False,,True,0.0,False,medium,False,"[[1140, 24], [1176, 564], [708, 690]]",,[],,0.46194458430758933,0.2891386225479715
1607,3,3,26.69100000000003,,13518,"[954, 270]",False,,True,0.0,False,medium,False,"[[1140, 18], [1176, 558], [708, 684]]",,[],,0.46194458430758933,0.2891386225479715
1608,3,3,26.70799999999997,,13518,"[954, 270]",False,,True,0.0,False,medium,False,"[[1140, 12], [1176, 552], [708, 678]]",,[],,0.43003843213401893,0.3523760770261396
1609,3,3,26.725000000000023,,13518,"[954, 270]",False,,True,0.0,False,medium,False,"[[1140, 6], [1176, 546], [708, 672]]",,[],,0.43003843213401893,0.3523760770261396
1610,3,3,26.741999999999962,,13518,"[954, 270]",False,,True,0.0,False,medium,False,"[[1140, 0], [1176, 540], [708, 666]]",,[],,0.4643997525731279,0.29773671186222606
1611,3,3,26.759000000000015,,13518,"[954, 270]",False,,True,0.0,False,medium,False,"[[1176, 534], [708, 660]]",,[],,0.4643997525731279,0.29773671186222606
1612,3,3,26.775999999999954,,13518,"[954, 270]",False,,True,0.0,False,medium,False,"[[1176, 528], [708, 654]]",,[],,-0.030244714203937394,0.033425556596300976
1613,3,3,26.79200000000003,,13518,"[954, 270]",False,,True,0.0,False,medium,False,"[[1176, 522], [708, 648], [960, 810]]",,[],,-0.030244714203937394,0.033425556596300976
1614,3,3,26.807999999999993,,13518,"[954, 270]",False,,True,0.0,False,medium,False,"[[1176, 516], [708, 642], [960, 804]]",,[],,0.4106002287309474,0.34408756120697936
1615,3,3,26.826000000000022,,13518,"[954, 270]",False,,True,0.0,False,medium,False,"[[1176, 510], [708, 636], [960, 798]]",,[],,0.4106002287309474,0.34408756120697936
1616,3,3,26.84299999999996,,13518,"[954, 270]",False,,True,0.0,False,medium,False,"[[1176, 504], [708, 630], [960, 792]]",,[],,0.4103063063789957,0.34598644372030785
1617,3,3,26.860000000000014,,13518,"[954, 270]",False,,True,0.0,False,medium,False,"[[1176, 498], [708, 624], [960, 786]]",,[],,0.4103063063789957,0.34598644372030785
1618,3,3,26.875999999999976,,13518,"[954, 270]",False,,True,0.0,False,medium,False,"[[1176, 492], [708, 618], [960, 780]]",,"[[516, 810]]",,0.4101812670203489,0.3486753679236183
1619,3,3,26.89199999999994,,13518,"[954, 270]",False,,True,0.0,False,medium,False,"[[1176, 486], [708, 612], [960, 774]]",,"[[516, 804]]",,0.4101812670203489,0.3486753679236183
1620,3,3,26.908000000000015,,13518,"[954, 270]",False,,True,0.0,False,medium,False,"[[1176, 480], [708, 606], [960, 768]]",,"[[516, 798]]",,0.410736742132923,0.350659822897876
1621,3,3,26.923999999999978,,13518,"[954, 270]",False,,True,0.0,False,medium,False,"[[1176, 474], [708, 600], [960, 762]]",,"[[516, 792]]",,0.410736742132923,0.350659822897876
1622,3,3,26.93999999999994,,13518,"[954, 270]",False,,True,0.0,False,medium,False,"[[1176, 468], [708, 594], [960, 756]]",,"[[516, 786]]",,0.41189323362602853,0.35350193248729167
1623,3,3,26.956000000000017,,13518,"[954, 270]",False,,True,0.0,False,medium,False,"[[1176, 462], [708, 588], [960, 750]]",,"[[516, 780]]",,0.41189323362602853,0.35350193248729167
1624,3,3,26.97199999999998,,13518,"[954, 270]",False,,True,0.0,False,medium,False,"[[1176, 456], [708, 582], [960, 744]]",,"[[516, 774]]",,0.41145472014710044,0.35424857253268505
1625,3,3,26.989000000000033,,13518,"[954, 270]",False,,True,0.0,False,medium,False,"[[1176, 450], [708, 576], [960, 738]]",,"[[516, 768]]",,0.41145472014710044,0.35424857253268505
1626,3,3,27.005999999999972,,13518,"[954, 270]",False,,True,0.0,False,medium,False,"[[1176, 444], [708, 570], [960, 732]]",,"[[516, 762]]",,0.4110490137673114,0.3572115178318517
1627,3,3,27.023000000000025,,13518,"[954, 270]",False,,True,0.0,False,medium,False,"[[1176, 438], [708, 564], [960, 726]]",,"[[516, 756]]",,0.4110490137673114,0.3572115178318517
1628,3,3,27.039999999999964,,13518,"[954, 270]",False,,True,0.0,False,medium,False,"[[1176, 432], [708, 558], [960, 720]]",,"[[516, 750]]",,0.4114405931414783,0.3622281758512831
1629,3,3,27.057000000000016,,13518,"[954, 270]",False,,True,0.0,False,medium,False,"[[1176, 426], [708, 552], [960, 714]]",,"[[516, 744]]",,0.4114405931414783,0.3622281758512831
1630,3,3,27.07299999999998,,13518,"[954, 270]",False,,True,0.0,False,medium,False,"[[1176, 420], [708, 546], [960, 708]]",,"[[516, 738]]",,0.41329370914087493,0.3483012808073056
1631,3,3,27.090000000000032,,13518,"[954, 270]",False,,True,0.0,False,medium,False,"[[1176, 414], [708, 540], [960, 702]]",,"[[516, 732]]",,0.41329370914087493,0.3483012808073056
1632,3,3,27.10699999999997,,13518,"[954, 270]",False,,True,0.0,False,medium,False,"[[1176, 408], [708, 534], [960, 696]]",,"[[516, 726]]",,0.41488461907370466,0.32547653874263527
1633,3,3,27.124000000000024,,13518,"[954, 270]",False,,True,0.0,False,medium,False,"[[1176, 402], [708, 528], [960, 690]]",,"[[516, 720]]",,0.41488461907370466,0.32547653874263527
1634,3,3,27.139999999999986,,13518,"[954, 270]",False,,True,0.0,False,medium,False,"[[1176, 396], [708, 522], [960, 684]]",,"[[516, 714]]",,0.415931160934292,0.3235541179371928
1635,3,3,27.15599999999995,,13518,"[954, 270]",False,,True,0.0,False,medium,False,"[[1176, 390], [708, 516], [960, 678]]",,"[[516, 708]]",,0.415931160934292,0.3235541179371928
1636,3,3,27.172000000000025,,13518,"[954, 270]",False,,True,0.0,False,medium,False,"[[1176, 384], [708, 510], [960, 672]]",,"[[516, 702]]",,0.416418588042756,0.3261479341073916
1637,3,3,27.188999999999965,,13518,"[954, 270]",False,,True,0.0,False,medium,False,"[[1176, 378], [708, 504], [960, 666]]",,"[[516, 696]]",,0.416418588042756,0.3261479341073916
1638,3,3,27.206000000000017,,13518,"[954, 270]",False,,True,0.0,False,medium,False,"[[1176, 372], [708, 498], [960, 660]]",,"[[516, 690]]",,0.417143288405078,0.33069156638761954
1639,3,3,27.222999999999956,,13518,"[954, 270]",False,,True,0.0,False,medium,False,"[[1176, 366], [708, 492], [960, 654]]",,"[[516, 684]]",,0.41719311481896393,0.331777751439409
1640,3,3,27.239000000000033,,13518,"[954, 270]",False,,True,0.0,False,medium,False,"[[1176, 360], [708, 486], [960, 648]]",,"[[516, 678]]",,0.41772111743302887,0.3345323083180607
1641,3,3,27.255999999999972,,13518,"[954, 270]",False,,True,0.0,False,medium,False,"[[1176, 354], [708, 480], [960, 642]]",,"[[516, 672]]",,0.41772111743302887,0.3345323083180607
1642,3,3,27.270999999999958,,13518,"[954, 270]",False,,True,0.0,False,medium,False,"[[1176, 348], [708, 474], [960, 636]]",,"[[516, 666]]",,0.4469555793897566,0.29248299339670125
1643,3,3,27.28800000000001,,13518,"[954, 270]",False,,True,0.0,False,medium,False,"[[1176, 342], [708, 468], [960, 630], [1068, 810]]",,"[[516, 660]]",,0.4469555793897566,0.29248299339670125
1644,3,3,27.303999999999974,,13518,"[954, 270]",False,,True,0.0,False,medium,False,"[[1176, 336], [708, 462], [960, 624], [1068, 804]]",,"[[516, 654]]",,0.40082049487571564,0.3345305664932051
1645,3,3,27.321000000000026,,13518,"[954, 270]",False,,True,0.0,False,medium,False,"[[1176, 330], [708, 456], [960, 618], [1068, 798]]",,"[[516, 648]]",,0.38275206034347115,0.340779575715464
1646,3,3,27.337999999999965,,13518,"[954, 270]",False,,True,0.0,False,medium,False,"[[1176, 324], [708, 450], [960, 612], [1068, 792]]",,"[[516, 642]]",,0.3757419059727431,0.3387166543256517
1647,3,3,27.355000000000018,,13518,"[954, 270]",False,,True,0.0,False,medium,False,"[[1176, 318], [708, 444], [960, 606], [1068, 786]]",,"[[516, 636]]",,0.3757419059727431,0.3387166543256517
1648,3,3,27.37099999999998,,13518,"[954, 270]",False,,True,0.0,False,medium,False,"[[1176, 312], [708, 438], [960, 600], [1068, 780]]",,"[[516, 630]]",,0.37448579205346044,0.3377565382117609
1649,3,3,27.386999999999944,,13518,"[954, 270]",False,,True,0.0,False,medium,False,"[[1176, 306], [708, 432], [960, 594], [1068, 774]]",,"[[516, 624]]",,0.36990386134576464,0.3392730029582792
1650,3,3,27.40300000000002,,13518,"[954, 270]",False,Right,True,0.0,False,medium,False,"[[1176, 300], [708, 426], [960, 588], [1068, 768]]",,"[[510, 618]]",,0.36823562646815333,0.339610559615774
1651,3,3,27.418999999999983,,13518,"[954, 270]",False,Right,True,0.0,False,medium,False,"[[1170, 294], [702, 420], [954, 582], [1062, 762]]",,"[[504, 612]]",,0.3645117139430448,0.33766155876398585
1652,3,3,27.434999999999945,,13518,"[954, 270]",False,Right,True,0.0,False,medium,False,"[[1164, 288], [696, 414], [948, 576], [1056, 756]]",,"[[498, 606]]",,0.36436981013229086,0.3378054039233588
1653,3,3,27.451000000000022,,13518,"[954, 270]",False,Right,True,0.0,False,medium,False,"[[1158, 282], [690, 408], [942, 570], [1050, 750]]",,"[[492, 600]]",,0.3671175661709049,0.3433266526786093
1654,3,3,27.466999999999985,,13518,"[954, 270]",False,Right,True,0.0,False,medium,False,"[[1152, 276], [684, 402], [936, 564], [1044, 744]]",,"[[486, 594]]",,0.3671175661709049,0.3433266526786093
1655,3,3,27.483999999999924,,13518,"[954, 270]",False,Right,True,0.0,False,medium,False,"[[1146, 270], [678, 396], [930, 558], [1038, 738]]",,"[[480, 588]]",,0.40748698112706894,0.35684151700535816
1656,3,3,27.5,,13518,"[954, 270]",False,Right,True,0.0,False,medium,False,"[[1140, 264], [672, 390], [924, 552], [1032, 732]]",,"[[474, 582]]",,0.40714823110752085,0.35737470422615003
1657,3,3,27.515999999999963,,13518,"[954, 270]",False,Right,True,0.0,False,medium,False,"[[1134, 258], [666, 384], [918, 546], [1026, 726]]",,"[[468, 576]]",,0.4081471824289243,0.359883251955192
1658,3,3,27.533000000000015,,13518,"[954, 270]",False,Right,True,0.0,False,medium,False,"[[1128, 252], [660, 378], [912, 540], [1020, 720]]",,"[[462, 570]]",,0.40867772412395054,0.3602636502051251
1659,3,3,27.548999999999978,,13518,"[954, 270]",False,Right,True,0.0,False,medium,False,"[[1122, 246], [654, 372], [906, 534], [1014, 714]]",,"[[456, 564]]",,0.4101380422456077,0.3619288857938233
1660,3,3,27.56600000000003,,13518,"[954, 270]",False,Right,True,0.0,False,medium,False,"[[1116, 240], [648, 366], [900, 528], [1008, 708]]",,"[[450, 558]]",,0.4101380422456077,0.3619288857938233
1661,3,3,27.581999999999994,,13518,"[954, 270]",False,Right,True,0.0,False,medium,False,"[[1110, 234], [642, 360], [894, 522], [1002, 702]]",,"[[444, 552]]",,0.41335815268947795,0.36770075017769654
1662,3,3,27.598999999999933,,13518,"[954, 270]",False,,True,0.0,False,medium,False,"[[1104, 228], [636, 354], [888, 516], [996, 696]]",,"[[444, 546]]",,0.41335815268947795,0.36770075017769654
1663,3,3,27.61500000000001,,13518,"[954, 270]",False,,True,0.0,False,medium,False,"[[1104, 222], [636, 348], [888, 510], [996, 690]]",,"[[444, 540]]",,0.41339077951233866,0.3714874644691514
1664,3,3,27.630999999999972,,13518,"[954, 270]",False,,True,0.0,False,medium,False,"[[1104, 216], [636, 342], [888, 504], [996, 684]]",,"[[444, 534]]",,0.41339077951233866,0.3714874644691514
1665,3,3,27.646999999999935,,13518,"[954, 270]",False,,True,0.0,False,medium,False,"[[1104, 210], [636, 336], [888, 498], [996, 678]]",,"[[444, 528]]",,0.4123364083085935,0.37521739939629906
1666,3,3,27.663999999999987,,13518,"[954, 270]",False,,True,0.0,False,medium,False,"[[1104, 204], [636, 330], [888, 492], [996, 672]]",,"[[444, 522]]",,0.4123364083085935,0.37521739939629906
1667,3,3,27.682000000000016,,13518,"[954, 270]",False,,True,0.0,False,medium,False,"[[1104, 198], [636, 324], [888, 486], [996, 666]]",,"[[444, 516]]",,0.4111018459833762,0.3792181110003766
1668,3,3,27.698999999999955,,13518,"[954, 270]",False,,True,0.0,False,medium,False,"[[1104, 192], [636, 318], [888, 480], [996, 660]]",,"[[444, 510]]",,0.4111018459833762,0.3792181110003766
1669,3,3,27.715000000000032,,13518,"[954, 270]",False,,True,0.0,False,medium,False,"[[1104, 186], [636, 312], [888, 474], [996, 654]]",,"[[444, 504]]",,0.4101189168140563,0.3816399772656157
1670,3,3,27.73199999999997,,13518,"[954, 270]",False,,True,0.0,False,medium,False,"[[1104, 180], [636, 306], [888, 468], [996, 648]]",,"[[444, 498]]",,0.4101189168140563,0.3816399772656157
1671,3,3,27.749000000000024,,13518,"[954, 270]",False,,True,0.0,False,medium,False,"[[1104, 174], [636, 300], [888, 462], [996, 642]]",,"[[444, 492]]",,0.4086032779319478,0.38538038792468143
1672,3,3,27.764999999999986,,13518,"[954, 270]",False,,True,0.0,False,medium,False,"[[1104, 168], [636, 294], [888, 456], [996, 636]]",,"[[444, 486]]",,0.4086032779319478,0.38538038792468143
1673,3,3,27.781999999999925,,13518,"[954, 270]",False,,True,0.0,False,medium,False,"[[1104, 162], [636, 288], [888, 450], [996, 630]]",,"[[444, 480]]",,0.40905279078209567,0.38878714709983075
1674,3,3,27.799999999999955,,13518,"[954, 270]",False,,True,0.0,False,medium,False,"[[1104, 156], [636, 282], [888, 444], [996, 624]]",,"[[444, 474]]",,0.40905279078209567,0.38878714709983075
1675,3,3,27.817000000000007,,13518,"[954, 270]",False,,True,0.0,False,medium,False,"[[1104, 150], [636, 276], [888, 438], [996, 618]]",,"[[444, 468]]",,0.4098635115452229,0.39369346198351096
1676,3,3,27.833999999999946,,13518,"[954, 270]",False,,True,0.0,False,medium,False,"[[1104, 144], [636, 270], [888, 432], [996, 612]]",,"[[444, 462]]",,0.4098635115452229,0.39369346198351096
1677,3,3,27.851999999999975,,13518,"[954, 270]",False,,True,0.0,False,medium,False,"[[1104, 138], [636, 264], [888, 426], [996, 606]]",,"[[444, 456]]",,0.41118416542196623,0.3948605139064093
1678,3,3,27.867999999999938,,13518,"[954, 270]",False,,True,0.0,False,medium,False,"[[1104, 132], [636, 258], [888, 420], [996, 600]]",,"[[444, 450]]",,0.41117873986591197,0.39549989031692845
1679,3,3,27.884000000000015,,13518,"[954, 270]",False,,True,0.0,False,medium,False,"[[1104, 126], [636, 252], [888, 414], [996, 594]]",,"[[444, 444]]",,0.41067194209517427,0.3973084368029639
1680,3,3,27.899999999999977,,13518,"[954, 270]",False,,True,0.0,False,medium,False,"[[1104, 120], [636, 246], [888, 408], [996, 588]]",,"[[444, 438]]",,0.41067194209517427,0.3973084368029639
1681,3,3,27.918000000000006,,13518,"[954, 270]",False,Right,True,0.0,False,medium,False,"[[1104, 114], [636, 240], [888, 402], [996, 582]]",,"[[438, 432]]",,0.41083189082069344,0.39987214709763796
1682,3,3,27.932999999999993,,13518,"[954, 270]",False,Right,True,0.0,False,medium,False,"[[1098, 108], [630, 234], [882, 396], [990, 576]]",,"[[432, 426]]",,0.41083189082069344,0.39987214709763796
1683,3,3,27.949999999999932,,13518,"[954, 270]",False,Right,True,0.0,False,medium,False,"[[1092, 102], [624, 228], [876, 390], [984, 570]]",,"[[426, 420]]",,0.41103600926025574,0.4030912881726171
1684,3,3,27.966999999999985,,13518,"[954, 270]",False,Right,True,0.0,False,medium,False,"[[1086, 96], [618, 222], [870, 384], [978, 564]]",,"[[420, 414]]",,0.41103600926025574,0.4030912881726171
1685,3,3,27.982999999999947,,13518,"[954, 270]",False,Right,True,0.0,False,medium,False,"[[1080, 90], [612, 216], [864, 378], [972, 558]]",,"[[414, 408]]",,0.41218195720512146,0.40843064025811504
1686,3,3,27.999000000000024,,13518,"[954, 270]",False,Right,True,0.0,False,medium,False,"[[1074, 84], [606, 210], [858, 372], [966, 552]]",,"[[408, 402]]",,0.41218195720512146,0.40843064025811504
1687,3,3,28.014999999999986,,13518,"[954, 270]",False,Right,True,0.0,False,medium,False,"[[1068, 78], [600, 204], [852, 366], [960, 546]]",,"[[402, 396]]",,-0.03927274861871952,-0.011057602467624772
1688,3,3,28.033000000000015,,13518,"[954, 270]",False,Right,True,0.0,False,medium,False,"[[1062, 72], [594, 198], [846, 360], [954, 540]]",,"[[396, 390]]",,-0.03927274861871952,-0.011057602467624772
1689,3,3,28.049999999999955,,13518,"[954, 270]",False,Right,True,0.0,False,medium,False,"[[1056, 66], [588, 192], [840, 354], [948, 534]]",,"[[390, 384]]",,0.45671315787488426,0.34450718379681233
1690,3,3,28.06600000000003,,13518,"[954, 270]",False,Right,True,0.0,False,medium,False,"[[1050, 60], [582, 186], [834, 348], [942, 528]]",,"[[384, 378]]",,0.45671315787488426,0.34450718379681233
1691,3,3,28.085000000000036,,13518,"[954, 270]",False,,True,0.0,False,medium,False,"[[1044, 54], [576, 180], [828, 342], [936, 522]]",,"[[384, 372]]",,0.45650644935011736,0.34610826265001615
1692,3,3,28.100000000000023,,13518,"[954, 270]",False,,True,0.0,False,medium,False,"[[1044, 48], [576, 174], [828, 336], [936, 516]]",,"[[384, 366]]",,0.45650644935011736,0.34610826265001615
1693,3,3,28.115999999999985,,13518,"[954, 270]",False,,True,0.0,False,medium,False,"[[1044, 42], [576, 168], [828, 330], [936, 510]]",,"[[384, 360]]",,0.4556108942626585,0.34520446113890957
1694,3,3,28.132999999999925,,13518,"[954, 270]",False,,True,0.0,False,medium,False,"[[1044, 36], [576, 162], [828, 324], [936, 504]]",,"[[384, 354]]",,0.4556108942626585,0.34520446113890957
1695,3,3,28.149999999999977,,13518,"[954, 270]",False,,True,0.0,False,medium,False,"[[1044, 30], [576, 156], [828, 318], [936, 498]]",,"[[384, 348]]",,-0.035890063292663935,0.010947899860393462
1696,3,3,28.16599999999994,,13518,"[954, 270]",False,,True,0.0,False,medium,False,"[[1044, 24], [576, 150], [828, 312], [936, 492]]",,"[[384, 342]]",,-0.035890063292663935,0.010947899860393462
1697,3,3,28.182999999999993,,13518,"[954, 270]",False,,True,0.0,False,medium,False,"[[1044, 18], [576, 144], [828, 306], [936, 486]]",,"[[384, 336]]",,0.4555927577358337,0.3470889258271397
1698,3,3,28.199999999999932,,13518,"[954, 270]",False,,True,0.0,False,medium,False,"[[1044, 12], [576, 138], [828, 300], [936, 480]]",,"[[384, 330]]",,0.4555927577358337,0.3470889258271397
1699,3,3,28.216999999999985,,13518,"[954, 270]",False,,True,0.0,False,medium,False,"[[1044, 6], [576, 132], [828, 294], [936, 474]]",,"[[384, 324]]",,0.45666241940336116,0.34756337657339564
1700,3,3,28.233999999999924,,13518,"[954, 270]",False,,True,0.0,False,medium,False,"[[1044, 0], [576, 126], [828, 288], [936, 468]]",,"[[384, 318]]",,0.45666241940336116,0.34756337657339564
1701,3,3,28.250999999999976,,13518,"[954, 270]",False,,True,0.0,False,medium,False,"[[576, 120], [828, 282], [936, 462]]",,"[[384, 312]]",,0.45592044425046724,0.3475279336052929
1702,3,3,28.26800000000003,,13518,"[954, 270]",False,Left,True,-1.0,False,medium,False,"[[576, 114], [828, 276], [936, 456]]",,"[[390, 306]]",,0.45592044425046724,0.3475279336052929
1703,3,3,28.287000000000035,,13518,"[954, 270]",False,Left,True,-1.0,False,medium,False,"[[582, 108], [834, 270], [942, 450]]",,"[[390, 300]]",,0.018025528016681048,0.00023676596440513897
1704,3,3,28.303999999999974,,13518,"[954, 270]",False,Left,True,-1.0,False,medium,False,"[[582, 102], [834, 264], [942, 444]]",,"[[390, 294]]",,0.4539761653352521,0.3471200384857629
1705,3,3,28.319999999999936,,13518,"[954, 270]",False,Left,True,-1.0,False,medium,False,"[[582, 96], [834, 258], [942, 438]]",,"[[390, 288]]",,-0.1467788334836982,0.005987281945303402
1706,3,3,28.336000000000013,,13518,"[954, 270]",False,Left,True,-1.0,False,medium,False,"[[582, 90], [834, 252], [942, 432]]",,"[[390, 282]]",,0.4537874039822018,0.34863875893325125
1707,3,3,28.351999999999975,,13518,"[954, 270]",False,Left,True,-1.0,False,medium,False,"[[582, 84], [834, 246], [942, 426]]",,"[[390, 276]]",,0.45443901948706794,0.35015797339324073
1708,3,3,28.367999999999938,,13518,"[954, 270]",False,Left,True,-1.0,False,medium,False,"[[582, 78], [834, 240], [942, 420]]",,"[[390, 270]]",,0.45443901948706794,0.35015797339324073
1709,3,3,28.384000000000015,,13518,"[954, 270]",False,Left,True,-1.0,False,medium,False,"[[582, 72], [834, 234], [942, 414]]",,"[[390, 264]]",,0.45668560548156745,0.35186433817140295
1710,3,3,28.400999999999954,,13518,"[954, 270]",False,Left,True,-1.0,False,medium,False,"[[582, 66], [834, 228], [942, 408]]",,"[[390, 258]]",,0.45668560548156745,0.35186433817140295
1711,3,3,28.418000000000006,,13518,"[954, 270]",False,Left,True,-1.0,False,medium,False,"[[582, 60], [834, 222], [942, 402]]",,"[[390, 252]]",,0.45781884178591825,0.3519436705256189
1712,3,3,28.434999999999945,,13518,"[954, 270]",False,Left,True,-1.0,False,medium,False,"[[582, 54], [834, 216], [942, 396]]",,"[[390, 246]]",,0.45781884178591825,0.3519436705256189
1713,3,3,28.452999999999975,,13518,"[954, 270]",False,Left,True,-1.0,False,medium,False,"[[582, 48], [834, 210], [942, 390]]",,"[[390, 240]]",,0.45869440906383474,0.352496307011253
1714,3,3,28.470000000000027,,13518,"[954, 270]",False,Left,True,-1.0,False,medium,False,"[[582, 42], [834, 204], [942, 384]]",,"[[390, 234]]",,0.45869440906383474,0.352496307011253
1715,3,3,28.486999999999966,,13518,"[954, 270]",False,Left,True,-1.0,False,medium,False,"[[582, 36], [834, 198], [942, 378]]",,"[[390, 228]]",,0.4601750924299388,0.3533322461795759
1716,3,3,28.50400000000002,,13518,"[954, 270]",False,Left,True,-1.0,False,medium,False,"[[582, 30], [834, 192], [942, 372]]",,"[[390, 222]]",,0.05424983758518733,-0.13902678457968398
1717,3,3,28.519999999999982,,13518,"[954, 270]",False,Left,True,-1.0,False,medium,False,"[[582, 24], [834, 186], [942, 366]]",,"[[390, 216]]",,0.004600358573870267,-0.07285123439738728
1718,3,3,28.535999999999945,,13518,"[954, 270]",False,Left,True,-1.0,False,medium,False,"[[582, 18], [834, 180], [942, 360]]",,"[[390, 210]]",,0.004600358573870267,-0.07285123439738728
1719,3,3,28.552999999999997,,13518,"[954, 270]",False,Left,True,-1.0,False,medium,False,"[[582, 12], [834, 174], [942, 354]]",,"[[390, 204]]",,0.06128693307849362,-0.1273345348693442
1720,3,3,28.569999999999936,,13518,"[954, 270]",False,Left,True,-1.0,False,medium,False,"[[582, 6], [834, 168], [942, 348]]",,"[[390, 198]]",,0.06128693307849362,-0.1273345348693442
1721,3,3,28.586000000000013,,13518,"[954, 270]",False,Left,True,-1.0,False,medium,False,"[[582, 0], [834, 162], [942, 342]]",,"[[390, 192]]",,0.4605660094018352,0.3585428942537561
1722,3,3,28.602999999999952,,13518,"[954, 270]",False,Left,True,-1.0,False,medium,False,"[[834, 156], [942, 336]]",,"[[390, 186]]",,0.4605660094018352,0.3585428942537561
1723,3,3,28.619000000000028,,13518,"[954, 270]",False,Left,True,-1.0,False,medium,False,"[[834, 150], [942, 330]]",,"[[390, 180]]",,0.4616055132208766,0.358955228700817
1724,3,3,28.636999999999944,,13518,"[954, 270]",False,Left,True,-1.0,False,medium,False,"[[834, 144], [942, 324]]",,"[[390, 174]]",,0.4616055132208766,0.358955228700817
1725,3,3,28.653999999999996,,13518,"[954, 270]",False,Left,True,-1.0,False,medium,False,"[[834, 138], [942, 318]]",,"[[390, 168]]",,0.461413959726508,0.3587733536352835
1726,3,3,28.670999999999935,,13518,"[954, 270]",False,Left,True,-1.0,False,medium,False,"[[834, 132], [942, 312]]",,"[[390, 162]]",,0.461413959726508,0.3587733536352835
1727,3,3,28.686000000000035,,13518,"[954, 270]",False,Left,True,-1.0,False,medium,False,"[[834, 126], [942, 306]]",,"[[390, 156]]",,0.4601107767545824,0.3584458745507362
1728,3,3,28.702999999999975,,13518,"[954, 270]",False,Left,True,-1.0,False,medium,False,"[[834, 120], [942, 300]]",,"[[390, 150]]",,0.4601107767545824,0.3584458745507362
1729,3,3,28.720000000000027,,13518,"[954, 270]",False,Left,True,-1.0,False,medium,False,"[[834, 114], [942, 294]]",,"[[390, 144]]",,0.4614512189463693,0.35192674891893305
1730,3,3,28.73599999999999,,13518,"[954, 270]",True,Left,True,-1.0,False,medium,False,"[[834, 108], [942, 288]]",,"[[390, 138]]",,0.4614512189463693,0.35192674891893305
1731,3,3,31.774999999999977,,13518,"[954, 270]",True,Left,True,-1.0,False,medium,False,"[[834, 102], [942, 282]]",,"[[390, 138]]",3,0.3922498655693333,0.11351263729052807
