,trial,attempt,time_played,time_tag,level_size_y,player_pos,collision,current_input,drift_enabled,current_drift,level_done,input_noise_magnitude,input_noise_on,visible_obstacles,adjacent_wall_tiles_x_pos,visible_drift_tiles,SoC,gaze_x,gaze_y
0,3,1,0.0,,13518,"[954, -86]",False,,True,0.0,False,strong,False,[],,[],,0.45571506923518135,0.29462185638451466
1,3,1,0.015999999999849024,,13518,"[954, -82]",False,,True,0.0,False,strong,False,[],,[],,0.4551142315974096,0.2978499721277382
2,3,1,0.032999999999901775,,13518,"[954, -78]",False,,True,0.0,False,strong,False,[],,[],,0.4555865778526316,0.29953080141138555
3,3,1,0.04899999999997817,,13518,"[954, -74]",False,,True,0.0,False,strong,False,[],,[],,0.4555865778526316,0.29953080141138555
4,3,1,0.0649999999998272,,13518,"[954, -70]",False,,True,0.0,False,strong,False,[],,[],,0.4544413771893326,0.30810875623211886
5,3,1,0.08199999999987995,,13518,"[954, -66]",False,,True,0.0,False,strong,False,[],,[],,0.45466444739770306,0.30774382752661045
6,3,1,0.0989999999999327,,13518,"[954, -62]",False,,True,0.0,False,strong,False,[],,[],,0.45436687036461415,0.3078276128855325
7,3,1,0.11599999999998545,,13518,"[954, -58]",False,,True,0.0,False,strong,False,[],,[],,0.45436687036461415,0.3078276128855325
8,3,1,0.13299999999981083,,13518,"[954, -54]",False,,True,0.0,False,strong,False,[],,[],,0.4523955316881457,0.3090546488248884
9,3,1,0.14899999999988722,,13518,"[954, -50]",False,,True,0.0,False,strong,False,[],,[],,0.4523955316881457,0.3090546488248884
10,3,1,0.16499999999996362,,13518,"[954, -46]",False,,True,0.0,False,strong,False,[],,[],,0.45200951877950307,0.3089327994779112
11,3,1,0.18200000000001637,,13518,"[954, -42]",False,,True,0.0,False,strong,False,[],,[],,0.45200951877950307,0.3089327994779112
12,3,1,0.1979999999998654,,13518,"[954, -38]",False,,True,0.0,False,strong,False,[],,[],,0.45202073039277135,0.3073178075784859
13,3,1,0.21499999999991815,,13518,"[954, -34]",False,,True,0.0,False,strong,False,[],,[],,0.45202073039277135,0.3073178075784859
14,3,1,0.23099999999999454,,13518,"[954, -30]",False,,True,0.0,False,strong,False,[],,[],,0.45105836968505014,0.307688159424903
15,3,1,0.24799999999981992,,13518,"[954, -26]",False,,True,0.0,False,strong,False,[],,[],,0.45105836968505014,0.307688159424903
16,3,1,0.2639999999998963,,13518,"[954, -22]",False,,True,0.0,False,strong,False,[],,[],,0.45084830321524905,0.30533052912313663
17,3,1,0.28099999999994907,,13518,"[954, -18]",False,,True,0.0,False,strong,False,[],,[],,0.45084830321524905,0.30533052912313663
18,3,1,0.29700000000002547,,13518,"[954, -14]",False,,True,0.0,False,strong,False,[],,[],,0.4509810942274587,0.30304049154283874
19,3,1,0.31399999999985084,,13518,"[954, -10]",False,,True,0.0,False,strong,False,[],,[],,0.4509810942274587,0.30304049154283874
20,3,1,0.32999999999992724,,13518,"[954, -6]",False,,True,0.0,False,strong,False,[],,[],,0.450461451282173,0.2960768303962873
21,3,1,0.34600000000000364,,13518,"[954, -2]",False,,True,0.0,False,strong,False,[],,[],,0.450461451282173,0.2960768303962873
22,3,1,0.362999999999829,,13518,"[954, 2]",False,,True,0.0,False,strong,False,[],,[],,0.4498333145931374,0.2886700241971165
23,3,1,0.37999999999988177,,13518,"[954, 6]",False,,True,0.0,False,strong,False,[],,[],,0.4498333145931374,0.2886700241971165
24,3,1,0.3969999999999345,,13518,"[954, 10]",False,,True,0.0,False,strong,False,[],,[],,0.4499751959692956,0.28285136288726453
25,3,1,0.4130000000000109,,13518,"[954, 14]",False,,True,0.0,False,strong,False,[],,[],,0.4499751959692956,0.28285136288726453
26,3,1,0.4299999999998363,,13518,"[954, 18]",False,,True,0.0,False,strong,False,[],,[],,0.44913433422390875,0.28021768795030877
27,3,1,0.44699999999988904,,13518,"[954, 22]",False,,True,0.0,False,strong,False,[],,[],,0.44913433422390875,0.28021768795030877
28,3,1,0.46299999999996544,,13518,"[954, 26]",False,,True,0.0,False,strong,False,[],,[],,0.4706186111970143,0.2932782795824517
29,3,1,0.4800000000000182,,13518,"[954, 30]",False,,True,0.0,False,strong,False,[],,[],,0.4706186111970143,0.2932782795824517
30,3,1,0.4959999999998672,,13518,"[954, 34]",False,,True,0.0,False,strong,False,[],,[],,0.4878384131889878,0.3187803616882877
31,3,1,0.5119999999999436,,13518,"[954, 38]",False,,True,0.0,False,strong,False,[],,[],,0.4878384131889878,0.3187803616882877
32,3,1,0.5289999999999964,,13518,"[954, 42]",False,,True,0.0,False,strong,False,[],,[],,0.49416637564550747,0.3251360302292713
33,3,1,0.5449999999998454,,13518,"[954, 46]",False,,True,0.0,False,strong,False,[],,[],,0.49416637564550747,0.3251360302292713
34,3,1,0.5619999999998981,,13518,"[954, 50]",False,,True,0.0,False,strong,False,[],,[],,0.4995925120605313,0.3291195999360981
35,3,1,0.5789999999999509,,13518,"[954, 54]",False,,True,0.0,False,strong,False,[],,[],,0.4995925120605313,0.3291195999360981
36,3,1,0.5960000000000036,,13518,"[954, 58]",False,,True,0.0,False,strong,False,[],,[],,0.5011631448314572,0.32915805695675204
37,3,1,0.612999999999829,,13518,"[954, 62]",False,,True,0.0,False,strong,False,[],,[],,0.5011631448314572,0.32915805695675204
38,3,1,0.6299999999998818,,13518,"[954, 66]",False,,True,0.0,False,strong,False,[],,[],,0.5008280504317714,0.3281713224820849
39,3,1,0.6459999999999582,,13518,"[954, 70]",False,,True,0.0,False,strong,False,[],,[],,0.5008280504317714,0.3281713224820849
40,3,1,0.6630000000000109,,13518,"[954, 74]",False,,True,0.0,False,strong,False,[],,[],,0.510383370527759,0.33470234835145285
41,3,1,0.6789999999998599,,13518,"[954, 78]",False,,True,0.0,False,strong,False,[],,[],,0.510383370527759,0.33470234835145285
42,3,1,0.6959999999999127,,13518,"[954, 82]",False,,True,0.0,False,strong,False,[],,[],,0.5621389479943448,0.34297679357336175
43,3,1,0.7119999999999891,,13518,"[954, 86]",False,,True,0.0,False,strong,False,[],,[],,0.5621389479943448,0.34297679357336175
44,3,1,0.7289999999998145,,13518,"[954, 90]",False,,True,0.0,False,strong,False,[],,[],,0.578600171173197,0.3689970517027289
45,3,1,0.7449999999998909,,13518,"[954, 94]",False,,True,0.0,False,strong,False,[],,[],,0.578600171173197,0.3689970517027289
46,3,1,0.7619999999999436,,13518,"[954, 98]",False,,True,0.0,False,strong,False,[],,[],,0.5896387719030856,0.3770874056599397
47,3,1,0.7789999999999964,,13518,"[954, 102]",False,,True,0.0,False,strong,False,[],,[],,0.5896387719030856,0.3770874056599397
48,3,1,0.7959999999998217,,13518,"[954, 106]",False,,True,0.0,False,strong,False,[],,[],,0.5961440750739787,0.38437526819250833
49,3,1,0.8119999999998981,,13518,"[954, 110]",False,,True,0.0,False,strong,False,[],,[],,0.5961440750739787,0.38437526819250833
50,3,1,0.8279999999999745,,13518,"[954, 114]",False,,True,0.0,False,strong,False,[],,[],,0.5837356920954964,0.3895992842930218
51,3,1,0.8450000000000273,,13518,"[954, 118]",False,,True,0.0,False,strong,False,[],,[],,0.5837356920954964,0.3895992842930218
52,3,1,0.8619999999998527,,13518,"[954, 122]",False,,True,0.0,False,strong,False,[],,[],,0.4929611453365165,0.3714500668334054
53,3,1,0.8789999999999054,,13518,"[954, 126]",False,,True,0.0,False,strong,False,[],,[],,0.4929611453365165,0.3714500668334054
54,3,1,0.8959999999999582,,13518,"[954, 130]",False,,True,0.0,False,strong,False,[],,[],,0.48438195032447684,0.3649127743874524
55,3,1,0.9130000000000109,,13518,"[954, 134]",False,,True,0.0,False,strong,False,[],,[],,0.48438195032447684,0.3649127743874524
56,3,1,0.9299999999998363,,13518,"[954, 138]",False,,True,0.0,False,strong,False,[],,[],,0.46419949168295493,0.35951297064976373
57,3,1,0.946999999999889,,13518,"[954, 142]",False,,True,0.0,False,strong,False,[],,[],,0.46419949168295493,0.35951297064976373
58,3,1,0.9629999999999654,,13518,"[954, 146]",False,,True,0.0,False,strong,False,[],,[],,0.4591513480568019,0.3682638183033823
59,3,1,0.9800000000000182,,13518,"[954, 150]",False,,True,0.0,False,strong,False,[],,[],,0.4591513480568019,0.3682638183033823
60,3,1,0.9959999999998672,,13518,"[954, 154]",False,,True,0.0,False,strong,False,[],,[],,0.4608090326832087,0.3601913706509855
61,3,1,1.01299999999992,,13518,"[954, 158]",False,,True,0.0,False,strong,False,[],,[],,0.4608090326832087,0.3601913706509855
62,3,1,1.0289999999999964,,13518,"[954, 162]",False,,True,0.0,False,strong,False,[],,[],,0.46789273508666873,0.3473688620424201
63,3,1,1.0449999999998454,,13518,"[954, 166]",False,,True,0.0,False,strong,False,[],,[],,0.46789273508666873,0.3473688620424201
64,3,1,1.0619999999998981,,13518,"[954, 170]",False,,True,0.0,False,strong,False,[],,[],,0.4703396816806042,0.3374087793326118
65,3,1,1.0779999999999745,,13518,"[954, 174]",False,,True,0.0,False,strong,False,[],,[],,0.4703396816806042,0.3374087793326118
66,3,1,1.0950000000000273,,13518,"[954, 178]",False,,True,0.0,False,strong,False,[],,[],,0.46084896503443185,0.3677066374022613
67,3,1,1.1119999999998527,,13518,"[954, 182]",False,,True,0.0,False,strong,False,[],,[],,0.46084896503443185,0.3677066374022613
68,3,1,1.127999999999929,,13518,"[954, 186]",False,,True,0.0,False,strong,False,[],,[],,0.4585407107801359,0.3676278534484485
69,3,1,1.1440000000000055,,13518,"[954, 190]",False,,True,0.0,False,strong,False,[],,[],,0.4585407107801359,0.3676278534484485
70,3,1,1.1599999999998545,,13518,"[954, 194]",False,,True,0.0,False,strong,False,[],,[],,0.455125356220434,0.3676612324208942
71,3,1,1.1769999999999072,,13518,"[954, 198]",False,,True,0.0,False,strong,False,[],,[],,0.455125356220434,0.3676612324208942
72,3,1,1.1929999999999836,,13518,"[954, 202]",False,,True,0.0,False,strong,False,[],,[],,0.45582414220335654,0.36368713485796744
73,3,1,1.209999999999809,,13518,"[954, 206]",False,,True,0.0,False,strong,False,[],,[],,0.4555125081794017,0.35950879086637266
74,3,1,1.2259999999998854,,13518,"[954, 210]",False,,True,0.0,False,strong,False,[],,[],,0.4545085827256723,0.35447963034248986
75,3,1,1.2429999999999382,,13518,"[954, 214]",False,,True,0.0,False,strong,False,[],,[],,0.45454040291794257,0.35251025796420266
76,3,1,1.259999999999991,,13518,"[954, 218]",False,,True,0.0,False,strong,False,[],,[],,0.4549051029106976,0.3514689669300991
77,3,1,1.27599999999984,,13518,"[954, 222]",False,,True,0.0,False,strong,False,[],,[],,0.4549051029106976,0.3514689669300991
78,3,1,1.2919999999999163,,13518,"[954, 226]",False,,True,0.0,False,strong,False,[],,[],,0.4554325791017787,0.3515001231754147
79,3,1,1.308999999999969,,13518,"[954, 230]",False,,True,0.0,False,strong,False,[],,[],,0.45659160898562,0.35658329079466844
80,3,1,1.324999999999818,,13518,"[954, 234]",False,,True,0.0,False,strong,False,[],,[],,0.45705886401282153,0.36010449551709345
81,3,1,1.3419999999998709,,13518,"[954, 238]",False,,True,0.0,False,strong,False,[],,[],,0.4577090868420849,0.36046534103342465
82,3,1,1.3589999999999236,,13518,"[954, 242]",False,,True,0.0,False,strong,False,[],,[],,0.45880213103083617,0.3622544130331432
83,3,1,1.3759999999999764,,13518,"[954, 246]",False,,True,0.0,False,strong,False,[],,[],,0.45960661905505296,0.36291457879610034
84,3,1,1.3919999999998254,,13518,"[954, 250]",False,,True,0.0,False,strong,False,[],,[],,0.45991708258523545,0.36228289722449947
85,3,1,1.4079999999999018,,13518,"[954, 254]",False,,True,0.0,False,strong,False,[],,[],,0.4598753748013206,0.36053804129861367
86,3,1,1.4249999999999545,,13518,"[954, 258]",False,,True,0.0,False,strong,False,[],,[],,0.4599940862488223,0.35748734738576804
87,3,1,1.441000000000031,,13518,"[954, 262]",False,,True,0.0,False,strong,False,[],,[],,0.45970539593920084,0.3541990160948829
88,3,1,1.45699999999988,,13518,"[954, 266]",False,,True,0.0,False,strong,False,[],,[],,0.45970539593920084,0.3541990160948829
89,3,1,1.4729999999999563,,13518,"[954, 270]",False,,True,0.0,False,strong,False,[],,[],,0.45894295415501213,0.3506416876181615
90,3,1,1.4890000000000327,,13518,"[954, 270]",False,,True,0.0,False,strong,False,[],,[],,0.45894295415501213,0.3506416876181615
91,3,1,1.5090000000000146,,13518,"[954, 270]",False,,True,0.0,False,strong,False,[],,[],,0.4595155916024448,0.3509615907610443
92,3,1,1.52599999999984,,13518,"[954, 270]",False,,True,0.0,False,strong,False,[],,[],,0.46868546506223685,0.330494040027389
93,3,1,1.5429999999998927,,13518,"[954, 270]",False,,True,0.0,False,strong,False,[],,[],,0.47156263786325026,0.31483905895025477
94,3,1,1.558999999999969,,13518,"[954, 270]",False,,True,0.0,False,strong,False,[],,[],,0.4718017530573074,0.31166132892083354
95,3,1,1.5760000000000218,,13518,"[954, 270]",False,,True,0.0,False,strong,False,[],,[],,0.4736979218528801,0.3088414399598365
96,3,1,1.5929999999998472,,13518,"[954, 270]",False,,True,0.0,False,strong,False,[],,[],,0.4748710756056753,0.30377817301062926
97,3,1,1.6099999999999,,13518,"[954, 270]",False,,True,0.0,False,strong,False,[],,[],,0.4779073981535233,0.3018789325108975
98,3,1,1.6269999999999527,,13518,"[954, 270]",False,,True,0.0,False,strong,False,[],,[],,0.4787646096128251,0.3009571374677982
99,3,1,1.643000000000029,,13518,"[954, 270]",False,,True,0.0,False,strong,False,[],,[],,0.4766537262957411,0.30640744529125075
100,3,1,1.6599999999998545,,13518,"[954, 270]",False,,True,0.0,False,strong,False,[],,[],,0.47573344272094886,0.3108361163299024
101,3,1,1.6769999999999072,,13518,"[954, 270]",False,,True,0.0,False,strong,False,[],,[],,0.4753662145957006,0.3157885124443768
102,3,1,1.6929999999999836,,13518,"[954, 270]",False,,True,0.0,False,strong,False,[],,[],,0.47401522780325644,0.3191095481355467
103,3,1,1.709999999999809,,13518,"[954, 270]",False,,True,0.0,False,strong,False,[],,[],,0.4728582093414544,0.3206322404363111
104,3,1,1.7269999999998618,,13518,"[954, 270]",False,,True,0.0,False,strong,False,[],,[],,0.4729410491305309,0.3218980528309222
105,3,1,1.7429999999999382,,13518,"[954, 270]",False,,True,0.0,False,strong,False,[],,[],,0.47350182076887853,0.32122788914263145
106,3,1,1.759999999999991,,13518,"[954, 270]",False,,True,0.0,False,strong,False,[],,[],,0.47408886442190246,0.3210784386251333
107,3,1,1.77599999999984,,13518,"[954, 270]",False,,True,0.0,False,strong,False,[],,[],,0.47496269288352433,0.3213080604462256
108,3,1,1.7919999999999163,,13518,"[954, 270]",False,,True,0.0,False,strong,False,[],,[],,0.47498156978804157,0.322649018072095
109,3,1,1.808999999999969,,13518,"[954, 270]",False,,True,0.0,False,strong,False,[],,[],,0.4748135425883798,0.3251687261542534
110,3,1,1.824999999999818,,13518,"[954, 270]",False,,True,0.0,False,strong,False,[],,[],,0.4748135425883798,0.3251687261542534
111,3,1,1.8419999999998709,,13518,"[954, 270]",False,,True,0.0,False,strong,False,[],,[],,0.47341517733492366,0.32908661221164526
112,3,1,1.8589999999999236,,13518,"[954, 270]",False,,True,0.0,False,strong,False,[],,[],,0.472626423221847,0.3307370076238777
113,3,1,1.875,,13518,"[954, 270]",False,,True,0.0,False,strong,False,[],,[],,0.46326205989062325,0.3180415826607904
114,3,1,1.8919999999998254,,13518,"[954, 270]",False,,True,0.0,False,strong,False,[],,[],,0.46326205989062325,0.3180415826607904
115,3,1,1.9089999999998781,,13518,"[954, 270]",False,,True,0.0,False,strong,False,[],,[],,0.450818920504316,0.28045179700734335
116,3,1,1.9259999999999309,,13518,"[954, 270]",False,,True,0.0,False,strong,False,[],,[],,0.4493646594707686,0.2813579949644299
117,3,1,1.9429999999999836,,13518,"[954, 270]",False,,True,0.0,False,strong,False,[],,[],,0.44636926892939754,0.2816506147925104
118,3,1,1.9589999999998327,,13518,"[954, 270]",False,,True,0.0,False,strong,False,[],,[],,0.4438914298414877,0.287169504070629
119,3,1,1.974999999999909,,13518,"[954, 270]",False,,True,0.0,False,strong,False,[],,[],,0.44076816359919657,0.2988002732550532
120,3,1,1.9909999999999854,,13518,"[954, 270]",False,,True,0.0,False,strong,False,[],,[],,0.44076816359919657,0.2988002732550532
121,3,1,2.007999999999811,,13518,"[954, 270]",False,,True,0.0,False,strong,False,[],,[],,0.4418617433766137,0.2996302640754058
122,3,1,2.0249999999998636,,13518,"[954, 270]",False,,True,0.0,False,strong,False,[],,[],,0.4418617433766137,0.2996302640754058
123,3,1,2.04099999999994,,13518,"[954, 270]",False,,True,0.0,False,strong,False,[],,[],,0.44225547939072074,0.29644939589737385
124,3,1,2.0570000000000164,,13518,"[954, 270]",False,,True,0.0,False,strong,False,[],,[],,0.44225547939072074,0.29644939589737385
125,3,1,2.0739999999998417,,13518,"[954, 270]",False,,True,0.0,False,strong,False,[],,[],,0.4447888672161243,0.28663914374402366
126,3,1,2.089999999999918,,13518,"[954, 270]",False,,True,0.0,False,strong,False,[],,[],,0.4447888672161243,0.28663914374402366
127,3,1,2.1059999999999945,,13518,"[954, 270]",False,,True,0.0,False,strong,False,[],,[],,0.4459964591193543,0.2853800916106707
128,3,1,2.12299999999982,,13518,"[954, 270]",False,,True,0.0,False,strong,False,[],,[],,0.4459964591193543,0.2853800916106707
129,3,1,2.1399999999998727,,13518,"[954, 270]",False,,True,0.0,False,strong,False,[],,[],,0.4470258088036494,0.2819212367542502
130,3,1,2.1569999999999254,,13518,"[954, 270]",False,,True,0.0,False,strong,False,[],,[],,0.4470258088036494,0.2819212367542502
131,3,1,2.173999999999978,,13518,"[954, 270]",False,,True,0.0,False,strong,False,[],,[],,0.44874432425328037,0.2798839666786269
132,3,1,2.189999999999827,,13518,"[954, 270]",False,,True,0.0,False,strong,False,[],,[],,0.44874432425328037,0.2798839666786269
133,3,1,2.2059999999999036,,13518,"[954, 270]",False,,True,0.0,False,strong,False,[],,[],,0.4494207958445041,0.2777306782513572
134,3,1,2.22199999999998,,13518,"[954, 270]",False,,True,0.0,False,strong,False,[],,[],,0.4494207958445041,0.2777306782513572
135,3,1,2.2390000000000327,,13518,"[954, 270]",False,,True,0.0,False,strong,False,[],,[],,0.450608487979376,0.27930638448998635
136,3,1,2.255999999999858,,13518,"[954, 270]",False,,True,0.0,False,strong,False,[],,[],,0.450608487979376,0.27930638448998635
137,3,1,2.2719999999999345,,13518,"[954, 270]",False,,True,0.0,False,strong,False,[],,[],,0.4512397496672681,0.2794271325059593
138,3,1,2.2889999999999873,,13518,"[954, 270]",False,,True,0.0,False,strong,False,[],,[],,0.4512397496672681,0.2794271325059593
139,3,1,2.3049999999998363,,13518,"[954, 270]",False,,True,0.0,False,strong,False,[],,[],,0.450989453179581,0.2805373872860357
140,3,1,2.321999999999889,,13518,"[954, 270]",False,,True,0.0,False,strong,False,[],,[],,0.450989453179581,0.2805373872860357
141,3,1,2.338999999999942,,13518,"[954, 270]",False,,True,0.0,False,strong,False,[],,[],,0.45148239748262436,0.2808831114157826
142,3,1,2.355000000000018,,13518,"[954, 270]",False,,True,0.0,False,strong,False,[],,[],,0.45148239748262436,0.2808831114157826
143,3,1,2.370999999999867,,13518,"[954, 270]",False,,True,0.0,False,strong,False,[],,[],,0.45148342160465393,0.26565803769199525
144,3,1,2.38799999999992,,13518,"[954, 270]",False,,True,0.0,False,strong,False,[],,[],,0.4491515594380015,0.2555724150764509
145,3,1,2.4049999999999727,,13518,"[954, 270]",False,,True,0.0,False,strong,False,[],,[],,0.44903870968385773,0.2526764347071684
146,3,1,2.4220000000000255,,13518,"[954, 270]",False,,True,0.0,False,strong,False,[],,[],,0.44903870968385773,0.2526764347071684
147,3,1,2.439999999999827,,13518,"[954, 270]",False,,True,0.0,False,strong,False,[],,[],,0.44688587076770403,0.24920024617901237
148,3,1,2.45699999999988,,13518,"[954, 270]",False,,True,0.0,False,strong,False,[],,[],,0.44586292021891455,0.2507719973433029
149,3,1,2.4739999999999327,,13518,"[954, 270]",False,,True,0.0,False,strong,False,[],,[],,0.44373875277111374,0.25332858505250955
150,3,1,2.490000000000009,,13518,"[954, 270]",False,,True,0.0,False,strong,False,[],,[],,0.44373875277111374,0.25332858505250955
151,3,1,2.5069999999998345,,13518,"[954, 270]",False,,True,0.0,False,strong,False,[],,[],,0.4384300854010258,0.26878256237615905
152,3,1,2.522999999999911,,13518,"[954, 270]",False,,True,0.0,False,strong,False,"[[864, 810]]",,[],,0.4384300854010258,0.26878256237615905
153,3,1,2.5389999999999873,,13518,"[954, 270]",False,,True,0.0,False,strong,False,"[[864, 804]]",,[],,0.44068981533999685,0.2724013894819799
154,3,1,2.5559999999998126,,13518,"[954, 270]",False,,True,0.0,False,strong,False,"[[864, 798]]",,[],,0.44068981533999685,0.2724013894819799
155,3,1,2.5729999999998654,,13518,"[954, 270]",False,,True,0.0,False,strong,False,"[[864, 792]]",,[],,0.446281074569589,0.26922294684556947
156,3,1,2.589999999999918,,13518,"[954, 270]",False,,True,0.0,False,strong,False,"[[864, 786]]",,[],,0.446281074569589,0.26922294684556947
157,3,1,2.6059999999999945,,13518,"[954, 270]",False,,True,0.0,False,strong,False,"[[864, 780]]",,[],,0.4476213719509373,0.2704838102991005
158,3,1,2.6219999999998436,,13518,"[954, 270]",False,,True,0.0,False,strong,False,"[[864, 774]]",,[],,0.4476213719509373,0.2704838102991005
159,3,1,2.6389999999998963,,13518,"[954, 270]",False,,True,0.0,False,strong,False,"[[864, 768]]",,[],,0.45071898725296755,0.27219515000871186
160,3,1,2.6549999999999727,,13518,"[954, 270]",False,,True,0.0,False,strong,False,"[[864, 762]]",,[],,0.45071898725296755,0.27219515000871186
161,3,1,2.6720000000000255,,13518,"[954, 270]",False,,True,0.0,False,strong,False,"[[864, 756]]",,[],,0.4520396142159435,0.27490660070948847
162,3,1,2.6879999999998745,,13518,"[954, 270]",False,,True,0.0,False,strong,False,"[[864, 750]]",,[],,0.4520396142159435,0.27490660070948847
163,3,1,2.7049999999999272,,13518,"[954, 270]",False,,True,0.0,False,strong,False,"[[864, 744]]",,[],,0.5131761005526951,0.2117043595433734
164,3,1,2.7210000000000036,,13518,"[954, 270]",False,,True,0.0,False,strong,False,"[[864, 738]]",,[],,0.5131761005526951,0.2117043595433734
165,3,1,2.737999999999829,,13518,"[954, 270]",False,,True,0.0,False,strong,False,"[[864, 732]]",,[],,0.5015584592189796,0.18928821201048784
166,3,1,2.7549999999998818,,13518,"[954, 270]",False,,True,0.0,False,strong,False,"[[864, 726]]",,[],,0.5015584592189796,0.18928821201048784
167,3,1,2.7719999999999345,,13518,"[954, 270]",False,,True,0.0,False,strong,False,"[[864, 720]]",,[],,0.5150274439946616,0.2586524444466971
168,3,1,2.788000000000011,,13518,"[954, 270]",False,,True,0.0,False,strong,False,"[[864, 714]]",,[],,0.5150274439946616,0.2586524444466971
169,3,1,2.8059999999998126,,13518,"[954, 270]",False,,True,0.0,False,strong,False,"[[864, 708]]",,[],,0.41050133704218306,0.12737447358926834
170,3,1,2.8229999999998654,,13518,"[954, 270]",False,,True,0.0,False,strong,False,"[[864, 702]]",,[],,0.41050133704218306,0.12737447358926834
171,3,1,2.839999999999918,,13518,"[954, 270]",False,,True,0.0,False,strong,False,"[[864, 696]]",,[],,0.47750398546399964,0.08596679110735372
172,3,1,2.856999999999971,,13518,"[954, 270]",False,,True,0.0,False,strong,False,"[[864, 690]]",,[],,0.47750398546399964,0.08596679110735372
173,3,1,2.8740000000000236,,13518,"[954, 270]",False,,True,0.0,False,strong,False,"[[864, 684]]",,[],,0.42544819616145,0.06098552100658361
174,3,1,2.890999999999849,,13518,"[954, 270]",False,,True,0.0,False,strong,False,"[[864, 678]]",,[],,0.42544819616145,0.06098552100658361
175,3,1,2.9079999999999018,,13518,"[954, 270]",False,,True,0.0,False,strong,False,"[[864, 672]]",,[],,0.4315705460332543,0.3372414128002502
176,3,1,2.9249999999999545,,13518,"[954, 270]",False,,True,0.0,False,strong,False,"[[864, 666]]",,[],,0.4315705460332543,0.3372414128002502
177,3,1,2.941000000000031,,13518,"[954, 270]",False,,True,0.0,False,strong,False,"[[864, 660]]",,[],,0.4647533029357295,0.2783568817159199
178,3,1,2.9579999999998563,,13518,"[954, 270]",False,,True,0.0,False,strong,False,"[[864, 654]]",,[],,0.4647533029357295,0.2783568817159199
179,3,1,2.974999999999909,,13518,"[954, 270]",False,,True,0.0,False,strong,False,"[[864, 648]]",,[],,0.4648288803815559,0.2770870932084569
180,3,1,2.9909999999999854,,13518,"[954, 270]",False,,True,0.0,False,strong,False,"[[864, 642]]",,[],,0.4648288803815559,0.2770870932084569
181,3,1,3.0069999999998345,,13518,"[954, 270]",False,,True,0.0,False,strong,False,"[[864, 636]]",,[],,0.4616666725965013,0.270912536207764
182,3,1,3.0239999999998872,,13518,"[954, 270]",False,,True,0.0,False,strong,False,"[[864, 630], [954, 810]]",,[],,0.4616666725965013,0.270912536207764
183,3,1,3.04099999999994,,13518,"[954, 270]",False,,True,0.0,False,strong,False,"[[864, 624], [954, 804]]",,[],,0.46116349689994224,0.26778466690288794
184,3,1,3.0579999999999927,,13518,"[954, 270]",False,,True,0.0,False,strong,False,"[[864, 618], [954, 798]]",,[],,0.46116349689994224,0.26778466690288794
185,3,1,3.0739999999998417,,13518,"[954, 270]",False,,True,0.0,False,strong,False,"[[864, 612], [954, 792]]",,[],,0.46161259068608124,0.2678853441147039
186,3,1,3.089999999999918,,13518,"[954, 270]",False,,True,0.0,False,strong,False,"[[864, 606], [954, 786]]",,[],,0.4619129736581756,0.2693861239923643
187,3,1,3.1059999999999945,,13518,"[954, 270]",False,,True,0.0,False,strong,False,"[[864, 600], [954, 780]]",,[],,0.4624151765014249,0.27305813764666875
188,3,1,3.1219999999998436,,13518,"[954, 270]",False,,True,0.0,False,strong,False,"[[864, 594], [954, 774]]",,[],,0.4624151765014249,0.27305813764666875
189,3,1,3.13799999999992,,13518,"[954, 270]",False,,True,0.0,False,strong,False,"[[864, 588], [954, 768]]",,[],,0.4624213400730489,0.2788159343645914
190,3,1,3.1549999999999727,,13518,"[954, 270]",False,,True,0.0,False,strong,False,"[[864, 582], [954, 762]]",,[],,0.4627583765513232,0.28374984277260595
191,3,1,3.1720000000000255,,13518,"[954, 270]",False,,True,0.0,False,strong,False,"[[864, 576], [954, 756]]",,[],,0.4619021814870686,0.29138043423830884
192,3,1,3.188999999999851,,13518,"[954, 270]",False,,True,0.0,False,strong,False,"[[864, 570], [954, 750]]",,[],,0.4609917826099588,0.2946490536886953
193,3,1,3.2059999999999036,,13518,"[954, 270]",False,,True,0.0,False,strong,False,"[[864, 564], [954, 744]]",,[],,0.45988969519051526,0.30311976841800403
194,3,1,3.22199999999998,,13518,"[954, 270]",False,,True,0.0,False,strong,False,"[[864, 558], [954, 738]]",,[],,0.45988969519051526,0.30311976841800403
195,3,1,3.2390000000000327,,13518,"[954, 270]",False,,True,0.0,False,strong,False,"[[864, 552], [954, 732]]",,[],,0.4588434117098618,0.3074114156672546
196,3,1,3.255999999999858,,13518,"[954, 270]",False,,True,0.0,False,strong,False,"[[864, 546], [954, 726]]",,[],,0.4579779560601033,0.310572036714885
197,3,1,3.2719999999999345,,13518,"[954, 270]",False,,True,0.0,False,strong,False,"[[864, 540], [954, 720]]",,[],,0.4558203308748284,0.3102398755775033
198,3,1,3.2889999999999873,,13518,"[954, 270]",False,,True,0.0,False,strong,False,"[[864, 534], [954, 714]]",,[],,0.4558203308748284,0.3102398755775033
199,3,1,3.3049999999998363,,13518,"[954, 270]",False,,True,0.0,False,strong,False,"[[864, 528], [954, 708]]",,[],,0.4417208958630702,0.27711787865443616
200,3,1,3.3209999999999127,,13518,"[954, 270]",False,,True,0.0,False,strong,False,"[[864, 522], [954, 702]]",,[],,0.4416073815797004,0.27679179227662287
201,3,1,3.3379999999999654,,13518,"[954, 270]",False,,True,0.0,False,strong,False,"[[864, 516], [954, 696]]",,[],,0.4409325248656235,0.2739179231859684
202,3,1,3.355000000000018,,13518,"[954, 270]",False,,True,0.0,False,strong,False,"[[864, 510], [954, 690]]",,[],,0.43864555067477184,0.2723353355434729
203,3,1,3.370999999999867,,13518,"[954, 270]",False,,True,0.0,False,strong,False,"[[864, 504], [954, 684]]",,[],,0.4368626199250847,0.2667801008396582
204,3,1,3.3869999999999436,,13518,"[954, 270]",False,,True,0.0,False,strong,False,"[[864, 498], [954, 678]]",,[],,0.43577871527775064,0.26427267498934337
205,3,1,3.40300000000002,,13518,"[954, 270]",False,,True,0.0,False,strong,False,"[[864, 492], [954, 672]]",,[],,0.43678265779692643,0.2637326250425843
206,3,1,3.418999999999869,,13518,"[954, 270]",False,,True,0.0,False,strong,False,"[[864, 486], [954, 666]]",,[],,0.43473653178722377,0.26360437950767435
207,3,1,3.435999999999922,,13518,"[954, 270]",False,,True,0.0,False,strong,False,"[[864, 480], [954, 660]]",,[],,0.4344989447367686,0.26092069821845554
208,3,1,3.4529999999999745,,13518,"[954, 270]",False,,True,0.0,False,strong,False,"[[864, 474], [954, 654]]",,[],,0.43375564945670675,0.2595953709762321
209,3,1,3.4700000000000273,,13518,"[954, 270]",False,,True,0.0,False,strong,False,"[[864, 468], [954, 648]]",,[],,0.43167492760468873,0.2663445124523117
210,3,1,3.4869999999998527,,13518,"[954, 270]",False,,True,0.0,False,strong,False,"[[864, 462], [954, 642]]",,[],,0.43167492760468873,0.2663445124523117
211,3,1,3.502999999999929,,13518,"[954, 270]",False,,True,0.0,False,strong,False,"[[864, 456], [954, 636]]",,[],,0.4310111649308399,0.2712255026547641
212,3,1,3.519999999999982,,13518,"[954, 270]",False,,True,0.0,False,strong,False,"[[864, 450], [954, 630]]",,[],,0.4312059136094118,0.2884530748909404
213,3,1,3.5370000000000346,,13518,"[954, 270]",False,,True,0.0,False,strong,False,"[[864, 444], [954, 624]]",,[],,0.4318064621622206,0.292866914625488
214,3,1,3.55399999999986,,13518,"[954, 270]",False,,True,0.0,False,strong,False,"[[864, 438], [954, 618]]",,[],,0.43289082962991987,0.2976803026557969
215,3,1,3.5699999999999363,,13518,"[954, 270]",False,,True,0.0,False,strong,False,"[[864, 432], [954, 612]]",,[],,0.4347009050715064,0.3039242835173894
216,3,1,3.586999999999989,,13518,"[954, 270]",False,,True,0.0,False,strong,False,"[[864, 426], [954, 606]]",,[],,0.4354507701361648,0.3065657376141804
217,3,1,3.605000000000018,,13518,"[954, 270]",False,,True,0.0,False,strong,False,"[[864, 420], [954, 600]]",,[],,0.4359677832676553,0.31045258485888705
218,3,1,3.6219999999998436,,13518,"[954, 270]",False,,True,0.0,False,strong,False,"[[864, 414], [954, 594]]",,[],,0.43554110762117515,0.3133188593124888
219,3,1,3.63799999999992,,13518,"[954, 270]",False,,True,0.0,False,strong,False,"[[864, 408], [954, 588]]",,[],,0.43633176982648336,0.3132620387029923
220,3,1,3.655999999999949,,13518,"[954, 270]",False,Right,True,0.0,False,strong,False,"[[864, 402], [954, 582]]",,[],,0.43618705683006087,0.3131322484767797
221,3,1,3.6709999999998217,,13518,"[954, 270]",False,Right,True,0.0,False,strong,False,"[[858, 396], [948, 576]]",,[],,0.4358449550640066,0.31340400764689413
222,3,1,3.686999999999898,,13518,"[954, 270]",False,Right,True,0.0,False,strong,False,"[[852, 390], [942, 570]]",,[],,0.4351345821044387,0.3113844599167659
223,3,1,3.7029999999999745,,13518,"[954, 270]",False,Right,True,0.0,False,strong,False,"[[846, 384], [936, 564]]",,[],,0.4348173279977482,0.3107668739434749
224,3,1,3.7200000000000273,,13518,"[954, 270]",False,Right,True,0.0,False,strong,False,"[[840, 378], [930, 558]]",,[],,0.43720806004777424,0.30482796656939937
225,3,1,3.7359999999998763,,13518,"[954, 270]",False,Right,True,0.0,False,strong,False,"[[834, 372], [924, 552]]",,[],,0.43709007098421093,0.30408207285322775
226,3,1,3.752999999999929,,13518,"[954, 270]",False,Right,True,0.0,False,strong,False,"[[828, 366], [918, 546]]",,[],,0.43892369821528343,0.30221034663906765
227,3,1,3.769999999999982,,13518,"[954, 270]",False,Right,True,0.0,False,strong,False,"[[822, 360], [912, 540]]",,[],,0.43944840115460393,0.3029284820254059
228,3,1,3.7870000000000346,,13518,"[954, 270]",False,Right,True,0.0,False,strong,False,"[[816, 354], [906, 534]]",,[],,0.4411778503614257,0.30638098923952994
229,3,1,3.80399999999986,,13518,"[954, 270]",False,Right,True,0.0,False,strong,False,"[[810, 348], [900, 528]]",,[],,0.44133778227128956,0.30811113098763854
230,3,1,3.8209999999999127,,13518,"[954, 270]",False,Right,True,0.0,False,strong,False,"[[804, 342], [894, 522]]",,[],,0.4421930612245889,0.3084163574557899
231,3,1,3.8379999999999654,,13518,"[954, 270]",False,Right,True,0.0,False,strong,False,"[[798, 336], [888, 516]]",,[],,0.4419149135701071,0.30968710205946415
232,3,1,3.855000000000018,,13518,"[954, 270]",False,Right,True,0.0,False,strong,False,"[[792, 330], [882, 510]]",,[],,0.44198122804473383,0.30996091845967244
233,3,1,3.870999999999867,,13518,"[954, 270]",False,Right,True,0.0,False,strong,False,"[[786, 324], [876, 504]]",,[],,0.44180067913052384,0.31035728695057274
234,3,1,3.8889999999998963,,13518,"[954, 270]",False,Right,True,0.0,False,strong,False,"[[780, 318], [870, 498]]",,[],,0.44076234167762457,0.30723919028027
235,3,1,3.9049999999999727,,13518,"[954, 270]",False,Right,True,0.0,False,strong,False,"[[774, 312], [864, 492]]",,[],,0.440737303014085,0.3059693403716125
236,3,1,3.9220000000000255,,13518,"[954, 270]",False,Right,True,0.0,False,strong,False,"[[768, 306], [858, 486]]",,[],,0.4406404547471917,0.3058737715551261
237,3,1,3.938999999999851,,13518,"[954, 270]",False,Right,True,0.0,False,strong,False,"[[762, 300], [852, 480]]",,[],,0.44049849385546763,0.30478751039491003
238,3,1,3.9549999999999272,,13518,"[954, 270]",False,Right,True,0.0,False,strong,False,"[[756, 294], [846, 474]]",,[],,0.44139639677691306,0.3039338950408307
239,3,1,3.97199999999998,,13518,"[954, 270]",False,Right,True,0.0,False,strong,False,"[[750, 288], [840, 468]]",,[],,0.4412556452801296,0.30406704488752645
240,3,1,3.987999999999829,,13518,"[954, 270]",False,Right,True,0.0,False,strong,False,"[[744, 282], [834, 462]]",,[],,0.44134628116607466,0.304363413413123
241,3,1,4.004999999999882,,13518,"[954, 270]",False,,True,0.0,False,strong,False,"[[738, 276], [828, 456]]",,[],,0.4412956690681041,0.3047531961311196
242,3,1,4.019999999999982,,13518,"[954, 270]",False,,True,0.0,False,strong,False,"[[738, 270], [828, 450], [612, 810]]",,[],,0.4424114967603293,0.30682438288444236
243,3,1,4.037000000000035,,13518,"[954, 270]",False,,True,0.0,False,strong,False,"[[738, 264], [828, 444], [612, 804]]",,[],,0.4424114967603293,0.30682438288444236
244,3,1,4.05399999999986,,13518,"[954, 270]",False,,True,0.0,False,strong,False,"[[738, 258], [828, 438], [612, 798]]",,[],,0.44371041777568393,0.31042514703064816
245,3,1,4.070999999999913,,13518,"[954, 270]",False,,True,0.0,False,strong,False,"[[738, 252], [828, 432], [612, 792]]",,[],,0.4441268737309045,0.31152413353977104
246,3,1,4.086999999999989,,13518,"[954, 270]",False,,True,0.0,False,strong,False,"[[738, 246], [828, 426], [612, 786]]",,[],,0.4447513906517887,0.31315455820489846
247,3,1,4.1039999999998145,,13518,"[954, 270]",False,,True,0.0,False,strong,False,"[[738, 240], [828, 420], [612, 780]]",,[],,0.44488520270775245,0.3134877365455192
248,3,1,4.120999999999867,,13518,"[954, 270]",False,,True,0.0,False,strong,False,"[[738, 234], [828, 414], [612, 774], [792, 810]]",,[],,0.443885321095958,0.31378232896679914
249,3,1,4.136999999999944,,13518,"[954, 270]",False,,True,0.0,False,strong,False,"[[738, 228], [828, 408], [612, 768], [792, 804]]",,[],,0.443885321095958,0.31378232896679914
250,3,1,4.15300000000002,,13518,"[954, 270]",False,,True,0.0,False,strong,False,"[[738, 222], [828, 402], [612, 762], [792, 798]]",,[],,0.442997751011838,0.31548179117068087
251,3,1,4.169999999999845,,13518,"[954, 270]",False,Left,True,0.0,False,strong,False,"[[738, 216], [828, 396], [612, 756], [792, 792]]",,[],,0.44306907688691527,0.31560900463898767
252,3,1,4.1879999999998745,,13518,"[954, 270]",False,Left,True,0.0,False,strong,False,"[[744, 210], [834, 390], [618, 750], [798, 786]]",,[],,0.4429942066097562,0.3148392060045081
253,3,1,4.2029999999999745,,13518,"[954, 270]",False,Left,True,0.0,False,strong,False,"[[750, 204], [840, 384], [624, 744], [804, 780]]",,[],,0.4429942066097562,0.3148392060045081
254,3,1,4.218999999999824,,13518,"[954, 270]",False,Left,True,0.0,False,strong,False,"[[756, 198], [846, 378], [630, 738], [810, 774]]",,[],,0.4420049586637429,0.31615999457382193
255,3,1,4.235999999999876,,13518,"[954, 270]",False,Left,True,0.0,False,strong,False,"[[762, 192], [852, 372], [636, 732], [816, 768]]",,[],,0.4420049586637429,0.31615999457382193
256,3,1,4.252999999999929,,13518,"[954, 270]",False,Left,True,0.0,False,strong,False,"[[768, 186], [858, 366], [642, 726], [822, 762]]",,[],,0.4418005512999163,0.31747179946375836
257,3,1,4.269999999999982,,13518,"[954, 270]",False,Left,True,0.0,False,strong,False,"[[774, 180], [864, 360], [648, 720], [828, 756]]",,[],,0.44187637509392375,0.3177959983095193
258,3,1,4.285999999999831,,13518,"[954, 270]",False,Left,True,0.0,False,strong,False,"[[780, 174], [870, 354], [654, 714], [834, 750]]",,[],,0.4414516761647792,0.31965152041538514
259,3,1,4.301999999999907,,13518,"[954, 270]",False,Left,True,0.0,False,strong,False,"[[786, 168], [876, 348], [660, 708], [840, 744]]",,[],,0.4414516761647792,0.31965152041538514
260,3,1,4.31899999999996,,13518,"[954, 270]",False,Left,True,0.0,False,strong,False,"[[792, 162], [882, 342], [666, 702], [846, 738]]",,[],,0.4203212206283191,0.27063856108015927
261,3,1,4.336000000000013,,13518,"[954, 270]",False,Left,True,0.0,False,strong,False,"[[798, 156], [888, 336], [672, 696], [852, 732]]",,[],,0.4203212206283191,0.27063856108015927
262,3,1,4.352999999999838,,13518,"[954, 270]",False,,True,0.0,False,strong,False,"[[804, 150], [894, 330], [678, 690], [858, 726]]",,[],,0.4201948988086669,0.2601679246062387
263,3,1,4.369999999999891,,13518,"[954, 270]",False,,True,0.0,False,strong,False,"[[804, 144], [894, 324], [678, 684], [858, 720]]",,[],,0.4201227994606146,0.2583924649806414
264,3,1,4.385999999999967,,13518,"[954, 270]",False,,True,0.0,False,strong,False,"[[804, 138], [894, 318], [678, 678], [858, 714]]",,[],,0.41833654519575153,0.2594731708185347
265,3,1,4.40300000000002,,13518,"[954, 270]",False,,True,0.0,False,strong,False,"[[804, 132], [894, 312], [678, 672], [858, 708]]",,[],,0.41833654519575153,0.2594731708185347
266,3,1,4.419999999999845,,13518,"[954, 270]",False,,True,0.0,False,strong,False,"[[804, 126], [894, 306], [678, 666], [858, 702]]",,[],,0.4225455058906838,0.26020555297811476
267,3,1,4.436999999999898,,13518,"[954, 270]",False,,True,0.0,False,strong,False,"[[804, 120], [894, 300], [678, 660], [858, 696]]",,[],,0.4225455058906838,0.26020555297811476
268,3,1,4.4529999999999745,,13518,"[954, 270]",False,,True,0.0,False,strong,False,"[[804, 114], [894, 294], [678, 654], [858, 690]]",,"[[1356, 810]]",,0.42283474990552394,0.26902332734430134
269,3,1,4.470000000000027,,13518,"[954, 270]",False,,True,0.0,False,strong,False,"[[804, 108], [894, 288], [678, 648], [858, 684]]",,"[[1356, 804]]",,0.42283474990552394,0.26902332734430134
270,3,1,4.486999999999853,,13518,"[954, 270]",False,,True,0.0,False,strong,False,"[[804, 102], [894, 282], [678, 642], [858, 678]]",,"[[1356, 798]]",,0.42267716670078304,0.27571982910604054
271,3,1,4.502999999999929,,13518,"[954, 270]",False,,True,0.0,False,strong,False,"[[804, 96], [894, 276], [678, 636], [858, 672]]",,"[[1356, 792]]",,0.42267716670078304,0.27571982910604054
272,3,1,4.519999999999982,,13518,"[954, 270]",False,,True,0.0,False,strong,False,"[[804, 90], [894, 270], [678, 630], [858, 666]]",,"[[1356, 786]]",,0.4328992791376402,0.28528520429114734
273,3,1,4.535999999999831,,13518,"[954, 270]",False,,True,0.0,False,strong,False,"[[804, 84], [894, 264], [678, 624], [858, 660]]",,"[[1356, 780]]",,0.4328992791376402,0.28528520429114734
274,3,1,4.551999999999907,,13518,"[954, 270]",False,,True,0.0,False,strong,False,"[[804, 78], [894, 258], [678, 618], [858, 654]]",,"[[1356, 774]]",,0.43718731687911416,0.29444016059041667
275,3,1,4.56899999999996,,13518,"[954, 270]",False,Right,True,0.0,False,strong,False,"[[804, 72], [894, 252], [678, 612], [858, 648]]",,"[[1350, 768]]",,0.43718731687911416,0.29444016059041667
276,3,1,4.584999999999809,,13518,"[954, 270]",False,Right,True,0.0,False,strong,False,"[[798, 66], [888, 246], [672, 606], [852, 642]]",,"[[1344, 762]]",,0.4392789223611192,0.29738738885565674
277,3,1,4.600999999999885,,13518,"[954, 270]",False,Right,True,0.0,False,strong,False,"[[792, 60], [882, 240], [666, 600], [846, 636]]",,"[[1338, 756]]",,0.4392789223611192,0.29738738885565674
278,3,1,4.617999999999938,,13518,"[954, 270]",False,Right,True,0.0,False,strong,False,"[[786, 54], [876, 234], [660, 594], [840, 630]]",,"[[1332, 750]]",,0.4401283175998059,0.2983113851444671
279,3,1,4.634999999999991,,13518,"[954, 270]",False,Right,True,0.0,False,strong,False,"[[780, 48], [870, 228], [654, 588], [834, 624]]",,"[[1326, 744]]",,0.4401283175998059,0.2983113851444671
280,3,1,4.65099999999984,,13518,"[954, 270]",False,Right,True,0.0,False,strong,False,"[[774, 42], [864, 222], [648, 582], [828, 618]]",,"[[1320, 738]]",,0.44056255788454635,0.29746020570685816
281,3,1,4.666999999999916,,13518,"[954, 270]",False,Right,True,0.0,False,strong,False,"[[768, 36], [858, 216], [642, 576], [822, 612]]",,"[[1314, 732]]",,0.44056255788454635,0.29746020570685816
282,3,1,4.682999999999993,,13518,"[954, 270]",False,Right,True,0.0,False,strong,False,"[[762, 30], [852, 210], [636, 570], [816, 606]]",,"[[1308, 726]]",,0.440469963469174,0.2979072291467658
283,3,1,4.699999999999818,,13518,"[954, 270]",False,Right,True,0.0,False,strong,False,"[[756, 24], [846, 204], [630, 564], [810, 600]]",,"[[1302, 720]]",,0.440469963469174,0.2979072291467658
284,3,1,4.7159999999998945,,13518,"[954, 270]",False,Right,True,0.0,False,strong,False,"[[750, 18], [840, 198], [624, 558], [804, 594]]",,"[[1296, 714]]",,0.4398953243827183,0.30016747880309824
285,3,1,4.732999999999947,,13518,"[954, 270]",False,Right,True,0.0,False,strong,False,"[[744, 12], [834, 192], [618, 552], [798, 588]]",,"[[1290, 708]]",,0.4398953243827183,0.30016747880309824
286,3,1,4.751999999999953,,13518,"[954, 270]",False,,True,0.0,False,strong,False,"[[738, 6], [828, 186], [612, 546], [792, 582]]",,"[[1290, 702]]",,0.43972285387022847,0.30123220773822734
287,3,1,4.766999999999825,,13518,"[954, 270]",False,,True,0.0,False,strong,False,"[[738, 0], [828, 180], [612, 540], [792, 576]]",,"[[1290, 696]]",,0.43972285387022847,0.30123220773822734
288,3,1,4.781999999999925,,13518,"[954, 270]",False,,True,0.0,False,strong,False,"[[828, 174], [612, 534], [792, 570]]",,"[[1290, 690]]",,0.4396719494853848,0.3032939099668135
289,3,1,4.798000000000002,,13518,"[954, 270]",False,,True,0.0,False,strong,False,"[[828, 168], [612, 528], [792, 564]]",,"[[1290, 684]]",,0.4396719494853848,0.3032939099668135
290,3,1,4.814999999999827,,13518,"[954, 270]",False,Left,True,0.0,False,strong,False,"[[828, 162], [612, 522], [792, 558]]",,"[[1296, 678]]",,0.4408363494342827,0.3055852781652486
291,3,1,4.83199999999988,,13518,"[954, 270]",False,Left,True,0.0,False,strong,False,"[[834, 156], [618, 516], [798, 552]]",,"[[1302, 672]]",,0.4408363494342827,0.3055852781652486
292,3,1,4.847999999999956,,13518,"[954, 270]",False,Left,True,0.0,False,strong,False,"[[840, 150], [624, 510], [804, 546]]",,"[[1308, 666]]",,0.44065172971782224,0.3068208308875129
293,3,1,4.865000000000009,,13518,"[954, 270]",False,Left,True,0.0,False,strong,False,"[[846, 144], [630, 504], [810, 540]]",,"[[1314, 660]]",,0.44065172971782224,0.3068208308875129
294,3,1,4.880999999999858,,13518,"[954, 270]",False,Left,True,0.0,False,strong,False,"[[852, 138], [636, 498], [816, 534]]",,"[[1320, 654]]",,0.4408278501616144,0.3088053567933846
295,3,1,4.8969999999999345,,13518,"[954, 270]",False,Left,True,0.0,False,strong,False,"[[858, 132], [642, 492], [822, 528]]",,"[[1326, 648]]",,0.4408278501616144,0.3088053567933846
296,3,1,4.914999999999964,,13518,"[954, 270]",False,Left,True,0.0,False,strong,False,"[[864, 126], [648, 486], [828, 522]]",,"[[1332, 642]]",,0.4399725594724762,0.31043751073025705
297,3,1,4.932000000000016,,13518,"[954, 270]",False,Left,True,0.0,False,strong,False,"[[870, 120], [654, 480], [834, 516]]",,"[[1338, 636]]",,0.38048088266645036,0.31858569042443363
298,3,1,4.948999999999842,,13518,"[954, 270]",False,Left,True,0.0,False,strong,False,"[[876, 114], [660, 474], [840, 510]]",,"[[1344, 630]]",,0.4409050650170176,0.3001272040015355
299,3,1,4.9659999999998945,,13518,"[954, 270]",False,Left,True,0.0,False,strong,False,"[[882, 108], [666, 468], [846, 504]]",,"[[1350, 624]]",,0.4409050650170176,0.3001272040015355
300,3,1,4.981999999999971,,13518,"[954, 270]",False,Left,True,0.0,False,strong,False,"[[888, 102], [672, 462], [852, 498]]",,"[[1356, 618]]",,0.4431052131878571,0.2834324039603663
301,3,1,4.99799999999982,,13518,"[954, 270]",False,,True,0.0,False,strong,False,"[[894, 96], [678, 456], [858, 492]]",,"[[1356, 612]]",,0.4431052131878571,0.2834324039603663
302,3,1,5.014999999999873,,13518,"[954, 270]",False,,True,0.0,False,strong,False,"[[894, 90], [678, 450], [858, 486]]",,"[[1356, 606]]",,0.4458293180638636,0.2838190150550196
303,3,1,5.030999999999949,,13518,"[954, 270]",False,,True,0.0,False,strong,False,"[[894, 84], [678, 444], [858, 480]]",,"[[1356, 600]]",,0.4461747000447612,0.28392495468119283
304,3,1,5.048000000000002,,13518,"[954, 270]",False,,True,0.0,False,strong,False,"[[894, 78], [678, 438], [858, 474]]",,"[[1356, 594]]",,0.4474483296762816,0.2847855296564946
305,3,1,5.064999999999827,,13518,"[954, 270]",False,,True,0.0,False,strong,False,"[[894, 72], [678, 432], [858, 468]]",,"[[1356, 588]]",,0.44756207699825445,0.2858946994878492
306,3,1,5.080999999999904,,13518,"[954, 270]",False,,True,0.0,False,strong,False,"[[894, 66], [678, 426], [858, 462]]",,"[[1356, 582]]",,0.4475370331116628,0.28549752625422764
307,3,1,5.097999999999956,,13518,"[954, 270]",False,,True,0.0,False,strong,False,"[[894, 60], [678, 420], [858, 456]]",,"[[1356, 576]]",,0.4475370331116628,0.28549752625422764
308,3,1,5.114000000000033,,13518,"[954, 270]",False,,True,0.0,False,strong,False,"[[894, 54], [678, 414], [858, 450]]",,"[[1356, 570]]",,0.4471829638574996,0.2864388040975143
309,3,1,5.129999999999882,,13518,"[954, 270]",False,,True,0.0,False,strong,False,"[[894, 48], [678, 408], [858, 444]]",,"[[1356, 564]]",,0.4469865540829773,0.28776356260026337
310,3,1,5.147999999999911,,13518,"[954, 270]",False,Right,True,0.0,False,strong,False,"[[894, 42], [678, 402], [858, 438]]",,"[[1350, 558]]",,0.44739832931300166,0.28845610031217006
311,3,1,5.163000000000011,,13518,"[954, 270]",False,Right,True,0.0,False,strong,False,"[[888, 36], [672, 396], [852, 432]]",,"[[1344, 552]]",,0.4474994302671898,0.28937724208717086
312,3,1,5.17899999999986,,13518,"[954, 270]",False,Right,True,0.0,False,strong,False,"[[882, 30], [666, 390], [846, 426]]",,"[[1338, 546]]",,0.44732433524926024,0.28915504603861875
313,3,1,5.195999999999913,,13518,"[954, 270]",False,Right,True,0.0,False,strong,False,"[[876, 24], [660, 384], [840, 420]]",,"[[1332, 540]]",,0.4468174684641354,0.28986703686938153
314,3,1,5.211999999999989,,13518,"[954, 270]",False,Right,True,0.0,False,strong,False,"[[870, 18], [654, 378], [834, 414]]",,"[[1326, 534]]",,0.4468925085990179,0.2899335179965338
315,3,1,5.2289999999998145,,13518,"[954, 270]",False,Right,True,0.0,False,strong,False,"[[864, 12], [648, 372], [828, 408]]",,"[[1320, 528]]",,0.4470027927643148,0.29165538146886394
316,3,1,5.245999999999867,,13518,"[954, 270]",False,Right,True,0.0,False,strong,False,"[[858, 6], [642, 366], [822, 402]]",,"[[1314, 522]]",,0.4467723189673841,0.2924359013901261
317,3,1,5.26299999999992,,13518,"[954, 270]",False,Right,True,0.0,False,strong,False,"[[852, 0], [636, 360], [816, 396]]",,"[[1308, 516]]",,0.4535186691244034,0.3231168059495332
318,3,1,5.278999999999996,,13518,"[954, 270]",False,Right,True,0.0,False,strong,False,"[[630, 354], [810, 390]]",,"[[1302, 510]]",,0.44769826511387245,0.2952604674271433
319,3,1,5.295999999999822,,13518,"[954, 270]",False,Right,True,0.0,False,strong,False,"[[624, 348], [804, 384]]",,"[[1296, 504]]",,0.4482884082794808,0.2978548410631855
320,3,1,5.3129999999998745,,13518,"[954, 270]",False,Right,True,0.0,False,strong,False,"[[618, 342], [798, 378]]",,"[[1290, 498]]",,0.4486565043091237,0.2995551497275739
321,3,1,5.329999999999927,,13518,"[954, 270]",False,Right,True,0.0,False,strong,False,"[[612, 336], [792, 372]]",,"[[1284, 492]]",,0.4482223913667308,0.29981966701099494
322,3,1,5.34699999999998,,13518,"[954, 270]",False,Right,True,0.0,False,strong,False,"[[606, 330], [786, 366]]",,"[[1278, 486]]",,0.448441254785312,0.30169897271011115
323,3,1,5.362999999999829,,13518,"[954, 270]",False,Right,True,0.0,False,strong,False,"[[600, 324], [780, 360]]",,"[[1272, 480]]",,0.44868735964441486,0.30269254157101955
324,3,1,5.379999999999882,,13518,"[954, 270]",False,,True,0.0,False,strong,False,"[[594, 318], [774, 354]]",,"[[1272, 474]]",,0.4486968071415028,0.3033357875315398
325,3,1,5.395999999999958,,13518,"[954, 270]",False,,True,0.0,False,strong,False,"[[594, 312], [774, 348]]",,"[[1272, 468]]",,0.4488501554496486,0.3048721532362453
326,3,1,5.413000000000011,,13518,"[954, 270]",False,,True,0.0,False,strong,False,"[[594, 306], [774, 342]]",,"[[1272, 462]]",,0.44916842805628365,0.30654336892449807
327,3,1,5.429999999999836,,13518,"[954, 270]",False,,True,0.0,False,strong,False,"[[594, 300], [774, 336]]",,"[[1272, 456]]",,0.4495837778601973,0.3075494716483763
328,3,1,5.446999999999889,,13518,"[954, 270]",False,,True,0.0,False,strong,False,"[[594, 294], [774, 330]]",,"[[1272, 450]]",,0.44959888383323443,0.30764613375361205
329,3,1,5.462999999999965,,13518,"[954, 270]",False,,True,0.0,False,strong,False,"[[594, 288], [774, 324]]",,"[[1272, 444]]",,0.4492766485169756,0.3094844054325756
330,3,1,5.480000000000018,,13518,"[954, 270]",False,,True,0.0,False,strong,False,"[[594, 282], [774, 318]]",,"[[1272, 438]]",,0.44942592774085366,0.31009795282699215
331,3,1,5.496999999999844,,13518,"[954, 270]",False,,True,0.0,False,strong,False,"[[594, 276], [774, 312]]",,"[[1272, 432]]",,0.4489147829915985,0.3109956458364225
332,3,1,5.51299999999992,,13518,"[954, 270]",False,,True,0.0,False,strong,False,"[[594, 270], [774, 306]]",,"[[1272, 426]]",,0.448176516881239,0.3115517036908423
333,3,1,5.529999999999973,,13518,"[954, 270]",False,,True,0.0,False,strong,False,"[[594, 264], [774, 300]]",,"[[1272, 420]]",,0.44709691135090174,0.3114527858879902
334,3,1,5.5470000000000255,,13518,"[954, 270]",False,,True,0.0,False,strong,False,"[[594, 258], [774, 294]]",,"[[1272, 414]]",,0.44711156148627423,0.31142854480528426
335,3,1,5.5629999999998745,,13518,"[954, 270]",False,,True,0.0,False,strong,False,"[[594, 252], [774, 288]]",,"[[1272, 408]]",,0.44496310592013505,0.31181814545444375
336,3,1,5.579999999999927,,13518,"[954, 270]",False,,True,0.0,False,strong,False,"[[594, 246], [774, 282]]",,"[[1272, 402]]",,0.4443361024461855,0.3113167851844475
337,3,1,5.596000000000004,,13518,"[954, 270]",False,,True,0.0,False,strong,False,"[[594, 240], [774, 276]]",,"[[1272, 396]]",,0.44409434403918924,0.3098891486226294
338,3,1,5.612999999999829,,13518,"[954, 270]",False,,True,0.0,False,strong,False,"[[594, 234], [774, 270]]",,"[[1272, 390]]",,0.4404289854162088,0.29580761111156617
339,3,1,5.629999999999882,,13518,"[954, 270]",False,,True,0.0,False,strong,False,"[[594, 228], [774, 264]]",,"[[1272, 384]]",,0.4386175986425701,0.2794379274009845
340,3,1,5.647999999999911,,13518,"[954, 270]",False,Right,True,0.0,False,strong,False,"[[594, 222], [774, 258]]",,"[[1266, 378]]",,0.43868106002919377,0.27749927535181795
341,3,1,5.663999999999987,,13518,"[954, 270]",False,Right,True,0.0,False,strong,False,"[[588, 216], [768, 252]]",,"[[1260, 372]]",,0.4395723257458079,0.2732308260681797
342,3,1,5.679999999999836,,13518,"[954, 270]",False,Right,True,0.0,False,strong,False,"[[582, 210], [762, 246]]",,"[[1254, 366]]",,0.4406807086641603,0.271811841002759
343,3,1,5.696999999999889,,13518,"[954, 270]",False,Right,True,0.0,False,strong,False,"[[576, 204], [756, 240]]",,"[[1248, 360]]",,0.4418575043093293,0.26990463334983905
344,3,1,5.711999999999989,,13518,"[954, 270]",False,Right,True,0.0,False,strong,False,"[[570, 198], [750, 234], [930, 810]]",,"[[1242, 354]]",,0.4418575043093293,0.26990463334983905
345,3,1,5.7289999999998145,,13518,"[954, 270]",False,Right,True,0.0,False,strong,False,"[[564, 192], [744, 228], [924, 804]]",,"[[1236, 348]]",,0.4454623541466309,0.27330454980000396
346,3,1,5.745999999999867,,13518,"[954, 270]",False,Right,True,0.0,False,strong,False,"[[558, 186], [738, 222], [918, 798]]",,"[[1230, 342]]",,0.44586853461473835,0.27398744139764564
347,3,1,5.761999999999944,,13518,"[954, 270]",False,Right,True,0.0,False,strong,False,"[[552, 180], [732, 216], [912, 792]]",,"[[1224, 336]]",,0.4460881077082915,0.27583805190330013
348,3,1,5.778999999999996,,13518,"[954, 270]",False,Right,True,0.0,False,strong,False,"[[546, 174], [726, 210], [906, 786]]",,"[[1218, 330]]",,0.4459382182870165,0.27718045872641595
349,3,1,5.7970000000000255,,13518,"[954, 270]",False,,True,0.0,False,strong,False,"[[540, 168], [720, 204], [900, 780]]",,"[[1218, 324], [312, 810]]",,0.4457953092774739,0.2789392629721159
350,3,1,5.8129999999998745,,13518,"[954, 270]",False,,True,0.0,False,strong,False,"[[540, 162], [720, 198], [900, 774]]",,"[[1218, 318], [312, 804]]",,0.4457953092774739,0.2789392629721159
351,3,1,5.828999999999951,,13518,"[954, 270]",False,,True,0.0,False,strong,False,"[[540, 156], [720, 192], [900, 768]]",,"[[1218, 312], [312, 798]]",,0.44585608405552407,0.28282766558296113
352,3,1,5.846000000000004,,13518,"[954, 270]",False,,True,1.0,False,strong,False,"[[540, 150], [720, 186], [900, 762]]",,"[[1218, 306], [312, 792]]",,0.445869945465739,0.2832009634085716
353,3,1,5.861999999999853,,13518,"[954, 270]",False,,True,1.0,False,strong,False,"[[540, 144], [720, 180], [900, 756]]",,"[[1224, 300], [318, 786]]",,0.4458728388738019,0.28217644028857525
354,3,1,5.878999999999905,,13518,"[954, 270]",False,,True,1.0,False,strong,False,"[[546, 138], [726, 174], [906, 750]]",,"[[1230, 294], [324, 780]]",,0.4457360002864538,0.282456765087278
355,3,1,5.894999999999982,,13518,"[954, 270]",False,,True,1.0,False,strong,False,"[[552, 132], [732, 168], [912, 744]]",,"[[1236, 288], [330, 774]]",,0.4456676944295432,0.2840627903660973
356,3,1,5.910999999999831,,13518,"[954, 270]",False,,True,1.0,False,strong,False,"[[558, 126], [738, 162], [918, 738]]",,"[[1242, 282], [336, 768]]",,0.4456676944295432,0.2840627903660973
357,3,1,5.926999999999907,,13518,"[954, 270]",False,,True,1.0,False,strong,False,"[[564, 120], [744, 156], [924, 732]]",,"[[1248, 276], [342, 762]]",,0.44809722516402467,0.2854839589831719
358,3,1,5.94399999999996,,13518,"[954, 270]",False,,True,1.0,False,strong,False,"[[570, 114], [750, 150], [930, 726]]",,"[[1254, 270], [348, 756]]",,0.44809722516402467,0.2854839589831719
359,3,1,5.961000000000013,,13518,"[954, 270]",False,,True,1.0,False,strong,False,"[[576, 108], [756, 144], [936, 720]]",,"[[1260, 264], [354, 750]]",,0.44995780914121564,0.28729516119638987
360,3,1,5.976999999999862,,13518,"[954, 270]",False,,True,1.0,False,strong,False,"[[582, 102], [762, 138], [942, 714]]",,"[[1266, 258], [360, 744]]",,0.44995780914121564,0.28729516119638987
361,3,1,5.9939999999999145,,13518,"[954, 270]",False,,True,1.0,False,strong,False,"[[588, 96], [768, 132], [948, 708]]",,"[[1272, 252], [366, 738]]",,0.4519330450312628,0.29006221374530405
362,3,1,6.009999999999991,,13518,"[954, 270]",False,,True,1.0,False,strong,False,"[[594, 90], [774, 126], [954, 702]]",,"[[1278, 246], [372, 732]]",,0.4519330450312628,0.29006221374530405
363,3,1,6.026999999999816,,13518,"[954, 270]",False,,True,1.0,False,strong,False,"[[600, 84], [780, 120], [960, 696]]",,"[[1284, 240], [378, 726]]",,0.4507299030090299,0.2943693851397857
364,3,1,6.043999999999869,,13518,"[954, 270]",False,,True,1.0,False,strong,False,"[[606, 78], [786, 114], [966, 690]]",,"[[1290, 234], [384, 720]]",,0.4507299030090299,0.2943693851397857
365,3,1,6.060999999999922,,13518,"[954, 270]",False,,True,1.0,False,strong,False,"[[612, 72], [792, 108], [972, 684]]",,"[[1296, 228], [390, 714]]",,0.44860282226524345,0.28015000263790757
366,3,1,6.0779999999999745,,13518,"[954, 270]",False,,True,1.0,False,strong,False,"[[618, 66], [798, 102], [978, 678]]",,"[[1302, 222], [396, 708]]",,0.44860282226524345,0.28015000263790757
367,3,1,6.093999999999824,,13518,"[954, 270]",False,,True,1.0,False,strong,False,"[[624, 60], [804, 96], [984, 672]]",,"[[1308, 216], [402, 702]]",,0.4489870166136586,0.2638045968148215
368,3,1,6.110999999999876,,13518,"[954, 270]",False,,True,1.0,False,strong,False,"[[630, 54], [810, 90], [990, 666], [792, 810]]",,"[[1314, 210], [408, 696]]",,0.4489870166136586,0.2638045968148215
369,3,1,6.126999999999953,,13518,"[954, 270]",False,,True,1.0,False,strong,False,"[[636, 48], [816, 84], [996, 660], [798, 804]]",,"[[1320, 204], [414, 690]]",,0.44972512681140103,0.2626116625608237
370,3,1,6.143000000000029,,13518,"[954, 270]",False,,True,1.0,False,strong,False,"[[642, 42], [822, 78], [1002, 654], [804, 798]]",,"[[1326, 198], [420, 684]]",,0.44972512681140103,0.2626116625608237
371,3,1,6.158999999999878,,13518,"[954, 270]",False,,True,1.0,False,strong,False,"[[648, 36], [828, 72], [1008, 648], [810, 792]]",,"[[1332, 192], [426, 678]]",,0.45174402552185067,0.26252650257389076
372,3,1,6.175999999999931,,13518,"[954, 270]",False,,True,1.0,False,strong,False,"[[654, 30], [834, 66], [1014, 642], [816, 786]]",,"[[1338, 186], [432, 672]]",,0.45174402552185067,0.26252650257389076
373,3,1,6.192999999999984,,13518,"[954, 270]",False,,True,1.0,False,strong,False,"[[660, 24], [840, 60], [1020, 636], [822, 780]]",,"[[1344, 180], [438, 666]]",,0.45384201643632976,0.2676206361957131
374,3,1,6.209999999999809,,13518,"[954, 270]",False,,True,1.0,False,strong,False,"[[666, 18], [846, 54], [1026, 630], [828, 774]]",,"[[1350, 174], [444, 660]]",,0.45406649546250727,0.2679119932686509
375,3,1,6.226999999999862,,13518,"[954, 270]",False,,True,1.0,False,strong,False,"[[672, 12], [852, 48], [1032, 624], [834, 768]]",,"[[1356, 168], [450, 654]]",,0.454939832409701,0.2715946097656001
376,3,1,6.242999999999938,,13518,"[954, 270]",False,,True,1.0,False,strong,False,"[[678, 6], [858, 42], [1038, 618], [840, 762]]",,"[[1362, 162], [456, 648]]",,0.454939832409701,0.2715946097656001
377,3,1,6.2590000000000146,,13518,"[954, 270]",False,,True,1.0,False,strong,False,"[[684, 0], [864, 36], [1044, 612], [846, 756]]",,"[[1368, 156], [462, 642]]",,0.4567727639158073,0.27487256900626533
378,3,1,6.274999999999864,,13518,"[954, 270]",False,,True,1.0,False,strong,False,"[[870, 30], [1050, 606], [852, 750]]",,"[[1374, 150], [468, 636]]",,0.4567727639158073,0.27487256900626533
379,3,1,6.29099999999994,,13518,"[954, 270]",False,,True,1.0,False,strong,False,"[[876, 24], [1056, 600], [858, 744]]",,"[[1380, 144], [474, 630]]",,0.45751711398861666,0.2740452630657757
380,3,1,6.307999999999993,,13518,"[954, 270]",False,,True,1.0,False,strong,False,"[[882, 18], [1062, 594], [864, 738]]",,"[[1386, 138], [480, 624]]",,0.45751711398861666,0.2740452630657757
381,3,1,6.324999999999818,,13518,"[954, 270]",False,,True,1.0,False,strong,False,"[[888, 12], [1068, 588], [870, 732]]",,"[[1392, 132], [486, 618]]",,0.4600403200779023,0.2740276115958402
382,3,1,6.3409999999998945,,13518,"[954, 270]",False,,True,1.0,False,strong,False,"[[894, 6], [1074, 582], [876, 726]]",,"[[1398, 126], [492, 612]]",,0.4600403200779023,0.2740276115958402
383,3,1,6.357999999999947,,13518,"[954, 270]",False,,True,1.0,False,strong,False,"[[900, 0], [1080, 576], [882, 720]]",,"[[1404, 120], [498, 606]]",,0.4605102009954254,0.2766497757662123
384,3,1,6.375,,13518,"[954, 270]",False,,True,1.0,False,strong,False,"[[1086, 570], [888, 714]]",,"[[1410, 114], [504, 600]]",,0.4607686293319967,0.2764504314686048
385,3,1,6.390999999999849,,13518,"[954, 270]",False,,True,1.0,False,strong,False,"[[1092, 564], [894, 708]]",,"[[1416, 108], [510, 594]]",,0.46151783158838616,0.2764768557472037
386,3,1,6.407999999999902,,13518,"[954, 270]",False,,True,1.0,False,strong,False,"[[1098, 558], [900, 702]]",,"[[1422, 102], [516, 588]]",,0.46151783158838616,0.2764768557472037
387,3,1,6.4249999999999545,,13518,"[954, 270]",False,,True,1.0,False,strong,False,"[[1104, 552], [906, 696]]",,"[[1428, 96], [522, 582]]",,0.4615125565506529,0.2782591474205298
388,3,1,6.442000000000007,,13518,"[954, 270]",False,,True,1.0,False,strong,False,"[[1110, 546], [912, 690]]",,"[[1434, 90], [528, 576]]",,0.452841709606838,0.27116619299217093
389,3,1,6.457999999999856,,13518,"[954, 270]",False,,True,1.0,False,strong,False,"[[1116, 540], [918, 684]]",,"[[1440, 84], [534, 570]]",,0.44632800351263857,0.2562397873626021
390,3,1,6.474999999999909,,13518,"[954, 270]",False,,True,1.0,False,strong,False,"[[1122, 534], [924, 678]]",,"[[1446, 78], [540, 564]]",,0.44632800351263857,0.2562397873626021
391,3,1,6.491999999999962,,13518,"[954, 270]",False,,True,1.0,False,strong,False,"[[1128, 528], [930, 672]]",,"[[1452, 72], [546, 558]]",,0.44622873486845027,0.2532892815051401
392,3,1,6.5090000000000146,,13518,"[954, 270]",False,,True,1.0,False,strong,False,"[[1134, 522], [936, 666]]",,"[[1458, 66], [552, 552]]",,0.44622873486845027,0.2532892815051401
393,3,1,6.52599999999984,,13518,"[954, 270]",False,,True,1.0,False,strong,False,"[[1140, 516], [942, 660]]",,"[[1464, 60], [558, 546]]",,0.44877631547766644,0.25533564186994073
394,3,1,6.542999999999893,,13518,"[954, 270]",False,,True,1.0,False,strong,False,"[[1146, 510], [948, 654]]",,"[[1470, 54], [564, 540]]",,0.44877631547766644,0.25533564186994073
395,3,1,6.559999999999945,,13518,"[954, 270]",False,,True,1.0,False,strong,False,"[[1152, 504], [954, 648]]",,"[[1476, 48], [570, 534]]",,0.4491718205141904,0.2622834265097058
396,3,1,6.576999999999998,,13518,"[954, 270]",False,,True,1.0,False,strong,False,"[[1158, 498], [960, 642]]",,"[[1482, 42], [576, 528]]",,0.4491718205141904,0.2622834265097058
397,3,1,6.593999999999824,,13518,"[954, 270]",False,,True,1.0,False,strong,False,"[[1164, 492], [966, 636]]",,"[[1488, 36], [582, 522]]",,0.44915212534709265,0.2653035017118748
398,3,1,6.610999999999876,,13518,"[954, 270]",False,,True,1.0,False,strong,False,"[[1170, 486], [972, 630]]",,"[[1494, 30], [588, 516]]",,0.44915212534709265,0.2653035017118748
399,3,1,6.626999999999953,,13518,"[954, 270]",False,,True,1.0,False,strong,False,"[[1176, 480], [978, 624]]",,"[[1500, 24], [594, 510]]",,0.45054029728572076,0.2653530105086388
400,3,1,6.643000000000029,,13518,"[954, 270]",False,,True,1.0,False,strong,False,"[[1182, 474], [984, 618]]",,"[[1506, 18], [600, 504]]",,0.45054029728572076,0.2653530105086388
401,3,1,6.6599999999998545,,13518,"[954, 270]",False,,True,1.0,False,strong,False,"[[1188, 468], [990, 612]]",,"[[1512, 12], [606, 498]]",,0.4521024931271686,0.26876440526822243
402,3,1,6.676999999999907,,13518,"[954, 270]",False,,True,1.0,False,strong,False,"[[1194, 462], [996, 606]]",,"[[1518, 6], [612, 492]]",,0.4521024931271686,0.26876440526822243
403,3,1,6.694999999999936,,13518,"[954, 270]",False,,True,0.0,False,strong,False,"[[1200, 456], [1002, 600]]",,"[[1524, 0], [618, 486], [1524, 810]]",,0.4518585003876673,0.2691714016901857
404,3,1,6.711000000000013,,13518,"[954, 270]",False,,True,0.0,False,strong,False,"[[1206, 450], [1008, 594]]",,"[[618, 480], [1524, 804]]",,0.4518585003876673,0.2691714016901857
405,3,1,6.727999999999838,,13518,"[954, 270]",False,,True,0.0,False,strong,False,"[[1206, 444], [1008, 588]]",,"[[618, 474], [1524, 798]]",,0.4503649823953273,0.27017288549164487
406,3,1,6.7439999999999145,,13518,"[954, 270]",False,,True,0.0,False,strong,False,"[[1206, 438], [1008, 582]]",,"[[618, 468], [1524, 792]]",,0.4503649823953273,0.27017288549164487
407,3,1,6.759999999999991,,13518,"[954, 270]",False,,True,0.0,False,strong,False,"[[1206, 432], [1008, 576]]",,"[[618, 462], [1524, 786]]",,0.45069184486386893,0.27494034969905023
408,3,1,6.776999999999816,,13518,"[954, 270]",False,,True,0.0,False,strong,False,"[[1206, 426], [1008, 570]]",,"[[618, 456], [1524, 780]]",,0.45069184486386893,0.27494034969905023
409,3,1,6.792999999999893,,13518,"[954, 270]",False,,True,0.0,False,strong,False,"[[1206, 420], [1008, 564]]",,"[[618, 450], [1524, 774]]",,0.451499940121329,0.2765589455310048
410,3,1,6.809999999999945,,13518,"[954, 270]",False,,True,0.0,False,strong,False,"[[1206, 414], [1008, 558]]",,"[[618, 444], [1524, 768]]",,0.4522327464906885,0.2774085845951507
411,3,1,6.826999999999998,,13518,"[954, 270]",False,,True,0.0,False,strong,False,"[[1206, 408], [1008, 552]]",,"[[618, 438], [1524, 762]]",,0.4532864945167369,0.2781944546087388
412,3,1,6.843999999999824,,13518,"[954, 270]",False,,True,0.0,False,strong,False,"[[1206, 402], [1008, 546]]",,"[[618, 432], [1524, 756]]",,0.4532864945167369,0.2781944546087388
413,3,1,6.8599999999999,,13518,"[954, 270]",False,,True,0.0,False,strong,False,"[[1206, 396], [1008, 540]]",,"[[618, 426], [1524, 750]]",,0.4547005328247171,0.2800873575263252
414,3,1,6.876999999999953,,13518,"[954, 270]",False,,True,0.0,False,strong,False,"[[1206, 390], [1008, 534]]",,"[[618, 420], [1524, 744]]",,0.4547005328247171,0.2800873575263252
415,3,1,6.893000000000029,,13518,"[954, 270]",False,,True,0.0,False,strong,False,"[[1206, 384], [1008, 528]]",,"[[618, 414], [1524, 738]]",,0.45732369401769846,0.2807137360908535
416,3,1,6.9099999999998545,,13518,"[954, 270]",False,,True,0.0,False,strong,False,"[[1206, 378], [1008, 522]]",,"[[618, 408], [1524, 732]]",,0.45804719510839187,0.2798687622024657
417,3,1,6.926999999999907,,13518,"[954, 270]",False,,True,0.0,False,strong,False,"[[1206, 372], [1008, 516]]",,"[[618, 402], [1524, 726]]",,0.45885870368098025,0.2820985719655139
418,3,1,6.942999999999984,,13518,"[954, 270]",False,,True,0.0,False,strong,False,"[[1206, 366], [1008, 510]]",,"[[618, 396], [1524, 720]]",,0.45885870368098025,0.2820985719655139
419,3,1,6.959999999999809,,13518,"[954, 270]",False,,True,0.0,False,strong,False,"[[1206, 360], [1008, 504]]",,"[[618, 390], [1524, 714]]",,0.45931174366363503,0.28635139242596397
420,3,1,6.976999999999862,,13518,"[954, 270]",False,,True,0.0,False,strong,False,"[[1206, 354], [1008, 498]]",,"[[618, 384], [1524, 708]]",,0.4593106851303861,0.28658678705405394
421,3,1,6.9939999999999145,,13518,"[954, 270]",False,,True,0.0,False,strong,False,"[[1206, 348], [1008, 492]]",,"[[618, 378], [1524, 702]]",,0.45978380322537926,0.28859293539514197
422,3,1,7.009999999999991,,13518,"[954, 270]",False,,True,0.0,False,strong,False,"[[1206, 342], [1008, 486]]",,"[[618, 372], [1524, 696]]",,0.45978380322537926,0.28859293539514197
423,3,1,7.026999999999816,,13518,"[954, 270]",False,,True,0.0,False,strong,False,"[[1206, 336], [1008, 480]]",,"[[618, 366], [1524, 690]]",,0.45951242032267536,0.2900246830779627
424,3,1,7.043999999999869,,13518,"[954, 270]",False,,True,0.0,False,strong,False,"[[1206, 330], [1008, 474]]",,"[[618, 360], [1524, 684]]",,0.45951242032267536,0.2900246830779627
425,3,1,7.059999999999945,,13518,"[954, 270]",False,,True,0.0,False,strong,False,"[[1206, 324], [1008, 468], [918, 810]]",,"[[618, 354], [1524, 678]]",,0.45840055037743477,0.2914121011880755
426,3,1,7.076999999999998,,13518,"[954, 270]",False,,True,0.0,False,strong,False,"[[1206, 318], [1008, 462], [918, 804]]",,"[[618, 348], [1524, 672]]",,0.45843921527234804,0.29181988931101366
427,3,1,7.092999999999847,,13518,"[954, 270]",False,,True,0.0,False,strong,False,"[[1206, 312], [1008, 456], [918, 798]]",,"[[618, 342], [1524, 666]]",,0.45749084075257374,0.29261342368476007
428,3,1,7.108999999999924,,13518,"[954, 270]",False,,True,0.0,False,strong,False,"[[1206, 306], [1008, 450], [918, 792]]",,"[[618, 336], [1524, 660]]",,0.45749084075257374,0.29261342368476007
429,3,1,7.125999999999976,,13518,"[954, 270]",False,,True,0.0,False,strong,False,"[[1206, 300], [1008, 444], [918, 786]]",,"[[618, 330], [1524, 654]]",,0.45671393051817555,0.29241130198637577
430,3,1,7.143000000000029,,13518,"[954, 270]",False,,True,0.0,False,strong,False,"[[1206, 294], [1008, 438], [918, 780]]",,"[[618, 324], [1524, 648]]",,0.45671393051817555,0.29241130198637577
431,3,1,7.1599999999998545,,13518,"[954, 270]",False,,True,0.0,False,strong,False,"[[1206, 288], [1008, 432], [918, 774]]",,"[[618, 318], [1524, 642]]",,0.45628322076583877,0.2941786459801853
432,3,1,7.175999999999931,,13518,"[954, 270]",False,,True,0.0,False,strong,False,"[[1206, 282], [1008, 426], [918, 768]]",,"[[618, 312], [1524, 636]]",,0.4564625749274122,0.2941657002175415
433,3,1,7.19399999999996,,13518,"[954, 270]",False,Left,True,-1.0,False,strong,False,"[[1206, 276], [1008, 420], [918, 762]]",,"[[624, 306], [1530, 630]]",,0.45679820997821663,0.2952650912764254
434,3,1,7.211000000000013,,13518,"[954, 270]",False,Left,True,-1.0,False,strong,False,"[[1212, 270], [1014, 414], [924, 756]]",,"[[624, 300], [1530, 624]]",,0.45679820997821663,0.2952650912764254
435,3,1,7.226999999999862,,13518,"[954, 270]",False,Left,True,-1.0,False,strong,False,"[[1212, 264], [1014, 408], [924, 750]]",,"[[624, 294], [1530, 618]]",,0.4564330349247151,0.2955750545893404
436,3,1,7.242999999999938,,13518,"[954, 270]",False,Left,True,-1.0,False,strong,False,"[[1212, 258], [1014, 402], [924, 744]]",,"[[624, 288], [1530, 612]]",,0.45686516148263195,0.29717144801565787
437,3,1,7.2590000000000146,,13518,"[954, 270]",False,Left,True,-1.0,False,strong,False,"[[1212, 252], [1014, 396], [924, 738]]",,"[[624, 282], [1530, 606]]",,0.4558735611277525,0.29994345732629824
438,3,1,7.274999999999864,,13518,"[954, 270]",False,Left,True,-1.0,False,strong,False,"[[1212, 246], [1014, 390], [924, 732]]",,"[[624, 276], [1530, 600]]",,0.4558069224564383,0.2999803671469893
439,3,1,7.291999999999916,,13518,"[954, 270]",False,Left,True,-1.0,False,strong,False,"[[1212, 240], [1014, 384], [924, 726]]",,"[[624, 270], [1530, 594]]",,0.4547728121309432,0.3047969550731987
440,3,1,7.307999999999993,,13518,"[954, 270]",False,Left,True,-1.0,False,strong,False,"[[1212, 234], [1014, 378], [924, 720]]",,"[[624, 264], [1530, 588]]",,0.4548912228731923,0.3052350908871593
441,3,1,7.324999999999818,,13518,"[954, 270]",False,Left,True,-1.0,False,strong,False,"[[1212, 228], [1014, 372], [924, 714]]",,"[[624, 258], [1530, 582]]",,0.4552970687380881,0.30613296217189556
442,3,1,7.3409999999998945,,13518,"[954, 270]",False,Left,True,-1.0,False,strong,False,"[[1212, 222], [1014, 366], [924, 708]]",,"[[624, 252], [1530, 576]]",,0.455207299076099,0.30706041010650054
443,3,1,7.356999999999971,,13518,"[954, 270]",False,Left,True,-1.0,False,strong,False,"[[1212, 216], [1014, 360], [924, 702], [852, 810]]",,"[[624, 246], [1530, 570]]",,0.45614983388428765,0.30890798267537756
444,3,1,7.37299999999982,,13518,"[954, 270]",False,Left,True,-1.0,False,strong,False,"[[1212, 210], [1014, 354], [924, 696], [852, 804]]",,"[[624, 240], [1530, 564]]",,0.4566888511635302,0.3112824898547958
445,3,1,7.389999999999873,,13518,"[954, 270]",False,Left,True,-1.0,False,strong,False,"[[1212, 204], [1014, 348], [924, 690], [852, 798]]",,"[[624, 234], [1530, 558]]",,0.4572393291834678,0.31204636247202344
446,3,1,7.406999999999925,,13518,"[954, 270]",False,Left,True,-1.0,False,strong,False,"[[1212, 198], [1014, 342], [924, 684], [852, 792], [1086, 810]]",,"[[624, 228], [1530, 552]]",,0.45759576752040027,0.3127961973980782
447,3,1,7.423000000000002,,13518,"[954, 270]",False,Left,True,-1.0,False,strong,False,"[[1212, 192], [1014, 336], [924, 678], [852, 786], [1086, 804]]",,"[[624, 222], [1530, 546]]",,0.45764278095678257,0.3152023353309291
448,3,1,7.438999999999851,,13518,"[954, 270]",False,Left,True,-1.0,False,strong,False,"[[1212, 186], [1014, 330], [924, 672], [852, 780], [1086, 798]]",,"[[624, 216], [1530, 540]]",,0.45756842448680385,0.31921506216156414
449,3,1,7.454999999999927,,13518,"[954, 270]",False,Left,True,-1.0,False,strong,False,"[[1212, 180], [1014, 324], [924, 666], [852, 774], [1086, 792]]",,"[[624, 210], [1530, 534]]",,0.4577170706294753,0.31936621419615585
450,3,1,7.47199999999998,,13518,"[954, 270]",False,Left,True,-1.0,False,strong,False,"[[1212, 174], [1014, 318], [924, 660], [852, 768], [1086, 786]]",,"[[624, 204], [1530, 528]]",,0.45728407822216466,0.3248975171641223
451,3,1,7.489000000000033,,13518,"[954, 270]",False,Left,True,-1.0,False,strong,False,"[[1212, 168], [1014, 312], [924, 654], [852, 762], [1086, 780]]",,"[[624, 198], [1530, 522]]",,0.45728407822216466,0.3248975171641223
452,3,1,7.505999999999858,,13518,"[954, 270]",False,Left,True,-1.0,False,strong,False,"[[1212, 162], [1014, 306], [924, 648], [852, 756], [1086, 774], [870, 810]]",,"[[624, 192], [1530, 516]]",,0.45640098512329424,0.3281822186879113
453,3,1,7.5219999999999345,,13518,"[954, 270]",False,Left,True,-1.0,False,strong,False,"[[1212, 156], [1014, 300], [924, 642], [852, 750], [1086, 768], [870, 804]]",,"[[624, 186], [1530, 510]]",,0.456430991035292,0.328743260277809
454,3,1,7.538999999999987,,13518,"[954, 270]",False,Left,True,-1.0,False,strong,False,"[[1212, 150], [1014, 294], [924, 636], [852, 744], [1086, 762], [870, 798]]",,"[[624, 180], [1530, 504]]",,0.4573629557281773,0.32890895946379217
455,3,1,7.555999999999813,,13518,"[954, 270]",False,Left,True,-1.0,False,strong,False,"[[1212, 144], [1014, 288], [924, 630], [852, 738], [1086, 756], [870, 792]]",,"[[624, 174], [1530, 498]]",,0.45679310573770177,0.31629604872887274
456,3,1,7.572999999999865,,13518,"[954, 270]",False,Left,True,-1.0,False,strong,False,"[[1212, 138], [1014, 282], [924, 624], [852, 732], [1086, 750], [870, 786]]",,"[[624, 168], [1530, 492]]",,0.45655467759482676,0.31355094535430716
457,3,1,7.589999999999918,,13518,"[954, 270]",False,Left,True,-1.0,False,strong,False,"[[1212, 132], [1014, 276], [924, 618], [852, 726], [1086, 744], [870, 780]]",,"[[624, 162], [1530, 486]]",,0.45656495100352823,0.31263630199183234
458,3,1,7.6059999999999945,,13518,"[954, 270]",False,Left,True,-1.0,False,strong,False,"[[1212, 126], [1014, 270], [924, 612], [852, 720], [1086, 738], [870, 774], [1230, 810]]",,"[[624, 156], [1530, 480]]",,0.45642149892185746,0.30968014590920834
459,3,1,7.62299999999982,,13518,"[954, 270]",False,Left,True,-1.0,False,strong,False,"[[1212, 120], [1014, 264], [924, 606], [852, 714], [1086, 732], [870, 768], [1230, 804]]",,"[[624, 150], [1530, 474]]",,0.4571559218236671,0.33880336756171825
460,3,1,7.638999999999896,,13518,"[954, 270]",False,Left,True,-1.0,False,strong,False,"[[1212, 114], [1014, 258], [924, 600], [852, 708], [1086, 726], [870, 762], [1230, 798]]",,"[[624, 144], [1530, 468]]",,0.4564324519437613,0.3093261210558561
461,3,1,7.655999999999949,,13518,"[954, 270]",False,Left,True,-1.0,False,strong,False,"[[1212, 108], [1014, 252], [924, 594], [852, 702], [1086, 720], [870, 756], [1230, 792]]",,"[[624, 138], [1530, 462]]",,0.45661276582958443,0.311072025865217
462,3,1,7.6720000000000255,,13518,"[954, 270]",False,Left,True,-1.0,False,strong,False,"[[1212, 102], [1014, 246], [924, 588], [852, 696], [1086, 714], [870, 750], [1230, 786]]",,"[[624, 132], [1530, 456]]",,0.4565468347865747,0.31263707820085385
463,3,1,7.688999999999851,,13518,"[954, 270]",False,Left,True,-1.0,False,strong,False,"[[1212, 96], [1014, 240], [924, 582], [852, 690], [1086, 708], [870, 744], [1230, 780]]",,"[[624, 126], [1530, 450]]",,0.4565468347865747,0.31263707820085385
464,3,1,7.705999999999904,,13518,"[954, 270]",False,Left,True,-1.0,False,strong,False,"[[1212, 90], [1014, 234], [924, 576], [852, 684], [1086, 702], [870, 738], [1230, 774]]",,"[[624, 120], [1530, 444]]",,0.45706402170186056,0.3149569644666188
465,3,1,7.72199999999998,,13518,"[954, 270]",False,Left,True,-1.0,False,strong,False,"[[1212, 84], [1014, 228], [924, 570], [852, 678], [1086, 696], [870, 732], [1230, 768]]",,"[[624, 114], [1530, 438]]",,0.45706402170186056,0.3149569644666188
466,3,1,7.739000000000033,,13518,"[954, 270]",False,Left,True,-1.0,False,strong,False,"[[1212, 78], [1014, 222], [924, 564], [852, 672], [1086, 690], [870, 726], [1230, 762]]",,"[[624, 108], [1530, 432]]",,0.45649602879678525,0.3166793291359925
467,3,1,7.754999999999882,,13518,"[954, 270]",False,Left,True,-1.0,False,strong,False,"[[1212, 72], [1014, 216], [924, 558], [852, 666], [1086, 684], [870, 720], [1230, 756]]",,"[[624, 102], [1530, 426]]",,0.45649602879678525,0.3166793291359925
468,3,1,7.7719999999999345,,13518,"[954, 270]",False,Left,True,-1.0,False,strong,False,"[[1212, 66], [1014, 210], [924, 552], [852, 660], [1086, 678], [870, 714], [1230, 750]]",,"[[624, 96], [1530, 420]]",,0.4557161019174468,0.31826545685658114
469,3,1,7.788000000000011,,13518,"[954, 270]",False,Left,True,-1.0,False,strong,False,"[[1212, 60], [1014, 204], [924, 546], [852, 654], [1086, 672], [870, 708], [1230, 744]]",,"[[624, 90], [1530, 414]]",,0.4557161019174468,0.31826545685658114
470,3,1,7.804999999999836,,13518,"[954, 270]",False,Left,True,-1.0,False,strong,False,"[[1212, 54], [1014, 198], [924, 540], [852, 648], [1086, 666], [870, 702], [1230, 738]]",,"[[624, 84], [1530, 408]]",,0.455547486108436,0.31592315726826725
471,3,1,7.820999999999913,,13518,"[954, 270]",False,Left,True,-1.0,False,strong,False,"[[1212, 48], [1014, 192], [924, 534], [852, 642], [1086, 660], [870, 696], [1230, 732]]",,"[[624, 78], [1530, 402]]",,0.455547486108436,0.31592315726826725
472,3,1,7.836999999999989,,13518,"[954, 270]",False,Left,True,-1.0,False,strong,False,"[[1212, 42], [1014, 186], [924, 528], [852, 636], [1086, 654], [870, 690], [1230, 726]]",,"[[624, 72], [1530, 396]]",,0.4557020705153194,0.31551201139467355
473,3,1,7.852999999999838,,13518,"[954, 270]",False,Left,True,-1.0,False,strong,False,"[[1212, 36], [1014, 180], [924, 522], [852, 630], [1086, 648], [870, 684], [1230, 720]]",,"[[624, 66], [1530, 390]]",,0.4557020705153194,0.31551201139467355
474,3,1,7.869999999999891,,13518,"[954, 270]",False,Left,True,-1.0,False,strong,False,"[[1212, 30], [1014, 174], [924, 516], [852, 624], [1086, 642], [870, 678], [1230, 714]]",,"[[624, 60], [1530, 384]]",,0.4564834444296467,0.31456787021842425
475,3,1,7.885999999999967,,13518,"[954, 270]",False,Left,True,-1.0,False,strong,False,"[[1212, 24], [1014, 168], [924, 510], [852, 618], [1086, 636], [870, 672], [1230, 708]]",,"[[624, 54], [1530, 378]]",,0.4564834444296467,0.31456787021842425
476,3,1,7.901999999999816,,13518,"[954, 270]",False,Left,True,-1.0,False,strong,False,"[[1212, 18], [1014, 162], [924, 504], [852, 612], [1086, 630], [870, 666], [1230, 702]]",,"[[624, 48], [1530, 372]]",,0.45611537653747397,0.30038721758232456
477,3,1,7.917999999999893,,13518,"[954, 270]",False,Left,True,-1.0,False,strong,False,"[[1212, 12], [1014, 156], [924, 498], [852, 606], [1086, 624], [870, 660], [1230, 696]]",,"[[624, 42], [1530, 366]]",,0.45611537653747397,0.30038721758232456
478,3,1,7.934999999999945,,13518,"[954, 270]",False,Left,True,-1.0,False,strong,False,"[[1212, 6], [1014, 150], [924, 492], [852, 600], [1086, 618], [870, 654], [1230, 690]]",,"[[624, 36], [1530, 360]]",,0.4558852804627877,0.30041273380246736
479,3,1,7.951999999999998,,13518,"[954, 270]",False,,True,-1.0,False,strong,False,"[[1212, 0], [1014, 144], [924, 486], [852, 594], [1086, 612], [870, 648], [1230, 684], [1212, 810]]",,"[[618, 30], [1524, 354]]",,0.4558852804627877,0.30041273380246736
480,3,1,7.968999999999824,,13518,"[954, 270]",False,,True,-1.0,False,strong,False,"[[1008, 138], [918, 480], [846, 588], [1080, 606], [864, 642], [1224, 678], [1206, 804]]",,"[[612, 24], [1518, 348]]",,0.4554609804586548,0.2989937515623158
481,3,1,7.985999999999876,,13518,"[954, 270]",False,,True,-1.0,False,strong,False,"[[1002, 132], [912, 474], [840, 582], [1074, 600], [858, 636], [1218, 672], [1200, 798]]",,"[[606, 18], [1512, 342]]",,0.4554609804586548,0.2989937515623158
482,3,1,8.003999999999905,,13518,"[954, 270]",False,Right,True,-1.0,False,strong,False,"[[996, 126], [906, 468], [834, 576], [1068, 594], [852, 630], [1212, 666], [1194, 792]]",,"[[594, 12], [1500, 336]]",,0.45509820983366306,0.29894500205472696
483,3,1,8.020999999999958,,13518,"[954, 270]",False,Right,True,-1.0,False,strong,False,"[[984, 120], [894, 462], [822, 570], [1056, 588], [840, 624], [1200, 660], [1182, 786]]",,"[[582, 6], [1488, 330]]",,0.45509820983366306,0.29894500205472696
484,3,1,8.03599999999983,,13518,"[954, 270]",False,Right,True,0.0,False,strong,False,"[[972, 114], [882, 456], [810, 564], [1044, 582], [828, 618], [1188, 654], [1170, 780]]",,"[[570, 0], [1476, 324]]",,0.45510368340769086,0.2989408393505628
485,3,1,8.051999999999907,,13518,"[954, 270]",False,Right,True,0.0,False,strong,False,"[[960, 108], [870, 450], [798, 558], [1032, 576], [816, 612], [1176, 648], [1158, 774], [1284, 810]]",,"[[1470, 318]]",,0.45510368340769086,0.2989408393505628
486,3,1,8.067999999999984,,13518,"[954, 270]",False,Right,True,0.0,False,strong,False,"[[954, 102], [864, 444], [792, 552], [1026, 570], [810, 606], [1170, 642], [1152, 768], [1278, 804]]",,"[[1464, 312]]",,0.45461904960202587,0.30087177075568616
487,3,1,8.084999999999809,,13518,"[954, 270]",False,Right,True,1.0,False,strong,False,"[[948, 96], [858, 438], [786, 546], [1020, 564], [804, 600], [1164, 636], [1146, 762], [1272, 798]]",,"[[1458, 306]]",,0.45461904960202587,0.30087177075568616
488,3,1,8.101999999999862,,13518,"[954, 270]",False,Right,True,1.0,False,strong,False,"[[942, 90], [852, 432], [780, 540], [1014, 558], [798, 594], [1158, 630], [1140, 756], [1266, 792]]",,"[[1458, 300]]",,0.4542975013085278,0.3022986286106617
489,3,1,8.117999999999938,,13518,"[954, 270]",False,Right,True,1.0,False,strong,False,"[[942, 84], [852, 426], [780, 534], [1014, 552], [798, 588], [1158, 624], [1140, 750], [1266, 786]]",,"[[1458, 294]]",,0.4542975013085278,0.3022986286106617
490,3,1,8.134999999999991,,13518,"[954, 270]",False,Right,True,1.0,False,strong,False,"[[942, 78], [852, 420], [780, 528], [1014, 546], [798, 582], [1158, 618], [1140, 744], [1266, 780]]",,"[[1458, 288]]",,0.45539721817415024,0.30348757486075173
491,3,1,8.151999999999816,,13518,"[954, 270]",False,Right,True,1.0,False,strong,False,"[[942, 72], [852, 414], [780, 522], [1014, 540], [798, 576], [1158, 612], [1140, 738], [1266, 774]]",,"[[1458, 282]]",,0.45539721817415024,0.30348757486075173
492,3,1,8.166999999999916,,13518,"[954, 270]",False,Right,True,1.0,False,strong,False,"[[942, 66], [852, 408], [780, 516], [1014, 534], [798, 570], [1158, 606], [1140, 732], [1266, 768]]",,"[[1458, 276]]",,0.45601495156481675,0.30633328956122896
493,3,1,8.182999999999993,,13518,"[954, 270]",False,Right,True,1.0,False,strong,False,"[[942, 60], [852, 402], [780, 510], [1014, 528], [798, 564], [1158, 600], [1140, 726], [1266, 762]]",,"[[1458, 270]]",,0.45601495156481675,0.30633328956122896
494,3,1,8.199999999999818,,13518,"[954, 270]",False,Right,True,1.0,False,strong,False,"[[942, 54], [852, 396], [780, 504], [1014, 522], [798, 558], [1158, 594], [1140, 720], [1266, 756]]",,"[[1458, 264]]",,0.4565195620185607,0.3081654152597715
495,3,1,8.220000000000027,,13518,"[954, 270]",False,,True,1.0,False,strong,False,"[[942, 48], [852, 390], [780, 498], [1014, 516], [798, 552], [1158, 588], [1140, 714], [1266, 750]]",,"[[1464, 258]]",,0.45614594994142826,0.31055849961085946
496,3,1,8.235999999999876,,13518,"[954, 270]",False,,True,1.0,False,strong,False,"[[948, 42], [858, 384], [786, 492], [1020, 510], [804, 546], [1164, 582], [1146, 708], [1272, 744]]",,"[[1470, 252]]",,0.45602437769783427,0.3115465354588298
497,3,1,8.251999999999953,,13518,"[954, 270]",False,,True,1.0,False,strong,False,"[[954, 36], [864, 378], [792, 486], [1026, 504], [810, 540], [1170, 576], [1152, 702], [1278, 738]]",,"[[1476, 246]]",,0.45602437769783427,0.3115465354588298
498,3,1,8.268000000000029,,13518,"[954, 270]",False,,True,1.0,False,strong,False,"[[960, 30], [870, 372], [798, 480], [1032, 498], [816, 534], [1176, 570], [1158, 696], [1284, 732]]",,"[[1482, 240]]",,0.4556936689980837,0.3134549430080279
499,3,1,8.284999999999854,,13518,"[954, 270]",False,,True,1.0,False,strong,False,"[[966, 24], [876, 366], [804, 474], [1038, 492], [822, 528], [1182, 564], [1164, 690], [1290, 726]]",,"[[1488, 234]]",,0.4556936689980837,0.3134549430080279
500,3,1,8.301999999999907,,13518,"[954, 270]",False,,True,1.0,False,strong,False,"[[972, 18], [882, 360], [810, 468], [1044, 486], [828, 522], [1188, 558], [1170, 684], [1296, 720]]",,"[[1494, 228]]",,0.4583896821365566,0.30279125697553444
501,3,1,8.317999999999984,,13518,"[954, 270]",False,,True,1.0,False,strong,False,"[[978, 12], [888, 354], [816, 462], [1050, 480], [834, 516], [1194, 552], [1176, 678], [1302, 714]]",,"[[1500, 222]]",,0.46068753460384615,0.2992796982101764
502,3,1,8.334999999999809,,13518,"[954, 270]",False,,True,1.0,False,strong,False,"[[984, 6], [894, 348], [822, 456], [1056, 474], [840, 510], [1200, 546], [1182, 672], [1308, 708]]",,"[[1506, 216]]",,0.3777736631200398,0.30160286400624514
503,3,1,8.350999999999885,,13518,"[954, 270]",False,,True,1.0,False,strong,False,"[[990, 0], [900, 342], [828, 450], [1062, 468], [846, 504], [1206, 540], [1188, 666], [1314, 702]]",,"[[1512, 210]]",,0.3777736631200398,0.30160286400624514
504,3,1,8.367999999999938,,13518,"[954, 270]",False,,True,1.0,False,strong,False,"[[906, 336], [834, 444], [1068, 462], [852, 498], [1212, 534], [1194, 660], [1320, 696]]",,"[[1518, 204]]",,0.46132376741807396,0.29900419672563694
505,3,1,8.384999999999991,,13518,"[954, 270]",False,Left,True,1.0,False,strong,False,"[[912, 330], [840, 438], [1074, 456], [858, 492], [1218, 528], [1200, 654], [1326, 690]]",,"[[1530, 198]]",,0.46132376741807396,0.29900419672563694
506,3,1,8.40099999999984,,13518,"[954, 270]",False,Left,True,1.0,False,strong,False,"[[924, 324], [852, 432], [1086, 450], [870, 486], [1230, 522], [1212, 648], [1338, 684]]",,"[[1542, 192]]",,0.4624858051758124,0.30099830953844475
507,3,1,8.417999999999893,,13518,"[954, 270]",False,Left,True,1.0,False,strong,False,"[[936, 318], [864, 426], [1098, 444], [882, 480], [1242, 516], [1224, 642], [1350, 678]]",,"[[1554, 186]]",,0.46251282265049626,0.30145144619205255
508,3,1,8.433999999999969,,13518,"[954, 270]",False,Left,True,1.0,False,strong,False,"[[948, 312], [876, 420], [1110, 438], [894, 474], [1254, 510], [1236, 636], [1362, 672]]",,"[[1566, 180]]",,0.4625648978604648,0.3023027131301925
509,3,1,8.451000000000022,,13518,"[954, 270]",False,Left,True,1.0,False,strong,False,"[[960, 306], [888, 414], [1122, 432], [906, 468], [1266, 504], [1248, 630], [1374, 666]]",,"[[1578, 174]]",,0.4625648978604648,0.3023027131301925
510,3,1,8.467999999999847,,13518,"[954, 270]",False,Left,True,1.0,False,strong,False,"[[972, 300], [900, 408], [1134, 426], [918, 462], [1278, 498], [1260, 624], [1386, 660]]",,"[[1590, 168]]",,0.462077081446888,0.30353787992917125
511,3,1,8.4849999999999,,13518,"[954, 270]",False,Left,True,1.0,False,strong,False,"[[984, 294], [912, 402], [1146, 420], [930, 456], [1290, 492], [1272, 618], [1398, 654]]",,"[[1602, 162]]",,0.46195622017324245,0.30396805003648564
512,3,1,8.500999999999976,,13518,"[954, 270]",False,Left,True,1.0,False,strong,False,"[[996, 288], [924, 396], [1158, 414], [942, 450], [1302, 486], [1284, 612], [1410, 648]]",,"[[1614, 156]]",,0.4615717359445437,0.3060602356811509
513,3,1,8.516999999999825,,13518,"[954, 270]",False,Left,True,1.0,False,strong,False,"[[1008, 282], [936, 390], [1170, 408], [954, 444], [1314, 480], [1296, 606], [1422, 642]]",,"[[1626, 150]]",,0.4615717359445437,0.3060602356811509
514,3,1,8.534999999999854,,13518,"[954, 270]",False,,True,1.0,False,strong,False,"[[1020, 276], [948, 384], [1182, 402], [966, 438], [1326, 474], [1308, 600], [1434, 636]]",,"[[1632, 144]]",,0.4617056784478096,0.30583684227254837
515,3,1,8.55099999999993,,13518,"[954, 270]",False,,True,1.0,False,strong,False,"[[1026, 270], [954, 378], [1188, 396], [972, 432], [1332, 468], [1314, 594], [1440, 630]]",,"[[1638, 138]]",,0.4617056784478096,0.30583684227254837
516,3,1,8.566000000000031,,13518,"[954, 270]",False,,True,1.0,False,strong,False,"[[1032, 264], [960, 372], [1194, 390], [978, 426], [1338, 462], [1320, 588], [1446, 624]]",,"[[1644, 132]]",,0.4617601678229938,0.30595538439312564
517,3,1,8.582999999999856,,13518,"[954, 270]",False,,True,1.0,False,strong,False,"[[1038, 258], [966, 366], [1200, 384], [984, 420], [1344, 456], [1326, 582], [1452, 618]]",,"[[1650, 126]]",,0.46163655123055614,0.3055545703268242
518,3,1,8.599999999999909,,13518,"[954, 270]",False,,True,1.0,False,strong,False,"[[1044, 252], [972, 360], [1206, 378], [990, 414], [1350, 450], [1332, 576], [1458, 612]]",,"[[1656, 120]]",,0.4615777675766444,0.3070448423190699
519,3,1,8.615999999999985,,13518,"[954, 270]",False,,True,1.0,False,strong,False,"[[1050, 246], [978, 354], [1212, 372], [996, 408], [1356, 444], [1338, 570], [1464, 606]]",,"[[1662, 114]]",,0.46136261523544453,0.3069125048955057
520,3,1,8.63299999999981,,13518,"[954, 270]",False,,True,1.0,False,strong,False,"[[1056, 240], [984, 348], [1218, 366], [1002, 402], [1362, 438], [1344, 564], [1470, 600]]",,"[[1668, 108]]",,0.38135966812384364,0.31695123313671814
521,3,1,8.648999999999887,,13518,"[954, 270]",False,,True,1.0,False,strong,False,"[[1062, 234], [990, 342], [1224, 360], [1008, 396], [1368, 432], [1350, 558], [1476, 594]]",,"[[1674, 102]]",,0.38135966812384364,0.31695123313671814
522,3,1,8.66599999999994,,13518,"[954, 270]",False,,True,1.0,False,strong,False,"[[1068, 228], [996, 336], [1230, 354], [1014, 390], [1374, 426], [1356, 552], [1482, 588]]",,"[[1680, 96]]",,0.46127355040347123,0.3083918954989623
523,3,1,8.682000000000016,,13518,"[954, 270]",False,,True,1.0,False,strong,False,"[[1074, 222], [1002, 330], [1236, 348], [1020, 384], [1380, 420], [1362, 546], [1488, 582]]",,"[[1686, 90]]",,0.46130932457603346,0.3109306878293684
524,3,1,8.697999999999865,,13518,"[954, 270]",False,,True,1.0,False,strong,False,"[[1080, 216], [1008, 324], [1242, 342], [1026, 378], [1386, 414], [1368, 540], [1494, 576]]",,"[[1692, 84]]",,0.4617973249616682,0.3131631946668578
525,3,1,8.714999999999918,,13518,"[954, 270]",False,,True,1.0,False,strong,False,"[[1086, 210], [1014, 318], [1248, 336], [1032, 372], [1392, 408], [1374, 534], [1500, 570]]",,"[[1698, 78]]",,0.46210279985717584,0.31374300202545313
526,3,1,8.731999999999971,,13518,"[954, 270]",False,,True,1.0,False,strong,False,"[[1092, 204], [1020, 312], [1254, 330], [1038, 366], [1398, 402], [1380, 528], [1506, 564]]",,"[[1704, 72]]",,0.4622838662592474,0.31467495346034235
527,3,1,8.74799999999982,,13518,"[954, 270]",False,,True,1.0,False,strong,False,"[[1098, 198], [1026, 306], [1260, 324], [1044, 360], [1404, 396], [1386, 522], [1512, 558]]",,"[[1710, 66]]",,0.45690509819949804,0.3101667874148387
528,3,1,8.763999999999896,,13518,"[954, 270]",False,,True,1.0,False,strong,False,"[[1104, 192], [1032, 300], [1266, 318], [1050, 354], [1410, 390], [1392, 516], [1518, 552]]",,"[[1716, 60]]",,0.4573516350495339,0.31127906722380927
529,3,1,8.780999999999949,,13518,"[954, 270]",False,,True,1.0,False,strong,False,"[[1110, 186], [1038, 294], [1272, 312], [1056, 348], [1416, 384], [1398, 510], [1524, 546]]",,"[[1722, 54]]",,0.4571047534118856,0.31096916045673995
530,3,1,8.798000000000002,,13518,"[954, 270]",False,Right,True,1.0,False,strong,False,"[[1116, 180], [1044, 288], [1278, 306], [1062, 342], [1422, 378], [1404, 504], [1530, 540]]",,"[[1722, 48]]",,0.45676831787357297,0.31056932536410575
531,3,1,8.81399999999985,,13518,"[954, 270]",False,Right,True,1.0,False,strong,False,"[[1116, 174], [1044, 282], [1278, 300], [1062, 336], [1422, 372], [1404, 498], [1530, 534]]",,"[[1722, 42]]",,0.45670476919598146,0.3094092810805005
532,3,1,8.82899999999995,,13518,"[954, 270]",False,Right,True,1.0,False,strong,False,"[[1116, 168], [1044, 276], [1278, 294], [1062, 330], [1422, 366], [1404, 492], [1530, 528]]",,"[[1722, 36]]",,0.45670476919598146,0.3094092810805005
533,3,1,8.845000000000027,,13518,"[954, 270]",False,Right,True,1.0,False,strong,False,"[[1116, 162], [1044, 270], [1278, 288], [1062, 324], [1422, 360], [1404, 486], [1530, 522]]",,"[[1722, 30]]",,0.45688602532771794,0.3101093611084661
534,3,1,8.860999999999876,,13518,"[954, 270]",False,Right,True,1.0,False,strong,False,"[[1116, 156], [1044, 264], [1278, 282], [1062, 318], [1422, 354], [1404, 480], [1530, 516]]",,"[[1722, 24]]",,0.45688602532771794,0.3101093611084661
535,3,1,8.878999999999905,,13518,"[954, 270]",False,Right,True,1.0,False,strong,False,"[[1116, 150], [1044, 258], [1278, 276], [1062, 312], [1422, 348], [1404, 474], [1530, 510]]",,"[[1722, 18]]",,0.45772637434030417,0.31213032031097976
536,3,1,8.894999999999982,,13518,"[954, 270]",False,Right,True,1.0,False,strong,False,"[[1116, 144], [1044, 252], [1278, 270], [1062, 306], [1422, 342], [1404, 468], [1530, 504]]",,"[[1722, 12]]",,0.4599498208366362,0.34395001651579205
537,3,1,8.91099999999983,,13518,"[954, 270]",False,Right,True,1.0,False,strong,False,"[[1116, 138], [1044, 246], [1278, 264], [1062, 300], [1422, 336], [1404, 462], [1530, 498]]",,"[[1722, 6]]",,0.4577170735899532,0.31388599166908304
538,3,1,8.927999999999884,,13518,"[954, 270]",False,Right,True,0.0,False,strong,False,"[[1116, 132], [1044, 240], [1278, 258], [1062, 294], [1422, 330], [1404, 456], [1530, 492]]",,"[[1722, 0]]",,0.4577170735899532,0.31388599166908304
539,3,1,8.944999999999936,,13518,"[954, 270]",False,Right,True,0.0,False,strong,False,"[[1116, 126], [1044, 234], [1278, 252], [1062, 288], [1422, 324], [1404, 450], [1530, 486]]",,[],,0.4581671704519345,0.31575737500348855
540,3,1,8.961000000000013,,13518,"[954, 270]",False,Right,True,0.0,False,strong,False,"[[1110, 120], [1038, 228], [1272, 246], [1056, 282], [1416, 318], [1398, 444], [1524, 480]]",,[],,0.4590395382931751,0.31595842946539776
541,3,1,8.976999999999862,,13518,"[954, 270]",False,Right,True,0.0,False,strong,False,"[[1104, 114], [1032, 222], [1266, 240], [1050, 276], [1410, 312], [1392, 438], [1518, 474]]",,[],,0.46003720413167803,0.31775022591140234
542,3,1,8.993999999999915,,13518,"[954, 270]",False,Right,True,0.0,False,strong,False,"[[1098, 108], [1026, 216], [1260, 234], [1044, 270], [1404, 306], [1386, 432], [1512, 468]]",,[],,0.46003720413167803,0.31775022591140234
543,3,1,9.010999999999967,,13518,"[954, 270]",False,Right,True,0.0,False,strong,False,"[[1092, 102], [1020, 210], [1254, 228], [1038, 264], [1398, 300], [1380, 426], [1506, 462]]",,[],,0.4606227032059508,0.3164063844559646
544,3,1,9.02800000000002,,13518,"[954, 270]",False,Right,True,0.0,False,strong,False,"[[1086, 96], [1014, 204], [1248, 222], [1032, 258], [1392, 294], [1374, 420], [1500, 456]]",,[],,0.4606227032059508,0.3164063844559646
545,3,1,9.045999999999822,,13518,"[954, 270]",False,Right,True,0.0,False,strong,False,"[[1080, 90], [1008, 198], [1242, 216], [1026, 252], [1386, 288], [1368, 414], [1494, 450]]",,[],,0.46003880823751153,0.3167307212934779
546,3,1,9.062999999999874,,13518,"[954, 270]",False,Right,True,0.0,False,strong,False,"[[1074, 84], [1002, 192], [1236, 210], [1020, 246], [1380, 282], [1362, 408], [1488, 444]]",,[],,0.45976147805990736,0.31611819478959724
547,3,1,9.07899999999995,,13518,"[954, 270]",False,Right,True,0.0,False,strong,False,"[[1068, 78], [996, 186], [1230, 204], [1014, 240], [1374, 276], [1356, 402], [1482, 438]]",,[],,0.48414845873836587,0.2616488842269129
548,3,1,9.095000000000027,,13518,"[954, 270]",False,Right,True,0.0,False,strong,False,"[[1062, 72], [990, 180], [1224, 198], [1008, 234], [1368, 270], [1350, 396], [1476, 432]]",,[],,0.48414845873836587,0.2616488842269129
549,3,1,9.111999999999853,,13518,"[954, 270]",False,Right,True,0.0,False,strong,False,"[[1056, 66], [984, 174], [1218, 192], [1002, 228], [1362, 264], [1344, 390], [1470, 426]]",,[],,0.4833681712960221,0.25647242381997526
550,3,1,9.127999999999929,,13518,"[954, 270]",False,Right,True,0.0,False,strong,False,"[[1050, 60], [978, 168], [1212, 186], [996, 222], [1356, 258], [1338, 384], [1464, 420]]",,[],,0.4833681712960221,0.25647242381997526
551,3,1,9.144000000000005,,13518,"[954, 270]",False,Right,True,0.0,False,strong,False,"[[1044, 54], [972, 162], [1206, 180], [990, 216], [1350, 252], [1332, 378], [1458, 414]]",,[],,0.4834593173487451,0.25251904632318045
552,3,1,9.159999999999854,,13518,"[954, 270]",False,Right,True,0.0,False,strong,False,"[[1038, 48], [966, 156], [1200, 174], [984, 210], [1344, 246], [1326, 372], [1452, 408]]",,[],,0.4834593173487451,0.25251904632318045
553,3,1,9.17599999999993,,13518,"[954, 270]",False,Right,True,0.0,False,strong,False,"[[1032, 42], [960, 150], [1194, 168], [978, 204], [1338, 240], [1320, 366], [1446, 402]]",,[],,0.48325883451231916,0.2530916915402438
554,3,1,9.192000000000007,,13518,"[954, 270]",False,Right,True,0.0,False,strong,False,"[[1026, 36], [954, 144], [1188, 162], [972, 198], [1332, 234], [1314, 360], [1440, 396]]",,[],,0.48325883451231916,0.2530916915402438
555,3,1,9.207999999999856,,13518,"[954, 270]",False,Right,True,0.0,False,strong,False,"[[1020, 30], [948, 138], [1182, 156], [966, 192], [1326, 228], [1308, 354], [1434, 390]]",,[],,0.48281492848007906,0.25017269904393613
556,3,1,9.224999999999909,,13518,"[954, 270]",False,Right,True,0.0,False,strong,False,"[[1014, 24], [942, 132], [1176, 150], [960, 186], [1320, 222], [1302, 348], [1428, 384]]",,[],,0.48281492848007906,0.25017269904393613
557,3,1,9.241999999999962,,13518,"[954, 270]",False,Right,True,0.0,False,strong,False,"[[1008, 18], [936, 126], [1170, 144], [954, 180], [1314, 216], [1296, 342], [1422, 378]]",,[],,0.48276923551038253,0.25129505427568133
558,3,1,9.25799999999981,,13518,"[954, 270]",False,,True,0.0,False,strong,False,"[[1002, 12], [930, 120], [1164, 138], [948, 174], [1308, 210], [1290, 336], [1416, 372]]",,[],,0.48276923551038253,0.25129505427568133
559,3,1,9.274999999999864,,13518,"[954, 270]",False,,True,0.0,False,strong,False,"[[1002, 6], [930, 114], [1164, 132], [948, 168], [1308, 204], [1290, 330], [1416, 366]]",,[],,0.4829510873598662,0.25266437417916277
560,3,1,9.291999999999916,,13518,"[954, 270]",False,,True,0.0,False,strong,False,"[[1002, 0], [930, 108], [1164, 126], [948, 162], [1308, 198], [1290, 324], [1416, 360]]",,[],,0.4829510873598662,0.25266437417916277
561,3,1,9.308999999999969,,13518,"[954, 270]",False,,True,0.0,False,strong,False,"[[930, 102], [1164, 120], [948, 156], [1308, 192], [1290, 318], [1416, 354]]",,[],,0.48359946830317774,0.25398140484829657
562,3,1,9.326000000000022,,13518,"[954, 270]",False,,True,0.0,False,strong,False,"[[930, 96], [1164, 114], [948, 150], [1308, 186], [1290, 312], [1416, 348]]",,[],,0.48359946830317774,0.25398140484829657
563,3,1,9.34199999999987,,13518,"[954, 270]",False,,True,0.0,False,strong,False,"[[930, 90], [1164, 108], [948, 144], [1308, 180], [1290, 306], [1416, 342]]",,[],,0.4824018047864704,0.2551229345192807
564,3,1,9.357999999999947,,13518,"[954, 270]",False,,True,0.0,False,strong,False,"[[930, 84], [1164, 102], [948, 138], [1308, 174], [1290, 300], [1416, 336]]",,[],,0.4824018047864704,0.2551229345192807
565,3,1,9.374000000000024,,13518,"[954, 270]",False,,True,0.0,False,strong,False,"[[930, 78], [1164, 96], [948, 132], [1308, 168], [1290, 294], [1416, 330]]",,[],,0.48180029083569165,0.2558262101639518
566,3,1,9.389999999999873,,13518,"[954, 270]",False,,True,0.0,False,strong,False,"[[930, 72], [1164, 90], [948, 126], [1308, 162], [1290, 288], [1416, 324]]",,[],,0.48180029083569165,0.2558262101639518
567,3,1,9.406999999999925,,13518,"[954, 270]",False,,True,0.0,False,strong,False,"[[930, 66], [1164, 84], [948, 120], [1308, 156], [1290, 282], [1416, 318]]",,[],,0.4816483885797669,0.2576288173575543
568,3,1,9.423000000000002,,13518,"[954, 270]",False,,True,0.0,False,strong,False,"[[930, 60], [1164, 78], [948, 114], [1308, 150], [1290, 276], [1416, 312]]",,[],,0.4816483885797669,0.2576288173575543
569,3,1,9.439999999999827,,13518,"[954, 270]",False,,True,0.0,False,strong,False,"[[930, 54], [1164, 72], [948, 108], [1308, 144], [1290, 270], [1416, 306]]",,[],,0.4820410779590382,0.2598196482094324
570,3,1,9.45699999999988,,13518,"[954, 270]",False,,True,0.0,False,strong,False,"[[930, 48], [1164, 66], [948, 102], [1308, 138], [1290, 264], [1416, 300]]",,[],,0.4820410779590382,0.2598196482094324
571,3,1,9.473999999999933,,13518,"[954, 270]",False,,True,0.0,False,strong,False,"[[930, 42], [1164, 60], [948, 96], [1308, 132], [1290, 258], [1416, 294]]",,[],,0.49072783690882416,0.228457017234046
572,3,1,9.490000000000009,,13518,"[954, 270]",False,,True,0.0,False,strong,False,"[[930, 36], [1164, 54], [948, 90], [1308, 126], [1290, 252], [1416, 288]]",,[],,0.49072783690882416,0.228457017234046
573,3,1,9.506999999999834,,13518,"[954, 270]",False,,True,0.0,False,strong,False,"[[930, 30], [1164, 48], [948, 84], [1308, 120], [1290, 246], [1416, 282]]",,[],,0.49068663570307935,0.22632905372225087
574,3,1,9.523999999999887,,13518,"[954, 270]",False,,True,0.0,False,strong,False,"[[930, 24], [1164, 42], [948, 78], [1308, 114], [1290, 240], [1416, 276]]",,[],,0.49068663570307935,0.22632905372225087
575,3,1,9.54099999999994,,13518,"[954, 270]",False,,True,0.0,False,strong,False,"[[930, 18], [1164, 36], [948, 72], [1308, 108], [1290, 234], [1416, 270]]",,[],,0.49045194855281943,0.226283357627157
576,3,1,9.557000000000016,,13518,"[954, 270]",False,,True,0.0,False,strong,False,"[[930, 12], [1164, 30], [948, 66], [1308, 102], [1290, 228], [1416, 264]]",,[],,0.4901621902374408,0.22592812251859962
577,3,1,9.572999999999865,,13518,"[954, 270]",False,,True,0.0,False,strong,False,"[[930, 6], [1164, 24], [948, 60], [1308, 96], [1290, 222], [1416, 258]]",,[],,0.4895767785440344,0.22664598115758405
578,3,1,9.589999999999918,,13518,"[954, 270]",False,Right,True,0.0,False,strong,False,"[[930, 0], [1164, 18], [948, 54], [1308, 90], [1290, 216], [1416, 252]]",,[],,0.4895767785440344,0.22664598115758405
579,3,1,9.605000000000018,,13518,"[954, 270]",False,Right,True,0.0,False,strong,False,"[[1158, 12], [942, 48], [1302, 84], [1284, 210], [1410, 246]]",,[],,0.48999106837372236,0.23162543603257746
580,3,1,9.620999999999867,,13518,"[954, 270]",False,Right,True,0.0,False,strong,False,"[[1152, 6], [936, 42], [1296, 78], [1278, 204], [1404, 240]]",,[],,0.48999106837372236,0.23162543603257746
581,3,1,9.63799999999992,,13518,"[954, 270]",False,Right,True,0.0,False,strong,False,"[[1146, 0], [930, 36], [1290, 72], [1272, 198], [1398, 234], [1272, 810]]",,[],,0.4899753602591647,0.23311881407264823
582,3,1,9.653999999999996,,13518,"[954, 270]",False,Right,True,0.0,False,strong,False,"[[924, 30], [1284, 66], [1266, 192], [1392, 228], [1266, 804]]",,[],,0.46172404760599955,0.32594981045804194
583,3,1,9.670999999999822,,13518,"[954, 270]",False,Right,True,0.0,False,strong,False,"[[918, 24], [1278, 60], [1260, 186], [1386, 222], [1260, 798]]",,[],,0.4904571390902409,0.23414875229677645
584,3,1,9.686999999999898,,13518,"[954, 270]",False,Right,True,0.0,False,strong,False,"[[912, 18], [1272, 54], [1254, 180], [1380, 216], [1254, 792]]",,[],,0.4904571390902409,0.23414875229677645
585,3,1,9.70399999999995,,13518,"[954, 270]",False,Right,True,0.0,False,strong,False,"[[906, 12], [1266, 48], [1248, 174], [1374, 210], [1248, 786]]",,[],,0.49102195187861764,0.23166348898649702
586,3,1,9.720000000000027,,13518,"[954, 270]",False,Right,True,0.0,False,strong,False,"[[900, 6], [1260, 42], [1242, 168], [1368, 204], [1242, 780]]",,[],,0.4910842743345964,0.2342322464298061
587,3,1,9.736999999999853,,13518,"[954, 270]",False,Right,True,0.0,False,strong,False,"[[894, 0], [1254, 36], [1236, 162], [1362, 198], [1236, 774]]",,[],,0.49132937049047926,0.23693241382706987
588,3,1,9.753999999999905,,13518,"[954, 270]",False,Right,True,0.0,False,strong,False,"[[1248, 30], [1230, 156], [1356, 192], [1230, 768]]",,[],,0.4912607401775264,0.23828351573320583
589,3,1,9.769999999999982,,13518,"[954, 270]",False,Right,True,0.0,False,strong,False,"[[1242, 24], [1224, 150], [1350, 186], [1224, 762]]",,[],,0.49114080744837174,0.24005319524583224
590,3,1,9.787000000000035,,13518,"[954, 270]",False,Right,True,0.0,False,strong,False,"[[1236, 18], [1218, 144], [1344, 180], [1218, 756], [858, 810]]",,[],,0.4927810484768768,0.23773940418664918
591,3,1,9.80399999999986,,13518,"[954, 270]",False,Right,True,0.0,False,strong,False,"[[1230, 12], [1212, 138], [1338, 174], [1212, 750], [852, 804]]",,[],,0.4927810484768768,0.23773940418664918
592,3,1,9.819999999999936,,13518,"[954, 270]",False,Right,True,0.0,False,strong,False,"[[1224, 6], [1206, 132], [1332, 168], [1206, 744], [846, 798]]",,[],,0.5082759687361473,0.2076832757912721
593,3,1,9.836000000000013,,13518,"[954, 270]",False,,True,0.0,False,strong,False,"[[1218, 0], [1200, 126], [1326, 162], [1200, 738], [840, 792], [1200, 810], [1020, 810]]",,[],,0.508673891812609,0.20728528885509534
594,3,1,9.852999999999838,,13518,"[954, 270]",False,,True,0.0,False,strong,False,"[[1200, 120], [1326, 156], [1200, 732], [840, 786], [1200, 804], [1020, 804]]",,[],,0.5098117759923775,0.20456857329409006
595,3,1,9.867999999999938,,13518,"[954, 270]",False,,True,0.0,False,strong,False,"[[1200, 114], [1326, 150], [1200, 726], [840, 780], [1200, 798], [1020, 798]]",,[],,0.5100758613404837,0.20345083872671377
596,3,1,9.884999999999991,,13518,"[954, 270]",False,,True,0.0,False,strong,False,"[[1200, 108], [1326, 144], [1200, 720], [840, 774], [1200, 792], [1020, 792]]",,[],,0.510779525400315,0.20342115387633297
597,3,1,9.901999999999816,,13518,"[954, 270]",False,,True,0.0,False,strong,False,"[[1200, 102], [1326, 138], [1200, 714], [840, 768], [1200, 786], [1020, 786]]",,[],,0.510779525400315,0.20342115387633297
598,3,1,9.917999999999893,,13518,"[954, 270]",False,,True,0.0,False,strong,False,"[[1200, 96], [1326, 132], [1200, 708], [840, 762], [1200, 780], [1020, 780]]",,[],,0.5109496051778346,0.20494589985713574
599,3,1,9.934999999999945,,13518,"[954, 270]",False,,True,0.0,False,strong,False,"[[1200, 90], [1326, 126], [1200, 702], [840, 756], [1200, 774], [1020, 774]]",,[],,0.5107970742348722,0.2059138066025934
600,3,1,9.952999999999975,,13518,"[954, 270]",False,,True,0.0,False,strong,False,"[[1200, 84], [1326, 120], [1200, 696], [840, 750], [1200, 768], [1020, 768]]",,[],,0.510778272761552,0.2086700102414628
601,3,1,9.968999999999824,,13518,"[954, 270]",False,,True,0.0,False,strong,False,"[[1200, 78], [1326, 114], [1200, 690], [840, 744], [1200, 762], [1020, 762]]",,[],,0.510778272761552,0.2086700102414628
602,3,1,9.985999999999876,,13518,"[954, 270]",False,,True,0.0,False,strong,False,"[[1200, 72], [1326, 108], [1200, 684], [840, 738], [1200, 756], [1020, 756]]",,[],,0.5094513620182619,0.21017998636528357
603,3,1,10.001999999999953,,13518,"[954, 270]",False,,True,0.0,False,strong,False,"[[1200, 66], [1326, 102], [1200, 678], [840, 732], [1200, 750], [1020, 750]]",,[],,0.5090091049560097,0.20989222501210902
604,3,1,10.019000000000005,,13518,"[954, 270]",False,,True,0.0,False,strong,False,"[[1200, 60], [1326, 96], [1200, 672], [840, 726], [1200, 744], [1020, 744]]",,[],,0.5087740603711254,0.20811978874289028
605,3,1,10.034999999999854,,13518,"[954, 270]",False,,True,0.0,False,strong,False,"[[1200, 54], [1326, 90], [1200, 666], [840, 720], [1200, 738], [1020, 738]]",,[],,0.5083387217158692,0.20796885267257292
606,3,1,10.05099999999993,,13518,"[954, 270]",False,,True,0.0,False,strong,False,"[[1200, 48], [1326, 84], [1200, 660], [840, 714], [1200, 732], [1020, 732]]",,[],,0.5079602136245108,0.20798031239095338
607,3,1,10.067999999999984,,13518,"[954, 270]",False,,True,0.0,False,strong,False,"[[1200, 42], [1326, 78], [1200, 654], [840, 708], [1200, 726], [1020, 726]]",,[],,0.5079602136245108,0.20798031239095338
608,3,1,10.083999999999833,,13518,"[954, 270]",False,Right,True,0.0,False,strong,False,"[[1200, 36], [1326, 72], [1200, 648], [840, 702], [1200, 720], [1020, 720]]",,[],,0.5070565352042027,0.21165165950403475
609,3,1,10.100999999999885,,13518,"[954, 270]",False,Right,True,0.0,False,strong,False,"[[1194, 30], [1320, 66], [1194, 642], [834, 696], [1194, 714], [1014, 714]]",,[],,0.5070565352042027,0.21165165950403475
610,3,1,10.117999999999938,,13518,"[954, 270]",False,Right,True,0.0,False,strong,False,"[[1188, 24], [1314, 60], [1188, 636], [828, 690], [1188, 708], [1008, 708]]",,[],,0.5018478001259359,0.20166388910090127
611,3,1,10.134000000000015,,13518,"[954, 270]",False,Right,True,0.0,False,strong,False,"[[1182, 18], [1308, 54], [1182, 630], [822, 684], [1182, 702], [1002, 702]]",,[],,0.5008038543286815,0.19782420898788255
612,3,1,10.149999999999864,,13518,"[954, 270]",False,Right,True,0.0,False,strong,False,"[[1176, 12], [1302, 48], [1176, 624], [816, 678], [1176, 696], [996, 696]]",,[],,0.470808036632714,0.2281407100069206
613,3,1,10.166999999999916,,13518,"[954, 270]",False,Right,True,0.0,False,strong,False,"[[1170, 6], [1296, 42], [1170, 618], [810, 672], [1170, 690], [990, 690]]",,"[[576, 810]]",,0.470808036632714,0.2281407100069206
614,3,1,10.182999999999993,,13518,"[954, 270]",False,Right,True,0.0,False,strong,False,"[[1164, 0], [1290, 36], [1164, 612], [804, 666], [1164, 684], [984, 684]]",,"[[570, 804]]",,0.46860530078240403,0.22604969449204004
615,3,1,10.198999999999842,,13518,"[954, 270]",False,Right,True,0.0,False,strong,False,"[[1284, 30], [1158, 606], [798, 660], [1158, 678], [978, 678]]",,"[[564, 798]]",,0.46860530078240403,0.22604969449204004
616,3,1,10.215999999999894,,13518,"[954, 270]",False,,True,0.0,False,strong,False,"[[1278, 24], [1152, 600], [792, 654], [1152, 672], [972, 672]]",,"[[564, 792]]",,0.4692860627101937,0.22489085811547738
617,3,1,10.231999999999971,,13518,"[954, 270]",False,,True,0.0,False,strong,False,"[[1278, 18], [1152, 594], [792, 648], [1152, 666], [972, 666]]",,"[[564, 786]]",,0.4692860627101937,0.22489085811547738
618,3,1,10.24799999999982,,13518,"[954, 270]",False,,True,0.0,False,strong,False,"[[1278, 12], [1152, 588], [792, 642], [1152, 660], [972, 660]]",,"[[564, 780]]",,0.46815913060782977,0.22873094247624293
619,3,1,10.264999999999873,,13518,"[954, 270]",False,,True,0.0,False,strong,False,"[[1278, 6], [1152, 582], [792, 636], [1152, 654], [972, 654]]",,"[[564, 774]]",,0.46815913060782977,0.22873094247624293
620,3,1,10.281999999999925,,13518,"[954, 270]",False,,True,0.0,False,strong,False,"[[1278, 0], [1152, 576], [792, 630], [1152, 648], [972, 648], [918, 810]]",,"[[564, 768]]",,0.4685056822562655,0.2329072706568922
621,3,1,10.298999999999978,,13518,"[954, 270]",False,,True,0.0,False,strong,False,"[[1152, 570], [792, 624], [1152, 642], [972, 642], [918, 804]]",,"[[564, 762]]",,0.4685056822562655,0.2329072706568922
622,3,1,10.316000000000031,,13518,"[954, 270]",False,,True,0.0,False,strong,False,"[[1152, 564], [792, 618], [1152, 636], [972, 636], [918, 798]]",,"[[564, 756]]",,0.46876327014299723,0.2356630616065748
623,3,1,10.33199999999988,,13518,"[954, 270]",False,,True,0.0,False,strong,False,"[[1152, 558], [792, 612], [1152, 630], [972, 630], [918, 792]]",,"[[564, 750]]",,0.46876327014299723,0.2356630616065748
624,3,1,10.349999999999909,,13518,"[954, 270]",False,,True,0.0,False,strong,False,"[[1152, 552], [792, 606], [1152, 624], [972, 624], [918, 786]]",,"[[564, 744]]",,0.46851337939486576,0.24067093306293907
625,3,1,10.366999999999962,,13518,"[954, 270]",False,,True,0.0,False,strong,False,"[[1152, 546], [792, 600], [1152, 618], [972, 618], [918, 780]]",,"[[564, 738]]",,0.46851337939486576,0.24067093306293907
626,3,1,10.384999999999991,,13518,"[954, 270]",False,,True,0.0,False,strong,False,"[[1152, 540], [792, 594], [1152, 612], [972, 612], [918, 774]]",,"[[564, 732]]",,0.4656808750571157,0.245302176666371
627,3,1,10.40099999999984,,13518,"[954, 270]",False,,True,0.0,False,strong,False,"[[1152, 534], [792, 588], [1152, 606], [972, 606], [918, 768]]",,"[[564, 726]]",,0.4657427634380734,0.24580567006818999
628,3,1,10.417999999999893,,13518,"[954, 270]",False,,True,0.0,False,strong,False,"[[1152, 528], [792, 582], [1152, 600], [972, 600], [918, 762]]",,"[[564, 720]]",,0.46331515033346093,0.24559732839218085
629,3,1,10.434999999999945,,13518,"[954, 270]",False,,True,0.0,False,strong,False,"[[1152, 522], [792, 576], [1152, 594], [972, 594], [918, 756]]",,"[[564, 714]]",,0.46331515033346093,0.24559732839218085
630,3,1,10.451999999999998,,13518,"[954, 270]",False,,True,0.0,False,strong,False,"[[1152, 516], [792, 570], [1152, 588], [972, 588], [918, 750]]",,"[[564, 708]]",,0.4604162941269626,0.2524523575650268
631,3,1,10.470000000000027,,13518,"[954, 270]",False,Left,True,0.0,False,strong,False,"[[1152, 510], [792, 564], [1152, 582], [972, 582], [918, 744]]",,"[[570, 702]]",,0.4604162941269626,0.2524523575650268
632,3,1,10.485999999999876,,13518,"[954, 270]",False,Left,True,0.0,False,strong,False,"[[1158, 504], [798, 558], [1158, 576], [978, 576], [924, 738]]",,"[[576, 696]]",,0.45990276689412113,0.2556344214481936
633,3,1,10.501999999999953,,13518,"[954, 270]",False,Left,True,0.0,False,strong,False,"[[1164, 498], [804, 552], [1164, 570], [984, 570], [930, 732]]",,"[[582, 690]]",,0.45990276689412113,0.2556344214481936
634,3,1,10.519000000000005,,13518,"[954, 270]",False,Left,True,0.0,False,strong,False,"[[1170, 492], [810, 546], [1170, 564], [990, 564], [936, 726]]",,"[[588, 684]]",,0.44432132275838915,0.2452372797295409
635,3,1,10.534999999999854,,13518,"[954, 270]",False,Left,True,0.0,False,strong,False,"[[1176, 486], [816, 540], [1176, 558], [996, 558], [942, 720]]",,"[[594, 678]]",,0.44432132275838915,0.2452372797295409
636,3,1,10.55099999999993,,13518,"[954, 270]",False,Left,True,0.0,False,strong,False,"[[1182, 480], [822, 534], [1182, 552], [1002, 552], [948, 714]]",,"[[600, 672]]",,0.43172145606932455,0.2323976373621267
637,3,1,10.567999999999984,,13518,"[954, 270]",False,Left,True,0.0,False,strong,False,"[[1188, 474], [828, 528], [1188, 546], [1008, 546], [954, 708]]",,"[[606, 666]]",,0.43172145606932455,0.2323976373621267
638,3,1,10.583999999999833,,13518,"[954, 270]",False,Left,True,0.0,False,strong,False,"[[1194, 468], [834, 522], [1194, 540], [1014, 540], [960, 702]]",,"[[612, 660]]",,0.42693459133198103,0.22707983204419402
639,3,1,10.600999999999885,,13518,"[954, 270]",False,Left,True,0.0,False,strong,False,"[[1200, 462], [840, 516], [1200, 534], [1020, 534], [966, 696]]",,"[[618, 654]]",,0.42693459133198103,0.22707983204419402
640,3,1,10.617999999999938,,13518,"[954, 270]",False,Left,True,0.0,False,strong,False,"[[1206, 456], [846, 510], [1206, 528], [1026, 528], [972, 690]]",,"[[624, 648]]",,0.4252942600665463,0.22839415585331724
641,3,1,10.634999999999991,,13518,"[954, 270]",False,Left,True,0.0,False,strong,False,"[[1212, 450], [852, 504], [1212, 522], [1032, 522], [978, 684]]",,"[[630, 642]]",,0.4252942600665463,0.22839415585331724
642,3,1,10.651999999999816,,13518,"[954, 270]",False,Left,True,0.0,False,strong,False,"[[1218, 444], [858, 498], [1218, 516], [1038, 516], [984, 678]]",,"[[636, 636]]",,0.4273376149848357,0.23334189263669747
643,3,1,10.667999999999893,,13518,"[954, 270]",False,,True,0.0,False,strong,False,"[[1224, 438], [864, 492], [1224, 510], [1044, 510], [990, 672]]",,"[[636, 630]]",,0.4273376149848357,0.23334189263669747
644,3,1,10.683999999999969,,13518,"[954, 270]",False,,True,0.0,False,strong,False,"[[1224, 432], [864, 486], [1224, 504], [1044, 504], [990, 666]]",,"[[636, 624]]",,0.42862593131278415,0.23799722865330342
645,3,1,10.699999999999818,,13518,"[954, 270]",False,,True,0.0,False,strong,False,"[[1224, 426], [864, 480], [1224, 498], [1044, 498], [990, 660]]",,"[[636, 618]]",,0.42862593131278415,0.23799722865330342
646,3,1,10.715999999999894,,13518,"[954, 270]",False,,True,0.0,False,strong,False,"[[1224, 420], [864, 474], [1224, 492], [1044, 492], [990, 654]]",,"[[636, 612]]",,0.4306507673773498,0.24163099905525232
647,3,1,10.731999999999971,,13518,"[954, 270]",False,,True,0.0,False,strong,False,"[[1224, 414], [864, 468], [1224, 486], [1044, 486], [990, 648]]",,"[[636, 606]]",,0.4306507673773498,0.24163099905525232
648,3,1,10.74799999999982,,13518,"[954, 270]",False,,True,0.0,False,strong,False,"[[1224, 408], [864, 462], [1224, 480], [1044, 480], [990, 642]]",,"[[636, 600]]",,0.4319335387729092,0.24555492859372052
649,3,1,10.764999999999873,,13518,"[954, 270]",False,,True,0.0,False,strong,False,"[[1224, 402], [864, 456], [1224, 474], [1044, 474], [990, 636]]",,"[[636, 594]]",,0.4319335387729092,0.24555492859372052
650,3,1,10.781999999999925,,13518,"[954, 270]",False,,True,0.0,False,strong,False,"[[1224, 396], [864, 450], [1224, 468], [1044, 468], [990, 630]]",,"[[636, 588]]",,0.4461145510491523,0.24106688730874104
651,3,1,10.798999999999978,,13518,"[954, 270]",False,,True,0.0,False,strong,False,"[[1224, 390], [864, 444], [1224, 462], [1044, 462], [990, 624]]",,"[[636, 582]]",,0.4461145510491523,0.24106688730874104
652,3,1,10.814999999999827,,13518,"[954, 270]",False,,True,0.0,False,strong,False,"[[1224, 384], [864, 438], [1224, 456], [1044, 456], [990, 618]]",,"[[636, 576]]",,0.4496139849410656,0.24521335214499174
653,3,1,10.830999999999904,,13518,"[954, 270]",False,,True,0.0,False,strong,False,"[[1224, 378], [864, 432], [1224, 450], [1044, 450], [990, 612]]",,"[[636, 570]]",,0.4496139849410656,0.24521335214499174
654,3,1,10.847999999999956,,13518,"[954, 270]",False,,True,0.0,False,strong,False,"[[1224, 372], [864, 426], [1224, 444], [1044, 444], [990, 606]]",,"[[636, 564]]",,0.4508433532333888,0.24735811230310345
655,3,1,10.865000000000009,,13518,"[954, 270]",False,,True,0.0,False,strong,False,"[[1224, 366], [864, 420], [1224, 438], [1044, 438], [990, 600]]",,"[[636, 558]]",,0.4508433532333888,0.24735811230310345
656,3,1,10.881999999999834,,13518,"[954, 270]",False,,True,0.0,False,strong,False,"[[1224, 360], [864, 414], [1224, 432], [1044, 432], [990, 594]]",,"[[636, 552]]",,0.45372316677643215,0.2520315855177233
657,3,1,10.899999999999864,,13518,"[954, 270]",False,,True,0.0,False,strong,False,"[[1224, 354], [864, 408], [1224, 426], [1044, 426], [990, 588]]",,"[[636, 546]]",,0.45256414275951184,0.252505358496946
658,3,1,10.91599999999994,,13518,"[954, 270]",False,,True,0.0,False,strong,False,"[[1224, 348], [864, 402], [1224, 420], [1044, 420], [990, 582]]",,"[[636, 540]]",,0.45231782420154065,0.2579209095851528
659,3,1,10.932000000000016,,13518,"[954, 270]",False,,True,0.0,False,strong,False,"[[1224, 342], [864, 396], [1224, 414], [1044, 414], [990, 576], [918, 810]]",,"[[636, 534]]",,0.45231782420154065,0.2579209095851528
660,3,1,10.948999999999842,,13518,"[954, 270]",False,Left,True,0.0,False,strong,False,"[[1224, 336], [864, 390], [1224, 408], [1044, 408], [990, 570], [918, 804]]",,"[[642, 528]]",,0.45236760532707504,0.2640928534886111
661,3,1,10.965999999999894,,13518,"[954, 270]",False,Left,True,0.0,False,strong,False,"[[1230, 330], [870, 384], [1230, 402], [1050, 402], [996, 564], [924, 798]]",,"[[648, 522]]",,0.45236760532707504,0.2640928534886111
662,3,1,10.982999999999947,,13518,"[954, 270]",False,Left,True,0.0,False,strong,False,"[[1236, 324], [876, 378], [1236, 396], [1056, 396], [1002, 558], [930, 792]]",,"[[654, 516]]",,0.45413087131425767,0.2703004780735654
663,3,1,10.999000000000024,,13518,"[954, 270]",False,Left,True,0.0,False,strong,False,"[[1242, 318], [882, 372], [1242, 390], [1062, 390], [1008, 552], [936, 786]]",,"[[660, 510]]",,0.45413087131425767,0.2703004780735654
664,3,1,11.015999999999849,,13518,"[954, 270]",False,Left,True,0.0,False,strong,False,"[[1248, 312], [888, 366], [1248, 384], [1068, 384], [1014, 546], [942, 780]]",,"[[666, 504]]",,0.4553486832041971,0.2743613592161378
665,3,1,11.031999999999925,,13518,"[954, 270]",False,Left,True,0.0,False,strong,False,"[[1254, 306], [894, 360], [1254, 378], [1074, 378], [1020, 540], [948, 774]]",,"[[672, 498]]",,0.4553486832041971,0.2743613592161378
666,3,1,11.048000000000002,,13518,"[954, 270]",False,Left,True,0.0,False,strong,False,"[[1260, 300], [900, 354], [1260, 372], [1080, 372], [1026, 534], [954, 768]]",,"[[678, 492]]",,0.4554741748743771,0.2774117506459143
667,3,1,11.064999999999827,,13518,"[954, 270]",False,Left,True,0.0,False,strong,False,"[[1266, 294], [906, 348], [1266, 366], [1086, 366], [1032, 528], [960, 762]]",,"[[684, 486]]",,0.4554741748743771,0.2774117506459143
668,3,1,11.08199999999988,,13518,"[954, 270]",False,,True,0.0,False,strong,False,"[[1272, 288], [912, 342], [1272, 360], [1092, 360], [1038, 522], [966, 756]]",,"[[684, 480]]",,0.45527290638200146,0.279151107733685
669,3,1,11.097999999999956,,13518,"[954, 270]",False,,True,0.0,False,strong,False,"[[1272, 282], [912, 336], [1272, 354], [1092, 354], [1038, 516], [966, 750]]",,"[[684, 474]]",,0.4552985108882989,0.2794290151941303
670,3,1,11.115000000000009,,13518,"[954, 270]",False,,True,0.0,False,strong,False,"[[1272, 276], [912, 330], [1272, 348], [1092, 348], [1038, 510], [966, 744]]",,"[[684, 468]]",,0.45549543782658725,0.2825203899854909
671,3,1,11.131999999999834,,13518,"[954, 270]",False,,True,0.0,False,strong,False,"[[1272, 270], [912, 324], [1272, 342], [1092, 342], [1038, 504], [966, 738], [1110, 810], [966, 810]]",,"[[684, 462]]",,0.45549543782658725,0.2825203899854909
672,3,1,11.14799999999991,,13518,"[954, 270]",False,,True,0.0,False,strong,False,"[[1272, 264], [912, 318], [1272, 336], [1092, 336], [1038, 498], [966, 732], [1110, 804], [966, 804]]",,"[[684, 456]]",,0.4561343913491881,0.2839107026751936
673,3,1,11.163999999999987,,13518,"[954, 270]",False,,True,0.0,False,strong,False,"[[1272, 258], [912, 312], [1272, 330], [1092, 330], [1038, 492], [966, 726], [1110, 798], [966, 798]]",,"[[684, 450]]",,0.4564186616928847,0.2855762607948983
674,3,1,11.179999999999836,,13518,"[954, 270]",False,,True,0.0,False,strong,False,"[[1272, 252], [912, 306], [1272, 324], [1092, 324], [1038, 486], [966, 720], [1110, 792], [966, 792]]",,"[[684, 444]]",,0.4565686641471003,0.28727911792575844
675,3,1,11.195999999999913,,13518,"[954, 270]",False,,True,0.0,False,strong,False,"[[1272, 246], [912, 300], [1272, 318], [1092, 318], [1038, 480], [966, 714], [1110, 786], [966, 786]]",,"[[684, 438]]",,0.4565686641471003,0.28727911792575844
676,3,1,11.211999999999989,,13518,"[954, 270]",False,,True,0.0,False,strong,False,"[[1272, 240], [912, 294], [1272, 312], [1092, 312], [1038, 474], [966, 708], [1110, 780], [966, 780]]",,"[[684, 432]]",,0.45683244048197436,0.2878260595016905
677,3,1,11.227999999999838,,13518,"[954, 270]",False,,True,0.0,False,strong,False,"[[1272, 234], [912, 288], [1272, 306], [1092, 306], [1038, 468], [966, 702], [1110, 774], [966, 774]]",,"[[684, 426]]",,0.45669354042812077,0.28907919823332184
678,3,1,11.24499999999989,,13518,"[954, 270]",False,,True,0.0,False,strong,False,"[[1272, 228], [912, 282], [1272, 300], [1092, 300], [1038, 462], [966, 696], [1110, 768], [966, 768]]",,"[[684, 420]]",,0.4563295145954095,0.2901419935743942
679,3,1,11.260999999999967,,13518,"[954, 270]",False,,True,0.0,False,strong,False,"[[1272, 222], [912, 276], [1272, 294], [1092, 294], [1038, 456], [966, 690], [1110, 762], [966, 762]]",,"[[684, 414]]",,0.45663885240171054,0.2906152104205769
680,3,1,11.276999999999816,,13518,"[954, 270]",False,,True,0.0,False,strong,False,"[[1272, 216], [912, 270], [1272, 288], [1092, 288], [1038, 450], [966, 684], [1110, 756], [966, 756]]",,"[[684, 408]]",,0.45655095289637304,0.2920618975716165
681,3,1,11.294999999999845,,13518,"[954, 270]",False,,True,0.0,False,strong,False,"[[1272, 210], [912, 264], [1272, 282], [1092, 282], [1038, 444], [966, 678], [1110, 750], [966, 750]]",,"[[684, 402]]",,0.45665873141809277,0.2927157227266258
682,3,1,11.311999999999898,,13518,"[954, 270]",False,,True,0.0,False,strong,False,"[[1272, 204], [912, 258], [1272, 276], [1092, 276], [1038, 438], [966, 672], [1110, 744], [966, 744]]",,"[[684, 396]]",,0.4567103743880578,0.29333294124778464
683,3,1,11.327999999999975,,13518,"[954, 270]",False,,True,0.0,False,strong,False,"[[1272, 198], [912, 252], [1272, 270], [1092, 270], [1038, 432], [966, 666], [1110, 738], [966, 738]]",,"[[684, 390]]",,0.4565527440426872,0.2934004712276944
684,3,1,11.343999999999824,,13518,"[954, 270]",False,,True,0.0,False,strong,False,"[[1272, 192], [912, 246], [1272, 264], [1092, 264], [1038, 426], [966, 660], [1110, 732], [966, 732]]",,"[[684, 384]]",,0.4566736287475931,0.29410528698914395
685,3,1,11.3599999999999,,13518,"[954, 270]",False,,True,0.0,False,strong,False,"[[1272, 186], [912, 240], [1272, 258], [1092, 258], [1038, 420], [966, 654], [1110, 726], [966, 726]]",,"[[684, 378]]",,0.45642743330282104,0.2950591883353938
686,3,1,11.376999999999953,,13518,"[954, 270]",False,,True,0.0,False,strong,False,"[[1272, 180], [912, 234], [1272, 252], [1092, 252], [1038, 414], [966, 648], [1110, 720], [966, 720]]",,"[[684, 372]]",,0.4566529759573883,0.29562690284437054
687,3,1,11.394000000000005,,13518,"[954, 270]",False,,True,0.0,False,strong,False,"[[1272, 174], [912, 228], [1272, 246], [1092, 246], [1038, 408], [966, 642], [1110, 714], [966, 714]]",,"[[684, 366]]",,0.45681413148376065,0.2964237321829365
688,3,1,11.41099999999983,,13518,"[954, 270]",False,,True,0.0,False,strong,False,"[[1272, 168], [912, 222], [1272, 240], [1092, 240], [1038, 402], [966, 636], [1110, 708], [966, 708]]",,"[[684, 360]]",,0.45679564927438304,0.29673245721498587
689,3,1,11.427999999999884,,13518,"[954, 270]",False,,True,0.0,False,strong,False,"[[1272, 162], [912, 216], [1272, 234], [1092, 234], [1038, 396], [966, 630], [1110, 702], [966, 702]]",,"[[684, 354]]",,0.4561036335019929,0.2989792011285506
690,3,1,11.444999999999936,,13518,"[954, 270]",False,,True,0.0,False,strong,False,"[[1272, 156], [912, 210], [1272, 228], [1092, 228], [1038, 390], [966, 624], [1110, 696], [966, 696]]",,"[[684, 348]]",,0.4560665392772633,0.29859787155642525
691,3,1,11.461999999999989,,13518,"[954, 270]",False,Left,True,0.0,False,strong,False,"[[1272, 150], [912, 204], [1272, 222], [1092, 222], [1038, 384], [966, 618], [1110, 690], [966, 690]]",,"[[690, 342]]",,0.45600740218664876,0.29932131846153
692,3,1,11.477999999999838,,13518,"[954, 270]",False,Left,True,0.0,False,strong,False,"[[1278, 144], [918, 198], [1278, 216], [1098, 216], [1044, 378], [972, 612], [1116, 684], [972, 684]]",,"[[696, 336]]",,0.45600740218664876,0.29932131846153
693,3,1,11.49499999999989,,13518,"[954, 270]",False,Left,True,0.0,False,strong,False,"[[1284, 138], [924, 192], [1284, 210], [1104, 210], [1050, 372], [978, 606], [1122, 678], [978, 678]]",,"[[702, 330]]",,0.4547645314395126,0.29894371839976996
694,3,1,11.510999999999967,,13518,"[954, 270]",False,Left,True,0.0,False,strong,False,"[[1290, 132], [930, 186], [1290, 204], [1110, 204], [1056, 366], [984, 600], [1128, 672], [984, 672]]",,"[[708, 324]]",,0.45489337787328854,0.2996514224075366
695,3,1,11.52800000000002,,13518,"[954, 270]",False,Left,True,0.0,False,strong,False,"[[1296, 126], [936, 180], [1296, 198], [1116, 198], [1062, 360], [990, 594], [1134, 666], [990, 666]]",,"[[714, 318]]",,0.4550149319513667,0.301666525227983
696,3,1,11.543999999999869,,13518,"[954, 270]",False,Left,True,0.0,False,strong,False,"[[1302, 120], [942, 174], [1302, 192], [1122, 192], [1068, 354], [996, 588], [1140, 660], [996, 660]]",,"[[720, 312]]",,0.4545259708205789,0.3028145069488365
697,3,1,11.559999999999945,,13518,"[954, 270]",False,Left,True,-1.0,False,strong,False,"[[1308, 114], [948, 168], [1308, 186], [1128, 186], [1074, 348], [1002, 582], [1146, 654], [1002, 654]]",,"[[726, 306]]",,0.4526669067118272,0.29866884535910876
698,3,1,11.576000000000022,,13518,"[954, 270]",False,Left,True,-1.0,False,strong,False,"[[1314, 108], [954, 162], [1314, 180], [1134, 180], [1080, 342], [1008, 576], [1152, 648], [1008, 648]]",,"[[726, 300]]",,0.4526669067118272,0.29866884535910876
699,3,1,11.592999999999847,,13518,"[954, 270]",False,Left,True,-1.0,False,strong,False,"[[1314, 102], [954, 156], [1314, 174], [1134, 174], [1080, 336], [1008, 570], [1152, 642], [1008, 642]]",,"[[726, 294]]",,0.4477841178125348,0.28825674893439757
700,3,1,11.6099999999999,,13518,"[954, 270]",False,Left,True,-1.0,False,strong,False,"[[1314, 96], [954, 150], [1314, 168], [1134, 168], [1080, 330], [1008, 564], [1152, 636], [1008, 636]]",,"[[726, 288]]",,0.44788938276835444,0.28840903694335474
701,3,1,11.626999999999953,,13518,"[954, 270]",False,Left,True,-1.0,False,strong,False,"[[1314, 90], [954, 144], [1314, 162], [1134, 162], [1080, 324], [1008, 558], [1152, 630], [1008, 630]]",,"[[726, 282]]",,0.4468249929032263,0.28655812607002773
702,3,1,11.644000000000005,,13518,"[954, 270]",False,Left,True,-1.0,False,strong,False,"[[1314, 84], [954, 138], [1314, 156], [1134, 156], [1080, 318], [1008, 552], [1152, 624], [1008, 624]]",,"[[726, 276]]",,0.4460744498282397,0.2862131217548739
703,3,1,11.659999999999854,,13518,"[954, 270]",False,Left,True,-1.0,False,strong,False,"[[1314, 78], [954, 132], [1314, 150], [1134, 150], [1080, 312], [1008, 546], [1152, 618], [1008, 618]]",,"[[726, 270]]",,0.4461883785236691,0.28677699922400457
704,3,1,11.67599999999993,,13518,"[954, 270]",False,Left,True,-1.0,False,strong,False,"[[1314, 72], [954, 126], [1314, 144], [1134, 144], [1080, 306], [1008, 540], [1152, 612], [1008, 612]]",,"[[726, 264]]",,0.4461883785236691,0.28677699922400457
705,3,1,11.692000000000007,,13518,"[954, 270]",False,Left,True,-1.0,False,strong,False,"[[1314, 66], [954, 120], [1314, 138], [1134, 138], [1080, 300], [1008, 534], [1152, 606], [1008, 606]]",,"[[726, 258]]",,0.4462547509639812,0.2899731032239756
706,3,1,11.708999999999833,,13518,"[954, 270]",False,Left,True,-1.0,False,strong,False,"[[1314, 60], [954, 114], [1314, 132], [1134, 132], [1080, 294], [1008, 528], [1152, 600], [1008, 600]]",,"[[726, 252]]",,0.4462547509639812,0.2899731032239756
707,3,1,11.725999999999885,,13518,"[954, 270]",False,Left,True,-1.0,False,strong,False,"[[1314, 54], [954, 108], [1314, 126], [1134, 126], [1080, 288], [1008, 522], [1152, 594], [1008, 594]]",,"[[726, 246]]",,0.4459209626029318,0.29162730125043723
708,3,1,11.741999999999962,,13518,"[954, 270]",False,Left,True,-1.0,False,strong,False,"[[1314, 48], [954, 102], [1314, 120], [1134, 120], [1080, 282], [1008, 516], [1152, 588], [1008, 588]]",,"[[726, 240]]",,0.4459209626029318,0.29162730125043723
709,3,1,11.759000000000015,,13518,"[954, 270]",False,Left,True,-1.0,False,strong,False,"[[1314, 42], [954, 96], [1314, 114], [1134, 114], [1080, 276], [1008, 510], [1152, 582], [1008, 582]]",,"[[726, 234]]",,0.4455387584395062,0.2917204647931012
710,3,1,11.77599999999984,,13518,"[954, 270]",False,Left,True,-1.0,False,strong,False,"[[1314, 36], [954, 90], [1314, 108], [1134, 108], [1080, 270], [1008, 504], [1152, 576], [1008, 576]]",,"[[726, 228]]",,0.4455387584395062,0.2917204647931012
711,3,1,11.792999999999893,,13518,"[954, 270]",False,Left,True,-1.0,False,strong,False,"[[1314, 30], [954, 84], [1314, 102], [1134, 102], [1080, 264], [1008, 498], [1152, 570], [1008, 570]]",,"[[726, 222]]",,0.44521222260953336,0.2919262856109164
712,3,1,11.808999999999969,,13518,"[954, 270]",False,Left,True,-1.0,False,strong,False,"[[1314, 24], [954, 78], [1314, 96], [1134, 96], [1080, 258], [1008, 492], [1152, 564], [1008, 564]]",,"[[726, 216]]",,0.3737939598187944,0.3150654496590266
713,3,1,11.826000000000022,,13518,"[954, 270]",False,Left,True,-1.0,False,strong,False,"[[1314, 18], [954, 72], [1314, 90], [1134, 90], [1080, 252], [1008, 486], [1152, 558], [1008, 558]]",,"[[726, 210]]",,0.44502293601263726,0.2936564759503223
714,3,1,11.843999999999824,,13518,"[954, 270]",False,,True,-1.0,False,strong,False,"[[1314, 12], [954, 66], [1314, 84], [1134, 84], [1080, 246], [1008, 480], [1152, 552], [1008, 552]]",,"[[720, 204]]",,0.44502293601263726,0.2936564759503223
715,3,1,11.857999999999947,,13518,"[954, 270]",False,,True,-1.0,False,strong,False,"[[1308, 6], [948, 60], [1308, 78], [1128, 78], [1074, 240], [1002, 474], [1146, 546], [1002, 546]]",,"[[714, 198]]",,0.4468312376645006,0.2971739183916292
716,3,1,11.875,,13518,"[954, 270]",False,,True,-1.0,False,strong,False,"[[1302, 0], [942, 54], [1302, 72], [1122, 72], [1068, 234], [996, 468], [1140, 540], [996, 540]]",,"[[708, 192]]",,0.4468312376645006,0.2971739183916292
717,3,1,11.891999999999825,,13518,"[954, 270]",False,,True,-1.0,False,strong,False,"[[936, 48], [1296, 66], [1116, 66], [1062, 228], [990, 462], [1134, 534], [990, 534]]",,"[[702, 186]]",,0.4516856511778752,0.2836254828776057
718,3,1,11.909999999999854,,13518,"[954, 270]",False,,True,-1.0,False,strong,False,"[[930, 42], [1290, 60], [1110, 60], [1056, 222], [984, 456], [1128, 528], [984, 528]]",,"[[696, 180]]",,0.45196483355807543,0.2844468243181053
719,3,1,11.926999999999907,,13518,"[954, 270]",False,,True,-1.0,False,strong,False,"[[924, 36], [1284, 54], [1104, 54], [1050, 216], [978, 450], [1122, 522], [978, 522]]",,"[[690, 174]]",,0.45197192119069374,0.28424633586839576
720,3,1,11.945999999999913,,13518,"[954, 270]",False,,True,-1.0,False,strong,False,"[[918, 30], [1278, 48], [1098, 48], [1044, 210], [972, 444], [1116, 516], [972, 516]]",,"[[684, 168]]",,0.4521500270485423,0.2842638133119182
721,3,1,11.963999999999942,,13518,"[954, 270]",False,Left,True,-1.0,False,strong,False,"[[912, 24], [1272, 42], [1092, 42], [1038, 204], [966, 438], [1110, 510], [966, 510]]",,"[[684, 162]]",,0.37920976848475124,0.3070234940662817
722,3,1,11.980999999999995,,13518,"[954, 270]",False,Left,True,-1.0,False,strong,False,"[[912, 18], [1272, 36], [1092, 36], [1038, 198], [966, 432], [1110, 504], [966, 504]]",,"[[684, 156]]",,0.4533306192565353,0.2855025683207817
723,3,1,11.996999999999844,,13518,"[954, 270]",False,Left,True,-1.0,False,strong,False,"[[912, 12], [1272, 30], [1092, 30], [1038, 192], [966, 426], [1110, 498], [966, 498]]",,"[[684, 150]]",,0.4533442801004558,0.28735841995279165
724,3,1,12.013999999999896,,13518,"[954, 270]",False,Left,True,-1.0,False,strong,False,"[[912, 6], [1272, 24], [1092, 24], [1038, 186], [966, 420], [1110, 492], [966, 492]]",,"[[684, 144]]",,0.453638121197571,0.28783938753547855
725,3,1,12.029999999999973,,13518,"[954, 270]",False,Left,True,-1.0,False,strong,False,"[[912, 0], [1272, 18], [1092, 18], [1038, 180], [966, 414], [1110, 486], [966, 486]]",,"[[684, 138]]",,0.45383022546283003,0.2911455255960623
726,3,1,12.045999999999822,,13518,"[954, 270]",False,Left,True,-1.0,False,strong,False,"[[1272, 12], [1092, 12], [1038, 174], [966, 408], [1110, 480], [966, 480]]",,"[[684, 132]]",,0.4533445098730161,0.2920015898471371
727,3,1,12.061999999999898,,13518,"[954, 270]",False,Left,True,-1.0,False,strong,False,"[[1272, 6], [1092, 6], [1038, 168], [966, 402], [1110, 474], [966, 474]]",,"[[684, 126]]",,0.4534688602793098,0.2927873461967251
728,3,1,12.07899999999995,,13518,"[954, 270]",False,Left,True,-1.0,False,strong,False,"[[1272, 0], [1092, 0], [1038, 162], [966, 396], [1110, 468], [966, 468]]",,"[[684, 120]]",,0.45295891481691697,0.29327543817333956
729,3,1,12.096000000000004,,13518,"[954, 270]",False,Left,True,-1.0,False,strong,False,"[[1038, 156], [966, 390], [1110, 462], [966, 462]]",,"[[684, 114]]",,0.4529748217808501,0.293810710262719
730,3,1,12.111999999999853,,13518,"[954, 270]",False,Left,True,-1.0,False,strong,False,"[[1038, 150], [966, 384], [1110, 456], [966, 456]]",,"[[684, 108]]",,0.4529748217808501,0.293810710262719
731,3,1,12.128999999999905,,13518,"[954, 270]",False,Left,True,-1.0,False,strong,False,"[[1038, 144], [966, 378], [1110, 450], [966, 450]]",,"[[684, 102]]",,0.4538480597424341,0.29678157569122887
732,3,1,12.145999999999958,,13518,"[954, 270]",False,,True,-1.0,False,strong,False,"[[1038, 138], [966, 372], [1110, 444], [966, 444]]",,"[[678, 96]]",,0.453993661244939,0.29742327991696826
733,3,1,12.16099999999983,,13518,"[954, 270]",False,,True,-1.0,False,strong,False,"[[1032, 132], [960, 366], [1104, 438], [960, 438]]",,"[[672, 90]]",,0.45453787958221115,0.2998451532302685
734,3,1,12.177999999999884,,13518,"[954, 270]",False,,True,-1.0,False,strong,False,"[[1026, 126], [954, 360], [1098, 432], [954, 432]]",,"[[666, 84]]",,0.45432754145768783,0.30025052730852675
735,3,1,12.194999999999936,,13518,"[954, 270]",False,Left,True,-1.0,False,strong,False,"[[1020, 120], [948, 354], [1092, 426], [948, 426]]",,"[[666, 78]]",,0.4546097453795902,0.3007207032574476
736,3,1,12.211999999999989,,13518,"[954, 270]",False,Left,True,-1.0,False,strong,False,"[[1020, 114], [948, 348], [1092, 420], [948, 420]]",,"[[666, 72]]",,0.4546097453795902,0.3007207032574476
737,3,1,12.227999999999838,,13518,"[954, 270]",False,Left,True,-1.0,False,strong,False,"[[1020, 108], [948, 342], [1092, 414], [948, 414]]",,"[[666, 66]]",,0.4534556681983732,0.3011704689568635
738,3,1,12.243999999999915,,13518,"[954, 270]",False,Left,True,-1.0,False,strong,False,"[[1020, 102], [948, 336], [1092, 408], [948, 408]]",,"[[666, 60]]",,0.4534556681983732,0.3011704689568635
739,3,1,12.259999999999991,,13518,"[954, 270]",False,Left,True,-1.0,False,strong,False,"[[1020, 96], [948, 330], [1092, 402], [948, 402]]",,"[[666, 54]]",,0.4576872700626666,0.3444293791244454
740,3,1,12.276999999999816,,13518,"[954, 270]",False,Left,True,-1.0,False,strong,False,"[[1020, 90], [948, 324], [1092, 396], [948, 396]]",,"[[666, 48]]",,0.4576872700626666,0.3444293791244454
741,3,1,12.292999999999893,,13518,"[954, 270]",False,Left,True,-1.0,False,strong,False,"[[1020, 84], [948, 318], [1092, 390], [948, 390]]",,"[[666, 42]]",,0.45086821645502406,0.29774943708256796
742,3,1,12.309999999999945,,13518,"[954, 270]",False,Left,True,-1.0,False,strong,False,"[[1020, 78], [948, 312], [1092, 384], [948, 384]]",,"[[666, 36]]",,0.45027283263242,0.2835812789561386
743,3,1,12.326999999999998,,13518,"[954, 270]",False,Left,True,-1.0,False,strong,False,"[[1020, 72], [948, 306], [1092, 378], [948, 378]]",,"[[666, 30]]",,0.4503590576625681,0.2848265338125733
744,3,1,12.343999999999824,,13518,"[954, 270]",False,Left,True,-1.0,False,strong,False,"[[1020, 66], [948, 300], [1092, 372], [948, 372]]",,"[[666, 24]]",,0.4503590576625681,0.2848265338125733
745,3,1,12.360999999999876,,13518,"[954, 270]",False,Left,True,-1.0,False,strong,False,"[[1020, 60], [948, 294], [1092, 366], [948, 366]]",,"[[666, 18]]",,0.45167257648232145,0.2853088930047122
746,3,1,12.376999999999953,,13518,"[954, 270]",True,Left,True,-1.0,False,strong,False,"[[1020, 54], [948, 288], [1092, 360], [948, 360]]",,"[[666, 12]]",,0.45167257648232145,0.2853088930047122
747,3,1,13.820999999999913,,13518,"[954, 270]",True,Left,True,-1.0,False,strong,False,"[[1020, 48], [948, 282], [1092, 354], [948, 354]]",,"[[666, 12]]",3,0.4530541553849499,0.27274165819697893
