,trial,attempt,time_played,time_tag,level_size_y,player_pos,collision,current_input,drift_enabled,current_drift,level_done,input_noise_magnitude,input_noise_on,visible_obstacles,adjacent_wall_tiles_x_pos,visible_drift_tiles,SoC,gaze_x,gaze_y
0,2,2,0.0,,13518,"[954, -86]",False,,True,0.0,False,,False,[],,[],,0.5106543959764276,0.19587634271819698
1,2,2,0.016999999999825377,,13518,"[954, -82]",False,,True,0.0,False,,False,[],,[],,0.5109338455519613,0.19578936631662147
2,2,2,0.032999999999901775,,13518,"[954, -78]",False,,True,0.0,False,,False,[],,[],,0.5110606121652645,0.19502011514024675
3,2,2,0.049999999999954525,,13518,"[954, -74]",False,,True,0.0,False,,False,[],,[],,0.5109492752593854,0.19551090000351623
4,2,2,0.06599999999980355,,13518,"[954, -70]",False,,True,0.0,False,,False,[],,[],,0.5119446339292744,0.19415578840476966
5,2,2,0.08199999999987995,,13518,"[954, -66]",False,,True,0.0,False,,False,[],,[],,0.5121584995179134,0.19372013736077676
6,2,2,0.0989999999999327,,13518,"[954, -62]",False,,True,0.0,False,,False,[],,[],,0.5122563780539988,0.1938858272761229
7,2,2,0.1150000000000091,,13518,"[954, -58]",False,,True,0.0,False,,False,[],,[],,0.5128900070921746,0.1929080628946519
8,2,2,0.13399999999978718,,13518,"[954, -54]",False,,True,0.0,False,,False,[],,[],,0.5134840519808596,0.1925797940586913
9,2,2,0.14899999999988722,,13518,"[954, -50]",False,,True,0.0,False,,False,[],,[],,0.5163158937084223,0.196015158264651
10,2,2,0.16599999999993997,,13518,"[954, -46]",False,,True,0.0,False,,False,[],,[],,0.5163158937084223,0.196015158264651
11,2,2,0.18299999999999272,,13518,"[954, -42]",False,,True,0.0,False,,False,[],,[],,0.519421034430942,0.1994846243497348
12,2,2,0.19899999999984175,,13518,"[954, -38]",False,,True,0.0,False,,False,[],,[],,0.5209821149665077,0.19692650790695632
13,2,2,0.2159999999998945,,13518,"[954, -34]",False,,True,0.0,False,,False,[],,[],,0.5330435809214993,0.20035767723334708
14,2,2,0.23299999999994725,,13518,"[954, -30]",False,,True,0.0,False,,False,[],,[],,0.5336139423649182,0.20041792793504165
15,2,2,0.24899999999979627,,13518,"[954, -26]",False,,True,0.0,False,,False,[],,[],,0.5348927063252538,0.1978580973284435
16,2,2,0.26499999999987267,,13518,"[954, -22]",False,,True,0.0,False,,False,[],,[],,0.5348927063252538,0.1978580973284435
17,2,2,0.28099999999994907,,13518,"[954, -18]",False,,True,0.0,False,,False,[],,[],,0.5370022327044331,0.19660260450574363
18,2,2,0.2980000000000018,,13518,"[954, -14]",False,,True,0.0,False,,False,[],,[],,0.5370022327044331,0.19660260450574363
19,2,2,0.31399999999985084,,13518,"[954, -10]",False,,True,0.0,False,,False,[],,[],,0.5367762077798575,0.1938847130473026
20,2,2,0.3309999999999036,,13518,"[954, -6]",False,,True,0.0,False,,False,[],,[],,0.5368788848616972,0.19331147879191302
21,2,2,0.34799999999995634,,13518,"[954, -2]",False,,True,0.0,False,,False,[],,[],,0.5360592316587846,0.19636296471853543
22,2,2,0.36399999999980537,,13518,"[954, 2]",False,,True,0.0,False,,False,[],,[],,0.5360592316587846,0.19636296471853543
23,2,2,0.3809999999998581,,13518,"[954, 6]",False,,True,0.0,False,,False,[],,[],,0.48914444114007144,0.1697243318454198
24,2,2,0.3969999999999345,,13518,"[954, 10]",False,,True,0.0,False,,False,[],,[],,0.48914444114007144,0.1697243318454198
25,2,2,0.41399999999998727,,13518,"[954, 14]",False,,True,0.0,False,,False,[],,[],,0.47930000489236607,0.16392193833944235
26,2,2,0.4299999999998363,,13518,"[954, 18]",False,,True,0.0,False,,False,[],,[],,0.47930000489236607,0.16392193833944235
27,2,2,0.44699999999988904,,13518,"[954, 22]",False,,True,0.0,False,,False,[],,[],,0.4682263644360389,0.15954404779260933
28,2,2,0.46299999999996544,,13518,"[954, 26]",False,,True,0.0,False,,False,[],,[],,0.4682263644360389,0.15954404779260933
29,2,2,0.4799999999997908,,13518,"[954, 30]",False,,True,0.0,False,,False,[],,[],,0.5181999004439097,0.24780026961687485
30,2,2,0.4959999999998672,,13518,"[954, 34]",False,,True,0.0,False,,False,[],,[],,0.5181999004439097,0.24780026961687485
31,2,2,0.51299999999992,,13518,"[954, 38]",False,,True,0.0,False,,False,[],,[],,0.452091838695421,0.14015824558988343
32,2,2,0.5299999999999727,,13518,"[954, 42]",False,,True,0.0,False,,False,[],,[],,0.452091838695421,0.14015824558988343
33,2,2,0.5459999999998217,,13518,"[954, 46]",False,,True,0.0,False,,False,[],,[],,0.45376297780003416,0.1479952296646283
34,2,2,0.5619999999998981,,13518,"[954, 50]",False,,True,0.0,False,,False,[],,[],,0.45376297780003416,0.1479952296646283
35,2,2,0.5779999999999745,,13518,"[954, 54]",False,,True,0.0,False,,False,[],,[],,0.5015326401557438,0.1316031432930742
36,2,2,0.5949999999997999,,13518,"[954, 58]",False,,True,0.0,False,,False,[],,[],,0.5015326401557438,0.1316031432930742
37,2,2,0.6109999999998763,,13518,"[954, 62]",False,,True,0.0,False,,False,[],,[],,0.48076408738454435,0.01868830368372487
38,2,2,0.6289999999999054,,13518,"[954, 66]",False,,True,0.0,False,,False,[],,[],,0.48076408738454435,0.01868830368372487
39,2,2,0.6459999999999582,,13518,"[954, 70]",False,,True,0.0,False,,False,[],,[],,0.5069454559125957,-0.010972777230065844
40,2,2,0.6619999999998072,,13518,"[954, 74]",False,,True,0.0,False,,False,[],,[],,0.5069454559125957,-0.010972777230065844
41,2,2,0.6789999999998599,,13518,"[954, 78]",False,,True,0.0,False,,False,[],,[],,0.5134636485320258,-0.020675736647606024
42,2,2,0.6959999999999127,,13518,"[954, 82]",False,,True,0.0,False,,False,[],,[],,0.5134636485320258,-0.020675736647606024
43,2,2,0.7119999999999891,,13518,"[954, 86]",False,,True,0.0,False,,False,[],,[],,0.5139755411002781,-0.020829680554218966
44,2,2,0.7289999999998145,,13518,"[954, 90]",False,,True,0.0,False,,False,[],,[],,0.5139755411002781,-0.020829680554218966
45,2,2,0.7469999999998436,,13518,"[954, 94]",False,,True,0.0,False,,False,[],,[],,0.4997311564373693,-0.17682951059819163
46,2,2,0.76299999999992,,13518,"[954, 98]",False,,True,0.0,False,,False,[],,[],,0.4997311564373693,-0.17682951059819163
47,2,2,0.7789999999999964,,13518,"[954, 102]",False,,True,0.0,False,,False,[],,[],,0.27828864236457246,-0.07225822073168953
48,2,2,0.7959999999998217,,13518,"[954, 106]",False,,True,0.0,False,,False,[],,[],,0.27828864236457246,-0.07225822073168953
49,2,2,0.8129999999998745,,13518,"[954, 110]",False,,True,0.0,False,,False,[],,[],,0.47887464176625877,0.16089765496566666
50,2,2,0.8299999999999272,,13518,"[954, 114]",False,,True,0.0,False,,False,[],,[],,0.47887464176625877,0.16089765496566666
51,2,2,0.84699999999998,,13518,"[954, 118]",False,,True,0.0,False,,False,[],,[],,0.47757434753750827,0.16280951546938605
52,2,2,0.862999999999829,,13518,"[954, 122]",False,,True,0.0,False,,False,[],,[],,0.47757434753750827,0.16280951546938605
53,2,2,0.8799999999998818,,13518,"[954, 126]",False,,True,0.0,False,,False,[],,[],,0.4681118925056197,0.13371724309933564
54,2,2,0.8959999999999582,,13518,"[954, 130]",False,,True,0.0,False,,False,[],,[],,0.4681118925056197,0.13371724309933564
55,2,2,0.9130000000000109,,13518,"[954, 134]",False,,True,0.0,False,,False,[],,[],,0.4703408198460658,0.11653133597029508
56,2,2,0.9289999999998599,,13518,"[954, 138]",False,,True,0.0,False,,False,[],,[],,0.4703408198460658,0.11653133597029508
57,2,2,0.9449999999999363,,13518,"[954, 142]",False,,True,0.0,False,,False,[],,[],,0.481740762251643,0.1124991477377304
58,2,2,0.9619999999999891,,13518,"[954, 146]",False,,True,0.0,False,,False,[],,[],,0.481740762251643,0.1124991477377304
59,2,2,0.9789999999998145,,13518,"[954, 150]",False,,True,0.0,False,,False,[],,[],,0.5323291827846686,0.006510191051989023
60,2,2,0.9949999999998909,,13518,"[954, 154]",False,,True,0.0,False,,False,[],,[],,0.5323291827846686,0.006510191051989023
61,2,2,1.0119999999999436,,13518,"[954, 158]",False,,True,0.0,False,,False,[],,[],,0.5371907698482782,-3.555115471609582e-05
62,2,2,1.0289999999999964,,13518,"[954, 162]",False,,True,0.0,False,,False,[],,[],,0.5371907698482782,-3.555115471609582e-05
63,2,2,1.0459999999998217,,13518,"[954, 166]",False,,True,0.0,False,,False,[],,[],,0.5371907698482782,-3.555115471609582e-05
64,2,2,1.0629999999998745,,13518,"[954, 170]",False,,True,0.0,False,,False,[],,[],,0.5397362246755185,0.003247676769049579
65,2,2,1.0799999999999272,,13518,"[954, 174]",False,,True,0.0,False,,False,[],,[],,0.5492743664105704,0.007260409234204901
66,2,2,1.0960000000000036,,13518,"[954, 178]",False,,True,0.0,False,,False,[],,[],,0.5492743664105704,0.007260409234204901
67,2,2,1.1139999999998054,,13518,"[954, 182]",False,,True,0.0,False,,False,[],,[],,0.5484895061988876,0.006777478858010499
68,2,2,1.1309999999998581,,13518,"[954, 186]",False,,True,0.0,False,,False,[],,[],,0.5484895061988876,0.006777478858010499
69,2,2,1.1479999999999109,,13518,"[954, 190]",False,,True,0.0,False,,False,[],,[],,0.553148339110861,0.010905050095151636
70,2,2,1.1649999999999636,,13518,"[954, 194]",False,,True,0.0,False,,False,[],,[],,0.553148339110861,0.010905050095151636
71,2,2,1.1809999999998126,,13518,"[954, 198]",False,,True,0.0,False,,False,[],,[],,0.5572008364368549,0.01978664999526436
72,2,2,1.196999999999889,,13518,"[954, 202]",False,,True,0.0,False,,False,[],,[],,0.5572008364368549,0.01978664999526436
73,2,2,1.2139999999999418,,13518,"[954, 206]",False,,True,0.0,False,,False,[],,[],,0.5521185058179832,0.030795317300537972
74,2,2,1.2299999999997908,,13518,"[954, 210]",False,,True,0.0,False,,False,[],,[],,0.5521185058179832,0.030795317300537972
75,2,2,1.2469999999998436,,13518,"[954, 214]",False,,True,0.0,False,,False,[],,[],,0.4783446912507269,0.021252296963533035
76,2,2,1.26299999999992,,13518,"[954, 218]",False,,True,0.0,False,,False,[],,[],,0.4783446912507269,0.021252296963533035
77,2,2,1.2799999999999727,,13518,"[954, 222]",False,,True,0.0,False,,False,[],,[],,0.463591334934743,0.02115402593375837
78,2,2,1.296999999999798,,13518,"[954, 226]",False,,True,0.0,False,,False,[],,[],,0.463591334934743,0.02115402593375837
79,2,2,1.3129999999998745,,13518,"[954, 230]",False,,True,0.0,False,,False,[],,[],,0.44405180855732584,0.02788111051285458
80,2,2,1.3299999999999272,,13518,"[954, 234]",False,,True,0.0,False,,False,[],,[],,0.44405180855732584,0.02788111051285458
81,2,2,1.34699999999998,,13518,"[954, 238]",False,,True,0.0,False,,False,[],,[],,0.44488282727050665,0.033369429242809945
82,2,2,1.3639999999998054,,13518,"[954, 242]",False,,True,0.0,False,,False,[],,[],,0.4451156347480226,0.033297235080752
83,2,2,1.3799999999998818,,13518,"[954, 246]",False,,True,0.0,False,,False,[],,[],,0.4397466825836324,0.0400991306775782
84,2,2,1.3959999999999582,,13518,"[954, 250]",False,,True,0.0,False,,False,[],,[],,0.4397466825836324,0.0400991306775782
85,2,2,1.413000000000011,,13518,"[954, 254]",False,,True,0.0,False,,False,[],,[],,0.43877279750889553,0.040481765856766105
86,2,2,1.42899999999986,,13518,"[954, 258]",False,,True,0.0,False,,False,[],,[],,0.43812446380516945,0.041487828094817436
87,2,2,1.4459999999999127,,13518,"[954, 262]",False,,True,0.0,False,,False,[],,[],,0.44260947149153224,0.044322354281399634
88,2,2,1.4629999999999654,,13518,"[954, 266]",False,,True,0.0,False,,False,[],,[],,0.44260947149153224,0.044322354281399634
89,2,2,1.4799999999997908,,13518,"[954, 270]",False,,True,0.0,False,,False,[],,[],,0.45040722182609694,0.04779013029646917
90,2,2,1.4959999999998672,,13518,"[954, 270]",False,,True,0.0,False,,False,[],,[],,0.45040722182609694,0.04779013029646917
91,2,2,1.51299999999992,,13518,"[954, 270]",False,,True,0.0,False,,False,[],,[],,0.4581240629908071,0.06037580731818648
92,2,2,1.5289999999999964,,13518,"[954, 270]",False,,True,0.0,False,,False,[],,[],,0.4571821786738469,0.06548189920219494
93,2,2,1.5459999999998217,,13518,"[954, 270]",False,,True,0.0,False,,False,[],,[],,0.4581190099756894,0.07679108287423131
94,2,2,1.5629999999998745,,13518,"[954, 270]",False,,True,0.0,False,,False,[],,[],,0.4581190099756894,0.07679108287423131
95,2,2,1.5799999999999272,,13518,"[954, 270]",False,,True,0.0,False,,False,[],,[],,0.4487242251881807,0.09458733295779287
96,2,2,1.59699999999998,,13518,"[954, 270]",False,,True,0.0,False,,False,[],,[],,0.4487242251881807,0.09458733295779287
97,2,2,1.6139999999998054,,13518,"[954, 270]",False,,True,0.0,False,,False,[],,[],,0.4423507703023398,0.10476846681717422
98,2,2,1.6309999999998581,,13518,"[954, 270]",False,,True,0.0,False,,False,[],,[],,0.44084795241439945,0.10745597568973386
99,2,2,1.6469999999999345,,13518,"[954, 270]",False,,True,0.0,False,,False,[],,[],,0.4407885761571544,0.11244719727282937
100,2,2,1.663000000000011,,13518,"[954, 270]",False,,True,0.0,False,,False,[],,[],,0.4407885761571544,0.11244719727282937
101,2,2,1.6799999999998363,,13518,"[954, 270]",False,,True,0.0,False,,False,[],,[],,0.4376073432685345,0.12151141669092536
102,2,2,1.696999999999889,,13518,"[954, 270]",False,,True,0.0,False,,False,[],,[],,0.4369328325685533,0.12514621183500607
103,2,2,1.7129999999999654,,13518,"[954, 270]",False,,True,0.0,False,,False,[],,[],,0.43607071567956723,0.12750867199951732
104,2,2,1.7289999999998145,,13518,"[954, 270]",False,,True,0.0,False,,False,[],,[],,0.43607071567956723,0.12750867199951732
105,2,2,1.7459999999998672,,13518,"[954, 270]",False,,True,0.0,False,,False,[],,[],,0.4335744336382413,0.135029440243842
106,2,2,1.76299999999992,,13518,"[954, 270]",False,,True,0.0,False,,False,[],,[],,0.4335744336382413,0.135029440243842
107,2,2,1.7789999999999964,,13518,"[954, 270]",False,,True,0.0,False,,False,[],,[],,0.4328228379102921,0.13848238963071602
108,2,2,1.7949999999998454,,13518,"[954, 270]",False,,True,0.0,False,,False,[],,[],,0.4332774307900931,0.1380046640745295
109,2,2,1.8119999999998981,,13518,"[954, 270]",False,,True,0.0,False,,False,[],,[],,0.43407459525754766,0.13904257415240961
110,2,2,1.8279999999999745,,13518,"[954, 270]",False,,True,0.0,False,,False,[],,[],,0.4342969088815387,0.1393531451473583
111,2,2,1.8449999999998,,13518,"[954, 270]",False,,True,0.0,False,,False,[],,[],,0.43440244300278297,0.1412791665377403
112,2,2,1.8609999999998763,,13518,"[954, 270]",False,,True,0.0,False,,False,[],,[],,0.43440244300278297,0.1412791665377403
113,2,2,1.8769999999999527,,13518,"[954, 270]",False,,True,0.0,False,,False,[],,[],,0.43471521974818417,0.13997851354857493
114,2,2,1.8940000000000055,,13518,"[954, 270]",False,,True,0.0,False,,False,[],,[],,0.4349973332116087,0.13714699752627124
115,2,2,1.9109999999998308,,13518,"[954, 270]",False,,True,0.0,False,,False,[],,[],,0.4349675410019935,0.1373096061637502
116,2,2,1.9279999999998836,,13518,"[954, 270]",False,,True,0.0,False,,False,[],,[],,0.4350528042828561,0.13817604067102285
117,2,2,1.9449999999999363,,13518,"[954, 270]",False,,True,0.0,False,,False,[],,[],,0.4348386927388853,0.13988485923900718
118,2,2,1.9609999999997854,,13518,"[954, 270]",False,,True,0.0,False,,False,[],,[],,0.4346789383990619,0.1468074994110825
119,2,2,1.9769999999998618,,13518,"[954, 270]",False,,True,0.0,False,,False,[],,[],,0.43406529995651405,0.15392513777417904
120,2,2,1.9929999999999382,,13518,"[954, 270]",False,,True,0.0,False,,False,[],,[],,0.4374793680853669,0.1653355576280341
121,2,2,2.008999999999787,,13518,"[954, 270]",False,,True,0.0,False,,False,[],,[],,0.44379608093504713,0.18886392626944226
122,2,2,2.02599999999984,,13518,"[954, 270]",False,,True,0.0,False,,False,[],,[],,0.44630252657691416,0.20210043713815806
123,2,2,2.0419999999999163,,13518,"[954, 270]",False,,True,0.0,False,,False,[],,[],,0.44630252657691416,0.20210043713815806
124,2,2,2.0579999999999927,,13518,"[954, 270]",False,,True,0.0,False,,False,[],,[],,0.45138668251341835,0.21519874138577555
125,2,2,2.074999999999818,,13518,"[954, 270]",False,,True,0.0,False,,False,[],,[],,0.4514933853980403,0.21860798571140239
126,2,2,2.0909999999998945,,13518,"[954, 270]",False,,True,0.0,False,,False,[],,[],,0.45482983417014433,0.22868976273269603
127,2,2,2.106999999999971,,13518,"[954, 270]",False,,True,0.0,False,,False,[],,[],,0.4543467471989002,0.22956473071467787
128,2,2,2.1239999999997963,,13518,"[954, 270]",False,,True,0.0,False,,False,[],,[],,0.45489547363707156,0.23379234114943193
129,2,2,2.1399999999998727,,13518,"[954, 270]",False,,True,0.0,False,,False,[],,[],,0.45489547363707156,0.23379234114943193
130,2,2,2.1569999999999254,,13518,"[954, 270]",False,,True,0.0,False,,False,[],,[],,0.4560498400486269,0.2333793063088786
131,2,2,2.173999999999978,,13518,"[954, 270]",False,,True,0.0,False,,False,[],,[],,0.4560498400486269,0.2333793063088786
132,2,2,2.189999999999827,,13518,"[954, 270]",False,,True,0.0,False,,False,[],,[],,0.45745744856930076,0.2314405957157103
133,2,2,2.2059999999999036,,13518,"[954, 270]",False,,True,0.0,False,,False,[],,[],,0.45745744856930076,0.2314405957157103
134,2,2,2.22199999999998,,13518,"[954, 270]",False,,True,0.0,False,,False,[],,[],,0.456022306601598,0.2368321197989638
135,2,2,2.2389999999998054,,13518,"[954, 270]",False,,True,0.0,False,,False,[],,[],,0.456022306601598,0.2368321197989638
136,2,2,2.2549999999998818,,13518,"[954, 270]",False,,True,0.0,False,,False,[],,[],,0.4548033070999347,0.2382717437446742
137,2,2,2.270999999999958,,13518,"[954, 270]",False,,True,0.0,False,,False,[],,[],,0.4548033070999347,0.2382717437446742
138,2,2,2.286999999999807,,13518,"[954, 270]",False,,True,0.0,False,,False,[],,[],,0.45422345101816725,0.2359683382978247
139,2,2,2.30399999999986,,13518,"[954, 270]",False,,True,0.0,False,,False,[],,[],,0.45422345101816725,0.2359683382978247
140,2,2,2.3199999999999363,,13518,"[954, 270]",False,,True,0.0,False,,False,[],,[],,0.4751557542139212,0.22412390542253635
141,2,2,2.3359999999997854,,13518,"[954, 270]",False,,True,0.0,False,,False,[],,[],,0.4751557542139212,0.22412390542253635
142,2,2,2.3519999999998618,,13518,"[954, 270]",False,,True,0.0,False,,False,[],,[],,0.4757169759141548,0.22208533855671875
143,2,2,2.367999999999938,,13518,"[954, 270]",False,,True,0.0,False,,False,[],,[],,0.4757169759141548,0.22208533855671875
144,2,2,2.383999999999787,,13518,"[954, 270]",False,,True,0.0,False,,False,[],,[],,0.47628801320198716,0.22395946093847896
145,2,2,2.40099999999984,,13518,"[954, 270]",False,,True,0.0,False,,False,[],,[],,0.4781947839570547,0.226571336288919
146,2,2,2.4179999999998927,,13518,"[954, 270]",False,,True,0.0,False,,False,[],,[],,0.4798606771999654,0.2262226150855442
147,2,2,2.4349999999999454,,13518,"[954, 270]",False,,True,0.0,False,,False,[],,[],,0.4798606771999654,0.2262226150855442
148,2,2,2.4509999999997945,,13518,"[954, 270]",False,,True,0.0,False,,False,[],,[],,0.4809822791769018,0.2320955194823433
149,2,2,2.466999999999871,,13518,"[954, 270]",False,,True,0.0,False,,False,[],,[],,0.4809822791769018,0.2320955194823433
150,2,2,2.4829999999999472,,13518,"[954, 270]",False,,True,0.0,False,,False,[],,[],,0.4809542588011463,0.23509570021969495
151,2,2,2.4989999999997963,,13518,"[954, 270]",False,,True,0.0,False,,False,[],,[],,0.48153782052005417,0.24355762444497153
152,2,2,2.515999999999849,,13518,"[954, 270]",False,,True,0.0,False,,False,[],,[],,0.4822001523912397,0.2485829981224621
153,2,2,2.5329999999999018,,13518,"[954, 270]",False,,True,0.0,False,,False,[],,[],,0.4824023594776108,0.24870662026534318
154,2,2,2.5499999999999545,,13518,"[954, 270]",False,,True,0.0,False,,False,[],,[],,0.4842202135083161,0.2535130983531695
155,2,2,2.5670000000000073,,13518,"[954, 270]",False,,True,0.0,False,,False,[],,[],,0.4842202135083161,0.2535130983531695
156,2,2,2.5839999999998327,,13518,"[954, 270]",False,,True,0.0,False,,False,[],,[],,0.4857739351161223,0.25905344033930555
157,2,2,2.6009999999998854,,13518,"[954, 270]",False,,True,0.0,False,,False,[],,[],,0.4857459787537352,0.2599717288505513
158,2,2,2.617999999999938,,13518,"[954, 270]",False,,True,0.0,False,,False,[],,[],,0.486260706614849,0.26410041483472924
159,2,2,2.634999999999991,,13518,"[954, 270]",False,,True,0.0,False,,False,[],,[],,0.486260706614849,0.26410041483472924
160,2,2,2.65099999999984,,13518,"[954, 270]",False,,True,0.0,False,,False,[],,[],,0.48621492004323097,0.2662521815367641
161,2,2,2.6669999999999163,,13518,"[954, 270]",False,,True,0.0,False,,False,[],,[],,0.48653995315569665,0.2683969024160314
162,2,2,2.683999999999969,,13518,"[954, 270]",False,,True,0.0,False,,False,[],,[],,0.4874683757526904,0.2689720146584029
163,2,2,2.7009999999997945,,13518,"[954, 270]",False,,True,0.0,False,,False,[],,[],,0.48725253235008353,0.26941658604418717
164,2,2,2.716999999999871,,13518,"[954, 270]",False,,True,0.0,False,,False,[],,[],,0.487035168308606,0.27040601116942165
165,2,2,2.7339999999999236,,13518,"[954, 270]",False,,True,0.0,False,,False,[],,[],,0.487035168308606,0.27040601116942165
166,2,2,2.7509999999999764,,13518,"[954, 270]",False,,True,0.0,False,,False,[],,[],,0.4813608893720092,0.2662572809979784
167,2,2,2.7679999999998017,,13518,"[954, 270]",False,,True,0.0,False,,False,[],,[],,0.4762626480323939,0.2615257833771836
168,2,2,2.783999999999878,,13518,"[954, 270]",False,,True,0.0,False,,False,[],,[],,0.47391685042845433,0.2598059928606088
169,2,2,2.7999999999999545,,13518,"[954, 270]",False,,True,0.0,False,,False,[],,[],,0.47391685042845433,0.2598059928606088
170,2,2,2.8170000000000073,,13518,"[954, 270]",False,,True,0.0,False,,False,[],,[],,0.47297083971121323,0.25894448369211076
171,2,2,2.8329999999998563,,13518,"[954, 270]",False,,True,0.0,False,,False,[],,[],,0.4727692303888894,0.2590833646418931
172,2,2,2.849999999999909,,13518,"[954, 270]",False,,True,0.0,False,,False,[],,[],,0.47232260064935794,0.2575000505554784
173,2,2,2.866999999999962,,13518,"[954, 270]",False,,True,0.0,False,,False,[],,[],,0.47288199912098106,0.25949443882148415
174,2,2,2.882999999999811,,13518,"[954, 270]",False,,True,0.0,False,,False,[],,[],,0.4735425356425423,0.2629608312898284
175,2,2,2.8989999999998872,,13518,"[954, 270]",False,,True,0.0,False,,False,[],,[],,0.4736457873358432,0.26441105577847324
176,2,2,2.91599999999994,,13518,"[954, 270]",False,,True,0.0,False,,False,[],,[],,0.47344688569335924,0.2653691562266033
177,2,2,2.9329999999999927,,13518,"[954, 270]",False,,True,0.0,False,,False,[],,[],,0.47432239712802515,0.27099117091698033
178,2,2,2.9479999999998654,,13518,"[954, 270]",False,,True,0.0,False,,False,[],,[],,0.4743321909658517,0.27105395009475897
179,2,2,2.963999999999942,,13518,"[954, 270]",False,,True,0.0,False,,False,[],,[],,0.4747513384790628,0.27476559119523103
180,2,2,2.9809999999999945,,13518,"[954, 270]",False,,True,0.0,False,,False,[],,[],,0.47468676899328177,0.27621072029423854
181,2,2,2.99799999999982,,13518,"[954, 270]",False,,True,0.0,False,,False,[],,[],,0.4751564171898875,0.2775405118680382
182,2,2,3.0149999999998727,,13518,"[954, 270]",False,,True,0.0,False,,False,[],,[],,0.47524461938268026,0.27856464956209437
183,2,2,3.0319999999999254,,13518,"[954, 270]",False,,True,0.0,False,,False,[],,[],,0.4755352916372946,0.28210577710068874
184,2,2,3.048999999999978,,13518,"[954, 270]",False,,True,0.0,False,,False,[],,[],,0.47566510626585795,0.2836551686285709
185,2,2,3.064999999999827,,13518,"[954, 270]",False,,True,0.0,False,,False,[],,[],,0.4764278187560708,0.2865316722079849
186,2,2,3.08199999999988,,13518,"[954, 270]",False,,True,0.0,False,,False,[],,[],,0.47631674626047416,0.2867829799409394
187,2,2,3.0989999999999327,,13518,"[954, 270]",False,,True,0.0,False,,False,[],,[],,0.4794081346463507,0.28493587969599443
188,2,2,3.115000000000009,,13518,"[954, 270]",False,,True,0.0,False,,False,[],,[],,0.48048400915518,0.2786099799221753
189,2,2,3.1319999999998345,,13518,"[954, 270]",False,,True,0.0,False,,False,[],,[],,0.49121099903381793,0.24405334804124934
190,2,2,3.1489999999998872,,13518,"[954, 270]",False,,True,0.0,False,,False,[],,[],,0.49044168469553745,0.2441961869242314
191,2,2,3.16599999999994,,13518,"[954, 270]",False,,True,0.0,False,,False,[],,[],,0.49172692246955896,0.24290586681965753
192,2,2,3.1829999999999927,,13518,"[954, 270]",False,,True,0.0,False,,False,[],,[],,0.49081240593216424,0.2440070111405832
193,2,2,3.1989999999998417,,13518,"[954, 270]",False,,True,0.0,False,,False,[],,[],,0.4924320541508638,0.24745443223913888
194,2,2,3.2159999999998945,,13518,"[954, 270]",False,,True,0.0,False,,False,[],,[],,0.4928340845252081,0.24674259865159187
195,2,2,3.231999999999971,,13518,"[954, 270]",False,,True,0.0,False,,False,[],,[],,0.4913388185152846,0.24739690056488162
196,2,2,3.2489999999997963,,13518,"[954, 270]",False,,True,0.0,False,,False,[],,[],,0.4909681098478508,0.24846597744390053
197,2,2,3.265999999999849,,13518,"[954, 270]",False,,True,0.0,False,,False,[],,[],,0.4908833857323326,0.25100268814646165
198,2,2,3.2819999999999254,,13518,"[954, 270]",False,,True,0.0,False,,False,[],,[],,0.4908833857323326,0.25100268814646165
199,2,2,3.298000000000002,,13518,"[954, 270]",False,,True,0.0,False,,False,[],,[],,0.49195861453461615,0.25442163459438105
200,2,2,3.314999999999827,,13518,"[954, 270]",False,,True,0.0,False,,False,[],,[],,0.49195861453461615,0.25442163459438105
201,2,2,3.33199999999988,,13518,"[954, 270]",False,,True,0.0,False,,False,[],,[],,0.49254513610522366,0.26096798428654455
202,2,2,3.3489999999999327,,13518,"[954, 270]",False,,True,0.0,False,,False,[],,[],,0.49270473361878586,0.2627156676350948
203,2,2,3.3659999999999854,,13518,"[954, 270]",False,,True,0.0,False,,False,[],,[],,0.492943896954592,0.26481991758858503
204,2,2,3.382999999999811,,13518,"[954, 270]",False,,True,0.0,False,,False,[],,[],,0.4929786200884392,0.26478327084828557
205,2,2,3.3999999999998636,,13518,"[954, 270]",False,,True,0.0,False,,False,[],,[],,0.48775950293078285,0.260420521412556
206,2,2,3.4169999999999163,,13518,"[954, 270]",False,,True,0.0,False,,False,[],,[],,0.4828014583956529,0.2525348458739446
207,2,2,3.4329999999999927,,13518,"[954, 270]",False,,True,0.0,False,,False,[],,[],,0.4798667827798132,0.24728249873184738
208,2,2,3.4489999999998417,,13518,"[954, 270]",False,,True,0.0,False,,False,[],,[],,0.4798667827798132,0.24728249873184738
209,2,2,3.4659999999998945,,13518,"[954, 270]",False,,True,0.0,False,,False,[],,[],,0.4787216832525895,0.24098964828900227
210,2,2,3.4829999999999472,,13518,"[954, 270]",False,,True,0.0,False,,False,[],,[],,0.4788232588052385,0.24150896233672936
211,2,2,3.4989999999997963,,13518,"[954, 270]",False,,True,0.0,False,,False,[],,[],,0.478895384045559,0.24034793412083355
212,2,2,3.5149999999998727,,13518,"[954, 270]",False,,True,0.0,False,,False,[],,[],,0.47892763184475556,0.24095248756084076
213,2,2,3.530999999999949,,13518,"[954, 270]",False,,True,0.0,False,,False,[],,[],,0.48208014097702295,0.24590956921635299
214,2,2,3.548000000000002,,13518,"[954, 270]",False,,True,0.0,False,,False,[],,[],,0.48208014097702295,0.24590956921635299
215,2,2,3.563999999999851,,13518,"[954, 270]",False,,True,0.0,False,,False,[],,[],,0.48227781172290723,0.25102474551660947
216,2,2,3.5799999999999272,,13518,"[954, 270]",False,,True,0.0,False,,False,[],,[],,0.48227781172290723,0.25102474551660947
217,2,2,3.59699999999998,,13518,"[954, 270]",False,,True,0.0,False,,False,[],,[],,0.48212566076646074,0.2529239873118808
218,2,2,3.6139999999998054,,13518,"[954, 270]",False,,True,0.0,False,,False,[],,[],,0.48212566076646074,0.2529239873118808
219,2,2,3.6299999999998818,,13518,"[954, 270]",False,,True,0.0,False,,False,[],,[],,0.47971933332121247,0.2554916755729999
220,2,2,3.6469999999999345,,13518,"[954, 270]",False,,True,0.0,False,,False,[],,[],,0.47971933332121247,0.2554916755729999
221,2,2,3.663000000000011,,13518,"[954, 270]",False,,True,0.0,False,,False,[],,[],,0.4803546326727323,0.2586620130805528
222,2,2,3.6799999999998363,,13518,"[954, 270]",False,,True,0.0,False,,False,[],,[],,0.4803546326727323,0.2586620130805528
223,2,2,3.6959999999999127,,13518,"[954, 270]",False,,True,0.0,False,,False,[],,[],,0.4822320229443179,0.25926311268008295
224,2,2,3.711999999999989,,13518,"[954, 270]",False,,True,0.0,False,,False,[],,[],,0.4822320229443179,0.25926311268008295
225,2,2,3.727999999999838,,13518,"[954, 270]",False,,True,0.0,False,,False,[],,[],,0.48288613625488896,0.2600180373564247
226,2,2,3.7439999999999145,,13518,"[954, 270]",False,,True,0.0,False,,False,[],,[],,0.48288613625488896,0.2600180373564247
227,2,2,3.7609999999999673,,13518,"[954, 270]",False,,True,0.0,False,,False,[],,[],,0.48150066338571085,0.26222059882669424
228,2,2,3.7769999999998163,,13518,"[954, 270]",False,,True,0.0,False,,False,[],,[],,0.48150066338571085,0.26222059882669424
229,2,2,3.793999999999869,,13518,"[954, 270]",False,,True,0.0,False,,False,[],,[],,0.47876845527633616,0.26772344172911744
230,2,2,3.8099999999999454,,13518,"[954, 270]",False,,True,0.0,False,,False,[],,[],,0.47876845527633616,0.26772344172911744
231,2,2,3.8259999999997945,,13518,"[954, 270]",False,,True,0.0,False,,False,[],,[],,0.4762061098999026,0.2747550584326045
232,2,2,3.841999999999871,,13518,"[954, 270]",False,,True,0.0,False,,False,[],,[],,0.4763527659640518,0.27570869548737453
233,2,2,3.8589999999999236,,13518,"[954, 270]",False,,True,0.0,False,,False,[],,[],,0.47726100080510125,0.28000017329838234
234,2,2,3.8759999999999764,,13518,"[954, 270]",False,,True,0.0,False,,False,[],,[],,0.47726100080510125,0.28000017329838234
235,2,2,3.8919999999998254,,13518,"[954, 270]",False,,True,0.0,False,,False,[],,[],,0.4773289659734056,0.2863441133061577
236,2,2,3.908999999999878,,13518,"[954, 270]",False,,True,0.0,False,,False,[],,[],,0.47739952240996003,0.2899734495004729
237,2,2,3.925999999999931,,13518,"[954, 270]",False,,True,0.0,False,,False,[],,[],,0.46337318755971746,0.2699844062250739
238,2,2,3.9429999999999836,,13518,"[954, 270]",False,,True,0.0,False,,False,[],,[],,0.46337318755971746,0.2699844062250739
239,2,2,3.9589999999998327,,13518,"[954, 270]",False,,True,0.0,False,,False,"[[1098, 810]]",,[],,0.45214678293373567,0.24445050349649888
240,2,2,3.974999999999909,,13518,"[954, 270]",False,,True,0.0,False,,False,"[[1098, 804]]",,[],,0.45214678293373567,0.24445050349649888
241,2,2,3.9909999999999854,,13518,"[954, 270]",False,,True,0.0,False,,False,"[[1098, 798]]",,[],,0.44882006131125723,0.2380833525080961
242,2,2,4.007999999999811,,13518,"[954, 270]",False,,True,0.0,False,,False,"[[1098, 792]]",,[],,0.4467240932635014,0.2335008843124634
243,2,2,4.024999999999864,,13518,"[954, 270]",False,,True,0.0,False,,False,"[[1098, 786]]",,[],,0.4462180418966276,0.23428310632476956
244,2,2,4.04099999999994,,13518,"[954, 270]",False,,True,0.0,False,,False,"[[1098, 780]]",,[],,0.4462180418966276,0.23428310632476956
245,2,2,4.056999999999789,,13518,"[954, 270]",False,,True,0.0,False,,False,"[[1098, 774]]",,[],,0.4473744187275229,0.23930474913081057
246,2,2,4.073999999999842,,13518,"[954, 270]",False,,True,0.0,False,,False,"[[1098, 768]]",,[],,0.4476182851343305,0.23900073822468015
247,2,2,4.089999999999918,,13518,"[954, 270]",False,,True,0.0,False,,False,"[[1098, 762]]",,[],,0.448761198153994,0.24075384437275094
248,2,2,4.1059999999999945,,13518,"[954, 270]",False,,True,0.0,False,,False,"[[1098, 756]]",,[],,0.45065857046702523,0.2433814022094456
249,2,2,4.12299999999982,,13518,"[954, 270]",False,,True,0.0,False,,False,"[[1098, 750]]",,[],,0.4512203858972483,0.24538197380207882
250,2,2,4.139999999999873,,13518,"[954, 270]",False,,True,0.0,False,,False,"[[1098, 744]]",,[],,0.4515625691126215,0.24609358289738104
251,2,2,4.156999999999925,,13518,"[954, 270]",False,,True,0.0,False,,False,"[[1098, 738]]",,[],,0.4514211367119584,0.24704522033708942
252,2,2,4.173000000000002,,13518,"[954, 270]",False,,True,0.0,False,,False,"[[1098, 732]]",,[],,0.451074773507421,0.24800868755262861
253,2,2,4.189999999999827,,13518,"[954, 270]",False,,True,0.0,False,,False,"[[1098, 726]]",,[],,0.45103149995483555,0.2502605653034964
254,2,2,4.20699999999988,,13518,"[954, 270]",False,,True,0.0,False,,False,"[[1098, 720]]",,[],,0.4506717112070645,0.25267938294797765
255,2,2,4.223999999999933,,13518,"[954, 270]",False,,True,0.0,False,,False,"[[1098, 714]]",,[],,0.4512683273397606,0.25404974694750515
256,2,2,4.2409999999999854,,13518,"[954, 270]",False,,True,0.0,False,,False,"[[1098, 708]]",,[],,0.45166012131013866,0.2547810573015695
257,2,2,4.2569999999998345,,13518,"[954, 270]",False,,True,0.0,False,,False,"[[1098, 702]]",,[],,0.45213073396075887,0.2554952873480373
258,2,2,4.272999999999911,,13518,"[954, 270]",False,,True,0.0,False,,False,"[[1098, 696]]",,[],,0.4561839558575012,0.2543947282037434
259,2,2,4.288999999999987,,13518,"[954, 270]",False,,True,0.0,False,,False,"[[1098, 690]]",,[],,0.46758144100182986,0.23559395022727203
260,2,2,4.305999999999813,,13518,"[954, 270]",False,,True,0.0,False,,False,"[[1098, 684]]",,[],,0.4742140403640507,0.2337035970866418
261,2,2,4.321999999999889,,13518,"[954, 270]",False,,True,0.0,False,,False,"[[1098, 678]]",,[],,0.47465396740555843,0.23454167922720381
262,2,2,4.338999999999942,,13518,"[954, 270]",False,,True,0.0,False,,False,"[[1098, 672]]",,[],,0.4753445010354692,0.23619438585326735
263,2,2,4.354999999999791,,13518,"[954, 270]",False,,True,0.0,False,,False,"[[1098, 666]]",,[],,0.47518931779412155,0.236986768203872
264,2,2,4.371999999999844,,13518,"[954, 270]",False,,True,0.0,False,,False,"[[1098, 660]]",,[],,0.4769209148203024,0.2419645368997997
265,2,2,4.38799999999992,,13518,"[954, 270]",False,,True,0.0,False,,False,"[[1098, 654]]",,[],,0.47715538502129284,0.24379946705349498
266,2,2,4.404999999999973,,13518,"[954, 270]",False,,True,0.0,False,,False,"[[1098, 648]]",,[],,0.47606137296025663,0.24725884263508435
267,2,2,4.420999999999822,,13518,"[954, 270]",False,,True,0.0,False,,False,"[[1098, 642]]",,[],,0.47606137296025663,0.24725884263508435
268,2,2,4.4379999999998745,,13518,"[954, 270]",False,,True,0.0,False,,False,"[[1098, 636]]",,"[[1416, 810]]",,0.47515460557559325,0.2509691681895855
269,2,2,4.454999999999927,,13518,"[954, 270]",False,,True,0.0,False,,False,"[[1098, 630]]",,"[[1416, 804]]",,0.47497695861143335,0.25180834031484123
270,2,2,4.471000000000004,,13518,"[954, 270]",False,,True,0.0,False,,False,"[[1098, 624]]",,"[[1416, 798]]",,0.47494108780541655,0.2520287867904776
271,2,2,4.487999999999829,,13518,"[954, 270]",False,,True,0.0,False,,False,"[[1098, 618]]",,"[[1416, 792]]",,0.4747734515176013,0.25240937535969676
272,2,2,4.504999999999882,,13518,"[954, 270]",False,,True,0.0,False,,False,"[[1098, 612]]",,"[[1416, 786]]",,0.4750035225589809,0.25380034080567926
273,2,2,4.520999999999958,,13518,"[954, 270]",False,,True,0.0,False,,False,"[[1098, 606]]",,"[[1416, 780]]",,0.4750035225589809,0.25380034080567926
274,2,2,4.536999999999807,,13518,"[954, 270]",False,,True,0.0,False,,False,"[[1098, 600]]",,"[[1416, 774]]",,0.4753494244401419,0.2542951947898787
275,2,2,4.55399999999986,,13518,"[954, 270]",False,,True,0.0,False,,False,"[[1098, 594]]",,"[[1416, 768]]",,0.4753494244401419,0.2542951947898787
276,2,2,4.570999999999913,,13518,"[954, 270]",False,,True,0.0,False,,False,"[[1098, 588]]",,"[[1416, 762]]",,0.4742257133298601,0.2563143995551862
277,2,2,4.586999999999989,,13518,"[954, 270]",False,,True,0.0,False,,False,"[[1098, 582]]",,"[[1416, 756]]",,0.47432306162495186,0.256884758615074
278,2,2,4.6039999999998145,,13518,"[954, 270]",False,,True,0.0,False,,False,"[[1098, 576], [1026, 810]]",,"[[1416, 750]]",,0.4737282136887731,0.25812547917320106
279,2,2,4.621999999999844,,13518,"[954, 270]",False,,True,0.0,False,,False,"[[1098, 570], [1026, 804]]",,"[[1416, 744]]",,0.4737282136887731,0.25812547917320106
280,2,2,4.63799999999992,,13518,"[954, 270]",False,,True,0.0,False,,False,"[[1098, 564], [1026, 798]]",,"[[1416, 738]]",,0.47390282270726336,0.26204931049235014
281,2,2,4.653999999999996,,13518,"[954, 270]",False,,True,0.0,False,,False,"[[1098, 558], [1026, 792]]",,"[[1416, 732]]",,0.47390282270726336,0.26204931049235014
282,2,2,4.669999999999845,,13518,"[954, 270]",False,,True,0.0,False,,False,"[[1098, 552], [1026, 786]]",,"[[1416, 726]]",,0.4715475833979502,0.2574075882794905
283,2,2,4.686999999999898,,13518,"[954, 270]",False,,True,0.0,False,,False,"[[1098, 546], [1026, 780]]",,"[[1416, 720]]",,0.4715475833979502,0.2574075882794905
284,2,2,4.703999999999951,,13518,"[954, 270]",False,,True,0.0,False,,False,"[[1098, 540], [1026, 774]]",,"[[1416, 714]]",,0.46719170389715076,0.2507065004178949
285,2,2,4.7199999999998,,13518,"[954, 270]",False,,True,0.0,False,,False,"[[1098, 534], [1026, 768]]",,"[[1416, 708]]",,0.46719170389715076,0.2507065004178949
286,2,2,4.736999999999853,,13518,"[954, 270]",False,,True,0.0,False,,False,"[[1098, 528], [1026, 762]]",,"[[1416, 702]]",,0.4665177432327205,0.25067555316824097
287,2,2,4.752999999999929,,13518,"[954, 270]",False,,True,0.0,False,,False,"[[1098, 522], [1026, 756]]",,"[[1416, 696]]",,0.4665177432327205,0.25067555316824097
288,2,2,4.769999999999982,,13518,"[954, 270]",False,,True,0.0,False,,False,"[[1098, 516], [1026, 750]]",,"[[1416, 690]]",,0.46779612399448445,0.2531015696237754
289,2,2,4.786999999999807,,13518,"[954, 270]",False,,True,0.0,False,,False,"[[1098, 510], [1026, 744]]",,"[[1416, 684]]",,0.46779612399448445,0.2531015696237754
290,2,2,4.80399999999986,,13518,"[954, 270]",False,,True,0.0,False,,False,"[[1098, 504], [1026, 738]]",,"[[1416, 678]]",,0.46868464575008933,0.2564826709558744
291,2,2,4.820999999999913,,13518,"[954, 270]",False,,True,0.0,False,,False,"[[1098, 498], [1026, 732]]",,"[[1416, 672]]",,0.46868464575008933,0.2564826709558744
292,2,2,4.837999999999965,,13518,"[954, 270]",False,,True,0.0,False,,False,"[[1098, 492], [1026, 726]]",,"[[1416, 666]]",,0.4692752425610328,0.25797225211336217
293,2,2,4.854999999999791,,13518,"[954, 270]",False,,True,0.0,False,,False,"[[1098, 486], [1026, 720]]",,"[[1416, 660]]",,0.4691775852190253,0.2583590014393944
294,2,2,4.87299999999982,,13518,"[954, 270]",False,,True,0.0,False,,False,"[[1098, 480], [1026, 714]]",,"[[1416, 654]]",,0.4684250378100298,0.2594622970011077
295,2,2,4.888999999999896,,13518,"[954, 270]",False,,True,0.0,False,,False,"[[1098, 474], [1026, 708]]",,"[[1416, 648]]",,0.4684250378100298,0.2594622970011077
296,2,2,4.907999999999902,,13518,"[954, 270]",False,,True,0.0,False,,False,"[[1098, 468], [1026, 702]]",,"[[1416, 642]]",,0.4696233775751269,0.26313794642341326
297,2,2,4.9249999999999545,,13518,"[954, 270]",False,,True,0.0,False,,False,"[[1098, 462], [1026, 696]]",,"[[1416, 636]]",,0.47022477243946736,0.26430646455700335
298,2,2,4.9409999999998035,,13518,"[954, 270]",False,,True,0.0,False,,False,"[[1098, 456], [1026, 690]]",,"[[1416, 630]]",,0.4719944555233944,0.26699275499798836
299,2,2,4.957999999999856,,13518,"[954, 270]",False,,True,0.0,False,,False,"[[1098, 450], [1026, 684]]",,"[[1416, 624]]",,0.4719944555233944,0.26699275499798836
300,2,2,4.974999999999909,,13518,"[954, 270]",False,,True,0.0,False,,False,"[[1098, 444], [1026, 678]]",,"[[1416, 618]]",,0.47363604820774813,0.2696266818384523
301,2,2,4.9909999999999854,,13518,"[954, 270]",False,,True,0.0,False,,False,"[[1098, 438], [1026, 672]]",,"[[1416, 612]]",,0.47346584963329424,0.26920817062138414
302,2,2,5.0069999999998345,,13518,"[954, 270]",False,,True,0.0,False,,False,"[[1098, 432], [1026, 666]]",,"[[1416, 606]]",,0.47307144010300917,0.2705552624113461
303,2,2,5.022999999999911,,13518,"[954, 270]",False,,True,0.0,False,,False,"[[1098, 426], [1026, 660]]",,"[[1416, 600]]",,0.4731175850381281,0.271135608826654
304,2,2,5.038999999999987,,13518,"[954, 270]",False,,True,0.0,False,,False,"[[1098, 420], [1026, 654]]",,"[[1416, 594]]",,0.4721146708202933,0.27443676821231944
305,2,2,5.055999999999813,,13518,"[954, 270]",False,,True,0.0,False,,False,"[[1098, 414], [1026, 648]]",,"[[1416, 588]]",,0.4721146708202933,0.27443676821231944
306,2,2,5.072999999999865,,13518,"[954, 270]",False,,True,0.0,False,,False,"[[1098, 408], [1026, 642]]",,"[[1416, 582]]",,0.4733953249147863,0.2791718950458162
307,2,2,5.089999999999918,,13518,"[954, 270]",False,,True,0.0,False,,False,"[[1098, 402], [1026, 636]]",,"[[1416, 576]]",,0.4733953249147863,0.2791718950458162
308,2,2,5.1059999999999945,,13518,"[954, 270]",False,,True,0.0,False,,False,"[[1098, 396], [1026, 630]]",,"[[1416, 570]]",,0.47350819342309886,0.2823362359151965
309,2,2,5.12299999999982,,13518,"[954, 270]",False,,True,0.0,False,,False,"[[1098, 390], [1026, 624]]",,"[[1416, 564]]",,0.47350819342309886,0.2823362359151965
310,2,2,5.138999999999896,,13518,"[954, 270]",False,,True,0.0,False,,False,"[[1098, 384], [1026, 618]]",,"[[1416, 558]]",,0.4734743587340473,0.2856865653594288
311,2,2,5.154999999999973,,13518,"[954, 270]",False,,True,0.0,False,,False,"[[1098, 378], [1026, 612]]",,"[[1416, 552]]",,0.4734743587340473,0.2856865653594288
312,2,2,5.171999999999798,,13518,"[954, 270]",False,,True,0.0,False,,False,"[[1098, 372], [1026, 606]]",,"[[1416, 546]]",,0.47287229711555046,0.28780579574346743
313,2,2,5.188999999999851,,13518,"[954, 270]",False,,True,0.0,False,,False,"[[1098, 366], [1026, 600]]",,"[[1416, 540]]",,0.47287229711555046,0.28780579574346743
314,2,2,5.205999999999904,,13518,"[954, 270]",False,,True,0.0,False,,False,"[[1098, 360], [1026, 594]]",,"[[1416, 534]]",,0.4736545688062622,0.2904801644390812
315,2,2,5.22199999999998,,13518,"[954, 270]",False,,True,0.0,False,,False,"[[1098, 354], [1026, 588]]",,"[[1416, 528]]",,0.4736545688062622,0.2904801644390812
316,2,2,5.238999999999805,,13518,"[954, 270]",False,,True,0.0,False,,False,"[[1098, 348], [1026, 582]]",,"[[1416, 522]]",,0.4658620017733301,0.2940933357548946
317,2,2,5.255999999999858,,13518,"[954, 270]",False,,True,0.0,False,,False,"[[1098, 342], [1026, 576]]",,"[[1416, 516]]",,0.4658620017733301,0.2940933357548946
318,2,2,5.272999999999911,,13518,"[954, 270]",False,,True,0.0,False,,False,"[[1098, 336], [1026, 570]]",,"[[1416, 510]]",,0.461066205504922,0.2881676745962989
319,2,2,5.289999999999964,,13518,"[954, 270]",False,,True,0.0,False,,False,"[[1098, 330], [1026, 564]]",,"[[1416, 504]]",,0.461066205504922,0.2881676745962989
320,2,2,5.306999999999789,,13518,"[954, 270]",False,,True,0.0,False,,False,"[[1098, 324], [1026, 558]]",,"[[1416, 498]]",,0.4608865424941578,0.28591750263978255
321,2,2,5.323999999999842,,13518,"[954, 270]",False,,True,0.0,False,,False,"[[1098, 318], [1026, 552]]",,"[[1416, 492]]",,0.4608865424941578,0.28591750263978255
322,2,2,5.3409999999998945,,13518,"[954, 270]",False,,True,0.0,False,,False,"[[1098, 312], [1026, 546]]",,"[[1416, 486]]",,0.45951011382335805,0.2842459742493507
323,2,2,5.356999999999971,,13518,"[954, 270]",False,,True,0.0,False,,False,"[[1098, 306], [1026, 540]]",,"[[1416, 480]]",,0.45951011382335805,0.2842459742493507
324,2,2,5.373999999999796,,13518,"[954, 270]",False,,True,0.0,False,,False,"[[1098, 300], [1026, 534]]",,"[[1416, 474]]",,0.459642699704795,0.2859642060016202
325,2,2,5.390999999999849,,13518,"[954, 270]",False,,True,0.0,False,,False,"[[1098, 294], [1026, 528]]",,"[[1416, 468]]",,0.4590565170988904,0.28581516533766627
326,2,2,5.406999999999925,,13518,"[954, 270]",False,,True,0.0,False,,False,"[[1098, 288], [1026, 522]]",,"[[1416, 462]]",,0.45685782640462574,0.28792328580444193
327,2,2,5.423000000000002,,13518,"[954, 270]",False,,True,0.0,False,,False,"[[1098, 282], [1026, 516]]",,"[[1416, 456]]",,0.45685782640462574,0.28792328580444193
328,2,2,5.438999999999851,,13518,"[954, 270]",False,,True,0.0,False,,False,"[[1098, 276], [1026, 510]]",,"[[1416, 450]]",,0.45671215191122483,0.29043522510245456
329,2,2,5.455999999999904,,13518,"[954, 270]",False,,True,0.0,False,,False,"[[1098, 270], [1026, 504]]",,"[[1416, 444]]",,0.45671215191122483,0.29043522510245456
330,2,2,5.472999999999956,,13518,"[954, 270]",False,,True,0.0,False,,False,"[[1098, 264], [1026, 498]]",,"[[1416, 438]]",,0.45667124380336865,0.2921069133328932
331,2,2,5.488999999999805,,13518,"[954, 270]",False,,True,0.0,False,,False,"[[1098, 258], [1026, 492]]",,"[[1416, 432]]",,0.45667124380336865,0.2921069133328932
332,2,2,5.505999999999858,,13518,"[954, 270]",False,,True,0.0,False,,False,"[[1098, 252], [1026, 486], [774, 810], [1116, 810]]",,"[[1416, 426]]",,0.456901464971045,0.29488416639133685
333,2,2,5.522999999999911,,13518,"[954, 270]",False,,True,0.0,False,,False,"[[1098, 246], [1026, 480], [774, 804], [1116, 804]]",,"[[1416, 420]]",,0.456901464971045,0.29488416639133685
334,2,2,5.539999999999964,,13518,"[954, 270]",False,,True,0.0,False,,False,"[[1098, 240], [1026, 474], [774, 798], [1116, 798]]",,"[[1416, 414]]",,0.4568685329569678,0.2984460136067172
335,2,2,5.555999999999813,,13518,"[954, 270]",False,,True,0.0,False,,False,"[[1098, 234], [1026, 468], [774, 792], [1116, 792], [756, 810]]",,"[[1416, 408]]",,0.4568685329569678,0.2984460136067172
336,2,2,5.571999999999889,,13518,"[954, 270]",False,,True,0.0,False,,False,"[[1098, 228], [1026, 462], [774, 786], [1116, 786], [756, 804]]",,"[[1416, 402]]",,0.45651434705177724,0.30064392061592093
337,2,2,5.588999999999942,,13518,"[954, 270]",False,,True,0.0,False,,False,"[[1098, 222], [1026, 456], [774, 780], [1116, 780], [756, 798]]",,"[[1416, 396]]",,0.45651434705177724,0.30064392061592093
338,2,2,5.604999999999791,,13518,"[954, 270]",False,,True,0.0,False,,False,"[[1098, 216], [1026, 450], [774, 774], [1116, 774], [756, 792]]",,"[[1416, 390]]",,0.4569069764430191,0.30155995163366023
339,2,2,5.621999999999844,,13518,"[954, 270]",False,,True,0.0,False,,False,"[[1098, 210], [1026, 444], [774, 768], [1116, 768], [756, 786]]",,"[[1416, 384]]",,0.4569069764430191,0.30155995163366023
340,2,2,5.63799999999992,,13518,"[954, 270]",False,,True,0.0,False,,False,"[[1098, 204], [1026, 438], [774, 762], [1116, 762], [756, 780]]",,"[[1416, 378]]",,0.4585969440463268,0.3037351554901031
341,2,2,5.653999999999996,,13518,"[954, 270]",False,,True,0.0,False,,False,"[[1098, 198], [1026, 432], [774, 756], [1116, 756], [756, 774]]",,"[[1416, 372]]",,0.4585969440463268,0.3037351554901031
342,2,2,5.673000000000002,,13518,"[954, 270]",False,Right,True,0.0,False,,False,"[[1098, 192], [1026, 426], [774, 750], [1116, 750], [756, 768]]",,"[[1410, 366]]",,0.46071047016930117,0.30800176978340843
343,2,2,5.688999999999851,,13518,"[954, 270]",False,Right,True,0.0,False,,False,"[[1092, 186], [1020, 420], [768, 744], [1110, 744], [750, 762]]",,"[[1404, 360]]",,0.46071047016930117,0.30800176978340843
344,2,2,5.705999999999904,,13518,"[954, 270]",False,Right,True,0.0,False,,False,"[[1086, 180], [1014, 414], [762, 738], [1104, 738], [744, 756]]",,"[[1398, 354]]",,0.4607677658090202,0.3101432064155246
345,2,2,5.722999999999956,,13518,"[954, 270]",False,Right,True,0.0,False,,False,"[[1080, 174], [1008, 408], [756, 732], [1098, 732], [738, 750]]",,"[[1392, 348]]",,0.4607677658090202,0.3101432064155246
346,2,2,5.738999999999805,,13518,"[954, 270]",False,Right,True,0.0,False,,False,"[[1074, 168], [1002, 402], [750, 726], [1092, 726], [732, 744]]",,"[[1386, 342]]",,0.4596957537594474,0.3109470516861581
347,2,2,5.7569999999998345,,13518,"[954, 270]",False,,True,0.0,False,,False,"[[1068, 162], [996, 396], [744, 720], [1086, 720], [726, 738]]",,"[[1386, 336]]",,0.4596957537594474,0.3109470516861581
348,2,2,5.7719999999999345,,13518,"[954, 270]",False,,True,0.0,False,,False,"[[1068, 156], [996, 390], [744, 714], [1086, 714], [726, 732]]",,"[[1386, 330]]",,0.4598395541044429,0.31236232651096685
349,2,2,5.786999999999807,,13518,"[954, 270]",False,,True,0.0,False,,False,"[[1068, 150], [996, 384], [744, 708], [1086, 708], [726, 726]]",,"[[1386, 324], [480, 810]]",,0.4598395541044429,0.31236232651096685
350,2,2,5.80399999999986,,13518,"[954, 270]",False,,True,0.0,False,,False,"[[1068, 144], [996, 378], [744, 702], [1086, 702], [726, 720]]",,"[[1386, 318], [480, 804]]",,0.4606352338325762,0.3175221896162057
351,2,2,5.820999999999913,,13518,"[954, 270]",False,,True,0.0,False,,False,"[[1068, 138], [996, 372], [744, 696], [1086, 696], [726, 714]]",,"[[1386, 312], [480, 798]]",,0.4606352338325762,0.3175221896162057
352,2,2,5.837999999999965,,13518,"[954, 270]",False,,True,1.0,False,,False,"[[1068, 132], [996, 366], [744, 690], [1086, 690], [726, 708]]",,"[[1386, 306], [480, 792]]",,0.4605436126614017,0.32020172766720645
353,2,2,5.854999999999791,,13518,"[954, 270]",False,Right,True,1.0,False,,False,"[[1068, 126], [996, 360], [744, 684], [1086, 684], [726, 702]]",,"[[1386, 300], [480, 786]]",,0.4605436126614017,0.32020172766720645
354,2,2,5.870999999999867,,13518,"[954, 270]",False,Right,True,1.0,False,,False,"[[1068, 120], [996, 354], [744, 678], [1086, 678], [726, 696]]",,"[[1386, 294], [480, 780]]",,0.4597434372922171,0.32163736380947117
355,2,2,5.88799999999992,,13518,"[954, 270]",False,Right,True,1.0,False,,False,"[[1068, 114], [996, 348], [744, 672], [1086, 672], [726, 690]]",,"[[1386, 288], [480, 774]]",,0.45948297108197034,0.3222423741301955
356,2,2,5.904999999999973,,13518,"[954, 270]",False,Right,True,1.0,False,,False,"[[1068, 108], [996, 342], [744, 666], [1086, 666], [726, 684]]",,"[[1386, 282], [480, 768]]",,0.459020310957199,0.32226977500678944
357,2,2,5.923000000000002,,13518,"[954, 270]",False,,True,1.0,False,,False,"[[1068, 102], [996, 336], [744, 660], [1086, 660], [726, 678]]",,"[[1392, 276], [486, 762]]",,0.459020310957199,0.32226977500678944
358,2,2,5.938999999999851,,13518,"[954, 270]",False,,True,1.0,False,,False,"[[1074, 96], [1002, 330], [750, 654], [1092, 654], [732, 672]]",,"[[1398, 270], [492, 756]]",,0.45978594057872846,0.3239782618267987
359,2,2,5.953999999999951,,13518,"[954, 270]",False,,True,1.0,False,,False,"[[1080, 90], [1008, 324], [756, 648], [1098, 648], [738, 666]]",,"[[1404, 264], [498, 750]]",,0.45978594057872846,0.3239782618267987
360,2,2,5.971000000000004,,13518,"[954, 270]",False,,True,1.0,False,,False,"[[1086, 84], [1014, 318], [762, 642], [1104, 642], [744, 660]]",,"[[1410, 258], [504, 744]]",,0.4603126744820195,0.3251952478609428
361,2,2,5.986999999999853,,13518,"[954, 270]",False,,True,1.0,False,,False,"[[1092, 78], [1020, 312], [768, 636], [1110, 636], [750, 654]]",,"[[1416, 252], [510, 738]]",,0.4603126744820195,0.3251952478609428
362,2,2,6.003999999999905,,13518,"[954, 270]",False,,True,1.0,False,,False,"[[1098, 72], [1026, 306], [774, 630], [1116, 630], [756, 648]]",,"[[1422, 246], [516, 732]]",,0.46053959616165274,0.328321651969937
363,2,2,6.0219999999999345,,13518,"[954, 270]",False,Right,True,1.0,False,,False,"[[1104, 66], [1032, 300], [780, 624], [1122, 624], [762, 642]]",,"[[1422, 240], [516, 726]]",,0.46053959616165274,0.328321651969937
364,2,2,6.038000000000011,,13518,"[954, 270]",False,Right,True,1.0,False,,False,"[[1104, 60], [1032, 294], [780, 618], [1122, 618], [762, 636]]",,"[[1422, 234], [516, 720]]",,0.3950779946258262,0.3301956504855599
365,2,2,6.052999999999884,,13518,"[954, 270]",False,Right,True,1.0,False,,False,"[[1104, 54], [1032, 288], [780, 612], [1122, 612], [762, 630]]",,"[[1422, 228], [516, 714]]",,0.3950779946258262,0.3301956504855599
366,2,2,6.06899999999996,,13518,"[954, 270]",False,Right,True,1.0,False,,False,"[[1104, 48], [1032, 282], [780, 606], [1122, 606], [762, 624]]",,"[[1422, 222], [516, 708]]",,0.46017073092969685,0.3299682481506938
367,2,2,6.085999999999785,,13518,"[954, 270]",False,Right,True,1.0,False,,False,"[[1104, 42], [1032, 276], [780, 600], [1122, 600], [762, 618]]",,"[[1422, 216], [516, 702]]",,0.46032154691902843,0.33034751016974806
368,2,2,6.102999999999838,,13518,"[954, 270]",False,,True,1.0,False,,False,"[[1104, 36], [1032, 270], [780, 594], [1122, 594], [762, 612]]",,"[[1428, 210], [522, 696]]",,0.46019088783988005,0.3319120364053223
369,2,2,6.117999999999938,,13518,"[954, 270]",False,,True,1.0,False,,False,"[[1110, 30], [1038, 264], [786, 588], [1128, 588], [768, 606]]",,"[[1434, 204], [528, 690]]",,0.46019088783988005,0.3319120364053223
370,2,2,6.134999999999991,,13518,"[954, 270]",False,,True,1.0,False,,False,"[[1116, 24], [1044, 258], [792, 582], [1134, 582], [774, 600]]",,"[[1440, 198], [534, 684]]",,0.3953181615172606,0.3298543704808975
371,2,2,6.151999999999816,,13518,"[954, 270]",False,,True,1.0,False,,False,"[[1122, 18], [1050, 252], [798, 576], [1140, 576], [780, 594]]",,"[[1446, 192], [540, 678]]",,0.3953497570374466,0.3298040042833221
372,2,2,6.167999999999893,,13518,"[954, 270]",False,,True,1.0,False,,False,"[[1128, 12], [1056, 246], [804, 570], [1146, 570], [786, 588]]",,"[[1452, 186], [546, 672]]",,0.4726835475191325,0.3695662739617048
373,2,2,6.184999999999945,,13518,"[954, 270]",False,,True,1.0,False,,False,"[[1134, 6], [1062, 240], [810, 564], [1152, 564], [792, 582]]",,"[[1458, 180], [552, 666]]",,0.4726835475191325,0.3695662739617048
374,2,2,6.2009999999997945,,13518,"[954, 270]",False,,True,1.0,False,,False,"[[1140, 0], [1068, 234], [816, 558], [1158, 558], [798, 576]]",,"[[1464, 174], [558, 660]]",,0.4596846082828052,0.3367755922778428
375,2,2,6.216999999999871,,13518,"[954, 270]",False,,True,1.0,False,,False,"[[1074, 228], [822, 552], [1164, 552], [804, 570]]",,"[[1470, 168], [564, 654]]",,0.39544713024560696,0.329610971978197
376,2,2,6.232999999999947,,13518,"[954, 270]",False,,True,1.0,False,,False,"[[1080, 222], [828, 546], [1170, 546], [810, 564]]",,"[[1476, 162], [570, 648]]",,0.47140675870948423,0.3714499592241697
377,2,2,6.25,,13518,"[954, 270]",False,,True,1.0,False,,False,"[[1086, 216], [834, 540], [1176, 540], [816, 558]]",,"[[1482, 156], [576, 642]]",,0.47140675870948423,0.3714499592241697
378,2,2,6.266999999999825,,13518,"[954, 270]",False,,True,1.0,False,,False,"[[1092, 210], [840, 534], [1182, 534], [822, 552]]",,"[[1488, 150], [582, 636]]",,0.4645527956638884,0.3253755188245042
379,2,2,6.283999999999878,,13518,"[954, 270]",False,Right,True,1.0,False,,False,"[[1098, 204], [846, 528], [1188, 528], [828, 546]]",,"[[1488, 144], [582, 630]]",,0.46464529910000507,0.32412746659989766
380,2,2,6.2999999999999545,,13518,"[954, 270]",False,Right,True,1.0,False,,False,"[[1098, 198], [846, 522], [1188, 522], [828, 540]]",,"[[1488, 138], [582, 624]]",,0.4653163161655386,0.3243873291835139
381,2,2,6.314999999999827,,13518,"[954, 270]",False,Right,True,1.0,False,,False,"[[1098, 192], [846, 516], [1188, 516], [828, 534]]",,"[[1488, 132], [582, 618]]",,0.46685920570902156,0.32382964745613785
382,2,2,6.33199999999988,,13518,"[954, 270]",False,Right,True,1.0,False,,False,"[[1098, 186], [846, 510], [1188, 510], [828, 528]]",,"[[1488, 126], [582, 612]]",,0.4675839255875573,0.3225687767015646
383,2,2,6.348999999999933,,13518,"[954, 270]",False,Right,True,1.0,False,,False,"[[1098, 180], [846, 504], [1188, 504], [828, 522]]",,"[[1488, 120], [582, 606]]",,0.4681968567116691,0.32280332078865415
384,2,2,6.363999999999805,,13518,"[954, 270]",False,Right,True,1.0,False,,False,"[[1098, 174], [846, 498], [1188, 498], [828, 516]]",,"[[1488, 114], [582, 600]]",,0.46784619441459185,0.3241809084816988
385,2,2,6.379999999999882,,13518,"[954, 270]",False,Right,True,1.0,False,,False,"[[1098, 168], [846, 492], [1188, 492], [828, 510]]",,"[[1488, 108], [582, 594]]",,0.4674873493306606,0.324871320370521
386,2,2,6.395999999999958,,13518,"[954, 270]",False,Right,True,1.0,False,,False,"[[1098, 162], [846, 486], [1188, 486], [828, 504]]",,"[[1488, 102], [582, 588]]",,0.4674873493306606,0.324871320370521
387,2,2,6.413000000000011,,13518,"[954, 270]",False,,True,1.0,False,,False,"[[1098, 156], [846, 480], [1188, 480], [828, 498]]",,"[[1494, 96], [588, 582]]",,0.46641594032431544,0.3275004501023706
388,2,2,6.42899999999986,,13518,"[954, 270]",False,,True,1.0,False,,False,"[[1104, 150], [852, 474], [1194, 474], [834, 492]]",,"[[1500, 90], [594, 576]]",,0.46641594032431544,0.3275004501023706
389,2,2,6.445999999999913,,13518,"[954, 270]",False,,True,1.0,False,,False,"[[1110, 144], [858, 468], [1200, 468], [840, 486]]",,"[[1506, 84], [600, 570]]",,0.4661027454807038,0.32836079423669406
390,2,2,6.461999999999989,,13518,"[954, 270]",False,,True,1.0,False,,False,"[[1116, 138], [864, 462], [1206, 462], [846, 480]]",,"[[1512, 78], [606, 564]]",,0.4661027454807038,0.32836079423669406
391,2,2,6.4789999999998145,,13518,"[954, 270]",False,,True,1.0,False,,False,"[[1122, 132], [870, 456], [1212, 456], [852, 474]]",,"[[1518, 72], [612, 558]]",,0.4760054173620449,0.366436992874253
392,2,2,6.495999999999867,,13518,"[954, 270]",False,,True,1.0,False,,False,"[[1128, 126], [876, 450], [1218, 450], [858, 468]]",,"[[1524, 66], [618, 552]]",,0.4760054173620449,0.366436992874253
393,2,2,6.51299999999992,,13518,"[954, 270]",False,,True,1.0,False,,False,"[[1134, 120], [882, 444], [1224, 444], [864, 462]]",,"[[1530, 60], [624, 546]]",,0.4670556526922736,0.3308398492758666
394,2,2,6.529999999999973,,13518,"[954, 270]",False,,True,1.0,False,,False,"[[1140, 114], [888, 438], [1230, 438], [870, 456]]",,"[[1536, 54], [630, 540]]",,0.4670556526922736,0.3308398492758666
395,2,2,6.546999999999798,,13518,"[954, 270]",False,,True,1.0,False,,False,"[[1146, 108], [894, 432], [1236, 432], [876, 450]]",,"[[1542, 48], [636, 534]]",,0.40324543981776584,0.32811827652621395
396,2,2,6.563999999999851,,13518,"[954, 270]",False,,True,1.0,False,,False,"[[1152, 102], [900, 426], [1242, 426], [882, 444]]",,"[[1548, 42], [642, 528]]",,0.40324543981776584,0.32811827652621395
397,2,2,6.580999999999904,,13518,"[954, 270]",False,,True,1.0,False,,False,"[[1158, 96], [906, 420], [1248, 420], [888, 438]]",,"[[1554, 36], [648, 522]]",,0.4633796411246734,0.31978804132771255
398,2,2,6.597999999999956,,13518,"[954, 270]",False,,True,1.0,False,,False,"[[1164, 90], [912, 414], [1254, 414], [894, 432]]",,"[[1560, 30], [654, 516]]",,0.4633796411246734,0.31978804132771255
399,2,2,6.615000000000009,,13518,"[954, 270]",False,,True,1.0,False,,False,"[[1170, 84], [918, 408], [1260, 408], [900, 426]]",,"[[1566, 24], [660, 510]]",,0.46319977678166724,0.3202960463804858
400,2,2,6.6319999999998345,,13518,"[954, 270]",False,,True,1.0,False,,False,"[[1176, 78], [924, 402], [1266, 402], [906, 420]]",,"[[1572, 18], [666, 504]]",,0.46297012978329155,0.3206079628132582
401,2,2,6.648999999999887,,13518,"[954, 270]",False,Right,True,1.0,False,,False,"[[1182, 72], [930, 396], [1272, 396], [912, 414]]",,"[[1572, 12], [666, 498]]",,0.46199468114483133,0.31994488294960566
402,2,2,6.664999999999964,,13518,"[954, 270]",False,Right,True,1.0,False,,False,"[[1182, 66], [930, 390], [1272, 390], [912, 408]]",,"[[1572, 6], [666, 492]]",,0.46199468114483133,0.31994488294960566
403,2,2,6.680999999999813,,13518,"[954, 270]",False,Right,True,0.0,False,,False,"[[1182, 60], [930, 384], [1272, 384], [912, 402]]",,"[[1572, 0], [666, 486], [1572, 810]]",,0.4617190330030412,0.3212266145580841
404,2,2,6.696999999999889,,13518,"[954, 270]",False,Right,True,0.0,False,,False,"[[1182, 54], [930, 378], [1272, 378], [912, 396]]",,"[[660, 480], [1566, 804]]",,0.4617190330030412,0.3212266145580841
405,2,2,6.713999999999942,,13518,"[954, 270]",False,Right,True,0.0,False,,False,"[[1176, 48], [924, 372], [1266, 372], [906, 390]]",,"[[654, 474], [1560, 798]]",,0.40348830342479414,0.3276373185274898
406,2,2,6.732999999999947,,13518,"[954, 270]",False,,True,0.0,False,,False,"[[1170, 42], [918, 366], [1260, 366], [900, 384]]",,"[[654, 468], [1560, 792]]",,0.40348830342479414,0.3276373185274898
407,2,2,6.74799999999982,,13518,"[954, 270]",False,,True,0.0,False,,False,"[[1170, 36], [918, 360], [1260, 360], [900, 378]]",,"[[654, 462], [1560, 786]]",,0.40357215373312466,0.3274642302124051
408,2,2,6.764999999999873,,13518,"[954, 270]",False,,True,0.0,False,,False,"[[1170, 30], [918, 354], [1260, 354], [900, 372]]",,"[[654, 456], [1560, 780]]",,0.40357215373312466,0.3274642302124051
409,2,2,6.780999999999949,,13518,"[954, 270]",False,,True,0.0,False,,False,"[[1170, 24], [918, 348], [1260, 348], [900, 366]]",,"[[654, 450], [1560, 774]]",,0.40361316325636604,0.3273642269366407
410,2,2,6.798000000000002,,13518,"[954, 270]",False,,True,0.0,False,,False,"[[1170, 18], [918, 342], [1260, 342], [900, 360]]",,"[[654, 444], [1560, 768]]",,0.4036552754973789,0.32733136960140086
411,2,2,6.814999999999827,,13518,"[954, 270]",False,,True,0.0,False,,False,"[[1170, 12], [918, 336], [1260, 336], [900, 354]]",,"[[654, 438], [1560, 762]]",,0.4627122235141761,0.3283883887302169
412,2,2,6.83199999999988,,13518,"[954, 270]",False,Right,True,0.0,False,,False,"[[1170, 6], [918, 330], [1260, 330], [900, 348]]",,"[[648, 432], [1554, 756]]",,0.4627122235141761,0.3283883887302169
413,2,2,6.84699999999998,,13518,"[954, 270]",False,Right,True,0.0,False,,False,"[[1164, 0], [912, 324], [1254, 324], [894, 342]]",,"[[642, 426], [1548, 750]]",,0.4037832741950028,0.32698676182896025
414,2,2,6.862999999999829,,13518,"[954, 270]",False,Right,True,0.0,False,,False,"[[906, 318], [1248, 318], [888, 336]]",,"[[636, 420], [1542, 744]]",,0.4037832741950028,0.32698676182896025
415,2,2,6.878999999999905,,13518,"[954, 270]",False,Right,True,0.0,False,,False,"[[900, 312], [1242, 312], [882, 330]]",,"[[630, 414], [1536, 738]]",,0.4720315339012554,0.3685900762889346
416,2,2,6.894999999999982,,13518,"[954, 270]",False,Right,True,0.0,False,,False,"[[894, 306], [1236, 306], [876, 324]]",,"[[624, 408], [1530, 732]]",,0.4720315339012554,0.3685900762889346
417,2,2,6.911999999999807,,13518,"[954, 270]",False,Right,True,0.0,False,,False,"[[888, 300], [1230, 300], [870, 318]]",,"[[618, 402], [1524, 726]]",,0.40392031060259803,0.3267212815006608
418,2,2,6.92899999999986,,13518,"[954, 270]",False,,True,0.0,False,,False,"[[882, 294], [1224, 294], [864, 312]]",,"[[618, 396], [1524, 720]]",,0.40392031060259803,0.3267212815006608
419,2,2,6.944999999999936,,13518,"[954, 270]",False,,True,0.0,False,,False,"[[882, 288], [1224, 288], [864, 306]]",,"[[618, 390], [1524, 714]]",,0.46931091296398647,0.3678153404746095
420,2,2,6.961999999999989,,13518,"[954, 270]",False,,True,0.0,False,,False,"[[882, 282], [1224, 282], [864, 300]]",,"[[618, 384], [1524, 708]]",,0.46931091296398647,0.3678153404746095
421,2,2,6.977999999999838,,13518,"[954, 270]",False,,True,0.0,False,,False,"[[882, 276], [1224, 276], [864, 294]]",,"[[618, 378], [1524, 702]]",,0.46977398822071403,0.3693049251366506
422,2,2,6.995999999999867,,13518,"[954, 270]",False,Right,True,0.0,False,,False,"[[882, 270], [1224, 270], [864, 288]]",,"[[612, 372], [1518, 696]]",,0.46977398822071403,0.3693049251366506
423,2,2,7.010999999999967,,13518,"[954, 270]",False,Right,True,0.0,False,,False,"[[876, 264], [1218, 264], [858, 282]]",,"[[606, 366], [1512, 690]]",,0.45792407700777493,0.3203132658396224
424,2,2,7.027999999999793,,13518,"[954, 270]",False,Right,True,0.0,False,,False,"[[870, 258], [1212, 258], [852, 276]]",,"[[600, 360], [1506, 684]]",,0.45792407700777493,0.3203132658396224
425,2,2,7.043999999999869,,13518,"[954, 270]",False,Right,True,0.0,False,,False,"[[864, 252], [1206, 252], [846, 270]]",,"[[594, 354], [1500, 678]]",,0.457330803802025,0.31581992362067446
426,2,2,7.060999999999922,,13518,"[954, 270]",False,Right,True,0.0,False,,False,"[[858, 246], [1200, 246], [840, 264]]",,"[[588, 348], [1494, 672]]",,0.457330803802025,0.31581992362067446
427,2,2,7.0779999999999745,,13518,"[954, 270]",False,Right,True,0.0,False,,False,"[[852, 240], [1194, 240], [834, 258]]",,"[[582, 342], [1488, 666]]",,0.4577913194762392,0.31549065073902816
428,2,2,7.093999999999824,,13518,"[954, 270]",False,Right,True,0.0,False,,False,"[[846, 234], [1188, 234], [828, 252]]",,"[[576, 336], [1482, 660]]",,0.4577913194762392,0.31549065073902816
429,2,2,7.111999999999853,,13518,"[954, 270]",False,,True,0.0,False,,False,"[[840, 228], [1182, 228], [822, 246]]",,"[[576, 330], [1482, 654]]",,0.40418885439075963,0.32606003749270906
430,2,2,7.128999999999905,,13518,"[954, 270]",False,,True,0.0,False,,False,"[[840, 222], [1182, 222], [822, 240]]",,"[[576, 324], [1482, 648]]",,0.40418885439075963,0.32606003749270906
431,2,2,7.144999999999982,,13518,"[954, 270]",False,,True,0.0,False,,False,"[[840, 216], [1182, 216], [822, 234], [876, 810]]",,"[[576, 318], [1482, 642]]",,0.4680082295214009,0.36084686673115784
432,2,2,7.161999999999807,,13518,"[954, 270]",False,,True,0.0,False,,False,"[[840, 210], [1182, 210], [822, 228], [876, 804]]",,"[[576, 312], [1482, 636]]",,0.4680082295214009,0.36084686673115784
433,2,2,7.177999999999884,,13518,"[954, 270]",False,,True,-1.0,False,,False,"[[840, 204], [1182, 204], [822, 222], [876, 798]]",,"[[576, 306], [1482, 630]]",,0.4619889936134749,0.32395425902939756
434,2,2,7.194999999999936,,13518,"[954, 270]",False,,True,-1.0,False,,False,"[[840, 198], [1182, 198], [822, 216], [876, 792]]",,"[[570, 300], [1476, 624]]",,0.4619889936134749,0.32395425902939756
435,2,2,7.210999999999785,,13518,"[954, 270]",False,Right,True,-1.0,False,,False,"[[834, 192], [1176, 192], [816, 210], [870, 786]]",,"[[558, 294], [1464, 618]]",,0.40429902810900475,0.3257079631500972
436,2,2,7.226999999999862,,13518,"[954, 270]",False,Right,True,-1.0,False,,False,"[[822, 186], [1164, 186], [804, 204], [858, 780]]",,"[[546, 288], [1452, 612]]",,0.40429902810900475,0.3257079631500972
437,2,2,7.242999999999938,,13518,"[954, 270]",False,Right,True,-1.0,False,,False,"[[810, 180], [1152, 180], [792, 198], [846, 774]]",,"[[534, 282], [1440, 606]]",,0.3970920773556271,0.3253768261701233
438,2,2,7.258999999999787,,13518,"[954, 270]",False,Right,True,-1.0,False,,False,"[[798, 174], [1140, 174], [780, 192], [834, 768]]",,"[[522, 276], [1428, 600]]",,0.3970920773556271,0.3253768261701233
439,2,2,7.276999999999816,,13518,"[954, 270]",False,,True,-1.0,False,,False,"[[786, 168], [1128, 168], [768, 186], [822, 762]]",,"[[516, 270], [1422, 594]]",,0.46955678172591375,0.3674689891432814
440,2,2,7.292999999999893,,13518,"[954, 270]",False,,True,-1.0,False,,False,"[[780, 162], [1122, 162], [762, 180], [816, 756]]",,"[[510, 264], [1416, 588]]",,0.46955678172591375,0.3674689891432814
441,2,2,7.308999999999969,,13518,"[954, 270]",False,,True,-1.0,False,,False,"[[774, 156], [1116, 156], [756, 174], [810, 750]]",,"[[504, 258], [1410, 582]]",,0.46779417672720447,0.36812530622374784
442,2,2,7.324999999999818,,13518,"[954, 270]",False,,True,-1.0,False,,False,"[[768, 150], [1110, 150], [750, 168], [804, 744]]",,"[[498, 252], [1404, 576]]",,0.46779417672720447,0.36812530622374784
443,2,2,7.341999999999871,,13518,"[954, 270]",False,,True,-1.0,False,,False,"[[762, 144], [1104, 144], [744, 162], [798, 738]]",,"[[492, 246], [1398, 570]]",,0.4544658273909862,0.3123786575534637
444,2,2,7.358999999999924,,13518,"[954, 270]",False,,True,-1.0,False,,False,"[[756, 138], [1098, 138], [738, 156], [792, 732]]",,"[[486, 240], [1392, 564]]",,0.4544658273909862,0.3123786575534637
445,2,2,7.375999999999976,,13518,"[954, 270]",False,,True,-1.0,False,,False,"[[750, 132], [1092, 132], [732, 150], [786, 726]]",,"[[480, 234], [1386, 558]]",,0.4545166372061818,0.3131146187583552
446,2,2,7.391999999999825,,13518,"[954, 270]",False,,True,-1.0,False,,False,"[[744, 126], [1086, 126], [726, 144], [780, 720]]",,"[[474, 228], [1380, 552]]",,0.4545166372061818,0.3131146187583552
447,2,2,7.407999999999902,,13518,"[954, 270]",False,,True,-1.0,False,,False,"[[738, 120], [1080, 120], [720, 138], [774, 714]]",,"[[468, 222], [1374, 546]]",,0.4542217558843838,0.312068102180158
448,2,2,7.4249999999999545,,13518,"[954, 270]",False,,True,-1.0,False,,False,"[[732, 114], [1074, 114], [714, 132], [768, 708]]",,"[[462, 216], [1368, 540]]",,0.3976706265262223,0.3138479126315944
449,2,2,7.442000000000007,,13518,"[954, 270]",False,,True,-1.0,False,,False,"[[726, 108], [1068, 108], [708, 126], [762, 702]]",,"[[456, 210], [1362, 534]]",,0.46120649430987415,0.3576357428021274
450,2,2,7.45699999999988,,13518,"[954, 270]",False,,True,-1.0,False,,False,"[[720, 102], [1062, 102], [702, 120], [756, 696]]",,"[[450, 204], [1356, 528]]",,0.46134056480424607,0.3576689954180472
451,2,2,7.473999999999933,,13518,"[954, 270]",False,,True,-1.0,False,,False,"[[714, 96], [1056, 96], [696, 114], [750, 690]]",,"[[444, 198], [1350, 522]]",,0.45400469861381987,0.3165604097775282
452,2,2,7.490000000000009,,13518,"[954, 270]",False,,True,-1.0,False,,False,"[[708, 90], [1050, 90], [690, 108], [744, 684], [888, 810]]",,"[[438, 192], [1344, 516]]",,0.4046724281839844,0.3247362803278774
453,2,2,7.5069999999998345,,13518,"[954, 270]",False,,True,-1.0,False,,False,"[[702, 84], [1044, 84], [684, 102], [738, 678], [882, 804]]",,"[[432, 186], [1338, 510]]",,0.4046821843970381,0.3246072043445736
454,2,2,7.523999999999887,,13518,"[954, 270]",False,,True,-1.0,False,,False,"[[696, 78], [1038, 78], [678, 96], [732, 672], [876, 798]]",,"[[426, 180], [1332, 504]]",,0.4046821843970381,0.3246072043445736
455,2,2,7.54099999999994,,13518,"[954, 270]",False,,True,-1.0,False,,False,"[[690, 72], [1032, 72], [672, 90], [726, 666], [870, 792]]",,"[[420, 174], [1326, 498]]",,0.4640312915915093,0.3641864054202917
456,2,2,7.556999999999789,,13518,"[954, 270]",False,,True,-1.0,False,,False,"[[684, 66], [1026, 66], [666, 84], [720, 660], [864, 786]]",,"[[414, 168], [1320, 492]]",,0.4640312915915093,0.3641864054202917
457,2,2,7.573999999999842,,13518,"[954, 270]",False,,True,-1.0,False,,False,"[[678, 60], [1020, 60], [660, 78], [714, 654], [858, 780]]",,"[[408, 162], [1314, 486]]",,0.4652016520673074,0.36313120858312486
458,2,2,7.589999999999918,,13518,"[954, 270]",False,,True,-1.0,False,,False,"[[672, 54], [1014, 54], [654, 72], [708, 648], [852, 774]]",,"[[402, 156], [1308, 480]]",,0.45618626504133636,0.32193957869055767
459,2,2,7.6059999999999945,,13518,"[954, 270]",False,,True,-1.0,False,,False,"[[666, 48], [1008, 48], [648, 66], [702, 642], [846, 768]]",,"[[396, 150], [1302, 474]]",,0.4653118053636759,0.36343245944448643
460,2,2,7.621999999999844,,13518,"[954, 270]",False,,True,-1.0,False,,False,"[[660, 42], [1002, 42], [642, 60], [696, 636], [840, 762]]",,"[[390, 144], [1296, 468]]",,0.4670304090575276,0.3589014959406843
461,2,2,7.638999999999896,,13518,"[954, 270]",False,,True,-1.0,False,,False,"[[654, 36], [996, 36], [636, 54], [690, 630], [834, 756]]",,"[[384, 138], [1290, 462]]",,0.4620541690249228,0.29901812715363374
462,2,2,7.654999999999973,,13518,"[954, 270]",False,,True,-1.0,False,,False,"[[648, 30], [990, 30], [630, 48], [684, 624], [828, 750]]",,"[[378, 132], [1284, 456]]",,0.4617745963761163,0.29737413258129386
463,2,2,7.670999999999822,,13518,"[954, 270]",False,,True,-1.0,False,,False,"[[642, 24], [984, 24], [624, 42], [678, 618], [822, 744]]",,"[[372, 126], [1278, 450]]",,0.4619359396446077,0.2964831515254077
464,2,2,7.686999999999898,,13518,"[954, 270]",False,,True,-1.0,False,,False,"[[636, 18], [978, 18], [618, 36], [672, 612], [816, 738]]",,"[[366, 120], [1272, 444]]",,0.46192363010351806,0.2963746597751866
465,2,2,7.704999999999927,,13518,"[954, 270]",False,,True,-1.0,False,,False,"[[630, 12], [972, 12], [612, 30], [666, 606], [810, 732]]",,"[[360, 114], [1266, 438]]",,0.46192363010351806,0.2963746597751866
466,2,2,7.72199999999998,,13518,"[954, 270]",False,,True,-1.0,False,,False,"[[624, 6], [966, 6], [606, 24], [660, 600], [804, 726]]",,"[[354, 108], [1260, 432]]",,0.4626100272082862,0.29504272195282555
467,2,2,7.738999999999805,,13518,"[954, 270]",False,,True,-1.0,False,,False,"[[618, 0], [960, 0], [600, 18], [654, 594], [798, 720]]",,"[[348, 102], [1254, 426]]",,0.4626570893786651,0.29575013262026795
468,2,2,7.755999999999858,,13518,"[954, 270]",False,,True,-1.0,False,,False,"[[594, 12], [648, 588], [792, 714]]",,"[[342, 96], [1248, 420]]",,0.46211579062248714,0.2967379374316872
469,2,2,7.772999999999911,,13518,"[954, 270]",False,,True,-1.0,False,,False,"[[588, 6], [642, 582], [786, 708]]",,"[[336, 90], [1242, 414]]",,0.4617935532087098,0.2966030099728516
470,2,2,7.789999999999964,,13518,"[954, 270]",False,Left,True,-1.0,False,,False,"[[582, 0], [636, 576], [780, 702]]",,"[[336, 84], [1242, 408]]",,0.46140648581166255,0.2984470442220136
471,2,2,7.804999999999836,,13518,"[954, 270]",False,Left,True,-1.0,False,,False,"[[636, 570], [780, 696]]",,"[[336, 78], [1242, 402]]",,0.46140648581166255,0.2984470442220136
472,2,2,7.820999999999913,,13518,"[954, 270]",False,Left,True,-1.0,False,,False,"[[636, 564], [780, 690]]",,"[[336, 72], [1242, 396]]",,0.46113080011435637,0.3010213760069347
473,2,2,7.836999999999989,,13518,"[954, 270]",False,Left,True,-1.0,False,,False,"[[636, 558], [780, 684]]",,"[[336, 66], [1242, 390]]",,0.46113080011435637,0.3010213760069347
474,2,2,7.8539999999998145,,13518,"[954, 270]",False,Left,True,-1.0,False,,False,"[[636, 552], [780, 678]]",,"[[336, 60], [1242, 384]]",,0.46146927736133875,0.3051484969386393
475,2,2,7.869999999999891,,13518,"[954, 270]",False,Left,True,-1.0,False,,False,"[[636, 546], [780, 672]]",,"[[336, 54], [1242, 378]]",,0.46146927736133875,0.3051484969386393
476,2,2,7.886999999999944,,13518,"[954, 270]",False,Left,True,-1.0,False,,False,"[[636, 540], [780, 666]]",,"[[336, 48], [1242, 372]]",,0.46186754981302514,0.30820273451637725
477,2,2,7.904999999999973,,13518,"[954, 270]",False,,True,-1.0,False,,False,"[[636, 534], [780, 660]]",,"[[330, 42], [1236, 366]]",,0.46186754981302514,0.30820273451637725
478,2,2,7.920999999999822,,13518,"[954, 270]",False,,True,-1.0,False,,False,"[[630, 528], [774, 654]]",,"[[324, 36], [1230, 360]]",,0.4614072104282945,0.30944789357407865
479,2,2,7.936999999999898,,13518,"[954, 270]",False,,True,-1.0,False,,False,"[[624, 522], [768, 648]]",,"[[318, 30], [1224, 354]]",,0.4614072104282945,0.30944789357407865
480,2,2,7.953999999999951,,13518,"[954, 270]",False,,True,-1.0,False,,False,"[[618, 516], [762, 642]]",,"[[312, 24], [1218, 348]]",,0.460535300098371,0.30854203182998285
481,2,2,7.9699999999998,,13518,"[954, 270]",False,,True,-1.0,False,,False,"[[612, 510], [756, 636]]",,"[[306, 18], [1212, 342]]",,0.460535300098371,0.30854203182998285
482,2,2,7.986999999999853,,13518,"[954, 270]",False,,True,-1.0,False,,False,"[[606, 504], [750, 630]]",,"[[300, 12], [1206, 336]]",,0.45970800897818387,0.3082438413877343
483,2,2,8.003999999999905,,13518,"[954, 270]",False,,True,-1.0,False,,False,"[[600, 498], [744, 624]]",,"[[294, 6], [1200, 330]]",,0.45970800897818387,0.3082438413877343
484,2,2,8.019999999999982,,13518,"[954, 270]",False,,True,0.0,False,,False,"[[594, 492], [738, 618]]",,"[[288, 0], [1194, 324]]",,0.4585127335864235,0.3077921188510353
485,2,2,8.036999999999807,,13518,"[954, 270]",False,Left,True,0.0,False,,False,"[[588, 486], [732, 612]]",,"[[1200, 318]]",,0.4585127335864235,0.3077921188510353
486,2,2,8.052999999999884,,13518,"[954, 270]",False,Left,True,0.0,False,,False,"[[594, 480], [738, 606]]",,"[[1206, 312]]",,0.45814466329064035,0.3098724651842484
487,2,2,8.06899999999996,,13518,"[954, 270]",False,Left,True,1.0,False,,False,"[[600, 474], [744, 600]]",,"[[1212, 306]]",,0.45814466329064035,0.3098724651842484
488,2,2,8.085999999999785,,13518,"[954, 270]",False,Left,True,1.0,False,,False,"[[606, 468], [750, 594]]",,"[[1224, 300]]",,0.45811789398940495,0.31399859240737116
489,2,2,8.101999999999862,,13518,"[954, 270]",False,Left,True,1.0,False,,False,"[[618, 462], [762, 588]]",,"[[1236, 294]]",,0.45811789398940495,0.31399859240737116
490,2,2,8.117999999999938,,13518,"[954, 270]",False,Left,True,1.0,False,,False,"[[630, 456], [774, 582]]",,"[[1248, 288]]",,0.4643099521175391,0.3583750808797507
491,2,2,8.133999999999787,,13518,"[954, 270]",False,Left,True,1.0,False,,False,"[[642, 450], [786, 576], [732, 810]]",,"[[1260, 282]]",,0.4643099521175391,0.3583750808797507
492,2,2,8.149999999999864,,13518,"[954, 270]",False,Left,True,1.0,False,,False,"[[654, 444], [798, 570], [744, 804]]",,"[[1272, 276]]",,0.4577578922589643,0.31598407836543274
493,2,2,8.166999999999916,,13518,"[954, 270]",False,,True,1.0,False,,False,"[[666, 438], [810, 564], [756, 798]]",,"[[1278, 270]]",,0.4577578922589643,0.31598407836543274
494,2,2,8.182999999999993,,13518,"[954, 270]",False,,True,1.0,False,,False,"[[672, 432], [816, 558], [762, 792]]",,"[[1284, 264]]",,0.40541224604310255,0.32205209012963254
495,2,2,8.198999999999842,,13518,"[954, 270]",False,,True,1.0,False,,False,"[[678, 426], [822, 552], [768, 786]]",,"[[1290, 258]]",,0.40541224604310255,0.32205209012963254
496,2,2,8.215999999999894,,13518,"[954, 270]",False,,True,1.0,False,,False,"[[684, 420], [828, 546], [774, 780]]",,"[[1296, 252]]",,0.4563658329324644,0.318976780458081
497,2,2,8.231999999999971,,13518,"[954, 270]",False,,True,1.0,False,,False,"[[690, 414], [834, 540], [780, 774], [582, 810]]",,"[[1302, 246]]",,0.4563658329324644,0.318976780458081
498,2,2,8.248999999999796,,13518,"[954, 270]",False,,True,1.0,False,,False,"[[696, 408], [840, 534], [786, 768], [588, 804]]",,"[[1308, 240]]",,0.45893989226430937,0.3078178226344723
499,2,2,8.265999999999849,,13518,"[954, 270]",False,,True,1.0,False,,False,"[[702, 402], [846, 528], [792, 762], [594, 798]]",,"[[1314, 234]]",,0.45893989226430937,0.3078178226344723
500,2,2,8.282999999999902,,13518,"[954, 270]",False,,True,1.0,False,,False,"[[708, 396], [852, 522], [798, 756], [600, 792]]",,"[[1320, 228]]",,0.4608675518702743,0.3080840874868136
501,2,2,8.30099999999993,,13518,"[954, 270]",False,Left,True,1.0,False,,False,"[[714, 390], [858, 516], [804, 750], [606, 786]]",,"[[1332, 222]]",,0.4608675518702743,0.3080840874868136
502,2,2,8.317000000000007,,13518,"[954, 270]",False,Left,True,1.0,False,,False,"[[726, 384], [870, 510], [816, 744], [618, 780]]",,"[[1344, 216]]",,0.46160207584578294,0.3086665936635946
503,2,2,8.332999999999856,,13518,"[954, 270]",False,Left,True,1.0,False,,False,"[[738, 378], [882, 504], [828, 738], [630, 774]]",,"[[1356, 210]]",,0.46160207584578294,0.3086665936635946
504,2,2,8.350999999999885,,13518,"[954, 270]",False,,True,1.0,False,,False,"[[750, 372], [894, 498], [840, 732], [642, 768]]",,"[[1362, 204]]",,0.4615430760836031,0.3098311262078697
505,2,2,8.366999999999962,,13518,"[954, 270]",False,,True,1.0,False,,False,"[[756, 366], [900, 492], [846, 726], [648, 762]]",,"[[1368, 198]]",,0.4615430760836031,0.3098311262078697
506,2,2,8.383999999999787,,13518,"[954, 270]",False,,True,1.0,False,,False,"[[762, 360], [906, 486], [852, 720], [654, 756]]",,"[[1374, 192]]",,0.4610248455191175,0.31090650811931275
507,2,2,8.40099999999984,,13518,"[954, 270]",False,,True,1.0,False,,False,"[[768, 354], [912, 480], [858, 714], [660, 750]]",,"[[1380, 186]]",,0.4610248455191175,0.31090650811931275
508,2,2,8.416999999999916,,13518,"[954, 270]",False,,True,1.0,False,,False,"[[774, 348], [918, 474], [864, 708], [666, 744]]",,"[[1386, 180]]",,0.46108276306290863,0.3130615812225197
509,2,2,8.432999999999993,,13518,"[954, 270]",False,,True,1.0,False,,False,"[[780, 342], [924, 468], [870, 702], [672, 738]]",,"[[1392, 174]]",,0.46108276306290863,0.3130615812225197
510,2,2,8.448999999999842,,13518,"[954, 270]",False,,True,1.0,False,,False,"[[786, 336], [930, 462], [876, 696], [678, 732]]",,"[[1398, 168]]",,0.46166943062986315,0.3151134939274114
511,2,2,8.465999999999894,,13518,"[954, 270]",False,,True,1.0,False,,False,"[[792, 330], [936, 456], [882, 690], [684, 726]]",,"[[1404, 162]]",,0.46166943062986315,0.3151134939274114
512,2,2,8.482999999999947,,13518,"[954, 270]",False,,True,1.0,False,,False,"[[798, 324], [942, 450], [888, 684], [690, 720]]",,"[[1410, 156]]",,0.4623362491173852,0.316622123007948
513,2,2,8.5,,13518,"[954, 270]",False,Right,True,1.0,False,,False,"[[804, 318], [948, 444], [894, 678], [696, 714]]",,"[[1410, 150]]",,0.4623362491173852,0.316622123007948
514,2,2,8.515999999999849,,13518,"[954, 270]",False,Right,True,1.0,False,,False,"[[804, 312], [948, 438], [894, 672], [696, 708]]",,"[[1410, 144]]",,0.46229510545075814,0.3178430128373322
515,2,2,8.531999999999925,,13518,"[954, 270]",False,Right,True,1.0,False,,False,"[[804, 306], [948, 432], [894, 666], [696, 702]]",,"[[1410, 138]]",,0.46231142142238096,0.31770612385882224
516,2,2,8.548999999999978,,13518,"[954, 270]",False,Right,True,1.0,False,,False,"[[804, 300], [948, 426], [894, 660], [696, 696]]",,"[[1410, 132]]",,0.4621348882444766,0.3191414661300621
517,2,2,8.565999999999804,,13518,"[954, 270]",False,Right,True,1.0,False,,False,"[[804, 294], [948, 420], [894, 654], [696, 690]]",,"[[1410, 126]]",,0.4621348882444766,0.3191414661300621
518,2,2,8.58199999999988,,13518,"[954, 270]",False,Right,True,1.0,False,,False,"[[804, 288], [948, 414], [894, 648], [696, 684]]",,"[[1410, 120]]",,0.4707289063176301,0.3652809629938838
519,2,2,8.598999999999933,,13518,"[954, 270]",False,,True,1.0,False,,False,"[[804, 282], [948, 408], [894, 642], [696, 678]]",,"[[1416, 114]]",,0.4707289063176301,0.3652809629938838
520,2,2,8.615000000000009,,13518,"[954, 270]",False,,True,1.0,False,,False,"[[810, 276], [954, 402], [900, 636], [702, 672]]",,"[[1422, 108]]",,0.4614170548805803,0.3194144604632423
521,2,2,8.631999999999834,,13518,"[954, 270]",False,,True,1.0,False,,False,"[[816, 270], [960, 396], [906, 630], [708, 666]]",,"[[1428, 102]]",,0.40570368753066327,0.3202485912836127
522,2,2,8.64799999999991,,13518,"[954, 270]",False,,True,1.0,False,,False,"[[822, 264], [966, 390], [912, 624], [714, 660]]",,"[[1434, 96]]",,0.4612852273597038,0.3209593624627216
523,2,2,8.664999999999964,,13518,"[954, 270]",False,,True,1.0,False,,False,"[[828, 258], [972, 384], [918, 618], [720, 654]]",,"[[1440, 90]]",,0.4612852273597038,0.3209593624627216
524,2,2,8.680999999999813,,13518,"[954, 270]",False,,True,1.0,False,,False,"[[834, 252], [978, 378], [924, 612], [726, 648]]",,"[[1446, 84]]",,0.40578967479394723,0.3200554699772459
525,2,2,8.697999999999865,,13518,"[954, 270]",False,Right,True,1.0,False,,False,"[[840, 246], [984, 372], [930, 606], [732, 642]]",,"[[1446, 78]]",,0.40578967479394723,0.3200554699772459
526,2,2,8.713999999999942,,13518,"[954, 270]",False,Right,True,1.0,False,,False,"[[840, 240], [984, 366], [930, 600], [732, 636]]",,"[[1446, 72]]",,0.4058329228877047,0.3198257363020771
527,2,2,8.730999999999995,,13518,"[954, 270]",False,Right,True,1.0,False,,False,"[[840, 234], [984, 360], [930, 594], [732, 630]]",,"[[1446, 66]]",,0.4702237865364219,0.36762563801527415
528,2,2,8.74799999999982,,13518,"[954, 270]",False,Right,True,1.0,False,,False,"[[840, 228], [984, 354], [930, 588], [732, 624]]",,"[[1446, 60]]",,0.4699365395978248,0.36604372399776064
529,2,2,8.763999999999896,,13518,"[954, 270]",False,Right,True,1.0,False,,False,"[[840, 222], [984, 348], [930, 582], [732, 618]]",,"[[1446, 54]]",,0.4699365395978248,0.36604372399776064
530,2,2,8.779999999999973,,13518,"[954, 270]",False,Right,True,1.0,False,,False,"[[840, 216], [984, 342], [930, 576], [732, 612]]",,"[[1446, 48]]",,0.4697595747673898,0.3658485449746163
531,2,2,8.798000000000002,,13518,"[954, 270]",False,,True,1.0,False,,False,"[[840, 210], [984, 336], [930, 570], [732, 606]]",,"[[1452, 42]]",,0.46111880459648863,0.3220229468220417
532,2,2,8.814999999999827,,13518,"[954, 270]",False,,True,1.0,False,,False,"[[846, 204], [990, 330], [936, 564], [738, 600]]",,"[[1458, 36]]",,0.4055701755717348,0.3306052531257646
533,2,2,8.830999999999904,,13518,"[954, 270]",False,,True,1.0,False,,False,"[[852, 198], [996, 324], [942, 558], [744, 594]]",,"[[1464, 30]]",,0.4055701755717348,0.3306052531257646
534,2,2,8.84699999999998,,13518,"[954, 270]",False,,True,1.0,False,,False,"[[858, 192], [1002, 318], [948, 552], [750, 588]]",,"[[1470, 24]]",,0.46699546671989134,0.36152098901561724
535,2,2,8.865000000000009,,13518,"[954, 270]",False,Right,True,1.0,False,,False,"[[864, 186], [1008, 312], [954, 546], [756, 582]]",,"[[1470, 18]]",,0.46699546671989134,0.36152098901561724
536,2,2,8.881999999999834,,13518,"[954, 270]",False,Right,True,1.0,False,,False,"[[864, 180], [1008, 306], [954, 540], [756, 576], [1044, 810]]",,"[[1470, 12]]",,0.4595661020398462,0.31334245231194113
537,2,2,8.89799999999991,,13518,"[954, 270]",False,Right,True,1.0,False,,False,"[[864, 174], [1008, 300], [954, 534], [756, 570], [1044, 804]]",,"[[1470, 6]]",,0.4062342669601298,0.3083340304394273
538,2,2,8.913999999999987,,13518,"[954, 270]",False,Right,True,0.0,False,,False,"[[864, 168], [1008, 294], [954, 528], [756, 564], [1044, 798]]",,"[[1470, 0]]",,0.46632104842251676,0.35883310685861525
539,2,2,8.930999999999813,,13518,"[954, 270]",False,Right,True,0.0,False,,False,"[[864, 162], [1008, 288], [954, 522], [756, 558], [1044, 792]]",,[],,0.46632104842251676,0.35883310685861525
540,2,2,8.947999999999865,,13518,"[954, 270]",False,Right,True,0.0,False,,False,"[[858, 156], [1002, 282], [948, 516], [750, 552], [1038, 786]]",,[],,0.46684948130980314,0.35942840800506504
541,2,2,8.964999999999918,,13518,"[954, 270]",False,Right,True,0.0,False,,False,"[[852, 150], [996, 276], [942, 510], [744, 546], [1032, 780]]",,[],,0.4599092075189432,0.31373802594441746
542,2,2,8.981999999999971,,13518,"[954, 270]",False,,True,0.0,False,,False,"[[846, 144], [990, 270], [936, 504], [738, 540], [1026, 774]]",,[],,0.40627778374871537,0.3080171733498773
543,2,2,8.996999999999844,,13518,"[954, 270]",False,,True,0.0,False,,False,"[[846, 138], [990, 264], [936, 498], [738, 534], [1026, 768]]",,[],,0.4610626224620894,0.3166307911209474
544,2,2,9.01299999999992,,13518,"[954, 270]",False,,True,0.0,False,,False,"[[846, 132], [990, 258], [936, 492], [738, 528], [1026, 762]]",,[],,0.46187597306000594,0.3181675197657756
545,2,2,9.029999999999973,,13518,"[954, 270]",False,,True,0.0,False,,False,"[[846, 126], [990, 252], [936, 486], [738, 522], [1026, 756]]",,[],,0.46231260540592006,0.31900053303061726
546,2,2,9.046999999999798,,13518,"[954, 270]",False,,True,0.0,False,,False,"[[846, 120], [990, 246], [936, 480], [738, 516], [1026, 750]]",,[],,0.46226173210166904,0.3190124299604298
547,2,2,9.062999999999874,,13518,"[954, 270]",False,,True,0.0,False,,False,"[[846, 114], [990, 240], [936, 474], [738, 510], [1026, 744]]",,[],,0.4620934684144694,0.3223089022498087
548,2,2,9.07899999999995,,13518,"[954, 270]",False,,True,0.0,False,,False,"[[846, 108], [990, 234], [936, 468], [738, 504], [1026, 738]]",,[],,0.4620379979837848,0.3229483094270912
549,2,2,9.096000000000004,,13518,"[954, 270]",False,,True,0.0,False,,False,"[[846, 102], [990, 228], [936, 462], [738, 498], [1026, 732]]",,[],,0.46140212556324356,0.3231257218416326
550,2,2,9.111999999999853,,13518,"[954, 270]",False,,True,0.0,False,,False,"[[846, 96], [990, 222], [936, 456], [738, 492], [1026, 726]]",,[],,0.46153324175885924,0.32426568484365426
551,2,2,9.127999999999929,,13518,"[954, 270]",False,,True,0.0,False,,False,"[[846, 90], [990, 216], [936, 450], [738, 486], [1026, 720]]",,[],,0.4717777279867037,0.3669047416119601
552,2,2,9.145999999999958,,13518,"[954, 270]",False,Right,True,0.0,False,,False,"[[846, 84], [990, 210], [936, 444], [738, 480], [1026, 714]]",,[],,0.4717777279867037,0.3669047416119601
553,2,2,9.16099999999983,,13518,"[954, 270]",False,Right,True,0.0,False,,False,"[[840, 78], [984, 204], [930, 438], [732, 474], [1020, 708]]",,[],,0.461441821085513,0.3219400772225389
554,2,2,9.177999999999884,,13518,"[954, 270]",False,Right,True,0.0,False,,False,"[[834, 72], [978, 198], [924, 432], [726, 468], [1014, 702]]",,[],,0.461441821085513,0.3219400772225389
555,2,2,9.194999999999936,,13518,"[954, 270]",False,Right,True,0.0,False,,False,"[[828, 66], [972, 192], [918, 426], [720, 462], [1008, 696]]",,[],,0.46194665935624685,0.3216063037663196
556,2,2,9.211999999999989,,13518,"[954, 270]",False,Right,True,0.0,False,,False,"[[822, 60], [966, 186], [912, 420], [714, 456], [1002, 690]]",,[],,0.46194665935624685,0.3216063037663196
557,2,2,9.227999999999838,,13518,"[954, 270]",False,Right,True,0.0,False,,False,"[[816, 54], [960, 180], [906, 414], [708, 450], [996, 684]]",,[],,0.4625827817468542,0.3229828233550126
558,2,2,9.243999999999915,,13518,"[954, 270]",False,Right,True,0.0,False,,False,"[[810, 48], [954, 174], [900, 408], [702, 444], [990, 678]]",,[],,0.4625827817468542,0.3229828233550126
559,2,2,9.260999999999967,,13518,"[954, 270]",False,,True,0.0,False,,False,"[[804, 42], [948, 168], [894, 402], [696, 438], [984, 672]]",,[],,0.46224698257073654,0.3268726228400034
560,2,2,9.276999999999816,,13518,"[954, 270]",False,,True,0.0,False,,False,"[[804, 36], [948, 162], [894, 396], [696, 432], [984, 666]]",,[],,0.46224698257073654,0.3268726228400034
561,2,2,9.294999999999845,,13518,"[954, 270]",False,,True,0.0,False,,False,"[[804, 30], [948, 156], [894, 390], [696, 426], [984, 660]]",,[],,0.4723856786603287,0.3667805748287043
562,2,2,9.310999999999922,,13518,"[954, 270]",False,,True,0.0,False,,False,"[[804, 24], [948, 150], [894, 384], [696, 420], [984, 654]]",,[],,0.4723856786603287,0.3667805748287043
563,2,2,9.326999999999998,,13518,"[954, 270]",False,,True,0.0,False,,False,"[[804, 18], [948, 144], [894, 378], [696, 414], [984, 648]]",,[],,0.4586476895649147,0.31049171492581806
564,2,2,9.343999999999824,,13518,"[954, 270]",False,Right,True,0.0,False,,False,"[[804, 12], [948, 138], [894, 372], [696, 408], [984, 642]]",,[],,0.4586476895649147,0.31049171492581806
565,2,2,9.361999999999853,,13518,"[954, 270]",False,Right,True,0.0,False,,False,"[[798, 6], [942, 132], [888, 366], [690, 402], [978, 636]]",,[],,0.458265496419534,0.30958641082979443
566,2,2,9.376999999999953,,13518,"[954, 270]",False,Right,True,0.0,False,,False,"[[792, 0], [936, 126], [882, 360], [684, 396], [972, 630]]",,[],,0.458265496419534,0.30958641082979443
567,2,2,9.394000000000005,,13518,"[954, 270]",False,Right,True,0.0,False,,False,"[[930, 120], [876, 354], [678, 390], [966, 624]]",,[],,0.45876624357504997,0.3093876122135948
568,2,2,9.41099999999983,,13518,"[954, 270]",False,Right,True,0.0,False,,False,"[[924, 114], [870, 348], [672, 384], [960, 618]]",,[],,0.45876624357504997,0.3093876122135948
569,2,2,9.426999999999907,,13518,"[954, 270]",False,Right,True,0.0,False,,False,"[[918, 108], [864, 342], [666, 378], [954, 612], [1062, 810]]",,[],,0.40611084066925784,0.3171146146671425
570,2,2,9.44399999999996,,13518,"[954, 270]",False,,True,0.0,False,,False,"[[912, 102], [858, 336], [660, 372], [948, 606], [1056, 804]]",,[],,0.40611084066925784,0.3171146146671425
571,2,2,9.460999999999785,,13518,"[954, 270]",False,,True,0.0,False,,False,"[[912, 96], [858, 330], [660, 366], [948, 600], [1056, 798]]",,[],,0.40614835116009107,0.31703564935060313
572,2,2,9.476999999999862,,13518,"[954, 270]",False,,True,0.0,False,,False,"[[912, 90], [858, 324], [660, 360], [948, 594], [1056, 792]]",,[],,0.40614835116009107,0.31703564935060313
573,2,2,9.492999999999938,,13518,"[954, 270]",False,,True,0.0,False,,False,"[[912, 84], [858, 318], [660, 354], [948, 588], [1056, 786]]",,[],,0.46936031435168674,0.3587384763018564
574,2,2,9.509999999999991,,13518,"[954, 270]",False,,True,0.0,False,,False,"[[912, 78], [858, 312], [660, 348], [948, 582], [1056, 780]]",,[],,0.46936031435168674,0.3587384763018564
575,2,2,9.526999999999816,,13518,"[954, 270]",False,,True,0.0,False,,False,"[[912, 72], [858, 306], [660, 342], [948, 576], [1056, 774]]",,[],,0.4690787849281072,0.35956400279288636
576,2,2,9.544999999999845,,13518,"[954, 270]",False,Right,True,0.0,False,,False,"[[912, 66], [858, 300], [660, 336], [948, 570], [1056, 768]]",,[],,0.4690787849281072,0.35956400279288636
577,2,2,9.560999999999922,,13518,"[954, 270]",False,Right,True,0.0,False,,False,"[[906, 60], [852, 294], [654, 330], [942, 564], [1050, 762]]",,[],,0.4585196233811531,0.31890809462988645
578,2,2,9.576999999999998,,13518,"[954, 270]",False,Right,True,0.0,False,,False,"[[900, 54], [846, 288], [648, 324], [936, 558], [1044, 756]]",,[],,0.4585196233811531,0.31890809462988645
579,2,2,9.592999999999847,,13518,"[954, 270]",False,Right,True,0.0,False,,False,"[[894, 48], [840, 282], [642, 318], [930, 552], [1038, 750]]",,[],,0.4583767092103856,0.3134016347848848
580,2,2,9.6099999999999,,13518,"[954, 270]",False,Right,True,0.0,False,,False,"[[888, 42], [834, 276], [636, 312], [924, 546], [1032, 744]]",,[],,0.4583767092103856,0.3134016347848848
581,2,2,9.625999999999976,,13518,"[954, 270]",False,Right,True,0.0,False,,False,"[[882, 36], [828, 270], [630, 306], [918, 540], [1026, 738]]",,[],,0.46480342257805046,0.29134849592089007
582,2,2,9.642999999999802,,13518,"[954, 270]",False,Right,True,0.0,False,,False,"[[876, 30], [822, 264], [624, 300], [912, 534], [1020, 732]]",,[],,0.46480342257805046,0.29134849592089007
583,2,2,9.659999999999854,,13518,"[954, 270]",False,,True,0.0,False,,False,"[[870, 24], [816, 258], [618, 294], [906, 528], [1014, 726]]",,[],,0.46473618284521667,0.29000980600719073
584,2,2,9.674999999999955,,13518,"[954, 270]",False,,True,0.0,False,,False,"[[870, 18], [816, 252], [618, 288], [906, 522], [1014, 720]]",,[],,0.46473618284521667,0.29000980600719073
585,2,2,9.692000000000007,,13518,"[954, 270]",False,,True,0.0,False,,False,"[[870, 12], [816, 246], [618, 282], [906, 516], [1014, 714]]",,[],,0.4647611090447429,0.28909563607922906
586,2,2,9.708999999999833,,13518,"[954, 270]",False,,True,0.0,False,,False,"[[870, 6], [816, 240], [618, 276], [906, 510], [1014, 708]]",,[],,0.4647611090447429,0.28909563607922906
587,2,2,9.725999999999885,,13518,"[954, 270]",False,,True,0.0,False,,False,"[[870, 0], [816, 234], [618, 270], [906, 504], [1014, 702]]",,[],,0.39231657324340385,0.2938230201672909
588,2,2,9.741999999999962,,13518,"[954, 270]",False,Right,True,0.0,False,,False,"[[816, 228], [618, 264], [906, 498], [1014, 696]]",,[],,0.39231657324340385,0.2938230201672909
589,2,2,9.758999999999787,,13518,"[954, 270]",False,Right,True,0.0,False,,False,"[[810, 222], [612, 258], [900, 492], [1008, 690]]",,[],,0.46352006011921454,0.29668672330337675
590,2,2,9.774999999999864,,13518,"[954, 270]",False,Right,True,0.0,False,,False,"[[804, 216], [606, 252], [894, 486], [1002, 684]]",,[],,0.46352006011921454,0.29668672330337675
591,2,2,9.79099999999994,,13518,"[954, 270]",False,Right,True,0.0,False,,False,"[[798, 210], [600, 246], [888, 480], [996, 678]]",,[],,0.39191152649263455,0.3044130937934246
592,2,2,9.807999999999993,,13518,"[954, 270]",False,Right,True,0.0,False,,False,"[[792, 204], [594, 240], [882, 474], [990, 672]]",,[],,0.39191152649263455,0.3044130937934246
593,2,2,9.823999999999842,,13518,"[954, 270]",False,Right,True,0.0,False,,False,"[[786, 198], [588, 234], [876, 468], [984, 666]]",,[],,0.46740854469719534,0.34782478456996546
594,2,2,9.840999999999894,,13518,"[954, 270]",False,Right,True,0.0,False,,False,"[[780, 192], [582, 228], [870, 462], [978, 660]]",,[],,0.46740854469719534,0.34782478456996546
595,2,2,9.856999999999971,,13518,"[954, 270]",False,Right,True,0.0,False,,False,"[[774, 186], [576, 222], [864, 456], [972, 654]]",,[],,0.39194729846939913,0.3042373060226088
596,2,2,9.87299999999982,,13518,"[954, 270]",False,,True,0.0,False,,False,"[[768, 180], [570, 216], [858, 450], [966, 648]]",,[],,0.39194729846939913,0.3042373060226088
597,2,2,9.888999999999896,,13518,"[954, 270]",False,,True,0.0,False,,False,"[[768, 174], [570, 210], [858, 444], [966, 642]]",,[],,0.47034916081705036,0.35163883852944555
598,2,2,9.905999999999949,,13518,"[954, 270]",False,,True,0.0,False,,False,"[[768, 168], [570, 204], [858, 438], [966, 636]]",,[],,0.47034916081705036,0.35163883852944555
599,2,2,9.923000000000002,,13518,"[954, 270]",False,,True,0.0,False,,False,"[[768, 162], [570, 198], [858, 432], [966, 630]]",,[],,0.4613747141636841,0.30498134126237564
600,2,2,9.939999999999827,,13518,"[954, 270]",False,,True,0.0,False,,False,"[[768, 156], [570, 192], [858, 426], [966, 624]]",,[],,0.4613747141636841,0.30498134126237564
601,2,2,9.955999999999904,,13518,"[954, 270]",False,,True,0.0,False,,False,"[[768, 150], [570, 186], [858, 420], [966, 618]]",,[],,0.4599327391933331,0.30727889757196303
602,2,2,9.972999999999956,,13518,"[954, 270]",False,,True,0.0,False,,False,"[[768, 144], [570, 180], [858, 414], [966, 612]]",,[],,0.4599327391933331,0.30727889757196303
603,2,2,9.988999999999805,,13518,"[954, 270]",False,Right,True,0.0,False,,False,"[[768, 138], [570, 174], [858, 408], [966, 606]]",,[],,0.457829076992555,0.3074482066780756
604,2,2,10.004999999999882,,13518,"[954, 270]",False,Right,True,0.0,False,,False,"[[762, 132], [564, 168], [852, 402], [960, 600]]",,[],,0.4540813685395183,0.2996943267032248
605,2,2,10.020999999999958,,13518,"[954, 270]",False,Right,True,0.0,False,,False,"[[756, 126], [558, 162], [846, 396], [954, 594]]",,[],,0.4533043218585605,0.2976644280537334
606,2,2,10.036999999999807,,13518,"[954, 270]",False,Right,True,0.0,False,,False,"[[750, 120], [552, 156], [840, 390], [948, 588]]",,[],,0.4543141784490696,0.2962597418624101
607,2,2,10.052999999999884,,13518,"[954, 270]",False,Right,True,0.0,False,,False,"[[744, 114], [546, 150], [834, 384], [942, 582]]",,[],,0.45470971995702775,0.2965337681334792
608,2,2,10.069999999999936,,13518,"[954, 270]",False,Right,True,0.0,False,,False,"[[738, 108], [540, 144], [828, 378], [936, 576]]",,[],,0.4547874836316669,0.2967255468629588
609,2,2,10.086999999999989,,13518,"[954, 270]",False,,True,0.0,False,,False,"[[732, 102], [534, 138], [822, 372], [930, 570]]",,[],,0.455994362432634,0.2967856238823332
610,2,2,10.102999999999838,,13518,"[954, 270]",False,,True,0.0,False,,False,"[[732, 96], [534, 132], [822, 366], [930, 564]]",,[],,0.45653560106454905,0.29799625017065057
611,2,2,10.118999999999915,,13518,"[954, 270]",False,,True,0.0,False,,False,"[[732, 90], [534, 126], [822, 360], [930, 558]]",,[],,0.45653793838450946,0.29873001421599155
612,2,2,10.134999999999991,,13518,"[954, 270]",False,,True,0.0,False,,False,"[[732, 84], [534, 120], [822, 354], [930, 552]]",,[],,0.4564235949306604,0.302032819514334
613,2,2,10.15099999999984,,13518,"[954, 270]",False,,True,0.0,False,,False,"[[732, 78], [534, 114], [822, 348], [930, 546]]",,"[[342, 810]]",,0.45591679472686264,0.30237195894317925
614,2,2,10.167999999999893,,13518,"[954, 270]",False,,True,0.0,False,,False,"[[732, 72], [534, 108], [822, 342], [930, 540]]",,"[[342, 804]]",,0.4544249305070725,0.3037462019873004
615,2,2,10.184999999999945,,13518,"[954, 270]",False,,True,0.0,False,,False,"[[732, 66], [534, 102], [822, 336], [930, 534]]",,"[[342, 798]]",,0.4539530622515254,0.30394875876346295
616,2,2,10.200999999999794,,13518,"[954, 270]",False,,True,0.0,False,,False,"[[732, 60], [534, 96], [822, 330], [930, 528]]",,"[[342, 792]]",,0.4532765349572784,0.30417880492120786
617,2,2,10.217999999999847,,13518,"[954, 270]",False,,True,0.0,False,,False,"[[732, 54], [534, 90], [822, 324], [930, 522]]",,"[[342, 786]]",,0.4532765349572784,0.30417880492120786
618,2,2,10.2349999999999,,13518,"[954, 270]",False,,True,0.0,False,,False,"[[732, 48], [534, 84], [822, 318], [930, 516]]",,"[[342, 780]]",,0.4526172019259106,0.30616453735922267
619,2,2,10.251999999999953,,13518,"[954, 270]",False,,True,0.0,False,,False,"[[732, 42], [534, 78], [822, 312], [930, 510]]",,"[[342, 774]]",,0.3853783215900713,0.29204587285330075
620,2,2,10.267999999999802,,13518,"[954, 270]",False,,True,0.0,False,,False,"[[732, 36], [534, 72], [822, 306], [930, 504]]",,"[[342, 768]]",,0.45345121142047307,0.30753412443407213
621,2,2,10.283999999999878,,13518,"[954, 270]",False,,True,0.0,False,,False,"[[732, 30], [534, 66], [822, 300], [930, 498]]",,"[[342, 762]]",,0.45345121142047307,0.30753412443407213
622,2,2,10.301999999999907,,13518,"[954, 270]",False,Left,True,0.0,False,,False,"[[732, 24], [534, 60], [822, 294], [930, 492]]",,"[[348, 756]]",,0.45424976819703744,0.30964800209070953
623,2,2,10.317999999999984,,13518,"[954, 270]",False,Left,True,0.0,False,,False,"[[738, 18], [540, 54], [828, 288], [936, 486]]",,"[[354, 750]]",,0.45424976819703744,0.30964800209070953
624,2,2,10.334999999999809,,13518,"[954, 270]",False,Left,True,0.0,False,,False,"[[744, 12], [546, 48], [834, 282], [942, 480]]",,"[[360, 744]]",,0.4545562538708217,0.30929916181748784
625,2,2,10.350999999999885,,13518,"[954, 270]",False,Left,True,0.0,False,,False,"[[750, 6], [552, 42], [840, 276], [948, 474]]",,"[[366, 738]]",,0.38538610007694657,0.29172700221311076
626,2,2,10.366999999999962,,13518,"[954, 270]",False,Left,True,0.0,False,,False,"[[756, 0], [558, 36], [846, 270], [954, 468]]",,"[[372, 732]]",,0.46279275626689076,0.35604253739355185
627,2,2,10.38299999999981,,13518,"[954, 270]",False,Left,True,0.0,False,,False,"[[564, 30], [852, 264], [960, 462]]",,"[[378, 726]]",,0.46279275626689076,0.35604253739355185
628,2,2,10.398999999999887,,13518,"[954, 270]",False,Left,True,0.0,False,,False,"[[570, 24], [858, 258], [966, 456]]",,"[[384, 720]]",,0.4631151879304262,0.3546743249671096
629,2,2,10.41599999999994,,13518,"[954, 270]",False,Left,True,0.0,False,,False,"[[576, 18], [864, 252], [972, 450]]",,"[[390, 714]]",,0.4631151879304262,0.3546743249671096
630,2,2,10.433999999999969,,13518,"[954, 270]",False,Left,True,0.0,False,,False,"[[582, 12], [870, 246], [978, 444]]",,"[[396, 708]]",,0.45528315744970416,0.3101544292929196
631,2,2,10.450999999999794,,13518,"[954, 270]",False,Left,True,0.0,False,,False,"[[588, 6], [876, 240], [984, 438]]",,"[[402, 702]]",,0.45528315744970416,0.3101544292929196
632,2,2,10.468999999999824,,13518,"[954, 270]",False,Left,True,0.0,False,,False,"[[594, 0], [882, 234], [990, 432]]",,"[[408, 696]]",,0.3992796062897967,0.3022842007288383
633,2,2,10.4849999999999,,13518,"[954, 270]",False,Left,True,0.0,False,,False,"[[888, 228], [996, 426]]",,"[[414, 690]]",,0.3992796062897967,0.3022842007288383
634,2,2,10.500999999999976,,13518,"[954, 270]",False,Left,True,0.0,False,,False,"[[894, 222], [1002, 420]]",,"[[420, 684]]",,0.4375677305477028,0.2939482207577533
635,2,2,10.517999999999802,,13518,"[954, 270]",False,Left,True,0.0,False,,False,"[[900, 216], [1008, 414], [936, 810]]",,"[[426, 678]]",,0.4375677305477028,0.2939482207577533
636,2,2,10.534999999999854,,13518,"[954, 270]",False,Left,True,0.0,False,,False,"[[906, 210], [1014, 408], [942, 804]]",,"[[432, 672]]",,0.43555926916991317,0.2914981751043223
637,2,2,10.551999999999907,,13518,"[954, 270]",False,Left,True,0.0,False,,False,"[[912, 204], [1020, 402], [948, 798]]",,"[[438, 666]]",,0.43555926916991317,0.2914981751043223
638,2,2,10.56899999999996,,13518,"[954, 270]",False,Left,True,0.0,False,,False,"[[918, 198], [1026, 396], [954, 792]]",,"[[444, 660]]",,0.43462701181409075,0.28934041412393396
639,2,2,10.585999999999785,,13518,"[954, 270]",False,Left,True,0.0,False,,False,"[[924, 192], [1032, 390], [960, 786]]",,"[[450, 654]]",,0.43462701181409075,0.28934041412393396
640,2,2,10.602999999999838,,13518,"[954, 270]",False,Left,True,0.0,False,,False,"[[930, 186], [1038, 384], [966, 780]]",,"[[456, 648]]",,0.37763454321440354,0.3012036922600638
641,2,2,10.61999999999989,,13518,"[954, 270]",False,Left,True,0.0,False,,False,"[[936, 180], [1044, 378], [972, 774]]",,"[[462, 642]]",,0.436069217516719,0.29020011366472365
642,2,2,10.635999999999967,,13518,"[954, 270]",False,Left,True,0.0,False,,False,"[[942, 174], [1050, 372], [978, 768]]",,"[[468, 636]]",,0.4362381499049192,0.2905746789293846
643,2,2,10.652999999999793,,13518,"[954, 270]",False,Left,True,0.0,False,,False,"[[948, 168], [1056, 366], [984, 762]]",,"[[474, 630]]",,0.4362381499049192,0.2905746789293846
644,2,2,10.669999999999845,,13518,"[954, 270]",False,Left,True,0.0,False,,False,"[[954, 162], [1062, 360], [990, 756]]",,"[[480, 624]]",,0.43643317013166705,0.2933230575204321
645,2,2,10.685999999999922,,13518,"[954, 270]",False,Left,True,0.0,False,,False,"[[960, 156], [1068, 354], [996, 750]]",,"[[486, 618]]",,0.43643317013166705,0.2933230575204321
646,2,2,10.701999999999998,,13518,"[954, 270]",False,Left,True,0.0,False,,False,"[[966, 150], [1074, 348], [1002, 744]]",,"[[492, 612]]",,0.43754916061787785,0.2958201024922761
647,2,2,10.718999999999824,,13518,"[954, 270]",False,Left,True,0.0,False,,False,"[[972, 144], [1080, 342], [1008, 738]]",,"[[498, 606]]",,0.43754916061787785,0.2958201024922761
648,2,2,10.7349999999999,,13518,"[954, 270]",False,Left,True,0.0,False,,False,"[[978, 138], [1086, 336], [1014, 732]]",,"[[504, 600]]",,0.44589322318873154,0.3487140892342494
649,2,2,10.750999999999976,,13518,"[954, 270]",False,Left,True,0.0,False,,False,"[[984, 132], [1092, 330], [1020, 726]]",,"[[510, 594]]",,0.44589322318873154,0.3487140892342494
650,2,2,10.766999999999825,,13518,"[954, 270]",False,Left,True,0.0,False,,False,"[[990, 126], [1098, 324], [1026, 720]]",,"[[516, 588]]",,0.44113422733035923,0.3042293697518197
651,2,2,10.782999999999902,,13518,"[954, 270]",False,Left,True,0.0,False,,False,"[[996, 120], [1104, 318], [1032, 714]]",,"[[522, 582]]",,0.44113422733035923,0.3042293697518197
652,2,2,10.798999999999978,,13518,"[954, 270]",False,Left,True,0.0,False,,False,"[[1002, 114], [1110, 312], [1038, 708]]",,"[[528, 576]]",,0.44175933980272486,0.30433873144123524
653,2,2,10.817999999999984,,13518,"[954, 270]",False,Right,True,0.0,False,,False,"[[1008, 108], [1116, 306], [1044, 702]]",,"[[522, 570]]",,0.44175933980272486,0.30433873144123524
654,2,2,10.832999999999856,,13518,"[954, 270]",False,Right,True,0.0,False,,False,"[[1002, 102], [1110, 300], [1038, 696]]",,"[[516, 564]]",,0.450394153521634,0.35027325967668566
655,2,2,10.847999999999956,,13518,"[954, 270]",False,Right,True,0.0,False,,False,"[[996, 96], [1104, 294], [1032, 690]]",,"[[510, 558]]",,0.450394153521634,0.35027325967668566
656,2,2,10.865000000000009,,13518,"[954, 270]",False,Right,True,0.0,False,,False,"[[990, 90], [1098, 288], [1026, 684]]",,"[[504, 552]]",,0.4541523371392121,0.27587565137149084
657,2,2,10.881999999999834,,13518,"[954, 270]",False,Right,True,0.0,False,,False,"[[984, 84], [1092, 282], [1020, 678]]",,"[[498, 546]]",,0.4541523371392121,0.27587565137149084
658,2,2,10.898999999999887,,13518,"[954, 270]",False,Right,True,0.0,False,,False,"[[978, 78], [1086, 276], [1014, 672]]",,"[[492, 540]]",,0.45823627294553004,0.27672959614894566
659,2,2,10.91599999999994,,13518,"[954, 270]",False,,True,0.0,False,,False,"[[972, 72], [1080, 270], [1008, 666]]",,"[[492, 534]]",,0.45823627294553004,0.27672959614894566
660,2,2,10.930999999999813,,13518,"[954, 270]",False,,True,0.0,False,,False,"[[972, 66], [1080, 264], [1008, 660]]",,"[[492, 528]]",,0.45956792720887546,0.2760657855579558
661,2,2,10.947999999999865,,13518,"[954, 270]",False,,True,0.0,False,,False,"[[972, 60], [1080, 258], [1008, 654]]",,"[[492, 522]]",,0.45956792720887546,0.2760657855579558
662,2,2,10.964999999999918,,13518,"[954, 270]",False,,True,0.0,False,,False,"[[972, 54], [1080, 252], [1008, 648]]",,"[[492, 516]]",,0.4593767866348178,0.27646170777689716
663,2,2,10.980999999999995,,13518,"[954, 270]",False,,True,0.0,False,,False,"[[972, 48], [1080, 246], [1008, 642]]",,"[[492, 510]]",,0.4593767866348178,0.27646170777689716
664,2,2,10.99799999999982,,13518,"[954, 270]",False,,True,0.0,False,,False,"[[972, 42], [1080, 240], [1008, 636]]",,"[[492, 504]]",,0.45969780093352897,0.2784781780427934
665,2,2,11.014999999999873,,13518,"[954, 270]",False,,True,0.0,False,,False,"[[972, 36], [1080, 234], [1008, 630]]",,"[[492, 498]]",,0.45969780093352897,0.2784781780427934
666,2,2,11.030999999999949,,13518,"[954, 270]",False,,True,0.0,False,,False,"[[972, 30], [1080, 228], [1008, 624]]",,"[[492, 492]]",,0.4619305125255484,0.3351487335650317
667,2,2,11.048000000000002,,13518,"[954, 270]",False,Left,True,0.0,False,,False,"[[972, 24], [1080, 222], [1008, 618]]",,"[[498, 486]]",,0.4619305125255484,0.3351487335650317
668,2,2,11.06399999999985,,13518,"[954, 270]",False,Left,True,0.0,False,,False,"[[978, 18], [1086, 216], [1014, 612]]",,"[[504, 480]]",,0.461217025870845,0.28575061586216366
669,2,2,11.079999999999927,,13518,"[954, 270]",False,Left,True,0.0,False,,False,"[[984, 12], [1092, 210], [1020, 606]]",,"[[510, 474]]",,0.461217025870845,0.28575061586216366
670,2,2,11.096000000000004,,13518,"[954, 270]",False,Left,True,0.0,False,,False,"[[990, 6], [1098, 204], [1026, 600]]",,"[[516, 468]]",,0.4620060559400535,0.2876977025440637
671,2,2,11.112999999999829,,13518,"[954, 270]",False,Left,True,0.0,False,,False,"[[996, 0], [1104, 198], [1032, 594]]",,"[[522, 462]]",,0.4625832818266141,0.2878669144414332
672,2,2,11.129999999999882,,13518,"[954, 270]",False,Left,True,0.0,False,,False,"[[1110, 192], [1038, 588]]",,"[[528, 456]]",,0.46237872110646344,0.28942092815886933
673,2,2,11.146999999999935,,13518,"[954, 270]",False,Left,True,0.0,False,,False,"[[1116, 186], [1044, 582]]",,"[[534, 450]]",,0.46237872110646344,0.28942092815886933
674,2,2,11.163000000000011,,13518,"[954, 270]",False,Left,True,0.0,False,,False,"[[1122, 180], [1050, 576]]",,"[[540, 444]]",,0.46315372787157055,0.2946133885319412
675,2,2,11.179999999999836,,13518,"[954, 270]",False,Left,True,0.0,False,,False,"[[1128, 174], [1056, 570]]",,"[[546, 438]]",,0.46315372787157055,0.2946133885319412
676,2,2,11.196999999999889,,13518,"[954, 270]",False,,True,0.0,False,,False,"[[1134, 168], [1062, 564]]",,"[[546, 432]]",,0.46271250737104663,0.2957423188881262
677,2,2,11.212999999999965,,13518,"[954, 270]",False,,True,0.0,False,,False,"[[1134, 162], [1062, 558]]",,"[[546, 426]]",,0.45747672786908067,0.2879317400913982
678,2,2,11.228999999999814,,13518,"[954, 270]",False,,True,0.0,False,,False,"[[1134, 156], [1062, 552]]",,"[[546, 420]]",,0.447671133667896,0.2726549962305125
679,2,2,11.24499999999989,,13518,"[954, 270]",False,,True,0.0,False,,False,"[[1134, 150], [1062, 546]]",,"[[546, 414]]",,0.447671133667896,0.2726549962305125
680,2,2,11.260999999999967,,13518,"[954, 270]",False,,True,0.0,False,,False,"[[1134, 144], [1062, 540]]",,"[[546, 408]]",,0.4473958864086308,0.2727785109591827
681,2,2,11.276999999999816,,13518,"[954, 270]",False,,True,0.0,False,,False,"[[1134, 138], [1062, 534]]",,"[[546, 402]]",,0.4469763173485453,0.2698882415385111
682,2,2,11.293999999999869,,13518,"[954, 270]",False,,True,0.0,False,,False,"[[1134, 132], [1062, 528]]",,"[[546, 396]]",,0.44615697965952583,0.2689598912139224
683,2,2,11.310999999999922,,13518,"[954, 270]",False,Left,True,0.0,False,,False,"[[1134, 126], [1062, 522], [1134, 810]]",,"[[552, 390]]",,0.44714143305738874,0.26816501093379264
684,2,2,11.326999999999998,,13518,"[954, 270]",False,Left,True,0.0,False,,False,"[[1140, 120], [1068, 516], [1140, 804]]",,"[[558, 384]]",,0.44899729152961265,0.2712302596655266
685,2,2,11.343999999999824,,13518,"[954, 270]",False,Left,True,0.0,False,,False,"[[1146, 114], [1074, 510], [1146, 798]]",,"[[564, 378]]",,0.44918813462314927,0.27273216628087993
686,2,2,11.3599999999999,,13518,"[954, 270]",False,Left,True,0.0,False,,False,"[[1152, 108], [1080, 504], [1152, 792]]",,"[[570, 372]]",,0.44945907145248654,0.27385890337432606
687,2,2,11.375999999999976,,13518,"[954, 270]",False,Left,True,0.0,False,,False,"[[1158, 102], [1086, 498], [1158, 786]]",,"[[576, 366]]",,0.4496542109658276,0.2761515327184392
688,2,2,11.392999999999802,,13518,"[954, 270]",False,Left,True,0.0,False,,False,"[[1164, 96], [1092, 492], [1164, 780]]",,"[[582, 360]]",,0.45006489422220863,0.2768526451849348
689,2,2,11.409999999999854,,13518,"[954, 270]",False,,True,0.0,False,,False,"[[1170, 90], [1098, 486], [1170, 774], [1332, 810]]",,"[[582, 354]]",,0.38428634650394083,0.29806323054370154
690,2,2,11.426999999999907,,13518,"[954, 270]",False,,True,0.0,False,,False,"[[1170, 84], [1098, 480], [1170, 768], [1332, 804]]",,"[[582, 348]]",,0.45132994434114276,0.28043224017652213
691,2,2,11.442999999999984,,13518,"[954, 270]",False,,True,0.0,False,,False,"[[1170, 78], [1098, 474], [1170, 762], [1332, 798]]",,"[[582, 342]]",,0.45187223966753615,0.2808557713441303
692,2,2,11.459999999999809,,13518,"[954, 270]",False,,True,0.0,False,,False,"[[1170, 72], [1098, 468], [1170, 756], [1332, 792]]",,"[[582, 336]]",,0.45254808091953586,0.2822388231756934
693,2,2,11.476999999999862,,13518,"[954, 270]",False,,True,0.0,False,,False,"[[1170, 66], [1098, 462], [1170, 750], [1332, 786]]",,"[[582, 330]]",,0.45375282108211906,0.2853531933152842
694,2,2,11.492999999999938,,13518,"[954, 270]",False,,True,0.0,False,,False,"[[1170, 60], [1098, 456], [1170, 744], [1332, 780]]",,"[[582, 324]]",,0.4549298697913633,0.28769895840937476
695,2,2,11.509999999999991,,13518,"[954, 270]",False,Left,True,0.0,False,,False,"[[1170, 54], [1098, 450], [1170, 738], [1332, 774], [810, 810]]",,"[[588, 318]]",,0.4552013966873458,0.289803633258639
696,2,2,11.526999999999816,,13518,"[954, 270]",False,Left,True,0.0,False,,False,"[[1176, 48], [1104, 444], [1176, 732], [1338, 768], [816, 804]]",,"[[594, 312]]",,0.4552013966873458,0.289803633258639
697,2,2,11.543999999999869,,13518,"[954, 270]",False,Left,True,-1.0,False,,False,"[[1182, 42], [1110, 438], [1182, 726], [1344, 762], [822, 798]]",,"[[600, 306]]",,0.4556637370253368,0.29241618849313167
698,2,2,11.560999999999922,,13518,"[954, 270]",False,Left,True,-1.0,False,,False,"[[1188, 36], [1116, 432], [1188, 720], [1350, 756], [828, 792]]",,"[[600, 300]]",,0.45567372953442103,0.2927706545198009
699,2,2,11.576999999999998,,13518,"[954, 270]",False,Left,True,-1.0,False,,False,"[[1188, 30], [1116, 426], [1188, 714], [1350, 750], [828, 786]]",,"[[600, 294]]",,0.4558020060335866,0.292474691335053
700,2,2,11.592999999999847,,13518,"[954, 270]",False,Left,True,-1.0,False,,False,"[[1188, 24], [1116, 420], [1188, 708], [1350, 744], [828, 780]]",,"[[600, 288]]",,0.45610680028186595,0.2931262198413985
701,2,2,11.610999999999876,,13518,"[954, 270]",False,,True,-1.0,False,,False,"[[1188, 18], [1116, 414], [1188, 702], [1350, 738], [828, 774]]",,"[[594, 282]]",,0.4566567978089326,0.29298209683649057
702,2,2,11.627999999999929,,13518,"[954, 270]",False,,True,-1.0,False,,False,"[[1182, 12], [1110, 408], [1182, 696], [1344, 732], [822, 768]]",,"[[588, 276]]",,0.45675755144754326,0.2938030786714775
703,2,2,11.644000000000005,,13518,"[954, 270]",False,,True,-1.0,False,,False,"[[1176, 6], [1104, 402], [1176, 690], [1338, 726], [816, 762]]",,"[[582, 270]]",,0.4572964904874282,0.2952593748512634
704,2,2,11.659999999999854,,13518,"[954, 270]",False,,True,-1.0,False,,False,"[[1170, 0], [1098, 396], [1170, 684], [1332, 720], [810, 756]]",,"[[576, 264]]",,0.4573025288720481,0.29594168349522165
705,2,2,11.67599999999993,,13518,"[954, 270]",False,,True,-1.0,False,,False,"[[1092, 390], [1164, 678], [1326, 714], [804, 750]]",,"[[570, 258]]",,0.4575534286389539,0.2961496905718153
706,2,2,11.692999999999984,,13518,"[954, 270]",False,Left,True,-1.0,False,,False,"[[1086, 384], [1158, 672], [1320, 708], [798, 744]]",,"[[570, 252]]",,0.4575166802852393,0.2970496385069501
707,2,2,11.708999999999833,,13518,"[954, 270]",False,Left,True,-1.0,False,,False,"[[1086, 378], [1158, 666], [1320, 702], [798, 738]]",,"[[570, 246]]",,0.4583777230897185,0.30056278635885714
708,2,2,11.724999999999909,,13518,"[954, 270]",False,Left,True,-1.0,False,,False,"[[1086, 372], [1158, 660], [1320, 696], [798, 732]]",,"[[570, 240]]",,0.4583777230897185,0.30056278635885714
709,2,2,11.741999999999962,,13518,"[954, 270]",False,Left,True,-1.0,False,,False,"[[1086, 366], [1158, 654], [1320, 690], [798, 726]]",,"[[570, 234]]",,0.45918000974420137,0.30266375423632186
710,2,2,11.75799999999981,,13518,"[954, 270]",False,Left,True,-1.0,False,,False,"[[1086, 360], [1158, 648], [1320, 684], [798, 720]]",,"[[570, 228]]",,0.45918000974420137,0.30266375423632186
711,2,2,11.774999999999864,,13518,"[954, 270]",False,Left,True,-1.0,False,,False,"[[1086, 354], [1158, 642], [1320, 678], [798, 714]]",,"[[570, 222]]",,0.4593396431307387,0.30552895844558037
712,2,2,11.79099999999994,,13518,"[954, 270]",False,Left,True,-1.0,False,,False,"[[1086, 348], [1158, 636], [1320, 672], [798, 708]]",,"[[570, 216]]",,0.4593396431307387,0.30552895844558037
713,2,2,11.808999999999969,,13518,"[954, 270]",False,,True,-1.0,False,,False,"[[1086, 342], [1158, 630], [1320, 666], [798, 702]]",,"[[564, 210]]",,0.46004299764565165,0.3083527476427208
714,2,2,11.824999999999818,,13518,"[954, 270]",False,,True,-1.0,False,,False,"[[1080, 336], [1152, 624], [1314, 660], [792, 696]]",,"[[558, 204]]",,0.46004299764565165,0.3083527476427208
715,2,2,11.846000000000004,,13518,"[954, 270]",False,,True,-1.0,False,,False,"[[1074, 330], [1146, 618], [1308, 654], [786, 690]]",,"[[552, 198]]",,0.4605750329129411,0.3108127945963579
716,2,2,11.862999999999829,,13518,"[954, 270]",False,,True,-1.0,False,,False,"[[1068, 324], [1140, 612], [1302, 648], [780, 684]]",,"[[546, 192]]",,0.46101390057809183,0.3107834872932581
717,2,2,11.878999999999905,,13518,"[954, 270]",False,,True,-1.0,False,,False,"[[1062, 318], [1134, 606], [1296, 642], [774, 678]]",,"[[540, 186]]",,0.46130851944172535,0.311575905866727
718,2,2,11.896999999999935,,13518,"[954, 270]",False,Left,True,-1.0,False,,False,"[[1056, 312], [1128, 600], [1290, 636], [768, 672]]",,"[[540, 180]]",,0.46134035735270623,0.3130035116646416
719,2,2,11.91599999999994,,13518,"[954, 270]",False,Left,True,-1.0,False,,False,"[[1056, 306], [1128, 594], [1290, 630], [768, 666]]",,"[[540, 174]]",,0.46241833770881896,0.31304928504362695
720,2,2,11.931999999999789,,13518,"[954, 270]",False,Left,True,-1.0,False,,False,"[[1056, 300], [1128, 588], [1290, 624], [768, 660]]",,"[[540, 168]]",,0.4625731246716769,0.3118311810732888
721,2,2,11.949999999999818,,13518,"[954, 270]",False,Left,True,-1.0,False,,False,"[[1056, 294], [1128, 582], [1290, 618], [768, 654]]",,"[[540, 162]]",,0.4625731246716769,0.3118311810732888
722,2,2,11.96699999999987,,13518,"[954, 270]",False,Left,True,-1.0,False,,False,"[[1056, 288], [1128, 576], [1290, 612], [768, 648]]",,"[[540, 156]]",,0.46274580290061423,0.31370337405305815
723,2,2,11.983999999999924,,13518,"[954, 270]",False,,True,-1.0,False,,False,"[[1056, 282], [1128, 570], [1290, 606], [768, 642]]",,"[[534, 150]]",,0.4717815488239471,0.3588283370222878
724,2,2,12.001999999999953,,13518,"[954, 270]",False,,True,-1.0,False,,False,"[[1050, 276], [1122, 564], [1284, 600], [762, 636]]",,"[[528, 144]]",,0.4672234397935795,0.2986862431809927
725,2,2,12.017999999999802,,13518,"[954, 270]",False,,True,-1.0,False,,False,"[[1044, 270], [1116, 558], [1278, 594], [756, 630], [702, 810]]",,"[[522, 138]]",,0.46733580646299144,0.2983934544660035
726,2,2,12.033999999999878,,13518,"[954, 270]",False,,True,-1.0,False,,False,"[[1038, 264], [1110, 552], [1272, 588], [750, 624], [696, 804]]",,"[[516, 132]]",,0.46733091329875204,0.29845040006496737
727,2,2,12.05099999999993,,13518,"[954, 270]",False,,True,-1.0,False,,False,"[[1032, 258], [1104, 546], [1266, 582], [744, 618], [690, 798]]",,"[[510, 126]]",,0.46733091329875204,0.29845040006496737
728,2,2,12.06899999999996,,13518,"[954, 270]",False,,True,-1.0,False,,False,"[[1026, 252], [1098, 540], [1260, 576], [738, 612], [684, 792]]",,"[[504, 120]]",,0.4672635076982643,0.29724531423693545
729,2,2,12.086999999999989,,13518,"[954, 270]",False,Left,True,-1.0,False,,False,"[[1020, 246], [1092, 534], [1254, 570], [732, 606], [678, 786]]",,"[[504, 114]]",,0.46745665258265257,0.2980020613756269
730,2,2,12.101999999999862,,13518,"[954, 270]",False,Left,True,-1.0,False,,False,"[[1020, 240], [1092, 528], [1254, 564], [732, 600], [678, 780]]",,"[[504, 108]]",,0.46773070064856415,0.29909085950880054
731,2,2,12.118999999999915,,13518,"[954, 270]",False,Left,True,-1.0,False,,False,"[[1020, 234], [1092, 522], [1254, 558], [732, 594], [678, 774]]",,"[[504, 102]]",,0.46773070064856415,0.29909085950880054
732,2,2,12.134999999999991,,13518,"[954, 270]",False,Left,True,-1.0,False,,False,"[[1020, 228], [1092, 516], [1254, 552], [732, 588], [678, 768]]",,"[[504, 96]]",,0.46731105960418046,0.30148162352234054
733,2,2,12.151999999999816,,13518,"[954, 270]",False,Left,True,-1.0,False,,False,"[[1020, 222], [1092, 510], [1254, 546], [732, 582], [678, 762]]",,"[[504, 90]]",,0.46731105960418046,0.30148162352234054
734,2,2,12.168999999999869,,13518,"[954, 270]",False,,True,-1.0,False,,False,"[[1020, 216], [1092, 504], [1254, 540], [732, 576], [678, 756]]",,"[[498, 84]]",,0.46688975756172457,0.303074123770423
735,2,2,12.184999999999945,,13518,"[954, 270]",False,,True,-1.0,False,,False,"[[1014, 210], [1086, 498], [1248, 534], [726, 570], [672, 750]]",,"[[492, 78]]",,0.4667270778057281,0.30306556545007646
736,2,2,12.201999999999998,,13518,"[954, 270]",False,,True,-1.0,False,,False,"[[1008, 204], [1080, 492], [1242, 528], [720, 564], [666, 744]]",,"[[486, 72]]",,0.4657109517715841,0.30396519614889606
737,2,2,12.21699999999987,,13518,"[954, 270]",False,,True,-1.0,False,,False,"[[1002, 198], [1074, 486], [1236, 522], [714, 558], [660, 738]]",,"[[480, 66]]",,0.4657109517715841,0.30396519614889606
738,2,2,12.233999999999924,,13518,"[954, 270]",False,,True,-1.0,False,,False,"[[996, 192], [1068, 480], [1230, 516], [708, 552], [654, 732]]",,"[[474, 60]]",,0.46556093103993595,0.30446634064915634
739,2,2,12.250999999999976,,13518,"[954, 270]",False,,True,-1.0,False,,False,"[[990, 186], [1062, 474], [1224, 510], [702, 546], [648, 726]]",,"[[468, 54]]",,0.4643967150115379,0.30486411712999995
740,2,2,12.269000000000005,,13518,"[954, 270]",False,Left,True,-1.0,False,,False,"[[984, 180], [1056, 468], [1218, 504], [696, 540], [642, 720], [1146, 810]]",,"[[468, 48]]",,0.4641651063536738,0.3068524523143056
741,2,2,12.284999999999854,,13518,"[954, 270]",False,Left,True,-1.0,False,,False,"[[984, 174], [1056, 462], [1218, 498], [696, 534], [642, 714], [1146, 804]]",,"[[468, 42]]",,0.4639730315470073,0.3076050154007661
742,2,2,12.30099999999993,,13518,"[954, 270]",False,Left,True,-1.0,False,,False,"[[984, 168], [1056, 456], [1218, 492], [696, 528], [642, 708], [1146, 798]]",,"[[468, 36]]",,0.46365205721318736,0.309719789644079
743,2,2,12.317999999999984,,13518,"[954, 270]",False,Left,True,-1.0,False,,False,"[[984, 162], [1056, 450], [1218, 486], [696, 522], [642, 702], [1146, 792]]",,"[[468, 30]]",,0.4636650823187775,0.30882098907078115
744,2,2,12.333999999999833,,13518,"[954, 270]",False,Left,True,-1.0,False,,False,"[[984, 156], [1056, 444], [1218, 480], [696, 516], [642, 696], [1146, 786]]",,"[[468, 24]]",,0.4634129524968304,0.3101040065627354
745,2,2,12.350999999999885,,13518,"[954, 270]",False,Left,True,-1.0,False,,False,"[[984, 150], [1056, 438], [1218, 474], [696, 510], [642, 690], [1146, 780]]",,"[[468, 18]]",,0.46356290696682906,0.3113336517606452
746,2,2,12.367999999999938,,13518,"[954, 270]",False,,True,-1.0,False,,False,"[[984, 144], [1056, 432], [1218, 468], [696, 504], [642, 684], [1146, 774]]",,"[[462, 12]]",,0.4635363419336576,0.3117817831429437
747,2,2,12.385999999999967,,13518,"[954, 270]",False,,True,-1.0,False,,False,"[[978, 138], [1050, 426], [1212, 462], [690, 498], [636, 678], [1140, 768]]",,"[[456, 6]]",,0.4047655355673389,0.3058189155151392
748,2,2,12.401999999999816,,13518,"[954, 270]",False,,True,0.0,False,,False,"[[972, 132], [1044, 420], [1206, 456], [684, 492], [630, 672], [1134, 762]]",,"[[450, 0]]",,0.46403475170108033,0.3138768323561626
749,2,2,12.417999999999893,,13518,"[954, 270]",False,,True,0.0,False,,False,"[[966, 126], [1038, 414], [1200, 450], [678, 486], [624, 666], [1128, 756]]",,[],,0.46403475170108033,0.3138768323561626
750,2,2,12.434999999999945,,13518,"[954, 270]",False,,True,0.0,False,,False,"[[966, 120], [1038, 408], [1200, 444], [678, 480], [624, 660], [1128, 750]]",,[],,0.46501220772369545,0.31573141727446996
751,2,2,12.451999999999998,,13518,"[954, 270]",False,Left,True,0.0,False,,False,"[[966, 114], [1038, 402], [1200, 438], [678, 474], [624, 654], [1128, 744]]",,[],,0.46514777367951937,0.3154041750807459
752,2,2,12.46699999999987,,13518,"[954, 270]",False,Left,True,0.0,False,,False,"[[972, 108], [1044, 396], [1206, 432], [684, 468], [630, 648], [1134, 738]]",,[],,0.4658215568989365,0.3151276400405514
753,2,2,12.482999999999947,,13518,"[954, 270]",False,Left,True,0.0,False,,False,"[[978, 102], [1050, 390], [1212, 426], [690, 462], [636, 642], [1140, 732]]",,[],,0.4661192492068814,0.31545910792964127
754,2,2,12.498999999999796,,13518,"[954, 270]",False,Left,True,0.0,False,,False,"[[984, 96], [1056, 384], [1218, 420], [696, 456], [642, 636], [1146, 726]]",,[],,0.4661541196385608,0.3151396904661061
755,2,2,12.515999999999849,,13518,"[954, 270]",False,Left,True,0.0,False,,False,"[[990, 90], [1062, 378], [1224, 414], [702, 450], [648, 630], [1152, 720]]",,[],,0.4666964381035214,0.3168261711378889
756,2,2,12.532999999999902,,13518,"[954, 270]",False,Left,True,0.0,False,,False,"[[996, 84], [1068, 372], [1230, 408], [708, 444], [654, 624], [1158, 714]]",,[],,0.46673017263227445,0.31641617248491205
757,2,2,12.549999999999955,,13518,"[954, 270]",False,,True,0.0,False,,False,"[[1002, 78], [1074, 366], [1236, 402], [714, 438], [660, 618], [1164, 708]]",,[],,0.4648546529597721,0.3048501886117394
758,2,2,12.565999999999804,,13518,"[954, 270]",False,,True,0.0,False,,False,"[[1002, 72], [1074, 360], [1236, 396], [714, 432], [660, 612], [1164, 702]]",,[],,0.46412292853096176,0.2971409188028429
759,2,2,12.582999999999856,,13518,"[954, 270]",False,,True,0.0,False,,False,"[[1002, 66], [1074, 354], [1236, 390], [714, 426], [660, 606], [1164, 696]]",,[],,0.4639708639672008,0.2987678231478176
760,2,2,12.599999999999909,,13518,"[954, 270]",False,,True,0.0,False,,False,"[[1002, 60], [1074, 348], [1236, 384], [714, 420], [660, 600], [1164, 690]]",,[],,0.46428499773241316,0.2992742167004657
761,2,2,12.615999999999985,,13518,"[954, 270]",False,,True,0.0,False,,False,"[[1002, 54], [1074, 342], [1236, 378], [714, 414], [660, 594], [1164, 684]]",,[],,0.4648063172245146,0.2994658736282809
762,2,2,12.63299999999981,,13518,"[954, 270]",False,,True,0.0,False,,False,"[[1002, 48], [1074, 336], [1236, 372], [714, 408], [660, 588], [1164, 678]]",,[],,0.4646092961434468,0.2995208714674864
763,2,2,12.649999999999864,,13518,"[954, 270]",False,Left,True,0.0,False,,False,"[[1002, 42], [1074, 330], [1236, 366], [714, 402], [660, 582], [1164, 672]]",,[],,0.4663593950446452,0.30067632173901004
764,2,2,12.66599999999994,,13518,"[954, 270]",False,Left,True,0.0,False,,False,"[[1008, 36], [1080, 324], [1242, 360], [720, 396], [666, 576], [1170, 666]]",,[],,0.4669847430686812,0.3017219980825534
765,2,2,12.682999999999993,,13518,"[954, 270]",False,Left,True,0.0,False,,False,"[[1014, 30], [1086, 318], [1248, 354], [726, 390], [672, 570], [1176, 660]]",,[],,0.4673571682224165,0.3028868805753926
766,2,2,12.699999999999818,,13518,"[954, 270]",False,Left,True,0.0,False,,False,"[[1020, 24], [1092, 312], [1254, 348], [732, 384], [678, 564], [1182, 654]]",,[],,0.46699829987737945,0.30291508531942624
767,2,2,12.71699999999987,,13518,"[954, 270]",False,Left,True,0.0,False,,False,"[[1026, 18], [1098, 306], [1260, 342], [738, 378], [684, 558], [1188, 648]]",,[],,0.46612798202570555,0.3049118713019977
768,2,2,12.733999999999924,,13518,"[954, 270]",False,,True,0.0,False,,False,"[[1032, 12], [1104, 300], [1266, 336], [744, 372], [690, 552], [1194, 642]]",,[],,0.46544083800268476,0.3060107648745335
769,2,2,12.75,,13518,"[954, 270]",False,,True,0.0,False,,False,"[[1032, 6], [1104, 294], [1266, 330], [744, 366], [690, 546], [1194, 636]]",,[],,0.46511937360377675,0.30639093628197267
770,2,2,12.765999999999849,,13518,"[954, 270]",False,,True,0.0,False,,False,"[[1032, 0], [1104, 288], [1266, 324], [744, 360], [690, 540], [1194, 630]]",,[],,0.46511937360377675,0.30639093628197267
771,2,2,12.781999999999925,,13518,"[954, 270]",False,,True,0.0,False,,False,"[[1104, 282], [1266, 318], [744, 354], [690, 534], [1194, 624]]",,[],,0.4652352186345051,0.3091281958640235
772,2,2,12.798999999999978,,13518,"[954, 270]",False,,True,0.0,False,,False,"[[1104, 276], [1266, 312], [744, 348], [690, 528], [1194, 618]]",,[],,0.4652352186345051,0.3091281958640235
773,2,2,12.814999999999827,,13518,"[954, 270]",False,,True,0.0,False,,False,"[[1104, 270], [1266, 306], [744, 342], [690, 522], [1194, 612]]",,[],,0.46488451930702956,0.3091344164876054
774,2,2,12.830999999999904,,13518,"[954, 270]",False,,True,0.0,False,,False,"[[1104, 264], [1266, 300], [744, 336], [690, 516], [1194, 606]]",,[],,0.46517137585610036,0.3092118234139152
775,2,2,12.847999999999956,,13518,"[954, 270]",False,,True,0.0,False,,False,"[[1104, 258], [1266, 294], [744, 330], [690, 510], [1194, 600]]",,[],,0.46536921837293327,0.3100329336159737
776,2,2,12.865000000000009,,13518,"[954, 270]",False,,True,0.0,False,,False,"[[1104, 252], [1266, 288], [744, 324], [690, 504], [1194, 594], [960, 810]]",,[],,0.46536921837293327,0.3100329336159737
777,2,2,12.880999999999858,,13518,"[954, 270]",False,,True,0.0,False,,False,"[[1104, 246], [1266, 282], [744, 318], [690, 498], [1194, 588], [960, 804]]",,[],,0.46543847350433315,0.3112331083827995
778,2,2,12.89799999999991,,13518,"[954, 270]",False,,True,0.0,False,,False,"[[1104, 240], [1266, 276], [744, 312], [690, 492], [1194, 582], [960, 798]]",,[],,0.46543847350433315,0.3112331083827995
779,2,2,12.913000000000011,,13518,"[954, 270]",False,,True,0.0,False,,False,"[[1104, 234], [1266, 270], [744, 306], [690, 486], [1194, 576], [960, 792]]",,[],,0.464018144803202,0.3127291473681352
780,2,2,12.929999999999836,,13518,"[954, 270]",False,,True,0.0,False,,False,"[[1104, 228], [1266, 264], [744, 300], [690, 480], [1194, 570], [960, 786]]",,[],,0.464018144803202,0.3127291473681352
781,2,2,12.946999999999889,,13518,"[954, 270]",False,,True,0.0,False,,False,"[[1104, 222], [1266, 258], [744, 294], [690, 474], [1194, 564], [960, 780]]",,[],,0.463427784493867,0.315146439196453
782,2,2,12.962999999999965,,13518,"[954, 270]",False,,True,0.0,False,,False,"[[1104, 216], [1266, 252], [744, 288], [690, 468], [1194, 558], [960, 774]]",,[],,0.463427784493867,0.315146439196453
783,2,2,12.978999999999814,,13518,"[954, 270]",False,,True,0.0,False,,False,"[[1104, 210], [1266, 246], [744, 282], [690, 462], [1194, 552], [960, 768]]",,[],,0.45905408307359846,0.29663374476731086
784,2,2,12.99499999999989,,13518,"[954, 270]",False,,True,0.0,False,,False,"[[1104, 204], [1266, 240], [744, 276], [690, 456], [1194, 546], [960, 762]]",,[],,0.45905408307359846,0.29663374476731086
785,2,2,13.010999999999967,,13518,"[954, 270]",False,,True,0.0,False,,False,"[[1104, 198], [1266, 234], [744, 270], [690, 450], [1194, 540], [960, 756]]",,[],,0.45680128538777226,0.28552551878368837
786,2,2,13.026999999999816,,13518,"[954, 270]",False,,True,0.0,False,,False,"[[1104, 192], [1266, 228], [744, 264], [690, 444], [1194, 534], [960, 750]]",,[],,0.45680128538777226,0.28552551878368837
787,2,2,13.043999999999869,,13518,"[954, 270]",False,,True,0.0,False,,False,"[[1104, 186], [1266, 222], [744, 258], [690, 438], [1194, 528], [960, 744]]",,[],,0.45710434248460385,0.2843265884928059
788,2,2,13.060999999999922,,13518,"[954, 270]",False,,True,0.0,False,,False,"[[1104, 180], [1266, 216], [744, 252], [690, 432], [1194, 522], [960, 738]]",,[],,0.45710434248460385,0.2843265884928059
789,2,2,13.077999999999975,,13518,"[954, 270]",False,,True,0.0,False,,False,"[[1104, 174], [1266, 210], [744, 246], [690, 426], [1194, 516], [960, 732]]",,[],,0.4580427885410252,0.2845396098794257
790,2,2,13.0949999999998,,13518,"[954, 270]",False,,True,0.0,False,,False,"[[1104, 168], [1266, 204], [744, 240], [690, 420], [1194, 510], [960, 726]]",,[],,0.4580427885410252,0.2845396098794257
791,2,2,13.110999999999876,,13518,"[954, 270]",False,,True,0.0,False,,False,"[[1104, 162], [1266, 198], [744, 234], [690, 414], [1194, 504], [960, 720]]",,[],,0.45786172678498804,0.2839504879584622
792,2,2,13.127999999999929,,13518,"[954, 270]",False,,True,0.0,False,,False,"[[1104, 156], [1266, 192], [744, 228], [690, 408], [1194, 498], [960, 714]]",,[],,0.45786172678498804,0.2839504879584622
793,2,2,13.145999999999958,,13518,"[954, 270]",False,,True,0.0,False,,False,"[[1104, 150], [1266, 186], [744, 222], [690, 402], [1194, 492], [960, 708]]",,[],,0.4572802688712466,0.2863624303762746
794,2,2,13.161999999999807,,13518,"[954, 270]",False,,True,0.0,False,,False,"[[1104, 144], [1266, 180], [744, 216], [690, 396], [1194, 486], [960, 702]]",,[],,0.4572802688712466,0.2863624303762746
795,2,2,13.17899999999986,,13518,"[954, 270]",False,,True,0.0,False,,False,"[[1104, 138], [1266, 174], [744, 210], [690, 390], [1194, 480], [960, 696]]",,[],,0.46373730037137123,0.2544888022752081
796,2,2,13.195999999999913,,13518,"[954, 270]",False,,True,0.0,False,,False,"[[1104, 132], [1266, 168], [744, 204], [690, 384], [1194, 474], [960, 690]]",,[],,0.46373730037137123,0.2544888022752081
797,2,2,13.212999999999965,,13518,"[954, 270]",False,,True,0.0,False,,False,"[[1104, 126], [1266, 162], [744, 198], [690, 378], [1194, 468], [960, 684]]",,[],,0.46438070069288784,0.2539583463175439
798,2,2,13.22999999999979,,13518,"[954, 270]",False,,True,0.0,False,,False,"[[1104, 120], [1266, 156], [744, 192], [690, 372], [1194, 462], [960, 678]]",,[],,0.46438070069288784,0.2539583463175439
799,2,2,13.246999999999844,,13518,"[954, 270]",False,,True,0.0,False,,False,"[[1104, 114], [1266, 150], [744, 186], [690, 366], [1194, 456], [960, 672]]",,[],,0.46468457828439813,0.2559045306400064
800,2,2,13.263999999999896,,13518,"[954, 270]",False,,True,0.0,False,,False,"[[1104, 108], [1266, 144], [744, 180], [690, 360], [1194, 450], [960, 666]]",,[],,0.46468457828439813,0.2559045306400064
801,2,2,13.279999999999973,,13518,"[954, 270]",False,,True,0.0,False,,False,"[[1104, 102], [1266, 138], [744, 174], [690, 354], [1194, 444], [960, 660]]",,[],,0.4642750960938618,0.2553787654666345
802,2,2,13.295999999999822,,13518,"[954, 270]",False,,True,0.0,False,,False,"[[1104, 96], [1266, 132], [744, 168], [690, 348], [1194, 438], [960, 654]]",,[],,0.4642750960938618,0.2553787654666345
803,2,2,13.311999999999898,,13518,"[954, 270]",False,,True,0.0,False,,False,"[[1104, 90], [1266, 126], [744, 162], [690, 342], [1194, 432], [960, 648], [1104, 810]]",,[],,0.46352489519991014,0.25595888956148327
804,2,2,13.327999999999975,,13518,"[954, 270]",False,,True,0.0,False,,False,"[[1104, 84], [1266, 120], [744, 156], [690, 336], [1194, 426], [960, 642], [1104, 804]]",,[],,0.46352489519991014,0.25595888956148327
805,2,2,13.346000000000004,,13518,"[954, 270]",False,,True,0.0,False,,False,"[[1104, 78], [1266, 114], [744, 150], [690, 330], [1194, 420], [960, 636], [1104, 798]]",,[],,0.4634323374089099,0.25672152951471405
806,2,2,13.362999999999829,,13518,"[954, 270]",False,,True,0.0,False,,False,"[[1104, 72], [1266, 108], [744, 144], [690, 324], [1194, 414], [960, 630], [1104, 792]]",,[],,0.4634323374089099,0.25672152951471405
807,2,2,13.380999999999858,,13518,"[954, 270]",False,Left,True,0.0,False,,False,"[[1104, 66], [1266, 102], [744, 138], [690, 318], [1194, 408], [960, 624], [1104, 786]]",,[],,0.46438010202140445,0.2596007458242572
808,2,2,13.394999999999982,,13518,"[954, 270]",False,Left,True,0.0,False,,False,"[[1110, 60], [1272, 96], [750, 132], [696, 312], [1200, 402], [966, 618], [1110, 780]]",,[],,0.46438010202140445,0.2596007458242572
809,2,2,13.41099999999983,,13518,"[954, 270]",False,Left,True,0.0,False,,False,"[[1116, 54], [1278, 90], [756, 126], [702, 306], [1206, 396], [972, 612], [1116, 774]]",,[],,0.46390862692990964,0.2613239634775013
810,2,2,13.427999999999884,,13518,"[954, 270]",False,Left,True,0.0,False,,False,"[[1122, 48], [1284, 84], [762, 120], [708, 300], [1212, 390], [978, 606], [1122, 768]]",,[],,0.46390862692990964,0.2613239634775013
811,2,2,13.444999999999936,,13518,"[954, 270]",False,Left,True,0.0,False,,False,"[[1128, 42], [1290, 78], [768, 114], [714, 294], [1218, 384], [984, 600], [1128, 762]]",,[],,0.46422346163622963,0.2644386898921113
812,2,2,13.460999999999785,,13518,"[954, 270]",False,Left,True,0.0,False,,False,"[[1134, 36], [1296, 72], [774, 108], [720, 288], [1224, 378], [990, 594], [1134, 756]]",,[],,0.46422346163622963,0.2644386898921113
813,2,2,13.477999999999838,,13518,"[954, 270]",False,,True,0.0,False,,False,"[[1140, 30], [1302, 66], [780, 102], [726, 282], [1230, 372], [996, 588], [1140, 750]]",,[],,0.46425611481430984,0.2675910044342923
814,2,2,13.493999999999915,,13518,"[954, 270]",False,,True,0.0,False,,False,"[[1140, 24], [1302, 60], [780, 96], [726, 276], [1230, 366], [996, 582], [1140, 744]]",,[],,0.46425611481430984,0.2675910044342923
815,2,2,13.510999999999967,,13518,"[954, 270]",False,,True,0.0,False,,False,"[[1140, 18], [1302, 54], [780, 90], [726, 270], [1230, 360], [996, 576], [1140, 738]]",,[],,0.46541351913070705,0.27276975031702433
816,2,2,13.527999999999793,,13518,"[954, 270]",False,,True,0.0,False,,False,"[[1140, 12], [1302, 48], [780, 84], [726, 264], [1230, 354], [996, 570], [1140, 732]]",,[],,0.46541351913070705,0.27276975031702433
817,2,2,13.543999999999869,,13518,"[954, 270]",False,,True,0.0,False,,False,"[[1140, 6], [1302, 42], [780, 78], [726, 258], [1230, 348], [996, 564], [1140, 726]]",,[],,0.46678006043320935,0.27759086595810045
818,2,2,13.560999999999922,,13518,"[954, 270]",False,,True,0.0,False,,False,"[[1140, 0], [1302, 36], [780, 72], [726, 252], [1230, 342], [996, 558], [1140, 720]]",,[],,0.46678006043320935,0.27759086595810045
819,2,2,13.577999999999975,,13518,"[954, 270]",False,Left,True,0.0,False,,False,"[[1302, 30], [780, 66], [726, 246], [1230, 336], [996, 552], [1140, 714]]",,[],,0.46748598727588436,0.2779658875325183
820,2,2,13.593999999999824,,13518,"[954, 270]",False,Left,True,0.0,False,,False,"[[1308, 24], [786, 60], [732, 240], [1236, 330], [1002, 546], [1146, 708]]",,[],,0.46759446583817954,0.2781100055416603
821,2,2,13.608999999999924,,13518,"[954, 270]",False,Left,True,0.0,False,,False,"[[1314, 18], [792, 54], [738, 234], [1242, 324], [1008, 540], [1152, 702], [1314, 810]]",,[],,0.46713729599980114,0.27833207380795066
822,2,2,13.625999999999976,,13518,"[954, 270]",False,Left,True,0.0,False,,False,"[[1320, 12], [798, 48], [744, 228], [1248, 318], [1014, 534], [1158, 696], [1320, 804]]",,[],,0.467101198135029,0.2792030655397708
823,2,2,13.642999999999802,,13518,"[954, 270]",False,Left,True,0.0,False,,False,"[[1326, 6], [804, 42], [750, 222], [1254, 312], [1020, 528], [1164, 690], [1326, 798]]",,[],,0.46669110510490863,0.2792801659793822
824,2,2,13.659999999999854,,13518,"[954, 270]",False,,True,0.0,False,,False,"[[1332, 0], [810, 36], [756, 216], [1260, 306], [1026, 522], [1170, 684], [1332, 792], [972, 810]]",,[],,0.4669560650673644,0.28078302661123944
825,2,2,13.674999999999955,,13518,"[954, 270]",False,,True,0.0,False,,False,"[[810, 30], [756, 210], [1260, 300], [1026, 516], [1170, 678], [1332, 786], [972, 804]]",,[],,0.4665035409144568,0.281186466321548
826,2,2,13.692000000000007,,13518,"[954, 270]",False,,True,0.0,False,,False,"[[810, 24], [756, 204], [1260, 294], [1026, 510], [1170, 672], [1332, 780], [972, 798]]",,[],,0.4665035409144568,0.281186466321548
827,2,2,13.707999999999856,,13518,"[954, 270]",False,,True,0.0,False,,False,"[[810, 18], [756, 198], [1260, 288], [1026, 504], [1170, 666], [1332, 774], [972, 792], [1314, 810]]",,[],,0.4666385680351648,0.2810117757596913
828,2,2,13.723999999999933,,13518,"[954, 270]",False,,True,0.0,False,,False,"[[810, 12], [756, 192], [1260, 282], [1026, 498], [1170, 660], [1332, 768], [972, 786], [1314, 804]]",,[],,0.46659606139037263,0.2811671408244293
829,2,2,13.740999999999985,,13518,"[954, 270]",False,,True,0.0,False,,False,"[[810, 6], [756, 186], [1260, 276], [1026, 492], [1170, 654], [1332, 762], [972, 780], [1314, 798]]",,[],,0.46687672373582484,0.2822125145651705
830,2,2,13.756999999999834,,13518,"[954, 270]",False,,True,0.0,False,,False,"[[810, 0], [756, 180], [1260, 270], [1026, 486], [1170, 648], [1332, 756], [972, 774], [1314, 792]]",,[],,0.4678738665501487,0.2855704526007391
831,2,2,13.77299999999991,,13518,"[954, 270]",False,Left,True,0.0,False,,False,"[[756, 174], [1260, 264], [1026, 480], [1170, 642], [1332, 750], [972, 768], [1314, 786]]",,[],,0.46838089945094763,0.28583104541252513
832,2,2,13.789999999999964,,13518,"[954, 270]",False,Left,True,0.0,False,,False,"[[762, 168], [1266, 258], [1032, 474], [1176, 636], [1338, 744], [978, 762], [1320, 780]]",,[],,0.46783815882595475,0.2864362528541885
833,2,2,13.805999999999813,,13518,"[954, 270]",False,Left,True,0.0,False,,False,"[[768, 162], [1272, 252], [1038, 468], [1182, 630], [1344, 738], [984, 756], [1326, 774]]",,[],,0.4593625457933929,0.27423114334463317
834,2,2,13.822999999999865,,13518,"[954, 270]",False,Left,True,0.0,False,,False,"[[774, 156], [1278, 246], [1044, 462], [1188, 624], [1350, 732], [990, 750], [1332, 768]]",,[],,0.4565481462251107,0.2670628425944015
835,2,2,13.838999999999942,,13518,"[954, 270]",False,Left,True,0.0,False,,False,"[[780, 150], [1284, 240], [1050, 456], [1194, 618], [1356, 726], [996, 744], [1338, 762]]",,[],,0.45616374297227613,0.2644098897871642
836,2,2,13.855999999999995,,13518,"[954, 270]",False,Left,True,0.0,False,,False,"[[786, 144], [1290, 234], [1056, 450], [1200, 612], [1362, 720], [1002, 738], [1344, 756]]",,[],,0.45514314598202954,0.2625086040811715
837,2,2,13.871999999999844,,13518,"[954, 270]",False,Left,True,0.0,False,,False,"[[792, 138], [1296, 228], [1062, 444], [1206, 606], [1368, 714], [1008, 732], [1350, 750]]",,[],,0.4549226488810052,0.26138408859622175
838,2,2,13.888999999999896,,13518,"[954, 270]",False,,True,0.0,False,,False,"[[798, 132], [1302, 222], [1068, 438], [1212, 600], [1374, 708], [1014, 726], [1356, 744]]",,[],,0.38122311859254887,0.2885118268868345
839,2,2,13.905999999999949,,13518,"[954, 270]",False,,True,0.0,False,,False,"[[798, 126], [1302, 216], [1068, 432], [1212, 594], [1374, 702], [1014, 720], [1356, 738]]",,[],,0.45243522022095883,0.32073551465938543
840,2,2,13.921999999999798,,13518,"[954, 270]",False,,True,0.0,False,,False,"[[798, 120], [1302, 210], [1068, 426], [1212, 588], [1374, 696], [1014, 714], [1356, 732]]",,[],,0.45661404828920915,0.26340187574596896
841,2,2,13.93899999999985,,13518,"[954, 270]",False,,True,0.0,False,,False,"[[798, 114], [1302, 204], [1068, 420], [1212, 582], [1374, 690], [1014, 708], [1356, 726]]",,[],,0.4571686231763712,0.26403567803857597
842,2,2,13.954999999999927,,13518,"[954, 270]",False,,True,0.0,False,,False,"[[798, 108], [1302, 198], [1068, 414], [1212, 576], [1374, 684], [1014, 702], [1356, 720]]",,[],,0.45850242217729675,0.2689611726299944
843,2,2,13.971000000000004,,13518,"[954, 270]",False,,True,0.0,False,,False,"[[798, 102], [1302, 192], [1068, 408], [1212, 570], [1374, 678], [1014, 696], [1356, 714]]",,[],,0.4588533801607536,0.270231921849044
844,2,2,13.986999999999853,,13518,"[954, 270]",False,Left,True,0.0,False,,False,"[[798, 96], [1302, 186], [1068, 402], [1212, 564], [1374, 672], [1014, 690], [1356, 708]]",,[],,0.45959141417522476,0.272631789319142
845,2,2,14.003999999999905,,13518,"[954, 270]",False,Left,True,0.0,False,,False,"[[804, 90], [1308, 180], [1074, 396], [1218, 558], [1380, 666], [1020, 684], [1362, 702]]",,[],,0.45959141417522476,0.272631789319142
846,2,2,14.020999999999958,,13518,"[954, 270]",False,Left,True,0.0,False,,False,"[[810, 84], [1314, 174], [1080, 390], [1224, 552], [1386, 660], [1026, 678], [1368, 696]]",,[],,0.4592245485380878,0.27703037286663124
847,2,2,14.038000000000011,,13518,"[954, 270]",False,Left,True,0.0,False,,False,"[[816, 78], [1320, 168], [1086, 384], [1230, 546], [1392, 654], [1032, 672], [1374, 690]]",,[],,0.4592245485380878,0.27703037286663124
848,2,2,14.054999999999836,,13518,"[954, 270]",False,Left,True,0.0,False,,False,"[[822, 72], [1326, 162], [1092, 378], [1236, 540], [1398, 648], [1038, 666], [1380, 684]]",,[],,0.4584406877023466,0.27792510570891393
849,2,2,14.071999999999889,,13518,"[954, 270]",False,Left,True,0.0,False,,False,"[[828, 66], [1332, 156], [1098, 372], [1242, 534], [1404, 642], [1044, 660], [1386, 678]]",,[],,0.45777524674550707,0.27808367773629794
850,2,2,14.088999999999942,,13518,"[954, 270]",False,,True,0.0,False,,False,"[[834, 60], [1338, 150], [1104, 366], [1248, 528], [1410, 636], [1050, 654], [1392, 672]]",,[],,0.4573935852380965,0.27876615173639685
851,2,2,14.10499999999979,,13518,"[954, 270]",False,,True,0.0,False,,False,"[[834, 54], [1338, 144], [1104, 360], [1248, 522], [1410, 630], [1050, 648], [1392, 666]]",,[],,0.4573935852380965,0.27876615173639685
852,2,2,14.120999999999867,,13518,"[954, 270]",False,,True,0.0,False,,False,"[[834, 48], [1338, 138], [1104, 354], [1248, 516], [1410, 624], [1050, 642], [1392, 660]]",,[],,0.4587108728707922,0.2817027043433149
853,2,2,14.13799999999992,,13518,"[954, 270]",False,,True,0.0,False,,False,"[[834, 42], [1338, 132], [1104, 348], [1248, 510], [1410, 618], [1050, 636], [1392, 654]]",,[],,0.4587108728707922,0.2817027043433149
854,2,2,14.155999999999949,,13518,"[954, 270]",False,,True,0.0,False,,False,"[[834, 36], [1338, 126], [1104, 342], [1248, 504], [1410, 612], [1050, 630], [1392, 648]]",,[],,0.4593592944609949,0.2842940352801884
855,2,2,14.171999999999798,,13518,"[954, 270]",False,,True,0.0,False,,False,"[[834, 30], [1338, 120], [1104, 336], [1248, 498], [1410, 606], [1050, 624], [1392, 642]]",,[],,0.4597166076309482,0.28512477538443004
856,2,2,14.187999999999874,,13518,"[954, 270]",False,,True,0.0,False,,False,"[[834, 24], [1338, 114], [1104, 330], [1248, 492], [1410, 600], [1050, 618], [1392, 636]]",,[],,0.4600286103550074,0.28677103109944724
857,2,2,14.204999999999927,,13518,"[954, 270]",False,,True,0.0,False,,False,"[[834, 18], [1338, 108], [1104, 324], [1248, 486], [1410, 594], [1050, 612], [1392, 630]]",,[],,0.4600286103550074,0.28677103109944724
858,2,2,14.221000000000004,,13518,"[954, 270]",False,,True,0.0,False,,False,"[[834, 12], [1338, 102], [1104, 318], [1248, 480], [1410, 588], [1050, 606], [1392, 624]]",,[],,0.40132920868125554,0.3094240393718568
859,2,2,14.237999999999829,,13518,"[954, 270]",False,Left,True,0.0,False,,False,"[[834, 6], [1338, 96], [1104, 312], [1248, 474], [1410, 582], [1050, 600], [1392, 618]]",,[],,0.40132920868125554,0.3094240393718568
860,2,2,14.254999999999882,,13518,"[954, 270]",False,Left,True,0.0,False,,False,"[[840, 0], [1344, 90], [1110, 306], [1254, 468], [1416, 576], [1056, 594], [1398, 612]]",,[],,0.46116114096307265,0.28952486603851335
861,2,2,14.270999999999958,,13518,"[954, 270]",False,Left,True,0.0,False,,False,"[[1350, 84], [1116, 300], [1260, 462], [1422, 570], [1062, 588], [1404, 606]]",,[],,0.46116114096307265,0.28952486603851335
862,2,2,14.286999999999807,,13518,"[954, 270]",False,Left,True,0.0,False,,False,"[[1356, 78], [1122, 294], [1266, 456], [1428, 564], [1068, 582], [1410, 600]]",,[],,0.46233448553597345,0.2945112452722708
863,2,2,14.305999999999813,,13518,"[954, 270]",False,Left,True,0.0,False,,False,"[[1362, 72], [1128, 288], [1272, 450], [1434, 558], [1074, 576], [1416, 594]]",,[],,0.46233448553597345,0.2945112452722708
864,2,2,14.322999999999865,,13518,"[954, 270]",False,Left,True,0.0,False,,False,"[[1368, 66], [1134, 282], [1278, 444], [1440, 552], [1080, 570], [1422, 588]]",,[],,0.4011400143005572,0.3090732533061348
865,2,2,14.340999999999894,,13518,"[954, 270]",False,,True,0.0,False,,False,"[[1374, 60], [1140, 276], [1284, 438], [1446, 546], [1086, 564], [1428, 582]]",,[],,0.46335879057633483,0.29717538632273965
866,2,2,14.355999999999995,,13518,"[954, 270]",False,,True,0.0,False,,False,"[[1374, 54], [1140, 270], [1284, 432], [1446, 540], [1086, 558], [1428, 576]]",,[],,0.4640551184344835,0.3001573843971961
867,2,2,14.371999999999844,,13518,"[954, 270]",False,,True,0.0,False,,False,"[[1374, 48], [1140, 264], [1284, 426], [1446, 534], [1086, 552], [1428, 570]]",,[],,0.4640551184344835,0.3001573843971961
868,2,2,14.388999999999896,,13518,"[954, 270]",False,,True,0.0,False,,False,"[[1374, 42], [1140, 258], [1284, 420], [1446, 528], [1086, 546], [1428, 564]]",,[],,0.46680789534345973,0.303236109728527
869,2,2,14.405999999999949,,13518,"[954, 270]",False,,True,0.0,False,,False,"[[1374, 36], [1140, 252], [1284, 414], [1446, 522], [1086, 540], [1428, 558]]",,[],,0.46680789534345973,0.303236109728527
870,2,2,14.423000000000002,,13518,"[954, 270]",False,,True,0.0,False,,False,"[[1374, 30], [1140, 246], [1284, 408], [1446, 516], [1086, 534], [1428, 552]]",,[],,0.4717203323874918,0.28210226194661714
871,2,2,14.439999999999827,,13518,"[954, 270]",False,,True,0.0,False,,False,"[[1374, 24], [1140, 240], [1284, 402], [1446, 510], [1086, 528], [1428, 546]]",,[],,0.4724765117694205,0.27527234640696996
872,2,2,14.455999999999904,,13518,"[954, 270]",False,,True,0.0,False,,False,"[[1374, 18], [1140, 234], [1284, 396], [1446, 504], [1086, 522], [1428, 540]]",,[],,0.47256166716785747,0.2761418619032935
873,2,2,14.472999999999956,,13518,"[954, 270]",False,,True,0.0,False,,False,"[[1374, 12], [1140, 228], [1284, 390], [1446, 498], [1086, 516], [1428, 534]]",,[],,0.47256166716785747,0.2761418619032935
874,2,2,14.488999999999805,,13518,"[954, 270]",False,,True,0.0,False,,False,"[[1374, 6], [1140, 222], [1284, 384], [1446, 492], [1086, 510], [1428, 528]]",,[],,0.47539464914879287,0.27577231749270215
875,2,2,14.505999999999858,,13518,"[954, 270]",False,,True,0.0,False,,False,"[[1374, 0], [1140, 216], [1284, 378], [1446, 486], [1086, 504], [1428, 522]]",,[],,0.47539464914879287,0.27577231749270215
876,2,2,14.52299999999991,,13518,"[954, 270]",False,,True,0.0,False,,False,"[[1140, 210], [1284, 372], [1446, 480], [1086, 498], [1428, 516]]",,[],,0.47636598643850026,0.27798810947691144
877,2,2,14.539999999999964,,13518,"[954, 270]",False,,True,0.0,False,,False,"[[1140, 204], [1284, 366], [1446, 474], [1086, 492], [1428, 510]]",,[],,0.47636598643850026,0.27798810947691144
878,2,2,14.556999999999789,,13518,"[954, 270]",False,,True,0.0,False,,False,"[[1140, 198], [1284, 360], [1446, 468], [1086, 486], [1428, 504]]",,[],,0.47631529631136804,0.27971837593517157
879,2,2,14.572999999999865,,13518,"[954, 270]",False,,True,0.0,False,,False,"[[1140, 192], [1284, 354], [1446, 462], [1086, 480], [1428, 498]]",,[],,0.47631529631136804,0.27971837593517157
880,2,2,14.589999999999918,,13518,"[954, 270]",False,,True,0.0,False,,False,"[[1140, 186], [1284, 348], [1446, 456], [1086, 474], [1428, 492]]",,[],,0.4754951970078999,0.2824686280614942
881,2,2,14.606999999999971,,13518,"[954, 270]",False,,True,0.0,False,,False,"[[1140, 180], [1284, 342], [1446, 450], [1086, 468], [1428, 486]]",,[],,0.4754973682092743,0.2827804454336522
882,2,2,14.623999999999796,,13518,"[954, 270]",False,,True,0.0,False,,False,"[[1140, 174], [1284, 336], [1446, 444], [1086, 462], [1428, 480]]",,[],,0.4762031092746753,0.28465339807787426
883,2,2,14.640999999999849,,13518,"[954, 270]",False,,True,0.0,False,,False,"[[1140, 168], [1284, 330], [1446, 438], [1086, 456], [1428, 474]]",,[],,0.4762031092746753,0.28465339807787426
884,2,2,14.656999999999925,,13518,"[954, 270]",False,,True,0.0,False,,False,"[[1140, 162], [1284, 324], [1446, 432], [1086, 450], [1428, 468]]",,[],,0.4798394877775622,0.318029028512937
885,2,2,14.673999999999978,,13518,"[954, 270]",False,,True,0.0,False,,False,"[[1140, 156], [1284, 318], [1446, 426], [1086, 444], [1428, 462]]",,[],,0.4798394877775622,0.318029028512937
886,2,2,14.689999999999827,,13518,"[954, 270]",False,,True,0.0,False,,False,"[[1140, 150], [1284, 312], [1446, 420], [1086, 438], [1428, 456]]",,[],,0.48060902809352585,0.3201220372142739
887,2,2,14.705999999999904,,13518,"[954, 270]",False,,True,0.0,False,,False,"[[1140, 144], [1284, 306], [1446, 414], [1086, 432], [1428, 450]]",,[],,0.48060902809352585,0.3201220372142739
888,2,2,14.722999999999956,,13518,"[954, 270]",False,,True,0.0,False,,False,"[[1140, 138], [1284, 300], [1446, 408], [1086, 426], [1428, 444]]",,[],,0.4809040256580193,0.3238515673520088
889,2,2,14.738999999999805,,13518,"[954, 270]",False,,True,0.0,False,,False,"[[1140, 132], [1284, 294], [1446, 402], [1086, 420], [1428, 438]]",,[],,0.4809040256580193,0.3238515673520088
890,2,2,14.754999999999882,,13518,"[954, 270]",False,,True,0.0,False,,False,"[[1140, 126], [1284, 288], [1446, 396], [1086, 414], [1428, 432]]",,[],,0.48050832364887314,0.3275450298035161
891,2,2,14.770999999999958,,13518,"[954, 270]",False,,True,0.0,False,,False,"[[1140, 120], [1284, 282], [1446, 390], [1086, 408], [1428, 426]]",,[],,0.48050832364887314,0.3275450298035161
892,2,2,14.788999999999987,,13518,"[954, 270]",False,,True,0.0,False,,False,"[[1140, 114], [1284, 276], [1446, 384], [1086, 402], [1428, 420]]",,[],,0.4801839048688052,0.3292671994481976
893,2,2,14.804999999999836,,13518,"[954, 270]",False,,True,0.0,False,,False,"[[1140, 108], [1284, 270], [1446, 378], [1086, 396], [1428, 414]]",,[],,0.4801839048688052,0.3292671994481976
894,2,2,14.821999999999889,,13518,"[954, 270]",False,,True,0.0,False,,False,"[[1140, 102], [1284, 264], [1446, 372], [1086, 390], [1428, 408]]",,[],,0.4820511500722312,0.2865399599922386
895,2,2,14.837999999999965,,13518,"[954, 270]",False,,True,0.0,False,,False,"[[1140, 96], [1284, 258], [1446, 366], [1086, 384], [1428, 402]]",,[],,0.4820511500722312,0.2865399599922386
896,2,2,14.855999999999995,,13518,"[954, 270]",False,,True,0.0,False,,False,"[[1140, 90], [1284, 252], [1446, 360], [1086, 378], [1428, 396]]",,[],,0.48162810425132846,0.2831360760435433
897,2,2,14.87299999999982,,13518,"[954, 270]",False,,True,0.0,False,,False,"[[1140, 84], [1284, 246], [1446, 354], [1086, 372], [1428, 390]]",,[],,0.48162810425132846,0.2831360760435433
898,2,2,14.888999999999896,,13518,"[954, 270]",False,,True,0.0,False,,False,"[[1140, 78], [1284, 240], [1446, 348], [1086, 366], [1428, 384]]",,[],,0.4821623243166807,0.2807242985124654
899,2,2,14.905999999999949,,13518,"[954, 270]",False,,True,0.0,False,,False,"[[1140, 72], [1284, 234], [1446, 342], [1086, 360], [1428, 378]]",,[],,0.4821623243166807,0.2807242985124654
900,2,2,14.921999999999798,,13518,"[954, 270]",False,,True,0.0,False,,False,"[[1140, 66], [1284, 228], [1446, 336], [1086, 354], [1428, 372]]",,[],,0.4838610160925276,0.2838839663927579
901,2,2,14.93899999999985,,13518,"[954, 270]",False,,True,0.0,False,,False,"[[1140, 60], [1284, 222], [1446, 330], [1086, 348], [1428, 366]]",,[],,0.4838610160925276,0.2838839663927579
902,2,2,14.95399999999995,,13518,"[954, 270]",False,,True,0.0,False,,False,"[[1140, 54], [1284, 216], [1446, 324], [1086, 342], [1428, 360]]",,[],,0.4829175823925346,0.2876514028073832
903,2,2,14.9699999999998,,13518,"[954, 270]",False,,True,0.0,False,,False,"[[1140, 48], [1284, 210], [1446, 318], [1086, 336], [1428, 354]]",,[],,0.4829175823925346,0.2876514028073832
904,2,2,14.986999999999853,,13518,"[954, 270]",False,,True,0.0,False,,False,"[[1140, 42], [1284, 204], [1446, 312], [1086, 330], [1428, 348]]",,[],,0.4827682754074039,0.29122710014615605
905,2,2,15.002999999999929,,13518,"[954, 270]",False,,True,0.0,False,,False,"[[1140, 36], [1284, 198], [1446, 306], [1086, 324], [1428, 342]]",,[],,0.4827682754074039,0.29122710014615605
906,2,2,15.019999999999982,,13518,"[954, 270]",False,,True,0.0,False,,False,"[[1140, 30], [1284, 192], [1446, 300], [1086, 318], [1428, 336]]",,[],,0.48182306158403077,0.2969023373196551
907,2,2,15.03599999999983,,13518,"[954, 270]",False,,True,0.0,False,,False,"[[1140, 24], [1284, 186], [1446, 294], [1086, 312], [1428, 330]]",,"[[1602, 810]]",,0.48182306158403077,0.2969023373196551
908,2,2,15.052999999999884,,13518,"[954, 270]",False,,True,0.0,False,,False,"[[1140, 18], [1284, 180], [1446, 288], [1086, 306], [1428, 324]]",,"[[1602, 804]]",,0.4822946102125331,0.2985062093607781
909,2,2,15.06899999999996,,13518,"[954, 270]",False,,True,0.0,False,,False,"[[1140, 12], [1284, 174], [1446, 282], [1086, 300], [1428, 318]]",,"[[1602, 798]]",,0.4822946102125331,0.2985062093607781
910,2,2,15.085999999999785,,13518,"[954, 270]",False,,True,0.0,False,,False,"[[1140, 6], [1284, 168], [1446, 276], [1086, 294], [1428, 312]]",,"[[1602, 792]]",,0.48271981769770944,0.3021612988016147
911,2,2,15.103999999999814,,13518,"[954, 270]",False,,True,0.0,False,,False,"[[1140, 0], [1284, 162], [1446, 270], [1086, 288], [1428, 306], [924, 810]]",,"[[1602, 786]]",,0.4826238766538847,0.3023902010643761
912,2,2,15.11999999999989,,13518,"[954, 270]",False,,True,0.0,False,,False,"[[1284, 156], [1446, 264], [1086, 282], [1428, 300], [924, 804]]",,"[[1602, 780]]",,0.4854302745070016,0.30162707096272523
913,2,2,15.136999999999944,,13518,"[954, 270]",False,,True,0.0,False,,False,"[[1284, 150], [1446, 258], [1086, 276], [1428, 294], [924, 798]]",,"[[1602, 774]]",,0.4854302745070016,0.30162707096272523
914,2,2,15.152999999999793,,13518,"[954, 270]",False,,True,0.0,False,,False,"[[1284, 144], [1446, 252], [1086, 270], [1428, 288], [924, 792]]",,"[[1602, 768]]",,0.494052392144597,0.28591012773162083
915,2,2,15.169999999999845,,13518,"[954, 270]",False,,True,0.0,False,,False,"[[1284, 138], [1446, 246], [1086, 264], [1428, 282], [924, 786]]",,"[[1602, 762]]",,0.494052392144597,0.28591012773162083
916,2,2,15.186999999999898,,13518,"[954, 270]",False,,True,0.0,False,,False,"[[1284, 132], [1446, 240], [1086, 258], [1428, 276], [924, 780]]",,"[[1602, 756]]",,0.49512804448231273,0.28945545273314044
917,2,2,15.202999999999975,,13518,"[954, 270]",False,,True,0.0,False,,False,"[[1284, 126], [1446, 234], [1086, 252], [1428, 270], [924, 774]]",,"[[1602, 750]]",,0.4951219527850898,0.28945888539304976
918,2,2,15.218999999999824,,13518,"[954, 270]",False,,True,0.0,False,,False,"[[1284, 120], [1446, 228], [1086, 246], [1428, 264], [924, 768]]",,"[[1602, 744]]",,0.49505555996456563,0.28964889100659685
919,2,2,15.2349999999999,,13518,"[954, 270]",False,,True,0.0,False,,False,"[[1284, 114], [1446, 222], [1086, 240], [1428, 258], [924, 762]]",,"[[1602, 738]]",,0.49505555996456563,0.28964889100659685
920,2,2,15.250999999999976,,13518,"[954, 270]",False,,True,0.0,False,,False,"[[1284, 108], [1446, 216], [1086, 234], [1428, 252], [924, 756]]",,"[[1602, 732]]",,0.49502640979576207,0.2911716429864789
921,2,2,15.266999999999825,,13518,"[954, 270]",False,,True,0.0,False,,False,"[[1284, 102], [1446, 210], [1086, 228], [1428, 246], [924, 750]]",,"[[1602, 726]]",,0.4942066758936159,0.29278782345470633
922,2,2,15.284999999999854,,13518,"[954, 270]",False,,True,0.0,False,,False,"[[1284, 96], [1446, 204], [1086, 222], [1428, 240], [924, 744]]",,"[[1602, 720]]",,0.49444946176250415,0.2949512358492843
923,2,2,15.30099999999993,,13518,"[954, 270]",False,,True,0.0,False,,False,"[[1284, 90], [1446, 198], [1086, 216], [1428, 234], [924, 738]]",,"[[1602, 714]]",,0.49444946176250415,0.2949512358492843
924,2,2,15.317999999999984,,13518,"[954, 270]",False,,True,0.0,False,,False,"[[1284, 84], [1446, 192], [1086, 210], [1428, 228], [924, 732]]",,"[[1602, 708]]",,0.4945691095407578,0.298064077693009
925,2,2,15.333999999999833,,13518,"[954, 270]",False,,True,0.0,False,,False,"[[1284, 78], [1446, 186], [1086, 204], [1428, 222], [924, 726]]",,"[[1602, 702]]",,0.4945691095407578,0.298064077693009
926,2,2,15.349999999999909,,13518,"[954, 270]",False,,True,0.0,False,,False,"[[1284, 72], [1446, 180], [1086, 198], [1428, 216], [924, 720]]",,"[[1602, 696]]",,0.494962211650782,0.30049678611660136
927,2,2,15.366999999999962,,13518,"[954, 270]",False,,True,0.0,False,,False,"[[1284, 66], [1446, 174], [1086, 192], [1428, 210], [924, 714]]",,"[[1602, 690]]",,0.5001625278807136,0.291034039970715
928,2,2,15.38299999999981,,13518,"[954, 270]",False,,True,0.0,False,,False,"[[1284, 60], [1446, 168], [1086, 186], [1428, 204], [924, 708]]",,"[[1602, 684]]",,0.5379868635484261,0.25919513709304354
929,2,2,15.399999999999864,,13518,"[954, 270]",False,,True,0.0,False,,False,"[[1284, 54], [1446, 162], [1086, 180], [1428, 198], [924, 702]]",,"[[1602, 678]]",,0.5469668932876133,0.2585304689090937
930,2,2,15.41599999999994,,13518,"[954, 270]",False,,True,0.0,False,,False,"[[1284, 48], [1446, 156], [1086, 174], [1428, 192], [924, 696]]",,"[[1602, 672]]",,0.5507548125737833,0.2573436801718946
931,2,2,15.432999999999993,,13518,"[954, 270]",False,,True,0.0,False,,False,"[[1284, 42], [1446, 150], [1086, 168], [1428, 186], [924, 690]]",,"[[1602, 666]]",,0.5518686992023911,0.2583308591598613
932,2,2,15.448999999999842,,13518,"[954, 270]",False,,True,0.0,False,,False,"[[1284, 36], [1446, 144], [1086, 162], [1428, 180], [924, 684], [906, 810]]",,"[[1602, 660]]",,0.553921713427968,0.228923715730728
933,2,2,15.465999999999894,,13518,"[954, 270]",False,,True,0.0,False,,False,"[[1284, 30], [1446, 138], [1086, 156], [1428, 174], [924, 678], [906, 804]]",,"[[1602, 654]]",,0.558541472907958,0.22867734510652138
934,2,2,15.482999999999947,,13518,"[954, 270]",False,,True,0.0,False,,False,"[[1284, 24], [1446, 132], [1086, 150], [1428, 168], [924, 672], [906, 798]]",,"[[1602, 648]]",,0.5595483255846027,0.22667799401773248
935,2,2,15.5,,13518,"[954, 270]",False,,True,0.0,False,,False,"[[1284, 18], [1446, 126], [1086, 144], [1428, 162], [924, 666], [906, 792]]",,"[[1602, 642]]",,0.5596419751757151,0.2262952050921001
936,2,2,15.515999999999849,,13518,"[954, 270]",False,,True,0.0,False,,False,"[[1284, 12], [1446, 120], [1086, 138], [1428, 156], [924, 660], [906, 786]]",,"[[1602, 636]]",,0.5601828167199179,0.22673812697825135
937,2,2,15.531999999999925,,13518,"[954, 270]",False,,True,0.0,False,,False,"[[1284, 6], [1446, 114], [1086, 132], [1428, 150], [924, 654], [906, 780]]",,"[[1602, 630]]",,0.54557331680929,0.24518138165269587
938,2,2,15.548999999999978,,13518,"[954, 270]",False,,True,0.0,False,,False,"[[1284, 0], [1446, 108], [1086, 126], [1428, 144], [924, 648], [906, 774]]",,"[[1602, 624]]",,0.5242003464622355,0.24985936114930452
939,2,2,15.565999999999804,,13518,"[954, 270]",False,,True,0.0,False,,False,"[[1446, 102], [1086, 120], [1428, 138], [924, 642], [906, 768]]",,"[[1602, 618]]",,0.5000048547005876,0.24726915915635694
940,2,2,15.583999999999833,,13518,"[954, 270]",False,Right,True,0.0,False,,False,"[[1446, 96], [1086, 114], [1428, 132], [924, 636], [906, 762]]",,"[[1596, 612]]",,0.4961639867980668,0.24604655292724997
941,2,2,15.600999999999885,,13518,"[954, 270]",False,Right,True,0.0,False,,False,"[[1440, 90], [1080, 108], [1422, 126], [918, 630], [900, 756]]",,"[[1590, 606]]",,0.4930648330616812,0.24428017846515326
942,2,2,15.616999999999962,,13518,"[954, 270]",False,Right,True,0.0,False,,False,"[[1434, 84], [1074, 102], [1416, 120], [912, 624], [894, 750]]",,"[[1584, 600]]",,0.48965984988147,0.24546796625520784
943,2,2,15.633999999999787,,13518,"[954, 270]",False,Right,True,0.0,False,,False,"[[1428, 78], [1068, 96], [1410, 114], [906, 618], [888, 744]]",,"[[1578, 594]]",,0.48345598101545895,0.24223923314335882
944,2,2,15.651999999999816,,13518,"[954, 270]",False,,True,0.0,False,,False,"[[1422, 72], [1062, 90], [1404, 108], [900, 612], [882, 738], [1188, 810]]",,"[[1578, 588]]",,0.48304627499223846,0.2427874827577663
945,2,2,15.667999999999893,,13518,"[954, 270]",False,,True,0.0,False,,False,"[[1422, 66], [1062, 84], [1404, 102], [900, 606], [882, 732], [1188, 804]]",,"[[1578, 582]]",,0.48198624071716656,0.24324459193381576
946,2,2,15.682999999999993,,13518,"[954, 270]",False,,True,0.0,False,,False,"[[1422, 60], [1062, 78], [1404, 96], [900, 600], [882, 726], [1188, 798]]",,"[[1578, 576]]",,0.4802227715988797,0.24430869772636798
947,2,2,15.699999999999818,,13518,"[954, 270]",False,,True,0.0,False,,False,"[[1422, 54], [1062, 72], [1404, 90], [900, 594], [882, 720], [1188, 792]]",,"[[1578, 570]]",,0.48006476876827736,0.24421913169154863
948,2,2,15.715999999999894,,13518,"[954, 270]",False,,True,0.0,False,,False,"[[1422, 48], [1062, 66], [1404, 84], [900, 588], [882, 714], [1188, 786]]",,"[[1578, 564]]",,0.4798669038328474,0.2449717191313343
949,2,2,15.731999999999971,,13518,"[954, 270]",False,,True,0.0,False,,False,"[[1422, 42], [1062, 60], [1404, 78], [900, 582], [882, 708], [1188, 780]]",,"[[1578, 558]]",,0.4789915069658023,0.2472057216966549
950,2,2,15.748999999999796,,13518,"[954, 270]",False,,True,0.0,False,,False,"[[1422, 36], [1062, 54], [1404, 72], [900, 576], [882, 702], [1188, 774]]",,"[[1578, 552]]",,0.4792440585455261,0.24915558723285347
951,2,2,15.764999999999873,,13518,"[954, 270]",False,Right,True,0.0,False,,False,"[[1422, 30], [1062, 48], [1404, 66], [900, 570], [882, 696], [1188, 768]]",,"[[1572, 546]]",,0.47946515999534167,0.24911140671523813
952,2,2,15.781999999999925,,13518,"[954, 270]",False,Right,True,0.0,False,,False,"[[1416, 24], [1056, 42], [1398, 60], [894, 564], [876, 690], [1182, 762]]",,"[[1566, 540]]",,0.47946515999534167,0.24911140671523813
953,2,2,15.796999999999798,,13518,"[954, 270]",False,Right,True,0.0,False,,False,"[[1410, 18], [1050, 36], [1392, 54], [888, 558], [870, 684], [1176, 756]]",,"[[1560, 534]]",,0.47951295492715057,0.25287880003468743
954,2,2,15.81399999999985,,13518,"[954, 270]",False,Right,True,0.0,False,,False,"[[1404, 12], [1044, 30], [1386, 48], [882, 552], [864, 678], [1170, 750]]",,"[[1554, 528]]",,0.47951295492715057,0.25287880003468743
955,2,2,15.829999999999927,,13518,"[954, 270]",False,,True,0.0,False,,False,"[[1398, 6], [1038, 24], [1380, 42], [876, 546], [858, 672], [1164, 744]]",,"[[1554, 522]]",,0.479005361983456,0.25943668587945645
956,2,2,15.84699999999998,,13518,"[954, 270]",False,,True,0.0,False,,False,"[[1398, 0], [1038, 18], [1380, 36], [876, 540], [858, 666], [1164, 738]]",,"[[1554, 516]]",,0.479005361983456,0.25943668587945645
957,2,2,15.861999999999853,,13518,"[954, 270]",False,,True,0.0,False,,False,"[[1038, 12], [1380, 30], [876, 534], [858, 660], [1164, 732]]",,"[[1554, 510]]",,0.4772279344696204,0.2615418513587149
958,2,2,15.878999999999905,,13518,"[954, 270]",False,,True,0.0,False,,False,"[[1038, 6], [1380, 24], [876, 528], [858, 654], [1164, 726]]",,"[[1554, 504]]",,0.4772279344696204,0.2615418513587149
959,2,2,15.895999999999958,,13518,"[954, 270]",False,,True,0.0,False,,False,"[[1038, 0], [1380, 18], [876, 522], [858, 648], [1164, 720]]",,"[[1554, 498]]",,0.4759522808824559,0.26516092149096293
960,2,2,15.911999999999807,,13518,"[954, 270]",False,,True,0.0,False,,False,"[[1380, 12], [876, 516], [858, 642], [1164, 714]]",,"[[1554, 492]]",,0.4759522808824559,0.26516092149096293
961,2,2,15.92899999999986,,13518,"[954, 270]",False,Right,True,0.0,False,,False,"[[1380, 6], [876, 510], [858, 636], [1164, 708]]",,"[[1548, 486]]",,0.4737334957311238,0.2708851543679349
962,2,2,15.945999999999913,,13518,"[954, 270]",False,Right,True,0.0,False,,False,"[[1374, 0], [870, 504], [852, 630], [1158, 702]]",,"[[1542, 480]]",,0.4737334957311238,0.2708851543679349
963,2,2,15.962999999999965,,13518,"[954, 270]",False,Right,True,0.0,False,,False,"[[864, 498], [846, 624], [1152, 696]]",,"[[1536, 474]]",,0.475425427897032,0.267515843790881
964,2,2,15.97999999999979,,13518,"[954, 270]",False,Right,True,0.0,False,,False,"[[858, 492], [840, 618], [1146, 690]]",,"[[1530, 468]]",,0.475425427897032,0.267515843790881
965,2,2,15.998999999999796,,13518,"[954, 270]",False,Right,True,0.0,False,,False,"[[852, 486], [834, 612], [1140, 684]]",,"[[1524, 462]]",,0.4899370385627571,0.25179375904922285
966,2,2,16.016999999999825,,13518,"[954, 270]",False,,True,0.0,False,,False,"[[846, 480], [828, 606], [1134, 678]]",,"[[1524, 456]]",,0.4900704600446617,0.25201082666497865
967,2,2,16.033999999999878,,13518,"[954, 270]",False,,True,0.0,False,,False,"[[846, 474], [828, 600], [1134, 672]]",,"[[1524, 450]]",,0.4909103499336668,0.25308619836883806
968,2,2,16.049999999999955,,13518,"[954, 270]",False,,True,0.0,False,,False,"[[846, 468], [828, 594], [1134, 666]]",,"[[1524, 444]]",,0.4909103499336668,0.25308619836883806
969,2,2,16.065999999999804,,13518,"[954, 270]",False,,True,0.0,False,,False,"[[846, 462], [828, 588], [1134, 660]]",,"[[1524, 438]]",,0.493617150718855,0.2537065434162751
970,2,2,16.08199999999988,,13518,"[954, 270]",False,,True,0.0,False,,False,"[[846, 456], [828, 582], [1134, 654]]",,"[[1524, 432]]",,0.493617150718855,0.2537065434162751
971,2,2,16.097999999999956,,13518,"[954, 270]",False,,True,0.0,False,,False,"[[846, 450], [828, 576], [1134, 648]]",,"[[1524, 426]]",,0.49408724905039925,0.257151321594008
972,2,2,16.116999999999962,,13518,"[954, 270]",False,Right,True,0.0,False,,False,"[[846, 444], [828, 570], [1134, 642]]",,"[[1518, 420]]",,0.4939604961016616,0.25746957938469284
973,2,2,16.131999999999834,,13518,"[954, 270]",False,Right,True,0.0,False,,False,"[[840, 438], [822, 564], [1128, 636]]",,"[[1512, 414]]",,0.4940682989627049,0.25971718425577706
974,2,2,16.14799999999991,,13518,"[954, 270]",False,Right,True,0.0,False,,False,"[[834, 432], [816, 558], [1122, 630]]",,"[[1506, 408]]",,0.4940682989627049,0.25971718425577706
975,2,2,16.164999999999964,,13518,"[954, 270]",False,Right,True,0.0,False,,False,"[[828, 426], [810, 552], [1116, 624]]",,"[[1500, 402]]",,0.49717045628423967,0.26370506758062995
976,2,2,16.18199999999979,,13518,"[954, 270]",False,,True,0.0,False,,False,"[[822, 420], [804, 546], [1110, 618]]",,"[[1500, 396]]",,0.49717045628423967,0.26370506758062995
977,2,2,16.19699999999989,,13518,"[954, 270]",False,,True,0.0,False,,False,"[[822, 414], [804, 540], [1110, 612]]",,"[[1500, 390]]",,0.5330461554197615,0.26646613189700374
978,2,2,16.212999999999965,,13518,"[954, 270]",False,,True,0.0,False,,False,"[[822, 408], [804, 534], [1110, 606]]",,"[[1500, 384]]",,0.5330461554197615,0.26646613189700374
979,2,2,16.22999999999979,,13518,"[954, 270]",False,,True,0.0,False,,False,"[[822, 402], [804, 528], [1110, 600]]",,"[[1500, 378]]",,0.4930218985902125,0.2568770012435245
980,2,2,16.246999999999844,,13518,"[954, 270]",False,,True,0.0,False,,False,"[[822, 396], [804, 522], [1110, 594]]",,"[[1500, 372]]",,0.4930218985902125,0.2568770012435245
981,2,2,16.263999999999896,,13518,"[954, 270]",False,,True,0.0,False,,False,"[[822, 390], [804, 516], [1110, 588]]",,"[[1500, 366]]",,0.5170747611967255,0.1937155957919242
982,2,2,16.279999999999973,,13518,"[954, 270]",False,,True,0.0,False,,False,"[[822, 384], [804, 510], [1110, 582]]",,"[[1500, 360]]",,0.5170747611967255,0.1937155957919242
983,2,2,16.298000000000002,,13518,"[954, 270]",False,Right,True,0.0,False,,False,"[[822, 378], [804, 504], [1110, 576], [912, 810]]",,"[[1494, 354]]",,0.5060528106659391,0.23305368430531848
984,2,2,16.31399999999985,,13518,"[954, 270]",False,Right,True,0.0,False,,False,"[[816, 372], [798, 498], [1104, 570], [906, 804]]",,"[[1488, 348]]",,0.5060528106659391,0.23305368430531848
985,2,2,16.33199999999988,,13518,"[954, 270]",False,Right,True,0.0,False,,False,"[[810, 366], [792, 492], [1098, 564], [900, 798]]",,"[[1482, 342]]",,0.05912627993348725,-0.027496744465789424
986,2,2,16.348999999999933,,13518,"[954, 270]",False,,True,0.0,False,,False,"[[804, 360], [786, 486], [1092, 558], [894, 792]]",,"[[1482, 336]]",,0.05912627993348725,-0.027496744465789424
987,2,2,16.36500000000001,,13518,"[954, 270]",False,,True,0.0,False,,False,"[[804, 354], [786, 480], [1092, 552], [894, 786]]",,"[[1482, 330]]",,0.26955735621407345,0.5443135000075017
988,2,2,16.380999999999858,,13518,"[954, 270]",False,,True,0.0,False,,False,"[[804, 348], [786, 474], [1092, 546], [894, 780]]",,"[[1482, 324]]",,0.26955735621407345,0.5443135000075017
989,2,2,16.39799999999991,,13518,"[954, 270]",False,,True,0.0,False,,False,"[[804, 342], [786, 468], [1092, 540], [894, 774]]",,"[[1482, 318]]",,0.484664921142013,0.28391019282957153
990,2,2,16.414999999999964,,13518,"[954, 270]",False,,True,0.0,False,,False,"[[804, 336], [786, 462], [1092, 534], [894, 768]]",,"[[1482, 312]]",,0.484664921142013,0.28391019282957153
991,2,2,16.430999999999813,,13518,"[954, 270]",False,,True,1.0,False,,False,"[[804, 330], [786, 456], [1092, 528], [894, 762]]",,"[[1482, 306]]",,0.4803014006126104,0.28284607929557315
992,2,2,16.447999999999865,,13518,"[954, 270]",False,,True,1.0,False,,False,"[[804, 324], [786, 450], [1092, 522], [894, 756]]",,"[[1488, 300]]",,0.4803014006126104,0.28284607929557315
993,2,2,16.463999999999942,,13518,"[954, 270]",False,,True,1.0,False,,False,"[[810, 318], [792, 444], [1098, 516], [900, 750]]",,"[[1494, 294]]",,0.47394778716651303,0.2810213057000719
994,2,2,16.47999999999979,,13518,"[954, 270]",False,,True,1.0,False,,False,"[[816, 312], [798, 438], [1104, 510], [906, 744]]",,"[[1500, 288]]",,0.47394778716651303,0.2810213057000719
995,2,2,16.49799999999982,,13518,"[954, 270]",False,,True,1.0,False,,False,"[[822, 306], [804, 432], [1110, 504], [912, 738]]",,"[[1506, 282]]",,0.4728404386132722,0.2811662951004139
996,2,2,16.514999999999873,,13518,"[954, 270]",False,,True,1.0,False,,False,"[[828, 300], [810, 426], [1116, 498], [918, 732]]",,"[[1512, 276]]",,0.4728404386132722,0.2811662951004139
997,2,2,16.53099999999995,,13518,"[954, 270]",False,,True,1.0,False,,False,"[[834, 294], [816, 420], [1122, 492], [924, 726]]",,"[[1518, 270]]",,0.47209797061916425,0.2809823346369217
998,2,2,16.548000000000002,,13518,"[954, 270]",False,,True,1.0,False,,False,"[[840, 288], [822, 414], [1128, 486], [930, 720], [1074, 810]]",,"[[1524, 264]]",,0.47209797061916425,0.2809823346369217
999,2,2,16.56399999999985,,13518,"[954, 270]",False,,True,1.0,False,,False,"[[846, 282], [828, 408], [1134, 480], [936, 714], [1080, 804]]",,"[[1530, 258]]",,0.4709099370521712,0.2844234391908509
1000,2,2,16.579999999999927,,13518,"[954, 270]",False,,True,1.0,False,,False,"[[852, 276], [834, 402], [1140, 474], [942, 708], [1086, 798]]",,"[[1536, 252]]",,0.4709099370521712,0.2844234391908509
1001,2,2,16.59699999999998,,13518,"[954, 270]",False,,True,1.0,False,,False,"[[858, 270], [840, 396], [1146, 468], [948, 702], [1092, 792]]",,"[[1542, 246]]",,0.4712438413587427,0.2861815632745286
1002,2,2,16.61299999999983,,13518,"[954, 270]",False,,True,1.0,False,,False,"[[864, 264], [846, 390], [1152, 462], [954, 696], [1098, 786]]",,"[[1548, 240]]",,0.4712438413587427,0.2861815632745286
1003,2,2,16.62999999999988,,13518,"[954, 270]",False,,True,1.0,False,,False,"[[870, 258], [852, 384], [1158, 456], [960, 690], [1104, 780]]",,"[[1554, 234]]",,0.47185289465369734,0.2888041687072941
1004,2,2,16.646999999999935,,13518,"[954, 270]",False,,True,1.0,False,,False,"[[876, 252], [858, 378], [1164, 450], [966, 684], [1110, 774]]",,"[[1560, 228]]",,0.47185289465369734,0.2888041687072941
1005,2,2,16.663999999999987,,13518,"[954, 270]",False,,True,1.0,False,,False,"[[882, 246], [864, 372], [1170, 444], [972, 678], [1116, 768]]",,"[[1566, 222]]",,0.47236461318658335,0.28945657342770503
1006,2,2,16.679999999999836,,13518,"[954, 270]",False,,True,1.0,False,,False,"[[888, 240], [870, 366], [1176, 438], [978, 672], [1122, 762]]",,"[[1572, 216]]",,0.47236461318658335,0.28945657342770503
1007,2,2,16.695999999999913,,13518,"[954, 270]",False,,True,1.0,False,,False,"[[894, 234], [876, 360], [1182, 432], [984, 666], [1128, 756], [948, 810]]",,"[[1578, 210]]",,0.4726042957550973,0.2904728740525555
1008,2,2,16.712999999999965,,13518,"[954, 270]",False,Left,True,1.0,False,,False,"[[900, 228], [882, 354], [1188, 426], [990, 660], [1134, 750], [954, 804]]",,"[[1590, 204]]",,0.4726042957550973,0.2904728740525555
1009,2,2,16.72999999999979,,13518,"[954, 270]",False,Left,True,1.0,False,,False,"[[912, 222], [894, 348], [1200, 420], [1002, 654], [1146, 744], [966, 798]]",,"[[1602, 198]]",,0.4720047350892213,0.2915768956620858
1010,2,2,16.745999999999867,,13518,"[954, 270]",False,Left,True,1.0,False,,False,"[[924, 216], [906, 342], [1212, 414], [1014, 648], [1158, 738], [978, 792]]",,"[[1614, 192]]",,0.4720047350892213,0.2915768956620858
1011,2,2,16.76299999999992,,13518,"[954, 270]",False,Left,True,1.0,False,,False,"[[936, 210], [918, 336], [1224, 408], [1026, 642], [1170, 732], [990, 786]]",,"[[1626, 186]]",,0.4717986194382603,0.2913875258018632
1012,2,2,16.779999999999973,,13518,"[954, 270]",False,Left,True,1.0,False,,False,"[[948, 204], [930, 330], [1236, 402], [1038, 636], [1182, 726], [1002, 780]]",,"[[1638, 180]]",,0.47183915244268837,0.2913840517123967
1013,2,2,16.79599999999982,,13518,"[954, 270]",False,Left,True,1.0,False,,False,"[[960, 198], [942, 324], [1248, 396], [1050, 630], [1194, 720], [1014, 774]]",,"[[1650, 174]]",,0.471926749354523,0.29273923901919463
1014,2,2,16.812999999999874,,13518,"[954, 270]",False,,True,1.0,False,,False,"[[972, 192], [954, 318], [1260, 390], [1062, 624], [1206, 714], [1026, 768]]",,"[[1656, 168]]",,0.471926749354523,0.29273923901919463
1015,2,2,16.829999999999927,,13518,"[954, 270]",False,Right,True,1.0,False,,False,"[[978, 186], [960, 312], [1266, 384], [1068, 618], [1212, 708], [1032, 762]]",,"[[1656, 162]]",,0.4722373664753775,0.2942808808104863
1016,2,2,16.846000000000004,,13518,"[954, 270]",False,Right,True,1.0,False,,False,"[[978, 180], [960, 306], [1266, 378], [1068, 612], [1212, 702], [1032, 756]]",,"[[1656, 156]]",,0.4722373664753775,0.2942808808104863
1017,2,2,16.86299999999983,,13518,"[954, 270]",False,Right,True,1.0,False,,False,"[[978, 174], [960, 300], [1266, 372], [1068, 606], [1212, 696], [1032, 750]]",,"[[1656, 150]]",,0.4737399004177483,0.2985535438231731
1018,2,2,16.87999999999988,,13518,"[954, 270]",False,Right,True,1.0,False,,False,"[[978, 168], [960, 294], [1266, 366], [1068, 600], [1212, 690], [1032, 744]]",,"[[1656, 144]]",,0.4746503243548273,0.29990031792169225
1019,2,2,16.894999999999982,,13518,"[954, 270]",True,Right,True,1.0,False,,False,"[[978, 162], [960, 288], [1266, 360], [1068, 594], [1212, 684], [1032, 738]]",,"[[1656, 138]]",,0.4759663682983432,0.3023284286966573
1020,2,2,17.557999999999993,,13518,"[954, 270]",True,Right,True,1.0,False,,False,"[[978, 156], [960, 282], [1266, 354], [1068, 588], [1212, 678], [1032, 732]]",,"[[1656, 138]]",3,0.48895933974600403,0.2970827271337403
