,trial,attempt,time_played,time_tag,level_size_y,player_pos,collision,current_input,drift_enabled,current_drift,level_done,input_noise_magnitude,input_noise_on,visible_obstacles,adjacent_wall_tiles_x_pos,visible_drift_tiles,SoC,gaze_x,gaze_y
0,5,2,0.0009999999999763531,,13518,"[954, -86]",False,,True,0.0,False,medium,False,[],,[],,0.9719798175406726,0.42713652849534334
1,5,2,0.01700000000005275,,13518,"[954, -82]",False,,True,0.0,False,medium,False,[],,[],,0.40225619191762074,0.7836037222422214
2,5,2,0.03300000000001546,,13518,"[954, -78]",False,,True,0.0,False,medium,False,[],,[],,0.40225619191762074,0.7836037222422214
3,5,2,0.05000000000006821,,13518,"[954, -74]",False,,True,0.0,False,medium,False,[],,[],,0.8110743396602528,1.101842775419999
4,5,2,0.06600000000003092,,13518,"[954, -70]",False,,True,0.0,False,medium,False,[],,[],,0.8110743396602528,1.101842775419999
5,5,2,0.08400000000006003,,13518,"[954, -66]",False,,True,0.0,False,medium,False,[],,[],,0.8394178281740856,1.0798551804728231
6,5,2,0.10099999999999909,,13518,"[954, -62]",False,,True,0.0,False,medium,False,[],,[],,0.9719798175406726,0.42713652849534334
7,5,2,0.11800000000005184,,13518,"[954, -58]",False,,True,0.0,False,medium,False,[],,[],,0.8459894238513236,1.0917667677998115
8,5,2,0.1349999999999909,,13518,"[954, -54]",False,,True,0.0,False,medium,False,[],,[],,0.8459894238513236,1.0917667677998115
9,5,2,0.1510000000000673,,13518,"[954, -50]",False,,True,0.0,False,medium,False,[],,[],,0.8583074568282548,1.0742198761453807
10,5,2,0.16700000000003,,13518,"[954, -46]",False,,True,0.0,False,medium,False,[],,[],,0.8583074568282548,1.0742198761453807
11,5,2,0.18500000000005912,,13518,"[954, -42]",False,,True,0.0,False,medium,False,[],,[],,0.8388915368336749,0.9619757060852433
12,5,2,0.20199999999999818,,13518,"[954, -38]",False,,True,0.0,False,medium,False,[],,[],,0.8386937803452325,0.962508289353522
13,5,2,0.21800000000007458,,13518,"[954, -34]",False,,True,0.0,False,medium,False,[],,[],,0.8374787996171744,0.9636494521088382
14,5,2,0.23500000000001364,,13518,"[954, -30]",False,,True,0.0,False,medium,False,[],,[],,0.8374787996171744,0.9636494521088382
15,5,2,0.2520000000000664,,13518,"[954, -26]",False,,True,0.0,False,medium,False,[],,[],,0.9719798175406726,0.42713652849534334
16,5,2,0.2680000000000291,,13518,"[954, -22]",False,,True,0.0,False,medium,False,[],,[],,0.9719798175406726,0.42713652849534334
17,5,2,0.28499999999996817,,13518,"[954, -18]",False,,True,0.0,False,medium,False,[],,[],,0.5017869571328434,0.6920032848616479
18,5,2,0.3000000000000682,,13518,"[954, -14]",False,,True,0.0,False,medium,False,[],,[],,0.5017869571328434,0.6920032848616479
19,5,2,0.3170000000000073,,13518,"[954, -10]",False,,True,0.0,False,medium,False,[],,[],,0.837705254559897,0.9599092127215213
20,5,2,0.33400000000006,,13518,"[954, -6]",False,,True,0.0,False,medium,False,[],,[],,0.837705254559897,0.9599092127215213
21,5,2,0.3509999999999991,,13518,"[954, -2]",False,,True,0.0,False,medium,False,[],,[],,0.9719798175406726,0.42713652849534334
22,5,2,0.3670000000000755,,13518,"[954, 2]",False,,True,0.0,False,medium,False,[],,[],,0.9719798175406726,0.42713652849534334
23,5,2,0.38400000000001455,,13518,"[954, 6]",False,,True,0.0,False,medium,False,[],,[],,0.5147535514824202,0.6300883236756056
24,5,2,0.39999999999997726,,13518,"[954, 10]",False,,True,0.0,False,medium,False,[],,[],,0.5147535514824202,0.6300883236756056
25,5,2,0.41700000000003,,13518,"[954, 14]",False,,True,0.0,False,medium,False,[],,[],,0.9719798175406726,0.42713652849534334
26,5,2,0.43200000000001637,,13518,"[954, 18]",False,,True,0.0,False,medium,False,[],,[],,0.9719798175406726,0.42713652849534334
27,5,2,0.4479999999999791,,13518,"[954, 22]",False,,True,0.0,False,medium,False,[],,[],,0.5203571593621338,0.5750360172256449
28,5,2,0.46500000000003183,,13518,"[954, 26]",False,,True,0.0,False,medium,False,[],,[],,0.5203571593621338,0.5750360172256449
29,5,2,0.4819999999999709,,13518,"[954, 30]",False,,True,0.0,False,medium,False,[],,[],,0.5200726523665649,0.5750115439305791
30,5,2,0.4980000000000473,,13518,"[954, 34]",False,,True,0.0,False,medium,False,[],,[],,0.5200726523665649,0.5750115439305791
31,5,2,0.51400000000001,,13518,"[954, 38]",False,,True,0.0,False,medium,False,[],,[],,0.9719798175406726,0.42713652849534334
32,5,2,0.5310000000000628,,13518,"[954, 42]",False,,True,0.0,False,medium,False,[],,[],,0.9719798175406726,0.42713652849534334
33,5,2,0.5480000000000018,,13518,"[954, 46]",False,,True,0.0,False,medium,False,[],,[],,0.9719798175406726,0.42713652849534334
34,5,2,0.5629999999999882,,13518,"[954, 50]",False,,True,0.0,False,medium,False,[],,[],,0.9719798175406726,0.42713652849534334
35,5,2,0.5800000000000409,,13518,"[954, 54]",False,,True,0.0,False,medium,False,[],,[],,0.5108877875366706,0.5744936665228813
36,5,2,0.59699999999998,,13518,"[954, 58]",False,,True,0.0,False,medium,False,[],,[],,0.5108877875366706,0.5744936665228813
37,5,2,0.6140000000000327,,13518,"[954, 62]",False,,True,0.0,False,medium,False,[],,[],,0.5065288844998139,0.4099061817450934
38,5,2,0.6299999999999955,,13518,"[954, 66]",False,,True,0.0,False,medium,False,[],,[],,0.5065288844998139,0.4099061817450934
39,5,2,0.6470000000000482,,13518,"[954, 70]",False,,True,0.0,False,medium,False,[],,[],,0.9719798175406726,0.42713652849534334
40,5,2,0.6639999999999873,,13518,"[954, 74]",False,,True,0.0,False,medium,False,[],,[],,0.9719798175406726,0.42713652849534334
41,5,2,0.6800000000000637,,13518,"[954, 78]",False,,True,0.0,False,medium,False,[],,[],,0.9719798175406726,0.42713652849534334
42,5,2,0.6960000000000264,,13518,"[954, 82]",False,,True,0.0,False,medium,False,[],,[],,0.9719798175406726,0.42713652849534334
43,5,2,0.7119999999999891,,13518,"[954, 86]",False,,True,0.0,False,medium,False,[],,[],,0.9721380315407753,0.42713432632730775
44,5,2,0.7290000000000418,,13518,"[954, 90]",False,,True,0.0,False,medium,False,[],,[],,0.9721380315407753,0.42713432632730775
45,5,2,0.7450000000000045,,13518,"[954, 94]",False,,True,0.0,False,medium,False,[],,[],,0.9721380315407753,0.42713432632730775
46,5,2,0.7620000000000573,,13518,"[954, 98]",False,,True,0.0,False,medium,False,[],,[],,0.9721380315407753,0.42713432632730775
47,5,2,0.77800000000002,,13518,"[954, 102]",False,,True,0.0,False,medium,False,[],,[],,0.9721380315407753,0.42713432632730775
48,5,2,0.7939999999999827,,13518,"[954, 106]",False,,True,0.0,False,medium,False,[],,[],,0.9721380315407753,0.42713432632730775
49,5,2,0.8110000000000355,,13518,"[954, 110]",False,,True,0.0,False,medium,False,[],,[],,0.9721380315407753,0.42713432632730775
50,5,2,0.8260000000000218,,13518,"[954, 114]",False,,True,0.0,False,medium,False,[],,[],,0.9721380315407753,0.42713432632730775
51,5,2,0.8440000000000509,,13518,"[954, 118]",False,,True,0.0,False,medium,False,[],,[],,0.5873888793404737,0.057666042610627355
52,5,2,0.86099999999999,,13518,"[954, 122]",False,,True,0.0,False,medium,False,[],,[],,0.9721380315407753,0.42713432632730775
53,5,2,0.8770000000000664,,13518,"[954, 126]",False,,True,0.0,False,medium,False,[],,[],,0.5936090340845521,-0.011968827142988081
54,5,2,0.8930000000000291,,13518,"[954, 130]",False,,True,0.0,False,medium,False,[],,[],,0.5936090340845521,-0.011968827142988081
55,5,2,0.9099999999999682,,13518,"[954, 134]",False,,True,0.0,False,medium,False,[],,[],,0.5381361123157498,-0.06013929982945876
56,5,2,0.9270000000000209,,13518,"[954, 138]",False,,True,0.0,False,medium,False,[],,[],,0.5381361123157498,-0.06013929982945876
57,5,2,0.9429999999999836,,13518,"[954, 142]",False,,True,0.0,False,medium,False,[],,[],,0.9004120024287025,0.36965772232558447
58,5,2,0.9600000000000364,,13518,"[954, 146]",False,,True,0.0,False,medium,False,[],,[],,0.9004120024287025,0.36965772232558447
59,5,2,0.9769999999999754,,13518,"[954, 150]",False,,True,0.0,False,medium,False,[],,[],,0.9342943852789787,0.3837259928704081
60,5,2,0.9930000000000518,,13518,"[954, 154]",False,,True,0.0,False,medium,False,[],,[],,0.8645126830607598,0.38580372732702917
61,5,2,1.009999999999991,,13518,"[954, 158]",False,,True,0.0,False,medium,False,[],,[],,0.8668818788894441,0.3906732413414674
62,5,2,1.0260000000000673,,13518,"[954, 162]",False,,True,0.0,False,medium,False,[],,[],,0.5361996479845795,-0.07044885509971932
63,5,2,1.0430000000000064,,13518,"[954, 166]",False,,True,0.0,False,medium,False,[],,[],,0.45638703674586195,-0.027975019441234483
64,5,2,1.0600000000000591,,13518,"[954, 170]",False,,True,0.0,False,medium,False,[],,[],,0.45638703674586195,-0.027975019441234483
65,5,2,1.0769999999999982,,13518,"[954, 174]",False,,True,0.0,False,medium,False,[],,[],,2.583825360045551,-0.2492557509420983
66,5,2,1.0930000000000746,,13518,"[954, 178]",False,,True,0.0,False,medium,False,[],,[],,2.583825360045551,-0.2492557509420983
67,5,2,1.1090000000000373,,13518,"[954, 182]",False,,True,0.0,False,medium,False,[],,[],,2.583825360045551,-0.2492557509420983
68,5,2,1.125,,13518,"[954, 186]",False,,True,0.0,False,medium,False,[],,[],,1.387812664583235,0.17324649876178655
69,5,2,1.1410000000000764,,13518,"[954, 190]",False,,True,0.0,False,medium,False,[],,[],,1.387812664583235,0.17324649876178655
70,5,2,1.157000000000039,,13518,"[954, 194]",False,,True,0.0,False,medium,False,[],,[],,1.4648992576379172,0.25153927419991806
71,5,2,1.1739999999999782,,13518,"[954, 198]",False,,True,0.0,False,medium,False,[],,[],,1.5253658310050942,0.19042068905562293
72,5,2,1.1900000000000546,,13518,"[954, 202]",False,,True,0.0,False,medium,False,[],,[],,0.769107143797342,0.7473389784543834
73,5,2,1.2069999999999936,,13518,"[954, 206]",False,,True,0.0,False,medium,False,[],,[],,0.769107143797342,0.7473389784543834
74,5,2,1.2250000000000227,,13518,"[954, 210]",False,,True,0.0,False,medium,False,[],,[],,1.3382500802977053,0.23240946695071518
75,5,2,1.2420000000000755,,13518,"[954, 214]",False,,True,0.0,False,medium,False,[],,[],,0.4705220970511828,0.29268793785620706
76,5,2,1.2580000000000382,,13518,"[954, 218]",False,,True,0.0,False,medium,False,[],,[],,0.497008384532639,0.5358727950887495
77,5,2,1.274000000000001,,13518,"[954, 222]",False,,True,0.0,False,medium,False,[],,[],,0.497008384532639,0.5358727950887495
78,5,2,1.2910000000000537,,13518,"[954, 226]",False,,True,0.0,False,medium,False,[],,[],,0.7995843909389821,0.8149374150959354
79,5,2,1.3070000000000164,,13518,"[954, 230]",False,,True,0.0,False,medium,False,[],,[],,0.7995843909389821,0.8149374150959354
80,5,2,1.322999999999979,,13518,"[954, 234]",False,,True,0.0,False,medium,False,[],,[],,0.8025797703365122,0.8244972189812149
81,5,2,1.3400000000000318,,13518,"[954, 238]",False,,True,0.0,False,medium,False,[],,[],,0.8025797703365122,0.8244972189812149
82,5,2,1.356999999999971,,13518,"[954, 242]",False,,True,0.0,False,medium,False,[],,[],,1.1695567523621222,0.22777120993115718
83,5,2,1.3730000000000473,,13518,"[954, 246]",False,,True,0.0,False,medium,False,[],,[],,1.1695567523621222,0.22777120993115718
84,5,2,1.3899999999999864,,13518,"[954, 250]",False,,True,0.0,False,medium,False,[],,[],,0.49698835109554906,0.7628471757104083
85,5,2,1.407000000000039,,13518,"[954, 254]",False,,True,0.0,False,medium,False,[],,[],,0.49698835109554906,0.7628471757104083
86,5,2,1.4239999999999782,,13518,"[954, 258]",False,,True,0.0,False,medium,False,[],,[],,0.812200732456275,0.8321594563498385
87,5,2,1.441000000000031,,13518,"[954, 262]",False,,True,0.0,False,medium,False,[],,[],,1.177224278281449,0.2191269698671252
88,5,2,1.45799999999997,,13518,"[954, 266]",False,,True,0.0,False,medium,False,[],,[],,0.8082229648051058,0.8480624197697667
89,5,2,1.4750000000000227,,13518,"[954, 270]",False,,True,0.0,False,medium,False,[],,[],,0.8082229648051058,0.8480624197697667
90,5,2,1.4920000000000755,,13518,"[954, 270]",False,,True,0.0,False,medium,False,[],,[],,1.1439640537504194,0.23785585614221816
91,5,2,1.5090000000000146,,13518,"[954, 270]",False,,True,0.0,False,medium,False,[],,[],,1.1426594301828814,0.21466545293111083
92,5,2,1.5260000000000673,,13518,"[954, 270]",False,,True,0.0,False,medium,False,[],,[],,0.8144174521301972,0.8355771588357889
93,5,2,1.54200000000003,,13518,"[954, 270]",False,,True,0.0,False,medium,False,[],,[],,0.8144174521301972,0.8355771588357889
94,5,2,1.5600000000000591,,13518,"[954, 270]",False,,True,0.0,False,medium,False,[],,[],,1.0931712050803397,0.2111981557121564
95,5,2,1.5769999999999982,,13518,"[954, 270]",False,,True,0.0,False,medium,False,[],,[],,1.0931712050803397,0.2111981557121564
96,5,2,1.5919999999999845,,13518,"[954, 270]",False,,True,0.0,False,medium,False,[],,[],,1.0742008385114994,0.1764647592347296
97,5,2,1.6090000000000373,,13518,"[954, 270]",False,,True,0.0,False,medium,False,[],,[],,1.0742008385114994,0.1764647592347296
98,5,2,1.6240000000000236,,13518,"[954, 270]",False,,True,0.0,False,medium,False,[],,[],,1.058550703904361,0.1633761474420954
99,5,2,1.6399999999999864,,13518,"[954, 270]",False,,True,0.0,False,medium,False,[],,[],,1.058550703904361,0.1633761474420954
100,5,2,1.6560000000000628,,13518,"[954, 270]",False,,True,0.0,False,medium,False,[],,[],,0.5035812201801233,0.727975068933725
101,5,2,1.6720000000000255,,13518,"[954, 270]",False,,True,0.0,False,medium,False,[],,[],,0.5035812201801233,0.727975068933725
102,5,2,1.6879999999999882,,13518,"[954, 270]",False,,True,0.0,False,medium,False,[],,[],,0.47163128033613927,0.6752521185179206
103,5,2,1.705000000000041,,13518,"[954, 270]",False,,True,0.0,False,medium,False,[],,[],,0.47163128033613927,0.6752521185179206
104,5,2,1.72199999999998,,13518,"[954, 270]",False,,True,0.0,False,medium,False,[],,[],,0.5630827131719658,0.46342607325670093
105,5,2,1.7390000000000327,,13518,"[954, 270]",False,,True,0.0,False,medium,False,[],,[],,0.5630827131719658,0.46342607325670093
106,5,2,1.7580000000000382,,13518,"[954, 270]",False,,True,0.0,False,medium,False,[],,[],,0.9470210760357803,0.6267257353034652
107,5,2,1.7749999999999773,,13518,"[954, 270]",False,,True,0.0,False,medium,False,[],,[],,0.9470210760357803,0.6267257353034652
108,5,2,1.79200000000003,,13518,"[954, 270]",False,,True,0.0,False,medium,False,[],,[],,0.7836124157519228,0.9357133005665783
109,5,2,1.808999999999969,,13518,"[954, 270]",False,,True,0.0,False,medium,False,[],,[],,0.7836124157519228,0.9357133005665783
110,5,2,1.8260000000000218,,13518,"[954, 270]",False,,True,0.0,False,medium,False,[],,[],,0.8800525790985075,0.6617029652994488
111,5,2,1.8419999999999845,,13518,"[954, 270]",False,,True,0.0,False,medium,False,[],,[],,0.8800525790985075,0.6617029652994488
112,5,2,1.858000000000061,,13518,"[954, 270]",False,,True,0.0,False,medium,False,[],,[],,0.8737145543931488,0.6036511890672644
113,5,2,1.8740000000000236,,13518,"[954, 270]",False,,True,0.0,False,medium,False,[],,[],,0.8737145543931488,0.6036511890672644
114,5,2,1.8899999999999864,,13518,"[954, 270]",False,,True,0.0,False,medium,False,[],,[],,0.49173043325612004,0.6668820258742365
115,5,2,1.907000000000039,,13518,"[954, 270]",False,,True,0.0,False,medium,False,[],,[],,0.49173043325612004,0.6668820258742365
116,5,2,1.9239999999999782,,13518,"[954, 270]",False,,True,0.0,False,medium,False,[],,[],,0.511000102802029,0.6620041413981553
117,5,2,1.9400000000000546,,13518,"[954, 270]",False,,True,0.0,False,medium,False,[],,[],,0.511000102802029,0.6620041413981553
118,5,2,1.9569999999999936,,13518,"[954, 270]",False,,True,0.0,False,medium,False,[],,[],,0.8497907891606313,0.684219427871702
119,5,2,1.97300000000007,,13518,"[954, 270]",False,,True,0.0,False,medium,False,[],,[],,0.8497907891606313,0.684219427871702
120,5,2,1.9909999999999854,,13518,"[954, 270]",False,,True,0.0,False,medium,False,[],,[],,0.5019489385638688,0.6721429677997033
121,5,2,2.005999999999972,,13518,"[954, 270]",False,,True,0.0,False,medium,False,[],,[],,0.5019489385638688,0.6721429677997033
122,5,2,2.022000000000048,,13518,"[954, 270]",False,,True,0.0,False,medium,False,[],,[],,0.8153666184298173,0.8998602405105818
123,5,2,2.0389999999999873,,13518,"[954, 270]",False,,True,0.0,False,medium,False,[],,[],,0.8153666184298173,0.8998602405105818
124,5,2,2.0550000000000637,,13518,"[954, 270]",False,,True,0.0,False,medium,False,[],,[],,0.8234210478390349,0.9097908047680766
125,5,2,2.0710000000000264,,13518,"[954, 270]",False,,True,0.0,False,medium,False,[],,[],,0.8234210478390349,0.9097908047680766
126,5,2,2.0890000000000555,,13518,"[954, 270]",False,,True,0.0,False,medium,False,[],,[],,0.827867972783866,0.9159424741900134
127,5,2,2.106999999999971,,13518,"[954, 270]",False,,True,0.0,False,medium,False,[],,[],,0.827867972783866,0.9159424741900134
128,5,2,2.122000000000071,,13518,"[954, 270]",False,,True,0.0,False,medium,False,[],,[],,0.7726252177268151,0.7471236928263225
129,5,2,2.1380000000000337,,13518,"[954, 270]",False,,True,0.0,False,medium,False,[],,[],,0.7726252177268151,0.7471236928263225
130,5,2,2.1539999999999964,,13518,"[954, 270]",False,,True,0.0,False,medium,False,[],,[],,0.830722922748173,0.9131819877277061
131,5,2,2.171000000000049,,13518,"[954, 270]",False,,True,0.0,False,medium,False,[],,[],,0.830722922748173,0.9131819877277061
132,5,2,2.187999999999988,,13518,"[954, 270]",False,,True,0.0,False,medium,False,[],,[],,0.7764724484958141,0.7529002091852843
133,5,2,2.205000000000041,,13518,"[954, 270]",False,,True,0.0,False,medium,False,[],,[],,0.7753262347593879,0.745800217183126
134,5,2,2.22199999999998,,13518,"[954, 270]",False,,True,0.0,False,medium,False,[],,[],,0.8348676740936447,0.9213560119607431
135,5,2,2.2390000000000327,,13518,"[954, 270]",False,,True,0.0,False,medium,False,[],,[],,0.8348676740936447,0.9213560119607431
136,5,2,2.255999999999972,,13518,"[954, 270]",False,,True,0.0,False,medium,False,[],,[],,0.8681899233836285,0.6343937220021063
137,5,2,2.272000000000048,,13518,"[954, 270]",False,,True,0.0,False,medium,False,[],,[],,0.8681899233836285,0.6343937220021063
138,5,2,2.288000000000011,,13518,"[954, 270]",False,,True,0.0,False,medium,False,[],,[],,0.509177286598597,0.697769403831785
139,5,2,2.3050000000000637,,13518,"[954, 270]",False,,True,0.0,False,medium,False,[],,[],,0.509177286598597,0.697769403831785
140,5,2,2.3210000000000264,,13518,"[954, 270]",False,,True,0.0,False,medium,False,[],,[],,0.8678830427384728,0.6431498981336521
141,5,2,2.338000000000079,,13518,"[954, 270]",False,,True,0.0,False,medium,False,[],,[],,0.8678830427384728,0.6431498981336521
142,5,2,2.355000000000018,,13518,"[954, 270]",False,,True,0.0,False,medium,False,[],,[],,0.8922751631264276,0.8116613971625861
143,5,2,2.372000000000071,,13518,"[954, 270]",False,,True,0.0,False,medium,False,[],,[],,0.9102038327575734,0.7945817326426543
144,5,2,2.3899999999999864,,13518,"[954, 270]",False,,True,0.0,False,medium,False,[],,[],,0.902414001109203,0.7574129536326148
145,5,2,2.407000000000039,,13518,"[954, 270]",False,,True,0.0,False,medium,False,[],,[],,0.902414001109203,0.7574129536326148
146,5,2,2.423000000000002,,13518,"[954, 270]",False,,True,0.0,False,medium,False,[],,[],,0.5046708848502144,0.7148761263666171
147,5,2,2.4400000000000546,,13518,"[954, 270]",False,,True,0.0,False,medium,False,[],,[],,0.5046708848502144,0.7148761263666171
148,5,2,2.4569999999999936,,13518,"[954, 270]",False,,True,0.0,False,medium,False,[],,[],,0.8269321460371497,0.8744556775426529
149,5,2,2.4740000000000464,,13518,"[954, 270]",False,,True,0.0,False,medium,False,[],,[],,0.8269321460371497,0.8744556775426529
150,5,2,2.4909999999999854,,13518,"[954, 270]",False,,True,0.0,False,medium,False,[],,[],,0.8756267675243976,0.8010809017768361
151,5,2,2.507000000000062,,13518,"[954, 270]",False,,True,0.0,False,medium,False,[],,[],,0.8756267675243976,0.8010809017768361
152,5,2,2.5249999999999773,,13518,"[954, 270]",False,,True,0.0,False,medium,False,[],,[],,0.8773677946201749,0.808632504148403
153,5,2,2.5410000000000537,,13518,"[954, 270]",False,,True,0.0,False,medium,False,[],,[],,0.8773677946201749,0.808632504148403
154,5,2,2.5570000000000164,,13518,"[954, 270]",False,,True,0.0,False,medium,False,[],,[],,0.509454864756979,0.6269446029307816
155,5,2,2.574000000000069,,13518,"[954, 270]",False,,True,0.0,False,medium,False,[],,[],,0.509454864756979,0.6269446029307816
156,5,2,2.591000000000008,,13518,"[954, 270]",False,,True,0.0,False,medium,False,[],,[],,0.8503259342269732,0.9608514945520644
157,5,2,2.608000000000061,,13518,"[954, 270]",False,,True,0.0,False,medium,False,[],,[],,0.8503259342269732,0.9608514945520644
158,5,2,2.6259999999999764,,13518,"[954, 270]",False,,True,0.0,False,medium,False,[],,[],,0.8499706994081574,0.9390531684528295
159,5,2,2.6420000000000528,,13518,"[954, 270]",False,,True,0.0,False,medium,False,[],,[],,0.8499706994081574,0.9390531684528295
160,5,2,2.658999999999992,,13518,"[954, 270]",False,,True,0.0,False,medium,False,[],,[],,0.9722519964537171,0.4274709062887694
161,5,2,2.6760000000000446,,13518,"[954, 270]",False,,True,0.0,False,medium,False,"[[702, 810]]",,[],,0.9722519964537171,0.4274709062887694
162,5,2,2.6929999999999836,,13518,"[954, 270]",False,,True,0.0,False,medium,False,"[[702, 804]]",,[],,0.5121899400690473,0.6843142803434346
163,5,2,2.70900000000006,,13518,"[954, 270]",False,,True,0.0,False,medium,False,"[[702, 798]]",,[],,0.5121899400690473,0.6843142803434346
164,5,2,2.7250000000000227,,13518,"[954, 270]",False,,True,0.0,False,medium,False,"[[702, 792]]",,[],,0.8448195357492129,0.9515768490999519
165,5,2,2.7420000000000755,,13518,"[954, 270]",False,,True,0.0,False,medium,False,"[[702, 786]]",,[],,0.8450225283097765,0.9522501862905018
166,5,2,2.7590000000000146,,13518,"[954, 270]",False,,True,0.0,False,medium,False,"[[702, 780]]",,[],,0.9722926817603886,0.4273775611834153
167,5,2,2.7760000000000673,,13518,"[954, 270]",False,,True,0.0,False,medium,False,"[[702, 774]]",,[],,0.9722926817603886,0.4273775611834153
168,5,2,2.79200000000003,,13518,"[954, 270]",False,,True,0.0,False,medium,False,"[[702, 768]]",,[],,0.5106478784010708,0.6962471131593648
169,5,2,2.808999999999969,,13518,"[954, 270]",False,,True,0.0,False,medium,False,"[[702, 762]]",,[],,0.5106478784010708,0.6962471131593648
170,5,2,2.8250000000000455,,13518,"[954, 270]",False,,True,0.0,False,medium,False,"[[702, 756]]",,[],,0.9722926817603886,0.4273775611834153
171,5,2,2.8419999999999845,,13518,"[954, 270]",False,,True,0.0,False,medium,False,"[[702, 750]]",,[],,0.9722926817603886,0.4273775611834153
172,5,2,2.8590000000000373,,13518,"[954, 270]",False,,True,0.0,False,medium,False,"[[702, 744]]",,[],,0.51184849864605,0.7013991396038055
173,5,2,2.8759999999999764,,13518,"[954, 270]",False,,True,0.0,False,medium,False,"[[702, 738]]",,[],,0.51184849864605,0.7013991396038055
174,5,2,2.893000000000029,,13518,"[954, 270]",False,,True,0.0,False,medium,False,"[[702, 732]]",,[],,0.9722926817603886,0.4273775611834153
175,5,2,2.909999999999968,,13518,"[954, 270]",False,,True,0.0,False,medium,False,"[[702, 726]]",,[],,0.9722926817603886,0.4273775611834153
176,5,2,2.9260000000000446,,13518,"[954, 270]",False,,True,0.0,False,medium,False,"[[702, 720]]",,[],,0.5159215231016152,0.708803344148298
177,5,2,2.9420000000000073,,13518,"[954, 270]",False,,True,0.0,False,medium,False,"[[702, 714]]",,[],,0.5159215231016152,0.708803344148298
178,5,2,2.95900000000006,,13518,"[954, 270]",False,,True,0.0,False,medium,False,"[[702, 708]]",,[],,0.5187327003531662,0.7090047275006327
179,5,2,2.9750000000000227,,13518,"[954, 270]",False,,True,0.0,False,medium,False,"[[702, 702], [828, 810]]",,[],,0.5187327003531662,0.7090047275006327
180,5,2,2.9920000000000755,,13518,"[954, 270]",False,,True,0.0,False,medium,False,"[[702, 696], [828, 804]]",,[],,0.8464179916512578,0.9619407112099323
181,5,2,3.008000000000038,,13518,"[954, 270]",False,,True,0.0,False,medium,False,"[[702, 690], [828, 798]]",,[],,0.8464625870307844,0.9573062043808438
182,5,2,3.024000000000001,,13518,"[954, 270]",False,,True,0.0,False,medium,False,"[[702, 684], [828, 792], [666, 810]]",,[],,0.9722926817603886,0.4273775611834153
183,5,2,3.0400000000000773,,13518,"[954, 270]",False,,True,0.0,False,medium,False,"[[702, 678], [828, 786], [666, 804]]",,[],,0.9722926817603886,0.4273775611834153
184,5,2,3.05600000000004,,13518,"[954, 270]",False,,True,0.0,False,medium,False,"[[702, 672], [828, 780], [666, 798]]",,[],,0.5149700257768975,0.7017975590929534
185,5,2,3.072999999999979,,13518,"[954, 270]",False,,True,0.0,False,medium,False,"[[702, 666], [828, 774], [666, 792], [648, 810]]",,[],,0.8434040585512506,0.9384217489106809
186,5,2,3.0890000000000555,,13518,"[954, 270]",False,,True,0.0,False,medium,False,"[[702, 660], [828, 768], [666, 786], [648, 804]]",,[],,0.9722926817603886,0.4273775611834153
187,5,2,3.105000000000018,,13518,"[954, 270]",False,,True,0.0,False,medium,False,"[[702, 654], [828, 762], [666, 780], [648, 798]]",,[],,0.9722926817603886,0.4273775611834153
188,5,2,3.122000000000071,,13518,"[954, 270]",False,,True,0.0,False,medium,False,"[[702, 648], [828, 756], [666, 774], [648, 792]]",,[],,0.5404784361015248,0.6104362444980875
189,5,2,3.1380000000000337,,13518,"[954, 270]",False,,True,0.0,False,medium,False,"[[702, 642], [828, 750], [666, 768], [648, 786]]",,[],,0.8534767406359884,0.9790780277022869
190,5,2,3.1560000000000628,,13518,"[954, 270]",False,,True,0.0,False,medium,False,"[[702, 636], [828, 744], [666, 762], [648, 780]]",,[],,0.8528743863450494,0.958587938548787
191,5,2,3.1720000000000255,,13518,"[954, 270]",False,,True,0.0,False,medium,False,"[[702, 630], [828, 738], [666, 756], [648, 774], [846, 810]]",,[],,0.863902325008979,0.9830810498732184
192,5,2,3.187999999999988,,13518,"[954, 270]",False,,True,0.0,False,medium,False,"[[702, 624], [828, 732], [666, 750], [648, 768], [846, 804]]",,[],,0.9722926817603886,0.4273775611834153
193,5,2,3.2040000000000646,,13518,"[954, 270]",False,,True,0.0,False,medium,False,"[[702, 618], [828, 726], [666, 744], [648, 762], [846, 798]]",,[],,0.9722926817603886,0.4273775611834153
194,5,2,3.2200000000000273,,13518,"[954, 270]",False,,True,0.0,False,medium,False,"[[702, 612], [828, 720], [666, 738], [648, 756], [846, 792]]",,[],,0.9722926817603886,0.4273775611834153
195,5,2,3.2380000000000564,,13518,"[954, 270]",False,,True,0.0,False,medium,False,"[[702, 606], [828, 714], [666, 732], [648, 750], [846, 786]]",,[],,0.5498478447803412,0.4885318158445904
196,5,2,3.254000000000019,,13518,"[954, 270]",False,,True,0.0,False,medium,False,"[[702, 600], [828, 708], [666, 726], [648, 744], [846, 780]]",,[],,0.5468589330650153,0.48266922111364363
197,5,2,3.269999999999982,,13518,"[954, 270]",False,,True,0.0,False,medium,False,"[[702, 594], [828, 702], [666, 720], [648, 738], [846, 774]]",,[],,0.8266604972338019,0.8202138390011524
198,5,2,3.286000000000058,,13518,"[954, 270]",False,,True,0.0,False,medium,False,"[[702, 588], [828, 696], [666, 714], [648, 732], [846, 768]]",,[],,0.9722926817603886,0.4273775611834153
199,5,2,3.3029999999999973,,13518,"[954, 270]",False,,True,0.0,False,medium,False,"[[702, 582], [828, 690], [666, 708], [648, 726], [846, 762]]",,[],,0.8226778143652546,0.7705377968490182
200,5,2,3.3190000000000737,,13518,"[954, 270]",False,,True,0.0,False,medium,False,"[[702, 576], [828, 684], [666, 702], [648, 720], [846, 756]]",,[],,0.8226778143652546,0.7705377968490182
201,5,2,3.3350000000000364,,13518,"[954, 270]",False,,True,0.0,False,medium,False,"[[702, 570], [828, 678], [666, 696], [648, 714], [846, 750]]",,[],,0.9047785920801129,0.7742751908940748
202,5,2,3.3519999999999754,,13518,"[954, 270]",False,,True,0.0,False,medium,False,"[[702, 564], [828, 672], [666, 690], [648, 708], [846, 744]]",,[],,0.9047785920801129,0.7742751908940748
203,5,2,3.370999999999981,,13518,"[954, 270]",False,,True,0.0,False,medium,False,"[[702, 558], [828, 666], [666, 684], [648, 702], [846, 738]]",,[],,0.5471306209973176,0.4876593961367226
204,5,2,3.3870000000000573,,13518,"[954, 270]",False,,True,0.0,False,medium,False,"[[702, 552], [828, 660], [666, 678], [648, 696], [846, 732]]",,[],,0.8257740932770872,0.7860435658840118
205,5,2,3.4039999999999964,,13518,"[954, 270]",False,,True,0.0,False,medium,False,"[[702, 546], [828, 654], [666, 672], [648, 690], [846, 726]]",,[],,0.9255778536171354,0.7792533426176886
206,5,2,3.4200000000000728,,13518,"[954, 270]",False,,True,0.0,False,medium,False,"[[702, 540], [828, 648], [666, 666], [648, 684], [846, 720]]",,[],,0.9255778536171354,0.7792533426176886
207,5,2,3.437000000000012,,13518,"[954, 270]",False,,True,0.0,False,medium,False,"[[702, 534], [828, 642], [666, 660], [648, 678], [846, 714]]",,[],,0.9252298569047788,0.7747438771849514
208,5,2,3.4529999999999745,,13518,"[954, 270]",False,,True,0.0,False,medium,False,"[[702, 528], [828, 636], [666, 654], [648, 672], [846, 708]]",,[],,0.9252298569047788,0.7747438771849514
209,5,2,3.469000000000051,,13518,"[954, 270]",False,,True,0.0,False,medium,False,"[[702, 522], [828, 630], [666, 648], [648, 666], [846, 702]]",,[],,0.5444273322490647,0.5129577736334365
210,5,2,3.4850000000000136,,13518,"[954, 270]",False,,True,0.0,False,medium,False,"[[702, 516], [828, 624], [666, 642], [648, 660], [846, 696]]",,[],,0.5442434570813302,0.517365294787856
211,5,2,3.5020000000000664,,13518,"[954, 270]",False,,True,0.0,False,medium,False,"[[702, 510], [828, 618], [666, 636], [648, 654], [846, 690]]",,[],,0.5479514621464989,0.5200602670540879
212,5,2,3.518000000000029,,13518,"[954, 270]",False,,True,0.0,False,medium,False,"[[702, 504], [828, 612], [666, 630], [648, 648], [846, 684]]",,[],,0.5479514621464989,0.5200602670540879
213,5,2,3.534999999999968,,13518,"[954, 270]",False,,True,0.0,False,medium,False,"[[702, 498], [828, 606], [666, 624], [648, 642], [846, 678]]",,[],,0.5505337817189031,0.5222940106061319
214,5,2,3.5510000000000446,,13518,"[954, 270]",False,,True,0.0,False,medium,False,"[[702, 492], [828, 600], [666, 618], [648, 636], [846, 672]]",,[],,0.5505337817189031,0.5222940106061319
215,5,2,3.5679999999999836,,13518,"[954, 270]",False,,True,0.0,False,medium,False,"[[702, 486], [828, 594], [666, 612], [648, 630], [846, 666]]",,[],,0.8441856523532596,0.9281183447620655
216,5,2,3.58400000000006,,13518,"[954, 270]",False,,True,0.0,False,medium,False,"[[702, 480], [828, 588], [666, 606], [648, 624], [846, 660]]",,[],,0.8441856523532596,0.9281183447620655
217,5,2,3.6019999999999754,,13518,"[954, 270]",False,,True,0.0,False,medium,False,"[[702, 474], [828, 582], [666, 600], [648, 618], [846, 654]]",,[],,0.9254557206059542,0.7698144328169064
218,5,2,3.619000000000028,,13518,"[954, 270]",False,,True,0.0,False,medium,False,"[[702, 468], [828, 576], [666, 594], [648, 612], [846, 648]]",,[],,0.9254557206059542,0.7698144328169064
219,5,2,3.634999999999991,,13518,"[954, 270]",False,,True,0.0,False,medium,False,"[[702, 462], [828, 570], [666, 588], [648, 606], [846, 642]]",,[],,0.9268462635532224,0.7740669571816046
220,5,2,3.6510000000000673,,13518,"[954, 270]",False,,True,0.0,False,medium,False,"[[702, 456], [828, 564], [666, 582], [648, 600], [846, 636]]",,[],,0.9268462635532224,0.7740669571816046
221,5,2,3.66700000000003,,13518,"[954, 270]",False,,True,0.0,False,medium,False,"[[702, 450], [828, 558], [666, 576], [648, 594], [846, 630]]",,[],,0.8332669983277053,0.8305126789527959
222,5,2,3.6829999999999927,,13518,"[954, 270]",False,,True,0.0,False,medium,False,"[[702, 444], [828, 552], [666, 570], [648, 588], [846, 624]]",,[],,0.8332669983277053,0.8305126789527959
223,5,2,3.7000000000000455,,13518,"[954, 270]",False,,True,0.0,False,medium,False,"[[702, 438], [828, 546], [666, 564], [648, 582], [846, 618]]",,[],,0.8346815289252781,0.8325133820342756
224,5,2,3.7169999999999845,,13518,"[954, 270]",False,,True,0.0,False,medium,False,"[[702, 432], [828, 540], [666, 558], [648, 576], [846, 612], [936, 810]]",,[],,0.8346815289252781,0.8325133820342756
225,5,2,3.733000000000061,,13518,"[954, 270]",False,,True,0.0,False,medium,False,"[[702, 426], [828, 534], [666, 552], [648, 570], [846, 606], [936, 804]]",,[],,0.5461928978037006,0.5640142734205644
226,5,2,3.75,,13518,"[954, 270]",False,,True,0.0,False,medium,False,"[[702, 420], [828, 528], [666, 546], [648, 564], [846, 600], [936, 798]]",,[],,0.5461928978037006,0.5640142734205644
227,5,2,3.7660000000000764,,13518,"[954, 270]",False,,True,0.0,False,medium,False,"[[702, 414], [828, 522], [666, 540], [648, 558], [846, 594], [936, 792]]",,[],,0.9071980520016627,0.7618897398122159
228,5,2,3.782000000000039,,13518,"[954, 270]",False,,True,0.0,False,medium,False,"[[702, 408], [828, 516], [666, 534], [648, 552], [846, 588], [936, 786]]",,[],,0.9071980520016627,0.7618897398122159
229,5,2,3.798999999999978,,13518,"[954, 270]",False,,True,0.0,False,medium,False,"[[702, 402], [828, 510], [666, 528], [648, 546], [846, 582], [936, 780]]",,[],,0.5480178116189183,0.6447498954515897
230,5,2,3.816000000000031,,13518,"[954, 270]",False,,True,0.0,False,medium,False,"[[702, 396], [828, 504], [666, 522], [648, 540], [846, 576], [936, 774]]",,[],,0.5480178116189183,0.6447498954515897
231,5,2,3.8319999999999936,,13518,"[954, 270]",False,,True,0.0,False,medium,False,"[[702, 390], [828, 498], [666, 516], [648, 534], [846, 570], [936, 768]]",,[],,0.837508319577822,0.883554443275951
232,5,2,3.84800000000007,,13518,"[954, 270]",False,,True,0.0,False,medium,False,"[[702, 384], [828, 492], [666, 510], [648, 528], [846, 564], [936, 762]]",,[],,0.837508319577822,0.883554443275951
233,5,2,3.865000000000009,,13518,"[954, 270]",False,,True,0.0,False,medium,False,"[[702, 378], [828, 486], [666, 504], [648, 522], [846, 558], [936, 756]]",,[],,0.9000636910880869,0.8068800624235384
234,5,2,3.880999999999972,,13518,"[954, 270]",False,,True,0.0,False,medium,False,"[[702, 372], [828, 480], [666, 498], [648, 516], [846, 552], [936, 750]]",,[],,0.9000636910880869,0.8068800624235384
235,5,2,3.899000000000001,,13518,"[954, 270]",False,,True,0.0,False,medium,False,"[[702, 366], [828, 474], [666, 492], [648, 510], [846, 546], [936, 744]]",,[],,0.5275194179685033,0.6691964242942277
236,5,2,3.9150000000000773,,13518,"[954, 270]",False,,True,0.0,False,medium,False,"[[702, 360], [828, 468], [666, 486], [648, 504], [846, 540], [936, 738]]",,[],,0.5275194179685033,0.6691964242942277
237,5,2,3.9320000000000164,,13518,"[954, 270]",False,,True,0.0,False,medium,False,"[[702, 354], [828, 462], [666, 480], [648, 498], [846, 534], [936, 732]]",,[],,0.83967520104514,0.8814277352795526
238,5,2,3.949000000000069,,13518,"[954, 270]",False,Right,True,0.0,False,medium,False,"[[702, 348], [828, 456], [666, 474], [648, 492], [846, 528], [936, 726]]",,[],,0.83967520104514,0.8814277352795526
239,5,2,3.9640000000000555,,13518,"[954, 270]",False,Right,True,0.0,False,medium,False,"[[696, 342], [822, 450], [660, 468], [642, 486], [840, 522], [930, 720]]",,[],,0.8892001094735293,0.7371942557617186
240,5,2,3.9809999999999945,,13518,"[954, 270]",False,Right,True,0.0,False,medium,False,"[[690, 336], [816, 444], [654, 462], [636, 480], [834, 516], [924, 714]]",,[],,0.8925311766370141,0.7410119641487541
241,5,2,3.9980000000000473,,13518,"[954, 270]",False,Right,True,0.0,False,medium,False,"[[684, 330], [810, 438], [648, 456], [630, 474], [828, 510], [918, 708]]",,[],,0.5264148106104297,0.6692104377726424
242,5,2,4.01400000000001,,13518,"[954, 270]",False,Right,True,0.0,False,medium,False,"[[678, 324], [804, 432], [642, 450], [624, 468], [822, 504], [912, 702]]",,[],,0.5264148106104297,0.6692104377726424
243,5,2,4.031000000000063,,13518,"[954, 270]",False,Right,True,0.0,False,medium,False,"[[672, 318], [798, 426], [636, 444], [618, 462], [816, 498], [906, 696]]",,[],,0.5210531012409334,0.6835772760407637
244,5,2,4.0470000000000255,,13518,"[954, 270]",False,Right,True,0.0,False,medium,False,"[[666, 312], [792, 420], [630, 438], [612, 456], [810, 492], [900, 690]]",,[],,0.5210531012409334,0.6835772760407637
245,5,2,4.064000000000078,,13518,"[954, 270]",False,Right,True,0.0,False,medium,False,"[[660, 306], [786, 414], [624, 432], [606, 450], [804, 486], [894, 684]]",,[],,0.8364993158053228,0.8741812438512055
246,5,2,4.081000000000017,,13518,"[954, 270]",False,Right,True,0.0,False,medium,False,"[[654, 300], [780, 408], [618, 426], [600, 444], [798, 480], [888, 678]]",,[],,0.8614554285334084,0.774273125963391
247,5,2,4.09699999999998,,13518,"[954, 270]",False,Right,True,0.0,False,medium,False,"[[648, 294], [774, 402], [612, 420], [594, 438], [792, 474], [882, 672]]",,[],,0.8572019999033863,0.7870779259575279
248,5,2,4.113000000000056,,13518,"[954, 270]",False,Right,True,0.0,False,medium,False,"[[642, 288], [768, 396], [606, 414], [588, 432], [786, 468], [876, 666], [1200, 810]]",,[],,0.8572019999033863,0.7870779259575279
249,5,2,4.129000000000019,,13518,"[954, 270]",False,Right,True,0.0,False,medium,False,"[[636, 282], [762, 390], [600, 408], [582, 426], [780, 462], [870, 660], [1194, 804]]",,[],,0.515930177745649,0.7029155930078259
250,5,2,4.144999999999982,,13518,"[954, 270]",False,Right,True,0.0,False,medium,False,"[[630, 276], [756, 384], [594, 402], [576, 420], [774, 456], [864, 654], [1188, 798]]",,[],,0.8479725621973669,0.8953528443425451
251,5,2,4.161000000000058,,13518,"[954, 270]",False,Right,True,0.0,False,medium,False,"[[624, 270], [750, 378], [588, 396], [570, 414], [768, 450], [858, 648], [1182, 792]]",,[],,0.8823384808033777,0.8155184675501067
252,5,2,4.177000000000021,,13518,"[954, 270]",False,Right,True,0.0,False,medium,False,"[[618, 264], [744, 372], [582, 390], [564, 408], [762, 444], [852, 642], [1176, 786]]",,[],,0.8823384808033777,0.8155184675501067
253,5,2,4.194000000000074,,13518,"[954, 270]",False,Right,True,0.0,False,medium,False,"[[612, 258], [738, 366], [576, 384], [558, 402], [756, 438], [846, 636], [1170, 780]]",,[],,0.8528127952865748,0.7997285585393017
254,5,2,4.210000000000036,,13518,"[954, 270]",False,,True,0.0,False,medium,False,"[[606, 252], [732, 360], [570, 378], [552, 396], [750, 432], [840, 630], [1164, 774], [1164, 810]]",,[],,0.524373961881328,0.6988643156054937
255,5,2,4.225999999999999,,13518,"[954, 270]",False,,True,0.0,False,medium,False,"[[606, 246], [732, 354], [570, 372], [552, 390], [750, 426], [840, 624], [1164, 768], [1164, 804]]",,[],,0.8788657566040161,0.7625308072472585
256,5,2,4.243000000000052,,13518,"[954, 270]",False,,True,0.0,False,medium,False,"[[606, 240], [732, 348], [570, 366], [552, 384], [750, 420], [840, 618], [1164, 762], [1164, 798]]",,[],,0.8605953733400697,0.7978893034821715
257,5,2,4.260999999999967,,13518,"[954, 270]",False,,True,0.0,False,medium,False,"[[606, 234], [732, 342], [570, 360], [552, 378], [750, 414], [840, 612], [1164, 756], [1164, 792]]",,[],,0.8433256769872056,0.8013080996812303
258,5,2,4.277000000000044,,13518,"[954, 270]",False,,True,0.0,False,medium,False,"[[606, 228], [732, 336], [570, 354], [552, 372], [750, 408], [840, 606], [1164, 750], [1164, 786]]",,[],,0.8433256769872056,0.8013080996812303
259,5,2,4.293000000000006,,13518,"[954, 270]",False,,True,0.0,False,medium,False,"[[606, 222], [732, 330], [570, 348], [552, 366], [750, 402], [840, 600], [1164, 744], [1164, 780]]",,[],,0.8433256769872056,0.8013080996812303
260,5,2,4.310000000000059,,13518,"[954, 270]",False,,True,0.0,False,medium,False,"[[606, 216], [732, 324], [570, 342], [552, 360], [750, 396], [840, 594], [1164, 738], [1164, 774]]",,[],,0.5173024819642444,0.7071267496664647
261,5,2,4.326000000000022,,13518,"[954, 270]",False,,True,0.0,False,medium,False,"[[606, 210], [732, 318], [570, 336], [552, 354], [750, 390], [840, 588], [1164, 732], [1164, 768]]",,[],,0.5166734915927853,0.7119986803719991
262,5,2,4.343000000000075,,13518,"[954, 270]",False,,True,0.0,False,medium,False,"[[606, 204], [732, 312], [570, 330], [552, 348], [750, 384], [840, 582], [1164, 726], [1164, 762]]",,[],,0.8415485807687684,0.9134380972684842
263,5,2,4.359000000000037,,13518,"[954, 270]",False,,True,0.0,False,medium,False,"[[606, 198], [732, 306], [570, 324], [552, 342], [750, 378], [840, 576], [1164, 720], [1164, 756]]",,[],,0.8425502535622705,0.9120032196205778
264,5,2,4.375,,13518,"[954, 270]",False,,True,0.0,False,medium,False,"[[606, 192], [732, 300], [570, 318], [552, 336], [750, 372], [840, 570], [1164, 714], [1164, 750]]",,[],,0.8443265229790491,0.8009724519769054
265,5,2,4.391000000000076,,13518,"[954, 270]",False,,True,0.0,False,medium,False,"[[606, 186], [732, 294], [570, 312], [552, 330], [750, 366], [840, 564], [1164, 708], [1164, 744]]",,[],,0.8443265229790491,0.8009724519769054
266,5,2,4.4080000000000155,,13518,"[954, 270]",False,,True,0.0,False,medium,False,"[[606, 180], [732, 288], [570, 306], [552, 324], [750, 360], [840, 558], [1164, 702], [1164, 738]]",,[],,0.5678585849219797,0.5697315552203075
267,5,2,4.423999999999978,,13518,"[954, 270]",False,,True,0.0,False,medium,False,"[[606, 174], [732, 282], [570, 300], [552, 318], [750, 354], [840, 552], [1164, 696], [1164, 732]]",,[],,0.5678585849219797,0.5697315552203075
268,5,2,4.441000000000031,,13518,"[954, 270]",False,,True,0.0,False,medium,False,"[[606, 168], [732, 276], [570, 294], [552, 312], [750, 348], [840, 546], [1164, 690], [1164, 726]]",,"[[1320, 810]]",,0.8334558841060911,0.8109763312362447
269,5,2,4.45799999999997,,13518,"[954, 270]",False,,True,0.0,False,medium,False,"[[606, 162], [732, 270], [570, 288], [552, 306], [750, 342], [840, 540], [1164, 684], [1164, 720], [624, 810]]",,"[[1320, 804]]",,0.8107293021054882,0.7702352188965262
270,5,2,4.474000000000046,,13518,"[954, 270]",False,,True,0.0,False,medium,False,"[[606, 156], [732, 264], [570, 282], [552, 300], [750, 336], [840, 534], [1164, 678], [1164, 714], [624, 804]]",,"[[1320, 798]]",,0.844551596657317,0.8796690208033423
271,5,2,4.490000000000009,,13518,"[954, 270]",False,,True,0.0,False,medium,False,"[[606, 150], [732, 258], [570, 276], [552, 294], [750, 330], [840, 528], [1164, 672], [1164, 708], [624, 798]]",,"[[1320, 792]]",,0.844551596657317,0.8796690208033423
272,5,2,4.507000000000062,,13518,"[954, 270]",False,,True,0.0,False,medium,False,"[[606, 144], [732, 252], [570, 270], [552, 288], [750, 324], [840, 522], [1164, 666], [1164, 702], [624, 792]]",,"[[1320, 786]]",,0.8456897083510011,0.881949893528722
273,5,2,4.523000000000025,,13518,"[954, 270]",False,,True,0.0,False,medium,False,"[[606, 138], [732, 246], [570, 264], [552, 282], [750, 318], [840, 516], [1164, 660], [1164, 696], [624, 786]]",,"[[1320, 780]]",,0.8456897083510011,0.881949893528722
274,5,2,4.541000000000054,,13518,"[954, 270]",False,,True,0.0,False,medium,False,"[[606, 132], [732, 240], [570, 258], [552, 276], [750, 312], [840, 510], [1164, 654], [1164, 690], [624, 780]]",,"[[1320, 774]]",,0.8442077116114491,0.8863020876850622
275,5,2,4.557000000000016,,13518,"[954, 270]",False,,True,0.0,False,medium,False,"[[606, 126], [732, 234], [570, 252], [552, 270], [750, 306], [840, 504], [1164, 648], [1164, 684], [624, 774]]",,"[[1320, 768]]",,0.8442077116114491,0.8863020876850622
276,5,2,4.572999999999979,,13518,"[954, 270]",False,,True,0.0,False,medium,False,"[[606, 120], [732, 228], [570, 246], [552, 264], [750, 300], [840, 498], [1164, 642], [1164, 678], [624, 768]]",,"[[1320, 762]]",,0.9723166832756615,0.42698505955718113
277,5,2,4.591000000000008,,13518,"[954, 270]",False,,True,0.0,False,medium,False,"[[606, 114], [732, 222], [570, 240], [552, 258], [750, 294], [840, 492], [1164, 636], [1164, 672], [624, 762]]",,"[[1320, 756]]",,0.9723166832756615,0.42698505955718113
278,5,2,4.606999999999971,,13518,"[954, 270]",False,,True,0.0,False,medium,False,"[[606, 108], [732, 216], [570, 234], [552, 252], [750, 288], [840, 486], [1164, 630], [1164, 666], [624, 756], [606, 810]]",,"[[1320, 750]]",,0.5316724099677571,0.6182418528508189
279,5,2,4.625,,13518,"[954, 270]",False,,True,0.0,False,medium,False,"[[606, 102], [732, 210], [570, 228], [552, 246], [750, 282], [840, 480], [1164, 624], [1164, 660], [624, 750], [606, 804]]",,"[[1320, 744]]",,0.5316724099677571,0.6182418528508189
280,5,2,4.642000000000053,,13518,"[954, 270]",False,,True,0.0,False,medium,False,"[[606, 96], [732, 204], [570, 222], [552, 240], [750, 276], [840, 474], [1164, 618], [1164, 654], [624, 744], [606, 798]]",,"[[1320, 738]]",,0.5267633137767623,0.6358643966699624
281,5,2,4.6580000000000155,,13518,"[954, 270]",False,,True,0.0,False,medium,False,"[[606, 90], [732, 198], [570, 216], [552, 234], [750, 270], [840, 468], [1164, 612], [1164, 648], [624, 738], [606, 792]]",,"[[1320, 732]]",,0.5267633137767623,0.6358643966699624
282,5,2,4.675000000000068,,13518,"[954, 270]",False,,True,0.0,False,medium,False,"[[606, 84], [732, 192], [570, 210], [552, 228], [750, 264], [840, 462], [1164, 606], [1164, 642], [624, 732], [606, 786]]",,"[[1320, 726]]",,0.8519286391867988,0.9537127219949976
283,5,2,4.692000000000007,,13518,"[954, 270]",False,,True,0.0,False,medium,False,"[[606, 78], [732, 186], [570, 204], [552, 222], [750, 258], [840, 456], [1164, 600], [1164, 636], [624, 726], [606, 780]]",,"[[1320, 720]]",,0.8519286391867988,0.9537127219949976
284,5,2,4.70799999999997,,13518,"[954, 270]",False,,True,0.0,False,medium,False,"[[606, 72], [732, 180], [570, 198], [552, 216], [750, 252], [840, 450], [1164, 594], [1164, 630], [624, 720], [606, 774]]",,"[[1320, 714]]",,0.8519455153788194,0.9493752967906808
285,5,2,4.724000000000046,,13518,"[954, 270]",False,,True,0.0,False,medium,False,"[[606, 66], [732, 174], [570, 192], [552, 210], [750, 246], [840, 444], [1164, 588], [1164, 624], [624, 714], [606, 768]]",,"[[1320, 708]]",,0.8519455153788194,0.9493752967906808
286,5,2,4.7420000000000755,,13518,"[954, 270]",False,,True,0.0,False,medium,False,"[[606, 60], [732, 168], [570, 186], [552, 204], [750, 240], [840, 438], [1164, 582], [1164, 618], [624, 708], [606, 762]]",,"[[1320, 702]]",,0.5248203788276066,0.648621622226742
287,5,2,4.758000000000038,,13518,"[954, 270]",False,,True,0.0,False,medium,False,"[[606, 54], [732, 162], [570, 180], [552, 198], [750, 234], [840, 432], [1164, 576], [1164, 612], [624, 702], [606, 756]]",,"[[1320, 696]]",,0.5248203788276066,0.648621622226742
288,5,2,4.774999999999977,,13518,"[954, 270]",False,,True,0.0,False,medium,False,"[[606, 48], [732, 156], [570, 174], [552, 192], [750, 228], [840, 426], [1164, 570], [1164, 606], [624, 696], [606, 750]]",,"[[1320, 690]]",,0.8513096884134187,0.9537411435302392
289,5,2,4.791000000000054,,13518,"[954, 270]",False,,True,0.0,False,medium,False,"[[606, 42], [732, 150], [570, 168], [552, 186], [750, 222], [840, 420], [1164, 564], [1164, 600], [624, 690], [606, 744]]",,"[[1320, 684]]",,0.8513096884134187,0.9537411435302392
290,5,2,4.807000000000016,,13518,"[954, 270]",False,,True,0.0,False,medium,False,"[[606, 36], [732, 144], [570, 162], [552, 180], [750, 216], [840, 414], [1164, 558], [1164, 594], [624, 684], [606, 738]]",,"[[1320, 678]]",,0.9723166920265539,0.42698330423638153
291,5,2,4.8250000000000455,,13518,"[954, 270]",False,,True,0.0,False,medium,False,"[[606, 30], [732, 138], [570, 156], [552, 174], [750, 210], [840, 408], [1164, 552], [1164, 588], [624, 678], [606, 732]]",,"[[1320, 672]]",,0.9723166920265539,0.42698330423638153
292,5,2,4.841000000000008,,13518,"[954, 270]",False,,True,0.0,False,medium,False,"[[606, 24], [732, 132], [570, 150], [552, 168], [750, 204], [840, 402], [1164, 546], [1164, 582], [624, 672], [606, 726]]",,"[[1320, 666]]",,0.9723166920265539,0.42698330423638153
293,5,2,4.858000000000061,,13518,"[954, 270]",False,,True,0.0,False,medium,False,"[[606, 18], [732, 126], [570, 144], [552, 162], [750, 198], [840, 396], [1164, 540], [1164, 576], [624, 666], [606, 720]]",,"[[1320, 660]]",,0.9723166920265539,0.42698330423638153
294,5,2,4.875999999999976,,13518,"[954, 270]",False,,True,0.0,False,medium,False,"[[606, 12], [732, 120], [570, 138], [552, 156], [750, 192], [840, 390], [1164, 534], [1164, 570], [624, 660], [606, 714]]",,"[[1320, 654]]",,0.5269698817743739,0.6521430413533454
295,5,2,4.893000000000029,,13518,"[954, 270]",False,,True,0.0,False,medium,False,"[[606, 6], [732, 114], [570, 132], [552, 150], [750, 186], [840, 384], [1164, 528], [1164, 564], [624, 654], [606, 708]]",,"[[1320, 648]]",,0.5263402873041803,0.6552922819376052
296,5,2,4.909999999999968,,13518,"[954, 270]",False,,True,0.0,False,medium,False,"[[606, 0], [732, 108], [570, 126], [552, 144], [750, 180], [840, 378], [1164, 522], [1164, 558], [624, 648], [606, 702]]",,"[[1320, 642]]",,0.8491841674425205,0.9591776711551685
297,5,2,4.926000000000045,,13518,"[954, 270]",False,,True,0.0,False,medium,False,"[[732, 102], [570, 120], [552, 138], [750, 174], [840, 372], [1164, 516], [1164, 552], [624, 642], [606, 696]]",,"[[1320, 636]]",,0.8491841674425205,0.9591776711551685
298,5,2,4.942999999999984,,13518,"[954, 270]",False,,True,0.0,False,medium,False,"[[732, 96], [570, 114], [552, 132], [750, 168], [840, 366], [1164, 510], [1164, 546], [624, 636], [606, 690]]",,"[[1320, 630]]",,0.9723166920265539,0.42698330423638153
299,5,2,4.95900000000006,,13518,"[954, 270]",False,,True,0.0,False,medium,False,"[[732, 90], [570, 108], [552, 126], [750, 162], [840, 360], [1164, 504], [1164, 540], [624, 630], [606, 684]]",,"[[1320, 624]]",,0.9723166920265539,0.42698330423638153
300,5,2,4.975999999999999,,13518,"[954, 270]",False,,True,0.0,False,medium,False,"[[732, 84], [570, 102], [552, 120], [750, 156], [840, 354], [1164, 498], [1164, 534], [624, 624], [606, 678]]",,"[[1320, 618]]",,0.9723166920265539,0.42698330423638153
301,5,2,4.9920000000000755,,13518,"[954, 270]",False,,True,0.0,False,medium,False,"[[732, 78], [570, 96], [552, 114], [750, 150], [840, 348], [1164, 492], [1164, 528], [624, 618], [606, 672]]",,"[[1320, 612]]",,0.9723166920265539,0.42698330423638153
302,5,2,5.012000000000057,,13518,"[954, 270]",False,,True,0.0,False,medium,False,"[[732, 72], [570, 90], [552, 108], [750, 144], [840, 342], [1164, 486], [1164, 522], [624, 612], [606, 666], [912, 810]]",,"[[1320, 606]]",,0.9723166920265539,0.42698330423638153
303,5,2,5.028999999999996,,13518,"[954, 270]",False,,True,0.0,False,medium,False,"[[732, 66], [570, 84], [552, 102], [750, 138], [840, 336], [1164, 480], [1164, 516], [624, 606], [606, 660], [912, 804]]",,"[[1320, 600]]",,0.9723166920265539,0.42698330423638153
304,5,2,5.046000000000049,,13518,"[954, 270]",False,,True,0.0,False,medium,False,"[[732, 60], [570, 78], [552, 96], [750, 132], [840, 330], [1164, 474], [1164, 510], [624, 600], [606, 654], [912, 798]]",,"[[1320, 594]]",,0.52905367828136,0.5772576750901637
305,5,2,5.062000000000012,,13518,"[954, 270]",False,,True,0.0,False,medium,False,"[[732, 54], [570, 72], [552, 90], [750, 126], [840, 324], [1164, 468], [1164, 504], [624, 594], [606, 648], [912, 792]]",,"[[1320, 588]]",,0.5238612749803597,0.5660120608741248
306,5,2,5.079000000000065,,13518,"[954, 270]",False,,True,0.0,False,medium,False,"[[732, 48], [570, 66], [552, 84], [750, 120], [840, 318], [1164, 462], [1164, 498], [624, 588], [606, 642], [912, 786]]",,"[[1320, 582]]",,0.8432053494601085,0.9301050589152282
307,5,2,5.095000000000027,,13518,"[954, 270]",False,,True,0.0,False,medium,False,"[[732, 42], [570, 60], [552, 78], [750, 114], [840, 312], [1164, 456], [1164, 492], [624, 582], [606, 636], [912, 780]]",,"[[1320, 576]]",,0.8432053494601085,0.9301050589152282
308,5,2,5.111999999999966,,13518,"[954, 270]",False,,True,0.0,False,medium,False,"[[732, 36], [570, 54], [552, 72], [750, 108], [840, 306], [1164, 450], [1164, 486], [624, 576], [606, 630], [912, 774]]",,"[[1320, 570]]",,0.9723166920265539,0.42698330423638153
309,5,2,5.129000000000019,,13518,"[954, 270]",False,,True,0.0,False,medium,False,"[[732, 30], [570, 48], [552, 66], [750, 102], [840, 300], [1164, 444], [1164, 480], [624, 570], [606, 624], [912, 768]]",,"[[1320, 564]]",,0.9723166920265539,0.42698330423638153
310,5,2,5.146000000000072,,13518,"[954, 270]",False,,True,0.0,False,medium,False,"[[732, 24], [570, 42], [552, 60], [750, 96], [840, 294], [1164, 438], [1164, 474], [624, 564], [606, 618], [912, 762]]",,"[[1320, 558]]",,0.9723166920265539,0.42698330423638153
311,5,2,5.163999999999987,,13518,"[954, 270]",False,,True,0.0,False,medium,False,"[[732, 18], [570, 36], [552, 54], [750, 90], [840, 288], [1164, 432], [1164, 468], [624, 558], [606, 612], [912, 756]]",,"[[1320, 552]]",,0.9723166920265539,0.42698330423638153
312,5,2,5.182999999999993,,13518,"[954, 270]",False,,True,0.0,False,medium,False,"[[732, 12], [570, 30], [552, 48], [750, 84], [840, 282], [1164, 426], [1164, 462], [624, 552], [606, 606], [912, 750]]",,"[[1320, 546]]",,0.8591198447898384,1.0630737875348037
313,5,2,5.199000000000069,,13518,"[954, 270]",False,,True,0.0,False,medium,False,"[[732, 6], [570, 24], [552, 42], [750, 78], [840, 276], [1164, 420], [1164, 456], [624, 546], [606, 600], [912, 744]]",,"[[1320, 540]]",,0.8586918641054554,1.0635170028836771
314,5,2,5.218000000000075,,13518,"[954, 270]",False,,True,0.0,False,medium,False,"[[732, 0], [570, 18], [552, 36], [750, 72], [840, 270], [1164, 414], [1164, 450], [624, 540], [606, 594], [912, 738]]",,"[[1320, 534]]",,0.8314297241305187,0.9457840419355973
315,5,2,5.235000000000014,,13518,"[954, 270]",False,,True,0.0,False,medium,False,"[[570, 12], [552, 30], [750, 66], [840, 264], [1164, 408], [1164, 444], [624, 534], [606, 588], [912, 732]]",,"[[1320, 528]]",,0.8308211281072806,0.9521449682059497
316,5,2,5.252000000000066,,13518,"[954, 270]",False,,True,0.0,False,medium,False,"[[570, 6], [552, 24], [750, 60], [840, 258], [1164, 402], [1164, 438], [624, 528], [606, 582], [912, 726]]",,"[[1320, 522]]",,0.8311611500549537,0.9513398107631679
317,5,2,5.268000000000029,,13518,"[954, 270]",False,,True,0.0,False,medium,False,"[[570, 0], [552, 18], [750, 54], [840, 252], [1164, 396], [1164, 432], [624, 522], [606, 576], [912, 720]]",,"[[1320, 516]]",,0.9723166920265539,0.42698330423638153
318,5,2,5.286000000000058,,13518,"[954, 270]",False,,True,0.0,False,medium,False,"[[552, 12], [750, 48], [840, 246], [1164, 390], [1164, 426], [624, 516], [606, 570], [912, 714]]",,"[[1320, 510]]",,0.9723166920265539,0.42698330423638153
319,5,2,5.302999999999997,,13518,"[954, 270]",False,,True,0.0,False,medium,False,"[[552, 6], [750, 42], [840, 240], [1164, 384], [1164, 420], [624, 510], [606, 564], [912, 708]]",,"[[1320, 504]]",,0.839412235983222,0.9563475743523744
320,5,2,5.32000000000005,,13518,"[954, 270]",False,,True,0.0,False,medium,False,"[[552, 0], [750, 36], [840, 234], [1164, 378], [1164, 414], [624, 504], [606, 558], [912, 702]]",,"[[1320, 498]]",,0.9723166920265539,0.42698330423638153
321,5,2,5.336999999999989,,13518,"[954, 270]",False,,True,0.0,False,medium,False,"[[750, 30], [840, 228], [1164, 372], [1164, 408], [624, 498], [606, 552], [912, 696]]",,"[[1320, 492]]",,0.9723166920265539,0.42698330423638153
322,5,2,5.354000000000042,,13518,"[954, 270]",False,,True,0.0,False,medium,False,"[[750, 24], [840, 222], [1164, 366], [1164, 402], [624, 492], [606, 546], [912, 690]]",,"[[1320, 486]]",,0.9723166920265539,0.42698330423638153
323,5,2,5.370999999999981,,13518,"[954, 270]",False,,True,0.0,False,medium,False,"[[750, 18], [840, 216], [1164, 360], [1164, 396], [624, 486], [606, 540], [912, 684]]",,"[[1320, 480]]",,0.5350680179854221,0.5981292583219606
324,5,2,5.387000000000057,,13518,"[954, 270]",False,,True,0.0,False,medium,False,"[[750, 12], [840, 210], [1164, 354], [1164, 390], [624, 480], [606, 534], [912, 678]]",,"[[1320, 474]]",,0.5350680179854221,0.5981292583219606
325,5,2,5.40300000000002,,13518,"[954, 270]",False,,True,0.0,False,medium,False,"[[750, 6], [840, 204], [1164, 348], [1164, 384], [624, 474], [606, 528], [912, 672]]",,"[[1320, 468]]",,0.5391178080308957,0.6094735577631307
326,5,2,5.420000000000073,,13518,"[954, 270]",False,,True,0.0,False,medium,False,"[[750, 0], [840, 198], [1164, 342], [1164, 378], [624, 468], [606, 522], [912, 666]]",,"[[1320, 462]]",,0.5391178080308957,0.6094735577631307
327,5,2,5.435000000000059,,13518,"[954, 270]",False,,True,0.0,False,medium,False,"[[840, 192], [1164, 336], [1164, 372], [624, 462], [606, 516], [912, 660]]",,"[[1320, 456]]",,0.8407515551692549,1.0801830743837721
328,5,2,5.4529999999999745,,13518,"[954, 270]",False,,True,0.0,False,medium,False,"[[840, 186], [1164, 330], [1164, 366], [624, 456], [606, 510], [912, 654]]",,"[[1320, 450]]",,0.840943275203298,1.0807050096731912
329,5,2,5.469000000000051,,13518,"[954, 270]",False,,True,0.0,False,medium,False,"[[840, 180], [1164, 324], [1164, 360], [624, 450], [606, 504], [912, 648]]",,"[[1320, 444]]",,0.9723166920265539,0.42698330423638153
330,5,2,5.485000000000014,,13518,"[954, 270]",False,,True,0.0,False,medium,False,"[[840, 174], [1164, 318], [1164, 354], [624, 444], [606, 498], [912, 642]]",,"[[1320, 438]]",,0.537517388660578,0.6195765645405609
331,5,2,5.500999999999976,,13518,"[954, 270]",False,,True,0.0,False,medium,False,"[[840, 168], [1164, 312], [1164, 348], [624, 438], [606, 492], [912, 636]]",,"[[1320, 432]]",,0.8507519178942198,0.9620857897807366
332,5,2,5.5190000000000055,,13518,"[954, 270]",False,,True,0.0,False,medium,False,"[[840, 162], [1164, 306], [1164, 342], [624, 432], [606, 486], [912, 630], [678, 810]]",,"[[1320, 426]]",,0.8491914372655328,0.9708138376387143
333,5,2,5.534999999999968,,13518,"[954, 270]",False,,True,0.0,False,medium,False,"[[840, 156], [1164, 300], [1164, 336], [624, 426], [606, 480], [912, 624], [678, 804]]",,"[[1320, 420]]",,0.9723166920265539,0.42698330423638153
334,5,2,5.552000000000021,,13518,"[954, 270]",False,,True,0.0,False,medium,False,"[[840, 150], [1164, 294], [1164, 330], [624, 420], [606, 474], [912, 618], [678, 798]]",,"[[1320, 414]]",,0.9723166920265539,0.42698330423638153
335,5,2,5.569000000000074,,13518,"[954, 270]",False,,True,0.0,False,medium,False,"[[840, 144], [1164, 288], [1164, 324], [624, 414], [606, 468], [912, 612], [678, 792], [696, 810]]",,"[[1320, 408]]",,0.9723166920265539,0.42698330423638153
336,5,2,5.585000000000036,,13518,"[954, 270]",False,,True,0.0,False,medium,False,"[[840, 138], [1164, 282], [1164, 318], [624, 408], [606, 462], [912, 606], [678, 786], [696, 804]]",,"[[1320, 402]]",,0.9723166920265539,0.42698330423638153
337,5,2,5.601999999999975,,13518,"[954, 270]",False,,True,0.0,False,medium,False,"[[840, 132], [1164, 276], [1164, 312], [624, 402], [606, 456], [912, 600], [678, 780], [696, 798]]",,"[[1320, 396]]",,0.5229349550773233,0.6607252653763311
338,5,2,5.619000000000028,,13518,"[954, 270]",False,,True,0.0,False,medium,False,"[[840, 126], [1164, 270], [1164, 306], [624, 396], [606, 450], [912, 594], [678, 774], [696, 792]]",,"[[1320, 390]]",,0.5229349550773233,0.6607252653763311
339,5,2,5.637000000000057,,13518,"[954, 270]",False,Left,True,0.0,False,medium,False,"[[840, 120], [1164, 264], [1164, 300], [624, 390], [606, 444], [912, 588], [678, 768], [696, 786]]",,"[[1326, 384]]",,0.8471612437655871,0.9791632888650466
340,5,2,5.653999999999996,,13518,"[954, 270]",False,Left,True,0.0,False,medium,False,"[[846, 114], [1170, 258], [1170, 294], [630, 384], [612, 438], [918, 582], [684, 762], [702, 780]]",,"[[1332, 378]]",,0.9723166920265539,0.42698330423638153
341,5,2,5.670000000000073,,13518,"[954, 270]",False,Left,True,0.0,False,medium,False,"[[852, 108], [1176, 252], [1176, 288], [636, 378], [618, 432], [924, 576], [690, 756], [708, 774], [672, 810]]",,"[[1338, 372]]",,0.8434508345294933,0.9909516557067644
342,5,2,5.687000000000012,,13518,"[954, 270]",False,Left,True,0.0,False,medium,False,"[[858, 102], [1182, 246], [1182, 282], [642, 372], [624, 426], [930, 570], [696, 750], [714, 768], [678, 804]]",,"[[1344, 366]]",,0.9723166920265539,0.42698330423638153
343,5,2,5.704000000000065,,13518,"[954, 270]",False,Left,True,0.0,False,medium,False,"[[864, 96], [1188, 240], [1188, 276], [648, 366], [630, 420], [936, 564], [702, 744], [720, 762], [684, 798]]",,"[[1350, 360]]",,0.9723166920265539,0.42698330423638153
344,5,2,5.720000000000027,,13518,"[954, 270]",False,Left,True,0.0,False,medium,False,"[[870, 90], [1194, 234], [1194, 270], [654, 360], [636, 414], [942, 558], [708, 738], [726, 756], [690, 792]]",,"[[1356, 354]]",,0.9723166920265539,0.42698330423638153
345,5,2,5.73599999999999,,13518,"[954, 270]",False,Left,True,0.0,False,medium,False,"[[876, 84], [1200, 228], [1200, 264], [660, 354], [642, 408], [948, 552], [714, 732], [732, 750], [696, 786]]",,"[[1362, 348]]",,0.5211436643634867,0.6785200442980911
346,5,2,5.752000000000066,,13518,"[954, 270]",False,Left,True,0.0,False,medium,False,"[[882, 78], [1206, 222], [1206, 258], [666, 348], [648, 402], [954, 546], [720, 726], [738, 744], [702, 780]]",,"[[1368, 342]]",,0.8451506495588312,0.9699203724184151
347,5,2,5.768000000000029,,13518,"[954, 270]",False,Left,True,0.0,False,medium,False,"[[888, 72], [1212, 216], [1212, 252], [672, 342], [654, 396], [960, 540], [726, 720], [744, 738], [708, 774]]",,"[[1374, 336]]",,0.9723624478022268,0.42666732663332874
348,5,2,5.784999999999968,,13518,"[954, 270]",False,Left,True,0.0,False,medium,False,"[[894, 66], [1218, 210], [1218, 246], [678, 336], [660, 390], [966, 534], [732, 714], [750, 732], [714, 768]]",,"[[1380, 330]]",,0.9723624478022268,0.42666732663332874
349,5,2,5.802000000000021,,13518,"[954, 270]",False,Left,True,0.0,False,medium,False,"[[900, 60], [1224, 204], [1224, 240], [684, 330], [666, 384], [972, 528], [738, 708], [756, 726], [720, 762]]",,"[[1386, 324], [480, 810]]",,0.9723624478022268,0.42666732663332874
350,5,2,5.82000000000005,,13518,"[954, 270]",False,Left,True,0.0,False,medium,False,"[[906, 54], [1230, 198], [1230, 234], [690, 324], [672, 378], [978, 522], [744, 702], [762, 720], [726, 756], [906, 810]]",,"[[1392, 318], [486, 804]]",,0.8428590701690035,0.9693222229425864
351,5,2,5.836999999999989,,13518,"[954, 270]",False,Left,True,0.0,False,medium,False,"[[912, 48], [1236, 192], [1236, 228], [696, 318], [678, 372], [984, 516], [750, 696], [768, 714], [732, 750], [912, 804]]",,"[[1398, 312], [492, 798]]",,0.8381337027640573,0.9807690957635788
352,5,2,5.8530000000000655,,13518,"[954, 270]",False,Left,True,1.0,False,medium,False,"[[918, 42], [1242, 186], [1242, 222], [702, 312], [684, 366], [990, 510], [756, 690], [774, 708], [738, 744], [918, 798]]",,"[[1404, 306], [498, 792]]",,0.9723624478022268,0.42666732663332874
353,5,2,5.869000000000028,,13518,"[954, 270]",False,Left,True,1.0,False,medium,False,"[[924, 36], [1248, 180], [1248, 216], [708, 306], [690, 360], [996, 504], [762, 684], [780, 702], [744, 738], [924, 792], [906, 810]]",,"[[1416, 300], [510, 786]]",,0.5210742614711086,0.6885454127699271
354,5,2,5.884999999999991,,13518,"[954, 270]",False,Left,True,1.0,False,medium,False,"[[936, 30], [1260, 174], [1260, 210], [720, 300], [702, 354], [1008, 498], [774, 678], [792, 696], [756, 732], [936, 786], [918, 804]]",,"[[1428, 294], [522, 780]]",,0.5205770770545444,0.6889648700926853
355,5,2,5.901000000000067,,13518,"[954, 270]",False,Left,True,1.0,False,medium,False,"[[948, 24], [1272, 168], [1272, 204], [732, 294], [714, 348], [1020, 492], [786, 672], [804, 690], [768, 726], [948, 780], [930, 798]]",,"[[1440, 288], [534, 774]]",,0.5212688041470181,0.6884191103477864
356,5,2,5.918000000000006,,13518,"[954, 270]",False,Left,True,1.0,False,medium,False,"[[960, 18], [1284, 162], [1284, 198], [744, 288], [726, 342], [1032, 486], [798, 666], [816, 684], [780, 720], [960, 774], [942, 792]]",,"[[1452, 282], [546, 768]]",,0.8367507058599969,0.9940111087275253
357,5,2,5.937000000000012,,13518,"[954, 270]",False,Left,True,1.0,False,medium,False,"[[972, 12], [1296, 156], [1296, 192], [756, 282], [738, 336], [1044, 480], [810, 660], [828, 678], [792, 714], [972, 768], [954, 786]]",,"[[1464, 276], [558, 762]]",,0.9723624478022268,0.42666732663332874
358,5,2,5.954000000000065,,13518,"[954, 270]",False,Left,True,1.0,False,medium,False,"[[984, 6], [1308, 150], [1308, 186], [768, 276], [750, 330], [1056, 474], [822, 654], [840, 672], [804, 708], [984, 762], [966, 780]]",,"[[1476, 270], [570, 756]]",,0.9723624478022268,0.42666732663332874
359,5,2,5.971000000000004,,13518,"[954, 270]",False,Left,True,1.0,False,medium,False,"[[996, 0], [1320, 144], [1320, 180], [780, 270], [762, 324], [1068, 468], [834, 648], [852, 666], [816, 702], [996, 756], [978, 774]]",,"[[1488, 264], [582, 750]]",,0.5233654657713674,0.6889396434887463
360,5,2,5.988000000000056,,13518,"[954, 270]",False,,True,1.0,False,medium,False,"[[1332, 138], [1332, 174], [792, 264], [774, 318], [1080, 462], [846, 642], [864, 660], [828, 696], [1008, 750], [990, 768]]",,"[[1494, 258], [588, 744]]",,0.5233654657713674,0.6889396434887463
361,5,2,6.0049999999999955,,13518,"[954, 270]",False,,True,1.0,False,medium,False,"[[1338, 132], [1338, 168], [798, 258], [780, 312], [1086, 456], [852, 636], [870, 654], [834, 690], [1014, 744], [996, 762]]",,"[[1500, 252], [594, 738]]",,0.5249259691751138,0.6902216382484139
362,5,2,6.022000000000048,,13518,"[954, 270]",False,,True,1.0,False,medium,False,"[[1344, 126], [1344, 162], [804, 252], [786, 306], [1092, 450], [858, 630], [876, 648], [840, 684], [1020, 738], [1002, 756]]",,"[[1506, 246], [600, 732]]",,0.8365482552934115,0.9486200091377696
363,5,2,6.038000000000011,,13518,"[954, 270]",False,,True,1.0,False,medium,False,"[[1350, 120], [1350, 156], [810, 246], [792, 300], [1098, 444], [864, 624], [882, 642], [846, 678], [1026, 732], [1008, 750]]",,"[[1512, 240], [606, 726]]",,0.9723624478022268,0.42666732663332874
364,5,2,6.053999999999974,,13518,"[954, 270]",False,,True,1.0,False,medium,False,"[[1356, 114], [1356, 150], [816, 240], [798, 294], [1104, 438], [870, 618], [888, 636], [852, 672], [1032, 726], [1014, 744]]",,"[[1518, 234], [612, 720]]",,0.9723624478022268,0.42666732663332874
365,5,2,6.07000000000005,,13518,"[954, 270]",False,,True,1.0,False,medium,False,"[[1362, 108], [1362, 144], [822, 234], [804, 288], [1110, 432], [876, 612], [894, 630], [858, 666], [1038, 720], [1020, 738]]",,"[[1524, 228], [618, 714]]",,0.9723624478022268,0.42666732663332874
366,5,2,6.086999999999989,,13518,"[954, 270]",False,,True,1.0,False,medium,False,"[[1368, 102], [1368, 138], [828, 228], [810, 282], [1116, 426], [882, 606], [900, 624], [864, 660], [1044, 714], [1026, 732]]",,"[[1530, 222], [624, 708]]",,0.5197617322651679,0.6614971745469229
367,5,2,6.1030000000000655,,13518,"[954, 270]",False,,True,1.0,False,medium,False,"[[1374, 96], [1374, 132], [834, 222], [816, 276], [1122, 420], [888, 600], [906, 618], [870, 654], [1050, 708], [1032, 726]]",,"[[1536, 216], [630, 702]]",,0.5170656775431592,0.6662341568723819
368,5,2,6.1200000000000045,,13518,"[954, 270]",False,,True,1.0,False,medium,False,"[[1380, 90], [1380, 126], [840, 216], [822, 270], [1128, 414], [894, 594], [912, 612], [876, 648], [1056, 702], [1038, 720]]",,"[[1542, 210], [636, 696]]",,0.8350101697961316,0.9260356678137613
369,5,2,6.137000000000057,,13518,"[954, 270]",False,,True,1.0,False,medium,False,"[[1386, 84], [1386, 120], [846, 210], [828, 264], [1134, 408], [900, 588], [918, 606], [882, 642], [1062, 696], [1044, 714]]",,"[[1548, 204], [642, 690]]",,0.832256308957402,0.9350121251287685
370,5,2,6.15300000000002,,13518,"[954, 270]",False,,True,1.0,False,medium,False,"[[1392, 78], [1392, 114], [852, 204], [834, 258], [1140, 402], [906, 582], [924, 600], [888, 636], [1068, 690], [1050, 708]]",,"[[1554, 198], [648, 684]]",,0.8333880796085193,0.9343245092599273
371,5,2,6.1720000000000255,,13518,"[954, 270]",False,Right,True,1.0,False,medium,False,"[[1398, 72], [1398, 108], [858, 198], [840, 252], [1146, 396], [912, 576], [930, 594], [894, 630], [1074, 684], [1056, 702]]",,"[[1554, 192], [648, 678]]",,0.834203546863207,0.9344450839806966
372,5,2,6.191000000000031,,13518,"[954, 270]",False,Right,True,1.0,False,medium,False,"[[1398, 66], [1398, 102], [858, 192], [840, 246], [1146, 390], [912, 570], [930, 588], [894, 624], [1074, 678], [1056, 696]]",,"[[1554, 186], [648, 672]]",,0.9723624478022268,0.42666732663332874
373,5,2,6.20799999999997,,13518,"[954, 270]",False,Right,True,1.0,False,medium,False,"[[1398, 60], [1398, 96], [858, 186], [840, 240], [1146, 384], [912, 564], [930, 582], [894, 618], [1074, 672], [1056, 690]]",,"[[1554, 180], [648, 666]]",,0.5272094471913482,0.6801678520887584
374,5,2,6.225000000000023,,13518,"[954, 270]",False,Right,True,1.0,False,medium,False,"[[1398, 54], [1398, 90], [858, 180], [840, 234], [1146, 378], [912, 558], [930, 576], [894, 612], [1074, 666], [1056, 684]]",,"[[1554, 174], [648, 660]]",,0.5272094471913482,0.6801678520887584
375,5,2,6.2420000000000755,,13518,"[954, 270]",False,Right,True,1.0,False,medium,False,"[[1398, 48], [1398, 84], [858, 174], [840, 228], [1146, 372], [912, 552], [930, 570], [894, 606], [1074, 660], [1056, 678]]",,"[[1554, 168], [648, 654]]",,0.8389694996721275,0.9327911582210139
376,5,2,6.258000000000038,,13518,"[954, 270]",False,Right,True,1.0,False,medium,False,"[[1398, 42], [1398, 78], [858, 168], [840, 222], [1146, 366], [912, 546], [930, 564], [894, 600], [1074, 654], [1056, 672]]",,"[[1554, 162], [648, 648]]",,0.8389694996721275,0.9327911582210139
377,5,2,6.274000000000001,,13518,"[954, 270]",False,Right,True,1.0,False,medium,False,"[[1398, 36], [1398, 72], [858, 162], [840, 216], [1146, 360], [912, 540], [930, 558], [894, 594], [1074, 648], [1056, 666]]",,"[[1554, 156], [648, 642]]",,0.8424022893176499,0.922688266019622
378,5,2,6.290000000000077,,13518,"[954, 270]",False,Right,True,1.0,False,medium,False,"[[1398, 30], [1398, 66], [858, 156], [840, 210], [1146, 354], [912, 534], [930, 552], [894, 588], [1074, 642], [1056, 660]]",,"[[1554, 150], [648, 636]]",,0.8412003833215342,0.9189174314630859
379,5,2,6.30600000000004,,13518,"[954, 270]",False,Right,True,1.0,False,medium,False,"[[1398, 24], [1398, 60], [858, 150], [840, 204], [1146, 348], [912, 528], [930, 546], [894, 582], [1074, 636], [1056, 654]]",,"[[1554, 144], [648, 630]]",,0.9723624478022268,0.42666732663332874
380,5,2,6.322999999999979,,13518,"[954, 270]",False,Right,True,1.0,False,medium,False,"[[1398, 18], [1398, 54], [858, 144], [840, 198], [1146, 342], [912, 522], [930, 540], [894, 576], [1074, 630], [1056, 648], [1020, 810], [1344, 810]]",,"[[1554, 138], [648, 624]]",,0.9723624478022268,0.42666732663332874
381,5,2,6.3390000000000555,,13518,"[954, 270]",False,Right,True,1.0,False,medium,False,"[[1398, 12], [1398, 48], [858, 138], [840, 192], [1146, 336], [912, 516], [930, 534], [894, 570], [1074, 624], [1056, 642], [1020, 804], [1344, 804]]",,"[[1554, 132], [648, 618]]",,0.9723624478022268,0.42666732663332874
382,5,2,6.3559999999999945,,13518,"[954, 270]",False,Right,True,1.0,False,medium,False,"[[1398, 6], [1398, 42], [858, 132], [840, 186], [1146, 330], [912, 510], [930, 528], [894, 564], [1074, 618], [1056, 636], [1020, 798], [1344, 798]]",,"[[1554, 126], [648, 612]]",,0.5403992922133836,0.6881971575097142
383,5,2,6.373000000000047,,13518,"[954, 270]",False,Right,True,1.0,False,medium,False,"[[1398, 0], [1398, 36], [858, 126], [840, 180], [1146, 324], [912, 504], [930, 522], [894, 558], [1074, 612], [1056, 630], [1020, 792], [1344, 792]]",,"[[1554, 120], [648, 606]]",,0.540845856415164,0.7008071151895343
384,5,2,6.389999999999986,,13518,"[954, 270]",False,Right,True,1.0,False,medium,False,"[[1398, 30], [858, 120], [840, 174], [1146, 318], [912, 498], [930, 516], [894, 552], [1074, 606], [1056, 624], [1020, 786], [1344, 786]]",,"[[1554, 114], [648, 600]]",,0.843814337417213,0.9320080951187469
385,5,2,6.406000000000063,,13518,"[954, 270]",False,Right,True,1.0,False,medium,False,"[[1398, 24], [858, 114], [840, 168], [1146, 312], [912, 492], [930, 510], [894, 546], [1074, 600], [1056, 618], [1020, 780], [1344, 780]]",,"[[1554, 108], [648, 594]]",,0.9723624478022268,0.42666732663332874
386,5,2,6.423000000000002,,13518,"[954, 270]",False,Right,True,1.0,False,medium,False,"[[1398, 18], [858, 108], [840, 162], [1146, 306], [912, 486], [930, 504], [894, 540], [1074, 594], [1056, 612], [1020, 774], [1344, 774], [840, 810]]",,"[[1554, 102], [648, 588]]",,0.9723624478022268,0.42666732663332874
387,5,2,6.440000000000055,,13518,"[954, 270]",False,Right,True,1.0,False,medium,False,"[[1398, 12], [858, 102], [840, 156], [1146, 300], [912, 480], [930, 498], [894, 534], [1074, 588], [1056, 606], [1020, 768], [1344, 768], [840, 804]]",,"[[1554, 96], [648, 582]]",,0.9723624478022268,0.42666732663332874
388,5,2,6.45799999999997,,13518,"[954, 270]",False,Right,True,1.0,False,medium,False,"[[1398, 6], [858, 96], [840, 150], [1146, 294], [912, 474], [930, 492], [894, 528], [1074, 582], [1056, 600], [1020, 762], [1344, 762], [840, 798]]",,"[[1554, 90], [648, 576]]",,0.5329001459134323,0.708130361093096
389,5,2,6.475000000000023,,13518,"[954, 270]",False,Right,True,1.0,False,medium,False,"[[1398, 0], [858, 90], [840, 144], [1146, 288], [912, 468], [930, 486], [894, 522], [1074, 576], [1056, 594], [1020, 756], [1344, 756], [840, 792], [1164, 810]]",,"[[1554, 84], [648, 570]]",,0.8442720966949043,0.9244276830284188
390,5,2,6.4920000000000755,,13518,"[954, 270]",False,Right,True,1.0,False,medium,False,"[[858, 84], [840, 138], [1146, 282], [912, 462], [930, 480], [894, 516], [1074, 570], [1056, 588], [1020, 750], [1344, 750], [840, 786], [1164, 804]]",,"[[1554, 78], [648, 564]]",,0.9723624478022268,0.42666732663332874
391,5,2,6.508000000000038,,13518,"[954, 270]",False,Right,True,1.0,False,medium,False,"[[858, 78], [840, 132], [1146, 276], [912, 456], [930, 474], [894, 510], [1074, 564], [1056, 582], [1020, 744], [1344, 744], [840, 780], [1164, 798]]",,"[[1554, 72], [648, 558]]",,0.9723624478022268,0.42666732663332874
392,5,2,6.524000000000001,,13518,"[954, 270]",False,Right,True,1.0,False,medium,False,"[[858, 72], [840, 126], [1146, 270], [912, 450], [930, 468], [894, 504], [1074, 558], [1056, 576], [1020, 738], [1344, 738], [840, 774], [1164, 792], [1344, 810]]",,"[[1554, 66], [648, 552]]",,0.9723624478022268,0.42666732663332874
393,5,2,6.541000000000054,,13518,"[954, 270]",False,Right,True,1.0,False,medium,False,"[[858, 66], [840, 120], [1146, 264], [912, 444], [930, 462], [894, 498], [1074, 552], [1056, 570], [1020, 732], [1344, 732], [840, 768], [1164, 786], [1344, 804]]",,"[[1554, 60], [648, 546]]",,0.5363109066399993,0.7102850612655182
394,5,2,6.557999999999993,,13518,"[954, 270]",False,Right,True,1.0,False,medium,False,"[[858, 60], [840, 114], [1146, 258], [912, 438], [930, 456], [894, 492], [1074, 546], [1056, 564], [1020, 726], [1344, 726], [840, 762], [1164, 780], [1344, 798]]",,"[[1554, 54], [648, 540]]",,0.5372274571708757,0.7090956894864046
395,5,2,6.5750000000000455,,13518,"[954, 270]",False,Right,True,1.0,False,medium,False,"[[858, 54], [840, 108], [1146, 252], [912, 432], [930, 450], [894, 486], [1074, 540], [1056, 558], [1020, 720], [1344, 720], [840, 756], [1164, 774], [1344, 792]]",,"[[1554, 48], [648, 534]]",,0.9723624478022268,0.42666732663332874
396,5,2,6.5919999999999845,,13518,"[954, 270]",False,Right,True,1.0,False,medium,False,"[[858, 48], [840, 102], [1146, 246], [912, 426], [930, 444], [894, 480], [1074, 534], [1056, 552], [1020, 714], [1344, 714], [840, 750], [1164, 768], [1344, 786]]",,"[[1554, 42], [648, 528]]",,0.9723624478022268,0.42666732663332874
397,5,2,6.608000000000061,,13518,"[954, 270]",False,Right,True,1.0,False,medium,False,"[[858, 42], [840, 96], [1146, 240], [912, 420], [930, 438], [894, 474], [1074, 528], [1056, 546], [1020, 708], [1344, 708], [840, 744], [1164, 762], [1344, 780]]",,"[[1554, 36], [648, 522]]",,0.9723624478022268,0.42666732663332874
398,5,2,6.625,,13518,"[954, 270]",False,Right,True,1.0,False,medium,False,"[[858, 36], [840, 90], [1146, 234], [912, 414], [930, 432], [894, 468], [1074, 522], [1056, 540], [1020, 702], [1344, 702], [840, 738], [1164, 756], [1344, 774]]",,"[[1554, 30], [648, 516]]",,0.5393669365445983,0.690175251863419
399,5,2,6.641000000000076,,13518,"[954, 270]",False,Right,True,1.0,False,medium,False,"[[858, 30], [840, 84], [1146, 228], [912, 408], [930, 426], [894, 462], [1074, 516], [1056, 534], [1020, 696], [1344, 696], [840, 732], [1164, 750], [1344, 768]]",,"[[1554, 24], [648, 510]]",,0.5329783700596561,0.6448599058992601
400,5,2,6.658999999999992,,13518,"[954, 270]",False,Right,True,1.0,False,medium,False,"[[858, 24], [840, 78], [1146, 222], [912, 402], [930, 420], [894, 456], [1074, 510], [1056, 528], [1020, 690], [1344, 690], [840, 726], [1164, 744], [1344, 762]]",,"[[1554, 18], [648, 504]]",,0.8400841689454654,0.8946915778052702
401,5,2,6.677000000000021,,13518,"[954, 270]",False,Right,True,1.0,False,medium,False,"[[858, 18], [840, 72], [1146, 216], [912, 396], [930, 414], [894, 450], [1074, 504], [1056, 522], [1020, 684], [1344, 684], [840, 720], [1164, 738], [1344, 756]]",,"[[1554, 12], [648, 498]]",,0.8961467205868576,0.8156100512772559
402,5,2,6.692999999999984,,13518,"[954, 270]",False,Right,True,1.0,False,medium,False,"[[858, 12], [840, 66], [1146, 210], [912, 390], [930, 408], [894, 444], [1074, 498], [1056, 516], [1020, 678], [1344, 678], [840, 714], [1164, 732], [1344, 750]]",,"[[1554, 6], [648, 492]]",,0.8961467205868576,0.8156100512772559
403,5,2,6.70900000000006,,13518,"[954, 270]",False,Right,True,0.0,False,medium,False,"[[858, 6], [840, 60], [1146, 204], [912, 384], [930, 402], [894, 438], [1074, 492], [1056, 510], [1020, 672], [1344, 672], [840, 708], [1164, 726], [1344, 744]]",,"[[1554, 0], [648, 486], [1554, 810]]",,0.5319642182113276,0.6321765146849172
404,5,2,6.724000000000046,,13518,"[954, 270]",False,Right,True,0.0,False,medium,False,"[[858, 0], [840, 54], [1146, 198], [912, 378], [930, 396], [894, 432], [1074, 486], [1056, 504], [1020, 666], [1344, 666], [840, 702], [1164, 720], [1344, 738], [984, 810]]",,"[[642, 480], [1548, 804]]",,0.8922341269641134,0.827603579917691
405,5,2,6.7420000000000755,,13518,"[954, 270]",False,Right,True,0.0,False,medium,False,"[[834, 48], [1140, 192], [906, 372], [924, 390], [888, 426], [1068, 480], [1050, 498], [1014, 660], [1338, 660], [834, 696], [1158, 714], [1338, 732], [978, 804]]",,"[[636, 474], [1542, 798]]",,0.5345106058699063,0.642455038257434
406,5,2,6.758000000000038,,13518,"[954, 270]",False,Right,True,0.0,False,medium,False,"[[828, 42], [1134, 186], [900, 366], [918, 384], [882, 420], [1062, 474], [1044, 492], [1008, 654], [1332, 654], [828, 690], [1152, 708], [1332, 726], [972, 798]]",,"[[630, 468], [1536, 792]]",,0.5345106058699063,0.642455038257434
407,5,2,6.776000000000067,,13518,"[954, 270]",False,Right,True,0.0,False,medium,False,"[[822, 36], [1128, 180], [894, 360], [912, 378], [876, 414], [1056, 468], [1038, 486], [1002, 648], [1326, 648], [822, 684], [1146, 702], [1326, 720], [966, 792]]",,"[[624, 462], [1530, 786]]",,0.8885650219882943,0.8316708095017846
408,5,2,6.791000000000054,,13518,"[954, 270]",False,Right,True,0.0,False,medium,False,"[[816, 30], [1122, 174], [888, 354], [906, 372], [870, 408], [1050, 462], [1032, 480], [996, 642], [1320, 642], [816, 678], [1140, 696], [1320, 714], [960, 786]]",,"[[618, 456], [1524, 780]]",,0.5336861546849674,0.6552180888684889
409,5,2,6.80600000000004,,13518,"[954, 270]",False,Right,True,0.0,False,medium,False,"[[810, 24], [1116, 168], [882, 348], [900, 366], [864, 402], [1044, 456], [1026, 474], [990, 636], [1314, 636], [810, 672], [1134, 690], [1314, 708], [954, 780]]",,"[[612, 450], [1518, 774]]",,0.5338863817866841,0.6592523388020775
410,5,2,6.8250000000000455,,13518,"[954, 270]",False,Right,True,0.0,False,medium,False,"[[804, 18], [1110, 162], [876, 342], [894, 360], [858, 396], [1038, 450], [1020, 468], [984, 630], [1308, 630], [804, 666], [1128, 684], [1308, 702], [948, 774]]",,"[[606, 444], [1512, 768]]",,0.8827554311138627,0.831867634606402
411,5,2,6.843000000000075,,13518,"[954, 270]",False,Right,True,0.0,False,medium,False,"[[798, 12], [1104, 156], [870, 336], [888, 354], [852, 390], [1032, 444], [1014, 462], [978, 624], [1302, 624], [798, 660], [1122, 678], [1302, 696], [942, 768]]",,"[[600, 438], [1506, 762]]",,0.844973001876362,0.9380967522654331
412,5,2,6.858000000000061,,13518,"[954, 270]",False,Right,True,0.0,False,medium,False,"[[792, 6], [1098, 150], [864, 330], [882, 348], [846, 384], [1026, 438], [1008, 456], [972, 618], [1296, 618], [792, 654], [1116, 672], [1296, 690], [936, 762]]",,"[[594, 432], [1500, 756]]",,0.844973001876362,0.9380967522654331
413,5,2,6.875,,13518,"[954, 270]",False,Right,True,0.0,False,medium,False,"[[786, 0], [1092, 144], [858, 324], [876, 342], [840, 378], [1020, 432], [1002, 450], [966, 612], [1290, 612], [786, 648], [1110, 666], [1290, 684], [930, 756]]",,"[[588, 426], [1494, 750]]",,0.8452217067209864,0.9377383773226858
414,5,2,6.892000000000053,,13518,"[954, 270]",False,Right,True,0.0,False,medium,False,"[[1086, 138], [852, 318], [870, 336], [834, 372], [1014, 426], [996, 444], [960, 606], [1284, 606], [780, 642], [1104, 660], [1284, 678], [924, 750]]",,"[[582, 420], [1488, 744]]",,0.8676800507977959,0.8254988629615634
415,5,2,6.909999999999968,,13518,"[954, 270]",False,Right,True,0.0,False,medium,False,"[[1080, 132], [846, 312], [864, 330], [828, 366], [1008, 420], [990, 438], [954, 600], [1278, 600], [774, 636], [1098, 654], [1278, 672], [918, 744]]",,"[[576, 414], [1482, 738]]",,0.9721886849561564,0.4268912625925224
416,5,2,6.925000000000068,,13518,"[954, 270]",False,Right,True,0.0,False,medium,False,"[[1074, 126], [840, 306], [858, 324], [822, 360], [1002, 414], [984, 432], [948, 594], [1272, 594], [768, 630], [1092, 648], [1272, 666], [912, 738]]",,"[[570, 408], [1476, 732]]",,0.9721886849561564,0.4268912625925224
417,5,2,6.942999999999984,,13518,"[954, 270]",False,Right,True,0.0,False,medium,False,"[[1068, 120], [834, 300], [852, 318], [816, 354], [996, 408], [978, 426], [942, 588], [1266, 588], [762, 624], [1086, 642], [1266, 660], [906, 732]]",,"[[564, 402], [1470, 726]]",,0.5369364337743716,0.655660864351753
418,5,2,6.95799999999997,,13518,"[954, 270]",False,Right,True,0.0,False,medium,False,"[[1062, 114], [828, 294], [846, 312], [810, 348], [990, 402], [972, 420], [936, 582], [1260, 582], [756, 618], [1080, 636], [1260, 654], [900, 726]]",,"[[558, 396], [1464, 720]]",,0.5369364337743716,0.655660864351753
419,5,2,6.975000000000023,,13518,"[954, 270]",False,Right,True,0.0,False,medium,False,"[[1056, 108], [822, 288], [840, 306], [804, 342], [984, 396], [966, 414], [930, 576], [1254, 576], [750, 612], [1074, 630], [1254, 648], [894, 720]]",,"[[552, 390], [1458, 714]]",,0.5285518056310539,0.6420050909187491
420,5,2,6.9920000000000755,,13518,"[954, 270]",False,Right,True,0.0,False,medium,False,"[[1050, 102], [816, 282], [834, 300], [798, 336], [978, 390], [960, 408], [924, 570], [1248, 570], [744, 606], [1068, 624], [1248, 642], [888, 714]]",,"[[546, 384], [1452, 708]]",,0.8415574220439845,1.0177338664685622
421,5,2,7.009999999999991,,13518,"[954, 270]",False,Right,True,0.0,False,medium,False,"[[1044, 96], [810, 276], [828, 294], [792, 330], [972, 384], [954, 402], [918, 564], [1242, 564], [738, 600], [1062, 618], [1242, 636], [882, 708]]",,"[[540, 378], [1446, 702]]",,0.9721886849561564,0.4268912625925224
422,5,2,7.02800000000002,,13518,"[954, 270]",False,Right,True,0.0,False,medium,False,"[[1038, 90], [804, 270], [822, 288], [786, 324], [966, 378], [948, 396], [912, 558], [1236, 558], [732, 594], [1056, 612], [1236, 630], [876, 702]]",,"[[534, 372], [1440, 696]]",,0.9721886849561564,0.4268912625925224
423,5,2,7.046000000000049,,13518,"[954, 270]",False,Right,True,0.0,False,medium,False,"[[1032, 84], [798, 264], [816, 282], [780, 318], [960, 372], [942, 390], [906, 552], [1230, 552], [726, 588], [1050, 606], [1230, 624], [870, 696]]",,"[[528, 366], [1434, 690]]",,0.5176727901270558,0.6950402178254897
424,5,2,7.064000000000078,,13518,"[954, 270]",False,Right,True,0.0,False,medium,False,"[[1026, 78], [792, 258], [810, 276], [774, 312], [954, 366], [936, 384], [900, 546], [1224, 546], [720, 582], [1044, 600], [1224, 618], [864, 690]]",,"[[522, 360], [1428, 684]]",,0.5176727901270558,0.6950402178254897
425,5,2,7.079000000000065,,13518,"[954, 270]",False,Right,True,0.0,False,medium,False,"[[1020, 72], [786, 252], [804, 270], [768, 306], [948, 360], [930, 378], [894, 540], [1218, 540], [714, 576], [1038, 594], [1218, 612], [858, 684]]",,"[[516, 354], [1422, 678]]",,0.9721886849561564,0.4268912625925224
426,5,2,7.095000000000027,,13518,"[954, 270]",False,Right,True,0.0,False,medium,False,"[[1014, 66], [780, 246], [798, 264], [762, 300], [942, 354], [924, 372], [888, 534], [1212, 534], [708, 570], [1032, 588], [1212, 606], [852, 678]]",,"[[510, 348], [1416, 672]]",,0.9721886849561564,0.4268912625925224
427,5,2,7.114000000000033,,13518,"[954, 270]",False,Right,True,0.0,False,medium,False,"[[1008, 60], [774, 240], [792, 258], [756, 294], [936, 348], [918, 366], [882, 528], [1206, 528], [702, 564], [1026, 582], [1206, 600], [846, 672]]",,"[[504, 342], [1410, 666]]",,0.5145766894461878,0.6985838877193891
428,5,2,7.129000000000019,,13518,"[954, 270]",False,Right,True,0.0,False,medium,False,"[[1002, 54], [768, 234], [786, 252], [750, 288], [930, 342], [912, 360], [876, 522], [1200, 522], [696, 558], [1020, 576], [1200, 594], [840, 666]]",,"[[498, 336], [1404, 660]]",,0.5145766894461878,0.6985838877193891
429,5,2,7.147000000000048,,13518,"[954, 270]",False,Right,True,0.0,False,medium,False,"[[996, 48], [762, 228], [780, 246], [744, 282], [924, 336], [906, 354], [870, 516], [1194, 516], [690, 552], [1014, 570], [1194, 588], [834, 660]]",,"[[492, 330], [1398, 654]]",,0.5082749892914535,0.6977221817211527
430,5,2,7.165000000000077,,13518,"[954, 270]",False,Right,True,0.0,False,medium,False,"[[990, 42], [756, 222], [774, 240], [738, 276], [918, 330], [900, 348], [864, 510], [1188, 510], [684, 546], [1008, 564], [1188, 582], [828, 654]]",,"[[486, 324], [1392, 648]]",,0.5076603625924915,0.6969954760369732
431,5,2,7.182999999999993,,13518,"[954, 270]",False,Right,True,0.0,False,medium,False,"[[984, 36], [750, 216], [768, 234], [732, 270], [912, 324], [894, 342], [858, 504], [1182, 504], [678, 540], [1002, 558], [1182, 576], [822, 648]]",,"[[480, 318], [1386, 642]]",,0.8282744711626402,0.9578382599944889
432,5,2,7.199000000000069,,13518,"[954, 270]",False,Right,True,0.0,False,medium,False,"[[978, 30], [744, 210], [762, 228], [726, 264], [906, 318], [888, 336], [852, 498], [1176, 498], [672, 534], [996, 552], [1176, 570], [816, 642]]",,"[[474, 312], [1380, 636]]",,0.8282744711626402,0.9578382599944889
433,5,2,7.215000000000032,,13518,"[954, 270]",False,Right,True,-1.0,False,medium,False,"[[972, 24], [738, 204], [756, 222], [720, 258], [900, 312], [882, 330], [846, 492], [1170, 492], [666, 528], [990, 546], [1170, 564], [810, 636]]",,"[[468, 306], [1374, 630]]",,0.8360365140227222,0.9382634743516309
434,5,2,7.231999999999971,,13518,"[954, 270]",False,Right,True,-1.0,False,medium,False,"[[966, 18], [732, 198], [750, 216], [714, 252], [894, 306], [876, 324], [840, 486], [1164, 486], [660, 522], [984, 540], [1164, 558], [804, 630], [1092, 810]]",,"[[456, 300], [1362, 624]]",,0.8360365140227222,0.9382634743516309
435,5,2,7.248000000000047,,13518,"[954, 270]",False,Right,True,-1.0,False,medium,False,"[[954, 12], [720, 192], [738, 210], [702, 246], [882, 300], [864, 318], [828, 480], [1152, 480], [648, 516], [972, 534], [1152, 552], [792, 624], [1080, 804]]",,"[[444, 294], [1350, 618]]",,0.9721886849561564,0.4268912625925224
436,5,2,7.264999999999986,,13518,"[954, 270]",False,Right,True,-1.0,False,medium,False,"[[942, 6], [708, 186], [726, 204], [690, 240], [870, 294], [852, 312], [816, 474], [1140, 474], [636, 510], [960, 528], [1140, 546], [780, 618], [1068, 798]]",,"[[432, 288], [1338, 612]]",,0.9721886849561564,0.4268912625925224
437,5,2,7.279999999999973,,13518,"[954, 270]",False,Right,True,-1.0,False,medium,False,"[[930, 0], [696, 180], [714, 198], [678, 234], [858, 288], [840, 306], [804, 468], [1128, 468], [624, 504], [948, 522], [1128, 540], [768, 612], [1056, 792]]",,"[[420, 282], [1326, 606]]",,0.5315397735668743,0.6649274477369419
438,5,2,7.298000000000002,,13518,"[954, 270]",False,Right,True,-1.0,False,medium,False,"[[684, 174], [702, 192], [666, 228], [846, 282], [828, 300], [792, 462], [1116, 462], [612, 498], [936, 516], [1116, 534], [756, 606], [1044, 786]]",,"[[408, 276], [1314, 600]]",,0.5315397735668743,0.6649274477369419
439,5,2,7.316000000000031,,13518,"[954, 270]",False,Right,True,-1.0,False,medium,False,"[[672, 168], [690, 186], [654, 222], [834, 276], [816, 294], [780, 456], [1104, 456], [600, 492], [924, 510], [1104, 528], [744, 600], [1032, 780]]",,"[[396, 270], [1302, 594]]",,0.5355862589051352,0.6611105707056698
440,5,2,7.33400000000006,,13518,"[954, 270]",False,Right,True,-1.0,False,medium,False,"[[660, 162], [678, 180], [642, 216], [822, 270], [804, 288], [768, 450], [1092, 450], [588, 486], [912, 504], [1092, 522], [732, 594], [1020, 774]]",,"[[384, 264], [1290, 588]]",,0.5355862589051352,0.6611105707056698
441,5,2,7.351999999999975,,13518,"[954, 270]",False,Right,True,-1.0,False,medium,False,"[[648, 156], [666, 174], [630, 210], [810, 264], [792, 282], [756, 444], [1080, 444], [576, 480], [900, 498], [1080, 516], [720, 588], [1008, 768]]",,"[[372, 258], [1278, 582]]",,0.8409700966959329,0.9446873575818143
442,5,2,7.369000000000028,,13518,"[954, 270]",False,,True,-1.0,False,medium,False,"[[636, 150], [654, 168], [618, 204], [798, 258], [780, 276], [744, 438], [1068, 438], [564, 474], [888, 492], [1068, 510], [708, 582], [996, 762]]",,"[[366, 252], [1272, 576]]",,0.8409700966959329,0.9446873575818143
443,5,2,7.384999999999991,,13518,"[954, 270]",False,,True,-1.0,False,medium,False,"[[630, 144], [648, 162], [612, 198], [792, 252], [774, 270], [738, 432], [1062, 432], [558, 468], [882, 486], [1062, 504], [702, 576], [990, 756], [486, 810]]",,"[[360, 246], [1266, 570]]",,0.9721886849561564,0.4268912625925224
444,5,2,7.401000000000067,,13518,"[954, 270]",False,,True,-1.0,False,medium,False,"[[624, 138], [642, 156], [606, 192], [786, 246], [768, 264], [732, 426], [1056, 426], [552, 462], [876, 480], [1056, 498], [696, 570], [984, 750], [480, 804]]",,"[[354, 240], [1260, 564]]",,0.9721886849561564,0.4268912625925224
445,5,2,7.41700000000003,,13518,"[954, 270]",False,,True,-1.0,False,medium,False,"[[618, 132], [636, 150], [600, 186], [780, 240], [762, 258], [726, 420], [1050, 420], [546, 456], [870, 474], [1050, 492], [690, 564], [978, 744], [474, 798]]",,"[[348, 234], [1254, 558]]",,0.5273046584251176,0.664508262722163
446,5,2,7.435000000000059,,13518,"[954, 270]",False,Left,True,-1.0,False,medium,False,"[[612, 126], [630, 144], [594, 180], [774, 234], [756, 252], [720, 414], [1044, 414], [540, 450], [864, 468], [1044, 486], [684, 558], [972, 738], [468, 792]]",,"[[348, 228], [1254, 552]]",,0.5273046584251176,0.664508262722163
447,5,2,7.451000000000022,,13518,"[954, 270]",False,Left,True,-1.0,False,medium,False,"[[612, 120], [630, 138], [594, 174], [774, 228], [756, 246], [720, 408], [1044, 408], [540, 444], [864, 462], [1044, 480], [684, 552], [972, 732], [468, 786]]",,"[[348, 222], [1254, 546]]",,0.5218565488094439,0.670666423626602
448,5,2,7.4669999999999845,,13518,"[954, 270]",False,Left,True,-1.0,False,medium,False,"[[612, 114], [630, 132], [594, 168], [774, 222], [756, 240], [720, 402], [1044, 402], [540, 438], [864, 456], [1044, 474], [684, 546], [972, 726], [468, 780]]",,"[[348, 216], [1254, 540]]",,0.5218565488094439,0.670666423626602
449,5,2,7.485000000000014,,13518,"[954, 270]",False,Left,True,-1.0,False,medium,False,"[[612, 108], [630, 126], [594, 162], [774, 216], [756, 234], [720, 396], [1044, 396], [540, 432], [864, 450], [1044, 468], [684, 540], [972, 720], [468, 774]]",,"[[348, 210], [1254, 534]]",,0.9721886849561564,0.4268912625925224
450,5,2,7.502000000000066,,13518,"[954, 270]",False,Left,True,-1.0,False,medium,False,"[[612, 102], [630, 120], [594, 156], [774, 210], [756, 228], [720, 390], [1044, 390], [540, 426], [864, 444], [1044, 462], [684, 534], [972, 714], [468, 768]]",,"[[348, 204], [1254, 528]]",,0.9721886849561564,0.4268912625925224
451,5,2,7.518000000000029,,13518,"[954, 270]",False,Left,True,-1.0,False,medium,False,"[[612, 96], [630, 114], [594, 150], [774, 204], [756, 222], [720, 384], [1044, 384], [540, 420], [864, 438], [1044, 456], [684, 528], [972, 708], [468, 762]]",,"[[348, 198], [1254, 522]]",,0.5195498018958432,0.6802596836896517
452,5,2,7.533999999999992,,13518,"[954, 270]",False,Left,True,-1.0,False,medium,False,"[[612, 90], [630, 108], [594, 144], [774, 198], [756, 216], [720, 378], [1044, 378], [540, 414], [864, 432], [1044, 450], [684, 522], [972, 702], [468, 756]]",,"[[348, 192], [1254, 516]]",,0.5195498018958432,0.6802596836896517
453,5,2,7.551000000000045,,13518,"[954, 270]",False,Left,True,-1.0,False,medium,False,"[[612, 84], [630, 102], [594, 138], [774, 192], [756, 210], [720, 372], [1044, 372], [540, 408], [864, 426], [1044, 444], [684, 516], [972, 696], [468, 750]]",,"[[348, 186], [1254, 510]]",,0.9721886849561564,0.4268912625925224
454,5,2,7.567999999999984,,13518,"[954, 270]",False,Left,True,-1.0,False,medium,False,"[[612, 78], [630, 96], [594, 132], [774, 186], [756, 204], [720, 366], [1044, 366], [540, 402], [864, 420], [1044, 438], [684, 510], [972, 690], [468, 744]]",,"[[348, 180], [1254, 504]]",,0.9721886849561564,0.4268912625925224
455,5,2,7.58400000000006,,13518,"[954, 270]",False,Left,True,-1.0,False,medium,False,"[[612, 72], [630, 90], [594, 126], [774, 180], [756, 198], [720, 360], [1044, 360], [540, 396], [864, 414], [1044, 432], [684, 504], [972, 684], [468, 738]]",,"[[348, 174], [1254, 498]]",,0.9721886849561564,0.4268912625925224
456,5,2,7.600999999999999,,13518,"[954, 270]",False,Left,True,-1.0,False,medium,False,"[[612, 66], [630, 84], [594, 120], [774, 174], [756, 192], [720, 354], [1044, 354], [540, 390], [864, 408], [1044, 426], [684, 498], [972, 678], [468, 732]]",,"[[348, 168], [1254, 492]]",,0.9721886849561564,0.4268912625925224
457,5,2,7.618000000000052,,13518,"[954, 270]",False,Left,True,-1.0,False,medium,False,"[[612, 60], [630, 78], [594, 114], [774, 168], [756, 186], [720, 348], [1044, 348], [540, 384], [864, 402], [1044, 420], [684, 492], [972, 672], [468, 726]]",,"[[348, 162], [1254, 486]]",,0.9721886849561564,0.4268912625925224
458,5,2,7.6340000000000146,,13518,"[954, 270]",False,Left,True,-1.0,False,medium,False,"[[612, 54], [630, 72], [594, 108], [774, 162], [756, 180], [720, 342], [1044, 342], [540, 378], [864, 396], [1044, 414], [684, 486], [972, 666], [468, 720]]",,"[[348, 156], [1254, 480]]",,0.5154817293068062,0.6870162608671644
459,5,2,7.651000000000067,,13518,"[954, 270]",False,Left,True,-1.0,False,medium,False,"[[612, 48], [630, 66], [594, 102], [774, 156], [756, 174], [720, 336], [1044, 336], [540, 372], [864, 390], [1044, 408], [684, 480], [972, 660], [468, 714]]",,"[[348, 150], [1254, 474]]",,0.8359174320130226,0.796032775450446
460,5,2,7.668000000000006,,13518,"[954, 270]",False,Left,True,-1.0,False,medium,False,"[[612, 42], [630, 60], [594, 96], [774, 150], [756, 168], [720, 330], [1044, 330], [540, 366], [864, 384], [1044, 402], [684, 474], [972, 654], [468, 708]]",,"[[348, 144], [1254, 468]]",,0.8359174320130226,0.796032775450446
461,5,2,7.685000000000059,,13518,"[954, 270]",False,Left,True,-1.0,False,medium,False,"[[612, 36], [630, 54], [594, 90], [774, 144], [756, 162], [720, 324], [1044, 324], [540, 360], [864, 378], [1044, 396], [684, 468], [972, 648], [468, 702]]",,"[[348, 138], [1254, 462]]",,0.8410923615901703,0.9282884344141847
462,5,2,7.701999999999998,,13518,"[954, 270]",False,Left,True,-1.0,False,medium,False,"[[612, 30], [630, 48], [594, 84], [774, 138], [756, 156], [720, 318], [1044, 318], [540, 354], [864, 372], [1044, 390], [684, 462], [972, 642], [468, 696]]",,"[[348, 132], [1254, 456]]",,0.8410923615901703,0.9282884344141847
463,5,2,7.718000000000075,,13518,"[954, 270]",False,Left,True,-1.0,False,medium,False,"[[612, 24], [630, 42], [594, 78], [774, 132], [756, 150], [720, 312], [1044, 312], [540, 348], [864, 366], [1044, 384], [684, 456], [972, 636], [468, 690]]",,"[[348, 126], [1254, 450]]",,0.5375113497114847,0.65897609024174
464,5,2,7.734000000000037,,13518,"[954, 270]",False,Left,True,-1.0,False,medium,False,"[[612, 18], [630, 36], [594, 72], [774, 126], [756, 144], [720, 306], [1044, 306], [540, 342], [864, 360], [1044, 378], [684, 450], [972, 630], [468, 684]]",,"[[348, 120], [1254, 444]]",,0.5375113497114847,0.65897609024174
465,5,2,7.752000000000066,,13518,"[954, 270]",False,Left,True,-1.0,False,medium,False,"[[612, 12], [630, 30], [594, 66], [774, 120], [756, 138], [720, 300], [1044, 300], [540, 336], [864, 354], [1044, 372], [684, 444], [972, 624], [468, 678]]",,"[[348, 114], [1254, 438]]",,0.8437050301576567,0.9318024923425653
466,5,2,7.768000000000029,,13518,"[954, 270]",False,Left,True,-1.0,False,medium,False,"[[612, 6], [630, 24], [594, 60], [774, 114], [756, 132], [720, 294], [1044, 294], [540, 330], [864, 348], [1044, 366], [684, 438], [972, 618], [468, 672]]",,"[[348, 108], [1254, 432]]",,0.8437050301576567,0.9318024923425653
467,5,2,7.783999999999992,,13518,"[954, 270]",False,Left,True,-1.0,False,medium,False,"[[612, 0], [630, 18], [594, 54], [774, 108], [756, 126], [720, 288], [1044, 288], [540, 324], [864, 342], [1044, 360], [684, 432], [972, 612], [468, 666]]",,"[[348, 102], [1254, 426]]",,0.9722161677263605,0.42685777863091745
468,5,2,7.801000000000045,,13518,"[954, 270]",False,Left,True,-1.0,False,medium,False,"[[630, 12], [594, 48], [774, 102], [756, 120], [720, 282], [1044, 282], [540, 318], [864, 336], [1044, 354], [684, 426], [972, 606], [468, 660]]",,"[[348, 96], [1254, 420]]",,0.5341648152752584,0.6537273412644613
469,5,2,7.817000000000007,,13518,"[954, 270]",False,Left,True,-1.0,False,medium,False,"[[630, 6], [594, 42], [774, 96], [756, 114], [720, 276], [1044, 276], [540, 312], [864, 330], [1044, 348], [684, 420], [972, 600], [468, 654]]",,"[[348, 90], [1254, 414]]",,0.9722161677263605,0.42685777863091745
470,5,2,7.83299999999997,,13518,"[954, 270]",False,Left,True,-1.0,False,medium,False,"[[630, 0], [594, 36], [774, 90], [756, 108], [720, 270], [1044, 270], [540, 306], [864, 324], [1044, 342], [684, 414], [972, 594], [468, 648]]",,"[[348, 84], [1254, 408]]",,0.9722161677263605,0.42685777863091745
471,5,2,7.850999999999999,,13518,"[954, 270]",False,Left,True,-1.0,False,medium,False,"[[594, 30], [774, 84], [756, 102], [720, 264], [1044, 264], [540, 300], [864, 318], [1044, 336], [684, 408], [972, 588], [468, 642]]",,"[[348, 78], [1254, 402]]",,0.5214595813398853,0.6573561823446774
472,5,2,7.868000000000052,,13518,"[954, 270]",False,Left,True,-1.0,False,medium,False,"[[594, 24], [774, 78], [756, 96], [720, 258], [1044, 258], [540, 294], [864, 312], [1044, 330], [684, 402], [972, 582], [468, 636]]",,"[[348, 72], [1254, 396]]",,0.5214595813398853,0.6573561823446774
473,5,2,7.8840000000000146,,13518,"[954, 270]",False,Left,True,-1.0,False,medium,False,"[[594, 18], [774, 72], [756, 90], [720, 252], [1044, 252], [540, 288], [864, 306], [1044, 324], [684, 396], [972, 576], [468, 630]]",,"[[348, 66], [1254, 390]]",,0.852163963125598,0.9302957919098902
474,5,2,7.899999999999977,,13518,"[954, 270]",False,Left,True,-1.0,False,medium,False,"[[594, 12], [774, 66], [756, 84], [720, 246], [1044, 246], [540, 282], [864, 300], [1044, 318], [684, 390], [972, 570], [468, 624]]",,"[[348, 60], [1254, 384]]",,0.8523719905057433,0.9313951713316686
475,5,2,7.91700000000003,,13518,"[954, 270]",False,Left,True,-1.0,False,medium,False,"[[594, 6], [774, 60], [756, 78], [720, 240], [1044, 240], [540, 276], [864, 294], [1044, 312], [684, 384], [972, 564], [468, 618]]",,"[[348, 54], [1254, 378]]",,0.9722161677263605,0.42685777863091745
476,5,2,7.933999999999969,,13518,"[954, 270]",False,Left,True,-1.0,False,medium,False,"[[594, 0], [774, 54], [756, 72], [720, 234], [1044, 234], [540, 270], [864, 288], [1044, 306], [684, 378], [972, 558], [468, 612]]",,"[[348, 48], [1254, 372]]",,0.9722161677263605,0.42685777863091745
477,5,2,7.951000000000022,,13518,"[954, 270]",False,Left,True,-1.0,False,medium,False,"[[774, 48], [756, 66], [720, 228], [1044, 228], [540, 264], [864, 282], [1044, 300], [684, 372], [972, 552], [468, 606]]",,"[[348, 42], [1254, 366]]",,0.5118608669007846,0.6862409201887445
478,5,2,7.968000000000075,,13518,"[954, 270]",False,Left,True,-1.0,False,medium,False,"[[774, 42], [756, 60], [720, 222], [1044, 222], [540, 258], [864, 276], [1044, 294], [684, 366], [972, 546], [468, 600]]",,"[[348, 36], [1254, 360]]",,0.5118608669007846,0.6862409201887445
479,5,2,7.98599999999999,,13518,"[954, 270]",False,Left,True,-1.0,False,medium,False,"[[774, 36], [756, 54], [720, 216], [1044, 216], [540, 252], [864, 270], [1044, 288], [684, 360], [972, 540], [468, 594]]",,"[[348, 30], [1254, 354]]",,0.9722161677263605,0.42685777863091745
480,5,2,8.003000000000043,,13518,"[954, 270]",False,Left,True,-1.0,False,medium,False,"[[774, 30], [756, 48], [720, 210], [1044, 210], [540, 246], [864, 264], [1044, 282], [684, 354], [972, 534], [468, 588]]",,"[[348, 24], [1254, 348]]",,0.9722161677263605,0.42685777863091745
481,5,2,8.021000000000072,,13518,"[954, 270]",False,Left,True,-1.0,False,medium,False,"[[774, 24], [756, 42], [720, 204], [1044, 204], [540, 240], [864, 258], [1044, 276], [684, 348], [972, 528], [468, 582]]",,"[[348, 18], [1254, 342]]",,0.5054639547618323,0.6943462794082855
482,5,2,8.040000000000077,,13518,"[954, 270]",False,Left,True,-1.0,False,medium,False,"[[774, 18], [756, 36], [720, 198], [1044, 198], [540, 234], [864, 252], [1044, 270], [684, 342], [972, 522], [468, 576]]",,"[[348, 12], [1254, 336]]",,0.5054639547618323,0.6943462794082855
483,5,2,8.057000000000016,,13518,"[954, 270]",False,Left,True,-1.0,False,medium,False,"[[774, 12], [756, 30], [720, 192], [1044, 192], [540, 228], [864, 246], [1044, 264], [684, 336], [972, 516], [468, 570]]",,"[[348, 6], [1254, 330]]",,0.9722161677263605,0.42685777863091745
484,5,2,8.072000000000003,,13518,"[954, 270]",False,Left,True,0.0,False,medium,False,"[[774, 6], [756, 24], [720, 186], [1044, 186], [540, 222], [864, 240], [1044, 258], [684, 330], [972, 510], [468, 564]]",,"[[348, 0], [1254, 324]]",,0.9722161677263605,0.42685777863091745
485,5,2,8.08800000000008,,13518,"[954, 270]",False,Left,True,0.0,False,medium,False,"[[774, 0], [756, 18], [720, 180], [1044, 180], [540, 216], [864, 234], [1044, 252], [684, 324], [972, 504], [468, 558]]",,"[[1260, 318]]",,0.5150440887267271,0.6981916219969163
486,5,2,8.105000000000018,,13518,"[954, 270]",False,Left,True,0.0,False,medium,False,"[[762, 12], [726, 174], [1050, 174], [546, 210], [870, 228], [1050, 246], [690, 318], [978, 498], [474, 552]]",,"[[1266, 312]]",,0.5150440887267271,0.6981916219969163
487,5,2,8.124000000000024,,13518,"[954, 270]",False,Left,True,1.0,False,medium,False,"[[768, 6], [732, 168], [1056, 168], [552, 204], [876, 222], [1056, 240], [696, 312], [984, 492], [480, 546]]",,"[[1272, 306]]",,0.8582654885707115,0.9560240895600186
488,5,2,8.141000000000076,,13518,"[954, 270]",False,Left,True,1.0,False,medium,False,"[[774, 0], [738, 162], [1062, 162], [558, 198], [882, 216], [1062, 234], [702, 306], [990, 486], [486, 540]]",,"[[1284, 300]]",,0.8582654885707115,0.9560240895600186
489,5,2,8.158999999999992,,13518,"[954, 270]",False,Left,True,1.0,False,medium,False,"[[750, 156], [1074, 156], [570, 192], [894, 210], [1074, 228], [714, 300], [1002, 480], [498, 534]]",,"[[1296, 294]]",,0.9722161677263605,0.42685777863091745
490,5,2,8.177999999999997,,13518,"[954, 270]",False,Left,True,1.0,False,medium,False,"[[762, 150], [1086, 150], [582, 186], [906, 204], [1086, 222], [726, 294], [1014, 474], [510, 528]]",,"[[1308, 288]]",,0.9722161677263605,0.42685777863091745
491,5,2,8.196000000000026,,13518,"[954, 270]",False,Left,True,1.0,False,medium,False,"[[774, 144], [1098, 144], [594, 180], [918, 198], [1098, 216], [738, 288], [1026, 468], [522, 522]]",,"[[1320, 282]]",,0.9722161677263605,0.42685777863091745
492,5,2,8.21300000000008,,13518,"[954, 270]",False,Left,True,1.0,False,medium,False,"[[786, 138], [1110, 138], [606, 174], [930, 192], [1110, 210], [750, 282], [1038, 462], [534, 516]]",,"[[1332, 276]]",,0.9722161677263605,0.42685777863091745
493,5,2,8.230000000000018,,13518,"[954, 270]",False,Left,True,1.0,False,medium,False,"[[798, 132], [1122, 132], [618, 168], [942, 186], [1122, 204], [762, 276], [1050, 456], [546, 510]]",,"[[1344, 270]]",,0.5074594071776249,0.7124899118733945
494,5,2,8.245999999999981,,13518,"[954, 270]",False,Left,True,1.0,False,medium,False,"[[810, 126], [1134, 126], [630, 162], [954, 180], [1134, 198], [774, 270], [1062, 450], [558, 504]]",,"[[1356, 264]]",,0.5077422462621135,0.7136289303383887
495,5,2,8.262000000000057,,13518,"[954, 270]",False,Left,True,1.0,False,medium,False,"[[822, 120], [1146, 120], [642, 156], [966, 174], [1146, 192], [786, 264], [1074, 444], [570, 498]]",,"[[1368, 258]]",,0.513014020902532,0.7184483768646748
496,5,2,8.278999999999996,,13518,"[954, 270]",False,Left,True,1.0,False,medium,False,"[[834, 114], [1158, 114], [654, 150], [978, 168], [1158, 186], [798, 258], [1086, 438], [582, 492]]",,"[[1380, 252]]",,0.8620942917149783,0.9322057260616824
497,5,2,8.29600000000005,,13518,"[954, 270]",False,Left,True,1.0,False,medium,False,"[[846, 108], [1170, 108], [666, 144], [990, 162], [1170, 180], [810, 252], [1098, 432], [594, 486]]",,"[[1392, 246]]",,0.9722161677263605,0.42685777863091745
498,5,2,8.312000000000012,,13518,"[954, 270]",False,Left,True,1.0,False,medium,False,"[[858, 102], [1182, 102], [678, 138], [1002, 156], [1182, 174], [822, 246], [1110, 426], [606, 480]]",,"[[1404, 240]]",,0.9722161677263605,0.42685777863091745
499,5,2,8.330000000000041,,13518,"[954, 270]",False,Left,True,1.0,False,medium,False,"[[870, 96], [1194, 96], [690, 132], [1014, 150], [1194, 168], [834, 240], [1122, 420], [618, 474]]",,"[[1416, 234]]",,0.9722161677263605,0.42685777863091745
500,5,2,8.34699999999998,,13518,"[954, 270]",False,Left,True,1.0,False,medium,False,"[[882, 90], [1206, 90], [702, 126], [1026, 144], [1206, 162], [846, 234], [1134, 414], [630, 468]]",,"[[1428, 228]]",,0.5390085776492147,0.6470952368573071
501,5,2,8.364000000000033,,13518,"[954, 270]",False,Left,True,1.0,False,medium,False,"[[894, 84], [1218, 84], [714, 120], [1038, 138], [1218, 156], [858, 228], [1146, 408], [642, 462]]",,"[[1440, 222]]",,0.9722161677263605,0.42685777863091745
502,5,2,8.382000000000062,,13518,"[954, 270]",False,Left,True,1.0,False,medium,False,"[[906, 78], [1230, 78], [726, 114], [1050, 132], [1230, 150], [870, 222], [1158, 402], [654, 456]]",,"[[1452, 216]]",,0.9722161677263605,0.42685777863091745
503,5,2,8.399999999999977,,13518,"[954, 270]",False,Left,True,1.0,False,medium,False,"[[918, 72], [1242, 72], [738, 108], [1062, 126], [1242, 144], [882, 216], [1170, 396], [666, 450]]",,"[[1464, 210]]",,0.8593770852054055,0.9313480806838778
504,5,2,8.42100000000005,,13518,"[954, 270]",False,,True,1.0,False,medium,False,"[[930, 66], [1254, 66], [750, 102], [1074, 120], [1254, 138], [894, 210], [1182, 390], [678, 444]]",,"[[1470, 204]]",,0.8544135747819548,0.9443965226638482
505,5,2,8.436000000000035,,13518,"[954, 270]",False,,True,1.0,False,medium,False,"[[936, 60], [1260, 60], [756, 96], [1080, 114], [1260, 132], [900, 204], [1188, 384], [684, 438]]",,"[[1476, 198]]",,0.8544135747819548,0.9443965226638482
506,5,2,8.454000000000065,,13518,"[954, 270]",False,Right,True,1.0,False,medium,False,"[[942, 54], [1266, 54], [762, 90], [1086, 108], [1266, 126], [906, 198], [1194, 378], [690, 432], [744, 810]]",,"[[1476, 192]]",,0.5251353879088038,0.6712382341221299
507,5,2,8.471000000000004,,13518,"[954, 270]",False,Right,True,1.0,False,medium,False,"[[942, 48], [1266, 48], [762, 84], [1086, 102], [1266, 120], [906, 192], [1194, 372], [690, 426], [744, 804]]",,"[[1476, 186]]",,0.5251353879088038,0.6712382341221299
508,5,2,8.490000000000009,,13518,"[954, 270]",False,Right,True,1.0,False,medium,False,"[[942, 42], [1266, 42], [762, 78], [1086, 96], [1266, 114], [906, 186], [1194, 366], [690, 420], [744, 798]]",,"[[1476, 180]]",,0.8575566122193438,0.8870967792850601
509,5,2,8.507000000000062,,13518,"[954, 270]",False,Right,True,1.0,False,medium,False,"[[942, 36], [1266, 36], [762, 72], [1086, 90], [1266, 108], [906, 180], [1194, 360], [690, 414], [744, 792]]",,"[[1476, 174]]",,0.8575566122193438,0.8870967792850601
510,5,2,8.524999999999977,,13518,"[954, 270]",False,Right,True,1.0,False,medium,False,"[[942, 30], [1266, 30], [762, 66], [1086, 84], [1266, 102], [906, 174], [1194, 354], [690, 408], [744, 786]]",,"[[1476, 168]]",,0.9722161677263605,0.42685777863091745
511,5,2,8.541000000000054,,13518,"[954, 270]",False,Right,True,1.0,False,medium,False,"[[942, 24], [1266, 24], [762, 60], [1086, 78], [1266, 96], [906, 168], [1194, 348], [690, 402], [744, 780]]",,"[[1476, 162]]",,0.9722161677263605,0.42685777863091745
512,5,2,8.558999999999969,,13518,"[954, 270]",False,Right,True,1.0,False,medium,False,"[[942, 18], [1266, 18], [762, 54], [1086, 72], [1266, 90], [906, 162], [1194, 342], [690, 396], [744, 774]]",,"[[1476, 156]]",,0.9722161677263605,0.42685777863091745
513,5,2,8.575000000000045,,13518,"[954, 270]",False,Right,True,1.0,False,medium,False,"[[942, 12], [1266, 12], [762, 48], [1086, 66], [1266, 84], [906, 156], [1194, 336], [690, 390], [744, 768]]",,"[[1476, 150]]",,0.9722161677263605,0.42685777863091745
514,5,2,8.593000000000075,,13518,"[954, 270]",False,Right,True,1.0,False,medium,False,"[[942, 6], [1266, 6], [762, 42], [1086, 60], [1266, 78], [906, 150], [1194, 330], [690, 384], [744, 762]]",,"[[1476, 144]]",,0.5308347701651785,0.7028704180469552
515,5,2,8.609000000000037,,13518,"[954, 270]",False,Right,True,1.0,False,medium,False,"[[942, 0], [1266, 0], [762, 36], [1086, 54], [1266, 72], [906, 144], [1194, 324], [690, 378], [744, 756]]",,"[[1476, 138]]",,0.5308347701651785,0.7028704180469552
516,5,2,8.625,,13518,"[954, 270]",False,Right,True,1.0,False,medium,False,"[[762, 30], [1086, 48], [1266, 66], [906, 138], [1194, 318], [690, 372], [744, 750]]",,"[[1476, 132]]",,0.9035373287476277,0.8109984712094107
517,5,2,8.641000000000076,,13518,"[954, 270]",False,Right,True,1.0,False,medium,False,"[[762, 24], [1086, 42], [1266, 60], [906, 132], [1194, 312], [690, 366], [744, 744]]",,"[[1476, 126]]",,0.9035373287476277,0.8109984712094107
518,5,2,8.657000000000039,,13518,"[954, 270]",False,Right,True,1.0,False,medium,False,"[[762, 18], [1086, 36], [1266, 54], [906, 126], [1194, 306], [690, 360], [744, 738]]",,"[[1476, 120]]",,0.5283258137400902,0.7145869851547777
519,5,2,8.673000000000002,,13518,"[954, 270]",False,Right,True,1.0,False,medium,False,"[[762, 12], [1086, 30], [1266, 48], [906, 120], [1194, 300], [690, 354], [744, 732]]",,"[[1476, 114]]",,0.5283258137400902,0.7145869851547777
520,5,2,8.691000000000031,,13518,"[954, 270]",False,Right,True,1.0,False,medium,False,"[[762, 6], [1086, 24], [1266, 42], [906, 114], [1194, 294], [690, 348], [744, 726]]",,"[[1476, 108]]",,0.5308166059750533,0.7237899452193856
521,5,2,8.70799999999997,,13518,"[954, 270]",False,Right,True,1.0,False,medium,False,"[[762, 0], [1086, 18], [1266, 36], [906, 108], [1194, 288], [690, 342], [744, 720]]",,"[[1476, 102]]",,0.5308166059750533,0.7237899452193856
522,5,2,8.725000000000023,,13518,"[954, 270]",False,Right,True,1.0,False,medium,False,"[[1086, 12], [1266, 30], [906, 102], [1194, 282], [690, 336], [744, 714]]",,"[[1476, 96]]",,0.8378764626531068,0.9171521139612865
523,5,2,8.740999999999985,,13518,"[954, 270]",False,Right,True,1.0,False,medium,False,"[[1086, 6], [1266, 24], [906, 96], [1194, 276], [690, 330], [744, 708]]",,"[[1476, 90]]",,0.8378764626531068,0.9171521139612865
524,5,2,8.757000000000062,,13518,"[954, 270]",False,Right,True,1.0,False,medium,False,"[[1086, 0], [1266, 18], [906, 90], [1194, 270], [690, 324], [744, 702]]",,"[[1476, 84]]",,0.8279826684627004,0.9736478548792326
525,5,2,8.773000000000025,,13518,"[954, 270]",False,Right,True,1.0,False,medium,False,"[[1266, 12], [906, 84], [1194, 264], [690, 318], [744, 696]]",,"[[1476, 78]]",,0.8279826684627004,0.9736478548792326
526,5,2,8.790000000000077,,13518,"[954, 270]",False,Right,True,1.0,False,medium,False,"[[1266, 6], [906, 78], [1194, 258], [690, 312], [744, 690]]",,"[[1476, 72]]",,0.8780799959682677,0.8138747230755441
527,5,2,8.80600000000004,,13518,"[954, 270]",False,Right,True,1.0,False,medium,False,"[[1266, 0], [906, 72], [1194, 252], [690, 306], [744, 684]]",,"[[1476, 66]]",,0.8780799959682677,0.8138747230755441
528,5,2,8.822000000000003,,13518,"[954, 270]",False,Right,True,1.0,False,medium,False,"[[906, 66], [1194, 246], [690, 300], [744, 678]]",,"[[1476, 60]]",,0.8123948112057162,0.9748667257731934
529,5,2,8.839000000000055,,13518,"[954, 270]",False,Right,True,1.0,False,medium,False,"[[906, 60], [1194, 240], [690, 294], [744, 672]]",,"[[1476, 54]]",,0.8123948112057162,0.9748667257731934
530,5,2,8.854000000000042,,13518,"[954, 270]",False,Right,True,1.0,False,medium,False,"[[906, 54], [1194, 234], [690, 288], [744, 666]]",,"[[1476, 48]]",,0.8124635584268145,0.9707004594355303
531,5,2,8.870000000000005,,13518,"[954, 270]",False,Right,True,1.0,False,medium,False,"[[906, 48], [1194, 228], [690, 282], [744, 660]]",,"[[1476, 42]]",,0.8721899787815619,0.8182766416427312
532,5,2,8.885999999999967,,13518,"[954, 270]",False,Right,True,1.0,False,medium,False,"[[906, 42], [1194, 222], [690, 276], [744, 654]]",,"[[1476, 36]]",,0.5372634008196755,0.6337241414281652
533,5,2,8.902000000000044,,13518,"[954, 270]",False,Right,True,1.0,False,medium,False,"[[906, 36], [1194, 216], [690, 270], [744, 648]]",,"[[1476, 30]]",,0.5372634008196755,0.6337241414281652
534,5,2,8.920000000000073,,13518,"[954, 270]",False,,True,1.0,False,medium,False,"[[906, 30], [1194, 210], [690, 264], [744, 642]]",,"[[1482, 24]]",,0.5422136272716939,0.6166144960421243
535,5,2,8.937000000000012,,13518,"[954, 270]",False,,True,1.0,False,medium,False,"[[912, 24], [1200, 204], [696, 258], [750, 636]]",,"[[1488, 18]]",,0.815271917674487,0.9786461830774772
536,5,2,8.952999999999975,,13518,"[954, 270]",False,,True,1.0,False,medium,False,"[[918, 18], [1206, 198], [702, 252], [756, 630], [702, 810]]",,"[[1494, 12]]",,0.9722364069905328,0.4265324990368694
537,5,2,8.970000000000027,,13518,"[954, 270]",False,,True,1.0,False,medium,False,"[[924, 12], [1212, 192], [708, 246], [762, 624], [708, 804]]",,"[[1500, 6]]",,0.9722364069905328,0.4265324990368694
538,5,2,8.98599999999999,,13518,"[954, 270]",False,,True,0.0,False,medium,False,"[[930, 6], [1218, 186], [714, 240], [768, 618], [714, 798]]",,"[[1506, 0]]",,0.9722364069905328,0.4265324990368694
539,5,2,9.002000000000066,,13518,"[954, 270]",False,,True,0.0,False,medium,False,"[[936, 0], [1224, 180], [720, 234], [774, 612], [720, 792]]",,[],,0.9722364069905328,0.4265324990368694
540,5,2,9.018000000000029,,13518,"[954, 270]",False,,True,0.0,False,medium,False,"[[1224, 174], [720, 228], [774, 606], [720, 786]]",,[],,0.5394896931088968,0.6834561280671914
541,5,2,9.036000000000058,,13518,"[954, 270]",False,,True,0.0,False,medium,False,"[[1224, 168], [720, 222], [774, 600], [720, 780]]",,[],,0.5311637599175373,0.7095815335601682
542,5,2,9.052999999999997,,13518,"[954, 270]",False,,True,0.0,False,medium,False,"[[1224, 162], [720, 216], [774, 594], [720, 774]]",,[],,0.9722364069905328,0.4265324990368694
543,5,2,9.069000000000074,,13518,"[954, 270]",False,,True,0.0,False,medium,False,"[[1224, 156], [720, 210], [774, 588], [720, 768]]",,[],,0.9722364069905328,0.4265324990368694
544,5,2,9.085000000000036,,13518,"[954, 270]",False,,True,0.0,False,medium,False,"[[1224, 150], [720, 204], [774, 582], [720, 762]]",,[],,0.5264374598954238,0.727567206421832
545,5,2,9.101999999999975,,13518,"[954, 270]",False,,True,0.0,False,medium,False,"[[1224, 144], [720, 198], [774, 576], [720, 756]]",,[],,0.5275622218730466,0.7284851776587371
546,5,2,9.119000000000028,,13518,"[954, 270]",False,,True,0.0,False,medium,False,"[[1224, 138], [720, 192], [774, 570], [720, 750]]",,[],,0.5303694086753097,0.726562710312427
547,5,2,9.137000000000057,,13518,"[954, 270]",False,,True,0.0,False,medium,False,"[[1224, 132], [720, 186], [774, 564], [720, 744]]",,[],,0.8138589372838704,0.9078595734476352
548,5,2,9.15300000000002,,13518,"[954, 270]",False,,True,0.0,False,medium,False,"[[1224, 126], [720, 180], [774, 558], [720, 738]]",,[],,0.9722364069905328,0.4265324990368694
549,5,2,9.170000000000073,,13518,"[954, 270]",False,,True,0.0,False,medium,False,"[[1224, 120], [720, 174], [774, 552], [720, 732]]",,[],,0.9722364069905328,0.4265324990368694
550,5,2,9.186000000000035,,13518,"[954, 270]",False,,True,0.0,False,medium,False,"[[1224, 114], [720, 168], [774, 546], [720, 726]]",,[],,0.9722364069905328,0.4265324990368694
551,5,2,9.202999999999975,,13518,"[954, 270]",False,,True,0.0,False,medium,False,"[[1224, 108], [720, 162], [774, 540], [720, 720]]",,[],,0.9722364069905328,0.4265324990368694
552,5,2,9.220000000000027,,13518,"[954, 270]",False,Right,True,0.0,False,medium,False,"[[1224, 102], [720, 156], [774, 534], [720, 714]]",,[],,0.5336796711575902,0.728214720204748
553,5,2,9.236999999999966,,13518,"[954, 270]",False,Right,True,0.0,False,medium,False,"[[1218, 96], [714, 150], [768, 528], [714, 708]]",,[],,0.5291796394689161,0.7278867261287574
554,5,2,9.252000000000066,,13518,"[954, 270]",False,Right,True,0.0,False,medium,False,"[[1212, 90], [708, 144], [762, 522], [708, 702]]",,[],,0.8194252177268918,1.0193446532576609
555,5,2,9.269999999999982,,13518,"[954, 270]",False,Right,True,0.0,False,medium,False,"[[1206, 84], [702, 138], [756, 516], [702, 696]]",,[],,0.8194892020903859,1.011049633071447
556,5,2,9.286000000000058,,13518,"[954, 270]",False,Right,True,0.0,False,medium,False,"[[1200, 78], [696, 132], [750, 510], [696, 690]]",,[],,0.9722364069905328,0.4265324990368694
557,5,2,9.305000000000064,,13518,"[954, 270]",False,Right,True,0.0,False,medium,False,"[[1194, 72], [690, 126], [744, 504], [690, 684]]",,[],,0.9722364069905328,0.4265324990368694
558,5,2,9.322999999999979,,13518,"[954, 270]",False,Right,True,0.0,False,medium,False,"[[1188, 66], [684, 120], [738, 498], [684, 678]]",,[],,0.5304390176897854,0.72998068728991
559,5,2,9.339000000000055,,13518,"[954, 270]",False,Right,True,0.0,False,medium,False,"[[1182, 60], [678, 114], [732, 492], [678, 672]]",,[],,0.5304390176897854,0.72998068728991
560,5,2,9.355000000000018,,13518,"[954, 270]",False,Right,True,0.0,False,medium,False,"[[1176, 54], [672, 108], [726, 486], [672, 666]]",,[],,0.5313266663550168,0.7333687398283065
561,5,2,9.373000000000047,,13518,"[954, 270]",False,Right,True,0.0,False,medium,False,"[[1170, 48], [666, 102], [720, 480], [666, 660]]",,[],,0.9722364069905328,0.4265324990368694
562,5,2,9.38900000000001,,13518,"[954, 270]",False,Right,True,0.0,False,medium,False,"[[1164, 42], [660, 96], [714, 474], [660, 654]]",,[],,0.5346304652678178,0.7326441787960309
563,5,2,9.404999999999973,,13518,"[954, 270]",False,Right,True,0.0,False,medium,False,"[[1158, 36], [654, 90], [708, 468], [654, 648]]",,[],,0.5435033239796635,0.6909956226404933
564,5,2,9.42100000000005,,13518,"[954, 270]",False,Right,True,0.0,False,medium,False,"[[1152, 30], [648, 84], [702, 462], [648, 642]]",,[],,0.5363415671753561,0.6769595097910683
565,5,2,9.437000000000012,,13518,"[954, 270]",False,Right,True,0.0,False,medium,False,"[[1146, 24], [642, 78], [696, 456], [642, 636]]",,[],,0.8102904790318561,0.9833993110120604
566,5,2,9.452999999999975,,13518,"[954, 270]",False,Right,True,0.0,False,medium,False,"[[1140, 18], [636, 72], [690, 450], [636, 630]]",,[],,0.8102904790318561,0.9833993110120604
567,5,2,9.470000000000027,,13518,"[954, 270]",False,Right,True,0.0,False,medium,False,"[[1134, 12], [630, 66], [684, 444], [630, 624]]",,[],,0.528785357999221,0.6701178369615943
568,5,2,9.48599999999999,,13518,"[954, 270]",False,Right,True,0.0,False,medium,False,"[[1128, 6], [624, 60], [678, 438], [624, 618]]",,[],,0.5264410792002339,0.6733136327893026
569,5,2,9.502000000000066,,13518,"[954, 270]",False,Right,True,0.0,False,medium,False,"[[1122, 0], [618, 54], [672, 432], [618, 612]]",,[],,0.9722364069905328,0.4265324990368694
570,5,2,9.518000000000029,,13518,"[954, 270]",False,Right,True,0.0,False,medium,False,"[[612, 48], [666, 426], [612, 606]]",,[],,0.9722364069905328,0.4265324990368694
571,5,2,9.533999999999992,,13518,"[954, 270]",False,Right,True,0.0,False,medium,False,"[[606, 42], [660, 420], [606, 600]]",,[],,0.523240824580831,0.680623445445294
572,5,2,9.551000000000045,,13518,"[954, 270]",False,Right,True,0.0,False,medium,False,"[[600, 36], [654, 414], [600, 594]]",,[],,0.523240824580831,0.680623445445294
573,5,2,9.567000000000007,,13518,"[954, 270]",False,Right,True,0.0,False,medium,False,"[[594, 30], [648, 408], [594, 588]]",,[],,0.8123371629691762,0.9642801536628948
574,5,2,9.585000000000036,,13518,"[954, 270]",False,,True,0.0,False,medium,False,"[[588, 24], [642, 402], [588, 582]]",,[],,0.8123371629691762,0.9642801536628948
575,5,2,9.604000000000042,,13518,"[954, 270]",False,,True,0.0,False,medium,False,"[[588, 18], [642, 396], [588, 576]]",,[],,0.9722364069905328,0.4265324990368694
576,5,2,9.620000000000005,,13518,"[954, 270]",False,,True,0.0,False,medium,False,"[[588, 12], [642, 390], [588, 570]]",,[],,0.9722364069905328,0.4265324990368694
577,5,2,9.638000000000034,,13518,"[954, 270]",False,,True,0.0,False,medium,False,"[[588, 6], [642, 384], [588, 564]]",,[],,0.5314100565434801,0.6777279839788946
578,5,2,9.653999999999996,,13518,"[954, 270]",False,,True,0.0,False,medium,False,"[[588, 0], [642, 378], [588, 558]]",,[],,0.5321713717000327,0.6758617072523027
579,5,2,9.672000000000025,,13518,"[954, 270]",False,,True,0.0,False,medium,False,"[[642, 372], [588, 552]]",,[],,0.5332894698973987,0.6739601507741166
580,5,2,9.689000000000078,,13518,"[954, 270]",False,,True,0.0,False,medium,False,"[[642, 366], [588, 546]]",,[],,0.5321183852105473,0.6734761514410899
581,5,2,9.706000000000017,,13518,"[954, 270]",False,,True,0.0,False,medium,False,"[[642, 360], [588, 540]]",,[],,0.5317571126299796,0.6718573618764118
582,5,2,9.72199999999998,,13518,"[954, 270]",False,,True,0.0,False,medium,False,"[[642, 354], [588, 534]]",,[],,0.5297453261370382,0.671943660777129
583,5,2,9.738000000000056,,13518,"[954, 270]",False,,True,0.0,False,medium,False,"[[642, 348], [588, 528]]",,[],,0.9722364069905328,0.4265324990368694
584,5,2,9.754000000000019,,13518,"[954, 270]",False,,True,0.0,False,medium,False,"[[642, 342], [588, 522]]",,[],,0.9722364069905328,0.4265324990368694
585,5,2,9.771000000000072,,13518,"[954, 270]",False,,True,0.0,False,medium,False,"[[642, 336], [588, 516]]",,[],,0.9722035002919418,0.4265836981489519
586,5,2,9.787000000000035,,13518,"[954, 270]",False,,True,0.0,False,medium,False,"[[642, 330], [588, 510]]",,[],,0.9722035002919418,0.4265836981489519
587,5,2,9.802999999999997,,13518,"[954, 270]",False,,True,0.0,False,medium,False,"[[642, 324], [588, 504]]",,[],,0.9722035002919418,0.4265836981489519
588,5,2,9.82000000000005,,13518,"[954, 270]",False,,True,0.0,False,medium,False,"[[642, 318], [588, 498]]",,[],,0.9722035002919418,0.4265836981489519
589,5,2,9.836999999999989,,13518,"[954, 270]",False,,True,0.0,False,medium,False,"[[642, 312], [588, 492]]",,[],,0.9722035002919418,0.4265836981489519
590,5,2,9.853000000000065,,13518,"[954, 270]",False,,True,0.0,False,medium,False,"[[642, 306], [588, 486]]",,[],,0.9722035002919418,0.4265836981489519
591,5,2,9.870000000000005,,13518,"[954, 270]",False,,True,0.0,False,medium,False,"[[642, 300], [588, 480]]",,[],,0.9722035002919418,0.4265836981489519
592,5,2,9.885999999999967,,13518,"[954, 270]",False,,True,0.0,False,medium,False,"[[642, 294], [588, 474]]",,[],,0.9722035002919418,0.4265836981489519
593,5,2,9.904999999999973,,13518,"[954, 270]",False,,True,0.0,False,medium,False,"[[642, 288], [588, 468]]",,[],,0.5858358679438098,0.4047662492287847
594,5,2,9.92100000000005,,13518,"[954, 270]",False,,True,0.0,False,medium,False,"[[642, 282], [588, 462]]",,[],,0.5858358679438098,0.4047662492287847
595,5,2,9.937000000000012,,13518,"[954, 270]",False,,True,0.0,False,medium,False,"[[642, 276], [588, 456]]",,[],,0.9722035002919418,0.4265836981489519
596,5,2,9.954000000000065,,13518,"[954, 270]",False,,True,0.0,False,medium,False,"[[642, 270], [588, 450]]",,[],,0.9722035002919418,0.4265836981489519
597,5,2,9.971000000000004,,13518,"[954, 270]",False,,True,0.0,False,medium,False,"[[642, 264], [588, 444]]",,[],,0.9722035002919418,0.4265836981489519
598,5,2,9.986999999999966,,13518,"[954, 270]",False,,True,0.0,False,medium,False,"[[642, 258], [588, 438]]",,[],,0.9722035002919418,0.4265836981489519
599,5,2,10.004000000000019,,13518,"[954, 270]",False,,True,0.0,False,medium,False,"[[642, 252], [588, 432]]",,[],,0.5255965041256533,0.5684121475798861
600,5,2,10.021000000000072,,13518,"[954, 270]",False,Left,True,0.0,False,medium,False,"[[642, 246], [588, 426]]",,[],,0.5255965041256533,0.5684121475798861
601,5,2,10.037000000000035,,13518,"[954, 270]",False,Left,True,0.0,False,medium,False,"[[648, 240], [594, 420]]",,[],,0.8144868768039238,0.9291049463770793
602,5,2,10.052000000000021,,13518,"[954, 270]",False,Left,True,0.0,False,medium,False,"[[654, 234], [600, 414]]",,[],,0.8144868768039238,0.9291049463770793
603,5,2,10.069000000000074,,13518,"[954, 270]",False,Left,True,0.0,False,medium,False,"[[660, 228], [606, 408]]",,[],,0.9722035002919418,0.4265836981489519
604,5,2,10.085000000000036,,13518,"[954, 270]",False,Left,True,0.0,False,medium,False,"[[666, 222], [612, 402]]",,[],,0.9722035002919418,0.4265836981489519
605,5,2,10.100999999999999,,13518,"[954, 270]",False,Left,True,0.0,False,medium,False,"[[672, 216], [618, 396]]",,[],,0.8277071283287455,0.9384357030408584
606,5,2,10.117000000000075,,13518,"[954, 270]",False,Left,True,0.0,False,medium,False,"[[678, 210], [624, 390]]",,[],,0.8277071283287455,0.9384357030408584
607,5,2,10.134000000000015,,13518,"[954, 270]",False,Left,True,0.0,False,medium,False,"[[684, 204], [630, 384]]",,[],,0.8320775390191766,0.9391193887557485
608,5,2,10.149999999999977,,13518,"[954, 270]",False,Left,True,0.0,False,medium,False,"[[690, 198], [636, 378], [708, 810]]",,[],,0.8320775390191766,0.9391193887557485
609,5,2,10.166000000000054,,13518,"[954, 270]",False,Left,True,0.0,False,medium,False,"[[696, 192], [642, 372], [714, 804]]",,[],,0.5191543719756482,0.6851771108442559
610,5,2,10.183999999999969,,13518,"[954, 270]",False,,True,0.0,False,medium,False,"[[702, 186], [648, 366], [720, 798]]",,[],,0.5191543719756482,0.6851771108442559
611,5,2,10.201999999999998,,13518,"[954, 270]",False,,True,0.0,False,medium,False,"[[702, 180], [648, 360], [720, 792]]",,[],,0.9722035002919418,0.4265836981489519
612,5,2,10.218000000000075,,13518,"[954, 270]",False,,True,0.0,False,medium,False,"[[702, 174], [648, 354], [720, 786]]",,[],,0.9722035002919418,0.4265836981489519
613,5,2,10.235000000000014,,13518,"[954, 270]",False,,True,0.0,False,medium,False,"[[702, 168], [648, 348], [720, 780]]",,"[[528, 810]]",,0.5172801408017472,0.687832551956529
614,5,2,10.252000000000066,,13518,"[954, 270]",False,,True,0.0,False,medium,False,"[[702, 162], [648, 342], [720, 774]]",,"[[528, 804]]",,0.5172801408017472,0.687832551956529
615,5,2,10.269999999999982,,13518,"[954, 270]",False,,True,0.0,False,medium,False,"[[702, 156], [648, 336], [720, 768]]",,"[[528, 798]]",,0.9722035002919418,0.4265836981489519
616,5,2,10.286000000000058,,13518,"[954, 270]",False,,True,0.0,False,medium,False,"[[702, 150], [648, 330], [720, 762]]",,"[[528, 792]]",,0.9722035002919418,0.4265836981489519
617,5,2,10.303999999999974,,13518,"[954, 270]",False,,True,0.0,False,medium,False,"[[702, 144], [648, 324], [720, 756]]",,"[[528, 786]]",,0.9722035002919418,0.4265836981489519
618,5,2,10.32000000000005,,13518,"[954, 270]",False,,True,0.0,False,medium,False,"[[702, 138], [648, 318], [720, 750]]",,"[[528, 780]]",,0.9722035002919418,0.4265836981489519
619,5,2,10.33800000000008,,13518,"[954, 270]",False,,True,0.0,False,medium,False,"[[702, 132], [648, 312], [720, 744]]",,"[[528, 774]]",,0.5152298357022581,0.7088499037026608
620,5,2,10.355000000000018,,13518,"[954, 270]",False,Right,True,0.0,False,medium,False,"[[702, 126], [648, 306], [720, 738], [1260, 810]]",,"[[522, 768]]",,0.5152298357022581,0.7088499037026608
621,5,2,10.375,,13518,"[954, 270]",False,Right,True,0.0,False,medium,False,"[[696, 120], [642, 300], [714, 732], [1254, 804]]",,"[[516, 762]]",,0.5156777620418225,0.7079006908516758
622,5,2,10.389999999999986,,13518,"[954, 270]",False,Right,True,0.0,False,medium,False,"[[690, 114], [636, 294], [708, 726], [1248, 798]]",,"[[510, 756]]",,0.5166701639544888,0.7065404911922688
623,5,2,10.406000000000063,,13518,"[954, 270]",False,Right,True,0.0,False,medium,False,"[[684, 108], [630, 288], [702, 720], [1242, 792]]",,"[[504, 750]]",,0.5226952247888049,0.6995689033259331
624,5,2,10.423000000000002,,13518,"[954, 270]",False,Right,True,0.0,False,medium,False,"[[678, 102], [624, 282], [696, 714], [1236, 786]]",,"[[498, 744]]",,0.5226952247888049,0.6995689033259331
625,5,2,10.440000000000055,,13518,"[954, 270]",False,Right,True,0.0,False,medium,False,"[[672, 96], [618, 276], [690, 708], [1230, 780]]",,"[[492, 738]]",,0.5241408271104158,0.7020718375811269
626,5,2,10.456000000000017,,13518,"[954, 270]",False,Right,True,0.0,False,medium,False,"[[666, 90], [612, 270], [684, 702], [1224, 774], [684, 810]]",,"[[486, 732]]",,0.5241408271104158,0.7020718375811269
627,5,2,10.474000000000046,,13518,"[954, 270]",False,Right,True,0.0,False,medium,False,"[[660, 84], [606, 264], [678, 696], [1218, 768], [678, 804]]",,"[[480, 726]]",,0.8128709170567108,0.9295598797217197
628,5,2,10.490999999999985,,13518,"[954, 270]",False,Right,True,0.0,False,medium,False,"[[654, 78], [600, 258], [672, 690], [1212, 762], [672, 798]]",,"[[474, 720]]",,0.9194055874552323,0.754800255123605
629,5,2,10.507000000000062,,13518,"[954, 270]",False,Right,True,0.0,False,medium,False,"[[648, 72], [594, 252], [666, 684], [1206, 756], [666, 792]]",,"[[468, 714]]",,0.5196839086741518,0.7124002158463103
630,5,2,10.524000000000001,,13518,"[954, 270]",False,Right,True,0.0,False,medium,False,"[[642, 66], [588, 246], [660, 678], [1200, 750], [660, 786]]",,"[[462, 708]]",,0.5196839086741518,0.7124002158463103
631,5,2,10.541000000000054,,13518,"[954, 270]",False,,True,0.0,False,medium,False,"[[636, 60], [582, 240], [654, 672], [1194, 744], [654, 780]]",,"[[462, 702]]",,0.517153541021768,0.7208092905206855
632,5,2,10.55600000000004,,13518,"[954, 270]",False,,True,0.0,False,medium,False,"[[636, 54], [582, 234], [654, 666], [1194, 738], [654, 774]]",,"[[462, 696]]",,0.517153541021768,0.7208092905206855
633,5,2,10.572999999999979,,13518,"[954, 270]",False,,True,0.0,False,medium,False,"[[636, 48], [582, 228], [654, 660], [1194, 732], [654, 768]]",,"[[462, 690]]",,0.9287217097200685,0.7505108939307372
634,5,2,10.589000000000055,,13518,"[954, 270]",False,,True,0.0,False,medium,False,"[[636, 42], [582, 222], [654, 654], [1194, 726], [654, 762]]",,"[[462, 684]]",,0.9287217097200685,0.7505108939307372
635,5,2,10.605000000000018,,13518,"[954, 270]",False,,True,0.0,False,medium,False,"[[636, 36], [582, 216], [654, 648], [1194, 720], [654, 756]]",,"[[462, 678]]",,0.5145608810853528,0.7228334434293168
636,5,2,10.622000000000071,,13518,"[954, 270]",False,,True,0.0,False,medium,False,"[[636, 30], [582, 210], [654, 642], [1194, 714], [654, 750]]",,"[[462, 672]]",,0.5145608810853528,0.7228334434293168
637,5,2,10.639999999999986,,13518,"[954, 270]",False,,True,0.0,False,medium,False,"[[636, 24], [582, 204], [654, 636], [1194, 708], [654, 744]]",,"[[462, 666]]",,0.5127221042655784,0.7275202268351078
638,5,2,10.657000000000039,,13518,"[954, 270]",False,,True,0.0,False,medium,False,"[[636, 18], [582, 198], [654, 630], [1194, 702], [654, 738]]",,"[[462, 660]]",,0.5127221042655784,0.7275202268351078
639,5,2,10.675000000000068,,13518,"[954, 270]",False,,True,0.0,False,medium,False,"[[636, 12], [582, 192], [654, 624], [1194, 696], [654, 732]]",,"[[462, 654]]",,0.9205097814924355,0.766632360741002
640,5,2,10.692000000000007,,13518,"[954, 270]",False,,True,0.0,False,medium,False,"[[636, 6], [582, 186], [654, 618], [1194, 690], [654, 726]]",,"[[462, 648]]",,0.9205097814924355,0.766632360741002
641,5,2,10.70900000000006,,13518,"[954, 270]",False,,True,0.0,False,medium,False,"[[636, 0], [582, 180], [654, 612], [1194, 684], [654, 720]]",,"[[462, 642]]",,0.5108322438680732,0.7281774218754755
642,5,2,10.725999999999999,,13518,"[954, 270]",False,,True,0.0,False,medium,False,"[[582, 174], [654, 606], [1194, 678], [654, 714]]",,"[[462, 636]]",,0.5108322438680732,0.7281774218754755
643,5,2,10.742000000000075,,13518,"[954, 270]",False,,True,0.0,False,medium,False,"[[582, 168], [654, 600], [1194, 672], [654, 708]]",,"[[462, 630]]",,0.9028860384805981,0.745942979415709
644,5,2,10.759000000000015,,13518,"[954, 270]",False,,True,0.0,False,medium,False,"[[582, 162], [654, 594], [1194, 666], [654, 702]]",,"[[462, 624]]",,0.5093022262380342,0.7308367741133353
645,5,2,10.774999999999977,,13518,"[954, 270]",False,,True,0.0,False,medium,False,"[[582, 156], [654, 588], [1194, 660], [654, 696]]",,"[[462, 618]]",,0.8122467457725717,0.8237090799870669
646,5,2,10.791000000000054,,13518,"[954, 270]",False,,True,0.0,False,medium,False,"[[582, 150], [654, 582], [1194, 654], [654, 690]]",,"[[462, 612]]",,0.8122467457725717,0.8237090799870669
647,5,2,10.807000000000016,,13518,"[954, 270]",False,,True,0.0,False,medium,False,"[[582, 144], [654, 576], [1194, 648], [654, 684]]",,"[[462, 606]]",,0.9043719557813219,0.7327510951680147
648,5,2,10.822999999999979,,13518,"[954, 270]",False,,True,0.0,False,medium,False,"[[582, 138], [654, 570], [1194, 642], [654, 678]]",,"[[462, 600]]",,0.9043719557813219,0.7327510951680147
649,5,2,10.840000000000032,,13518,"[954, 270]",False,,True,0.0,False,medium,False,"[[582, 132], [654, 564], [1194, 636], [654, 672]]",,"[[462, 594]]",,0.8030294285632038,1.0197645517097782
650,5,2,10.858000000000061,,13518,"[954, 270]",False,,True,0.0,False,medium,False,"[[582, 126], [654, 558], [1194, 630], [654, 666]]",,"[[462, 588]]",,0.8030294285632038,1.0197645517097782
651,5,2,10.875,,13518,"[954, 270]",False,,True,0.0,False,medium,False,"[[582, 120], [654, 552], [1194, 624], [654, 660]]",,"[[462, 582]]",,0.7855637506301353,0.8790195281438344
652,5,2,10.891000000000076,,13518,"[954, 270]",False,,True,0.0,False,medium,False,"[[582, 114], [654, 546], [1194, 618], [654, 654]]",,"[[462, 576]]",,0.7855637506301353,0.8790195281438344
653,5,2,10.908000000000015,,13518,"[954, 270]",False,,True,0.0,False,medium,False,"[[582, 108], [654, 540], [1194, 612], [654, 648], [582, 810]]",,"[[462, 570]]",,0.9722439618573663,0.4263287497808501
654,5,2,10.925000000000068,,13518,"[954, 270]",False,,True,0.0,False,medium,False,"[[582, 102], [654, 534], [1194, 606], [654, 642], [582, 804]]",,"[[462, 564]]",,0.9722439618573663,0.4263287497808501
655,5,2,10.942999999999984,,13518,"[954, 270]",False,,True,0.0,False,medium,False,"[[582, 96], [654, 528], [1194, 600], [654, 636], [582, 798]]",,"[[462, 558]]",,0.9722439618573663,0.4263287497808501
656,5,2,10.960000000000036,,13518,"[954, 270]",False,,True,0.0,False,medium,False,"[[582, 90], [654, 522], [1194, 594], [654, 630], [582, 792]]",,"[[462, 552]]",,0.9722439618573663,0.4263287497808501
657,5,2,10.976999999999975,,13518,"[954, 270]",False,,True,0.0,False,medium,False,"[[582, 84], [654, 516], [1194, 588], [654, 624], [582, 786]]",,"[[462, 546]]",,0.5235510274932464,0.6413207445487183
658,5,2,10.993000000000052,,13518,"[954, 270]",False,,True,0.0,False,medium,False,"[[582, 78], [654, 510], [1194, 582], [654, 618], [582, 780]]",,"[[462, 540]]",,0.5235510274932464,0.6413207445487183
659,5,2,11.009999999999991,,13518,"[954, 270]",False,,True,0.0,False,medium,False,"[[582, 72], [654, 504], [1194, 576], [654, 612], [582, 774]]",,"[[462, 534]]",,0.8142296391172408,1.0431632792905596
660,5,2,11.026000000000067,,13518,"[954, 270]",False,Left,True,0.0,False,medium,False,"[[582, 66], [654, 498], [1194, 570], [654, 606], [582, 768]]",,"[[468, 528]]",,0.9722439618573663,0.4263287497808501
661,5,2,11.04200000000003,,13518,"[954, 270]",False,Left,True,0.0,False,medium,False,"[[588, 60], [660, 492], [1200, 564], [660, 600], [588, 762]]",,"[[474, 522]]",,0.9722439618573663,0.4263287497808501
662,5,2,11.058999999999969,,13518,"[954, 270]",False,Left,True,0.0,False,medium,False,"[[594, 54], [666, 486], [1206, 558], [666, 594], [594, 756], [756, 810]]",,"[[480, 516]]",,0.9722439618573663,0.4263287497808501
663,5,2,11.076999999999998,,13518,"[954, 270]",False,Left,True,0.0,False,medium,False,"[[600, 48], [672, 480], [1212, 552], [672, 588], [600, 750], [762, 804]]",,"[[486, 510]]",,0.5268009972546318,0.6890033790399783
664,5,2,11.094000000000051,,13518,"[954, 270]",False,Left,True,0.0,False,medium,False,"[[606, 42], [678, 474], [1218, 546], [678, 582], [606, 744], [768, 798]]",,"[[492, 504]]",,0.5265928566860325,0.6885415580284282
665,5,2,11.11099999999999,,13518,"[954, 270]",False,Left,True,0.0,False,medium,False,"[[612, 36], [684, 468], [1224, 540], [684, 576], [612, 738], [774, 792], [1116, 810], [612, 810]]",,"[[498, 498]]",,0.8055918371086946,0.9982620916272116
666,5,2,11.129999999999995,,13518,"[954, 270]",False,Left,True,0.0,False,medium,False,"[[618, 30], [690, 462], [1230, 534], [690, 570], [618, 732], [780, 786], [1122, 804], [618, 804]]",,"[[504, 492]]",,0.8055117547994477,0.9990589202175576
667,5,2,11.147000000000048,,13518,"[954, 270]",False,Left,True,0.0,False,medium,False,"[[624, 24], [696, 456], [1236, 528], [696, 564], [624, 726], [786, 780], [1128, 798], [624, 798]]",,"[[510, 486]]",,0.5239311973553774,0.695455181761455
668,5,2,11.163999999999987,,13518,"[954, 270]",False,,True,0.0,False,medium,False,"[[630, 18], [702, 450], [1242, 522], [702, 558], [630, 720], [792, 774], [1134, 792], [630, 792]]",,"[[510, 480]]",,0.8081516712045147,0.9539076149008378
669,5,2,11.182000000000016,,13518,"[954, 270]",False,,True,0.0,False,medium,False,"[[630, 12], [702, 444], [1242, 516], [702, 552], [630, 714], [792, 768], [1134, 786], [630, 786]]",,"[[510, 474]]",,0.9722439618573663,0.4263287497808501
670,5,2,11.19900000000007,,13518,"[954, 270]",False,,True,0.0,False,medium,False,"[[630, 6], [702, 438], [1242, 510], [702, 546], [630, 708], [792, 762], [1134, 780], [630, 780]]",,"[[510, 468]]",,0.9722439618573663,0.4263287497808501
671,5,2,11.216000000000008,,13518,"[954, 270]",False,,True,0.0,False,medium,False,"[[630, 0], [702, 432], [1242, 504], [702, 540], [630, 702], [792, 756], [1134, 774], [630, 774]]",,"[[510, 462]]",,0.9722439618573663,0.4263287497808501
672,5,2,11.235000000000014,,13518,"[954, 270]",False,,True,0.0,False,medium,False,"[[702, 426], [1242, 498], [702, 534], [630, 696], [792, 750], [1134, 768], [630, 768]]",,"[[510, 456]]",,0.5188275493498156,0.7088268232818431
673,5,2,11.250999999999976,,13518,"[954, 270]",False,,True,0.0,False,medium,False,"[[702, 420], [1242, 492], [702, 528], [630, 690], [792, 744], [1134, 762], [630, 762]]",,"[[510, 450]]",,0.5188275493498156,0.7088268232818431
674,5,2,11.267000000000053,,13518,"[954, 270]",False,,True,0.0,False,medium,False,"[[702, 414], [1242, 486], [702, 522], [630, 684], [792, 738], [1134, 756], [630, 756]]",,"[[510, 444]]",,0.9722439618573663,0.4263287497808501
675,5,2,11.283000000000015,,13518,"[954, 270]",False,,True,0.0,False,medium,False,"[[702, 408], [1242, 480], [702, 516], [630, 678], [792, 732], [1134, 750], [630, 750]]",,"[[510, 438]]",,0.9722439618573663,0.4263287497808501
676,5,2,11.298999999999978,,13518,"[954, 270]",False,,True,0.0,False,medium,False,"[[702, 402], [1242, 474], [702, 510], [630, 672], [792, 726], [1134, 744], [630, 744]]",,"[[510, 432]]",,0.9722439618573663,0.4263287497808501
677,5,2,11.315000000000055,,13518,"[954, 270]",False,,True,0.0,False,medium,False,"[[702, 396], [1242, 468], [702, 504], [630, 666], [792, 720], [1134, 738], [630, 738]]",,"[[510, 426]]",,0.9722439618573663,0.4263287497808501
678,5,2,11.331000000000017,,13518,"[954, 270]",False,,True,0.0,False,medium,False,"[[702, 390], [1242, 462], [702, 498], [630, 660], [792, 714], [1134, 732], [630, 732]]",,"[[510, 420]]",,0.9722439618573663,0.4263287497808501
679,5,2,11.34699999999998,,13518,"[954, 270]",False,,True,0.0,False,medium,False,"[[702, 384], [1242, 456], [702, 492], [630, 654], [792, 708], [1134, 726], [630, 726]]",,"[[510, 414]]",,0.5220966382707617,0.702572762701656
680,5,2,11.364000000000033,,13518,"[954, 270]",False,,True,0.0,False,medium,False,"[[702, 378], [1242, 450], [702, 486], [630, 648], [792, 702], [1134, 720], [630, 720]]",,"[[510, 408]]",,0.5220016139681538,0.7058463198268079
681,5,2,11.379999999999995,,13518,"[954, 270]",False,,True,0.0,False,medium,False,"[[702, 372], [1242, 444], [702, 480], [630, 642], [792, 696], [1134, 714], [630, 714]]",,"[[510, 402]]",,0.5218423196792902,0.7094417710627706
682,5,2,11.396000000000072,,13518,"[954, 270]",False,,True,0.0,False,medium,False,"[[702, 366], [1242, 438], [702, 474], [630, 636], [792, 690], [1134, 708], [630, 708]]",,"[[510, 396]]",,0.5218423196792902,0.7094417710627706
683,5,2,11.413000000000011,,13518,"[954, 270]",False,,True,0.0,False,medium,False,"[[702, 360], [1242, 432], [702, 468], [630, 630], [792, 684], [1134, 702], [630, 702]]",,"[[510, 390]]",,0.5221496629559319,0.7108909483667261
684,5,2,11.428999999999974,,13518,"[954, 270]",False,,True,0.0,False,medium,False,"[[702, 354], [1242, 426], [702, 462], [630, 624], [792, 678], [1134, 696], [630, 696]]",,"[[510, 384]]",,0.5221496629559319,0.7108909483667261
685,5,2,11.446000000000026,,13518,"[954, 270]",False,,True,0.0,False,medium,False,"[[702, 348], [1242, 420], [702, 456], [630, 618], [792, 672], [1134, 690], [630, 690]]",,"[[510, 378]]",,0.9722439618573663,0.4263287497808501
686,5,2,11.46300000000008,,13518,"[954, 270]",False,,True,0.0,False,medium,False,"[[702, 342], [1242, 414], [702, 450], [630, 612], [792, 666], [1134, 684], [630, 684]]",,"[[510, 372]]",,0.5237537131197012,0.707670165779773
687,5,2,11.479000000000042,,13518,"[954, 270]",False,,True,0.0,False,medium,False,"[[702, 336], [1242, 408], [702, 444], [630, 606], [792, 660], [1134, 678], [630, 678]]",,"[[510, 366]]",,0.9722439618573663,0.4263287497808501
688,5,2,11.495999999999981,,13518,"[954, 270]",False,,True,0.0,False,medium,False,"[[702, 330], [1242, 402], [702, 438], [630, 600], [792, 654], [1134, 672], [630, 672]]",,"[[510, 360]]",,0.9722439618573663,0.4263287497808501
689,5,2,11.513000000000034,,13518,"[954, 270]",False,,True,0.0,False,medium,False,"[[702, 324], [1242, 396], [702, 432], [630, 594], [792, 648], [1134, 666], [630, 666]]",,"[[510, 354]]",,0.9722439618573663,0.4263287497808501
690,5,2,11.528999999999996,,13518,"[954, 270]",False,,True,0.0,False,medium,False,"[[702, 318], [1242, 390], [702, 426], [630, 588], [792, 642], [1134, 660], [630, 660]]",,"[[510, 348]]",,0.5242410199379538,0.7096444381370146
691,5,2,11.547000000000025,,13518,"[954, 270]",False,,True,0.0,False,medium,False,"[[702, 312], [1242, 384], [702, 420], [630, 582], [792, 636], [1134, 654], [630, 654]]",,"[[510, 342]]",,0.5238596269277352,0.7115750525705657
692,5,2,11.564000000000078,,13518,"[954, 270]",False,,True,0.0,False,medium,False,"[[702, 306], [1242, 378], [702, 414], [630, 576], [792, 630], [1134, 648], [630, 648], [1278, 810]]",,"[[510, 336]]",,0.8119383083534546,0.9415549777104945
693,5,2,11.581000000000017,,13518,"[954, 270]",False,,True,0.0,False,medium,False,"[[702, 300], [1242, 372], [702, 408], [630, 570], [792, 624], [1134, 642], [630, 642], [1278, 804]]",,"[[510, 330]]",,0.9722439618573663,0.4263287497808501
694,5,2,11.59699999999998,,13518,"[954, 270]",False,,True,0.0,False,medium,False,"[[702, 294], [1242, 366], [702, 402], [630, 564], [792, 618], [1134, 636], [630, 636], [1278, 798]]",,"[[510, 324]]",,0.9722439618573663,0.4263287497808501
695,5,2,11.615000000000009,,13518,"[954, 270]",False,,True,0.0,False,medium,False,"[[702, 288], [1242, 360], [702, 396], [630, 558], [792, 612], [1134, 630], [630, 630], [1278, 792]]",,"[[510, 318]]",,0.523869968350503,0.7151342914833203
696,5,2,11.630999999999972,,13518,"[954, 270]",False,,True,0.0,False,medium,False,"[[702, 282], [1242, 354], [702, 390], [630, 552], [792, 606], [1134, 624], [630, 624], [1278, 786]]",,"[[510, 312]]",,0.5232989316184844,0.7157301333442168
697,5,2,11.649000000000001,,13518,"[954, 270]",False,,True,-1.0,False,medium,False,"[[702, 276], [1242, 348], [702, 384], [630, 546], [792, 600], [1134, 618], [630, 618], [1278, 780]]",,"[[510, 306]]",,0.8049821404455283,0.9285622388100463
698,5,2,11.666000000000054,,13518,"[954, 270]",False,,True,-1.0,False,medium,False,"[[702, 270], [1242, 342], [702, 378], [630, 540], [792, 594], [1134, 612], [630, 612], [1278, 774]]",,"[[504, 300]]",,0.8042751542210376,0.9292661666961689
699,5,2,11.68500000000006,,13518,"[954, 270]",False,,True,-1.0,False,medium,False,"[[696, 264], [1236, 336], [696, 372], [624, 534], [786, 588], [1128, 606], [624, 606], [1272, 768]]",,"[[498, 294]]",,0.8090657220574501,0.9053945609616467
700,5,2,11.701999999999998,,13518,"[954, 270]",False,,True,-1.0,False,medium,False,"[[690, 258], [1230, 330], [690, 366], [618, 528], [780, 582], [1122, 600], [618, 600], [1266, 762]]",,"[[492, 288]]",,0.5371717575747837,0.6125490233582258
701,5,2,11.720000000000027,,13518,"[954, 270]",False,,True,-1.0,False,medium,False,"[[684, 252], [1224, 324], [684, 360], [612, 522], [774, 576], [1116, 594], [612, 594], [1260, 756]]",,"[[486, 282]]",,0.5371717575747837,0.6125490233582258
702,5,2,11.736999999999966,,13518,"[954, 270]",False,,True,-1.0,False,medium,False,"[[678, 246], [1218, 318], [678, 354], [606, 516], [768, 570], [1110, 588], [606, 588], [1254, 750]]",,"[[480, 276]]",,0.790800029037357,0.8494671806689725
703,5,2,11.754000000000019,,13518,"[954, 270]",False,,True,-1.0,False,medium,False,"[[672, 240], [1212, 312], [672, 348], [600, 510], [762, 564], [1104, 582], [600, 582], [1248, 744]]",,"[[474, 270]]",,0.9722439618573663,0.4263287497808501
704,5,2,11.769999999999982,,13518,"[954, 270]",False,,True,-1.0,False,medium,False,"[[666, 234], [1206, 306], [666, 342], [594, 504], [756, 558], [1098, 576], [594, 576], [1242, 738]]",,"[[468, 264]]",,0.5378523695906334,0.5601577970908399
705,5,2,11.786000000000058,,13518,"[954, 270]",False,,True,-1.0,False,medium,False,"[[660, 228], [1200, 300], [660, 336], [588, 498], [750, 552], [1092, 570], [588, 570], [1236, 732]]",,"[[462, 258]]",,0.5378523695906334,0.5601577970908399
706,5,2,11.802999999999997,,13518,"[954, 270]",False,,True,-1.0,False,medium,False,"[[654, 222], [1194, 294], [654, 330], [582, 492], [744, 546], [1086, 564], [582, 564], [1230, 726]]",,"[[456, 252]]",,0.5403456002210473,0.5473325304297699
707,5,2,11.819000000000074,,13518,"[954, 270]",False,,True,-1.0,False,medium,False,"[[648, 216], [1188, 288], [648, 324], [576, 486], [738, 540], [1080, 558], [576, 558], [1224, 720]]",,"[[450, 246]]",,0.79159907366204,0.8495155452424475
708,5,2,11.835000000000036,,13518,"[954, 270]",False,,True,-1.0,False,medium,False,"[[642, 210], [1182, 282], [642, 318], [570, 480], [732, 534], [1074, 552], [570, 552], [1218, 714]]",,"[[444, 240]]",,0.791719200994668,0.8437924284667262
709,5,2,11.854000000000042,,13518,"[954, 270]",False,,True,-1.0,False,medium,False,"[[636, 204], [1176, 276], [636, 312], [564, 474], [726, 528], [1068, 546], [564, 546], [1212, 708]]",,"[[438, 234]]",,0.9722438951994938,0.42646737984405014
710,5,2,11.872000000000071,,13518,"[954, 270]",False,,True,-1.0,False,medium,False,"[[630, 198], [1170, 270], [630, 306], [558, 468], [720, 522], [1062, 540], [558, 540], [1206, 702]]",,"[[432, 228]]",,0.7967587264790276,0.8511418486446172
711,5,2,11.888000000000034,,13518,"[954, 270]",False,,True,-1.0,False,medium,False,"[[624, 192], [1164, 264], [624, 300], [552, 462], [714, 516], [1056, 534], [552, 534], [1200, 696]]",,"[[426, 222]]",,0.7967587264790276,0.8511418486446172
712,5,2,11.904999999999973,,13518,"[954, 270]",False,,True,-1.0,False,medium,False,"[[618, 186], [1158, 258], [618, 294], [546, 456], [708, 510], [1050, 528], [546, 528], [1194, 690]]",,"[[420, 216]]",,0.9722438951994938,0.42646737984405014
713,5,2,11.922000000000025,,13518,"[954, 270]",False,,True,-1.0,False,medium,False,"[[612, 180], [1152, 252], [612, 288], [540, 450], [702, 504], [1044, 522], [540, 522], [1188, 684]]",,"[[414, 210]]",,0.9722438951994938,0.42646737984405014
714,5,2,11.939000000000078,,13518,"[954, 270]",False,,True,-1.0,False,medium,False,"[[606, 174], [1146, 246], [606, 282], [534, 444], [696, 498], [1038, 516], [534, 516], [1182, 678]]",,"[[408, 204]]",,0.9722438951994938,0.42646737984405014
715,5,2,11.955000000000041,,13518,"[954, 270]",False,,True,-1.0,False,medium,False,"[[600, 168], [1140, 240], [600, 276], [528, 438], [690, 492], [1032, 510], [528, 510], [1176, 672]]",,"[[402, 198]]",,0.9722438951994938,0.42646737984405014
716,5,2,11.974000000000046,,13518,"[954, 270]",False,,True,-1.0,False,medium,False,"[[594, 162], [1134, 234], [594, 270], [522, 432], [684, 486], [1026, 504], [522, 504], [1170, 666]]",,"[[396, 192]]",,0.9722438951994938,0.42646737984405014
717,5,2,11.990000000000009,,13518,"[954, 270]",False,,True,-1.0,False,medium,False,"[[588, 156], [1128, 228], [588, 264], [516, 426], [678, 480], [1020, 498], [516, 498], [1164, 660]]",,"[[390, 186]]",,0.9722438951994938,0.42646737984405014
718,5,2,12.005999999999972,,13518,"[954, 270]",False,,True,-1.0,False,medium,False,"[[582, 150], [1122, 222], [582, 258], [510, 420], [672, 474], [1014, 492], [510, 492], [1158, 654]]",,"[[384, 180]]",,0.5397599959364735,0.6276826729181124
719,5,2,12.022000000000048,,13518,"[954, 270]",False,,True,-1.0,False,medium,False,"[[576, 144], [1116, 216], [576, 252], [504, 414], [666, 468], [1008, 486], [504, 486], [1152, 648]]",,"[[378, 174]]",,0.5397599959364735,0.6276826729181124
720,5,2,12.038000000000011,,13518,"[954, 270]",False,,True,-1.0,False,medium,False,"[[570, 138], [1110, 210], [570, 246], [498, 408], [660, 462], [1002, 480], [498, 480], [1146, 642]]",,"[[372, 168]]",,0.8120420648539053,0.8872021960653564
721,5,2,12.055000000000064,,13518,"[954, 270]",False,Left,True,-1.0,False,medium,False,"[[564, 132], [1104, 204], [564, 240], [492, 402], [654, 456], [996, 474], [492, 474], [1140, 636]]",,"[[372, 162]]",,0.8188464832347231,0.8694890697728384
722,5,2,12.071000000000026,,13518,"[954, 270]",False,Left,True,-1.0,False,medium,False,"[[564, 126], [1104, 198], [564, 234], [492, 396], [654, 450], [996, 468], [492, 468], [1140, 630]]",,"[[372, 156]]",,0.8248855713875534,0.9070423209012063
723,5,2,12.086999999999989,,13518,"[954, 270]",False,Left,True,-1.0,False,medium,False,"[[564, 120], [1104, 192], [564, 228], [492, 390], [654, 444], [996, 462], [492, 462], [1140, 624]]",,"[[372, 150]]",,0.8252687966458072,0.9078493312957309
724,5,2,12.104000000000042,,13518,"[954, 270]",False,Left,True,-1.0,False,medium,False,"[[564, 114], [1104, 186], [564, 222], [492, 384], [654, 438], [996, 456], [492, 456], [1140, 618]]",,"[[372, 144]]",,0.8978349811136705,0.7475583064273366
725,5,2,12.120000000000005,,13518,"[954, 270]",False,Left,True,-1.0,False,medium,False,"[[564, 108], [1104, 180], [564, 216], [492, 378], [654, 432], [996, 450], [492, 450], [1140, 612]]",,"[[372, 138]]",,0.8978349811136705,0.7475583064273366
726,5,2,12.135999999999967,,13518,"[954, 270]",False,Left,True,-1.0,False,medium,False,"[[564, 102], [1104, 174], [564, 210], [492, 372], [654, 426], [996, 444], [492, 444], [1140, 606]]",,"[[372, 132]]",,0.5262944202324701,0.651967665760625
727,5,2,12.15300000000002,,13518,"[954, 270]",False,Left,True,-1.0,False,medium,False,"[[564, 96], [1104, 168], [564, 204], [492, 366], [654, 420], [996, 438], [492, 438], [1140, 600]]",,"[[372, 126]]",,0.5265402977997453,0.6689739114915816
728,5,2,12.168999999999983,,13518,"[954, 270]",False,Left,True,-1.0,False,medium,False,"[[564, 90], [1104, 162], [564, 198], [492, 360], [654, 414], [996, 432], [492, 432], [1140, 594]]",,"[[372, 120]]",,0.8251167807753521,0.9799518098539554
729,5,2,12.18500000000006,,13518,"[954, 270]",False,Left,True,-1.0,False,medium,False,"[[564, 84], [1104, 156], [564, 192], [492, 354], [654, 408], [996, 426], [492, 426], [1140, 588]]",,"[[372, 114]]",,0.8238767361694013,0.9798934686882973
730,5,2,12.201999999999998,,13518,"[954, 270]",False,Left,True,-1.0,False,medium,False,"[[564, 78], [1104, 150], [564, 186], [492, 348], [654, 402], [996, 420], [492, 420], [1140, 582]]",,"[[372, 108]]",,0.8238767361694013,0.9798934686882973
731,5,2,12.218000000000075,,13518,"[954, 270]",False,Left,True,-1.0,False,medium,False,"[[564, 72], [1104, 144], [564, 180], [492, 342], [654, 396], [996, 414], [492, 414], [1140, 576]]",,"[[372, 102]]",,0.8802904205135794,0.7277397841009631
732,5,2,12.234000000000037,,13518,"[954, 270]",False,Left,True,-1.0,False,medium,False,"[[564, 66], [1104, 138], [564, 174], [492, 336], [654, 390], [996, 408], [492, 408], [1140, 570]]",,"[[372, 96]]",,0.527585386474203,0.6896495601570402
733,5,2,12.250999999999976,,13518,"[954, 270]",False,Left,True,-1.0,False,medium,False,"[[564, 60], [1104, 132], [564, 168], [492, 330], [654, 384], [996, 402], [492, 402], [1140, 564]]",,"[[372, 90]]",,0.5255678545632476,0.6999002085529662
734,5,2,12.267000000000053,,13518,"[954, 270]",False,Left,True,-1.0,False,medium,False,"[[564, 54], [1104, 126], [564, 162], [492, 324], [654, 378], [996, 396], [492, 396], [1140, 558]]",,"[[372, 84]]",,0.8309386263787358,1.0808219508575987
735,5,2,12.283000000000015,,13518,"[954, 270]",False,Left,True,-1.0,False,medium,False,"[[564, 48], [1104, 120], [564, 156], [492, 318], [654, 372], [996, 390], [492, 390], [1140, 552]]",,"[[372, 78]]",,0.9722438951994938,0.42646737984405014
736,5,2,12.300000000000068,,13518,"[954, 270]",False,Left,True,-1.0,False,medium,False,"[[564, 42], [1104, 114], [564, 150], [492, 312], [654, 366], [996, 384], [492, 384], [1140, 546]]",,"[[372, 72]]",,0.9722438951994938,0.42646737984405014
737,5,2,12.315000000000055,,13518,"[954, 270]",False,Left,True,-1.0,False,medium,False,"[[564, 36], [1104, 108], [564, 144], [492, 306], [654, 360], [996, 378], [492, 378], [1140, 540]]",,"[[372, 66]]",,0.8295652793124806,1.0584789055606751
738,5,2,12.331999999999994,,13518,"[954, 270]",False,Left,True,-1.0,False,medium,False,"[[564, 30], [1104, 102], [564, 138], [492, 300], [654, 354], [996, 372], [492, 372], [1140, 534]]",,"[[372, 60]]",,0.8295652793124806,1.0584789055606751
739,5,2,12.34800000000007,,13518,"[954, 270]",False,Left,True,-1.0,False,medium,False,"[[564, 24], [1104, 96], [564, 132], [492, 294], [654, 348], [996, 366], [492, 366], [1140, 528]]",,"[[372, 54]]",,0.9722438951994938,0.42646737984405014
740,5,2,12.365000000000009,,13518,"[954, 270]",False,Left,True,-1.0,False,medium,False,"[[564, 18], [1104, 90], [564, 126], [492, 288], [654, 342], [996, 360], [492, 360], [1140, 522]]",,"[[372, 48]]",,0.9722438951994938,0.42646737984405014
741,5,2,12.384000000000015,,13518,"[954, 270]",False,Left,True,-1.0,False,medium,False,"[[564, 12], [1104, 84], [564, 120], [492, 282], [654, 336], [996, 354], [492, 354], [1140, 516]]",,"[[372, 42]]",,0.9722438951994938,0.42646737984405014
742,5,2,12.399999999999977,,13518,"[954, 270]",False,Left,True,-1.0,False,medium,False,"[[564, 6], [1104, 78], [564, 114], [492, 276], [654, 330], [996, 348], [492, 348], [1140, 510]]",,"[[372, 36]]",,0.9722438951994938,0.42646737984405014
743,5,2,12.41700000000003,,13518,"[954, 270]",False,Left,True,-1.0,False,medium,False,"[[564, 0], [1104, 72], [564, 108], [492, 270], [654, 324], [996, 342], [492, 342], [1140, 504]]",,"[[372, 30]]",,0.9722438951994938,0.42646737984405014
744,5,2,12.433999999999969,,13518,"[954, 270]",False,Left,True,-1.0,False,medium,False,"[[1104, 66], [564, 102], [492, 264], [654, 318], [996, 336], [492, 336], [1140, 498]]",,"[[372, 24]]",,0.9722438951994938,0.42646737984405014
745,5,2,12.451999999999998,,13518,"[954, 270]",False,Left,True,-1.0,False,medium,False,"[[1104, 60], [564, 96], [492, 258], [654, 312], [996, 330], [492, 330], [1140, 492]]",,"[[372, 18]]",,0.5383435557872066,0.7075513761136188
746,5,2,12.468000000000075,,13518,"[954, 270]",False,Left,True,-1.0,False,medium,False,"[[1104, 54], [564, 90], [492, 252], [654, 306], [996, 324], [492, 324], [1140, 486]]",,"[[372, 12]]",,0.5383435557872066,0.7075513761136188
747,5,2,12.484000000000037,,13518,"[954, 270]",False,Left,True,-1.0,False,medium,False,"[[1104, 48], [564, 84], [492, 246], [654, 300], [996, 318], [492, 318], [1140, 480]]",,"[[372, 6]]",,0.5300056543364355,0.7121163157217281
748,5,2,12.500999999999976,,13518,"[954, 270]",False,Left,True,0.0,False,medium,False,"[[1104, 42], [564, 78], [492, 240], [654, 294], [996, 312], [492, 312], [1140, 474]]",,"[[372, 0]]",,0.5300056543364355,0.7121163157217281
749,5,2,12.518000000000029,,13518,"[954, 270]",False,Left,True,0.0,False,medium,False,"[[1104, 36], [564, 72], [492, 234], [654, 288], [996, 306], [492, 306], [1140, 468]]",,[],,0.8016727842762773,1.0579971680862144
750,5,2,12.533999999999992,,13518,"[954, 270]",False,Left,True,0.0,False,medium,False,"[[1110, 30], [570, 66], [498, 228], [660, 282], [1002, 300], [498, 300], [1146, 462]]",,[],,0.8023573521339833,1.0577747442930963
751,5,2,12.551000000000045,,13518,"[954, 270]",False,Left,True,0.0,False,medium,False,"[[1116, 24], [576, 60], [504, 222], [666, 276], [1008, 294], [504, 294], [1152, 456]]",,[],,0.9722438951994938,0.42646737984405014
752,5,2,12.569000000000074,,13518,"[954, 270]",False,Left,True,0.0,False,medium,False,"[[1122, 18], [582, 54], [510, 216], [672, 270], [1014, 288], [510, 288], [1158, 450]]",,[],,0.9722438951994938,0.42646737984405014
753,5,2,12.58400000000006,,13518,"[954, 270]",False,Left,True,0.0,False,medium,False,"[[1128, 12], [588, 48], [516, 210], [678, 264], [1020, 282], [516, 282], [1164, 444]]",,[],,0.5264651190154005,0.726729634465134
754,5,2,12.600999999999999,,13518,"[954, 270]",False,Left,True,0.0,False,medium,False,"[[1134, 6], [594, 42], [522, 204], [684, 258], [1026, 276], [522, 276], [1170, 438]]",,[],,0.5264651190154005,0.726729634465134
755,5,2,12.619000000000028,,13518,"[954, 270]",False,Left,True,0.0,False,medium,False,"[[1140, 0], [600, 36], [528, 198], [690, 252], [1032, 270], [528, 270], [1176, 432]]",,[],,0.5281019005559804,0.7221483440089734
756,5,2,12.635999999999967,,13518,"[954, 270]",False,Left,True,0.0,False,medium,False,"[[606, 30], [534, 192], [696, 246], [1038, 264], [534, 264], [1182, 426]]",,[],,0.5281019005559804,0.7221483440089734
757,5,2,12.654999999999973,,13518,"[954, 270]",False,Left,True,0.0,False,medium,False,"[[612, 24], [540, 186], [702, 240], [1044, 258], [540, 258], [1188, 420]]",,[],,0.9722438951994938,0.42646737984405014
758,5,2,12.67100000000005,,13518,"[954, 270]",False,Left,True,0.0,False,medium,False,"[[618, 18], [546, 180], [708, 234], [1050, 252], [546, 252], [1194, 414]]",,[],,0.9722438951994938,0.42646737984405014
759,5,2,12.687999999999988,,13518,"[954, 270]",False,Left,True,0.0,False,medium,False,"[[624, 12], [552, 174], [714, 228], [1056, 246], [552, 246], [1200, 408]]",,[],,0.9722438951994938,0.42646737984405014
760,5,2,12.705000000000041,,13518,"[954, 270]",False,Left,True,0.0,False,medium,False,"[[630, 6], [558, 168], [720, 222], [1062, 240], [558, 240], [1206, 402]]",,[],,0.5376615737344371,0.7340610317857561
761,5,2,12.720000000000027,,13518,"[954, 270]",False,Left,True,0.0,False,medium,False,"[[636, 0], [564, 162], [726, 216], [1068, 234], [564, 234], [1212, 396]]",,[],,0.5348687466596995,0.7322064084417197
762,5,2,12.738000000000056,,13518,"[954, 270]",False,Left,True,0.0,False,medium,False,"[[570, 156], [732, 210], [1074, 228], [570, 228], [1218, 390]]",,[],,0.5348687466596995,0.7322064084417197
763,5,2,12.757000000000062,,13518,"[954, 270]",False,Left,True,0.0,False,medium,False,"[[576, 150], [738, 204], [1080, 222], [576, 222], [1224, 384]]",,[],,0.9724630235217354,0.42609766466535903
764,5,2,12.773000000000025,,13518,"[954, 270]",False,Left,True,0.0,False,medium,False,"[[582, 144], [744, 198], [1086, 216], [582, 216], [1230, 378]]",,[],,0.9724630235217354,0.42609766466535903
765,5,2,12.790000000000077,,13518,"[954, 270]",False,Left,True,0.0,False,medium,False,"[[588, 138], [750, 192], [1092, 210], [588, 210], [1236, 372]]",,[],,0.5362768741837023,0.711057736712781
766,5,2,12.805000000000064,,13518,"[954, 270]",False,Left,True,0.0,False,medium,False,"[[594, 132], [756, 186], [1098, 204], [594, 204], [1242, 366]]",,[],,0.5360755687585163,0.7049896687169683
767,5,2,12.821000000000026,,13518,"[954, 270]",False,Left,True,0.0,False,medium,False,"[[600, 126], [762, 180], [1104, 198], [600, 198], [1248, 360]]",,[],,0.5369849504623517,0.7007705552265248
768,5,2,12.836999999999989,,13518,"[954, 270]",False,,True,0.0,False,medium,False,"[[606, 120], [768, 174], [1110, 192], [606, 192], [1254, 354]]",,[],,0.5369849504623517,0.7007705552265248
769,5,2,12.854000000000042,,13518,"[954, 270]",False,,True,0.0,False,medium,False,"[[606, 114], [768, 168], [1110, 186], [606, 186], [1254, 348]]",,[],,0.8082967127268482,1.013151366699489
770,5,2,12.870999999999981,,13518,"[954, 270]",False,,True,0.0,False,medium,False,"[[606, 108], [768, 162], [1110, 180], [606, 180], [1254, 342]]",,[],,0.9724630235217354,0.42609766466535903
771,5,2,12.888000000000034,,13518,"[954, 270]",False,,True,0.0,False,medium,False,"[[606, 102], [768, 156], [1110, 174], [606, 174], [1254, 336]]",,[],,0.5361197451359526,0.6992350589670348
772,5,2,12.903999999999996,,13518,"[954, 270]",False,,True,0.0,False,medium,False,"[[606, 96], [768, 150], [1110, 168], [606, 168], [1254, 330]]",,[],,0.5361197451359526,0.6992350589670348
773,5,2,12.922000000000025,,13518,"[954, 270]",False,,True,0.0,False,medium,False,"[[606, 90], [768, 144], [1110, 162], [606, 162], [1254, 324], [606, 810]]",,[],,0.9724630235217354,0.42609766466535903
774,5,2,12.937999999999988,,13518,"[954, 270]",False,,True,0.0,False,medium,False,"[[606, 84], [768, 138], [1110, 156], [606, 156], [1254, 318], [606, 804]]",,[],,0.5305083017928949,0.7058947490197414
775,5,2,12.955000000000041,,13518,"[954, 270]",False,,True,0.0,False,medium,False,"[[606, 78], [768, 132], [1110, 150], [606, 150], [1254, 312], [606, 798]]",,[],,0.8082491319475589,1.0156597615839453
776,5,2,12.97199999999998,,13518,"[954, 270]",False,,True,0.0,False,medium,False,"[[606, 72], [768, 126], [1110, 144], [606, 144], [1254, 306], [606, 792], [804, 810]]",,[],,0.9724630235217354,0.42609766466535903
777,5,2,12.988000000000056,,13518,"[954, 270]",False,,True,0.0,False,medium,False,"[[606, 66], [768, 120], [1110, 138], [606, 138], [1254, 300], [606, 786], [804, 804]]",,[],,0.9724630235217354,0.42609766466535903
778,5,2,13.004000000000019,,13518,"[954, 270]",False,,True,0.0,False,medium,False,"[[606, 60], [768, 114], [1110, 132], [606, 132], [1254, 294], [606, 780], [804, 798]]",,[],,0.9724630235217354,0.42609766466535903
779,5,2,13.022000000000048,,13518,"[954, 270]",False,,True,0.0,False,medium,False,"[[606, 54], [768, 108], [1110, 126], [606, 126], [1254, 288], [606, 774], [804, 792]]",,[],,0.8048190965164757,1.0006885322913885
780,5,2,13.038000000000011,,13518,"[954, 270]",False,,True,0.0,False,medium,False,"[[606, 48], [768, 102], [1110, 120], [606, 120], [1254, 282], [606, 768], [804, 786]]",,[],,0.8014801682386686,0.9949494179102618
781,5,2,13.055000000000064,,13518,"[954, 270]",False,,True,0.0,False,medium,False,"[[606, 42], [768, 96], [1110, 114], [606, 114], [1254, 276], [606, 762], [804, 780]]",,[],,0.9724630235217354,0.42609766466535903
782,5,2,13.072000000000003,,13518,"[954, 270]",False,,True,0.0,False,medium,False,"[[606, 36], [768, 90], [1110, 108], [606, 108], [1254, 270], [606, 756], [804, 774]]",,[],,0.9724630235217354,0.42609766466535903
783,5,2,13.08800000000008,,13518,"[954, 270]",False,,True,0.0,False,medium,False,"[[606, 30], [768, 84], [1110, 102], [606, 102], [1254, 264], [606, 750], [804, 768]]",,[],,0.9724630235217354,0.42609766466535903
784,5,2,13.104000000000042,,13518,"[954, 270]",False,,True,0.0,False,medium,False,"[[606, 24], [768, 78], [1110, 96], [606, 96], [1254, 258], [606, 744], [804, 762]]",,[],,0.9724630235217354,0.42609766466535903
785,5,2,13.120000000000005,,13518,"[954, 270]",False,,True,0.0,False,medium,False,"[[606, 18], [768, 72], [1110, 90], [606, 90], [1254, 252], [606, 738], [804, 756], [912, 810]]",,[],,0.5197517993015728,0.6549784162537835
786,5,2,13.137000000000057,,13518,"[954, 270]",False,,True,0.0,False,medium,False,"[[606, 12], [768, 66], [1110, 84], [606, 84], [1254, 246], [606, 732], [804, 750], [912, 804]]",,[],,0.5197517993015728,0.6549784162537835
787,5,2,13.153999999999996,,13518,"[954, 270]",False,,True,0.0,False,medium,False,"[[606, 6], [768, 60], [1110, 78], [606, 78], [1254, 240], [606, 726], [804, 744], [912, 798]]",,[],,0.540305524518161,0.4173920921681681
788,5,2,13.170000000000073,,13518,"[954, 270]",False,,True,0.0,False,medium,False,"[[606, 0], [768, 54], [1110, 72], [606, 72], [1254, 234], [606, 720], [804, 738], [912, 792], [948, 810]]",,[],,0.540305524518161,0.4173920921681681
789,5,2,13.187000000000012,,13518,"[954, 270]",False,,True,0.0,False,medium,False,"[[768, 48], [1110, 66], [606, 66], [1254, 228], [606, 714], [804, 732], [912, 786], [948, 804]]",,[],,0.9724630235217354,0.42609766466535903
790,5,2,13.202999999999975,,13518,"[954, 270]",False,,True,0.0,False,medium,False,"[[768, 42], [1110, 60], [606, 60], [1254, 222], [606, 708], [804, 726], [912, 780], [948, 798]]",,[],,0.9724630235217354,0.42609766466535903
791,5,2,13.219000000000051,,13518,"[954, 270]",False,,True,0.0,False,medium,False,"[[768, 36], [1110, 54], [606, 54], [1254, 216], [606, 702], [804, 720], [912, 774], [948, 792]]",,[],,0.5805061486846254,0.4404646079770952
792,5,2,13.235000000000014,,13518,"[954, 270]",False,,True,0.0,False,medium,False,"[[768, 30], [1110, 48], [606, 48], [1254, 210], [606, 696], [804, 714], [912, 768], [948, 786]]",,[],,0.5805061486846254,0.4404646079770952
793,5,2,13.254000000000019,,13518,"[954, 270]",False,,True,0.0,False,medium,False,"[[768, 24], [1110, 42], [606, 42], [1254, 204], [606, 690], [804, 708], [912, 762], [948, 780]]",,[],,0.7872944433381837,1.103085393582535
794,5,2,13.271000000000072,,13518,"[954, 270]",False,,True,0.0,False,medium,False,"[[768, 18], [1110, 36], [606, 36], [1254, 198], [606, 684], [804, 702], [912, 756], [948, 774]]",,[],,0.7872944433381837,1.103085393582535
795,5,2,13.287000000000035,,13518,"[954, 270]",False,,True,0.0,False,medium,False,"[[768, 12], [1110, 30], [606, 30], [1254, 192], [606, 678], [804, 696], [912, 750], [948, 768]]",,[],,0.9724630235217354,0.42609766466535903
796,5,2,13.302999999999997,,13518,"[954, 270]",False,,True,0.0,False,medium,False,"[[768, 6], [1110, 24], [606, 24], [1254, 186], [606, 672], [804, 690], [912, 744], [948, 762]]",,[],,0.9724630235217354,0.42609766466535903
797,5,2,13.32000000000005,,13518,"[954, 270]",False,,True,0.0,False,medium,False,"[[768, 0], [1110, 18], [606, 18], [1254, 180], [606, 666], [804, 684], [912, 738], [948, 756]]",,[],,0.9724630235217354,0.42609766466535903
798,5,2,13.336999999999989,,13518,"[954, 270]",False,,True,0.0,False,medium,False,"[[1110, 12], [606, 12], [1254, 174], [606, 660], [804, 678], [912, 732], [948, 750]]",,[],,0.9724630235217354,0.42609766466535903
799,5,2,13.353000000000065,,13518,"[954, 270]",False,,True,0.0,False,medium,False,"[[1110, 6], [606, 6], [1254, 168], [606, 654], [804, 672], [912, 726], [948, 744]]",,[],,0.9724630235217354,0.42609766466535903
800,5,2,13.370000000000005,,13518,"[954, 270]",False,,True,0.0,False,medium,False,"[[1110, 0], [606, 0], [1254, 162], [606, 648], [804, 666], [912, 720], [948, 738], [1236, 810]]",,[],,0.9724630235217354,0.42609766466535903
801,5,2,13.38900000000001,,13518,"[954, 270]",False,,True,0.0,False,medium,False,"[[1254, 156], [606, 642], [804, 660], [912, 714], [948, 732], [1236, 804]]",,[],,0.9724630235217354,0.42609766466535903
802,5,2,13.406000000000063,,13518,"[954, 270]",False,,True,0.0,False,medium,False,"[[1254, 150], [606, 636], [804, 654], [912, 708], [948, 726], [1236, 798]]",,[],,0.9724630235217354,0.42609766466535903
803,5,2,13.423999999999978,,13518,"[954, 270]",False,,True,0.0,False,medium,False,"[[1254, 144], [606, 630], [804, 648], [912, 702], [948, 720], [1236, 792]]",,[],,0.9724630235217354,0.42609766466535903
804,5,2,13.441000000000031,,13518,"[954, 270]",False,,True,0.0,False,medium,False,"[[1254, 138], [606, 624], [804, 642], [912, 696], [948, 714], [1236, 786]]",,[],,0.9724630235217354,0.42609766466535903
805,5,2,13.460000000000036,,13518,"[954, 270]",False,,True,0.0,False,medium,False,"[[1254, 132], [606, 618], [804, 636], [912, 690], [948, 708], [1236, 780]]",,[],,0.9724630235217354,0.42609766466535903
806,5,2,13.476999999999975,,13518,"[954, 270]",False,,True,0.0,False,medium,False,"[[1254, 126], [606, 612], [804, 630], [912, 684], [948, 702], [1236, 774], [1074, 810]]",,[],,0.531171504600967,0.6637653580186516
807,5,2,13.493000000000052,,13518,"[954, 270]",False,,True,0.0,False,medium,False,"[[1254, 120], [606, 606], [804, 624], [912, 678], [948, 696], [1236, 768], [1074, 804]]",,[],,0.8206763610084018,0.9446396647184783
808,5,2,13.509000000000015,,13518,"[954, 270]",False,,True,0.0,False,medium,False,"[[1254, 114], [606, 600], [804, 618], [912, 672], [948, 690], [1236, 762], [1074, 798]]",,[],,0.9724630235217354,0.42609766466535903
809,5,2,13.526000000000067,,13518,"[954, 270]",False,,True,0.0,False,medium,False,"[[1254, 108], [606, 594], [804, 612], [912, 666], [948, 684], [1236, 756], [1074, 792], [912, 810]]",,[],,0.9724630235217354,0.42609766466535903
810,5,2,13.54200000000003,,13518,"[954, 270]",False,,True,0.0,False,medium,False,"[[1254, 102], [606, 588], [804, 606], [912, 660], [948, 678], [1236, 750], [1074, 786], [912, 804]]",,[],,0.5349395476581472,0.6657146249716539
811,5,2,13.56000000000006,,13518,"[954, 270]",False,,True,0.0,False,medium,False,"[[1254, 96], [606, 582], [804, 600], [912, 654], [948, 672], [1236, 744], [1074, 780], [912, 798]]",,[],,0.838371938482311,0.976157779551261
812,5,2,13.576999999999998,,13518,"[954, 270]",False,,True,0.0,False,medium,False,"[[1254, 90], [606, 576], [804, 594], [912, 648], [948, 666], [1236, 738], [1074, 774], [912, 792]]",,[],,0.8632600570811919,0.9939845222936851
813,5,2,13.594000000000051,,13518,"[954, 270]",False,,True,0.0,False,medium,False,"[[1254, 84], [606, 570], [804, 588], [912, 642], [948, 660], [1236, 732], [1074, 768], [912, 786]]",,[],,0.9724630235217354,0.42609766466535903
814,5,2,13.61099999999999,,13518,"[954, 270]",False,,True,0.0,False,medium,False,"[[1254, 78], [606, 564], [804, 582], [912, 636], [948, 654], [1236, 726], [1074, 762], [912, 780]]",,[],,0.9724630235217354,0.42609766466535903
815,5,2,13.627000000000066,,13518,"[954, 270]",False,,True,0.0,False,medium,False,"[[1254, 72], [606, 558], [804, 576], [912, 630], [948, 648], [1236, 720], [1074, 756], [912, 774]]",,[],,0.9724630235217354,0.42609766466535903
816,5,2,13.644999999999982,,13518,"[954, 270]",False,,True,0.0,False,medium,False,"[[1254, 66], [606, 552], [804, 570], [912, 624], [948, 642], [1236, 714], [1074, 750], [912, 768]]",,[],,0.5364441795074288,0.6514089444081649
817,5,2,13.662000000000035,,13518,"[954, 270]",False,,True,0.0,False,medium,False,"[[1254, 60], [606, 546], [804, 564], [912, 618], [948, 636], [1236, 708], [1074, 744], [912, 762]]",,[],,0.9724630235217354,0.42609766466535903
818,5,2,13.678999999999974,,13518,"[954, 270]",False,,True,0.0,False,medium,False,"[[1254, 54], [606, 540], [804, 558], [912, 612], [948, 630], [1236, 702], [1074, 738], [912, 756]]",,[],,0.5532984179672883,0.5639697774369512
819,5,2,13.69500000000005,,13518,"[954, 270]",False,,True,0.0,False,medium,False,"[[1254, 48], [606, 534], [804, 552], [912, 606], [948, 624], [1236, 696], [1074, 732], [912, 750]]",,[],,0.5532984179672883,0.5639697774369512
820,5,2,13.711000000000013,,13518,"[954, 270]",False,,True,0.0,False,medium,False,"[[1254, 42], [606, 528], [804, 546], [912, 600], [948, 618], [1236, 690], [1074, 726], [912, 744]]",,[],,0.8569756962776041,0.9471359830680504
821,5,2,13.726999999999975,,13518,"[954, 270]",False,,True,0.0,False,medium,False,"[[1254, 36], [606, 522], [804, 540], [912, 594], [948, 612], [1236, 684], [1074, 720], [912, 738]]",,[],,0.9724630235217354,0.42609766466535903
822,5,2,13.744000000000028,,13518,"[954, 270]",False,,True,0.0,False,medium,False,"[[1254, 30], [606, 516], [804, 534], [912, 588], [948, 606], [1236, 678], [1074, 714], [912, 732]]",,[],,0.5492841262912366,0.5404695727999342
823,5,2,13.759999999999991,,13518,"[954, 270]",False,,True,0.0,False,medium,False,"[[1254, 24], [606, 510], [804, 528], [912, 582], [948, 600], [1236, 672], [1074, 708], [912, 726]]",,[],,0.8501064027847853,0.8939556087653571
824,5,2,13.776000000000067,,13518,"[954, 270]",False,,True,0.0,False,medium,False,"[[1254, 18], [606, 504], [804, 522], [912, 576], [948, 594], [1236, 666], [1074, 702], [912, 720]]",,[],,0.8556082018219845,1.0040367488416486
825,5,2,13.793000000000006,,13518,"[954, 270]",False,,True,0.0,False,medium,False,"[[1254, 12], [606, 498], [804, 516], [912, 570], [948, 588], [1236, 660], [1074, 696], [912, 714]]",,[],,0.972601087186136,0.4259323834424191
826,5,2,13.808999999999969,,13518,"[954, 270]",False,,True,0.0,False,medium,False,"[[1254, 6], [606, 492], [804, 510], [912, 564], [948, 582], [1236, 654], [1074, 690], [912, 708]]",,[],,0.972601087186136,0.4259323834424191
827,5,2,13.826999999999998,,13518,"[954, 270]",False,,True,0.0,False,medium,False,"[[1254, 0], [606, 486], [804, 504], [912, 558], [948, 576], [1236, 648], [1074, 684], [912, 702]]",,[],,0.8543306798849628,1.0244330460380493
828,5,2,13.844000000000051,,13518,"[954, 270]",False,,True,0.0,False,medium,False,"[[606, 480], [804, 498], [912, 552], [948, 570], [1236, 642], [1074, 678], [912, 696]]",,[],,0.972601087186136,0.4259323834424191
829,5,2,13.860000000000014,,13518,"[954, 270]",False,,True,0.0,False,medium,False,"[[606, 474], [804, 492], [912, 546], [948, 564], [1236, 636], [1074, 672], [912, 690]]",,[],,0.972601087186136,0.4259323834424191
830,5,2,13.877000000000066,,13518,"[954, 270]",False,,True,0.0,False,medium,False,"[[606, 468], [804, 486], [912, 540], [948, 558], [1236, 630], [1074, 666], [912, 684]]",,[],,0.972601087186136,0.4259323834424191
831,5,2,13.893000000000029,,13518,"[954, 270]",False,,True,0.0,False,medium,False,"[[606, 462], [804, 480], [912, 534], [948, 552], [1236, 624], [1074, 660], [912, 678]]",,[],,0.972601087186136,0.4259323834424191
832,5,2,13.911000000000058,,13518,"[954, 270]",False,,True,0.0,False,medium,False,"[[606, 456], [804, 474], [912, 528], [948, 546], [1236, 618], [1074, 654], [912, 672]]",,[],,0.972601087186136,0.4259323834424191
833,5,2,13.927000000000021,,13518,"[954, 270]",False,,True,0.0,False,medium,False,"[[606, 450], [804, 468], [912, 522], [948, 540], [1236, 612], [1074, 648], [912, 666]]",,[],,0.5392147117355999,0.612100205236819
834,5,2,13.944000000000074,,13518,"[954, 270]",False,Left,True,0.0,False,medium,False,"[[606, 444], [804, 462], [912, 516], [948, 534], [1236, 606], [1074, 642], [912, 660]]",,[],,0.537588729357476,0.6227679105878698
835,5,2,13.960000000000036,,13518,"[954, 270]",False,Left,True,0.0,False,medium,False,"[[612, 438], [810, 456], [918, 510], [954, 528], [1242, 600], [1080, 636], [918, 654]]",,[],,0.972601087186136,0.4259323834424191
836,5,2,13.975999999999999,,13518,"[954, 270]",False,Left,True,0.0,False,medium,False,"[[618, 432], [816, 450], [924, 504], [960, 522], [1248, 594], [1086, 630], [924, 648]]",,[],,0.972601087186136,0.4259323834424191
837,5,2,13.993000000000052,,13518,"[954, 270]",False,Left,True,0.0,False,medium,False,"[[624, 426], [822, 444], [930, 498], [966, 516], [1254, 588], [1092, 624], [930, 642]]",,[],,0.854783172919861,1.038798274096028
838,5,2,14.009000000000015,,13518,"[954, 270]",False,Left,True,0.0,False,medium,False,"[[630, 420], [828, 438], [936, 492], [972, 510], [1260, 582], [1098, 618], [936, 636]]",,[],,0.854783172919861,1.038798274096028
839,5,2,14.026000000000067,,13518,"[954, 270]",False,Left,True,0.0,False,medium,False,"[[636, 414], [834, 432], [942, 486], [978, 504], [1266, 576], [1104, 612], [942, 630], [870, 810]]",,[],,0.972601087186136,0.4259323834424191
840,5,2,14.04200000000003,,13518,"[954, 270]",False,Left,True,0.0,False,medium,False,"[[642, 408], [840, 426], [948, 480], [984, 498], [1272, 570], [1110, 606], [948, 624], [876, 804]]",,[],,0.972601087186136,0.4259323834424191
841,5,2,14.057999999999993,,13518,"[954, 270]",False,Left,True,0.0,False,medium,False,"[[648, 402], [846, 420], [954, 474], [990, 492], [1278, 564], [1116, 600], [954, 618], [882, 798]]",,[],,0.972601087186136,0.4259323834424191
842,5,2,14.07400000000007,,13518,"[954, 270]",False,Left,True,0.0,False,medium,False,"[[654, 396], [852, 414], [960, 468], [996, 486], [1284, 558], [1122, 594], [960, 612], [888, 792]]",,[],,0.972601087186136,0.4259323834424191
843,5,2,14.091000000000008,,13518,"[954, 270]",False,Left,True,0.0,False,medium,False,"[[660, 390], [858, 408], [966, 462], [1002, 480], [1290, 552], [1128, 588], [966, 606], [894, 786]]",,[],,0.5333265775456281,0.6609873323802147
844,5,2,14.106999999999971,,13518,"[954, 270]",False,Left,True,0.0,False,medium,False,"[[666, 384], [864, 402], [972, 456], [1008, 474], [1296, 546], [1134, 582], [972, 600], [900, 780]]",,[],,0.5333265775456281,0.6609873323802147
845,5,2,14.124000000000024,,13518,"[954, 270]",False,Left,True,0.0,False,medium,False,"[[672, 378], [870, 396], [978, 450], [1014, 468], [1302, 540], [1140, 576], [978, 594], [906, 774]]",,[],,0.972601087186136,0.4259323834424191
846,5,2,14.139999999999986,,13518,"[954, 270]",False,Left,True,0.0,False,medium,False,"[[678, 372], [876, 390], [984, 444], [1020, 462], [1308, 534], [1146, 570], [984, 588], [912, 768]]",,[],,0.972601087186136,0.4259323834424191
847,5,2,14.157000000000039,,13518,"[954, 270]",False,Left,True,0.0,False,medium,False,"[[684, 366], [882, 384], [990, 438], [1026, 456], [1314, 528], [1152, 564], [990, 582], [918, 762]]",,[],,0.972601087186136,0.4259323834424191
848,5,2,14.173000000000002,,13518,"[954, 270]",False,Left,True,0.0,False,medium,False,"[[690, 360], [888, 378], [996, 432], [1032, 450], [1320, 522], [1158, 558], [996, 576], [924, 756]]",,[],,0.972601087186136,0.4259323834424191
849,5,2,14.191000000000031,,13518,"[954, 270]",False,Left,True,0.0,False,medium,False,"[[696, 354], [894, 372], [1002, 426], [1038, 444], [1326, 516], [1164, 552], [1002, 570], [930, 750]]",,[],,0.972601087186136,0.4259323834424191
850,5,2,14.206999999999994,,13518,"[954, 270]",False,Left,True,0.0,False,medium,False,"[[702, 348], [900, 366], [1008, 420], [1044, 438], [1332, 510], [1170, 546], [1008, 564], [936, 744]]",,[],,0.972601087186136,0.4259323834424191
851,5,2,14.22300000000007,,13518,"[954, 270]",False,Left,True,0.0,False,medium,False,"[[708, 342], [906, 360], [1014, 414], [1050, 432], [1338, 504], [1176, 540], [1014, 558], [942, 738], [1086, 810]]",,[],,0.972601087186136,0.4259323834424191
852,5,2,14.239000000000033,,13518,"[954, 270]",False,Left,True,0.0,False,medium,False,"[[714, 336], [912, 354], [1020, 408], [1056, 426], [1344, 498], [1182, 534], [1020, 552], [948, 732], [1092, 804]]",,[],,0.972601087186136,0.4259323834424191
853,5,2,14.255999999999972,,13518,"[954, 270]",False,Left,True,0.0,False,medium,False,"[[720, 330], [918, 348], [1026, 402], [1062, 420], [1350, 492], [1188, 528], [1026, 546], [954, 726], [1098, 798]]",,[],,0.972601087186136,0.4259323834424191
854,5,2,14.272000000000048,,13518,"[954, 270]",False,Left,True,0.0,False,medium,False,"[[726, 324], [924, 342], [1032, 396], [1068, 414], [1356, 486], [1194, 522], [1032, 540], [960, 720], [1104, 792], [780, 810]]",,[],,0.972601087186136,0.4259323834424191
855,5,2,14.290000000000077,,13518,"[954, 270]",False,Left,True,0.0,False,medium,False,"[[732, 318], [930, 336], [1038, 390], [1074, 408], [1362, 480], [1200, 516], [1038, 534], [966, 714], [1110, 786], [786, 804]]",,[],,0.5111584150856394,0.643736541428727
856,5,2,14.30600000000004,,13518,"[954, 270]",False,Left,True,0.0,False,medium,False,"[[738, 312], [936, 330], [1044, 384], [1080, 402], [1368, 474], [1206, 510], [1044, 528], [972, 708], [1116, 780], [792, 798]]",,[],,0.5111584150856394,0.643736541428727
857,5,2,14.322999999999979,,13518,"[954, 270]",False,Left,True,0.0,False,medium,False,"[[744, 306], [942, 324], [1050, 378], [1086, 396], [1374, 468], [1212, 504], [1050, 522], [978, 702], [1122, 774], [798, 792]]",,[],,0.5033698548346098,0.6483152130476467
858,5,2,14.340000000000032,,13518,"[954, 270]",False,Left,True,0.0,False,medium,False,"[[750, 300], [948, 318], [1056, 372], [1092, 390], [1380, 462], [1218, 498], [1056, 516], [984, 696], [1128, 768], [804, 786]]",,[],,0.5033698548346098,0.6483152130476467
859,5,2,14.356999999999971,,13518,"[954, 270]",False,Left,True,0.0,False,medium,False,"[[756, 294], [954, 312], [1062, 366], [1098, 384], [1386, 456], [1224, 492], [1062, 510], [990, 690], [1134, 762], [810, 780]]",,[],,0.972601087186136,0.4259323834424191
860,5,2,14.373000000000047,,13518,"[954, 270]",False,Left,True,0.0,False,medium,False,"[[762, 288], [960, 306], [1068, 360], [1104, 378], [1392, 450], [1230, 486], [1068, 504], [996, 684], [1140, 756], [816, 774]]",,[],,0.972601087186136,0.4259323834424191
861,5,2,14.391000000000076,,13518,"[954, 270]",False,Left,True,0.0,False,medium,False,"[[768, 282], [966, 300], [1074, 354], [1110, 372], [1398, 444], [1236, 480], [1074, 498], [1002, 678], [1146, 750], [822, 768]]",,[],,0.8480062461406452,0.942195828219407
862,5,2,14.408000000000015,,13518,"[954, 270]",False,Left,True,0.0,False,medium,False,"[[774, 276], [972, 294], [1080, 348], [1116, 366], [1404, 438], [1242, 474], [1080, 492], [1008, 672], [1152, 744], [828, 762]]",,[],,0.8480062461406452,0.942195828219407
863,5,2,14.426000000000045,,13518,"[954, 270]",True,Left,True,0.0,False,medium,False,"[[780, 270], [978, 288], [1086, 342], [1122, 360], [1410, 432], [1248, 468], [1086, 486], [1014, 666], [1158, 738], [834, 756]]",,[],,0.972601087186136,0.4259323834424191
864,5,2,15.75,,13518,"[954, 270]",True,Left,True,0.0,False,medium,False,"[[786, 264], [984, 282], [1092, 336], [1128, 354], [1416, 426], [1254, 462], [1092, 480], [1020, 660], [1164, 732], [840, 750]]",,[],5,0.24239087603490717,0.13003401314203256
