,trial,attempt,time_played,time_tag,level_size_y,player_pos,collision,current_input,drift_enabled,current_drift,level_done,input_noise_magnitude,input_noise_on,visible_obstacles,adjacent_wall_tiles_x_pos,visible_drift_tiles,SoC,gaze_x,gaze_y
0,4,1,0.0009999999999763531,,13518,"[954, -86]",False,,True,0.0,False,weak,False,[],,[],,0.5120180628215281,0.3767715278735809
1,4,1,0.016999999999939064,,13518,"[954, -82]",False,,True,0.0,False,weak,False,[],,[],,0.5120180628215281,0.3767715278735809
2,4,1,0.032999999999901775,,13518,"[954, -78]",False,,True,0.0,False,weak,False,[],,[],,0.5127950879803536,0.3756075951536165
3,4,1,0.049999999999954525,,13518,"[954, -74]",False,,True,0.0,False,weak,False,[],,[],,0.5132914973479649,0.3744362486296947
4,4,1,0.06799999999998363,,13518,"[954, -70]",False,,True,0.0,False,weak,False,[],,[],,0.5172986779110806,0.37851915115676515
5,4,1,0.08399999999994634,,13518,"[954, -66]",False,,True,0.0,False,weak,False,[],,[],,0.5172986779110806,0.37851915115676515
6,4,1,0.09999999999990905,,13518,"[954, -62]",False,,True,0.0,False,weak,False,[],,[],,0.5171299621202258,0.37586742768176873
7,4,1,0.11599999999998545,,13518,"[954, -58]",False,,True,0.0,False,weak,False,[],,[],,0.5164509596305564,0.3742577677868363
8,4,1,0.1329999999999245,,13518,"[954, -54]",False,,True,0.0,False,weak,False,[],,[],,0.5147127595157373,0.37107784085365947
9,4,1,0.14999999999997726,,13518,"[954, -50]",False,,True,0.0,False,weak,False,[],,[],,0.5147127595157373,0.37107784085365947
10,4,1,0.16599999999993997,,13518,"[954, -46]",False,,True,0.0,False,weak,False,[],,[],,0.5140421249294485,0.3616856948402526
11,4,1,0.18299999999999272,,13518,"[954, -42]",False,,True,0.0,False,weak,False,[],,[],,0.5141734715603483,0.3616562430020177
12,4,1,0.1999999999999318,,13518,"[954, -38]",False,,True,0.0,False,weak,False,[],,[],,0.5134311127560927,0.35728792137397547
13,4,1,0.21699999999998454,,13518,"[954, -34]",False,,True,0.0,False,weak,False,[],,[],,0.5136331397307125,0.35674689548072336
14,4,1,0.2339999999999236,,13518,"[954, -30]",False,,True,0.0,False,weak,False,[],,[],,0.5136018552974523,0.3556128968777116
15,4,1,0.25,,13518,"[954, -26]",False,,True,0.0,False,weak,False,[],,[],,0.514279020493323,0.3554522734995307
16,4,1,0.26699999999993906,,13518,"[954, -22]",False,,True,0.0,False,weak,False,[],,[],,0.5126269897700542,0.35318186893187753
17,4,1,0.2839999999999918,,13518,"[954, -18]",False,,True,0.0,False,weak,False,[],,[],,0.5126269897700542,0.35318186893187753
18,4,1,0.3009999999999309,,13518,"[954, -14]",False,,True,0.0,False,weak,False,[],,[],,0.5134964950821881,0.34600905344475164
19,4,1,0.3169999999998936,,13518,"[954, -10]",False,,True,0.0,False,weak,False,[],,[],,0.5134964950821881,0.34600905344475164
20,4,1,0.33399999999994634,,13518,"[954, -6]",False,,True,0.0,False,weak,False,[],,[],,0.5139177703652239,0.3402811483568058
21,4,1,0.34999999999990905,,13518,"[954, -2]",False,,True,0.0,False,weak,False,[],,[],,0.5139177703652239,0.3402811483568058
22,4,1,0.3669999999999618,,13518,"[954, 2]",False,,True,0.0,False,weak,False,[],,[],,0.5144240322722209,0.33694406747568684
23,4,1,0.38199999999994816,,13518,"[954, 6]",False,,True,0.0,False,weak,False,[],,[],,0.5142596057538669,0.3329799841164649
24,4,1,0.3990000000000009,,13518,"[954, 10]",False,,True,0.0,False,weak,False,[],,[],,0.5132771409664822,0.32517770069719365
25,4,1,0.4149999999999636,,13518,"[954, 14]",False,,True,0.0,False,weak,False,[],,[],,0.5132306937763367,0.3204514539690284
26,4,1,0.43099999999992633,,13518,"[954, 18]",False,,True,0.0,False,weak,False,[],,[],,0.5161653451238637,0.29872375012674646
27,4,1,0.4479999999999791,,13518,"[954, 22]",False,,True,0.0,False,weak,False,[],,[],,0.5161653451238637,0.29872375012674646
28,4,1,0.4639999999999418,,13518,"[954, 26]",False,,True,0.0,False,weak,False,[],,[],,0.5185253261439405,0.29061834959075816
29,4,1,0.48099999999999454,,13518,"[954, 30]",False,,True,0.0,False,weak,False,[],,[],,0.5221234557891965,0.28187530426792384
30,4,1,0.49699999999995725,,13518,"[954, 34]",False,,True,0.0,False,weak,False,[],,[],,0.5241832486000914,0.27807279721249734
31,4,1,0.51299999999992,,13518,"[954, 38]",False,,True,0.0,False,weak,False,[],,[],,0.526859640782051,0.27166916322327805
32,4,1,0.5299999999999727,,13518,"[954, 42]",False,,True,0.0,False,weak,False,[],,[],,0.526859640782051,0.27166916322327805
33,4,1,0.5459999999999354,,13518,"[954, 46]",False,,True,0.0,False,weak,False,[],,[],,0.528072828717977,0.2757801250920072
34,4,1,0.5629999999999882,,13518,"[954, 50]",False,,True,0.0,False,weak,False,[],,[],,0.5293747017636182,0.2759894001250267
35,4,1,0.5789999999999509,,13518,"[954, 54]",False,,True,0.0,False,weak,False,[],,[],,0.527691415352206,0.27820721472503573
36,4,1,0.5949999999999136,,13518,"[954, 58]",False,,True,0.0,False,weak,False,[],,[],,0.5255116155564783,0.2865099199872634
37,4,1,0.6119999999999663,,13518,"[954, 62]",False,,True,0.0,False,weak,False,[],,[],,0.5236811968432826,0.3179412311307074
38,4,1,0.6289999999999054,,13518,"[954, 66]",False,,True,0.0,False,weak,False,[],,[],,0.5236811968432826,0.3179412311307074
39,4,1,0.6449999999999818,,13518,"[954, 70]",False,,True,0.0,False,weak,False,[],,[],,0.5177980296613204,0.322184816992674
40,4,1,0.6609999999999445,,13518,"[954, 74]",False,,True,0.0,False,weak,False,[],,[],,0.5177980296613204,0.322184816992674
41,4,1,0.6769999999999072,,13518,"[954, 78]",False,,True,0.0,False,weak,False,[],,[],,0.5155823722371139,0.32873409707752244
42,4,1,0.69399999999996,,13518,"[954, 82]",False,,True,0.0,False,weak,False,[],,[],,0.5169811744467081,0.3314803898972588
43,4,1,0.7099999999999227,,13518,"[954, 86]",False,,True,0.0,False,weak,False,[],,[],,0.5166931997086006,0.33570517811772305
44,4,1,0.7259999999999991,,13518,"[954, 90]",False,,True,0.0,False,weak,False,[],,[],,0.5166931997086006,0.33570517811772305
45,4,1,0.7419999999999618,,13518,"[954, 94]",False,,True,0.0,False,weak,False,[],,[],,0.47129104628981555,0.24587969915787178
46,4,1,0.7589999999999009,,13518,"[954, 98]",False,,True,0.0,False,weak,False,[],,[],,0.47129104628981555,0.24587969915787178
47,4,1,0.7749999999999773,,13518,"[954, 102]",False,,True,0.0,False,weak,False,[],,[],,0.5282118855400314,0.32681870213473274
48,4,1,0.7919999999999163,,13518,"[954, 106]",False,,True,0.0,False,weak,False,[],,[],,0.5282118855400314,0.32681870213473274
49,4,1,0.8079999999999927,,13518,"[954, 110]",False,,True,0.0,False,weak,False,[],,[],,0.5496190563859429,0.18109658119594607
50,4,1,0.8249999999999318,,13518,"[954, 114]",False,,True,0.0,False,weak,False,[],,[],,0.5496190563859429,0.18109658119594607
51,4,1,0.8429999999999609,,13518,"[954, 118]",False,,True,0.0,False,weak,False,[],,[],,0.5070289409842438,0.19375069379696963
52,4,1,0.8589999999999236,,13518,"[954, 122]",False,,True,0.0,False,weak,False,[],,[],,0.5070289409842438,0.19375069379696963
53,4,1,0.8759999999999764,,13518,"[954, 126]",False,,True,0.0,False,weak,False,[],,[],,0.46899552595170874,0.22560901970532066
54,4,1,0.8919999999999391,,13518,"[954, 130]",False,,True,0.0,False,weak,False,[],,[],,0.46899552595170874,0.22560901970532066
55,4,1,0.9079999999999018,,13518,"[954, 134]",False,,True,0.0,False,weak,False,[],,[],,0.5054282101865388,-0.03719877915120717
56,4,1,0.9249999999999545,,13518,"[954, 138]",False,,True,0.0,False,weak,False,[],,[],,0.5054282101865388,-0.03719877915120717
57,4,1,0.9429999999999836,,13518,"[954, 142]",False,,True,0.0,False,weak,False,[],,[],,0.5017255567576743,0.43720447540533036
58,4,1,0.9599999999999227,,13518,"[954, 146]",False,,True,0.0,False,weak,False,[],,[],,0.5017255567576743,0.43720447540533036
59,4,1,0.9759999999999991,,13518,"[954, 150]",False,,True,0.0,False,weak,False,[],,[],,0.5020646111400069,0.4358676765838597
60,4,1,0.9919999999999618,,13518,"[954, 154]",False,,True,0.0,False,weak,False,[],,[],,0.5020646111400069,0.4358676765838597
61,4,1,1.0089999999999009,,13518,"[954, 158]",False,,True,0.0,False,weak,False,[],,[],,0.5045978315925588,0.4311218596185118
62,4,1,1.0259999999999536,,13518,"[954, 162]",False,,True,0.0,False,weak,False,[],,[],,0.5045978315925588,0.4311218596185118
63,4,1,1.0429999999998927,,13518,"[954, 166]",False,,True,0.0,False,weak,False,[],,[],,0.5098705278939336,0.33691273014019896
64,4,1,1.0599999999999454,,13518,"[954, 170]",False,,True,0.0,False,weak,False,[],,[],,0.5098705278939336,0.33691273014019896
65,4,1,1.0759999999999081,,13518,"[954, 174]",False,,True,0.0,False,weak,False,[],,[],,0.5090634638630916,0.3393268632897811
66,4,1,1.092999999999961,,13518,"[954, 178]",False,,True,0.0,False,weak,False,[],,[],,0.5090634638630916,0.3393268632897811
67,4,1,1.1099999999999,,13518,"[954, 182]",False,,True,0.0,False,weak,False,[],,[],,0.5072883542201743,0.35364384903988555
68,4,1,1.1269999999999527,,13518,"[954, 186]",False,,True,0.0,False,weak,False,[],,[],,0.5072883542201743,0.35364384903988555
69,4,1,1.1440000000000055,,13518,"[954, 190]",False,,True,0.0,False,weak,False,[],,[],,0.506863902819306,0.3830432079327294
70,4,1,1.1599999999999682,,13518,"[954, 194]",False,,True,0.0,False,weak,False,[],,[],,0.506863902819306,0.3830432079327294
71,4,1,1.1759999999999309,,13518,"[954, 198]",False,,True,0.0,False,weak,False,[],,[],,0.5064664936647484,0.38268102568261164
72,4,1,1.1919999999998936,,13518,"[954, 202]",False,,True,0.0,False,weak,False,[],,[],,0.5064664936647484,0.38268102568261164
73,4,1,1.2089999999999463,,13518,"[954, 206]",False,,True,0.0,False,weak,False,[],,[],,0.5071458919867089,0.3816336163880285
74,4,1,1.2239999999999327,,13518,"[954, 210]",False,,True,0.0,False,weak,False,[],,[],,0.5071458919867089,0.3816336163880285
75,4,1,1.2409999999999854,,13518,"[954, 214]",False,,True,0.0,False,weak,False,[],,[],,0.5093303783117654,0.37386602143686176
76,4,1,1.2579999999999245,,13518,"[954, 218]",False,,True,0.0,False,weak,False,[],,[],,0.5093303783117654,0.37386602143686176
77,4,1,1.274000000000001,,13518,"[954, 222]",False,,True,0.0,False,weak,False,[],,[],,0.5093275941097677,0.3715916865132689
78,4,1,1.2899999999999636,,13518,"[954, 226]",False,,True,0.0,False,weak,False,[],,[],,0.5103024621610623,0.37089760336818334
79,4,1,1.3069999999999027,,13518,"[954, 230]",False,,True,0.0,False,weak,False,[],,[],,0.5108284361181178,0.3694766977953703
80,4,1,1.3239999999999554,,13518,"[954, 234]",False,,True,0.0,False,weak,False,[],,[],,0.5108284361181178,0.3694766977953703
81,4,1,1.3399999999999181,,13518,"[954, 238]",False,,True,0.0,False,weak,False,[],,[],,0.5105662060886839,0.368438585747051
82,4,1,1.3559999999999945,,13518,"[954, 242]",False,,True,0.0,False,weak,False,[],,[],,0.5110440233262842,0.365746575565312
83,4,1,1.3729999999999336,,13518,"[954, 246]",False,,True,0.0,False,weak,False,[],,[],,0.5102006257975308,0.363090444150432
84,4,1,1.3899999999999864,,13518,"[954, 250]",False,,True,0.0,False,weak,False,[],,[],,0.5102006257975308,0.363090444150432
85,4,1,1.4069999999999254,,13518,"[954, 254]",False,,True,0.0,False,weak,False,[],,[],,0.5094604860730281,0.360112518692296
86,4,1,1.4239999999999782,,13518,"[954, 258]",False,,True,0.0,False,weak,False,[],,[],,0.5094604860730281,0.360112518692296
87,4,1,1.4399999999999409,,13518,"[954, 262]",False,,True,0.0,False,weak,False,[],,[],,0.5079106789001374,0.3633912775554087
88,4,1,1.4559999999999036,,13518,"[954, 266]",False,,True,0.0,False,weak,False,[],,[],,0.5075884889097104,0.36479240027637483
89,4,1,1.47199999999998,,13518,"[954, 270]",False,,True,0.0,False,weak,False,[],,[],,0.5081683357949889,0.3680078185016923
90,4,1,1.488999999999919,,13518,"[954, 270]",False,,True,0.0,False,weak,False,[],,[],,0.5081683357949889,0.3680078185016923
91,4,1,1.5069999999999482,,13518,"[954, 270]",False,,True,0.0,False,weak,False,[],,[],,0.5030490308404333,0.3503454533873107
92,4,1,1.5229999999999109,,13518,"[954, 270]",False,,True,0.0,False,weak,False,[],,[],,0.5030490308404333,0.3503454533873107
93,4,1,1.5389999999999873,,13518,"[954, 270]",False,,True,0.0,False,weak,False,[],,[],,0.4896345030428069,0.2833542273617847
94,4,1,1.5559999999999263,,13518,"[954, 270]",False,,True,0.0,False,weak,False,[],,[],,0.4839394962033764,0.2645238017200714
95,4,1,1.572999999999979,,13518,"[954, 270]",False,,True,0.0,False,weak,False,[],,[],,0.47962982536753707,0.25882455398131377
96,4,1,1.5889999999999418,,13518,"[954, 270]",False,,True,0.0,False,weak,False,[],,[],,0.47962982536753707,0.25882455398131377
97,4,1,1.6049999999999045,,13518,"[954, 270]",False,,True,0.0,False,weak,False,[],,[],,0.4789178490648759,0.2561676601251499
98,4,1,1.6219999999999573,,13518,"[954, 270]",False,,True,0.0,False,weak,False,[],,[],,0.4776851292955083,0.2529276305949866
99,4,1,1.6389999999998963,,13518,"[954, 270]",False,,True,0.0,False,weak,False,[],,[],,0.4794248694754356,0.25804711093104293
100,4,1,1.6549999999999727,,13518,"[954, 270]",False,,True,0.0,False,weak,False,[],,[],,0.4791171017313828,0.2585286621477888
101,4,1,1.6709999999999354,,13518,"[954, 270]",False,,True,0.0,False,weak,False,[],,[],,0.4802015405963001,0.26029313019302835
102,4,1,1.6889999999999645,,13518,"[954, 270]",False,,True,0.0,False,weak,False,[],,[],,0.4808171583917889,0.25985183287326863
103,4,1,1.7049999999999272,,13518,"[954, 270]",False,,True,0.0,False,weak,False,[],,[],,0.48253062474602393,0.26009978263674927
104,4,1,1.72199999999998,,13518,"[954, 270]",False,,True,0.0,False,weak,False,[],,[],,0.4827801993606891,0.25886415427936404
105,4,1,1.738999999999919,,13518,"[954, 270]",False,,True,0.0,False,weak,False,[],,[],,0.48319650722996244,0.2585613998666343
106,4,1,1.7559999999999718,,13518,"[954, 270]",False,,True,0.0,False,weak,False,[],,[],,0.4825209596636353,0.25765506888667267
107,4,1,1.774000000000001,,13518,"[954, 270]",False,,True,0.0,False,weak,False,[],,[],,0.48243595374792936,0.2597470750880527
108,4,1,1.79099999999994,,13518,"[954, 270]",False,,True,0.0,False,weak,False,[],,[],,0.48243595374792936,0.2597470750880527
109,4,1,1.8059999999999263,,13518,"[954, 270]",False,,True,0.0,False,weak,False,[],,[],,0.4831686988820774,0.2602895483727442
110,4,1,1.8220000000000027,,13518,"[954, 270]",False,,True,0.0,False,weak,False,[],,[],,0.48373615152841554,0.2620306359999056
111,4,1,1.8389999999999418,,13518,"[954, 270]",False,,True,0.0,False,weak,False,[],,[],,0.484581779137563,0.26605664200976287
112,4,1,1.8549999999999045,,13518,"[954, 270]",False,,True,0.0,False,weak,False,[],,[],,0.48451422948580786,0.26821933582581103
113,4,1,1.870999999999981,,13518,"[954, 270]",False,,True,0.0,False,weak,False,[],,[],,0.4842880362900791,0.26842989915462534
114,4,1,1.88799999999992,,13518,"[954, 270]",False,,True,0.0,False,weak,False,[],,[],,0.4845626464721091,0.2706665221308967
115,4,1,1.9049999999999727,,13518,"[954, 270]",False,,True,0.0,False,weak,False,[],,[],,0.4839140062932528,0.2725331608334056
116,4,1,1.9230000000000018,,13518,"[954, 270]",False,,True,0.0,False,weak,False,[],,[],,0.4841640685600631,0.27367281692804035
117,4,1,1.9399999999999409,,13518,"[954, 270]",False,,True,0.0,False,weak,False,[],,[],,0.48243961879427405,0.2557664620580681
118,4,1,1.9559999999999036,,13518,"[954, 270]",False,,True,0.0,False,weak,False,[],,[],,0.48192252871306573,0.23892282031623424
119,4,1,1.9729999999999563,,13518,"[954, 270]",False,,True,0.0,False,weak,False,[],,[],,0.481740558335623,0.22378203170475452
120,4,1,1.988999999999919,,13518,"[954, 270]",False,,True,0.0,False,weak,False,[],,[],,0.4840493965263259,0.22530364887657206
121,4,1,2.005999999999972,,13518,"[954, 270]",False,,True,0.0,False,weak,False,[],,[],,0.48491644624559704,0.22740284565783508
122,4,1,2.022999999999911,,13518,"[954, 270]",False,,True,0.0,False,weak,False,[],,[],,0.48460090887975243,0.22769317759467045
123,4,1,2.0399999999999636,,13518,"[954, 270]",False,,True,0.0,False,weak,False,[],,[],,0.483334170119896,0.22833907335162817
124,4,1,2.0559999999999263,,13518,"[954, 270]",False,,True,0.0,False,weak,False,[],,[],,0.48575860770575785,0.2316410450528683
125,4,1,2.0720000000000027,,13518,"[954, 270]",False,,True,0.0,False,weak,False,[],,[],,0.48677244113582907,0.23396777145229686
126,4,1,2.088999999999942,,13518,"[954, 270]",False,,True,0.0,False,weak,False,[],,[],,0.4868543670137715,0.23738088693206472
127,4,1,2.1059999999999945,,13518,"[954, 270]",False,,True,0.0,False,weak,False,[],,[],,0.4869585532794572,0.23792617932673465
128,4,1,2.1229999999999336,,13518,"[954, 270]",False,,True,0.0,False,weak,False,[],,[],,0.4885591783093184,0.24018079238704027
129,4,1,2.1389999999998963,,13518,"[954, 270]",False,,True,0.0,False,weak,False,[],,[],,0.48821506967193046,0.2419017456207304
130,4,1,2.1549999999999727,,13518,"[954, 270]",False,,True,0.0,False,weak,False,[],,[],,0.488783237590118,0.24729691843074975
131,4,1,2.173000000000002,,13518,"[954, 270]",False,,True,0.0,False,weak,False,[],,[],,0.488334607664333,0.2510164665614876
132,4,1,2.189999999999941,,13518,"[954, 270]",False,,True,0.0,False,weak,False,[],,[],,0.48746546198220725,0.2524146127251361
133,4,1,2.2059999999999036,,13518,"[954, 270]",False,,True,0.0,False,weak,False,[],,[],,0.48610149365434463,0.2525025516936792
134,4,1,2.2229999999999563,,13518,"[954, 270]",False,,True,0.0,False,weak,False,[],,[],,0.48525142750609573,0.25257960280139646
135,4,1,2.2399999999998954,,13518,"[954, 270]",False,,True,0.0,False,weak,False,[],,[],,0.48489878457807195,0.25277791036830466
136,4,1,2.256999999999948,,13518,"[954, 270]",False,,True,0.0,False,weak,False,[],,[],,0.4844251514288952,0.25180802910443056
137,4,1,2.274000000000001,,13518,"[954, 270]",False,,True,0.0,False,weak,False,[],,[],,0.4850635923872269,0.25252893193553805
138,4,1,2.2899999999999636,,13518,"[954, 270]",False,,True,0.0,False,weak,False,[],,[],,0.486611011178837,0.25505610332648887
139,4,1,2.3069999999999027,,13518,"[954, 270]",False,,True,0.0,False,weak,False,[],,[],,0.4871865524613397,0.2549692856861677
140,4,1,2.322999999999979,,13518,"[954, 270]",False,,True,0.0,False,weak,False,[],,[],,0.4891041176497254,0.25713165689031825
141,4,1,2.338999999999942,,13518,"[954, 270]",False,,True,0.0,False,weak,False,[],,[],,0.4895130049374698,0.25844439983838285
142,4,1,2.3549999999999045,,13518,"[954, 270]",False,,True,0.0,False,weak,False,[],,[],,0.49085352824028866,0.25856515659433654
143,4,1,2.370999999999981,,13518,"[954, 270]",False,,True,0.0,False,weak,False,[],,[],,0.4912904682190338,0.2584630846814234
144,4,1,2.3869999999999436,,13518,"[954, 270]",False,,True,0.0,False,weak,False,[],,[],,0.49147678571151754,0.25646540875020196
145,4,1,2.4029999999999063,,13518,"[954, 270]",False,,True,0.0,False,weak,False,[],,[],,0.49147678571151754,0.25646540875020196
146,4,1,2.419999999999959,,13518,"[954, 270]",False,,True,0.0,False,weak,False,[],,[],,0.4934200243511606,0.2536055018811184
147,4,1,2.436999999999898,,13518,"[954, 270]",False,,True,0.0,False,weak,False,[],,[],,0.4934200243511606,0.2536055018811184
148,4,1,2.453999999999951,,13518,"[954, 270]",False,,True,0.0,False,weak,False,[],,[],,0.5054354279562359,0.23524525152697306
149,4,1,2.4710000000000036,,13518,"[954, 270]",False,,True,0.0,False,weak,False,[],,[],,0.511309524484593,0.22685376258860845
150,4,1,2.4869999999999663,,13518,"[954, 270]",False,,True,0.0,False,weak,False,[],,[],,0.5130587631493676,0.22515133629772976
151,4,1,2.502999999999929,,13518,"[954, 270]",False,,True,0.0,False,weak,False,[],,[],,0.5130587631493676,0.22515133629772976
152,4,1,2.5190000000000055,,13518,"[954, 270]",False,,True,0.0,False,weak,False,[],,[],,0.5121139176108909,0.22843064814757608
153,4,1,2.5359999999999445,,13518,"[954, 270]",False,,True,0.0,False,weak,False,[],,[],,0.5121139176108909,0.22843064814757608
154,4,1,2.5529999999999973,,13518,"[954, 270]",False,,True,0.0,False,weak,False,[],,[],,0.5119902967493584,0.23357663509393634
155,4,1,2.5699999999999363,,13518,"[954, 270]",False,,True,0.0,False,weak,False,[],,[],,0.5119902967493584,0.23357663509393634
156,4,1,2.586999999999989,,13518,"[954, 270]",False,,True,0.0,False,weak,False,[],,[],,0.5127424400285967,0.23764838312807257
157,4,1,2.603999999999928,,13518,"[954, 270]",False,,True,0.0,False,weak,False,[],,[],,0.5127424400285967,0.23764838312807257
158,4,1,2.6200000000000045,,13518,"[954, 270]",False,,True,0.0,False,weak,False,"[[1224, 810]]",,[],,0.51266964650759,0.23912285095552333
159,4,1,2.6369999999999436,,13518,"[954, 270]",False,,True,0.0,False,weak,False,"[[1224, 804]]",,[],,0.51266964650759,0.23912285095552333
160,4,1,2.6529999999999063,,13518,"[954, 270]",False,,True,0.0,False,weak,False,"[[1224, 798]]",,[],,0.5116504205758275,0.24209896827662147
161,4,1,2.6689999999999827,,13518,"[954, 270]",False,,True,0.0,False,weak,False,"[[1224, 792]]",,[],,0.5116504205758275,0.24209896827662147
162,4,1,2.6849999999999454,,13518,"[954, 270]",False,,True,0.0,False,weak,False,"[[1224, 786]]",,[],,0.5115205813945611,0.24535634062850864
163,4,1,2.7029999999999745,,13518,"[954, 270]",False,,True,0.0,False,weak,False,"[[1224, 780]]",,[],,0.5115205813945611,0.24535634062850864
164,4,1,2.7189999999999372,,13518,"[954, 270]",False,,True,0.0,False,weak,False,"[[1224, 774]]",,[],,0.51168396571385,0.24743362378640688
165,4,1,2.7349999999999,,13518,"[954, 270]",False,,True,0.0,False,weak,False,"[[1224, 768]]",,[],,0.51168396571385,0.24743362378640688
166,4,1,2.7519999999999527,,13518,"[954, 270]",False,,True,0.0,False,weak,False,"[[1224, 762]]",,[],,0.510692154674188,0.24915141156767728
167,4,1,2.7690000000000055,,13518,"[954, 270]",False,,True,0.0,False,weak,False,"[[1224, 756]]",,[],,0.510692154674188,0.24915141156767728
168,4,1,2.7859999999999445,,13518,"[954, 270]",False,,True,0.0,False,weak,False,"[[1224, 750]]",,[],,0.5085902853702756,0.2517404940716277
169,4,1,2.8029999999999973,,13518,"[954, 270]",False,,True,0.0,False,weak,False,"[[1224, 744]]",,[],,0.5085902853702756,0.2517404940716277
170,4,1,2.8199999999999363,,13518,"[954, 270]",False,,True,0.0,False,weak,False,"[[1224, 738]]",,[],,0.5087435236641202,0.25669381561735904
171,4,1,2.836999999999989,,13518,"[954, 270]",False,,True,0.0,False,weak,False,"[[1224, 732]]",,[],,0.5087435236641202,0.25669381561735904
172,4,1,2.853999999999928,,13518,"[954, 270]",False,,True,0.0,False,weak,False,"[[1224, 726]]",,[],,0.5104792974949136,0.26534071889163247
173,4,1,2.8700000000000045,,13518,"[954, 270]",False,,True,0.0,False,weak,False,"[[1224, 720]]",,[],,0.5104792974949136,0.26534071889163247
174,4,1,2.8859999999999673,,13518,"[954, 270]",False,,True,0.0,False,weak,False,"[[1224, 714]]",,[],,0.5127063243002071,0.2671966453734672
175,4,1,2.9029999999999063,,13518,"[954, 270]",False,,True,0.0,False,weak,False,"[[1224, 708]]",,[],,0.5127063243002071,0.2671966453734672
176,4,1,2.919999999999959,,13518,"[954, 270]",False,,True,0.0,False,weak,False,"[[1224, 702], [1026, 810]]",,[],,0.513928609260475,0.26084636052214516
177,4,1,2.937999999999988,,13518,"[954, 270]",False,,True,0.0,False,weak,False,"[[1224, 696], [1026, 804]]",,[],,0.513928609260475,0.26084636052214516
178,4,1,2.953999999999951,,13518,"[954, 270]",False,,True,0.0,False,weak,False,"[[1224, 690], [1026, 798]]",,[],,0.5175353345063324,0.2190068584034378
179,4,1,2.9710000000000036,,13518,"[954, 270]",False,,True,0.0,False,weak,False,"[[1224, 684], [1026, 792]]",,[],,0.5175353345063324,0.2190068584034378
180,4,1,2.988999999999919,,13518,"[954, 270]",False,,True,0.0,False,weak,False,"[[1224, 678], [1026, 786]]",,[],,0.5167542350069292,0.2240721545789619
181,4,1,3.005999999999972,,13518,"[954, 270]",False,,True,0.0,False,weak,False,"[[1224, 672], [1026, 780]]",,[],,0.5167542350069292,0.2240721545789619
182,4,1,3.022999999999911,,13518,"[954, 270]",False,,True,0.0,False,weak,False,"[[1224, 666], [1026, 774]]",,[],,0.5167767224258298,0.2255744549769253
183,4,1,3.0399999999999636,,13518,"[954, 270]",False,,True,0.0,False,weak,False,"[[1224, 660], [1026, 768]]",,[],,0.5167767224258298,0.2255744549769253
184,4,1,3.0569999999999027,,13518,"[954, 270]",False,,True,0.0,False,weak,False,"[[1224, 654], [1026, 762]]",,[],,0.5196868683900654,0.23195015521320428
185,4,1,3.072999999999979,,13518,"[954, 270]",False,,True,0.0,False,weak,False,"[[1224, 648], [1026, 756], [1008, 810]]",,[],,0.5196868683900654,0.23195015521320428
186,4,1,3.089999999999918,,13518,"[954, 270]",False,,True,0.0,False,weak,False,"[[1224, 642], [1026, 750], [1008, 804]]",,[],,0.5206864832884165,0.22847758655918637
187,4,1,3.106999999999971,,13518,"[954, 270]",False,,True,0.0,False,weak,False,"[[1224, 636], [1026, 744], [1008, 798]]",,[],,0.5206864832884165,0.22847758655918637
188,4,1,3.1229999999999336,,13518,"[954, 270]",False,,True,0.0,False,weak,False,"[[1224, 630], [1026, 738], [1008, 792]]",,[],,0.521167197127847,0.22847575299099676
189,4,1,3.1399999999999864,,13518,"[954, 270]",False,,True,0.0,False,weak,False,"[[1224, 624], [1026, 732], [1008, 786]]",,[],,0.521167197127847,0.22847575299099676
190,4,1,3.1569999999999254,,13518,"[954, 270]",False,,True,0.0,False,weak,False,"[[1224, 618], [1026, 726], [1008, 780]]",,[],,0.5191495318077146,0.22940090804546098
191,4,1,3.173999999999978,,13518,"[954, 270]",False,,True,0.0,False,weak,False,"[[1224, 612], [1026, 720], [1008, 774]]",,[],,0.5188311531757621,0.2294215581032958
192,4,1,3.189999999999941,,13518,"[954, 270]",False,Right,True,0.0,False,weak,False,"[[1224, 606], [1026, 714], [1008, 768]]",,[],,0.5139836391015937,0.22688028302005803
193,4,1,3.2069999999999936,,13518,"[954, 270]",False,Right,True,0.0,False,weak,False,"[[1218, 600], [1020, 708], [1002, 762]]",,[],,0.5139836391015937,0.22688028302005803
194,4,1,3.22199999999998,,13518,"[954, 270]",False,Right,True,0.0,False,weak,False,"[[1212, 594], [1014, 702], [996, 756]]",,[],,0.5025804079771533,0.20458333993072442
195,4,1,3.238999999999919,,13518,"[954, 270]",False,Right,True,0.0,False,weak,False,"[[1206, 588], [1008, 696], [990, 750]]",,[],,0.5025804079771533,0.20458333993072442
196,4,1,3.255999999999972,,13518,"[954, 270]",False,Right,True,0.0,False,weak,False,"[[1200, 582], [1002, 690], [984, 744]]",,[],,0.5033109530473115,0.20789946726250108
197,4,1,3.2719999999999345,,13518,"[954, 270]",False,,True,0.0,False,weak,False,"[[1194, 576], [996, 684], [978, 738], [780, 810]]",,[],,0.5033109530473115,0.20789946726250108
198,4,1,3.2889999999999873,,13518,"[954, 270]",False,,True,0.0,False,weak,False,"[[1194, 570], [996, 678], [978, 732], [780, 804]]",,[],,0.504092703193374,0.21260522953348504
199,4,1,3.30499999999995,,13518,"[954, 270]",False,,True,0.0,False,weak,False,"[[1194, 564], [996, 672], [978, 726], [780, 798]]",,[],,0.504092703193374,0.21260522953348504
200,4,1,3.3209999999999127,,13518,"[954, 270]",False,,True,0.0,False,weak,False,"[[1194, 558], [996, 666], [978, 720], [780, 792]]",,[],,0.5037523350934233,0.2176563743109292
201,4,1,3.336999999999989,,13518,"[954, 270]",False,,True,0.0,False,weak,False,"[[1194, 552], [996, 660], [978, 714], [780, 786]]",,[],,0.5037523350934233,0.2176563743109292
202,4,1,3.353999999999928,,13518,"[954, 270]",False,,True,0.0,False,weak,False,"[[1194, 546], [996, 654], [978, 708], [780, 780]]",,[],,0.5038943138838397,0.21764199779947835
203,4,1,3.37399999999991,,13518,"[954, 270]",False,,True,0.0,False,weak,False,"[[1194, 540], [996, 648], [978, 702], [780, 774]]",,[],,0.5041730009488095,0.21988789440333678
204,4,1,3.3909999999999627,,13518,"[954, 270]",False,Right,True,0.0,False,weak,False,"[[1194, 534], [996, 642], [978, 696], [780, 768]]",,[],,0.5063114663719392,0.22251392487428312
205,4,1,3.4069999999999254,,13518,"[954, 270]",False,Right,True,0.0,False,weak,False,"[[1188, 528], [990, 636], [972, 690], [774, 762]]",,[],,0.5063114663719392,0.22251392487428312
206,4,1,3.423999999999978,,13518,"[954, 270]",False,Right,True,0.0,False,weak,False,"[[1182, 522], [984, 630], [966, 684], [768, 756]]",,[],,0.5064004067026321,0.22372120740094692
207,4,1,3.439999999999941,,13518,"[954, 270]",False,Right,True,0.0,False,weak,False,"[[1176, 516], [978, 624], [960, 678], [762, 750]]",,[],,0.5064004067026321,0.22372120740094692
208,4,1,3.45799999999997,,13518,"[954, 270]",False,Right,True,0.0,False,weak,False,"[[1170, 510], [972, 618], [954, 672], [756, 744]]",,[],,0.5057945562518665,0.22779697864313597
209,4,1,3.4769999999999754,,13518,"[954, 270]",False,,True,0.0,False,weak,False,"[[1164, 504], [966, 612], [948, 666], [750, 738]]",,[],,0.5057945562518665,0.22779697864313597
210,4,1,3.4909999999999854,,13518,"[954, 270]",False,,True,0.0,False,weak,False,"[[1164, 498], [966, 606], [948, 660], [750, 732]]",,[],,0.5033188334603833,0.23603675285649117
211,4,1,3.506999999999948,,13518,"[954, 270]",False,,True,0.0,False,weak,False,"[[1164, 492], [966, 600], [948, 654], [750, 726]]",,[],,0.5033188334603833,0.23603675285649117
212,4,1,3.522999999999911,,13518,"[954, 270]",False,,True,0.0,False,weak,False,"[[1164, 486], [966, 594], [948, 648], [750, 720]]",,[],,0.5027445114062536,0.23982792658103513
213,4,1,3.5399999999999636,,13518,"[954, 270]",False,,True,0.0,False,weak,False,"[[1164, 480], [966, 588], [948, 642], [750, 714]]",,[],,0.5027445114062536,0.23982792658103513
214,4,1,3.5569999999999027,,13518,"[954, 270]",False,,True,0.0,False,weak,False,"[[1164, 474], [966, 582], [948, 636], [750, 708]]",,[],,0.5009087899588048,0.24498588392827525
215,4,1,3.5739999999999554,,13518,"[954, 270]",False,,True,0.0,False,weak,False,"[[1164, 468], [966, 576], [948, 630], [750, 702]]",,[],,0.5009087899588048,0.24498588392827525
216,4,1,3.5909999999998945,,13518,"[954, 270]",False,,True,0.0,False,weak,False,"[[1164, 462], [966, 570], [948, 624], [750, 696]]",,[],,0.5010182007362667,0.24452000962551845
217,4,1,3.606999999999971,,13518,"[954, 270]",False,Right,True,0.0,False,weak,False,"[[1164, 456], [966, 564], [948, 618], [750, 690]]",,[],,0.5010182007362667,0.24452000962551845
218,4,1,3.62399999999991,,13518,"[954, 270]",False,Right,True,0.0,False,weak,False,"[[1158, 450], [960, 558], [942, 612], [744, 684], [888, 810]]",,[],,0.5006289435304583,0.2478948489017505
219,4,1,3.6399999999999864,,13518,"[954, 270]",False,Right,True,0.0,False,weak,False,"[[1152, 444], [954, 552], [936, 606], [738, 678], [882, 804]]",,[],,0.5006289435304583,0.2478948489017505
220,4,1,3.6569999999999254,,13518,"[954, 270]",False,,True,0.0,False,weak,False,"[[1146, 438], [948, 546], [930, 600], [732, 672], [876, 798]]",,[],,0.500520184756013,0.2552898437668868
221,4,1,3.6749999999999545,,13518,"[954, 270]",False,,True,0.0,False,weak,False,"[[1146, 432], [948, 540], [930, 594], [732, 666], [876, 792]]",,[],,0.500520184756013,0.2552898437668868
222,4,1,3.6909999999999172,,13518,"[954, 270]",False,,True,0.0,False,weak,False,"[[1146, 426], [948, 534], [930, 588], [732, 660], [876, 786]]",,[],,0.49893492933455263,0.2605882774539835
223,4,1,3.7059999999999036,,13518,"[954, 270]",False,,True,0.0,False,weak,False,"[[1146, 420], [948, 528], [930, 582], [732, 654], [876, 780]]",,[],,0.49893492933455263,0.2605882774539835
224,4,1,3.7229999999999563,,13518,"[954, 270]",False,,True,0.0,False,weak,False,"[[1146, 414], [948, 522], [930, 576], [732, 648], [876, 774]]",,[],,0.4976084060800126,0.2646862483537349
225,4,1,3.7399999999998954,,13518,"[954, 270]",False,,True,0.0,False,weak,False,"[[1146, 408], [948, 516], [930, 570], [732, 642], [876, 768]]",,[],,0.4976084060800126,0.2646862483537349
226,4,1,3.755999999999972,,13518,"[954, 270]",False,,True,0.0,False,weak,False,"[[1146, 402], [948, 510], [930, 564], [732, 636], [876, 762]]",,[],,0.49449099610406433,0.2720873874466885
227,4,1,3.774000000000001,,13518,"[954, 270]",False,Right,True,0.0,False,weak,False,"[[1146, 396], [948, 504], [930, 558], [732, 630], [876, 756], [858, 810]]",,[],,0.49449099610406433,0.2720873874466885
228,4,1,3.7899999999999636,,13518,"[954, 270]",False,Right,True,0.0,False,weak,False,"[[1140, 390], [942, 498], [924, 552], [726, 624], [870, 750], [852, 804]]",,[],,0.49254064421204,0.27451982972319366
229,4,1,3.80499999999995,,13518,"[954, 270]",False,Right,True,0.0,False,weak,False,"[[1134, 384], [936, 492], [918, 546], [720, 618], [864, 744], [846, 798]]",,[],,0.49254064421204,0.27451982972319366
230,4,1,3.8209999999999127,,13518,"[954, 270]",False,Right,True,0.0,False,weak,False,"[[1128, 378], [930, 486], [912, 540], [714, 612], [858, 738], [840, 792]]",,[],,0.49050793974881834,0.2767670061818073
231,4,1,3.836999999999989,,13518,"[954, 270]",False,Right,True,0.0,False,weak,False,"[[1122, 372], [924, 480], [906, 534], [708, 606], [852, 732], [834, 786]]",,[],,0.49013506604084683,0.27831543989562124
232,4,1,3.8549999999999045,,13518,"[954, 270]",False,,True,0.0,False,weak,False,"[[1116, 366], [918, 474], [900, 528], [702, 600], [846, 726], [828, 780]]",,[],,0.49005448537367835,0.2803184763627148
233,4,1,3.8700000000000045,,13518,"[954, 270]",False,,True,0.0,False,weak,False,"[[1116, 360], [918, 468], [900, 522], [702, 594], [846, 720], [828, 774]]",,[],,0.49005448537367835,0.2803184763627148
234,4,1,3.88799999999992,,13518,"[954, 270]",False,,True,0.0,False,weak,False,"[[1116, 354], [918, 462], [900, 516], [702, 588], [846, 714], [828, 768]]",,[],,0.4902698612797627,0.28118775234335147
235,4,1,3.9039999999999964,,13518,"[954, 270]",False,,True,0.0,False,weak,False,"[[1116, 348], [918, 456], [900, 510], [702, 582], [846, 708], [828, 762]]",,[],,0.4902698612797627,0.28118775234335147
236,4,1,3.9209999999999354,,13518,"[954, 270]",False,,True,0.0,False,weak,False,"[[1116, 342], [918, 450], [900, 504], [702, 576], [846, 702], [828, 756]]",,[],,0.4915135361378953,0.27824912090645326
237,4,1,3.937999999999988,,13518,"[954, 270]",False,Right,True,0.0,False,weak,False,"[[1116, 336], [918, 444], [900, 498], [702, 570], [846, 696], [828, 750]]",,[],,0.4915135361378953,0.27824912090645326
238,4,1,3.9549999999999272,,13518,"[954, 270]",False,Right,True,0.0,False,weak,False,"[[1110, 330], [912, 438], [894, 492], [696, 564], [840, 690], [822, 744]]",,[],,0.4929783200875336,0.27501742057160294
239,4,1,3.9699999999999136,,13518,"[954, 270]",False,Right,True,0.0,False,weak,False,"[[1104, 324], [906, 432], [888, 486], [690, 558], [834, 684], [816, 738], [798, 810], [1140, 810]]",,[],,0.4929783200875336,0.27501742057160294
240,4,1,3.98599999999999,,13518,"[954, 270]",False,Right,True,0.0,False,weak,False,"[[1098, 318], [900, 426], [882, 480], [684, 552], [828, 678], [810, 732], [792, 804], [1134, 804]]",,[],,0.4956698835073655,0.2694394590288469
241,4,1,4.001999999999953,,13518,"[954, 270]",False,Right,True,0.0,False,weak,False,"[[1092, 312], [894, 420], [876, 474], [678, 546], [822, 672], [804, 726], [786, 798], [1128, 798]]",,[],,0.4956698835073655,0.2694394590288469
242,4,1,4.0190000000000055,,13518,"[954, 270]",False,Right,True,0.0,False,weak,False,"[[1086, 306], [888, 414], [870, 468], [672, 540], [816, 666], [798, 720], [780, 792], [1122, 792], [618, 810]]",,[],,0.4995453707168623,0.27010249347594373
243,4,1,4.036999999999921,,13518,"[954, 270]",False,,True,0.0,False,weak,False,"[[1080, 300], [882, 408], [864, 462], [666, 534], [810, 660], [792, 714], [774, 786], [1116, 786], [612, 804]]",,[],,0.4995453707168623,0.27010249347594373
244,4,1,4.053999999999974,,13518,"[954, 270]",False,,True,0.0,False,weak,False,"[[1080, 294], [882, 402], [864, 456], [666, 528], [810, 654], [792, 708], [774, 780], [1116, 780], [612, 798]]",,[],,0.5007195995284015,0.2749729664118332
245,4,1,4.069999999999936,,13518,"[954, 270]",False,,True,0.0,False,weak,False,"[[1080, 288], [882, 396], [864, 450], [666, 522], [810, 648], [792, 702], [774, 774], [1116, 774], [612, 792], [756, 810]]",,[],,0.5008540897113416,0.27642100134059555
246,4,1,4.086999999999989,,13518,"[954, 270]",False,,True,0.0,False,weak,False,"[[1080, 282], [882, 390], [864, 444], [666, 516], [810, 642], [792, 696], [774, 768], [1116, 768], [612, 786], [756, 804]]",,[],,0.5010073662602024,0.28031033954180407
247,4,1,4.102999999999952,,13518,"[954, 270]",False,,True,0.0,False,weak,False,"[[1080, 276], [882, 384], [864, 438], [666, 510], [810, 636], [792, 690], [774, 762], [1116, 762], [612, 780], [756, 798]]",,[],,0.5008883469622247,0.2800624221516417
248,4,1,4.1200000000000045,,13518,"[954, 270]",False,,True,0.0,False,weak,False,"[[1080, 270], [882, 378], [864, 432], [666, 504], [810, 630], [792, 684], [774, 756], [1116, 756], [612, 774], [756, 792]]",,[],,0.49854724838761405,0.28132417341116434
249,4,1,4.136999999999944,,13518,"[954, 270]",False,Right,True,0.0,False,weak,False,"[[1080, 264], [882, 372], [864, 426], [666, 498], [810, 624], [792, 678], [774, 750], [1116, 750], [612, 768], [756, 786]]",,[],,0.49805557569145203,0.28033659953385337
250,4,1,4.152999999999906,,13518,"[954, 270]",False,Right,True,0.0,False,weak,False,"[[1074, 258], [876, 366], [858, 420], [660, 492], [804, 618], [786, 672], [768, 744], [1110, 744], [606, 762], [750, 780]]",,[],,0.49789808307260036,0.2793060234628987
251,4,1,4.168999999999983,,13518,"[954, 270]",False,Right,True,0.0,False,weak,False,"[[1068, 252], [870, 360], [852, 414], [654, 486], [798, 612], [780, 666], [762, 738], [1104, 738], [600, 756], [744, 774]]",,[],,0.49789808307260036,0.2793060234628987
252,4,1,4.184999999999945,,13518,"[954, 270]",False,Right,True,0.0,False,weak,False,"[[1062, 246], [864, 354], [846, 408], [648, 480], [792, 606], [774, 660], [756, 732], [1098, 732], [594, 750], [738, 768]]",,[],,0.49737970492105943,0.280690193154562
253,4,1,4.201999999999998,,13518,"[954, 270]",False,,True,0.0,False,weak,False,"[[1056, 240], [858, 348], [840, 402], [642, 474], [786, 600], [768, 654], [750, 726], [1092, 726], [588, 744], [732, 762]]",,[],,0.49758629998116166,0.28452256091998496
254,4,1,4.218999999999937,,13518,"[954, 270]",False,,True,0.0,False,weak,False,"[[1056, 234], [858, 342], [840, 396], [642, 468], [786, 594], [768, 648], [750, 720], [1092, 720], [588, 738], [732, 756]]",,[],,0.4964772651183679,0.2876893756452936
255,4,1,4.23599999999999,,13518,"[954, 270]",False,,True,0.0,False,weak,False,"[[1056, 228], [858, 336], [840, 390], [642, 462], [786, 588], [768, 642], [750, 714], [1092, 714], [588, 732], [732, 750]]",,[],,0.49583016732974305,0.2885533504808908
256,4,1,4.252999999999929,,13518,"[954, 270]",False,,True,0.0,False,weak,False,"[[1056, 222], [858, 330], [840, 384], [642, 456], [786, 582], [768, 636], [750, 708], [1092, 708], [588, 726], [732, 744]]",,[],,0.49604423045927326,0.2904861151361937
257,4,1,4.269999999999982,,13518,"[954, 270]",False,,True,0.0,False,weak,False,"[[1056, 216], [858, 324], [840, 378], [642, 450], [786, 576], [768, 630], [750, 702], [1092, 702], [588, 720], [732, 738]]",,[],,0.49604423045927326,0.2904861151361937
258,4,1,4.286999999999921,,13518,"[954, 270]",False,,True,0.0,False,weak,False,"[[1056, 210], [858, 318], [840, 372], [642, 444], [786, 570], [768, 624], [750, 696], [1092, 696], [588, 714], [732, 732]]",,[],,0.49957402534110307,0.2782053131712696
259,4,1,4.302999999999997,,13518,"[954, 270]",False,,True,0.0,False,weak,False,"[[1056, 204], [858, 312], [840, 366], [642, 438], [786, 564], [768, 618], [750, 690], [1092, 690], [588, 708], [732, 726]]",,[],,0.504070048609609,0.25576936532850547
260,4,1,4.31899999999996,,13518,"[954, 270]",False,,True,0.0,False,weak,False,"[[1056, 198], [858, 306], [840, 360], [642, 432], [786, 558], [768, 612], [750, 684], [1092, 684], [588, 702], [732, 720]]",,[],,0.5058781062643419,0.2523054205628734
261,4,1,4.335999999999899,,13518,"[954, 270]",False,,True,0.0,False,weak,False,"[[1056, 192], [858, 300], [840, 354], [642, 426], [786, 552], [768, 606], [750, 678], [1092, 678], [588, 696], [732, 714]]",,[],,0.505229213056867,0.2526424983891248
262,4,1,4.351999999999975,,13518,"[954, 270]",False,,True,0.0,False,weak,False,"[[1056, 186], [858, 294], [840, 348], [642, 420], [786, 546], [768, 600], [750, 672], [1092, 672], [588, 690], [732, 708]]",,[],,0.5053502349106409,0.25481704979314057
263,4,1,4.3689999999999145,,13518,"[954, 270]",False,,True,0.0,False,weak,False,"[[1056, 180], [858, 288], [840, 342], [642, 414], [786, 540], [768, 594], [750, 666], [1092, 666], [588, 684], [732, 702]]",,[],,0.504188906637575,0.25753233653891516
264,4,1,4.384999999999991,,13518,"[954, 270]",False,,True,0.0,False,weak,False,"[[1056, 174], [858, 282], [840, 336], [642, 408], [786, 534], [768, 588], [750, 660], [1092, 660], [588, 678], [732, 696]]",,[],,0.503147328153309,0.2586074182465571
265,4,1,4.40199999999993,,13518,"[954, 270]",False,,True,0.0,False,weak,False,"[[1056, 168], [858, 276], [840, 330], [642, 402], [786, 528], [768, 582], [750, 654], [1092, 654], [588, 672], [732, 690]]",,[],,0.5031973080964828,0.2600697440129224
266,4,1,4.418999999999983,,13518,"[954, 270]",False,,True,0.0,False,weak,False,"[[1056, 162], [858, 270], [840, 324], [642, 396], [786, 522], [768, 576], [750, 648], [1092, 648], [588, 666], [732, 684]]",,[],,0.5038735012588047,0.2557701913771169
267,4,1,4.435999999999922,,13518,"[954, 270]",False,,True,0.0,False,weak,False,"[[1056, 156], [858, 264], [840, 318], [642, 390], [786, 516], [768, 570], [750, 642], [1092, 642], [588, 660], [732, 678]]",,[],,0.5044587251372349,0.2546696913414075
268,4,1,4.4529999999999745,,13518,"[954, 270]",False,,True,0.0,False,weak,False,"[[1056, 150], [858, 258], [840, 312], [642, 384], [786, 510], [768, 564], [750, 636], [1092, 636], [588, 654], [732, 672]]",,"[[1248, 810]]",,0.5039604020594799,0.2523203742526233
269,4,1,4.469999999999914,,13518,"[954, 270]",False,,True,0.0,False,weak,False,"[[1056, 144], [858, 252], [840, 306], [642, 378], [786, 504], [768, 558], [750, 630], [1092, 630], [588, 648], [732, 666]]",,"[[1248, 804]]",,0.5050777188877887,0.2495121089017175
270,4,1,4.486999999999966,,13518,"[954, 270]",False,,True,0.0,False,weak,False,"[[1056, 138], [858, 246], [840, 300], [642, 372], [786, 498], [768, 552], [750, 624], [1092, 624], [588, 642], [732, 660]]",,"[[1248, 798]]",,0.5052233704699628,0.24671696712581848
271,4,1,4.503999999999905,,13518,"[954, 270]",False,,True,0.0,False,weak,False,"[[1056, 132], [858, 240], [840, 294], [642, 366], [786, 492], [768, 546], [750, 618], [1092, 618], [588, 636], [732, 654]]",,"[[1248, 792]]",,0.5044058921560411,0.24871380232019136
272,4,1,4.519999999999982,,13518,"[954, 270]",False,,True,0.0,False,weak,False,"[[1056, 126], [858, 234], [840, 288], [642, 360], [786, 486], [768, 540], [750, 612], [1092, 612], [588, 630], [732, 648]]",,"[[1248, 786]]",,0.5037882901201767,0.25203639867740657
273,4,1,4.536999999999921,,13518,"[954, 270]",False,,True,0.0,False,weak,False,"[[1056, 120], [858, 228], [840, 282], [642, 354], [786, 480], [768, 534], [750, 606], [1092, 606], [588, 624], [732, 642]]",,"[[1248, 780]]",,0.5037882901201767,0.25203639867740657
274,4,1,4.553999999999974,,13518,"[954, 270]",False,Right,True,0.0,False,weak,False,"[[1056, 114], [858, 222], [840, 276], [642, 348], [786, 474], [768, 528], [750, 600], [1092, 600], [588, 618], [732, 636]]",,"[[1242, 774]]",,0.5033023749592828,0.2538713116293341
275,4,1,4.570999999999913,,13518,"[954, 270]",False,Right,True,0.0,False,weak,False,"[[1050, 108], [852, 216], [834, 270], [636, 342], [780, 468], [762, 522], [744, 594], [1086, 594], [582, 612], [726, 630], [672, 810], [708, 810]]",,"[[1236, 768]]",,0.5044201926542655,0.2584512703729842
276,4,1,4.586999999999989,,13518,"[954, 270]",False,Right,True,0.0,False,weak,False,"[[1044, 102], [846, 210], [828, 264], [630, 336], [774, 462], [756, 516], [738, 588], [1080, 588], [576, 606], [720, 624], [666, 804], [702, 804]]",,"[[1230, 762]]",,0.5057087593246921,0.259690806406753
277,4,1,4.603999999999928,,13518,"[954, 270]",False,Right,True,0.0,False,weak,False,"[[1038, 96], [840, 204], [822, 258], [624, 330], [768, 456], [750, 510], [732, 582], [1074, 582], [570, 600], [714, 618], [660, 798], [696, 798]]",,"[[1224, 756]]",,0.5058446396864731,0.25977134187521345
278,4,1,4.6200000000000045,,13518,"[954, 270]",False,Right,True,0.0,False,weak,False,"[[1032, 90], [834, 198], [816, 252], [618, 324], [762, 450], [744, 504], [726, 576], [1068, 576], [564, 594], [708, 612], [654, 792], [690, 792]]",,"[[1218, 750]]",,0.5056110973626949,0.2596118885180463
279,4,1,4.636999999999944,,13518,"[954, 270]",False,,True,0.0,False,weak,False,"[[1026, 84], [828, 192], [810, 246], [612, 318], [756, 444], [738, 498], [720, 570], [1062, 570], [558, 588], [702, 606], [648, 786], [684, 786]]",,"[[1218, 744]]",,0.5057262463255962,0.2605213274095942
280,4,1,4.653999999999996,,13518,"[954, 270]",False,,True,0.0,False,weak,False,"[[1026, 78], [828, 186], [810, 240], [612, 312], [756, 438], [738, 492], [720, 564], [1062, 564], [558, 582], [702, 600], [648, 780], [684, 780]]",,"[[1218, 738]]",,0.5030667725189063,0.24085426723223946
281,4,1,4.670999999999935,,13518,"[954, 270]",False,,True,0.0,False,weak,False,"[[1026, 72], [828, 180], [810, 234], [612, 306], [756, 432], [738, 486], [720, 558], [1062, 558], [558, 576], [702, 594], [648, 774], [684, 774], [648, 810]]",,"[[1218, 732]]",,0.48797522018366246,0.1970914049544018
282,4,1,4.6889999999999645,,13518,"[954, 270]",False,,True,0.0,False,weak,False,"[[1026, 66], [828, 174], [810, 228], [612, 300], [756, 426], [738, 480], [720, 552], [1062, 552], [558, 570], [702, 588], [648, 768], [684, 768], [648, 804]]",,"[[1218, 726]]",,0.4900577734311158,0.21029475550836552
283,4,1,4.705999999999904,,13518,"[954, 270]",False,,True,0.0,False,weak,False,"[[1026, 60], [828, 168], [810, 222], [612, 294], [756, 420], [738, 474], [720, 546], [1062, 546], [558, 564], [702, 582], [648, 762], [684, 762], [648, 798]]",,"[[1218, 720]]",,0.4900577734311158,0.21029475550836552
284,4,1,4.72199999999998,,13518,"[954, 270]",False,,True,0.0,False,weak,False,"[[1026, 54], [828, 162], [810, 216], [612, 288], [756, 414], [738, 468], [720, 540], [1062, 540], [558, 558], [702, 576], [648, 756], [684, 756], [648, 792]]",,"[[1218, 714]]",,0.487537302419474,0.20866762886530132
285,4,1,4.738999999999919,,13518,"[954, 270]",False,Right,True,0.0,False,weak,False,"[[1026, 48], [828, 156], [810, 210], [612, 282], [756, 408], [738, 462], [720, 534], [1062, 534], [558, 552], [702, 570], [648, 750], [684, 750], [648, 786]]",,"[[1212, 708]]",,0.48630852427376664,0.21269796507878813
286,4,1,4.755999999999972,,13518,"[954, 270]",False,Right,True,0.0,False,weak,False,"[[1020, 42], [822, 150], [804, 204], [606, 276], [750, 402], [732, 456], [714, 528], [1056, 528], [552, 546], [696, 564], [642, 744], [678, 744], [642, 780]]",,"[[1206, 702]]",,0.48714581283125263,0.2107935594282866
287,4,1,4.7719999999999345,,13518,"[954, 270]",False,Right,True,0.0,False,weak,False,"[[1014, 36], [816, 144], [798, 198], [600, 270], [744, 396], [726, 450], [708, 522], [1050, 522], [546, 540], [690, 558], [636, 738], [672, 738], [636, 774]]",,"[[1200, 696]]",,0.48769153602270066,0.21004030352234693
288,4,1,4.788999999999987,,13518,"[954, 270]",False,Right,True,0.0,False,weak,False,"[[1008, 30], [810, 138], [792, 192], [594, 264], [738, 390], [720, 444], [702, 516], [1044, 516], [540, 534], [684, 552], [630, 732], [666, 732], [630, 768]]",,"[[1194, 690]]",,0.49244795862757096,0.21469720160825656
289,4,1,4.805999999999926,,13518,"[954, 270]",False,Right,True,0.0,False,weak,False,"[[1002, 24], [804, 132], [786, 186], [588, 258], [732, 384], [714, 438], [696, 510], [1038, 510], [534, 528], [678, 546], [624, 726], [660, 726], [624, 762]]",,"[[1188, 684]]",,0.49284098886829897,0.21491058596794044
290,4,1,4.822000000000003,,13518,"[954, 270]",False,,True,0.0,False,weak,False,"[[996, 18], [798, 126], [780, 180], [582, 252], [726, 378], [708, 432], [690, 504], [1032, 504], [528, 522], [672, 540], [618, 720], [654, 720], [618, 756], [798, 810]]",,"[[1188, 678]]",,0.49298712142989104,0.21708199922416072
291,4,1,4.839999999999918,,13518,"[954, 270]",False,,True,0.0,False,weak,False,"[[996, 12], [798, 120], [780, 174], [582, 246], [726, 372], [708, 426], [690, 498], [1032, 498], [528, 516], [672, 534], [618, 714], [654, 714], [618, 750], [798, 804]]",,"[[1188, 672]]",,0.4932392920141429,0.2187660681075989
292,4,1,4.8559999999999945,,13518,"[954, 270]",False,,True,0.0,False,weak,False,"[[996, 6], [798, 114], [780, 168], [582, 240], [726, 366], [708, 420], [690, 492], [1032, 492], [528, 510], [672, 528], [618, 708], [654, 708], [618, 744], [798, 798]]",,"[[1188, 666]]",,0.49390790205220847,0.22184390739063153
293,4,1,4.872999999999934,,13518,"[954, 270]",False,,True,0.0,False,weak,False,"[[996, 0], [798, 108], [780, 162], [582, 234], [726, 360], [708, 414], [690, 486], [1032, 486], [528, 504], [672, 522], [618, 702], [654, 702], [618, 738], [798, 792]]",,"[[1188, 660]]",,0.49444307828315665,0.22313518937304666
294,4,1,4.889999999999986,,13518,"[954, 270]",False,,True,0.0,False,weak,False,"[[798, 102], [780, 156], [582, 228], [726, 354], [708, 408], [690, 480], [1032, 480], [528, 498], [672, 516], [618, 696], [654, 696], [618, 732], [798, 786]]",,"[[1188, 654]]",,0.4947748458404595,0.22374692881341962
295,4,1,4.906999999999925,,13518,"[954, 270]",False,,True,0.0,False,weak,False,"[[798, 96], [780, 150], [582, 222], [726, 348], [708, 402], [690, 474], [1032, 474], [528, 492], [672, 510], [618, 690], [654, 690], [618, 726], [798, 780]]",,"[[1188, 648]]",,0.4937998796415427,0.22561406963262054
296,4,1,4.923999999999978,,13518,"[954, 270]",False,,True,0.0,False,weak,False,"[[798, 90], [780, 144], [582, 216], [726, 342], [708, 396], [690, 468], [1032, 468], [528, 486], [672, 504], [618, 684], [654, 684], [618, 720], [798, 774]]",,"[[1188, 642]]",,0.4925761520558181,0.22761198356738566
297,4,1,4.940999999999917,,13518,"[954, 270]",False,,True,0.0,False,weak,False,"[[798, 84], [780, 138], [582, 210], [726, 336], [708, 390], [690, 462], [1032, 462], [528, 480], [672, 498], [618, 678], [654, 678], [618, 714], [798, 768]]",,"[[1188, 636]]",,0.4925761520558181,0.22761198356738566
298,4,1,4.958999999999946,,13518,"[954, 270]",False,,True,0.0,False,weak,False,"[[798, 78], [780, 132], [582, 204], [726, 330], [708, 384], [690, 456], [1032, 456], [528, 474], [672, 492], [618, 672], [654, 672], [618, 708], [798, 762]]",,"[[1188, 630]]",,0.4916074364464376,0.22916558273143828
299,4,1,4.974999999999909,,13518,"[954, 270]",False,,True,0.0,False,weak,False,"[[798, 72], [780, 126], [582, 198], [726, 324], [708, 378], [690, 450], [1032, 450], [528, 468], [672, 486], [618, 666], [654, 666], [618, 702], [798, 756]]",,"[[1188, 624]]",,0.4916074364464376,0.22916558273143828
300,4,1,4.991999999999962,,13518,"[954, 270]",False,,True,0.0,False,weak,False,"[[798, 66], [780, 120], [582, 192], [726, 318], [708, 372], [690, 444], [1032, 444], [528, 462], [672, 480], [618, 660], [654, 660], [618, 696], [798, 750]]",,"[[1188, 618]]",,0.49278486811700173,0.22705875900695782
301,4,1,5.008999999999901,,13518,"[954, 270]",False,,True,0.0,False,weak,False,"[[798, 60], [780, 114], [582, 186], [726, 312], [708, 366], [690, 438], [1032, 438], [528, 456], [672, 474], [618, 654], [654, 654], [618, 690], [798, 744]]",,"[[1188, 612]]",,0.4937780753886306,0.22660179379309364
302,4,1,5.025999999999954,,13518,"[954, 270]",False,,True,0.0,False,weak,False,"[[798, 54], [780, 108], [582, 180], [726, 306], [708, 360], [690, 432], [1032, 432], [528, 450], [672, 468], [618, 648], [654, 648], [618, 684], [798, 738]]",,"[[1188, 606]]",,0.4951346448141142,0.22540750738589632
303,4,1,5.042999999999893,,13518,"[954, 270]",False,,True,0.0,False,weak,False,"[[798, 48], [780, 102], [582, 174], [726, 300], [708, 354], [690, 426], [1032, 426], [528, 444], [672, 462], [618, 642], [654, 642], [618, 678], [798, 732]]",,"[[1188, 600]]",,0.4951346448141142,0.22540750738589632
304,4,1,5.059999999999945,,13518,"[954, 270]",False,,True,0.0,False,weak,False,"[[798, 42], [780, 96], [582, 168], [726, 294], [708, 348], [690, 420], [1032, 420], [528, 438], [672, 456], [618, 636], [654, 636], [618, 672], [798, 726]]",,"[[1188, 594]]",,0.4957426301428119,0.22397064295876667
305,4,1,5.075999999999908,,13518,"[954, 270]",False,,True,0.0,False,weak,False,"[[798, 36], [780, 90], [582, 162], [726, 288], [708, 342], [690, 414], [1032, 414], [528, 432], [672, 450], [618, 630], [654, 630], [618, 666], [798, 720]]",,"[[1188, 588]]",,0.4957426301428119,0.22397064295876667
306,4,1,5.093999999999937,,13518,"[954, 270]",False,,True,0.0,False,weak,False,"[[798, 30], [780, 84], [582, 156], [726, 282], [708, 336], [690, 408], [1032, 408], [528, 426], [672, 444], [618, 624], [654, 624], [618, 660], [798, 714]]",,"[[1188, 582]]",,0.495485858928297,0.2265810677175375
307,4,1,5.11099999999999,,13518,"[954, 270]",False,,True,0.0,False,weak,False,"[[798, 24], [780, 78], [582, 150], [726, 276], [708, 330], [690, 402], [1032, 402], [528, 420], [672, 438], [618, 618], [654, 618], [618, 654], [798, 708]]",,"[[1188, 576]]",,0.49539258469099323,0.22690366674059959
308,4,1,5.127999999999929,,13518,"[954, 270]",False,,True,0.0,False,weak,False,"[[798, 18], [780, 72], [582, 144], [726, 270], [708, 324], [690, 396], [1032, 396], [528, 414], [672, 432], [618, 612], [654, 612], [618, 648], [798, 702], [600, 810]]",,"[[1188, 570]]",,0.49561573337760023,0.22982112627049978
309,4,1,5.144999999999982,,13518,"[954, 270]",False,,True,0.0,False,weak,False,"[[798, 12], [780, 66], [582, 138], [726, 264], [708, 318], [690, 390], [1032, 390], [528, 408], [672, 426], [618, 606], [654, 606], [618, 642], [798, 696], [600, 804]]",,"[[1188, 564]]",,0.49561573337760023,0.22982112627049978
310,4,1,5.161999999999921,,13518,"[954, 270]",False,,True,0.0,False,weak,False,"[[798, 6], [780, 60], [582, 132], [726, 258], [708, 312], [690, 384], [1032, 384], [528, 402], [672, 420], [618, 600], [654, 600], [618, 636], [798, 690], [600, 798]]",,"[[1188, 558]]",,0.4955205790335676,0.2329952983859056
311,4,1,5.178999999999974,,13518,"[954, 270]",False,,True,0.0,False,weak,False,"[[798, 0], [780, 54], [582, 126], [726, 252], [708, 306], [690, 378], [1032, 378], [528, 396], [672, 414], [618, 594], [654, 594], [618, 630], [798, 684], [600, 792]]",,"[[1188, 552]]",,0.4955205790335676,0.2329952983859056
312,4,1,5.195999999999913,,13518,"[954, 270]",False,,True,0.0,False,weak,False,"[[780, 48], [582, 120], [726, 246], [708, 300], [690, 372], [1032, 372], [528, 390], [672, 408], [618, 588], [654, 588], [618, 624], [798, 678], [600, 786]]",,"[[1188, 546]]",,0.49471659152946834,0.23382117691133386
313,4,1,5.212999999999965,,13518,"[954, 270]",False,,True,0.0,False,weak,False,"[[780, 42], [582, 114], [726, 240], [708, 294], [690, 366], [1032, 366], [528, 384], [672, 402], [618, 582], [654, 582], [618, 618], [798, 672], [600, 780]]",,"[[1188, 540]]",,0.49471659152946834,0.23382117691133386
314,4,1,5.228999999999928,,13518,"[954, 270]",False,,True,0.0,False,weak,False,"[[780, 36], [582, 108], [726, 234], [708, 288], [690, 360], [1032, 360], [528, 378], [672, 396], [618, 576], [654, 576], [618, 612], [798, 666], [600, 774]]",,"[[1188, 534]]",,0.49353375713475656,0.23422144326646965
315,4,1,5.245999999999981,,13518,"[954, 270]",False,,True,0.0,False,weak,False,"[[780, 30], [582, 102], [726, 228], [708, 282], [690, 354], [1032, 354], [528, 372], [672, 390], [618, 570], [654, 570], [618, 606], [798, 660], [600, 768]]",,"[[1188, 528]]",,0.49353375713475656,0.23422144326646965
316,4,1,5.261999999999944,,13518,"[954, 270]",False,,True,0.0,False,weak,False,"[[780, 24], [582, 96], [726, 222], [708, 276], [690, 348], [1032, 348], [528, 366], [672, 384], [618, 564], [654, 564], [618, 600], [798, 654], [600, 762]]",,"[[1188, 522]]",,0.49318892854087054,0.23507570834019842
317,4,1,5.278999999999996,,13518,"[954, 270]",False,,True,0.0,False,weak,False,"[[780, 18], [582, 90], [726, 216], [708, 270], [690, 342], [1032, 342], [528, 360], [672, 378], [618, 558], [654, 558], [618, 594], [798, 648], [600, 756]]",,"[[1188, 516]]",,0.49294660820797065,0.23680150413683665
318,4,1,5.294999999999959,,13518,"[954, 270]",False,,True,0.0,False,weak,False,"[[780, 12], [582, 84], [726, 210], [708, 264], [690, 336], [1032, 336], [528, 354], [672, 372], [618, 552], [654, 552], [618, 588], [798, 642], [600, 750]]",,"[[1188, 510]]",,0.49239216827786497,0.24147336099935712
319,4,1,5.312999999999988,,13518,"[954, 270]",False,,True,0.0,False,weak,False,"[[780, 6], [582, 78], [726, 204], [708, 258], [690, 330], [1032, 330], [528, 348], [672, 366], [618, 546], [654, 546], [618, 582], [798, 636], [600, 744]]",,"[[1188, 504]]",,0.49239216827786497,0.24147336099935712
320,4,1,5.329999999999927,,13518,"[954, 270]",False,,True,0.0,False,weak,False,"[[780, 0], [582, 72], [726, 198], [708, 252], [690, 324], [1032, 324], [528, 342], [672, 360], [618, 540], [654, 540], [618, 576], [798, 630], [600, 738], [582, 810]]",,"[[1188, 498]]",,0.49400371731645426,0.2475500891872997
321,4,1,5.34699999999998,,13518,"[954, 270]",False,,True,0.0,False,weak,False,"[[582, 66], [726, 192], [708, 246], [690, 318], [1032, 318], [528, 336], [672, 354], [618, 534], [654, 534], [618, 570], [798, 624], [600, 732], [582, 804]]",,"[[1188, 492]]",,0.49400371731645426,0.2475500891872997
322,4,1,5.363999999999919,,13518,"[954, 270]",False,,True,0.0,False,weak,False,"[[582, 60], [726, 186], [708, 240], [690, 312], [1032, 312], [528, 330], [672, 348], [618, 528], [654, 528], [618, 564], [798, 618], [600, 726], [582, 798]]",,"[[1188, 486]]",,0.47302200856508436,0.21912862204813133
323,4,1,5.3799999999999955,,13518,"[954, 270]",False,,True,0.0,False,weak,False,"[[582, 54], [726, 180], [708, 234], [690, 306], [1032, 306], [528, 324], [672, 342], [618, 522], [654, 522], [618, 558], [798, 612], [600, 720], [582, 792]]",,"[[1188, 480]]",,0.47302200856508436,0.21912862204813133
324,4,1,5.395999999999958,,13518,"[954, 270]",False,,True,0.0,False,weak,False,"[[582, 48], [726, 174], [708, 228], [690, 300], [1032, 300], [528, 318], [672, 336], [618, 516], [654, 516], [618, 552], [798, 606], [600, 714], [582, 786]]",,"[[1188, 474]]",,0.4699682680431976,0.21909101432147604
325,4,1,5.412999999999897,,13518,"[954, 270]",False,,True,0.0,False,weak,False,"[[582, 42], [726, 168], [708, 222], [690, 294], [1032, 294], [528, 312], [672, 330], [618, 510], [654, 510], [618, 546], [798, 600], [600, 708], [582, 780]]",,"[[1188, 468]]",,0.4699682680431976,0.21909101432147604
326,4,1,5.42999999999995,,13518,"[954, 270]",False,,True,0.0,False,weak,False,"[[582, 36], [726, 162], [708, 216], [690, 288], [1032, 288], [528, 306], [672, 324], [618, 504], [654, 504], [618, 540], [798, 594], [600, 702], [582, 774]]",,"[[1188, 462]]",,0.46766353278794803,0.22190372479570042
327,4,1,5.447000000000003,,13518,"[954, 270]",False,Right,True,0.0,False,weak,False,"[[582, 30], [726, 156], [708, 210], [690, 282], [1032, 282], [528, 300], [672, 318], [618, 498], [654, 498], [618, 534], [798, 588], [600, 696], [582, 768]]",,"[[1182, 456]]",,0.46766353278794803,0.22190372479570042
328,4,1,5.463999999999942,,13518,"[954, 270]",False,Right,True,0.0,False,weak,False,"[[576, 24], [720, 150], [702, 204], [684, 276], [1026, 276], [522, 294], [666, 312], [612, 492], [648, 492], [612, 528], [792, 582], [594, 690], [576, 762]]",,"[[1176, 450]]",,0.47056056233257876,0.22776771727855893
329,4,1,5.4809999999999945,,13518,"[954, 270]",False,Right,True,0.0,False,weak,False,"[[570, 18], [714, 144], [696, 198], [678, 270], [1020, 270], [516, 288], [660, 306], [606, 486], [642, 486], [606, 522], [786, 576], [588, 684], [570, 756]]",,"[[1170, 444]]",,0.47056056233257876,0.22776771727855893
330,4,1,5.497999999999934,,13518,"[954, 270]",False,Right,True,0.0,False,weak,False,"[[564, 12], [708, 138], [690, 192], [672, 264], [1014, 264], [510, 282], [654, 300], [600, 480], [636, 480], [600, 516], [780, 570], [582, 678], [564, 750]]",,"[[1164, 438]]",,0.470501568472641,0.2286398446014033
331,4,1,5.514999999999986,,13518,"[954, 270]",False,Right,True,0.0,False,weak,False,"[[558, 6], [702, 132], [684, 186], [666, 258], [1008, 258], [504, 276], [648, 294], [594, 474], [630, 474], [594, 510], [774, 564], [576, 672], [558, 744]]",,"[[1158, 432]]",,0.470501568472641,0.2286398446014033
332,4,1,5.529999999999973,,13518,"[954, 270]",False,Right,True,0.0,False,weak,False,"[[552, 0], [696, 126], [678, 180], [660, 252], [1002, 252], [498, 270], [642, 288], [588, 468], [624, 468], [588, 504], [768, 558], [570, 666], [552, 738]]",,"[[1152, 426]]",,0.47143888344456786,0.23377513303416264
333,4,1,5.548000000000002,,13518,"[954, 270]",False,,True,0.0,False,weak,False,"[[690, 120], [672, 174], [654, 246], [996, 246], [492, 264], [636, 282], [582, 462], [618, 462], [582, 498], [762, 552], [564, 660], [546, 732]]",,"[[1152, 420]]",,0.4721084614655801,0.23502406736172077
334,4,1,5.5639999999999645,,13518,"[954, 270]",False,,True,0.0,False,weak,False,"[[690, 114], [672, 168], [654, 240], [996, 240], [492, 258], [636, 276], [582, 456], [618, 456], [582, 492], [762, 546], [564, 654], [546, 726]]",,"[[1152, 414]]",,0.47353744732599967,0.23904476536018393
335,4,1,5.580999999999904,,13518,"[954, 270]",False,,True,0.0,False,weak,False,"[[690, 108], [672, 162], [654, 234], [996, 234], [492, 252], [636, 270], [582, 450], [618, 450], [582, 486], [762, 540], [564, 648], [546, 720]]",,"[[1152, 408]]",,0.47353744732599967,0.23904476536018393
336,4,1,5.59699999999998,,13518,"[954, 270]",False,,True,0.0,False,weak,False,"[[690, 102], [672, 156], [654, 228], [996, 228], [492, 246], [636, 264], [582, 444], [618, 444], [582, 480], [762, 534], [564, 642], [546, 714]]",,"[[1152, 402]]",,0.47499505263043734,0.2452030939370733
337,4,1,5.613999999999919,,13518,"[954, 270]",False,,True,0.0,False,weak,False,"[[690, 96], [672, 150], [654, 222], [996, 222], [492, 240], [636, 258], [582, 438], [618, 438], [582, 474], [762, 528], [564, 636], [546, 708]]",,"[[1152, 396]]",,0.47518556513666443,0.24570898641492334
338,4,1,5.630999999999972,,13518,"[954, 270]",False,Right,True,0.0,False,weak,False,"[[690, 90], [672, 144], [654, 216], [996, 216], [492, 234], [636, 252], [582, 432], [618, 432], [582, 468], [762, 522], [564, 630], [546, 702]]",,"[[1146, 390]]",,0.4752872523774765,0.24861853728702854
339,4,1,5.6469999999999345,,13518,"[954, 270]",False,Right,True,0.0,False,weak,False,"[[684, 84], [666, 138], [648, 210], [990, 210], [486, 228], [630, 246], [576, 426], [612, 426], [576, 462], [756, 516], [558, 624], [540, 696]]",,"[[1140, 384]]",,0.4752872523774765,0.24861853728702854
340,4,1,5.662999999999897,,13518,"[954, 270]",False,Right,True,0.0,False,weak,False,"[[678, 78], [660, 132], [642, 204], [984, 204], [480, 222], [624, 240], [570, 420], [606, 420], [570, 456], [750, 510], [552, 618], [534, 690]]",,"[[1134, 378]]",,0.47304027131196164,0.25506575528796893
341,4,1,5.67999999999995,,13518,"[954, 270]",False,Right,True,0.0,False,weak,False,"[[672, 72], [654, 126], [636, 198], [978, 198], [474, 216], [618, 234], [564, 414], [600, 414], [564, 450], [744, 504], [546, 612], [528, 684]]",,"[[1128, 372]]",,0.47304027131196164,0.25506575528796893
342,4,1,5.697000000000003,,13518,"[954, 270]",False,Right,True,0.0,False,weak,False,"[[666, 66], [648, 120], [630, 192], [972, 192], [468, 210], [612, 228], [558, 408], [594, 408], [558, 444], [738, 498], [540, 606], [522, 678]]",,"[[1122, 366]]",,0.4713965211184954,0.26360488712710184
343,4,1,5.713999999999942,,13518,"[954, 270]",False,,True,0.0,False,weak,False,"[[660, 60], [642, 114], [624, 186], [966, 186], [462, 204], [606, 222], [552, 402], [588, 402], [552, 438], [732, 492], [534, 600], [516, 672]]",,"[[1122, 360]]",,0.4709009796050885,0.266604175761858
344,4,1,5.7309999999999945,,13518,"[954, 270]",False,,True,0.0,False,weak,False,"[[660, 54], [642, 108], [624, 180], [966, 180], [462, 198], [606, 216], [552, 396], [588, 396], [552, 432], [732, 486], [534, 594], [516, 666]]",,"[[1122, 354]]",,0.4706123601515215,0.2685973175843748
345,4,1,5.747999999999934,,13518,"[954, 270]",False,,True,0.0,False,weak,False,"[[660, 48], [642, 102], [624, 174], [966, 174], [462, 192], [606, 210], [552, 390], [588, 390], [552, 426], [732, 480], [534, 588], [516, 660]]",,"[[1122, 348]]",,0.4706123601515215,0.2685973175843748
346,4,1,5.763999999999896,,13518,"[954, 270]",False,,True,0.0,False,weak,False,"[[660, 42], [642, 96], [624, 168], [966, 168], [462, 186], [606, 204], [552, 384], [588, 384], [552, 420], [732, 474], [534, 582], [516, 654]]",,"[[1122, 342]]",,0.4692484065859167,0.27478415551802826
347,4,1,5.780999999999949,,13518,"[954, 270]",False,,True,0.0,False,weak,False,"[[660, 36], [642, 90], [624, 162], [966, 162], [462, 180], [606, 198], [552, 378], [588, 378], [552, 414], [732, 468], [534, 576], [516, 648]]",,"[[1122, 336]]",,0.4692767232539419,0.2749171601752505
348,4,1,5.796999999999912,,13518,"[954, 270]",False,,True,0.0,False,weak,False,"[[660, 30], [642, 84], [624, 156], [966, 156], [462, 174], [606, 192], [552, 372], [588, 372], [552, 408], [732, 462], [534, 570], [516, 642]]",,"[[1122, 330]]",,0.48554322761535557,0.2842534975137394
349,4,1,5.812999999999988,,13518,"[954, 270]",False,,True,0.0,False,weak,False,"[[660, 24], [642, 78], [624, 150], [966, 150], [462, 168], [606, 186], [552, 366], [588, 366], [552, 402], [732, 456], [534, 564], [516, 636]]",,"[[1122, 324], [216, 810]]",,0.48554322761535557,0.2842534975137394
350,4,1,5.828999999999951,,13518,"[954, 270]",False,,True,0.0,False,weak,False,"[[660, 18], [642, 72], [624, 144], [966, 144], [462, 162], [606, 180], [552, 360], [588, 360], [552, 396], [732, 450], [534, 558], [516, 630]]",,"[[1122, 318], [216, 804]]",,0.4864785284450286,0.28710727025143545
351,4,1,5.846000000000004,,13518,"[954, 270]",False,,True,0.0,False,weak,False,"[[660, 12], [642, 66], [624, 138], [966, 138], [462, 156], [606, 174], [552, 354], [588, 354], [552, 390], [732, 444], [534, 552], [516, 624]]",,"[[1122, 312], [216, 798]]",,0.4864785284450286,0.28710727025143545
352,4,1,5.861999999999966,,13518,"[954, 270]",False,,True,1.0,False,weak,False,"[[660, 6], [642, 60], [624, 132], [966, 132], [462, 150], [606, 168], [552, 348], [588, 348], [552, 384], [732, 438], [534, 546], [516, 618]]",,"[[1122, 306], [216, 792]]",,0.489040196308431,0.28631703224255944
353,4,1,5.878999999999905,,13518,"[954, 270]",False,,True,1.0,False,weak,False,"[[660, 0], [642, 54], [624, 126], [966, 126], [462, 144], [606, 162], [552, 342], [588, 342], [552, 378], [732, 432], [534, 540], [516, 612], [462, 810]]",,"[[1128, 300], [222, 786]]",,0.49049847100339405,0.2873196182515114
354,4,1,5.895999999999958,,13518,"[954, 270]",False,,True,1.0,False,weak,False,"[[648, 48], [630, 120], [972, 120], [468, 138], [612, 156], [558, 336], [594, 336], [558, 372], [738, 426], [540, 534], [522, 606], [468, 804]]",,"[[1134, 294], [228, 780]]",,0.49250236534616565,0.2863147880772795
355,4,1,5.912999999999897,,13518,"[954, 270]",False,,True,1.0,False,weak,False,"[[654, 42], [636, 114], [978, 114], [474, 132], [618, 150], [564, 330], [600, 330], [564, 366], [744, 420], [546, 528], [528, 600], [474, 798]]",,"[[1140, 288], [234, 774]]",,0.49263018872834896,0.2884000713790589
356,4,1,5.928999999999974,,13518,"[954, 270]",False,,True,1.0,False,weak,False,"[[660, 36], [642, 108], [984, 108], [480, 126], [624, 144], [570, 324], [606, 324], [570, 360], [750, 414], [552, 522], [534, 594], [480, 792]]",,"[[1146, 282], [240, 768]]",,0.4914256089909851,0.293375508229613
357,4,1,5.944999999999936,,13518,"[954, 270]",False,,True,1.0,False,weak,False,"[[666, 30], [648, 102], [990, 102], [486, 120], [630, 138], [576, 318], [612, 318], [576, 354], [756, 408], [558, 516], [540, 588], [486, 786]]",,"[[1152, 276], [246, 762]]",,0.4914256089909851,0.293375508229613
358,4,1,5.960999999999899,,13518,"[954, 270]",False,,True,1.0,False,weak,False,"[[672, 24], [654, 96], [996, 96], [492, 114], [636, 132], [582, 312], [618, 312], [582, 348], [762, 402], [564, 510], [546, 582], [492, 780]]",,"[[1158, 270], [252, 756]]",,0.49031757472466075,0.3008928895149633
359,4,1,5.976999999999975,,13518,"[954, 270]",False,,True,1.0,False,weak,False,"[[678, 18], [660, 90], [1002, 90], [498, 108], [642, 126], [588, 306], [624, 306], [588, 342], [768, 396], [570, 504], [552, 576], [498, 774]]",,"[[1164, 264], [258, 750]]",,0.490580823443483,0.30433182125852687
360,4,1,5.992999999999938,,13518,"[954, 270]",False,,True,1.0,False,weak,False,"[[684, 12], [666, 84], [1008, 84], [504, 102], [648, 120], [594, 300], [630, 300], [594, 336], [774, 390], [576, 498], [558, 570], [504, 768]]",,"[[1170, 258], [264, 744]]",,0.49166660536618617,0.30319766585530106
361,4,1,6.008999999999901,,13518,"[954, 270]",False,,True,1.0,False,weak,False,"[[690, 6], [672, 78], [1014, 78], [510, 96], [654, 114], [600, 294], [636, 294], [600, 330], [780, 384], [582, 492], [564, 564], [510, 762]]",,"[[1176, 252], [270, 738]]",,0.49288771608036247,0.29828911542873626
362,4,1,6.024999999999977,,13518,"[954, 270]",False,,True,1.0,False,weak,False,"[[696, 0], [678, 72], [1020, 72], [516, 90], [660, 108], [606, 288], [642, 288], [606, 324], [786, 378], [588, 486], [570, 558], [516, 756]]",,"[[1182, 246], [276, 732]]",,0.49347964022350704,0.29590049556428644
363,4,1,6.04099999999994,,13518,"[954, 270]",False,,True,1.0,False,weak,False,"[[684, 66], [1026, 66], [522, 84], [666, 102], [612, 282], [648, 282], [612, 318], [792, 372], [594, 480], [576, 552], [522, 750]]",,"[[1188, 240], [282, 726]]",,0.4938095686560402,0.29297951125593324
364,4,1,6.056999999999903,,13518,"[954, 270]",False,,True,1.0,False,weak,False,"[[690, 60], [1032, 60], [528, 78], [672, 96], [618, 276], [654, 276], [618, 312], [798, 366], [600, 474], [582, 546], [528, 744]]",,"[[1194, 234], [288, 720]]",,0.4938095686560402,0.29297951125593324
365,4,1,6.073999999999955,,13518,"[954, 270]",False,,True,1.0,False,weak,False,"[[696, 54], [1038, 54], [534, 72], [678, 90], [624, 270], [660, 270], [624, 306], [804, 360], [606, 468], [588, 540], [534, 738]]",,"[[1200, 228], [294, 714]]",,0.49322988594704614,0.29145885119911363
366,4,1,6.0909999999998945,,13518,"[954, 270]",False,,True,1.0,False,weak,False,"[[702, 48], [1044, 48], [540, 66], [684, 84], [630, 264], [666, 264], [630, 300], [810, 354], [612, 462], [594, 534], [540, 732]]",,"[[1206, 222], [300, 708]]",,0.4925706539198592,0.29349550642775113
367,4,1,6.106999999999971,,13518,"[954, 270]",False,,True,1.0,False,weak,False,"[[708, 42], [1050, 42], [546, 60], [690, 78], [636, 258], [672, 258], [636, 294], [816, 348], [618, 456], [600, 528], [546, 726]]",,"[[1212, 216], [306, 702]]",,0.4923341469637606,0.2951024936103239
368,4,1,6.122999999999934,,13518,"[954, 270]",False,,True,1.0,False,weak,False,"[[714, 36], [1056, 36], [552, 54], [696, 72], [642, 252], [678, 252], [642, 288], [822, 342], [624, 450], [606, 522], [552, 720]]",,"[[1218, 210], [312, 696]]",,0.4923341469637606,0.2951024936103239
369,4,1,6.139999999999986,,13518,"[954, 270]",False,,True,1.0,False,weak,False,"[[720, 30], [1062, 30], [558, 48], [702, 66], [648, 246], [684, 246], [648, 282], [828, 336], [630, 444], [612, 516], [558, 714]]",,"[[1224, 204], [318, 690]]",,0.49253698390818207,0.3013820967361168
370,4,1,6.156999999999925,,13518,"[954, 270]",False,Right,True,1.0,False,weak,False,"[[726, 24], [1068, 24], [564, 42], [708, 60], [654, 240], [690, 240], [654, 276], [834, 330], [636, 438], [618, 510], [564, 708]]",,"[[1224, 198], [318, 684]]",,0.49253698390818207,0.3013820967361168
371,4,1,6.173999999999978,,13518,"[954, 270]",False,Right,True,1.0,False,weak,False,"[[726, 18], [1068, 18], [564, 36], [708, 54], [654, 234], [690, 234], [654, 270], [834, 324], [636, 432], [618, 504], [564, 702]]",,"[[1224, 192], [318, 678]]",,0.49254328394914804,0.3075200784265134
372,4,1,6.189999999999941,,13518,"[954, 270]",False,Right,True,1.0,False,weak,False,"[[726, 12], [1068, 12], [564, 30], [708, 48], [654, 228], [690, 228], [654, 264], [834, 318], [636, 426], [618, 498], [564, 696]]",,"[[1224, 186], [318, 672]]",,0.4922663621633302,0.30748830832149243
373,4,1,6.206999999999994,,13518,"[954, 270]",False,Right,True,1.0,False,weak,False,"[[726, 6], [1068, 6], [564, 24], [708, 42], [654, 222], [690, 222], [654, 258], [834, 312], [636, 420], [618, 492], [564, 690]]",,"[[1224, 180], [318, 666]]",,0.49164578415881355,0.31034872144518455
374,4,1,6.223999999999933,,13518,"[954, 270]",False,Right,True,1.0,False,weak,False,"[[726, 0], [1068, 0], [564, 18], [708, 36], [654, 216], [690, 216], [654, 252], [834, 306], [636, 414], [618, 486], [564, 684]]",,"[[1224, 174], [318, 660]]",,0.49164578415881355,0.31034872144518455
375,4,1,6.239999999999895,,13518,"[954, 270]",False,Right,True,1.0,False,weak,False,"[[564, 12], [708, 30], [654, 210], [690, 210], [654, 246], [834, 300], [636, 408], [618, 480], [564, 678]]",,"[[1224, 168], [318, 654]]",,0.49100733416592124,0.3121690671538676
376,4,1,6.256999999999948,,13518,"[954, 270]",False,Right,True,1.0,False,weak,False,"[[564, 6], [708, 24], [654, 204], [690, 204], [654, 240], [834, 294], [636, 402], [618, 474], [564, 672]]",,"[[1224, 162], [318, 648]]",,0.49100733416592124,0.3121690671538676
377,4,1,6.274000000000001,,13518,"[954, 270]",False,,True,1.0,False,weak,False,"[[564, 0], [708, 18], [654, 198], [690, 198], [654, 234], [834, 288], [636, 396], [618, 468], [564, 666]]",,"[[1230, 156], [324, 642]]",,0.49112766962772747,0.3143732557186445
378,4,1,6.29099999999994,,13518,"[954, 270]",False,,True,1.0,False,weak,False,"[[714, 12], [660, 192], [696, 192], [660, 228], [840, 282], [642, 390], [624, 462], [570, 660]]",,"[[1236, 150], [330, 636]]",,0.4911442663535376,0.31479628856042174
379,4,1,6.306999999999903,,13518,"[954, 270]",False,,True,1.0,False,weak,False,"[[720, 6], [666, 186], [702, 186], [666, 222], [846, 276], [648, 384], [630, 456], [576, 654]]",,"[[1242, 144], [336, 630]]",,0.49007114953394826,0.31997861088881663
380,4,1,6.322999999999979,,13518,"[954, 270]",False,,True,1.0,False,weak,False,"[[726, 0], [672, 180], [708, 180], [672, 216], [852, 270], [654, 378], [636, 450], [582, 648]]",,"[[1248, 138], [342, 624]]",,0.49007114953394826,0.31997861088881663
381,4,1,6.339999999999918,,13518,"[954, 270]",False,Right,True,1.0,False,weak,False,"[[678, 174], [714, 174], [678, 210], [858, 264], [660, 372], [642, 444], [588, 642]]",,"[[1248, 132], [342, 618]]",,0.48887964835363046,0.32915725721732014
382,4,1,6.3559999999999945,,13518,"[954, 270]",False,Right,True,1.0,False,weak,False,"[[678, 168], [714, 168], [678, 204], [858, 258], [660, 366], [642, 438], [588, 636]]",,"[[1248, 126], [342, 612]]",,0.48887964835363046,0.32915725721732014
383,4,1,6.372999999999934,,13518,"[954, 270]",False,Right,True,1.0,False,weak,False,"[[678, 162], [714, 162], [678, 198], [858, 252], [660, 360], [642, 432], [588, 630]]",,"[[1248, 120], [342, 606]]",,0.4885575092900022,0.33132235158966217
384,4,1,6.388999999999896,,13518,"[954, 270]",False,Right,True,1.0,False,weak,False,"[[678, 156], [714, 156], [678, 192], [858, 246], [660, 354], [642, 426], [588, 624]]",,"[[1248, 114], [342, 600]]",,0.4885575092900022,0.33132235158966217
385,4,1,6.405999999999949,,13518,"[954, 270]",False,Right,True,1.0,False,weak,False,"[[678, 150], [714, 150], [678, 186], [858, 240], [660, 348], [642, 420], [588, 618]]",,"[[1248, 108], [342, 594]]",,0.4889402144712486,0.3335170670681189
386,4,1,6.421999999999912,,13518,"[954, 270]",False,Right,True,1.0,False,weak,False,"[[678, 144], [714, 144], [678, 180], [858, 234], [660, 342], [642, 414], [588, 612]]",,"[[1248, 102], [342, 588]]",,0.4889402144712486,0.3335170670681189
387,4,1,6.437999999999988,,13518,"[954, 270]",False,Right,True,1.0,False,weak,False,"[[678, 138], [714, 138], [678, 174], [858, 228], [660, 336], [642, 408], [588, 606]]",,"[[1248, 96], [342, 582]]",,0.4886308904333819,0.3345556622696133
388,4,1,6.462999999999965,,13518,"[954, 270]",False,,True,1.0,False,weak,False,"[[678, 132], [714, 132], [678, 168], [858, 222], [660, 330], [642, 402], [588, 600]]",,"[[1254, 90], [348, 576]]",,0.4880356445263212,0.3353009124649754
389,4,1,6.478999999999928,,13518,"[954, 270]",False,,True,1.0,False,weak,False,"[[684, 126], [720, 126], [684, 162], [864, 216], [666, 324], [648, 396], [594, 594]]",,"[[1260, 84], [354, 570]]",,0.48795776808240793,0.3355843356225313
390,4,1,6.495999999999981,,13518,"[954, 270]",False,,True,1.0,False,weak,False,"[[690, 120], [726, 120], [690, 156], [870, 210], [672, 318], [654, 390], [600, 588]]",,"[[1266, 78], [360, 564]]",,0.487866187269307,0.33594545191308245
391,4,1,6.51299999999992,,13518,"[954, 270]",False,,True,1.0,False,weak,False,"[[696, 114], [732, 114], [696, 150], [876, 204], [678, 312], [660, 384], [606, 582]]",,"[[1272, 72], [366, 558]]",,0.48497900447746367,0.331498536126522
392,4,1,6.529999999999973,,13518,"[954, 270]",False,Right,True,1.0,False,weak,False,"[[702, 108], [738, 108], [702, 144], [882, 198], [684, 306], [666, 378], [612, 576]]",,"[[1272, 66], [366, 552]]",,0.47497738266702677,0.30121949396093783
393,4,1,6.546999999999912,,13518,"[954, 270]",False,Right,True,1.0,False,weak,False,"[[702, 102], [738, 102], [702, 138], [882, 192], [684, 300], [666, 372], [612, 570]]",,"[[1272, 60], [366, 546]]",,0.47417338279137633,0.2948323805552181
394,4,1,6.562999999999988,,13518,"[954, 270]",False,Right,True,1.0,False,weak,False,"[[702, 96], [738, 96], [702, 132], [882, 186], [684, 294], [666, 366], [612, 564]]",,"[[1272, 54], [366, 540]]",,0.47263757382783034,0.2949279682473589
395,4,1,6.578999999999951,,13518,"[954, 270]",False,Right,True,1.0,False,weak,False,"[[702, 90], [738, 90], [702, 126], [882, 180], [684, 288], [666, 360], [612, 558]]",,"[[1272, 48], [366, 534]]",,0.4729262164576905,0.2948193963592247
396,4,1,6.594999999999914,,13518,"[954, 270]",False,Right,True,1.0,False,weak,False,"[[702, 84], [738, 84], [702, 120], [882, 174], [684, 282], [666, 354], [612, 552]]",,"[[1272, 42], [366, 528]]",,0.47290387075158247,0.2931754147219544
397,4,1,6.61099999999999,,13518,"[954, 270]",False,Right,True,1.0,False,weak,False,"[[702, 78], [738, 78], [702, 114], [882, 168], [684, 276], [666, 348], [612, 546]]",,"[[1272, 36], [366, 522]]",,0.4737884877875458,0.29025898705255926
398,4,1,6.626999999999953,,13518,"[954, 270]",False,Right,True,1.0,False,weak,False,"[[702, 72], [738, 72], [702, 108], [882, 162], [684, 270], [666, 342], [612, 540], [720, 810]]",,"[[1272, 30], [366, 516]]",,0.4744486314406576,0.29236377071995356
399,4,1,6.6440000000000055,,13518,"[954, 270]",False,Right,True,1.0,False,weak,False,"[[702, 66], [738, 66], [702, 102], [882, 156], [684, 264], [666, 336], [612, 534], [720, 804]]",,"[[1272, 24], [366, 510]]",,0.4755789917461339,0.2926326195399166
400,4,1,6.661999999999921,,13518,"[954, 270]",False,,True,1.0,False,weak,False,"[[702, 60], [738, 60], [702, 96], [882, 150], [684, 258], [666, 330], [612, 528], [720, 798]]",,"[[1278, 18], [372, 504]]",,0.4755789917461339,0.2926326195399166
401,4,1,6.678999999999974,,13518,"[954, 270]",False,,True,1.0,False,weak,False,"[[708, 54], [744, 54], [708, 90], [888, 144], [690, 252], [672, 324], [618, 522], [726, 792], [1068, 810]]",,"[[1284, 12], [378, 498]]",,0.47542622173771115,0.2976114134856588
402,4,1,6.69399999999996,,13518,"[954, 270]",False,,True,1.0,False,weak,False,"[[714, 48], [750, 48], [714, 84], [894, 138], [696, 246], [678, 318], [624, 516], [732, 786], [1074, 804]]",,"[[1290, 6], [384, 492]]",,0.47537519579621357,0.2982735249707227
403,4,1,6.710999999999899,,13518,"[954, 270]",False,,True,0.0,False,weak,False,"[[720, 42], [756, 42], [720, 78], [900, 132], [702, 240], [684, 312], [630, 510], [738, 780], [1080, 798]]",,"[[1296, 0], [390, 486], [1296, 810]]",,0.4735851180419489,0.3021782110334609
404,4,1,6.726999999999975,,13518,"[954, 270]",False,,True,0.0,False,weak,False,"[[726, 36], [762, 36], [726, 72], [906, 126], [708, 234], [690, 306], [636, 504], [744, 774], [1086, 792], [1086, 810]]",,"[[390, 480], [1296, 804]]",,0.47356454099567574,0.3034997543590552
405,4,1,6.7439999999999145,,13518,"[954, 270]",False,,True,0.0,False,weak,False,"[[726, 30], [762, 30], [726, 66], [906, 120], [708, 228], [690, 300], [636, 498], [744, 768], [1086, 786], [1086, 804]]",,"[[390, 474], [1296, 798]]",,0.47347927566044345,0.3030928241366213
406,4,1,6.759999999999991,,13518,"[954, 270]",False,,True,0.0,False,weak,False,"[[726, 24], [762, 24], [726, 60], [906, 114], [708, 222], [690, 294], [636, 492], [744, 762], [1086, 780], [1086, 798]]",,"[[390, 468], [1296, 792]]",,0.47347927566044345,0.3030928241366213
407,4,1,6.77699999999993,,13518,"[954, 270]",False,,True,0.0,False,weak,False,"[[726, 18], [762, 18], [726, 54], [906, 108], [708, 216], [690, 288], [636, 486], [744, 756], [1086, 774], [1086, 792], [726, 810]]",,"[[390, 462], [1296, 786]]",,0.44471754591243373,0.2692971391750455
408,4,1,6.792999999999893,,13518,"[954, 270]",False,,True,0.0,False,weak,False,"[[726, 12], [762, 12], [726, 48], [906, 102], [708, 210], [690, 282], [636, 480], [744, 750], [1086, 768], [1086, 786], [726, 804]]",,"[[390, 456], [1296, 780]]",,0.44471754591243373,0.2692971391750455
409,4,1,6.809999999999945,,13518,"[954, 270]",False,,True,0.0,False,weak,False,"[[726, 6], [762, 6], [726, 42], [906, 96], [708, 204], [690, 276], [636, 474], [744, 744], [1086, 762], [1086, 780], [726, 798]]",,"[[390, 450], [1296, 774]]",,0.4445441132741509,0.2566970377933011
410,4,1,6.826999999999998,,13518,"[954, 270]",False,,True,0.0,False,weak,False,"[[726, 0], [762, 0], [726, 36], [906, 90], [708, 198], [690, 270], [636, 468], [744, 738], [1086, 756], [1086, 774], [726, 792]]",,"[[390, 444], [1296, 768]]",,0.4445441132741509,0.2566970377933011
411,4,1,6.843999999999937,,13518,"[954, 270]",False,,True,0.0,False,weak,False,"[[726, 30], [906, 84], [708, 192], [690, 264], [636, 462], [744, 732], [1086, 750], [1086, 768], [726, 786]]",,"[[390, 438], [1296, 762]]",,0.44141350370310395,0.2537406675708911
412,4,1,6.8599999999999,,13518,"[954, 270]",False,,True,0.0,False,weak,False,"[[726, 24], [906, 78], [708, 186], [690, 258], [636, 456], [744, 726], [1086, 744], [1086, 762], [726, 780]]",,"[[390, 432], [1296, 756]]",,0.44108651470112015,0.2526364847752183
413,4,1,6.876999999999953,,13518,"[954, 270]",False,,True,0.0,False,weak,False,"[[726, 18], [906, 72], [708, 180], [690, 252], [636, 450], [744, 720], [1086, 738], [1086, 756], [726, 774]]",,"[[390, 426], [1296, 750]]",,0.4414408557011583,0.25808357032007767
414,4,1,6.8940000000000055,,13518,"[954, 270]",False,,True,0.0,False,weak,False,"[[726, 12], [906, 66], [708, 174], [690, 246], [636, 444], [744, 714], [1086, 732], [1086, 750], [726, 768]]",,"[[390, 420], [1296, 744]]",,0.4420697168948589,0.25903840089143126
415,4,1,6.909999999999968,,13518,"[954, 270]",False,,True,0.0,False,weak,False,"[[726, 6], [906, 60], [708, 168], [690, 240], [636, 438], [744, 708], [1086, 726], [1086, 744], [726, 762]]",,"[[390, 414], [1296, 738]]",,0.4412796041596523,0.26407497062995355
416,4,1,6.926999999999907,,13518,"[954, 270]",False,,True,0.0,False,weak,False,"[[726, 0], [906, 54], [708, 162], [690, 234], [636, 432], [744, 702], [1086, 720], [1086, 738], [726, 756]]",,"[[390, 408], [1296, 732]]",,0.4412796041596523,0.26407497062995355
417,4,1,6.94399999999996,,13518,"[954, 270]",False,,True,0.0,False,weak,False,"[[906, 48], [708, 156], [690, 228], [636, 426], [744, 696], [1086, 714], [1086, 732], [726, 750]]",,"[[390, 402], [1296, 726]]",,0.43952892675229727,0.275148024846003
418,4,1,6.960999999999899,,13518,"[954, 270]",False,,True,0.0,False,weak,False,"[[906, 42], [708, 150], [690, 222], [636, 420], [744, 690], [1086, 708], [1086, 726], [726, 744]]",,"[[390, 396], [1296, 720]]",,0.43952892675229727,0.275148024846003
419,4,1,6.976999999999975,,13518,"[954, 270]",False,,True,0.0,False,weak,False,"[[906, 36], [708, 144], [690, 216], [636, 414], [744, 684], [1086, 702], [1086, 720], [726, 738], [870, 810]]",,"[[390, 390], [1296, 714]]",,0.4385988042883152,0.276333512803129
420,4,1,6.9939999999999145,,13518,"[954, 270]",False,,True,0.0,False,weak,False,"[[906, 30], [708, 138], [690, 210], [636, 408], [744, 678], [1086, 696], [1086, 714], [726, 732], [870, 804]]",,"[[390, 384], [1296, 708]]",,0.43884729454424765,0.27531897138410655
421,4,1,7.010999999999967,,13518,"[954, 270]",False,,True,0.0,False,weak,False,"[[906, 24], [708, 132], [690, 204], [636, 402], [744, 672], [1086, 690], [1086, 708], [726, 726], [870, 798]]",,"[[390, 378], [1296, 702]]",,0.440126353221675,0.27489123209843536
422,4,1,7.027999999999906,,13518,"[954, 270]",False,,True,0.0,False,weak,False,"[[906, 18], [708, 126], [690, 198], [636, 396], [744, 666], [1086, 684], [1086, 702], [726, 720], [870, 792]]",,"[[390, 372], [1296, 696]]",,0.440126353221675,0.27489123209843536
423,4,1,7.043999999999983,,13518,"[954, 270]",False,,True,0.0,False,weak,False,"[[906, 12], [708, 120], [690, 192], [636, 390], [744, 660], [1086, 678], [1086, 696], [726, 714], [870, 786]]",,"[[390, 366], [1296, 690]]",,0.44328553940483906,0.2677510871465927
424,4,1,7.059999999999945,,13518,"[954, 270]",False,,True,0.0,False,weak,False,"[[906, 6], [708, 114], [690, 186], [636, 384], [744, 654], [1086, 672], [1086, 690], [726, 708], [870, 780]]",,"[[390, 360], [1296, 684]]",,0.44328553940483906,0.2677510871465927
425,4,1,7.075999999999908,,13518,"[954, 270]",False,,True,0.0,False,weak,False,"[[906, 0], [708, 108], [690, 180], [636, 378], [744, 648], [1086, 666], [1086, 684], [726, 702], [870, 774]]",,"[[390, 354], [1296, 678]]",,0.44625791593320346,0.2570740206328168
426,4,1,7.093999999999937,,13518,"[954, 270]",False,Left,True,0.0,False,weak,False,"[[708, 102], [690, 174], [636, 372], [744, 642], [1086, 660], [1086, 678], [726, 696], [870, 768]]",,"[[396, 348], [1302, 672]]",,0.44625791593320346,0.2570740206328168
427,4,1,7.1099999999999,,13518,"[954, 270]",False,Left,True,0.0,False,weak,False,"[[714, 96], [696, 168], [642, 366], [750, 636], [1092, 654], [1092, 672], [732, 690], [876, 762]]",,"[[402, 342], [1308, 666]]",,0.4513112716115252,0.22747352592774883
428,4,1,7.126999999999953,,13518,"[954, 270]",False,Left,True,0.0,False,weak,False,"[[720, 90], [702, 162], [648, 360], [756, 630], [1098, 648], [1098, 666], [738, 684], [882, 756]]",,"[[408, 336], [1314, 660]]",,0.4513112716115252,0.22747352592774883
429,4,1,7.1440000000000055,,13518,"[954, 270]",False,Left,True,0.0,False,weak,False,"[[726, 84], [708, 156], [654, 354], [762, 624], [1104, 642], [1104, 660], [744, 678], [888, 750]]",,"[[414, 330], [1320, 654]]",,0.4559126039959824,0.23073273225261437
430,4,1,7.1609999999999445,,13518,"[954, 270]",False,Left,True,0.0,False,weak,False,"[[732, 78], [714, 150], [660, 348], [768, 618], [1110, 636], [1110, 654], [750, 672], [894, 744]]",,"[[420, 324], [1326, 648]]",,0.4559126039959824,0.23073273225261437
431,4,1,7.175999999999931,,13518,"[954, 270]",False,,True,0.0,False,weak,False,"[[738, 72], [720, 144], [666, 342], [774, 612], [1116, 630], [1116, 648], [756, 666], [900, 738]]",,"[[420, 318], [1326, 642]]",,0.45673628165074254,0.23247424742150147
432,4,1,7.192999999999984,,13518,"[954, 270]",False,,True,0.0,False,weak,False,"[[738, 66], [720, 138], [666, 336], [774, 606], [1116, 624], [1116, 642], [756, 660], [900, 732]]",,"[[420, 312], [1326, 636]]",,0.45673628165074254,0.23247424742150147
433,4,1,7.208999999999946,,13518,"[954, 270]",False,,True,-1.0,False,weak,False,"[[738, 60], [720, 132], [666, 330], [774, 600], [1116, 618], [1116, 636], [756, 654], [900, 726]]",,"[[420, 306], [1326, 630]]",,0.4567681029069095,0.23954372858172712
434,4,1,7.225999999999999,,13518,"[954, 270]",False,,True,-1.0,False,weak,False,"[[738, 54], [720, 126], [666, 324], [774, 594], [1116, 612], [1116, 630], [756, 648], [900, 720], [882, 810]]",,"[[414, 300], [1320, 624]]",,0.4567681029069095,0.23954372858172712
435,4,1,7.242999999999938,,13518,"[954, 270]",False,,True,-1.0,False,weak,False,"[[732, 48], [714, 120], [660, 318], [768, 588], [1110, 606], [1110, 624], [750, 642], [894, 714], [876, 804]]",,"[[408, 294], [1314, 618]]",,0.45482149938920513,0.24399625079402754
436,4,1,7.258999999999901,,13518,"[954, 270]",False,,True,-1.0,False,weak,False,"[[726, 42], [708, 114], [654, 312], [762, 582], [1104, 600], [1104, 618], [744, 636], [888, 708], [870, 798]]",,"[[402, 288], [1308, 612]]",,0.45482149938920513,0.24399625079402754
437,4,1,7.275999999999954,,13518,"[954, 270]",False,,True,-1.0,False,weak,False,"[[720, 36], [702, 108], [648, 306], [756, 576], [1098, 594], [1098, 612], [738, 630], [882, 702], [864, 792]]",,"[[396, 282], [1302, 606]]",,0.4539621835778309,0.25175720504795496
438,4,1,7.293999999999983,,13518,"[954, 270]",False,,True,-1.0,False,weak,False,"[[714, 30], [696, 102], [642, 300], [750, 570], [1092, 588], [1092, 606], [732, 624], [876, 696], [858, 786]]",,"[[390, 276], [1296, 600]]",,0.4539621835778309,0.25175720504795496
439,4,1,7.309999999999945,,13518,"[954, 270]",False,,True,-1.0,False,weak,False,"[[708, 24], [690, 96], [636, 294], [744, 564], [1086, 582], [1086, 600], [726, 618], [870, 690], [852, 780]]",,"[[384, 270], [1290, 594]]",,0.4529774241899676,0.2573584212495894
440,4,1,7.326999999999998,,13518,"[954, 270]",False,Left,True,-1.0,False,weak,False,"[[702, 18], [684, 90], [630, 288], [738, 558], [1080, 576], [1080, 594], [720, 612], [864, 684], [846, 774], [666, 810]]",,"[[384, 264], [1290, 588]]",,0.4529774241899676,0.2573584212495894
441,4,1,7.3419999999999845,,13518,"[954, 270]",False,Left,True,-1.0,False,weak,False,"[[702, 12], [684, 84], [630, 282], [738, 552], [1080, 570], [1080, 588], [720, 606], [864, 678], [846, 768], [666, 804]]",,"[[384, 258], [1290, 582]]",,0.45386510126133467,0.2547726996379889
442,4,1,7.3599999999999,,13518,"[954, 270]",False,Left,True,-1.0,False,weak,False,"[[702, 6], [684, 78], [630, 276], [738, 546], [1080, 564], [1080, 582], [720, 600], [864, 672], [846, 762], [666, 798]]",,"[[384, 252], [1290, 576]]",,0.45386510126133467,0.2547726996379889
443,4,1,7.375999999999976,,13518,"[954, 270]",False,Left,True,-1.0,False,weak,False,"[[702, 0], [684, 72], [630, 270], [738, 540], [1080, 558], [1080, 576], [720, 594], [864, 666], [846, 756], [666, 792], [1044, 810]]",,"[[384, 246], [1290, 570]]",,0.4555704852090477,0.2517317393127668
444,4,1,7.391999999999939,,13518,"[954, 270]",False,Left,True,-1.0,False,weak,False,"[[684, 66], [630, 264], [738, 534], [1080, 552], [1080, 570], [720, 588], [864, 660], [846, 750], [666, 786], [1044, 804]]",,"[[384, 240], [1290, 564]]",,0.4555704852090477,0.2517317393127668
445,4,1,7.409999999999968,,13518,"[954, 270]",False,Left,True,-1.0,False,weak,False,"[[684, 60], [630, 258], [738, 528], [1080, 546], [1080, 564], [720, 582], [864, 654], [846, 744], [666, 780], [1044, 798]]",,"[[384, 234], [1290, 558]]",,0.45789368161262417,0.2513047055157961
446,4,1,7.425999999999931,,13518,"[954, 270]",False,,True,-1.0,False,weak,False,"[[684, 54], [630, 252], [738, 522], [1080, 540], [1080, 558], [720, 576], [864, 648], [846, 738], [666, 774], [1044, 792]]",,"[[378, 228], [1284, 552]]",,0.45789368161262417,0.2513047055157961
447,4,1,7.440999999999917,,13518,"[954, 270]",False,,True,-1.0,False,weak,False,"[[678, 48], [624, 246], [732, 516], [1074, 534], [1074, 552], [714, 570], [858, 642], [840, 732], [660, 768], [1038, 786]]",,"[[372, 222], [1278, 546]]",,0.45914231141531936,0.253140055122689
448,4,1,7.458999999999946,,13518,"[954, 270]",False,,True,-1.0,False,weak,False,"[[672, 42], [618, 240], [726, 510], [1068, 528], [1068, 546], [708, 564], [852, 636], [834, 726], [654, 762], [1032, 780]]",,"[[366, 216], [1272, 540]]",,0.45914231141531936,0.253140055122689
449,4,1,7.474999999999909,,13518,"[954, 270]",False,,True,-1.0,False,weak,False,"[[666, 36], [612, 234], [720, 504], [1062, 522], [1062, 540], [702, 558], [846, 630], [828, 720], [648, 756], [1026, 774]]",,"[[360, 210], [1266, 534]]",,0.45922933082134054,0.2565703664961818
450,4,1,7.491999999999962,,13518,"[954, 270]",False,,True,-1.0,False,weak,False,"[[660, 30], [606, 228], [714, 498], [1056, 516], [1056, 534], [696, 552], [840, 624], [822, 714], [642, 750], [1020, 768]]",,"[[354, 204], [1260, 528]]",,0.45925132642648575,0.25731023118804963
451,4,1,7.508999999999901,,13518,"[954, 270]",False,Left,True,-1.0,False,weak,False,"[[654, 24], [600, 222], [708, 492], [1050, 510], [1050, 528], [690, 546], [834, 618], [816, 708], [636, 744], [1014, 762]]",,"[[354, 198], [1260, 522]]",,0.4601330104494048,0.25865383448593227
452,4,1,7.524000000000001,,13518,"[954, 270]",False,Left,True,-1.0,False,weak,False,"[[654, 18], [600, 216], [708, 486], [1050, 504], [1050, 522], [690, 540], [834, 612], [816, 702], [636, 738], [1014, 756], [780, 810]]",,"[[354, 192], [1260, 516]]",,0.4601330104494048,0.25865383448593227
453,4,1,7.539999999999964,,13518,"[954, 270]",False,Left,True,-1.0,False,weak,False,"[[654, 12], [600, 210], [708, 480], [1050, 498], [1050, 516], [690, 534], [834, 606], [816, 696], [636, 732], [1014, 750], [780, 804]]",,"[[354, 186], [1260, 510]]",,0.4790048543196794,0.26539090104616414
454,4,1,7.556999999999903,,13518,"[954, 270]",False,Left,True,-1.0,False,weak,False,"[[654, 6], [600, 204], [708, 474], [1050, 492], [1050, 510], [690, 528], [834, 600], [816, 690], [636, 726], [1014, 744], [780, 798]]",,"[[354, 180], [1260, 504]]",,0.4790048543196794,0.26539090104616414
455,4,1,7.573999999999955,,13518,"[954, 270]",False,Left,True,-1.0,False,weak,False,"[[654, 0], [600, 198], [708, 468], [1050, 486], [1050, 504], [690, 522], [834, 594], [816, 684], [636, 720], [1014, 738], [780, 792], [960, 810]]",,"[[354, 174], [1260, 498]]",,0.48029188466799794,0.26488334895455967
456,4,1,7.5919999999999845,,13518,"[954, 270]",False,,True,-1.0,False,weak,False,"[[600, 192], [708, 462], [1050, 480], [1050, 498], [690, 516], [834, 588], [816, 678], [636, 714], [1014, 732], [780, 786], [960, 804]]",,"[[348, 168], [1254, 492]]",,0.4803692225571998,0.2656051279229761
457,4,1,7.607999999999947,,13518,"[954, 270]",False,,True,-1.0,False,weak,False,"[[594, 186], [702, 456], [1044, 474], [1044, 492], [684, 510], [828, 582], [810, 672], [630, 708], [1008, 726], [774, 780], [954, 798]]",,"[[342, 162], [1248, 486]]",,0.4810763217369721,0.26877083795847456
458,4,1,7.625,,13518,"[954, 270]",False,,True,-1.0,False,weak,False,"[[588, 180], [696, 450], [1038, 468], [1038, 486], [678, 504], [822, 576], [804, 666], [624, 702], [1002, 720], [768, 774], [948, 792]]",,"[[336, 156], [1242, 480]]",,0.4810763217369721,0.26877083795847456
459,4,1,7.641999999999939,,13518,"[954, 270]",False,,True,-1.0,False,weak,False,"[[582, 174], [690, 444], [1032, 462], [1032, 480], [672, 498], [816, 570], [798, 660], [618, 696], [996, 714], [762, 768], [942, 786]]",,"[[330, 150], [1236, 474]]",,0.4803858156005661,0.2711530811304008
460,4,1,7.657999999999902,,13518,"[954, 270]",False,,True,-1.0,False,weak,False,"[[576, 168], [684, 438], [1026, 456], [1026, 474], [666, 492], [810, 564], [792, 654], [612, 690], [990, 708], [756, 762], [936, 780]]",,"[[324, 144], [1230, 468]]",,0.48027194877244594,0.2710914809926177
461,4,1,7.6749999999999545,,13518,"[954, 270]",False,Left,True,-1.0,False,weak,False,"[[570, 162], [678, 432], [1020, 450], [1020, 468], [660, 486], [804, 558], [786, 648], [606, 684], [984, 702], [750, 756], [930, 774]]",,"[[324, 138], [1230, 462]]",,0.48118942286786315,0.2728961948115687
462,4,1,7.691999999999894,,13518,"[954, 270]",False,Left,True,-1.0,False,weak,False,"[[570, 156], [678, 426], [1020, 444], [1020, 462], [660, 480], [804, 552], [786, 642], [606, 678], [984, 696], [750, 750], [930, 768]]",,"[[324, 132], [1230, 456]]",,0.48118942286786315,0.2728961948115687
463,4,1,7.70799999999997,,13518,"[954, 270]",False,Left,True,-1.0,False,weak,False,"[[570, 150], [678, 420], [1020, 438], [1020, 456], [660, 474], [804, 546], [786, 636], [606, 672], [984, 690], [750, 744], [930, 762]]",,"[[324, 126], [1230, 450]]",,0.4838528508753396,0.2732657547312388
464,4,1,7.723999999999933,,13518,"[954, 270]",False,Left,True,-1.0,False,weak,False,"[[570, 144], [678, 414], [1020, 432], [1020, 450], [660, 468], [804, 540], [786, 630], [606, 666], [984, 684], [750, 738], [930, 756]]",,"[[324, 120], [1230, 444]]",,0.4843873235612929,0.27373693281667155
465,4,1,7.7409999999999854,,13518,"[954, 270]",False,Left,True,-1.0,False,weak,False,"[[570, 138], [678, 408], [1020, 426], [1020, 444], [660, 462], [804, 534], [786, 624], [606, 660], [984, 678], [750, 732], [930, 750]]",,"[[324, 114], [1230, 438]]",,0.4858561862153934,0.2748681234842061
466,4,1,7.758999999999901,,13518,"[954, 270]",False,,True,-1.0,False,weak,False,"[[570, 132], [678, 402], [1020, 420], [1020, 438], [660, 456], [804, 528], [786, 618], [606, 654], [984, 672], [750, 726], [930, 744]]",,"[[318, 108], [1224, 432]]",,0.4858561862153934,0.2748681234842061
467,4,1,7.775999999999954,,13518,"[954, 270]",False,,True,-1.0,False,weak,False,"[[564, 126], [672, 396], [1014, 414], [1014, 432], [654, 450], [798, 522], [780, 612], [600, 648], [978, 666], [744, 720], [924, 738]]",,"[[312, 102], [1218, 426]]",,0.4860716689979118,0.2770423870504599
468,4,1,7.791999999999916,,13518,"[954, 270]",False,,True,-1.0,False,weak,False,"[[558, 120], [666, 390], [1008, 408], [1008, 426], [648, 444], [792, 516], [774, 606], [594, 642], [972, 660], [738, 714], [918, 732]]",,"[[306, 96], [1212, 420]]",,0.4860716689979118,0.2770423870504599
469,4,1,7.808999999999969,,13518,"[954, 270]",False,,True,-1.0,False,weak,False,"[[552, 114], [660, 384], [1002, 402], [1002, 420], [642, 438], [786, 510], [768, 600], [588, 636], [966, 654], [732, 708], [912, 726]]",,"[[300, 90], [1206, 414]]",,0.4861188695567133,0.277144386646493
470,4,1,7.825999999999908,,13518,"[954, 270]",False,,True,-1.0,False,weak,False,"[[546, 108], [654, 378], [996, 396], [996, 414], [636, 432], [780, 504], [762, 594], [582, 630], [960, 648], [726, 702], [906, 720]]",,"[[294, 84], [1200, 408]]",,0.4861188695567133,0.277144386646493
471,4,1,7.844999999999914,,13518,"[954, 270]",False,Left,True,-1.0,False,weak,False,"[[540, 102], [648, 372], [990, 390], [990, 408], [630, 426], [774, 498], [756, 588], [576, 624], [954, 642], [720, 696], [900, 714]]",,"[[294, 78], [1200, 402]]",,0.484328714099754,0.2805889791446292
472,4,1,7.8599999999999,,13518,"[954, 270]",False,Left,True,-1.0,False,weak,False,"[[540, 96], [648, 366], [990, 384], [990, 402], [630, 420], [774, 492], [756, 582], [576, 618], [954, 636], [720, 690], [900, 708]]",,"[[294, 72], [1200, 396]]",,0.4839844011479638,0.2808263967848963
473,4,1,7.875999999999976,,13518,"[954, 270]",False,Left,True,-1.0,False,weak,False,"[[540, 90], [648, 360], [990, 378], [990, 396], [630, 414], [774, 486], [756, 576], [576, 612], [954, 630], [720, 684], [900, 702]]",,"[[294, 66], [1200, 390]]",,0.483670299054405,0.28296753338855785
474,4,1,7.892999999999915,,13518,"[954, 270]",False,Left,True,-1.0,False,weak,False,"[[540, 84], [648, 354], [990, 372], [990, 390], [630, 408], [774, 480], [756, 570], [576, 606], [954, 624], [720, 678], [900, 696]]",,"[[294, 60], [1200, 384]]",,0.483670299054405,0.28296753338855785
475,4,1,7.909999999999968,,13518,"[954, 270]",False,Left,True,-1.0,False,weak,False,"[[540, 78], [648, 348], [990, 366], [990, 384], [630, 402], [774, 474], [756, 564], [576, 600], [954, 618], [720, 672], [900, 690]]",,"[[294, 54], [1200, 378]]",,0.484028369554326,0.28542288723418197
476,4,1,7.927999999999997,,13518,"[954, 270]",False,,True,-1.0,False,weak,False,"[[540, 72], [648, 342], [990, 360], [990, 378], [630, 396], [774, 468], [756, 558], [576, 594], [954, 612], [720, 666], [900, 684]]",,"[[288, 48], [1194, 372]]",,0.484028369554326,0.28542288723418197
477,4,1,7.94399999999996,,13518,"[954, 270]",False,,True,-1.0,False,weak,False,"[[534, 66], [642, 336], [984, 354], [984, 372], [624, 390], [768, 462], [750, 552], [570, 588], [948, 606], [714, 660], [894, 678]]",,"[[282, 42], [1188, 366]]",,0.485319301529837,0.2869449594432546
478,4,1,7.958999999999946,,13518,"[954, 270]",False,,True,-1.0,False,weak,False,"[[528, 60], [636, 330], [978, 348], [978, 366], [618, 384], [762, 456], [744, 546], [564, 582], [942, 600], [708, 654], [888, 672]]",,"[[276, 36], [1182, 360]]",,0.485319301529837,0.2869449594432546
479,4,1,7.974999999999909,,13518,"[954, 270]",False,,True,-1.0,False,weak,False,"[[522, 54], [630, 324], [972, 342], [972, 360], [612, 378], [756, 450], [738, 540], [558, 576], [936, 594], [702, 648], [882, 666], [486, 810]]",,"[[270, 30], [1176, 354]]",,0.4846405628151502,0.288590728880601
480,4,1,7.9909999999999854,,13518,"[954, 270]",False,,True,-1.0,False,weak,False,"[[516, 48], [624, 318], [966, 336], [966, 354], [606, 372], [750, 444], [732, 534], [552, 570], [930, 588], [696, 642], [876, 660], [480, 804]]",,"[[264, 24], [1170, 348]]",,0.4846405628151502,0.288590728880601
481,4,1,8.006999999999948,,13518,"[954, 270]",False,Left,True,-1.0,False,weak,False,"[[510, 42], [618, 312], [960, 330], [960, 348], [600, 366], [744, 438], [726, 528], [546, 564], [924, 582], [690, 636], [870, 654], [474, 798]]",,"[[264, 18], [1170, 342]]",,0.4839214982662477,0.287946260680662
482,4,1,8.024000000000001,,13518,"[954, 270]",False,Left,True,-1.0,False,weak,False,"[[510, 36], [618, 306], [960, 324], [960, 342], [600, 360], [744, 432], [726, 522], [546, 558], [924, 576], [690, 630], [870, 648], [474, 792]]",,"[[264, 12], [1170, 336]]",,0.4836735396251906,0.28869253216573976
483,4,1,8.039999999999964,,13518,"[954, 270]",False,Left,True,-1.0,False,weak,False,"[[510, 30], [618, 300], [960, 318], [960, 336], [600, 354], [744, 426], [726, 516], [546, 552], [924, 570], [690, 624], [870, 642], [474, 786]]",,"[[264, 6], [1170, 330]]",,0.4831460612435213,0.28865442802215013
484,4,1,8.056999999999903,,13518,"[954, 270]",False,Left,True,0.0,False,weak,False,"[[510, 24], [618, 294], [960, 312], [960, 330], [600, 348], [744, 420], [726, 510], [546, 546], [924, 564], [690, 618], [870, 636], [474, 780]]",,"[[264, 0], [1170, 324]]",,0.48381020712422007,0.2895679247020998
485,4,1,8.073999999999955,,13518,"[954, 270]",False,,True,0.0,False,weak,False,"[[510, 18], [618, 288], [960, 306], [960, 324], [600, 342], [744, 414], [726, 504], [546, 540], [924, 558], [690, 612], [870, 630], [474, 774]]",,"[[1170, 318]]",,0.484785465371495,0.29061004245995126
486,4,1,8.089999999999918,,13518,"[954, 270]",False,,True,0.0,False,weak,False,"[[510, 12], [618, 282], [960, 300], [960, 318], [600, 336], [744, 408], [726, 498], [546, 534], [924, 552], [690, 606], [870, 624], [474, 768]]",,"[[1170, 312]]",,0.4846093984347049,0.28997567577480277
487,4,1,8.105999999999995,,13518,"[954, 270]",False,,True,1.0,False,weak,False,"[[510, 6], [618, 276], [960, 294], [960, 312], [600, 330], [744, 402], [726, 492], [546, 528], [924, 546], [690, 600], [870, 618], [474, 762]]",,"[[1170, 306]]",,0.48590937779880405,0.2899908000580139
488,4,1,8.122999999999934,,13518,"[954, 270]",True,,True,1.0,False,weak,False,"[[510, 0], [618, 270], [960, 288], [960, 306], [600, 324], [744, 396], [726, 486], [546, 522], [924, 540], [690, 594], [870, 612], [474, 756]]",,"[[1176, 300]]",,0.48616167170312796,0.2892868187753078
489,4,1,10.362999999999943,,13518,"[954, 270]",True,,True,1.0,False,weak,False,"[[624, 264], [966, 282], [966, 300], [606, 318], [750, 390], [732, 480], [552, 516], [930, 534], [696, 588], [876, 606], [480, 750]]",,"[[1176, 300]]",3,0.41305501642055853,0.037270530249421396
