,trial,attempt,time_played,time_tag,level_size_y,player_pos,collision,current_input,drift_enabled,current_drift,level_done,input_noise_magnitude,input_noise_on,visible_obstacles,adjacent_wall_tiles_x_pos,visible_drift_tiles,SoC,gaze_x,gaze_y
0,2,3,0.0010000000002037268,,13518,"[954, -86]",False,,True,0.0,False,weak,False,[],,[],,0.4645547962579907,0.4301771901578415
1,2,3,0.016000000000076398,,13518,"[954, -82]",False,,True,0.0,False,weak,False,[],,[],,0.46550632513594137,0.43276730511514805
2,2,3,0.032000000000152795,,13518,"[954, -78]",False,,True,0.0,False,weak,False,[],,[],,0.46550632513594137,0.43276730511514805
3,2,3,0.049000000000205546,,13518,"[954, -74]",False,,True,0.0,False,weak,False,[],,[],,0.45584137115993856,0.3129223448630045
4,2,3,0.06600000000003092,,13518,"[954, -70]",False,,True,0.0,False,weak,False,[],,[],,0.45584137115993856,0.3129223448630045
5,2,3,0.08100000000013097,,13518,"[954, -66]",False,,True,0.0,False,weak,False,[],,[],,0.4493902358039799,0.27736777798780576
6,2,3,0.09800000000018372,,13518,"[954, -62]",False,,True,0.0,False,weak,False,[],,[],,0.4493902358039799,0.27736777798780576
7,2,3,0.11400000000003274,,13518,"[954, -58]",False,,True,0.0,False,weak,False,[],,[],,0.4469155841788388,0.27637677874562816
8,2,3,0.13000000000010914,,13518,"[954, -54]",False,,True,0.0,False,weak,False,[],,[],,0.4469155841788388,0.27637677874562816
9,2,3,0.1470000000001619,,13518,"[954, -50]",False,,True,0.0,False,weak,False,[],,[],,0.4476037831976128,0.2784895919840713
10,2,3,0.16399999999998727,,13518,"[954, -46]",False,,True,0.0,False,weak,False,[],,[],,0.44828463596074875,0.27820501288650334
11,2,3,0.18100000000004002,,13518,"[954, -42]",False,,True,0.0,False,weak,False,[],,[],,0.4481245930071219,0.28041098384161856
12,2,3,0.19700000000011642,,13518,"[954, -38]",False,,True,0.0,False,weak,False,[],,[],,0.4481245930071219,0.28041098384161856
13,2,3,0.21400000000016917,,13518,"[954, -34]",False,,True,0.0,False,weak,False,[],,[],,0.44923720178595083,0.28120613264916117
14,2,3,0.2300000000000182,,13518,"[954, -30]",False,,True,0.0,False,weak,False,[],,[],,0.44923720178595083,0.28120613264916117
15,2,3,0.24700000000007094,,13518,"[954, -26]",False,,True,0.0,False,weak,False,[],,[],,0.44942302179835386,0.28306729235634964
16,2,3,0.26300000000014734,,13518,"[954, -22]",False,,True,0.0,False,weak,False,[],,[],,0.44983883029650695,0.28348823183213545
17,2,3,0.2800000000002001,,13518,"[954, -18]",False,,True,0.0,False,weak,False,[],,[],,0.4500161450381869,0.2868608526810571
18,2,3,0.29700000000002547,,13518,"[954, -14]",False,,True,0.0,False,weak,False,[],,[],,0.4500161450381869,0.2868608526810571
19,2,3,0.3140000000000782,,13518,"[954, -10]",False,,True,0.0,False,weak,False,[],,[],,0.4497050693191504,0.2886607035863008
20,2,3,0.33100000000013097,,13518,"[954, -6]",False,,True,0.0,False,weak,False,[],,[],,0.4497050693191504,0.2886607035863008
21,2,3,0.3480000000001837,,13518,"[954, -2]",False,,True,0.0,False,weak,False,[],,[],,0.4495642245623458,0.2892828203550377
22,2,3,0.36400000000003274,,13518,"[954, 2]",False,,True,0.0,False,weak,False,[],,[],,0.44936505823791206,0.2903679124411087
23,2,3,0.3810000000000855,,13518,"[954, 6]",False,,True,0.0,False,weak,False,[],,[],,0.46101771914249834,0.26754875545048307
24,2,3,0.39800000000013824,,13518,"[954, 10]",False,,True,0.0,False,weak,False,[],,[],,0.46101771914249834,0.26754875545048307
25,2,3,0.415000000000191,,13518,"[954, 14]",False,,True,0.0,False,weak,False,[],,[],,0.4638194518612943,0.26274558534881576
26,2,3,0.43100000000004,,13518,"[954, 18]",False,,True,0.0,False,weak,False,[],,[],,0.4653529500851915,0.25906386827454153
27,2,3,0.44800000000009277,,13518,"[954, 22]",False,,True,0.0,False,weak,False,[],,[],,0.466530650777848,0.2594633858507286
28,2,3,0.4650000000001455,,13518,"[954, 26]",False,,True,0.0,False,weak,False,[],,[],,0.466530650777848,0.2594633858507286
29,2,3,0.48099999999999454,,13518,"[954, 30]",False,,True,0.0,False,weak,False,[],,[],,0.46681915949269615,0.259380786894461
30,2,3,0.4980000000000473,,13518,"[954, 34]",False,,True,0.0,False,weak,False,[],,[],,0.46681915949269615,0.259380786894461
31,2,3,0.5150000000001,,13518,"[954, 38]",False,,True,0.0,False,weak,False,[],,[],,0.4665121232927946,0.2620852900083991
32,2,3,0.5310000000001764,,13518,"[954, 42]",False,,True,0.0,False,weak,False,[],,[],,0.46677030939432174,0.2622243822857796
33,2,3,0.5470000000000255,,13518,"[954, 46]",False,,True,0.0,False,weak,False,[],,[],,0.4676828204855756,0.2688328418071938
34,2,3,0.5630000000001019,,13518,"[954, 50]",False,,True,0.0,False,weak,False,[],,[],,0.4676828204855756,0.2688328418071938
35,2,3,0.5800000000001546,,13518,"[954, 54]",False,,True,0.0,False,weak,False,[],,[],,0.46631536253756856,0.3110320057622731
36,2,3,0.5960000000000036,,13518,"[954, 58]",False,,True,0.0,False,weak,False,[],,[],,0.46631536253756856,0.3110320057622731
37,2,3,0.6140000000000327,,13518,"[954, 62]",False,,True,0.0,False,weak,False,[],,[],,0.5045898754449976,0.12597615575085241
38,2,3,0.6300000000001091,,13518,"[954, 66]",False,,True,0.0,False,weak,False,[],,[],,0.04920632234311757,-0.06861451567583599
39,2,3,0.6460000000001855,,13518,"[954, 70]",False,,True,0.0,False,weak,False,[],,[],,0.47679502585885175,0.17715353604583706
40,2,3,0.6630000000000109,,13518,"[954, 74]",False,,True,0.0,False,weak,False,[],,[],,0.47679502585885175,0.17715353604583706
41,2,3,0.6800000000000637,,13518,"[954, 78]",False,,True,0.0,False,weak,False,[],,[],,0.651233328355296,-0.09587816372940128
42,2,3,0.6970000000001164,,13518,"[954, 82]",False,,True,0.0,False,weak,False,[],,[],,0.651233328355296,-0.09587816372940128
43,2,3,0.7130000000001928,,13518,"[954, 86]",False,,True,0.0,False,weak,False,[],,[],,-0.0031544091380184547,-0.14578930986646443
44,2,3,0.7290000000000418,,13518,"[954, 90]",False,,True,0.0,False,weak,False,[],,[],,-0.0031544091380184547,-0.14578930986646443
45,2,3,0.7460000000000946,,13518,"[954, 94]",False,,True,0.0,False,weak,False,[],,[],,0.019335517507816036,-0.06708115294583505
46,2,3,0.7630000000001473,,13518,"[954, 98]",False,,True,0.0,False,weak,False,[],,[],,0.019335517507816036,-0.06708115294583505
47,2,3,0.7800000000002001,,13518,"[954, 102]",False,,True,0.0,False,weak,False,[],,[],,0.38460757289868586,0.18691127464494162
48,2,3,0.7970000000000255,,13518,"[954, 106]",False,,True,0.0,False,weak,False,[],,[],,0.4806586774319916,0.1680157985256454
49,2,3,0.8140000000000782,,13518,"[954, 110]",False,,True,0.0,False,weak,False,[],,[],,0.48632233010527237,0.1747982941929782
50,2,3,0.831000000000131,,13518,"[954, 114]",False,,True,0.0,False,weak,False,[],,[],,0.49071303703235414,0.17624845513520138
51,2,3,0.8480000000001837,,13518,"[954, 118]",False,,True,0.0,False,weak,False,[],,[],,0.4971349811329914,0.17897094045731943
52,2,3,0.8650000000000091,,13518,"[954, 122]",False,,True,0.0,False,weak,False,[],,[],,0.48484187776590976,0.22045164392506278
53,2,3,0.8820000000000618,,13518,"[954, 126]",False,,True,0.0,False,weak,False,[],,[],,0.4715861451969142,0.25238030516138965
54,2,3,0.8980000000001382,,13518,"[954, 130]",False,,True,0.0,False,weak,False,[],,[],,0.4690838227071904,0.25069690648520515
55,2,3,0.9139999999999873,,13518,"[954, 134]",False,,True,0.0,False,weak,False,[],,[],,0.5139545479451902,0.2709813136432607
56,2,3,0.93100000000004,,13518,"[954, 138]",False,,True,0.0,False,weak,False,[],,[],,0.5136507112459313,0.2695430045809669
57,2,3,0.9490000000000691,,13518,"[954, 142]",False,,True,0.0,False,weak,False,[],,[],,0.5122963028882456,0.2701599548475331
58,2,3,0.9660000000001219,,13518,"[954, 146]",False,,True,0.0,False,weak,False,[],,[],,0.5030329199462266,0.28707382934258385
59,2,3,0.9820000000001983,,13518,"[954, 150]",False,,True,0.0,False,weak,False,[],,[],,0.4828555820088402,0.3038495718067499
60,2,3,0.9990000000000236,,13518,"[954, 154]",False,,True,0.0,False,weak,False,[],,[],,0.4774046751754623,0.313284043223385
61,2,3,1.0160000000000764,,13518,"[954, 158]",False,,True,0.0,False,weak,False,[],,[],,0.47649599204897825,0.3152037916304331
62,2,3,1.0330000000001291,,13518,"[954, 162]",False,,True,0.0,False,weak,False,[],,[],,0.47649599204897825,0.3152037916304331
63,2,3,1.050000000000182,,13518,"[954, 166]",False,,True,0.0,False,weak,False,[],,[],,0.4752147721280452,0.31483502140770814
64,2,3,1.066000000000031,,13518,"[954, 170]",False,,True,0.0,False,weak,False,[],,[],,0.4734764054617986,0.31694817766143657
65,2,3,1.0830000000000837,,13518,"[954, 174]",False,,True,0.0,False,weak,False,[],,[],,0.47137490938420756,0.31901675679607
66,2,3,1.09900000000016,,13518,"[954, 178]",False,,True,0.0,False,weak,False,[],,[],,0.47141928943736194,0.32024016867397054
67,2,3,1.1159999999999854,,13518,"[954, 182]",False,,True,0.0,False,weak,False,[],,[],,0.47104562054501137,0.3215730633239724
68,2,3,1.1330000000000382,,13518,"[954, 186]",False,,True,0.0,False,weak,False,[],,[],,0.47101551630183963,0.32268152373339165
69,2,3,1.1490000000001146,,13518,"[954, 190]",False,,True,0.0,False,weak,False,[],,[],,0.47063664715331477,0.322192130513279
70,2,3,1.1660000000001673,,13518,"[954, 194]",False,,True,0.0,False,weak,False,[],,[],,0.4702161878928927,0.32222866312940457
71,2,3,1.1820000000000164,,13518,"[954, 198]",False,,True,0.0,False,weak,False,[],,[],,0.4702160908810754,0.3218855366052016
72,2,3,1.1990000000000691,,13518,"[954, 202]",False,,True,0.0,False,weak,False,[],,[],,0.47010807620915057,0.32237222519354736
73,2,3,1.2160000000001219,,13518,"[954, 206]",False,,True,0.0,False,weak,False,[],,[],,0.4700106785705661,0.3225069846749258
74,2,3,1.2320000000001983,,13518,"[954, 210]",False,,True,0.0,False,weak,False,[],,[],,0.47038633065310814,0.32178392989002114
75,2,3,1.2490000000000236,,13518,"[954, 214]",False,,True,0.0,False,weak,False,[],,[],,0.4705283927601681,0.32073540644784004
76,2,3,1.2660000000000764,,13518,"[954, 218]",False,,True,0.0,False,weak,False,[],,[],,0.47045912094435066,0.3201557569482931
77,2,3,1.2830000000001291,,13518,"[954, 222]",False,,True,0.0,False,weak,False,[],,[],,0.4718755594931065,0.3192856414240818
78,2,3,1.3010000000001583,,13518,"[954, 226]",False,,True,0.0,False,weak,False,[],,[],,0.47261840289991985,0.31992127678845217
79,2,3,1.3170000000000073,,13518,"[954, 230]",False,,True,0.0,False,weak,False,[],,[],,0.4731243209869893,0.31994291791544327
80,2,3,1.3330000000000837,,13518,"[954, 234]",False,,True,0.0,False,weak,False,[],,[],,0.47363019286631347,0.3207820620180126
81,2,3,1.34900000000016,,13518,"[954, 238]",False,,True,0.0,False,weak,False,[],,[],,0.4743200447102155,0.3213690044068823
82,2,3,1.3659999999999854,,13518,"[954, 242]",False,,True,0.0,False,weak,False,[],,[],,0.47669335979641303,0.32183479485545696
83,2,3,1.3830000000000382,,13518,"[954, 246]",False,,True,0.0,False,weak,False,[],,[],,0.4807084622700515,0.31081254015000315
84,2,3,1.3990000000001146,,13518,"[954, 250]",False,,True,0.0,False,weak,False,[],,[],,0.5115232041013685,0.2715784641491711
85,2,3,1.415000000000191,,13518,"[954, 254]",False,,True,0.0,False,weak,False,[],,[],,0.5140563027496868,0.2597269773901336
86,2,3,1.4320000000000164,,13518,"[954, 258]",False,,True,0.0,False,weak,False,[],,[],,0.5136418130443141,0.2584195676400908
87,2,3,1.4490000000000691,,13518,"[954, 262]",False,,True,0.0,False,weak,False,[],,[],,0.5136705466173058,0.2584826243501913
88,2,3,1.4660000000001219,,13518,"[954, 266]",False,,True,0.0,False,weak,False,[],,[],,0.5119631506441894,0.26223276834514864
89,2,3,1.4830000000001746,,13518,"[954, 270]",False,,True,0.0,False,weak,False,[],,[],,0.5125122438356963,0.2616537725402255
90,2,3,1.5,,13518,"[954, 270]",False,,True,0.0,False,weak,False,[],,[],,0.511264821761617,0.2622681729304418
91,2,3,1.5170000000000528,,13518,"[954, 270]",False,,True,0.0,False,weak,False,[],,[],,0.5104499189515066,0.265453164064541
92,2,3,1.5340000000001055,,13518,"[954, 270]",False,,True,0.0,False,weak,False,[],,[],,0.5106850179444973,0.26627621920424893
93,2,3,1.5510000000001583,,13518,"[954, 270]",False,,True,0.0,False,weak,False,[],,[],,0.5098959329815318,0.26938071178765044
94,2,3,1.5679999999999836,,13518,"[954, 270]",False,,True,0.0,False,weak,False,[],,[],,0.5097368074336736,0.26959787757913967
95,2,3,1.5850000000000364,,13518,"[954, 270]",False,,True,0.0,False,weak,False,[],,[],,0.5092705929380418,0.26999977283806953
96,2,3,1.6010000000001128,,13518,"[954, 270]",False,,True,0.0,False,weak,False,[],,[],,0.509056966715644,0.27195954218671403
97,2,3,1.6170000000001892,,13518,"[954, 270]",False,,True,0.0,False,weak,False,[],,[],,0.5099833940319481,0.27309889468180804
98,2,3,1.6340000000000146,,13518,"[954, 270]",False,,True,0.0,False,weak,False,[],,[],,0.5091124014306423,0.273779031133471
99,2,3,1.650000000000091,,13518,"[954, 270]",False,,True,0.0,False,weak,False,[],,[],,0.5091124014306423,0.273779031133471
100,2,3,1.6670000000001437,,13518,"[954, 270]",False,,True,0.0,False,weak,False,[],,[],,0.5093515846210994,0.2715647114064441
101,2,3,1.6829999999999927,,13518,"[954, 270]",False,,True,0.0,False,weak,False,[],,[],,0.508833651396418,0.2726837393915883
102,2,3,1.7010000000000218,,13518,"[954, 270]",False,,True,0.0,False,weak,False,[],,[],,0.508708013555697,0.27049394432455653
103,2,3,1.7180000000000746,,13518,"[954, 270]",False,,True,0.0,False,weak,False,[],,[],,0.5083583854808758,0.2695443599205839
104,2,3,1.734000000000151,,13518,"[954, 270]",False,,True,0.0,False,weak,False,[],,[],,0.5021492839234158,0.24923170668979033
105,2,3,1.7510000000002037,,13518,"[954, 270]",False,,True,0.0,False,weak,False,[],,[],,0.49708330041062343,0.2327576626793656
106,2,3,1.768000000000029,,13518,"[954, 270]",False,,True,0.0,False,weak,False,[],,[],,0.48385191578645903,0.18359369766229716
107,2,3,1.7840000000001055,,13518,"[954, 270]",False,,True,0.0,False,weak,False,[],,[],,0.484585802870932,0.17297785148205913
108,2,3,1.8020000000001346,,13518,"[954, 270]",False,,True,0.0,False,weak,False,[],,[],,0.48362034125484465,0.1681830471292607
109,2,3,1.8179999999999836,,13518,"[954, 270]",False,,True,0.0,False,weak,False,[],,[],,0.4838402116717068,0.15896967491927094
110,2,3,1.83400000000006,,13518,"[954, 270]",False,,True,0.0,False,weak,False,[],,[],,0.48311320828098586,0.1543045575514551
111,2,3,1.8510000000001128,,13518,"[954, 270]",False,,True,0.0,False,weak,False,[],,[],,0.48353329721633004,0.15196901305205046
112,2,3,1.8700000000001182,,13518,"[954, 270]",False,,True,0.0,False,weak,False,[],,[],,0.4845025150480563,0.15443200701907456
113,2,3,1.887000000000171,,13518,"[954, 270]",False,,True,0.0,False,weak,False,[],,[],,0.4844531671616295,0.16038767529293296
114,2,3,1.90300000000002,,13518,"[954, 270]",False,,True,0.0,False,weak,False,[],,[],,0.48418485935031585,0.16136433797275507
115,2,3,1.9190000000000964,,13518,"[954, 270]",False,,True,0.0,False,weak,False,[],,[],,0.4842149259221683,0.16200311570917336
116,2,3,1.9360000000001492,,13518,"[954, 270]",False,,True,0.0,False,weak,False,[],,[],,0.48430581280270646,0.16681612447130778
117,2,3,1.953000000000202,,13518,"[954, 270]",False,,True,0.0,False,weak,False,[],,[],,0.4846805110300001,0.16873770022832846
118,2,3,1.9700000000000273,,13518,"[954, 270]",False,,True,0.0,False,weak,False,[],,[],,0.48489963777014405,0.17214360628557646
119,2,3,1.98700000000008,,13518,"[954, 270]",False,,True,0.0,False,weak,False,[],,[],,0.4843256385516678,0.17756004556112936
120,2,3,2.004000000000133,,13518,"[954, 270]",False,,True,0.0,False,weak,False,[],,[],,0.4828768078286146,0.18007350375870068
121,2,3,2.0210000000001855,,13518,"[954, 270]",False,,True,0.0,False,weak,False,[],,[],,0.48097488024980095,0.18729655092718078
122,2,3,2.0370000000000346,,13518,"[954, 270]",False,,True,0.0,False,weak,False,[],,[],,0.4800092856428245,0.18986248286935592
123,2,3,2.0540000000000873,,13518,"[954, 270]",False,,True,0.0,False,weak,False,[],,[],,0.47895129860710783,0.1920370926710563
124,2,3,2.07100000000014,,13518,"[954, 270]",False,,True,0.0,False,weak,False,[],,[],,0.4775017144871471,0.19841486655439633
125,2,3,2.088000000000193,,13518,"[954, 270]",False,,True,0.0,False,weak,False,[],,[],,0.4767207125796068,0.20475702685553698
126,2,3,2.105000000000018,,13518,"[954, 270]",False,,True,0.0,False,weak,False,[],,[],,0.4767207125796068,0.20475702685553698
127,2,3,2.1210000000000946,,13518,"[954, 270]",False,,True,0.0,False,weak,False,[],,[],,0.47698125986292306,0.2052783656829621
128,2,3,2.137000000000171,,13518,"[954, 270]",False,,True,0.0,False,weak,False,[],,[],,0.4758282470766503,0.2141681842998887
129,2,3,2.1539999999999964,,13518,"[954, 270]",False,,True,0.0,False,weak,False,[],,[],,0.4763019899012403,0.21613740951965776
130,2,3,2.171000000000049,,13518,"[954, 270]",False,,True,0.0,False,weak,False,[],,[],,0.4760241107731235,0.2183474169753118
131,2,3,2.188000000000102,,13518,"[954, 270]",False,,True,0.0,False,weak,False,[],,[],,0.4710707170273444,0.2256348771036215
132,2,3,2.206000000000131,,13518,"[954, 270]",False,,True,0.0,False,weak,False,[],,[],,0.459178468794086,0.22317580379288715
133,2,3,2.2230000000001837,,13518,"[954, 270]",False,,True,0.0,False,weak,False,[],,[],,0.45912967986492087,0.22231824514211984
134,2,3,2.240000000000009,,13518,"[954, 270]",False,,True,0.0,False,weak,False,[],,[],,0.4580547559711035,0.22207114371791492
135,2,3,2.2560000000000855,,13518,"[954, 270]",False,,True,0.0,False,weak,False,[],,[],,0.45452787580893983,0.2241915194244838
136,2,3,2.2730000000001382,,13518,"[954, 270]",False,,True,0.0,False,weak,False,[],,[],,0.45452787580893983,0.2241915194244838
137,2,3,2.290000000000191,,13518,"[954, 270]",False,,True,0.0,False,weak,False,[],,[],,0.4535293553882032,0.2260550514122187
138,2,3,2.3070000000000164,,13518,"[954, 270]",False,,True,0.0,False,weak,False,[],,[],,0.45143122995202234,0.2283236359769497
139,2,3,2.3230000000000928,,13518,"[954, 270]",False,,True,0.0,False,weak,False,[],,[],,0.45164988995594674,0.2295694418160994
140,2,3,2.339000000000169,,13518,"[954, 270]",False,,True,0.0,False,weak,False,[],,[],,0.4513870644792508,0.23031373464040306
141,2,3,2.3559999999999945,,13518,"[954, 270]",False,,True,0.0,False,weak,False,[],,[],,0.45217790599006336,0.2323324286684254
142,2,3,2.3730000000000473,,13518,"[954, 270]",False,,True,0.0,False,weak,False,[],,[],,0.451540330981455,0.23254895986255664
143,2,3,2.3890000000001237,,13518,"[954, 270]",False,,True,0.0,False,weak,False,[],,[],,0.45285098847938404,0.2314282143501727
144,2,3,2.4060000000001764,,13518,"[954, 270]",False,,True,0.0,False,weak,False,[],,[],,0.4556490087953705,0.2253461506061225
145,2,3,2.423000000000002,,13518,"[954, 270]",False,,True,0.0,False,weak,False,[],,[],,0.4561102324864336,0.22094745473472177
146,2,3,2.4400000000000546,,13518,"[954, 270]",False,,True,0.0,False,weak,False,[],,[],,0.4577253559482249,0.21800232903275907
147,2,3,2.4570000000001073,,13518,"[954, 270]",False,,True,0.0,False,weak,False,[],,[],,0.45860013565205265,0.2184912660819015
148,2,3,2.4730000000001837,,13518,"[954, 270]",False,,True,0.0,False,weak,False,[],,[],,0.4608192074503796,0.21912020700521928
149,2,3,2.4890000000000327,,13518,"[954, 270]",False,,True,0.0,False,weak,False,[],,[],,0.46209250589595713,0.21956398717663128
150,2,3,2.5060000000000855,,13518,"[954, 270]",False,,True,0.0,False,weak,False,[],,[],,0.4627314927719931,0.22504008308504764
151,2,3,2.522000000000162,,13518,"[954, 270]",False,,True,0.0,False,weak,False,[],,[],,0.46867447446383803,0.2195195060439461
152,2,3,2.538000000000011,,13518,"[954, 270]",False,,True,0.0,False,weak,False,[],,[],,0.472663824209531,0.22185516117766013
153,2,3,2.5540000000000873,,13518,"[954, 270]",False,,True,0.0,False,weak,False,[],,[],,0.4744593162618518,0.2190331290900137
154,2,3,2.57100000000014,,13518,"[954, 270]",False,,True,0.0,False,weak,False,[],,[],,0.47863808310159073,0.21990329413318832
155,2,3,2.588000000000193,,13518,"[954, 270]",False,,True,0.0,False,weak,False,[],,[],,0.4793225459761084,0.21916580143145203
156,2,3,2.604000000000042,,13518,"[954, 270]",False,,True,0.0,False,weak,False,[],,[],,0.4793465088464065,0.22138903026026857
157,2,3,2.6210000000000946,,13518,"[954, 270]",False,,True,0.0,False,weak,False,[],,[],,0.4788731890497985,0.2229328765809876
158,2,3,2.637000000000171,,13518,"[954, 270]",False,,True,0.0,False,weak,False,[],,[],,0.4784875842599443,0.22715497567424747
159,2,3,2.65300000000002,,13518,"[954, 270]",False,,True,0.0,False,weak,False,[],,[],,0.4784875842599443,0.22715497567424747
160,2,3,2.6690000000000964,,13518,"[954, 270]",False,,True,0.0,False,weak,False,[],,[],,0.47575062573912125,0.23026702974913615
161,2,3,2.686000000000149,,13518,"[954, 270]",False,,True,0.0,False,weak,False,[],,[],,0.47532143257019427,0.23027738959249555
162,2,3,2.703000000000202,,13518,"[954, 270]",False,,True,0.0,False,weak,False,[],,[],,0.47408962906765806,0.2322197003133608
163,2,3,2.7200000000000273,,13518,"[954, 270]",False,,True,0.0,False,weak,False,[],,[],,0.47408962906765806,0.2322197003133608
164,2,3,2.7360000000001037,,13518,"[954, 270]",False,,True,0.0,False,weak,False,[],,[],,0.4746279096157887,0.2351878636474296
165,2,3,2.7530000000001564,,13518,"[954, 270]",False,,True,0.0,False,weak,False,[],,[],,0.4746279096157887,0.2351878636474296
166,2,3,2.770000000000209,,13518,"[954, 270]",False,,True,0.0,False,weak,False,[],,[],,0.475378364604304,0.23737986976030168
167,2,3,2.7870000000000346,,13518,"[954, 270]",False,,True,0.0,False,weak,False,[],,[],,0.4757420027629247,0.239004108389397
168,2,3,2.803000000000111,,13518,"[954, 270]",False,,True,0.0,False,weak,False,[],,[],,0.47524137741267786,0.24490079884247695
169,2,3,2.8190000000001874,,13518,"[954, 270]",False,,True,0.0,False,weak,False,[],,[],,0.47524137741267786,0.24490079884247695
170,2,3,2.8360000000000127,,13518,"[954, 270]",False,,True,0.0,False,weak,False,[],,[],,0.47480222987378917,0.24890901991561776
171,2,3,2.852000000000089,,13518,"[954, 270]",False,,True,0.0,False,weak,False,[],,[],,0.47480222987378917,0.24890901991561776
172,2,3,2.8680000000001655,,13518,"[954, 270]",False,,True,0.0,False,weak,False,[],,[],,0.4596751069888495,0.2532678243548978
173,2,3,2.884999999999991,,13518,"[954, 270]",False,,True,0.0,False,weak,False,[],,[],,0.4596751069888495,0.2532678243548978
174,2,3,2.9020000000000437,,13518,"[954, 270]",False,,True,0.0,False,weak,False,[],,[],,0.45839297786197947,0.2432823419859419
175,2,3,2.9190000000000964,,13518,"[954, 270]",False,,True,0.0,False,weak,False,[],,[],,0.45839297786197947,0.2432823419859419
176,2,3,2.935000000000173,,13518,"[954, 270]",False,,True,0.0,False,weak,False,[],,[],,0.4556226137549616,0.2360920720351083
177,2,3,2.951999999999998,,13518,"[954, 270]",False,,True,0.0,False,weak,False,[],,[],,0.4556226137549616,0.2360920720351083
178,2,3,2.9680000000000746,,13518,"[954, 270]",False,,True,0.0,False,weak,False,[],,[],,0.45391963224590537,0.23009318054485517
179,2,3,2.984000000000151,,13518,"[954, 270]",False,,True,0.0,False,weak,False,[],,[],,0.45391963224590537,0.23009318054485517
180,2,3,3.0010000000002037,,13518,"[954, 270]",False,,True,0.0,False,weak,False,[],,[],,0.4506475097994788,0.2254717400701114
181,2,3,3.018000000000029,,13518,"[954, 270]",False,,True,0.0,False,weak,False,[],,[],,0.4506475097994788,0.2254717400701114
182,2,3,3.035000000000082,,13518,"[954, 270]",False,,True,0.0,False,weak,False,[],,[],,0.4495091517054064,0.2214250756171876
183,2,3,3.0510000000001583,,13518,"[954, 270]",False,,True,0.0,False,weak,False,[],,[],,0.4495091517054064,0.2214250756171876
184,2,3,3.0670000000000073,,13518,"[954, 270]",False,,True,0.0,False,weak,False,[],,[],,0.44886508524263374,0.2155599721514455
185,2,3,3.08400000000006,,13518,"[954, 270]",False,,True,0.0,False,weak,False,[],,[],,0.44886508524263374,0.2155599721514455
186,2,3,3.1000000000001364,,13518,"[954, 270]",False,,True,0.0,False,weak,False,[],,[],,0.44838978428307785,0.20828077104207865
187,2,3,3.117000000000189,,13518,"[954, 270]",False,,True,0.0,False,weak,False,[],,[],,0.44838978428307785,0.20828077104207865
188,2,3,3.133000000000038,,13518,"[954, 270]",False,,True,0.0,False,weak,False,[],,[],,0.4510123665537919,0.20118766307530334
189,2,3,3.1490000000001146,,13518,"[954, 270]",False,,True,0.0,False,weak,False,[],,[],,0.4510123665537919,0.20118766307530334
190,2,3,3.1660000000001673,,13518,"[954, 270]",False,,True,0.0,False,weak,False,[],,[],,0.45219174874135115,0.20261386075042775
191,2,3,3.1820000000000164,,13518,"[954, 270]",False,,True,0.0,False,weak,False,[],,[],,0.4526661744856586,0.2035346260593619
192,2,3,3.199000000000069,,13518,"[954, 270]",False,,True,0.0,False,weak,False,[],,[],,0.45362763930783884,0.2041173356765218
193,2,3,3.216000000000122,,13518,"[954, 270]",False,,True,0.0,False,weak,False,[],,[],,0.45362763930783884,0.2041173356765218
194,2,3,3.2330000000001746,,13518,"[954, 270]",False,,True,0.0,False,weak,False,[],,[],,0.45092884324448457,0.21174645337738085
195,2,3,3.25,,13518,"[954, 270]",False,,True,0.0,False,weak,False,[],,[],,0.45092884324448457,0.21174645337738085
196,2,3,3.2650000000001,,13518,"[954, 270]",False,,True,0.0,False,weak,False,[],,[],,0.44813746342390576,0.21854156275695003
197,2,3,3.2810000000001764,,13518,"[954, 270]",False,,True,0.0,False,weak,False,[],,[],,0.44520618978746607,0.1965291824401143
198,2,3,3.298000000000002,,13518,"[954, 270]",False,,True,0.0,False,weak,False,[],,[],,0.44572871308694967,0.17553731319791066
199,2,3,3.314000000000078,,13518,"[954, 270]",False,,True,0.0,False,weak,False,[],,[],,0.44572871308694967,0.17553731319791066
200,2,3,3.3300000000001546,,13518,"[954, 270]",False,,True,0.0,False,weak,False,[],,[],,0.4502700114312728,0.1587805683017629
201,2,3,3.3460000000000036,,13518,"[954, 270]",False,,True,0.0,False,weak,False,[],,[],,0.4502700114312728,0.1587805683017629
202,2,3,3.3630000000000564,,13518,"[954, 270]",False,,True,0.0,False,weak,False,[],,[],,0.4512072399975856,0.15290213862257662
203,2,3,3.380000000000109,,13518,"[954, 270]",False,,True,0.0,False,weak,False,[],,[],,0.4513923447708403,0.15441395337386088
204,2,3,3.3960000000001855,,13518,"[954, 270]",False,,True,0.0,False,weak,False,[],,[],,0.45250736386130797,0.16011785138889723
205,2,3,3.413000000000011,,13518,"[954, 270]",False,,True,0.0,False,weak,False,[],,[],,0.4521146053700672,0.16169213485977407
206,2,3,3.4290000000000873,,13518,"[954, 270]",False,,True,0.0,False,weak,False,[],,[],,0.45209615440562667,0.16368416694631904
207,2,3,3.4450000000001637,,13518,"[954, 270]",False,,True,0.0,False,weak,False,[],,[],,0.4515136015952807,0.1661981752304612
208,2,3,3.461999999999989,,13518,"[954, 270]",False,,True,0.0,False,weak,False,[],,[],,0.4514414932724626,0.16604128510641103
209,2,3,3.479000000000042,,13518,"[954, 270]",False,,True,0.0,False,weak,False,[],,[],,0.4522254945689719,0.16600918125651176
210,2,3,3.4950000000001182,,13518,"[954, 270]",False,,True,0.0,False,weak,False,[],,[],,0.45212016345062633,0.16818628411920922
211,2,3,3.5110000000001946,,13518,"[954, 270]",False,,True,0.0,False,weak,False,[],,[],,0.4520829124924024,0.17205860257139194
212,2,3,3.5289999999999964,,13518,"[954, 270]",False,,True,0.0,False,weak,False,[],,[],,0.4511163423420199,0.17549047781293658
213,2,3,3.546000000000049,,13518,"[954, 270]",False,,True,0.0,False,weak,False,[],,[],,0.450198905626476,0.17934172982143448
214,2,3,3.5620000000001255,,13518,"[954, 270]",False,,True,0.0,False,weak,False,[],,[],,0.44831083471391897,0.1892740916170511
215,2,3,3.5790000000001783,,13518,"[954, 270]",False,,True,0.0,False,weak,False,[],,[],,0.44628570156059955,0.1987963261113197
216,2,3,3.5960000000000036,,13518,"[954, 270]",False,,True,0.0,False,weak,False,[],,[],,0.4489666229286723,0.18288635373377227
217,2,3,3.61200000000008,,13518,"[954, 270]",False,,True,0.0,False,weak,False,[],,[],,0.4514541109101458,0.17888915066326105
218,2,3,3.629000000000133,,13518,"[954, 270]",False,,True,0.0,False,weak,False,[],,[],,0.4546492665958823,0.16208404212905747
219,2,3,3.645000000000209,,13518,"[954, 270]",False,,True,0.0,False,weak,False,[],,[],,0.4585257375664432,0.15961816794961547
220,2,3,3.661000000000058,,13518,"[954, 270]",False,,True,0.0,False,weak,False,[],,[],,0.46153552537740306,0.15527817152556034
221,2,3,3.6770000000001346,,13518,"[954, 270]",False,,True,0.0,False,weak,False,[],,[],,0.46526676517204135,0.15182648184866643
222,2,3,3.6940000000001874,,13518,"[954, 270]",False,,True,0.0,False,weak,False,[],,[],,0.46657521622012704,0.14792021117964227
223,2,3,3.7100000000000364,,13518,"[954, 270]",False,,True,0.0,False,weak,False,[],,[],,0.4682442373034271,0.15044586728669052
224,2,3,3.7260000000001128,,13518,"[954, 270]",False,,True,0.0,False,weak,False,[],,[],,0.4679126336648289,0.15120313334726287
225,2,3,3.742000000000189,,13518,"[954, 270]",False,,True,0.0,False,weak,False,[],,[],,0.46742883955013304,0.154444494373968
226,2,3,3.7590000000000146,,13518,"[954, 270]",False,,True,0.0,False,weak,False,[],,[],,0.4673823999767401,0.15438871572968682
227,2,3,3.7760000000000673,,13518,"[954, 270]",False,,True,0.0,False,weak,False,[],,[],,0.46603206453543267,0.14896985612523683
228,2,3,3.79300000000012,,13518,"[954, 270]",False,,True,0.0,False,weak,False,[],,[],,0.46603206453543267,0.14896985612523683
229,2,3,3.810000000000173,,13518,"[954, 270]",False,,True,0.0,False,weak,False,[],,[],,0.46483635483419006,0.14218004201215662
230,2,3,3.826000000000022,,13518,"[954, 270]",False,,True,0.0,False,weak,False,[],,[],,0.46479530218286486,0.14226649773210942
231,2,3,3.8430000000000746,,13518,"[954, 270]",False,,True,0.0,False,weak,False,[],,[],,0.46586758502403997,0.13917314462899055
232,2,3,3.8600000000001273,,13518,"[954, 270]",False,,True,0.0,False,weak,False,[],,[],,0.4664182428564339,0.13937816876715847
233,2,3,3.87700000000018,,13518,"[954, 270]",False,,True,0.0,False,weak,False,[],,[],,0.4665144130413167,0.14321511348731364
234,2,3,3.893000000000029,,13518,"[954, 270]",False,,True,0.0,False,weak,False,[],,[],,0.4665144130413167,0.14321511348731364
235,2,3,3.910000000000082,,13518,"[954, 270]",False,,True,0.0,False,weak,False,[],,[],,0.46611321805283373,0.1591079121169483
236,2,3,3.9270000000001346,,13518,"[954, 270]",False,,True,0.0,False,weak,False,[],,[],,0.46573250325285026,0.15992054824453716
237,2,3,3.9429999999999836,,13518,"[954, 270]",False,,True,0.0,False,weak,False,[],,[],,0.46490255001046316,0.16675378863266133
238,2,3,3.9600000000000364,,13518,"[954, 270]",False,,True,0.0,False,weak,False,[],,[],,0.46490255001046316,0.16675378863266133
239,2,3,3.977000000000089,,13518,"[954, 270]",False,,True,0.0,False,weak,False,"[[1098, 810]]",,[],,0.45858355457435207,0.1767543062798863
240,2,3,3.994000000000142,,13518,"[954, 270]",False,,True,0.0,False,weak,False,"[[1098, 804]]",,[],,0.45816997881516064,0.17802825342510098
241,2,3,4.009999999999991,,13518,"[954, 270]",False,,True,0.0,False,weak,False,"[[1098, 798]]",,[],,0.45563666156973665,0.17850892651201344
242,2,3,4.027000000000044,,13518,"[954, 270]",False,,True,0.0,False,weak,False,"[[1098, 792]]",,[],,0.4556143798781426,0.1787621432525791
243,2,3,4.04300000000012,,13518,"[954, 270]",False,,True,0.0,False,weak,False,"[[1098, 786]]",,[],,0.45289654531308854,0.18258780553898224
244,2,3,4.060000000000173,,13518,"[954, 270]",False,,True,0.0,False,weak,False,"[[1098, 780]]",,[],,0.45289654531308854,0.18258780553898224
245,2,3,4.076000000000022,,13518,"[954, 270]",False,,True,0.0,False,weak,False,"[[1098, 774]]",,[],,0.45194132198220355,0.18811789283173597
246,2,3,4.093000000000075,,13518,"[954, 270]",False,,True,0.0,False,weak,False,"[[1098, 768]]",,[],,0.45194132198220355,0.18811789283173597
247,2,3,4.109000000000151,,13518,"[954, 270]",False,,True,0.0,False,weak,False,"[[1098, 762]]",,[],,0.45118169459533586,0.20017048012287486
248,2,3,4.126000000000204,,13518,"[954, 270]",False,,True,0.0,False,weak,False,"[[1098, 756]]",,[],,0.45018534803064664,0.20292116972397367
249,2,3,4.143000000000029,,13518,"[954, 270]",False,,True,0.0,False,weak,False,"[[1098, 750]]",,[],,0.45199362006016564,0.20917336378942097
250,2,3,4.1590000000001055,,13518,"[954, 270]",False,,True,0.0,False,weak,False,"[[1098, 744]]",,[],,0.45199362006016564,0.20917336378942097
251,2,3,4.176000000000158,,13518,"[954, 270]",False,,True,0.0,False,weak,False,"[[1098, 738]]",,[],,0.45507978776759456,0.2039775236796092
252,2,3,4.192999999999984,,13518,"[954, 270]",False,,True,0.0,False,weak,False,"[[1098, 732]]",,[],,0.45507978776759456,0.2039775236796092
253,2,3,4.210000000000036,,13518,"[954, 270]",False,,True,0.0,False,weak,False,"[[1098, 726]]",,[],,0.4586390712331182,0.19354161642468393
254,2,3,4.226000000000113,,13518,"[954, 270]",False,,True,0.0,False,weak,False,"[[1098, 720]]",,[],,0.4586390712331182,0.19354161642468393
255,2,3,4.244000000000142,,13518,"[954, 270]",False,,True,0.0,False,weak,False,"[[1098, 714]]",,[],,0.44992547828713036,0.1451540899221383
256,2,3,4.261000000000195,,13518,"[954, 270]",False,,True,0.0,False,weak,False,"[[1098, 708]]",,[],,0.44992547828713036,0.1451540899221383
257,2,3,4.27800000000002,,13518,"[954, 270]",False,,True,0.0,False,weak,False,"[[1098, 702]]",,[],,0.4500749702808495,0.1386185959668621
258,2,3,4.294000000000096,,13518,"[954, 270]",False,,True,0.0,False,weak,False,"[[1098, 696]]",,[],,0.45049249671098623,0.13733454273779466
259,2,3,4.310000000000173,,13518,"[954, 270]",False,,True,0.0,False,weak,False,"[[1098, 690]]",,[],,0.4495895335172618,0.13135625452626631
260,2,3,4.326999999999998,,13518,"[954, 270]",False,,True,0.0,False,weak,False,"[[1098, 684]]",,[],,0.4495895335172618,0.13135625452626631
261,2,3,4.344000000000051,,13518,"[954, 270]",False,,True,0.0,False,weak,False,"[[1098, 678]]",,[],,0.4494114184524286,0.1309013635486398
262,2,3,4.360000000000127,,13518,"[954, 270]",False,,True,0.0,False,weak,False,"[[1098, 672]]",,[],,0.4494114184524286,0.1309013635486398
263,2,3,4.37700000000018,,13518,"[954, 270]",False,,True,0.0,False,weak,False,"[[1098, 666]]",,[],,0.4477355032780551,0.13724081440084568
264,2,3,4.393000000000029,,13518,"[954, 270]",False,,True,0.0,False,weak,False,"[[1098, 660]]",,[],,0.4477355032780551,0.13724081440084568
265,2,3,4.410000000000082,,13518,"[954, 270]",False,,True,0.0,False,weak,False,"[[1098, 654]]",,[],,0.4477005332071835,0.1500938565470109
266,2,3,4.427000000000135,,13518,"[954, 270]",False,,True,0.0,False,weak,False,"[[1098, 648]]",,[],,0.4477005332071835,0.1500938565470109
267,2,3,4.442999999999984,,13518,"[954, 270]",False,,True,0.0,False,weak,False,"[[1098, 642]]",,[],,0.44738466139073435,0.15725496851198761
268,2,3,4.45900000000006,,13518,"[954, 270]",False,,True,0.0,False,weak,False,"[[1098, 636]]",,"[[1416, 810]]",,0.44738466139073435,0.15725496851198761
269,2,3,4.476000000000113,,13518,"[954, 270]",False,,True,0.0,False,weak,False,"[[1098, 630]]",,"[[1416, 804]]",,0.44730119279440006,0.1619402882825508
270,2,3,4.492000000000189,,13518,"[954, 270]",False,,True,0.0,False,weak,False,"[[1098, 624]]",,"[[1416, 798]]",,0.44730119279440006,0.1619402882825508
271,2,3,4.5090000000000146,,13518,"[954, 270]",False,,True,0.0,False,weak,False,"[[1098, 618]]",,"[[1416, 792]]",,0.44558284317736785,0.1689866979021143
272,2,3,4.526000000000067,,13518,"[954, 270]",False,,True,0.0,False,weak,False,"[[1098, 612]]",,"[[1416, 786]]",,0.44558284317736785,0.1689866979021143
273,2,3,4.542000000000144,,13518,"[954, 270]",False,,True,0.0,False,weak,False,"[[1098, 606]]",,"[[1416, 780]]",,0.4437945543437021,0.1784224331654567
274,2,3,4.557999999999993,,13518,"[954, 270]",False,,True,0.0,False,weak,False,"[[1098, 600]]",,"[[1416, 774]]",,0.4437945543437021,0.1784224331654567
275,2,3,4.5750000000000455,,13518,"[954, 270]",False,,True,0.0,False,weak,False,"[[1098, 594]]",,"[[1416, 768]]",,0.4414029280518837,0.1838310529705257
276,2,3,4.592000000000098,,13518,"[954, 270]",False,,True,0.0,False,weak,False,"[[1098, 588]]",,"[[1416, 762]]",,0.4414029280518837,0.1838310529705257
277,2,3,4.609000000000151,,13518,"[954, 270]",False,,True,0.0,False,weak,False,"[[1098, 582]]",,"[[1416, 756]]",,0.4397195333933629,0.18927148259158422
278,2,3,4.625,,13518,"[954, 270]",False,,True,0.0,False,weak,False,"[[1098, 576], [1026, 810]]",,"[[1416, 750]]",,0.4397195333933629,0.18927148259158422
279,2,3,4.641000000000076,,13518,"[954, 270]",False,,True,0.0,False,weak,False,"[[1098, 570], [1026, 804]]",,"[[1416, 744]]",,0.4389016481812445,0.19583805929028653
280,2,3,4.657000000000153,,13518,"[954, 270]",False,,True,0.0,False,weak,False,"[[1098, 564], [1026, 798]]",,"[[1416, 738]]",,0.4389016481812445,0.19583805929028653
281,2,3,4.6740000000002055,,13518,"[954, 270]",False,,True,0.0,False,weak,False,"[[1098, 558], [1026, 792]]",,"[[1416, 732]]",,0.43836068024103786,0.20489573166313302
282,2,3,4.691000000000031,,13518,"[954, 270]",False,,True,0.0,False,weak,False,"[[1098, 552], [1026, 786]]",,"[[1416, 726]]",,0.43836068024103786,0.20489573166313302
283,2,3,4.707000000000107,,13518,"[954, 270]",False,,True,0.0,False,weak,False,"[[1098, 546], [1026, 780]]",,"[[1416, 720]]",,0.43945479606768484,0.2090969372785746
284,2,3,4.72400000000016,,13518,"[954, 270]",False,,True,0.0,False,weak,False,"[[1098, 540], [1026, 774]]",,"[[1416, 714]]",,0.43945479606768484,0.2090969372785746
285,2,3,4.742000000000189,,13518,"[954, 270]",False,,True,0.0,False,weak,False,"[[1098, 534], [1026, 768]]",,"[[1416, 708]]",,0.43921280703787086,0.21199574901378704
286,2,3,4.757000000000062,,13518,"[954, 270]",False,,True,0.0,False,weak,False,"[[1098, 528], [1026, 762]]",,"[[1416, 702]]",,0.43921280703787086,0.21199574901378704
287,2,3,4.773000000000138,,13518,"[954, 270]",False,,True,0.0,False,weak,False,"[[1098, 522], [1026, 756]]",,"[[1416, 696]]",,0.4424818755422833,0.20098552335274988
288,2,3,4.790000000000191,,13518,"[954, 270]",False,,True,0.0,False,weak,False,"[[1098, 516], [1026, 750]]",,"[[1416, 690]]",,0.44307302868209736,0.19869314109950365
289,2,3,4.807000000000016,,13518,"[954, 270]",False,,True,0.0,False,weak,False,"[[1098, 510], [1026, 744]]",,"[[1416, 684]]",,0.4417423447109356,0.19959723556225062
290,2,3,4.823000000000093,,13518,"[954, 270]",False,,True,0.0,False,weak,False,"[[1098, 504], [1026, 738]]",,"[[1416, 678]]",,0.4417423447109356,0.19959723556225062
291,2,3,4.8400000000001455,,13518,"[954, 270]",False,,True,0.0,False,weak,False,"[[1098, 498], [1026, 732]]",,"[[1416, 672]]",,0.4443238074549004,0.19716535845948202
292,2,3,4.8559999999999945,,13518,"[954, 270]",False,,True,0.0,False,weak,False,"[[1098, 492], [1026, 726]]",,"[[1416, 666]]",,0.4443238074549004,0.19716535845948202
293,2,3,4.872000000000071,,13518,"[954, 270]",False,,True,0.0,False,weak,False,"[[1098, 486], [1026, 720]]",,"[[1416, 660]]",,0.44522392682373174,0.20305800598643375
294,2,3,4.889000000000124,,13518,"[954, 270]",False,,True,0.0,False,weak,False,"[[1098, 480], [1026, 714]]",,"[[1416, 654]]",,0.4471980950210922,0.19690126958994902
295,2,3,4.906000000000176,,13518,"[954, 270]",False,,True,0.0,False,weak,False,"[[1098, 474], [1026, 708]]",,"[[1416, 648]]",,0.45642250420472175,0.1472070034241897
296,2,3,4.923000000000002,,13518,"[954, 270]",False,,True,0.0,False,weak,False,"[[1098, 468], [1026, 702]]",,"[[1416, 642]]",,0.45642250420472175,0.1472070034241897
297,2,3,4.940000000000055,,13518,"[954, 270]",False,,True,0.0,False,weak,False,"[[1098, 462], [1026, 696]]",,"[[1416, 636]]",,0.4590461635851965,0.13240227662335824
298,2,3,4.956000000000131,,13518,"[954, 270]",False,,True,0.0,False,weak,False,"[[1098, 456], [1026, 690]]",,"[[1416, 630]]",,0.45897083684453055,0.13122599858025819
299,2,3,4.973000000000184,,13518,"[954, 270]",False,,True,0.0,False,weak,False,"[[1098, 450], [1026, 684]]",,"[[1416, 624]]",,0.458374309013759,0.13209604654426232
300,2,3,4.989000000000033,,13518,"[954, 270]",False,,True,0.0,False,weak,False,"[[1098, 444], [1026, 678]]",,"[[1416, 618]]",,0.458374309013759,0.13209604654426232
301,2,3,5.0060000000000855,,13518,"[954, 270]",False,,True,0.0,False,weak,False,"[[1098, 438], [1026, 672]]",,"[[1416, 612]]",,0.4571307318545806,0.14298719289911488
302,2,3,5.022000000000162,,13518,"[954, 270]",False,,True,0.0,False,weak,False,"[[1098, 432], [1026, 666]]",,"[[1416, 606]]",,0.4571307318545806,0.14298719289911488
303,2,3,5.038999999999987,,13518,"[954, 270]",False,,True,0.0,False,weak,False,"[[1098, 426], [1026, 660]]",,"[[1416, 600]]",,0.4561360666332998,0.1465601399415314
304,2,3,5.055000000000064,,13518,"[954, 270]",False,,True,0.0,False,weak,False,"[[1098, 420], [1026, 654]]",,"[[1416, 594]]",,0.4537638531507856,0.15566514886254668
305,2,3,5.07100000000014,,13518,"[954, 270]",False,,True,0.0,False,weak,False,"[[1098, 414], [1026, 648]]",,"[[1416, 588]]",,0.4510440119970641,0.1658467786894774
306,2,3,5.088000000000193,,13518,"[954, 270]",False,,True,0.0,False,weak,False,"[[1098, 408], [1026, 642]]",,"[[1416, 582]]",,0.45113931953779113,0.1660832611899743
307,2,3,5.104000000000042,,13518,"[954, 270]",False,,True,0.0,False,weak,False,"[[1098, 402], [1026, 636]]",,"[[1416, 576]]",,0.4485506185894684,0.1710905424844169
308,2,3,5.121000000000095,,13518,"[954, 270]",False,,True,0.0,False,weak,False,"[[1098, 396], [1026, 630]]",,"[[1416, 570]]",,0.44747672324129184,0.17796927923290673
309,2,3,5.139000000000124,,13518,"[954, 270]",False,,True,0.0,False,weak,False,"[[1098, 390], [1026, 624]]",,"[[1416, 564]]",,0.4490659824562078,0.1819978157735641
310,2,3,5.1550000000002,,13518,"[954, 270]",False,,True,0.0,False,weak,False,"[[1098, 384], [1026, 618]]",,"[[1416, 558]]",,0.4492762042948414,0.18218681061475006
311,2,3,5.171000000000049,,13518,"[954, 270]",False,,True,0.0,False,weak,False,"[[1098, 378], [1026, 612]]",,"[[1416, 552]]",,0.45002019070631694,0.18474379655896167
312,2,3,5.1870000000001255,,13518,"[954, 270]",False,,True,0.0,False,weak,False,"[[1098, 372], [1026, 606]]",,"[[1416, 546]]",,0.449957462123671,0.18550617024357619
313,2,3,5.203000000000202,,13518,"[954, 270]",False,,True,0.0,False,weak,False,"[[1098, 366], [1026, 600]]",,"[[1416, 540]]",,0.45132457685211425,0.1829283479740741
314,2,3,5.220000000000027,,13518,"[954, 270]",False,,True,0.0,False,weak,False,"[[1098, 360], [1026, 594]]",,"[[1416, 534]]",,0.4528617015643242,0.1827472445513123
315,2,3,5.236000000000104,,13518,"[954, 270]",False,,True,0.0,False,weak,False,"[[1098, 354], [1026, 588]]",,"[[1416, 528]]",,0.4533686994121119,0.18421259403530177
316,2,3,5.25200000000018,,13518,"[954, 270]",False,,True,0.0,False,weak,False,"[[1098, 348], [1026, 582]]",,"[[1416, 522]]",,0.45539994028187036,0.1850379213490254
317,2,3,5.268000000000029,,13518,"[954, 270]",False,,True,0.0,False,weak,False,"[[1098, 342], [1026, 576]]",,"[[1416, 516]]",,0.45621876624315705,0.18540602577790555
318,2,3,5.2840000000001055,,13518,"[954, 270]",False,,True,0.0,False,weak,False,"[[1098, 336], [1026, 570]]",,"[[1416, 510]]",,0.4527817281372986,0.18527613916228036
319,2,3,5.302000000000135,,13518,"[954, 270]",False,Right,True,0.0,False,weak,False,"[[1098, 330], [1026, 564]]",,"[[1410, 504]]",,0.4527817281372986,0.18527613916228036
320,2,3,5.319000000000187,,13518,"[954, 270]",False,Right,True,0.0,False,weak,False,"[[1092, 324], [1020, 558]]",,"[[1404, 498]]",,0.4481998077688826,0.20865961126605048
321,2,3,5.33400000000006,,13518,"[954, 270]",False,Right,True,0.0,False,weak,False,"[[1086, 318], [1014, 552]]",,"[[1398, 492]]",,0.4477103955698962,0.2093984906866453
322,2,3,5.350000000000136,,13518,"[954, 270]",False,Right,True,0.0,False,weak,False,"[[1080, 312], [1008, 546]]",,"[[1392, 486]]",,0.44769375482416657,0.2075550630230819
323,2,3,5.369000000000142,,13518,"[954, 270]",False,,True,0.0,False,weak,False,"[[1074, 306], [1002, 540]]",,"[[1392, 480]]",,0.4478749277710136,0.20830867432141942
324,2,3,5.3840000000000146,,13518,"[954, 270]",False,,True,0.0,False,weak,False,"[[1074, 300], [1002, 534]]",,"[[1392, 474]]",,0.44485239186822884,0.21346183917619954
325,2,3,5.401000000000067,,13518,"[954, 270]",False,,True,0.0,False,weak,False,"[[1074, 294], [1002, 528]]",,"[[1392, 468]]",,0.44485239186822884,0.21346183917619954
326,2,3,5.41800000000012,,13518,"[954, 270]",False,,True,0.0,False,weak,False,"[[1074, 288], [1002, 522]]",,"[[1392, 462]]",,0.44233687851668735,0.21886072433644266
327,2,3,5.436000000000149,,13518,"[954, 270]",False,,True,0.0,False,weak,False,"[[1074, 282], [1002, 516]]",,"[[1392, 456]]",,0.44146909269883033,0.22165441816928044
328,2,3,5.451999999999998,,13518,"[954, 270]",False,,True,0.0,False,weak,False,"[[1074, 276], [1002, 510]]",,"[[1392, 450]]",,0.44013911435132413,0.22542796586569536
329,2,3,5.469000000000051,,13518,"[954, 270]",False,,True,0.0,False,weak,False,"[[1074, 270], [1002, 504]]",,"[[1392, 444]]",,0.44013911435132413,0.22542796586569536
330,2,3,5.485000000000127,,13518,"[954, 270]",False,,True,0.0,False,weak,False,"[[1074, 264], [1002, 498]]",,"[[1392, 438]]",,0.439963113709156,0.23139610123184207
331,2,3,5.501000000000204,,13518,"[954, 270]",False,,True,0.0,False,weak,False,"[[1074, 258], [1002, 492]]",,"[[1392, 432]]",,0.439963113709156,0.23139610123184207
332,2,3,5.517000000000053,,13518,"[954, 270]",False,Left,True,0.0,False,weak,False,"[[1074, 252], [1002, 486], [750, 810], [1092, 810]]",,"[[1398, 426]]",,0.44058062083101374,0.234101416281572
333,2,3,5.533000000000129,,13518,"[954, 270]",False,Left,True,0.0,False,weak,False,"[[1080, 246], [1008, 480], [756, 804], [1098, 804]]",,"[[1404, 420]]",,0.44058062083101374,0.234101416281572
334,2,3,5.550000000000182,,13518,"[954, 270]",False,Left,True,0.0,False,weak,False,"[[1086, 240], [1014, 474], [762, 798], [1104, 798]]",,"[[1410, 414]]",,0.4409487383815459,0.23559440505879836
335,2,3,5.566000000000031,,13518,"[954, 270]",False,Left,True,0.0,False,weak,False,"[[1092, 234], [1020, 468], [768, 792], [1110, 792], [750, 810]]",,"[[1416, 408]]",,0.4409487383815459,0.23559440505879836
336,2,3,5.583000000000084,,13518,"[954, 270]",False,Left,True,0.0,False,weak,False,"[[1098, 228], [1026, 462], [774, 786], [1116, 786], [756, 804]]",,"[[1422, 402]]",,0.4419044173648349,0.23929713765981875
337,2,3,5.59900000000016,,13518,"[954, 270]",False,Left,True,0.0,False,weak,False,"[[1104, 222], [1032, 456], [780, 780], [1122, 780], [762, 798]]",,"[[1428, 396]]",,0.4419044173648349,0.23929713765981875
338,2,3,5.615000000000009,,13518,"[954, 270]",False,Left,True,0.0,False,weak,False,"[[1110, 216], [1038, 450], [786, 774], [1128, 774], [768, 792]]",,"[[1434, 390]]",,0.39213913978418924,0.28704044936759676
339,2,3,5.6310000000000855,,13518,"[954, 270]",False,Left,True,0.0,False,weak,False,"[[1116, 210], [1044, 444], [792, 768], [1134, 768], [774, 786]]",,"[[1440, 384]]",,0.39213913978418924,0.28704044936759676
340,2,3,5.648000000000138,,13518,"[954, 270]",False,Left,True,0.0,False,weak,False,"[[1122, 204], [1050, 438], [798, 762], [1140, 762], [780, 780]]",,"[[1446, 378]]",,0.4399966975669181,0.24281304080873534
341,2,3,5.665000000000191,,13518,"[954, 270]",False,Left,True,0.0,False,weak,False,"[[1128, 198], [1056, 432], [804, 756], [1146, 756], [786, 774]]",,"[[1452, 372]]",,0.4399966975669181,0.24281304080873534
342,2,3,5.682000000000016,,13518,"[954, 270]",False,Left,True,0.0,False,weak,False,"[[1134, 192], [1062, 426], [810, 750], [1152, 750], [792, 768]]",,"[[1458, 366]]",,0.44125094924392166,0.24293174217907276
343,2,3,5.698000000000093,,13518,"[954, 270]",False,Left,True,0.0,False,weak,False,"[[1140, 186], [1068, 420], [816, 744], [1158, 744], [798, 762]]",,"[[1464, 360]]",,0.4412734284510941,0.2434164376832314
344,2,3,5.714000000000169,,13518,"[954, 270]",False,Left,True,0.0,False,weak,False,"[[1146, 180], [1074, 414], [822, 738], [1164, 738], [804, 756]]",,"[[1470, 354]]",,0.4422565514083561,0.24502434706089282
345,2,3,5.7309999999999945,,13518,"[954, 270]",False,Left,True,0.0,False,weak,False,"[[1152, 174], [1080, 408], [828, 732], [1170, 732], [810, 750]]",,"[[1476, 348]]",,0.4422565514083561,0.24502434706089282
346,2,3,5.748000000000047,,13518,"[954, 270]",False,Left,True,0.0,False,weak,False,"[[1158, 168], [1086, 402], [834, 726], [1176, 726], [816, 744]]",,"[[1482, 342]]",,0.4446926092561572,0.24939509040960217
347,2,3,5.764000000000124,,13518,"[954, 270]",False,Left,True,0.0,False,weak,False,"[[1164, 162], [1092, 396], [840, 720], [1182, 720], [822, 738]]",,"[[1488, 336]]",,0.4446926092561572,0.24939509040960217
348,2,3,5.7800000000002,,13518,"[954, 270]",False,Left,True,0.0,False,weak,False,"[[1170, 156], [1098, 390], [846, 714], [1188, 714], [828, 732]]",,"[[1494, 330]]",,0.4446425626664946,0.2513267272352313
349,2,3,5.7970000000000255,,13518,"[954, 270]",False,Left,True,0.0,False,weak,False,"[[1176, 150], [1104, 384], [852, 708], [1194, 708], [834, 726]]",,"[[1500, 324], [594, 810]]",,0.4446425626664946,0.2513267272352313
350,2,3,5.815000000000055,,13518,"[954, 270]",False,,True,0.0,False,weak,False,"[[1182, 144], [1110, 378], [858, 702], [1200, 702], [840, 720]]",,"[[1500, 318], [594, 804]]",,0.4459499369149329,0.25359530192171875
351,2,3,5.830000000000155,,13518,"[954, 270]",False,,True,0.0,False,weak,False,"[[1182, 138], [1110, 372], [858, 696], [1200, 696], [840, 714]]",,"[[1500, 312], [594, 798]]",,0.4459499369149329,0.25359530192171875
352,2,3,5.846000000000004,,13518,"[954, 270]",False,,True,1.0,False,weak,False,"[[1182, 132], [1110, 366], [858, 690], [1200, 690], [840, 708]]",,"[[1500, 306], [594, 792]]",,0.45334720429450626,0.3044685878654261
353,2,3,5.86200000000008,,13518,"[954, 270]",False,,True,1.0,False,weak,False,"[[1182, 126], [1110, 360], [858, 684], [1200, 684], [840, 702]]",,"[[1506, 300], [600, 786]]",,0.44648801610442723,0.2564200332450156
354,2,3,5.879000000000133,,13518,"[954, 270]",False,,True,1.0,False,weak,False,"[[1188, 120], [1116, 354], [864, 678], [1206, 678], [846, 696]]",,"[[1512, 294], [606, 780]]",,0.4460869562070463,0.2593478018483337
355,2,3,5.895000000000209,,13518,"[954, 270]",False,,True,1.0,False,weak,False,"[[1194, 114], [1122, 348], [870, 672], [1212, 672], [852, 690]]",,"[[1518, 288], [612, 774]]",,0.4460869562070463,0.2593478018483337
356,2,3,5.911000000000058,,13518,"[954, 270]",False,,True,1.0,False,weak,False,"[[1200, 108], [1128, 342], [876, 666], [1218, 666], [858, 684]]",,"[[1524, 282], [618, 768]]",,0.4463288277643134,0.2609987745964726
357,2,3,5.928000000000111,,13518,"[954, 270]",False,,True,1.0,False,weak,False,"[[1206, 102], [1134, 336], [882, 660], [1224, 660], [864, 678]]",,"[[1530, 276], [624, 762]]",,0.4461978039194598,0.260416361896203
358,2,3,5.94600000000014,,13518,"[954, 270]",False,Right,True,1.0,False,weak,False,"[[1212, 96], [1140, 330], [888, 654], [1230, 654], [870, 672]]",,"[[1530, 270], [624, 756]]",,0.44675842261424775,0.2629479564312056
359,2,3,5.961999999999989,,13518,"[954, 270]",False,Right,True,1.0,False,weak,False,"[[1212, 90], [1140, 324], [888, 648], [1230, 648], [870, 666]]",,"[[1530, 264], [624, 750]]",,0.44675842261424775,0.2629479564312056
360,2,3,5.979000000000042,,13518,"[954, 270]",False,Right,True,1.0,False,weak,False,"[[1212, 84], [1140, 318], [888, 642], [1230, 642], [870, 660]]",,"[[1530, 258], [624, 744]]",,0.44704647348497356,0.2645116291098494
361,2,3,5.995000000000118,,13518,"[954, 270]",False,Right,True,1.0,False,weak,False,"[[1212, 78], [1140, 312], [888, 636], [1230, 636], [870, 654]]",,"[[1530, 252], [624, 738]]",,0.44704647348497356,0.2645116291098494
362,2,3,6.012000000000171,,13518,"[954, 270]",False,Right,True,1.0,False,weak,False,"[[1212, 72], [1140, 306], [888, 630], [1230, 630], [870, 648]]",,"[[1530, 246], [624, 732]]",,0.4470653977107088,0.26700727009590586
363,2,3,6.02800000000002,,13518,"[954, 270]",False,Right,True,1.0,False,weak,False,"[[1212, 66], [1140, 300], [888, 624], [1230, 624], [870, 642]]",,"[[1530, 240], [624, 726]]",,0.44743362250994306,0.2679599584602139
364,2,3,6.044000000000096,,13518,"[954, 270]",False,Right,True,1.0,False,weak,False,"[[1212, 60], [1140, 294], [888, 618], [1230, 618], [870, 636]]",,"[[1530, 234], [624, 720]]",,0.44758660053452887,0.27022341108220005
365,2,3,6.061000000000149,,13518,"[954, 270]",False,,True,1.0,False,weak,False,"[[1212, 54], [1140, 288], [888, 612], [1230, 612], [870, 630]]",,"[[1536, 228], [630, 714]]",,0.44758660053452887,0.27022341108220005
366,2,3,6.076000000000022,,13518,"[954, 270]",False,,True,1.0,False,weak,False,"[[1218, 48], [1146, 282], [894, 606], [1236, 606], [876, 624]]",,"[[1542, 222], [636, 708]]",,0.45794662512357254,0.3177590976804413
367,2,3,6.092000000000098,,13518,"[954, 270]",False,,True,1.0,False,weak,False,"[[1224, 42], [1152, 276], [900, 600], [1242, 600], [882, 618]]",,"[[1548, 216], [642, 702]]",,0.45794662512357254,0.3177590976804413
368,2,3,6.109000000000151,,13518,"[954, 270]",False,,True,1.0,False,weak,False,"[[1230, 36], [1158, 270], [906, 594], [1248, 594], [888, 612]]",,"[[1554, 210], [648, 696]]",,0.4486862801781523,0.2729992271852183
369,2,3,6.125,,13518,"[954, 270]",False,,True,1.0,False,weak,False,"[[1236, 30], [1164, 264], [912, 588], [1254, 588], [894, 606]]",,"[[1560, 204], [654, 690]]",,0.44961988555725185,0.27348557122223416
370,2,3,6.142000000000053,,13518,"[954, 270]",False,,True,1.0,False,weak,False,"[[1242, 24], [1170, 258], [918, 582], [1260, 582], [900, 600]]",,"[[1566, 198], [660, 684]]",,0.45045530740210815,0.27491894336286893
371,2,3,6.1590000000001055,,13518,"[954, 270]",False,,True,1.0,False,weak,False,"[[1248, 18], [1176, 252], [924, 576], [1266, 576], [906, 594]]",,"[[1572, 192], [666, 678]]",,0.45045530740210815,0.27491894336286893
372,2,3,6.175000000000182,,13518,"[954, 270]",False,,True,1.0,False,weak,False,"[[1254, 12], [1182, 246], [930, 570], [1272, 570], [912, 588]]",,"[[1578, 186], [672, 672]]",,0.3875058806016513,0.30727368412610057
373,2,3,6.192000000000007,,13518,"[954, 270]",False,,True,1.0,False,weak,False,"[[1260, 6], [1188, 240], [936, 564], [1278, 564], [918, 582]]",,"[[1584, 180], [678, 666]]",,0.4598494752363223,0.31790610302162936
374,2,3,6.208000000000084,,13518,"[954, 270]",False,,True,1.0,False,weak,False,"[[1266, 0], [1194, 234], [942, 558], [1284, 558], [924, 576]]",,"[[1590, 174], [684, 660]]",,0.4601624973180022,0.31841396602266747
375,2,3,6.22400000000016,,13518,"[954, 270]",False,Right,True,1.0,False,weak,False,"[[1200, 228], [948, 552], [1290, 552], [930, 570]]",,"[[1590, 168], [684, 654]]",,0.38833823685777774,0.30716717189211584
376,2,3,6.240000000000009,,13518,"[954, 270]",False,Right,True,1.0,False,weak,False,"[[1200, 222], [948, 546], [1290, 546], [930, 564]]",,"[[1590, 162], [684, 648]]",,0.45089171838385783,0.27826082759184345
377,2,3,6.258000000000038,,13518,"[954, 270]",False,Right,True,1.0,False,weak,False,"[[1200, 216], [948, 540], [1290, 540], [930, 558]]",,"[[1590, 156], [684, 642]]",,0.45060416586335145,0.2787446802419925
378,2,3,6.274000000000115,,13518,"[954, 270]",False,Right,True,1.0,False,weak,False,"[[1200, 210], [948, 534], [1290, 534], [930, 552]]",,"[[1590, 150], [684, 636]]",,0.45060416586335145,0.2787446802419925
379,2,3,6.291000000000167,,13518,"[954, 270]",False,Right,True,1.0,False,weak,False,"[[1200, 204], [948, 528], [1290, 528], [930, 546]]",,"[[1590, 144], [684, 630]]",,0.452000283283503,0.2642407458562712
380,2,3,6.307999999999993,,13518,"[954, 270]",False,Right,True,1.0,False,weak,False,"[[1200, 198], [948, 522], [1290, 522], [930, 540]]",,"[[1590, 138], [684, 624]]",,0.4518021229973928,0.2636401577947317
381,2,3,6.3250000000000455,,13518,"[954, 270]",False,Right,True,1.0,False,weak,False,"[[1200, 192], [948, 516], [1290, 516], [930, 534]]",,"[[1590, 132], [684, 618]]",,0.4518819965535953,0.2634627574189954
382,2,3,6.342000000000098,,13518,"[954, 270]",False,Right,True,1.0,False,weak,False,"[[1200, 186], [948, 510], [1290, 510], [930, 528]]",,"[[1590, 126], [684, 612]]",,0.4523460550780163,0.2639673000347822
383,2,3,6.358000000000175,,13518,"[954, 270]",False,Right,True,1.0,False,weak,False,"[[1200, 180], [948, 504], [1290, 504], [930, 522]]",,"[[1590, 120], [684, 606]]",,0.45274158105142626,0.26391571549256043
384,2,3,6.375,,13518,"[954, 270]",False,Right,True,1.0,False,weak,False,"[[1200, 174], [948, 498], [1290, 498], [930, 516]]",,"[[1590, 114], [684, 600]]",,0.4532927964349881,0.26353850095843245
385,2,3,6.391000000000076,,13518,"[954, 270]",False,Right,True,1.0,False,weak,False,"[[1200, 168], [948, 492], [1290, 492], [930, 510]]",,"[[1590, 108], [684, 594]]",,0.4534200771963972,0.2661758812126619
386,2,3,6.408000000000129,,13518,"[954, 270]",False,Right,True,1.0,False,weak,False,"[[1200, 162], [948, 486], [1290, 486], [930, 504]]",,"[[1590, 102], [684, 588]]",,0.4539157970506086,0.26641801355034356
387,2,3,6.4240000000002055,,13518,"[954, 270]",False,Right,True,1.0,False,weak,False,"[[1200, 156], [948, 480], [1290, 480], [930, 498]]",,"[[1590, 96], [684, 582]]",,0.4555552747528201,0.26685389337088994
388,2,3,6.440000000000055,,13518,"[954, 270]",False,Right,True,1.0,False,weak,False,"[[1200, 150], [948, 474], [1290, 474], [930, 492]]",,"[[1590, 90], [684, 576]]",,0.4555552747528201,0.26685389337088994
389,2,3,6.457000000000107,,13518,"[954, 270]",False,Right,True,1.0,False,weak,False,"[[1200, 144], [948, 468], [1290, 468], [930, 486]]",,"[[1590, 84], [684, 570]]",,0.4558307693893511,0.26992252861361865
390,2,3,6.473000000000184,,13518,"[954, 270]",False,Right,True,1.0,False,weak,False,"[[1200, 138], [948, 462], [1290, 462], [930, 480]]",,"[[1590, 78], [684, 564]]",,0.4558307693893511,0.26992252861361865
391,2,3,6.489000000000033,,13518,"[954, 270]",False,Right,True,1.0,False,weak,False,"[[1200, 132], [948, 456], [1290, 456], [930, 474]]",,"[[1590, 72], [684, 558]]",,0.4556483917884687,0.27019450615505103
392,2,3,6.5060000000000855,,13518,"[954, 270]",False,Right,True,1.0,False,weak,False,"[[1200, 126], [948, 450], [1290, 450], [930, 468]]",,"[[1590, 66], [684, 552]]",,0.4556483917884687,0.27019450615505103
393,2,3,6.522000000000162,,13518,"[954, 270]",False,Right,True,1.0,False,weak,False,"[[1200, 120], [948, 444], [1290, 444], [930, 462]]",,"[[1590, 60], [684, 546]]",,0.45456379933491664,0.27173272763581113
394,2,3,6.538999999999987,,13518,"[954, 270]",False,Right,True,1.0,False,weak,False,"[[1200, 114], [948, 438], [1290, 438], [930, 456]]",,"[[1590, 54], [684, 540]]",,0.45456379933491664,0.27173272763581113
395,2,3,6.557000000000016,,13518,"[954, 270]",False,Right,True,1.0,False,weak,False,"[[1200, 108], [948, 432], [1290, 432], [930, 450]]",,"[[1590, 48], [684, 534]]",,0.45302842339536387,0.2718441732962241
396,2,3,6.573000000000093,,13518,"[954, 270]",False,Right,True,1.0,False,weak,False,"[[1200, 102], [948, 426], [1290, 426], [930, 444]]",,"[[1590, 42], [684, 528]]",,0.45302842339536387,0.2718441732962241
397,2,3,6.5900000000001455,,13518,"[954, 270]",False,Right,True,1.0,False,weak,False,"[[1200, 96], [948, 420], [1290, 420], [930, 438]]",,"[[1590, 36], [684, 522]]",,0.44649723790743756,0.26305750539337636
398,2,3,6.609000000000151,,13518,"[954, 270]",False,,True,1.0,False,weak,False,"[[1200, 90], [948, 414], [1290, 414], [930, 432]]",,"[[1596, 30], [690, 516]]",,0.44655109964112033,0.2628309062747729
399,2,3,6.625,,13518,"[954, 270]",False,,True,1.0,False,weak,False,"[[1206, 84], [954, 408], [1296, 408], [936, 426]]",,"[[1602, 24], [696, 510]]",,0.4466251993918089,0.2647832154053741
400,2,3,6.642000000000053,,13518,"[954, 270]",False,,True,1.0,False,weak,False,"[[1212, 78], [960, 402], [1302, 402], [942, 420]]",,"[[1608, 18], [702, 504]]",,0.4466251993918089,0.2647832154053741
401,2,3,6.6590000000001055,,13518,"[954, 270]",False,,True,1.0,False,weak,False,"[[1218, 72], [966, 396], [1308, 396], [948, 414]]",,"[[1614, 12], [708, 498]]",,0.4474980392554252,0.26746414317654665
402,2,3,6.676000000000158,,13518,"[954, 270]",False,,True,1.0,False,weak,False,"[[1224, 66], [972, 390], [1314, 390], [954, 408]]",,"[[1620, 6], [714, 492]]",,0.4475891075013836,0.26944758863093565
403,2,3,6.692000000000007,,13518,"[954, 270]",False,Right,True,0.0,False,weak,False,"[[1230, 60], [978, 384], [1320, 384], [960, 402]]",,"[[1620, 0], [714, 486], [1620, 810]]",,0.44769227053648725,0.2694628713818631
404,2,3,6.70900000000006,,13518,"[954, 270]",False,Right,True,0.0,False,weak,False,"[[1230, 54], [978, 378], [1320, 378], [960, 396]]",,"[[708, 480], [1614, 804]]",,0.44769227053648725,0.2694628713818631
405,2,3,6.726000000000113,,13518,"[954, 270]",False,Right,True,0.0,False,weak,False,"[[1224, 48], [972, 372], [1314, 372], [954, 390]]",,"[[702, 474], [1608, 798]]",,0.4481601310510427,0.27208763983411666
406,2,3,6.7430000000001655,,13518,"[954, 270]",False,Right,True,0.0,False,weak,False,"[[1218, 42], [966, 366], [1308, 366], [948, 384]]",,"[[696, 468], [1602, 792]]",,0.44816751708575386,0.272011554127087
407,2,3,6.7590000000000146,,13518,"[954, 270]",False,Right,True,0.0,False,weak,False,"[[1212, 36], [960, 360], [1302, 360], [942, 378]]",,"[[690, 462], [1596, 786]]",,0.44819765243060894,0.27306525312324104
408,2,3,6.776000000000067,,13518,"[954, 270]",False,Right,True,0.0,False,weak,False,"[[1206, 30], [954, 354], [1296, 354], [936, 372]]",,"[[684, 456], [1590, 780]]",,0.39181896915100944,0.30564083909071305
409,2,3,6.79300000000012,,13518,"[954, 270]",False,Right,True,0.0,False,weak,False,"[[1200, 24], [948, 348], [1290, 348], [930, 366]]",,"[[678, 450], [1584, 774]]",,0.45715006157852683,0.3172807815889308
410,2,3,6.8090000000001965,,13518,"[954, 270]",False,Right,True,0.0,False,weak,False,"[[1194, 18], [942, 342], [1284, 342], [924, 360]]",,"[[672, 444], [1578, 768]]",,0.45715006157852683,0.3172807815889308
411,2,3,6.8250000000000455,,13518,"[954, 270]",False,Right,True,0.0,False,weak,False,"[[1188, 12], [936, 336], [1278, 336], [918, 354]]",,"[[666, 438], [1572, 762]]",,0.4486421356021736,0.27506062625914907
412,2,3,6.841000000000122,,13518,"[954, 270]",False,Right,True,0.0,False,weak,False,"[[1182, 6], [930, 330], [1272, 330], [912, 348]]",,"[[660, 432], [1566, 756]]",,0.4486421356021736,0.27506062625914907
413,2,3,6.858000000000175,,13518,"[954, 270]",False,Right,True,0.0,False,weak,False,"[[1176, 0], [924, 324], [1266, 324], [906, 342]]",,"[[654, 426], [1560, 750]]",,0.44848889608652537,0.2782133356872982
414,2,3,6.874000000000024,,13518,"[954, 270]",False,Right,True,0.0,False,weak,False,"[[918, 318], [1260, 318], [900, 336]]",,"[[648, 420], [1554, 744]]",,0.4482670594083814,0.2781535493825754
415,2,3,6.891000000000076,,13518,"[954, 270]",False,Right,True,0.0,False,weak,False,"[[912, 312], [1254, 312], [894, 330]]",,"[[642, 414], [1548, 738]]",,0.44847090106778004,0.2792756382745206
416,2,3,6.908000000000129,,13518,"[954, 270]",False,Right,True,0.0,False,weak,False,"[[906, 306], [1248, 306], [888, 324]]",,"[[636, 408], [1542, 732]]",,0.44847090106778004,0.2792756382745206
417,2,3,6.925000000000182,,13518,"[954, 270]",False,Right,True,0.0,False,weak,False,"[[900, 300], [1242, 300], [882, 318]]",,"[[630, 402], [1536, 726]]",,0.448252311321895,0.28164776216880705
418,2,3,6.942000000000007,,13518,"[954, 270]",False,Right,True,0.0,False,weak,False,"[[894, 294], [1236, 294], [876, 312]]",,"[[624, 396], [1530, 720]]",,0.448252311321895,0.28164776216880705
419,2,3,6.95900000000006,,13518,"[954, 270]",False,Right,True,0.0,False,weak,False,"[[888, 288], [1230, 288], [870, 306]]",,"[[618, 390], [1524, 714]]",,0.44800437770415014,0.28233323028029844
420,2,3,6.976000000000113,,13518,"[954, 270]",False,Right,True,0.0,False,weak,False,"[[882, 282], [1224, 282], [864, 300]]",,"[[612, 384], [1518, 708]]",,0.44800437770415014,0.28233323028029844
421,2,3,6.994000000000142,,13518,"[954, 270]",False,Right,True,0.0,False,weak,False,"[[876, 276], [1218, 276], [858, 294]]",,"[[606, 378], [1512, 702]]",,0.44806326009570785,0.28131722446248153
422,2,3,7.011000000000195,,13518,"[954, 270]",False,Right,True,0.0,False,weak,False,"[[870, 270], [1212, 270], [852, 288]]",,"[[600, 372], [1506, 696]]",,0.450292482719649,0.27195094755708427
423,2,3,7.02800000000002,,13518,"[954, 270]",False,Right,True,0.0,False,weak,False,"[[864, 264], [1206, 264], [846, 282]]",,"[[594, 366], [1500, 690]]",,0.4495282864635482,0.27034560217121406
424,2,3,7.044000000000096,,13518,"[954, 270]",False,Right,True,0.0,False,weak,False,"[[858, 258], [1200, 258], [840, 276]]",,"[[588, 360], [1494, 684]]",,0.44977745247032075,0.27079231686733574
425,2,3,7.061000000000149,,13518,"[954, 270]",False,Right,True,0.0,False,weak,False,"[[852, 252], [1194, 252], [834, 270]]",,"[[582, 354], [1488, 678]]",,0.4500201655545492,0.27148385349474513
426,2,3,7.076999999999998,,13518,"[954, 270]",False,Right,True,0.0,False,weak,False,"[[846, 246], [1188, 246], [828, 264]]",,"[[576, 348], [1482, 672]]",,0.4500201655545492,0.27148385349474513
427,2,3,7.094000000000051,,13518,"[954, 270]",False,Right,True,0.0,False,weak,False,"[[840, 240], [1182, 240], [822, 258]]",,"[[570, 342], [1476, 666]]",,0.44954756479518904,0.27215892139799336
428,2,3,7.111000000000104,,13518,"[954, 270]",False,Right,True,0.0,False,weak,False,"[[834, 234], [1176, 234], [816, 252]]",,"[[564, 336], [1470, 660]]",,0.44947828153915614,0.27291064077031957
429,2,3,7.128000000000156,,13518,"[954, 270]",False,Right,True,0.0,False,weak,False,"[[828, 228], [1170, 228], [810, 246]]",,"[[558, 330], [1464, 654]]",,0.44918527244481926,0.2729612448396149
430,2,3,7.147000000000162,,13518,"[954, 270]",False,,True,0.0,False,weak,False,"[[822, 222], [1164, 222], [804, 240]]",,"[[558, 324], [1464, 648]]",,0.44863892085386803,0.2735270412769495
431,2,3,7.162000000000035,,13518,"[954, 270]",False,,True,0.0,False,weak,False,"[[822, 216], [1164, 216], [804, 234], [858, 810]]",,"[[558, 318], [1464, 642]]",,0.4484441535578692,0.2739882845414654
432,2,3,7.180000000000064,,13518,"[954, 270]",False,,True,0.0,False,weak,False,"[[822, 210], [1164, 210], [804, 228], [858, 804]]",,"[[558, 312], [1464, 636]]",,0.4489857772722665,0.2746114294052766
433,2,3,7.195000000000164,,13518,"[954, 270]",False,,True,-1.0,False,weak,False,"[[822, 204], [1164, 204], [804, 222], [858, 798]]",,"[[558, 306], [1464, 630]]",,0.44923570002801816,0.2762196136075078
434,2,3,7.211999999999989,,13518,"[954, 270]",False,,True,-1.0,False,weak,False,"[[822, 198], [1164, 198], [804, 216], [858, 792]]",,"[[552, 300], [1458, 624]]",,0.44902565459706095,0.2760482172364582
435,2,3,7.2280000000000655,,13518,"[954, 270]",False,,True,-1.0,False,weak,False,"[[816, 192], [1158, 192], [798, 210], [852, 786]]",,"[[546, 294], [1452, 618]]",,0.44955412826936153,0.278309748893271
436,2,3,7.245000000000118,,13518,"[954, 270]",False,,True,-1.0,False,weak,False,"[[810, 186], [1152, 186], [792, 204], [846, 780]]",,"[[540, 288], [1446, 612]]",,0.44955412826936153,0.278309748893271
437,2,3,7.261000000000195,,13518,"[954, 270]",False,,True,-1.0,False,weak,False,"[[804, 180], [1146, 180], [786, 198], [840, 774]]",,"[[534, 282], [1440, 606]]",,0.44973089533431826,0.2796514440932488
438,2,3,7.27800000000002,,13518,"[954, 270]",False,,True,-1.0,False,weak,False,"[[798, 174], [1140, 174], [780, 192], [834, 768]]",,"[[528, 276], [1434, 600]]",,0.44973089533431826,0.2796514440932488
439,2,3,7.294000000000096,,13518,"[954, 270]",False,,True,-1.0,False,weak,False,"[[792, 168], [1134, 168], [774, 186], [828, 762]]",,"[[522, 270], [1428, 594]]",,0.4498868738734612,0.28089015030837217
440,2,3,7.311000000000149,,13518,"[954, 270]",False,,True,-1.0,False,weak,False,"[[786, 162], [1128, 162], [768, 180], [822, 756]]",,"[[516, 264], [1422, 588]]",,0.44992701854670925,0.2810477244367683
441,2,3,7.326999999999998,,13518,"[954, 270]",False,,True,-1.0,False,weak,False,"[[780, 156], [1122, 156], [762, 174], [816, 750]]",,"[[510, 258], [1416, 582]]",,0.4440451701312213,0.2740705227448408
442,2,3,7.343000000000075,,13518,"[954, 270]",False,,True,-1.0,False,weak,False,"[[774, 150], [1116, 150], [756, 168], [810, 744]]",,"[[504, 252], [1410, 576]]",,0.4440451701312213,0.2740705227448408
443,2,3,7.36200000000008,,13518,"[954, 270]",False,,True,-1.0,False,weak,False,"[[768, 144], [1110, 144], [750, 162], [804, 738]]",,"[[498, 246], [1404, 570]]",,0.42170698128537076,0.26089031261955675
444,2,3,7.379000000000133,,13518,"[954, 270]",False,,True,-1.0,False,weak,False,"[[762, 138], [1104, 138], [744, 156], [798, 732]]",,"[[492, 240], [1398, 564]]",,0.42111143351124236,0.26025028312971954
445,2,3,7.3960000000001855,,13518,"[954, 270]",False,,True,-1.0,False,weak,False,"[[756, 132], [1098, 132], [738, 150], [792, 726]]",,"[[486, 234], [1392, 558]]",,0.41910980956427135,0.25926006275003066
446,2,3,7.413000000000011,,13518,"[954, 270]",False,,True,-1.0,False,weak,False,"[[750, 126], [1092, 126], [732, 144], [786, 720]]",,"[[480, 228], [1386, 552]]",,0.41831667884230833,0.26041295938417985
447,2,3,7.43100000000004,,13518,"[954, 270]",False,,True,-1.0,False,weak,False,"[[744, 120], [1086, 120], [726, 138], [780, 714]]",,"[[474, 222], [1380, 546]]",,0.4165727482748773,0.25949813409395406
448,2,3,7.447000000000116,,13518,"[954, 270]",False,,True,-1.0,False,weak,False,"[[738, 114], [1080, 114], [720, 132], [774, 708]]",,"[[468, 216], [1374, 540]]",,0.4177514938360554,0.2590035372260632
449,2,3,7.464000000000169,,13518,"[954, 270]",False,,True,-1.0,False,weak,False,"[[732, 108], [1074, 108], [714, 126], [768, 702]]",,"[[462, 210], [1368, 534]]",,0.41939869753784154,0.2610452347062231
450,2,3,7.4809999999999945,,13518,"[954, 270]",False,,True,-1.0,False,weak,False,"[[726, 102], [1068, 102], [708, 120], [762, 696]]",,"[[456, 204], [1362, 528]]",,0.4197042313535597,0.2622501691793325
451,2,3,7.498000000000047,,13518,"[954, 270]",False,,True,-1.0,False,weak,False,"[[720, 96], [1062, 96], [702, 114], [756, 690]]",,"[[450, 198], [1356, 522]]",,0.4196454021688056,0.26448439460679274
452,2,3,7.514000000000124,,13518,"[954, 270]",False,,True,-1.0,False,weak,False,"[[714, 90], [1056, 90], [696, 108], [750, 684], [894, 810]]",,"[[444, 192], [1350, 516]]",,0.4196568226119597,0.26449774215904953
453,2,3,7.532000000000153,,13518,"[954, 270]",False,,True,-1.0,False,weak,False,"[[708, 84], [1050, 84], [690, 102], [744, 678], [888, 804]]",,"[[438, 186], [1344, 510]]",,0.4202753397193115,0.2670506415325943
454,2,3,7.548000000000002,,13518,"[954, 270]",False,,True,-1.0,False,weak,False,"[[702, 78], [1044, 78], [684, 96], [738, 672], [882, 798]]",,"[[432, 180], [1338, 504]]",,0.4221924649033249,0.26607488518099853
455,2,3,7.565000000000055,,13518,"[954, 270]",False,,True,-1.0,False,weak,False,"[[696, 72], [1038, 72], [678, 90], [732, 666], [876, 792]]",,"[[426, 174], [1332, 498]]",,0.42543886649562995,0.2607888882602869
456,2,3,7.582000000000107,,13518,"[954, 270]",False,,True,-1.0,False,weak,False,"[[690, 66], [1032, 66], [672, 84], [726, 660], [870, 786]]",,"[[420, 168], [1326, 492]]",,0.42989387275329066,0.24313835739193113
457,2,3,7.59900000000016,,13518,"[954, 270]",False,,True,-1.0,False,weak,False,"[[684, 60], [1026, 60], [666, 78], [720, 654], [864, 780]]",,"[[414, 162], [1320, 486]]",,0.4290144511559076,0.24433764956292647
458,2,3,7.614000000000033,,13518,"[954, 270]",False,,True,-1.0,False,weak,False,"[[678, 54], [1020, 54], [660, 72], [714, 648], [858, 774]]",,"[[408, 156], [1314, 480]]",,0.42916877208571746,0.24543950734792708
459,2,3,7.6310000000000855,,13518,"[954, 270]",False,,True,-1.0,False,weak,False,"[[672, 48], [1014, 48], [654, 66], [708, 642], [852, 768]]",,"[[402, 150], [1308, 474]]",,0.4299307964753584,0.24537165502674807
460,2,3,7.648000000000138,,13518,"[954, 270]",False,,True,-1.0,False,weak,False,"[[666, 42], [1008, 42], [648, 60], [702, 636], [846, 762]]",,"[[396, 144], [1302, 468]]",,0.42975300438791264,0.2453292086499308
461,2,3,7.665000000000191,,13518,"[954, 270]",False,Left,True,-1.0,False,weak,False,"[[660, 36], [1002, 36], [642, 54], [696, 630], [840, 756]]",,"[[396, 138], [1302, 462]]",,0.4317589578380767,0.24549056236169808
462,2,3,7.680000000000064,,13518,"[954, 270]",False,Left,True,-1.0,False,weak,False,"[[660, 30], [1002, 30], [642, 48], [696, 624], [840, 750]]",,"[[396, 132], [1302, 456]]",,0.4317589578380767,0.24549056236169808
463,2,3,7.698000000000093,,13518,"[954, 270]",False,Left,True,-1.0,False,weak,False,"[[660, 24], [1002, 24], [642, 42], [696, 618], [840, 744]]",,"[[396, 126], [1302, 450]]",,0.43198472070122973,0.2496667823206682
464,2,3,7.714000000000169,,13518,"[954, 270]",False,Left,True,-1.0,False,weak,False,"[[660, 18], [1002, 18], [642, 36], [696, 612], [840, 738]]",,"[[396, 120], [1302, 444]]",,0.4319977339047948,0.2501584810393962
465,2,3,7.7309999999999945,,13518,"[954, 270]",False,Left,True,-1.0,False,weak,False,"[[660, 12], [1002, 12], [642, 30], [696, 606], [840, 732]]",,"[[396, 114], [1302, 438]]",,0.3831302485568469,0.291711930141338
466,2,3,7.747000000000071,,13518,"[954, 270]",False,Left,True,-1.0,False,weak,False,"[[660, 6], [1002, 6], [642, 24], [696, 600], [840, 726]]",,"[[396, 108], [1302, 432]]",,0.43257760899473297,0.2532608728895459
467,2,3,7.763000000000147,,13518,"[954, 270]",False,Left,True,-1.0,False,weak,False,"[[660, 0], [1002, 0], [642, 18], [696, 594], [840, 720]]",,"[[396, 102], [1302, 426]]",,0.43205324421124447,0.25519119859216
468,2,3,7.7800000000002,,13518,"[954, 270]",False,Left,True,-1.0,False,weak,False,"[[642, 12], [696, 588], [840, 714]]",,"[[396, 96], [1302, 420]]",,0.43205324421124447,0.25519119859216
469,2,3,7.796000000000049,,13518,"[954, 270]",False,Left,True,-1.0,False,weak,False,"[[642, 6], [696, 582], [840, 708]]",,"[[396, 90], [1302, 414]]",,0.45001441209896187,0.23814009187500118
470,2,3,7.813000000000102,,13518,"[954, 270]",False,Left,True,-1.0,False,weak,False,"[[642, 0], [696, 576], [840, 702]]",,"[[396, 84], [1302, 408]]",,0.45001441209896187,0.23814009187500118
471,2,3,7.830000000000155,,13518,"[954, 270]",False,Left,True,-1.0,False,weak,False,"[[696, 570], [840, 696]]",,"[[396, 78], [1302, 402]]",,0.4510587972712579,0.2394638169194555
472,2,3,7.846000000000004,,13518,"[954, 270]",False,Left,True,-1.0,False,weak,False,"[[696, 564], [840, 690]]",,"[[396, 72], [1302, 396]]",,0.4510587972712579,0.2394638169194555
473,2,3,7.86200000000008,,13518,"[954, 270]",False,Left,True,-1.0,False,weak,False,"[[696, 558], [840, 684]]",,"[[396, 66], [1302, 390]]",,0.4537645066390329,0.2415509802694653
474,2,3,7.879000000000133,,13518,"[954, 270]",False,Left,True,-1.0,False,weak,False,"[[696, 552], [840, 678]]",,"[[396, 60], [1302, 384]]",,0.4537645066390329,0.2415509802694653
475,2,3,7.8960000000001855,,13518,"[954, 270]",False,Left,True,-1.0,False,weak,False,"[[696, 546], [840, 672]]",,"[[396, 54], [1302, 378]]",,0.4547639010943084,0.24491906516765205
476,2,3,7.913999999999987,,13518,"[954, 270]",False,,True,-1.0,False,weak,False,"[[696, 540], [840, 666]]",,"[[390, 48], [1296, 372]]",,0.4547639010943084,0.24491906516765205
477,2,3,7.930000000000064,,13518,"[954, 270]",False,,True,-1.0,False,weak,False,"[[690, 534], [834, 660]]",,"[[384, 42], [1290, 366]]",,0.4536988940448013,0.24653457988581018
478,2,3,7.94600000000014,,13518,"[954, 270]",False,,True,-1.0,False,weak,False,"[[684, 528], [828, 654]]",,"[[378, 36], [1284, 360]]",,0.4536988940448013,0.24653457988581018
479,2,3,7.964000000000169,,13518,"[954, 270]",False,,True,-1.0,False,weak,False,"[[678, 522], [822, 648]]",,"[[372, 30], [1278, 354]]",,0.4532594209052185,0.24852444725680667
480,2,3,7.980000000000018,,13518,"[954, 270]",False,,True,-1.0,False,weak,False,"[[672, 516], [816, 642]]",,"[[366, 24], [1272, 348]]",,0.4532594209052185,0.24852444725680667
481,2,3,7.996000000000095,,13518,"[954, 270]",False,,True,-1.0,False,weak,False,"[[666, 510], [810, 636]]",,"[[360, 18], [1266, 342]]",,0.45356725060287406,0.25223644849730753
482,2,3,8.013000000000147,,13518,"[954, 270]",False,,True,-1.0,False,weak,False,"[[660, 504], [804, 630]]",,"[[354, 12], [1260, 336]]",,0.45356725060287406,0.25223644849730753
483,2,3,8.028999999999996,,13518,"[954, 270]",False,,True,-1.0,False,weak,False,"[[654, 498], [798, 624]]",,"[[348, 6], [1254, 330]]",,0.4539510231119774,0.25470058162558873
484,2,3,8.04600000000005,,13518,"[954, 270]",False,,True,0.0,False,weak,False,"[[648, 492], [792, 618]]",,"[[342, 0], [1248, 324]]",,0.4539510231119774,0.25470058162558873
485,2,3,8.062000000000126,,13518,"[954, 270]",False,,True,0.0,False,weak,False,"[[642, 486], [786, 612]]",,"[[1248, 318]]",,0.4544906860920975,0.2571260950143853
486,2,3,8.078000000000202,,13518,"[954, 270]",False,,True,0.0,False,weak,False,"[[642, 480], [786, 606]]",,"[[1248, 312]]",,0.4544906860920975,0.2571260950143853
487,2,3,8.095000000000027,,13518,"[954, 270]",False,,True,1.0,False,weak,False,"[[642, 474], [786, 600]]",,"[[1248, 306]]",,0.45452211028600303,0.2593707912834682
488,2,3,8.11200000000008,,13518,"[954, 270]",False,,True,1.0,False,weak,False,"[[642, 468], [786, 594]]",,"[[1254, 300]]",,0.45452211028600303,0.2593707912834682
489,2,3,8.128000000000156,,13518,"[954, 270]",False,,True,1.0,False,weak,False,"[[648, 462], [792, 588]]",,"[[1260, 294]]",,0.4552325442901006,0.26178980909241134
490,2,3,8.14500000000021,,13518,"[954, 270]",False,,True,1.0,False,weak,False,"[[654, 456], [798, 582]]",,"[[1266, 288]]",,0.4552325442901006,0.26178980909241134
491,2,3,8.163000000000011,,13518,"[954, 270]",False,,True,1.0,False,weak,False,"[[660, 450], [804, 576], [750, 810]]",,"[[1272, 282]]",,0.4549919931125805,0.26559435973067747
492,2,3,8.180000000000064,,13518,"[954, 270]",False,,True,1.0,False,weak,False,"[[666, 444], [810, 570], [756, 804]]",,"[[1278, 276]]",,0.4549919931125805,0.26559435973067747
493,2,3,8.197000000000116,,13518,"[954, 270]",False,,True,1.0,False,weak,False,"[[672, 438], [816, 564], [762, 798]]",,"[[1284, 270]]",,0.45523926306712836,0.26769389040684677
494,2,3,8.21400000000017,,13518,"[954, 270]",False,,True,1.0,False,weak,False,"[[678, 432], [822, 558], [768, 792]]",,"[[1290, 264]]",,0.45523926306712836,0.26769389040684677
495,2,3,8.230000000000018,,13518,"[954, 270]",False,,True,1.0,False,weak,False,"[[684, 426], [828, 552], [774, 786]]",,"[[1296, 258]]",,0.45455560893014635,0.26942835738003745
496,2,3,8.246000000000095,,13518,"[954, 270]",False,,True,1.0,False,weak,False,"[[690, 420], [834, 546], [780, 780]]",,"[[1302, 252]]",,0.45455560893014635,0.26942835738003745
497,2,3,8.262000000000171,,13518,"[954, 270]",False,,True,1.0,False,weak,False,"[[696, 414], [840, 540], [786, 774], [588, 810]]",,"[[1308, 246]]",,0.45447979577539216,0.2721040715926193
498,2,3,8.278999999999996,,13518,"[954, 270]",False,,True,1.0,False,weak,False,"[[702, 408], [846, 534], [792, 768], [594, 804]]",,"[[1314, 240]]",,0.455019265301289,0.27295340415265656
499,2,3,8.295000000000073,,13518,"[954, 270]",False,,True,1.0,False,weak,False,"[[708, 402], [852, 528], [798, 762], [600, 798]]",,"[[1320, 234]]",,0.46121539408512835,0.3195751830786342
500,2,3,8.312000000000126,,13518,"[954, 270]",False,,True,1.0,False,weak,False,"[[714, 396], [858, 522], [804, 756], [606, 792]]",,"[[1326, 228]]",,0.46121539408512835,0.3195751830786342
501,2,3,8.328000000000202,,13518,"[954, 270]",False,,True,1.0,False,weak,False,"[[720, 390], [864, 516], [810, 750], [612, 786]]",,"[[1332, 222]]",,0.4554903842904935,0.2770252772826467
502,2,3,8.344000000000051,,13518,"[954, 270]",False,,True,1.0,False,weak,False,"[[726, 384], [870, 510], [816, 744], [618, 780]]",,"[[1338, 216]]",,0.4554903842904935,0.2770252772826467
503,2,3,8.361000000000104,,13518,"[954, 270]",False,,True,1.0,False,weak,False,"[[732, 378], [876, 504], [822, 738], [624, 774]]",,"[[1344, 210]]",,0.4560015189029361,0.27979862500481734
504,2,3,8.378000000000156,,13518,"[954, 270]",False,,True,1.0,False,weak,False,"[[738, 372], [882, 498], [828, 732], [630, 768]]",,"[[1350, 204]]",,0.4560015189029361,0.27979862500481734
505,2,3,8.393000000000029,,13518,"[954, 270]",False,,True,1.0,False,weak,False,"[[744, 366], [888, 492], [834, 726], [636, 762]]",,"[[1356, 198]]",,0.4643788806535828,0.32586861971550374
506,2,3,8.409000000000106,,13518,"[954, 270]",False,,True,1.0,False,weak,False,"[[750, 360], [894, 486], [840, 720], [642, 756]]",,"[[1362, 192]]",,0.4643788806535828,0.32586861971550374
507,2,3,8.426000000000158,,13518,"[954, 270]",False,,True,1.0,False,weak,False,"[[756, 354], [900, 480], [846, 714], [648, 750]]",,"[[1368, 186]]",,0.45631198018494806,0.2850159849282654
508,2,3,8.442000000000007,,13518,"[954, 270]",False,,True,1.0,False,weak,False,"[[762, 348], [906, 474], [852, 708], [654, 744]]",,"[[1374, 180]]",,0.45631198018494806,0.2850159849282654
509,2,3,8.45900000000006,,13518,"[954, 270]",False,Right,True,1.0,False,weak,False,"[[768, 342], [912, 468], [858, 702], [660, 738]]",,"[[1374, 174]]",,0.4569037146407154,0.2855010015875554
510,2,3,8.47400000000016,,13518,"[954, 270]",False,Right,True,1.0,False,weak,False,"[[768, 336], [912, 462], [858, 696], [660, 732]]",,"[[1374, 168]]",,0.4569088235298526,0.28509998201434883
511,2,3,8.490999999999985,,13518,"[954, 270]",False,Right,True,1.0,False,weak,False,"[[768, 330], [912, 456], [858, 690], [660, 726]]",,"[[1374, 162]]",,0.4658082457995875,0.3281330332672312
512,2,3,8.508000000000038,,13518,"[954, 270]",False,Right,True,1.0,False,weak,False,"[[768, 324], [912, 450], [858, 684], [660, 720]]",,"[[1374, 156]]",,0.4658082457995875,0.3281330332672312
513,2,3,8.524000000000115,,13518,"[954, 270]",False,Right,True,1.0,False,weak,False,"[[768, 318], [912, 444], [858, 678], [660, 714]]",,"[[1374, 150]]",,0.4576631105732799,0.2849487006936988
514,2,3,8.540000000000191,,13518,"[954, 270]",False,Right,True,1.0,False,weak,False,"[[768, 312], [912, 438], [858, 672], [660, 708]]",,"[[1374, 144]]",,0.45776065934017274,0.28483780332464204
515,2,3,8.55600000000004,,13518,"[954, 270]",False,Right,True,1.0,False,weak,False,"[[768, 306], [912, 432], [858, 666], [660, 702]]",,"[[1374, 138]]",,0.3930616448595816,0.3108750716545856
516,2,3,8.572000000000116,,13518,"[954, 270]",False,Right,True,1.0,False,weak,False,"[[768, 300], [912, 426], [858, 660], [660, 696]]",,"[[1374, 132]]",,0.4584837274096234,0.2855524826461543
517,2,3,8.588000000000193,,13518,"[954, 270]",False,Right,True,1.0,False,weak,False,"[[768, 294], [912, 420], [858, 654], [660, 690]]",,"[[1374, 126]]",,0.4538227632965516,0.27961783886230873
518,2,3,8.604000000000042,,13518,"[954, 270]",False,Right,True,1.0,False,weak,False,"[[768, 288], [912, 414], [858, 648], [660, 684]]",,"[[1374, 120]]",,0.44971071887840186,0.2736583109641556
519,2,3,8.620000000000118,,13518,"[954, 270]",False,Right,True,1.0,False,weak,False,"[[768, 282], [912, 408], [858, 642], [660, 678]]",,"[[1374, 114]]",,0.4498202589376481,0.2750699561280262
520,2,3,8.638000000000147,,13518,"[954, 270]",False,Right,True,1.0,False,weak,False,"[[768, 276], [912, 402], [858, 636], [660, 672]]",,"[[1374, 108]]",,0.44978729350775176,0.2751766241531658
521,2,3,8.653999999999996,,13518,"[954, 270]",False,Right,True,1.0,False,weak,False,"[[768, 270], [912, 396], [858, 630], [660, 666]]",,"[[1374, 102]]",,0.4483996921174806,0.27466170247037114
522,2,3,8.67100000000005,,13518,"[954, 270]",False,Right,True,1.0,False,weak,False,"[[768, 264], [912, 390], [858, 624], [660, 660]]",,"[[1374, 96]]",,0.44829068051303844,0.27429389778330304
523,2,3,8.687000000000126,,13518,"[954, 270]",False,Right,True,1.0,False,weak,False,"[[768, 258], [912, 384], [858, 618], [660, 654]]",,"[[1374, 90]]",,0.44846567598528464,0.273959887276934
524,2,3,8.703000000000202,,13518,"[954, 270]",False,Right,True,1.0,False,weak,False,"[[768, 252], [912, 378], [858, 612], [660, 648]]",,"[[1374, 84]]",,0.44938669505357043,0.27245136482641985
525,2,3,8.720000000000027,,13518,"[954, 270]",False,Right,True,1.0,False,weak,False,"[[768, 246], [912, 372], [858, 606], [660, 642]]",,"[[1374, 78]]",,0.44955666630327124,0.272857823915837
526,2,3,8.736000000000104,,13518,"[954, 270]",False,Right,True,1.0,False,weak,False,"[[768, 240], [912, 366], [858, 600], [660, 636]]",,"[[1374, 72]]",,0.4499668752917786,0.2733774190061494
527,2,3,8.75200000000018,,13518,"[954, 270]",False,Right,True,1.0,False,weak,False,"[[768, 234], [912, 360], [858, 594], [660, 630]]",,"[[1374, 66]]",,0.4499668752917786,0.2733774190061494
528,2,3,8.77000000000021,,13518,"[954, 270]",False,Right,True,1.0,False,weak,False,"[[768, 228], [912, 354], [858, 588], [660, 624]]",,"[[1374, 60]]",,0.3915177306759442,0.28838222071348063
529,2,3,8.786000000000058,,13518,"[954, 270]",False,Right,True,1.0,False,weak,False,"[[768, 222], [912, 348], [858, 582], [660, 618]]",,"[[1374, 54]]",,0.4577414517358081,0.31785740811963015
530,2,3,8.802000000000135,,13518,"[954, 270]",False,Right,True,1.0,False,weak,False,"[[768, 216], [912, 342], [858, 576], [660, 612]]",,"[[1374, 48]]",,0.39282654967663294,0.28817056150507225
531,2,3,8.817999999999984,,13518,"[954, 270]",False,Right,True,1.0,False,weak,False,"[[768, 210], [912, 336], [858, 570], [660, 606]]",,"[[1374, 42]]",,0.457551532215668,0.31951596423156425
532,2,3,8.83400000000006,,13518,"[954, 270]",False,Right,True,1.0,False,weak,False,"[[768, 204], [912, 330], [858, 564], [660, 600]]",,"[[1374, 36]]",,0.4577877320446585,0.32153461372907644
533,2,3,8.850000000000136,,13518,"[954, 270]",False,Right,True,1.0,False,weak,False,"[[768, 198], [912, 324], [858, 558], [660, 594]]",,"[[1374, 30]]",,0.4577877320446585,0.32153461372907644
534,2,3,8.86700000000019,,13518,"[954, 270]",False,Right,True,1.0,False,weak,False,"[[768, 192], [912, 318], [858, 552], [660, 588]]",,"[[1374, 24]]",,0.39394572628013796,0.2880202882260917
535,2,3,8.883000000000038,,13518,"[954, 270]",False,Right,True,1.0,False,weak,False,"[[768, 186], [912, 312], [858, 546], [660, 582]]",,"[[1374, 18]]",,0.39394572628013796,0.2880202882260917
536,2,3,8.900000000000091,,13518,"[954, 270]",False,Right,True,1.0,False,weak,False,"[[768, 180], [912, 306], [858, 540], [660, 576], [948, 810]]",,"[[1374, 12]]",,0.4499060232657513,0.28381403240915815
537,2,3,8.917000000000144,,13518,"[954, 270]",False,Right,True,1.0,False,weak,False,"[[768, 174], [912, 300], [858, 534], [660, 570], [948, 804]]",,"[[1374, 6]]",,0.4499060232657513,0.28381403240915815
538,2,3,8.932999999999993,,13518,"[954, 270]",False,Right,True,0.0,False,weak,False,"[[768, 168], [912, 294], [858, 528], [660, 564], [948, 798]]",,"[[1374, 0]]",,0.44870931808756664,0.2841627059923608
539,2,3,8.94900000000007,,13518,"[954, 270]",False,Right,True,0.0,False,weak,False,"[[768, 162], [912, 288], [858, 522], [660, 558], [948, 792]]",,[],,0.44870931808756664,0.2841627059923608
540,2,3,8.966000000000122,,13518,"[954, 270]",False,Right,True,0.0,False,weak,False,"[[762, 156], [906, 282], [852, 516], [654, 552], [942, 786]]",,[],,0.38898854546201694,0.287512147881147
541,2,3,8.982000000000198,,13518,"[954, 270]",False,Right,True,0.0,False,weak,False,"[[756, 150], [900, 276], [846, 510], [648, 546], [936, 780]]",,[],,0.38898854546201694,0.287512147881147
542,2,3,8.998000000000047,,13518,"[954, 270]",False,Right,True,0.0,False,weak,False,"[[750, 144], [894, 270], [840, 504], [642, 540], [930, 774]]",,[],,0.4521916994610157,0.2733392414797895
543,2,3,9.014000000000124,,13518,"[954, 270]",False,Right,True,0.0,False,weak,False,"[[744, 138], [888, 264], [834, 498], [636, 534], [924, 768]]",,[],,0.4521916994610157,0.2733392414797895
544,2,3,9.032000000000153,,13518,"[954, 270]",False,Right,True,0.0,False,weak,False,"[[738, 132], [882, 258], [828, 492], [630, 528], [918, 762]]",,[],,0.4544013177443871,0.27470331387274993
545,2,3,9.048000000000002,,13518,"[954, 270]",False,Right,True,0.0,False,weak,False,"[[732, 126], [876, 252], [822, 486], [624, 522], [912, 756]]",,[],,0.4544013177443871,0.27470331387274993
546,2,3,9.066000000000031,,13518,"[954, 270]",False,Right,True,0.0,False,weak,False,"[[726, 120], [870, 246], [816, 480], [618, 516], [906, 750]]",,[],,0.455484646763071,0.2763894087249259
547,2,3,9.08400000000006,,13518,"[954, 270]",False,Right,True,0.0,False,weak,False,"[[720, 114], [864, 240], [810, 474], [612, 510], [900, 744]]",,[],,0.455484646763071,0.2763894087249259
548,2,3,9.10200000000009,,13518,"[954, 270]",False,Right,True,0.0,False,weak,False,"[[714, 108], [858, 234], [804, 468], [606, 504], [894, 738]]",,[],,0.4559168378855805,0.27999111684077904
549,2,3,9.120000000000118,,13518,"[954, 270]",False,Right,True,0.0,False,weak,False,"[[708, 102], [852, 228], [798, 462], [600, 498], [888, 732]]",,[],,0.4559168378855805,0.27999111684077904
550,2,3,9.137000000000171,,13518,"[954, 270]",False,Right,True,0.0,False,weak,False,"[[702, 96], [846, 222], [792, 456], [594, 492], [882, 726]]",,[],,0.4554788347882227,0.2820784243927832
551,2,3,9.156000000000176,,13518,"[954, 270]",False,Right,True,0.0,False,weak,False,"[[696, 90], [840, 216], [786, 450], [588, 486], [876, 720]]",,[],,0.4554788347882227,0.2820784243927832
552,2,3,9.174000000000206,,13518,"[954, 270]",False,Right,True,0.0,False,weak,False,"[[690, 84], [834, 210], [780, 444], [582, 480], [870, 714]]",,[],,0.4645760143779788,0.32445966604415566
553,2,3,9.191000000000031,,13518,"[954, 270]",False,Right,True,0.0,False,weak,False,"[[684, 78], [828, 204], [774, 438], [576, 474], [864, 708]]",,[],,0.45515951341443295,0.28415247547727784
554,2,3,9.210000000000036,,13518,"[954, 270]",False,Right,True,0.0,False,weak,False,"[[678, 72], [822, 198], [768, 432], [570, 468], [858, 702]]",,[],,0.4551714875351741,0.2835652590089558
555,2,3,9.22700000000009,,13518,"[954, 270]",False,,True,0.0,False,weak,False,"[[672, 66], [816, 192], [762, 426], [564, 462], [852, 696]]",,[],,0.4548232526448864,0.2833667494176708
556,2,3,9.243000000000166,,13518,"[954, 270]",False,,True,0.0,False,weak,False,"[[672, 60], [816, 186], [762, 420], [564, 456], [852, 690]]",,[],,0.4548232526448864,0.2833667494176708
557,2,3,9.258000000000038,,13518,"[954, 270]",False,,True,0.0,False,weak,False,"[[672, 54], [816, 180], [762, 414], [564, 450], [852, 684]]",,[],,0.45418710146342445,0.28315674730147045
558,2,3,9.275000000000091,,13518,"[954, 270]",False,,True,0.0,False,weak,False,"[[672, 48], [816, 174], [762, 408], [564, 444], [852, 678]]",,[],,0.4539926104251067,0.2829630890013647
559,2,3,9.291000000000167,,13518,"[954, 270]",False,,True,0.0,False,weak,False,"[[672, 42], [816, 168], [762, 402], [564, 438], [852, 672]]",,[],,0.45391489203015745,0.2826836796790142
560,2,3,9.307000000000016,,13518,"[954, 270]",False,,True,0.0,False,weak,False,"[[672, 36], [816, 162], [762, 396], [564, 432], [852, 666]]",,[],,0.4528959948982948,0.2847413186301446
561,2,3,9.32400000000007,,13518,"[954, 270]",False,,True,0.0,False,weak,False,"[[672, 30], [816, 156], [762, 390], [564, 426], [852, 660]]",,[],,0.4522109721006101,0.28447271485596715
562,2,3,9.342000000000098,,13518,"[954, 270]",False,,True,0.0,False,weak,False,"[[672, 24], [816, 150], [762, 384], [564, 420], [852, 654]]",,[],,0.4514836400108524,0.286703211629285
563,2,3,9.359000000000151,,13518,"[954, 270]",False,,True,0.0,False,weak,False,"[[672, 18], [816, 144], [762, 378], [564, 414], [852, 648]]",,[],,0.4509632038887045,0.2859643733081686
564,2,3,9.376000000000204,,13518,"[954, 270]",False,,True,0.0,False,weak,False,"[[672, 12], [816, 138], [762, 372], [564, 408], [852, 642]]",,[],,0.4509632038887045,0.2859643733081686
565,2,3,9.393000000000029,,13518,"[954, 270]",False,,True,0.0,False,weak,False,"[[672, 6], [816, 132], [762, 366], [564, 402], [852, 636]]",,[],,0.4513169135569557,0.26804527010560364
566,2,3,9.412000000000035,,13518,"[954, 270]",False,,True,0.0,False,weak,False,"[[672, 0], [816, 126], [762, 360], [564, 396], [852, 630]]",,[],,0.4499422702309136,0.2550141606454094
567,2,3,9.428000000000111,,13518,"[954, 270]",False,,True,0.0,False,weak,False,"[[816, 120], [762, 354], [564, 390], [852, 624]]",,[],,0.44964238884305513,0.2535518156246165
568,2,3,9.445000000000164,,13518,"[954, 270]",False,,True,0.0,False,weak,False,"[[816, 114], [762, 348], [564, 384], [852, 618]]",,[],,0.44964238884305513,0.2535518156246165
569,2,3,9.461999999999989,,13518,"[954, 270]",False,,True,0.0,False,weak,False,"[[816, 108], [762, 342], [564, 378], [852, 612], [960, 810]]",,[],,0.40124971019072264,0.2642286247844391
570,2,3,9.479000000000042,,13518,"[954, 270]",False,,True,0.0,False,weak,False,"[[816, 102], [762, 336], [564, 372], [852, 606], [960, 804]]",,[],,0.45259035707886575,0.30621568396314636
571,2,3,9.498000000000047,,13518,"[954, 270]",False,,True,0.0,False,weak,False,"[[816, 96], [762, 330], [564, 366], [852, 600], [960, 798]]",,[],,0.450352675786508,0.2568586592768567
572,2,3,9.514000000000124,,13518,"[954, 270]",False,,True,0.0,False,weak,False,"[[816, 90], [762, 324], [564, 360], [852, 594], [960, 792]]",,[],,0.45045301196462234,0.25613351690145136
573,2,3,9.531000000000176,,13518,"[954, 270]",False,,True,0.0,False,weak,False,"[[816, 84], [762, 318], [564, 354], [852, 588], [960, 786]]",,[],,0.4494857110375725,0.2584194528271825
574,2,3,9.547000000000025,,13518,"[954, 270]",False,,True,0.0,False,weak,False,"[[816, 78], [762, 312], [564, 348], [852, 582], [960, 780]]",,[],,0.4494857110375725,0.2584194528271825
575,2,3,9.563000000000102,,13518,"[954, 270]",False,,True,0.0,False,weak,False,"[[816, 72], [762, 306], [564, 342], [852, 576], [960, 774]]",,[],,0.4498457901179954,0.26068808048913306
576,2,3,9.579000000000178,,13518,"[954, 270]",False,,True,0.0,False,weak,False,"[[816, 66], [762, 300], [564, 336], [852, 570], [960, 768]]",,[],,0.44987605980731155,0.2605486173141852
577,2,3,9.596000000000004,,13518,"[954, 270]",False,,True,0.0,False,weak,False,"[[816, 60], [762, 294], [564, 330], [852, 564], [960, 762]]",,[],,0.4044686131041605,0.2637961833256721
578,2,3,9.613000000000056,,13518,"[954, 270]",False,,True,0.0,False,weak,False,"[[816, 54], [762, 288], [564, 324], [852, 558], [960, 756]]",,[],,0.4044686131041605,0.2637961833256721
579,2,3,9.63000000000011,,13518,"[954, 270]",False,,True,0.0,False,weak,False,"[[816, 48], [762, 282], [564, 318], [852, 552], [960, 750]]",,[],,0.45091243881101944,0.2623029204560611
580,2,3,9.646000000000186,,13518,"[954, 270]",False,,True,0.0,False,weak,False,"[[816, 42], [762, 276], [564, 312], [852, 546], [960, 744]]",,[],,0.45091243881101944,0.2623029204560611
581,2,3,9.663000000000011,,13518,"[954, 270]",False,,True,0.0,False,weak,False,"[[816, 36], [762, 270], [564, 306], [852, 540], [960, 738]]",,[],,0.4508013559384013,0.2619755710506584
582,2,3,9.679000000000087,,13518,"[954, 270]",False,,True,0.0,False,weak,False,"[[816, 30], [762, 264], [564, 300], [852, 534], [960, 732]]",,[],,0.4508013559384013,0.2619755710506584
583,2,3,9.695000000000164,,13518,"[954, 270]",False,,True,0.0,False,weak,False,"[[816, 24], [762, 258], [564, 294], [852, 528], [960, 726]]",,[],,0.4544895042419343,0.3091095695171323
584,2,3,9.711000000000013,,13518,"[954, 270]",False,,True,0.0,False,weak,False,"[[816, 18], [762, 252], [564, 288], [852, 522], [960, 720]]",,[],,0.4544895042419343,0.3091095695171323
585,2,3,9.728000000000065,,13518,"[954, 270]",False,,True,0.0,False,weak,False,"[[816, 12], [762, 246], [564, 282], [852, 516], [960, 714]]",,[],,0.44981740797888625,0.26411908514292926
586,2,3,9.745000000000118,,13518,"[954, 270]",False,,True,0.0,False,weak,False,"[[816, 6], [762, 240], [564, 276], [852, 510], [960, 708]]",,[],,0.44990856711027305,0.26721550785492776
587,2,3,9.764000000000124,,13518,"[954, 270]",False,,True,0.0,False,weak,False,"[[816, 0], [762, 234], [564, 270], [852, 504], [960, 702]]",,[],,0.45048838013098863,0.27011824857660305
588,2,3,9.7800000000002,,13518,"[954, 270]",False,,True,0.0,False,weak,False,"[[762, 228], [564, 264], [852, 498], [960, 696]]",,[],,0.45048838013098863,0.27011824857660305
589,2,3,9.799000000000206,,13518,"[954, 270]",False,,True,0.0,False,weak,False,"[[762, 222], [564, 258], [852, 492], [960, 690]]",,[],,0.4567281771813601,0.31463119695405595
590,2,3,9.815000000000055,,13518,"[954, 270]",False,,True,0.0,False,weak,False,"[[762, 216], [564, 252], [852, 486], [960, 684]]",,[],,0.4567281771813601,0.31463119695405595
591,2,3,9.832000000000107,,13518,"[954, 270]",False,,True,0.0,False,weak,False,"[[762, 210], [564, 246], [852, 480], [960, 678]]",,[],,0.45133146152855097,0.2715973076104886
592,2,3,9.84900000000016,,13518,"[954, 270]",False,,True,0.0,False,weak,False,"[[762, 204], [564, 240], [852, 474], [960, 672]]",,[],,0.4475180126570534,0.2545912692499046
593,2,3,9.865999999999985,,13518,"[954, 270]",False,Right,True,0.0,False,weak,False,"[[762, 198], [564, 234], [852, 468], [960, 666]]",,[],,0.44669949091606187,0.2523646635994675
594,2,3,9.884000000000015,,13518,"[954, 270]",False,Right,True,0.0,False,weak,False,"[[756, 192], [558, 228], [846, 462], [954, 660]]",,[],,0.44669949091606187,0.2523646635994675
595,2,3,9.901000000000067,,13518,"[954, 270]",False,Right,True,0.0,False,weak,False,"[[750, 186], [552, 222], [840, 456], [948, 654]]",,[],,0.3893297175124,0.28370710919399855
596,2,3,9.917000000000144,,13518,"[954, 270]",False,Right,True,0.0,False,weak,False,"[[744, 180], [546, 216], [834, 450], [942, 648]]",,[],,0.3893297175124,0.28370710919399855
597,2,3,9.935000000000173,,13518,"[954, 270]",False,Right,True,0.0,False,weak,False,"[[738, 174], [540, 210], [828, 444], [936, 642]]",,[],,0.44476917223882334,0.2516400743829912
598,2,3,9.951999999999998,,13518,"[954, 270]",False,Right,True,0.0,False,weak,False,"[[732, 168], [534, 204], [822, 438], [930, 636]]",,[],,0.44476917223882334,0.2516400743829912
599,2,3,9.969000000000051,,13518,"[954, 270]",False,Right,True,0.0,False,weak,False,"[[726, 162], [528, 198], [816, 432], [924, 630]]",,[],,0.4445519363470293,0.25459038223826
600,2,3,9.986000000000104,,13518,"[954, 270]",False,,True,0.0,False,weak,False,"[[720, 156], [522, 192], [810, 426], [918, 624]]",,[],,0.4445519363470293,0.25459038223826
601,2,3,10.00500000000011,,13518,"[954, 270]",False,,True,0.0,False,weak,False,"[[720, 150], [522, 186], [810, 420], [918, 618]]",,[],,0.4435750230173111,0.2563040413696459
602,2,3,10.019000000000005,,13518,"[954, 270]",False,,True,0.0,False,weak,False,"[[720, 144], [522, 180], [810, 414], [918, 612]]",,[],,0.4435750230173111,0.2563040413696459
603,2,3,10.035000000000082,,13518,"[954, 270]",False,,True,0.0,False,weak,False,"[[720, 138], [522, 174], [810, 408], [918, 606]]",,[],,0.4432042762762056,0.2568083621236146
604,2,3,10.053000000000111,,13518,"[954, 270]",False,,True,0.0,False,weak,False,"[[720, 132], [522, 168], [810, 402], [918, 600]]",,[],,0.4432042762762056,0.2568083621236146
605,2,3,10.070000000000164,,13518,"[954, 270]",False,,True,0.0,False,weak,False,"[[720, 126], [522, 162], [810, 396], [918, 594]]",,[],,0.44259739251463026,0.2581101220975305
606,2,3,10.086999999999989,,13518,"[954, 270]",False,,True,0.0,False,weak,False,"[[720, 120], [522, 156], [810, 390], [918, 588]]",,[],,0.44259739251463026,0.2581101220975305
607,2,3,10.105000000000018,,13518,"[954, 270]",False,,True,0.0,False,weak,False,"[[720, 114], [522, 150], [810, 384], [918, 582]]",,[],,0.3875529113552896,0.28291745565322923
608,2,3,10.122000000000071,,13518,"[954, 270]",False,,True,0.0,False,weak,False,"[[720, 108], [522, 144], [810, 378], [918, 576]]",,[],,0.3875529113552896,0.28291745565322923
609,2,3,10.1400000000001,,13518,"[954, 270]",False,,True,0.0,False,weak,False,"[[720, 102], [522, 138], [810, 372], [918, 570]]",,[],,0.3884553881889527,0.2827942721939152
610,2,3,10.157000000000153,,13518,"[954, 270]",False,,True,0.0,False,weak,False,"[[720, 96], [522, 132], [810, 366], [918, 564]]",,[],,0.3884553881889527,0.2827942721939152
611,2,3,10.175000000000182,,13518,"[954, 270]",False,,True,0.0,False,weak,False,"[[720, 90], [522, 126], [810, 360], [918, 558]]",,[],,0.4425621359152053,0.26359453861891846
612,2,3,10.191000000000031,,13518,"[954, 270]",False,,True,0.0,False,weak,False,"[[720, 84], [522, 120], [810, 354], [918, 552]]",,[],,0.4425621359152053,0.26359453861891846
613,2,3,10.207000000000107,,13518,"[954, 270]",False,,True,0.0,False,weak,False,"[[720, 78], [522, 114], [810, 348], [918, 546]]",,"[[330, 810]]",,0.4418510429535458,0.2652301993503601
614,2,3,10.22400000000016,,13518,"[954, 270]",False,,True,0.0,False,weak,False,"[[720, 72], [522, 108], [810, 342], [918, 540]]",,"[[330, 804]]",,0.4418510429535458,0.2652301993503601
615,2,3,10.240000000000009,,13518,"[954, 270]",False,,True,0.0,False,weak,False,"[[720, 66], [522, 102], [810, 336], [918, 534]]",,"[[330, 798]]",,0.4413468164323137,0.2661471645264142
616,2,3,10.256000000000085,,13518,"[954, 270]",False,,True,0.0,False,weak,False,"[[720, 60], [522, 96], [810, 330], [918, 528]]",,"[[330, 792]]",,0.4413468164323137,0.2661471645264142
617,2,3,10.273000000000138,,13518,"[954, 270]",False,,True,0.0,False,weak,False,"[[720, 54], [522, 90], [810, 324], [918, 522]]",,"[[330, 786]]",,0.44105516466704014,0.26804115981730026
618,2,3,10.290000000000191,,13518,"[954, 270]",False,,True,0.0,False,weak,False,"[[720, 48], [522, 84], [810, 318], [918, 516]]",,"[[330, 780]]",,0.44105516466704014,0.26804115981730026
619,2,3,10.309000000000196,,13518,"[954, 270]",False,,True,0.0,False,weak,False,"[[720, 42], [522, 78], [810, 312], [918, 510]]",,"[[330, 774]]",,0.43358938215889087,0.2507807245926952
620,2,3,10.326000000000022,,13518,"[954, 270]",False,,True,0.0,False,weak,False,"[[720, 36], [522, 72], [810, 306], [918, 504]]",,"[[330, 768]]",,0.43358938215889087,0.2507807245926952
621,2,3,10.343000000000075,,13518,"[954, 270]",False,,True,0.0,False,weak,False,"[[720, 30], [522, 66], [810, 300], [918, 498]]",,"[[330, 762]]",,0.4328478767932067,0.24617155323148399
622,2,3,10.359000000000151,,13518,"[954, 270]",False,,True,0.0,False,weak,False,"[[720, 24], [522, 60], [810, 294], [918, 492]]",,"[[330, 756]]",,0.4328478767932067,0.24617155323148399
623,2,3,10.37700000000018,,13518,"[954, 270]",False,Left,True,0.0,False,weak,False,"[[720, 18], [522, 54], [810, 288], [918, 486]]",,"[[336, 750]]",,0.43276087620802006,0.244719895121704
624,2,3,10.393000000000029,,13518,"[954, 270]",False,Left,True,0.0,False,weak,False,"[[726, 12], [528, 48], [816, 282], [924, 480]]",,"[[342, 744]]",,0.43276087620802006,0.244719895121704
625,2,3,10.412000000000035,,13518,"[954, 270]",False,Left,True,0.0,False,weak,False,"[[732, 6], [534, 42], [822, 276], [930, 474]]",,"[[348, 738]]",,0.4337165888472211,0.244409473462458
626,2,3,10.429000000000087,,13518,"[954, 270]",False,Left,True,0.0,False,weak,False,"[[738, 0], [540, 36], [828, 270], [936, 468]]",,"[[354, 732]]",,0.4348251623757016,0.2457216601209128
627,2,3,10.445000000000164,,13518,"[954, 270]",False,Left,True,0.0,False,weak,False,"[[546, 30], [834, 264], [942, 462]]",,"[[360, 726]]",,0.4346896656871377,0.24626313741946548
628,2,3,10.461999999999989,,13518,"[954, 270]",False,Left,True,0.0,False,weak,False,"[[552, 24], [840, 258], [948, 456]]",,"[[366, 720]]",,0.4346896656871377,0.24626313741946548
629,2,3,10.480000000000018,,13518,"[954, 270]",False,Left,True,0.0,False,weak,False,"[[558, 18], [846, 252], [954, 450]]",,"[[372, 714]]",,0.4368239788216989,0.2521741214229434
630,2,3,10.497000000000071,,13518,"[954, 270]",False,Left,True,0.0,False,weak,False,"[[564, 12], [852, 246], [960, 444]]",,"[[378, 708]]",,0.43664613325847873,0.25368263316404105
631,2,3,10.513000000000147,,13518,"[954, 270]",False,Left,True,0.0,False,weak,False,"[[570, 6], [858, 240], [966, 438]]",,"[[384, 702]]",,0.4367065801871074,0.2544833216793555
632,2,3,10.528999999999996,,13518,"[954, 270]",False,Left,True,0.0,False,weak,False,"[[576, 0], [864, 234], [972, 432]]",,"[[390, 696]]",,0.4367065801871074,0.2544833216793555
633,2,3,10.547000000000025,,13518,"[954, 270]",False,Left,True,0.0,False,weak,False,"[[870, 228], [978, 426]]",,"[[396, 690]]",,0.4375818669993084,0.25660009818529406
634,2,3,10.564000000000078,,13518,"[954, 270]",False,Left,True,0.0,False,weak,False,"[[876, 222], [984, 420]]",,"[[402, 684]]",,0.4382064360336231,0.2578365379058971
635,2,3,10.581000000000131,,13518,"[954, 270]",False,Left,True,0.0,False,weak,False,"[[882, 216], [990, 414], [918, 810]]",,"[[408, 678]]",,0.4381176337072345,0.25943479334436037
636,2,3,10.598000000000184,,13518,"[954, 270]",False,Left,True,0.0,False,weak,False,"[[888, 210], [996, 408], [924, 804]]",,"[[414, 672]]",,0.43810191374563023,0.26120389779298925
637,2,3,10.614000000000033,,13518,"[954, 270]",False,Left,True,0.0,False,weak,False,"[[894, 204], [1002, 402], [930, 798]]",,"[[420, 666]]",,0.4388777487670762,0.26218120337481143
638,2,3,10.631000000000085,,13518,"[954, 270]",False,Left,True,0.0,False,weak,False,"[[900, 198], [1008, 396], [936, 792]]",,"[[426, 660]]",,0.4389977433510649,0.26257070976677443
639,2,3,10.649000000000115,,13518,"[954, 270]",False,Left,True,0.0,False,weak,False,"[[906, 192], [1014, 390], [942, 786]]",,"[[432, 654]]",,0.4395567623193049,0.26494099997169407
640,2,3,10.667000000000144,,13518,"[954, 270]",False,Left,True,0.0,False,weak,False,"[[912, 186], [1020, 384], [948, 780]]",,"[[438, 648]]",,0.44014012448635587,0.2666140212665419
641,2,3,10.682999999999993,,13518,"[954, 270]",False,Left,True,0.0,False,weak,False,"[[918, 180], [1026, 378], [954, 774]]",,"[[444, 642]]",,0.44014012448635587,0.2666140212665419
642,2,3,10.700000000000045,,13518,"[954, 270]",False,Left,True,0.0,False,weak,False,"[[924, 174], [1032, 372], [960, 768]]",,"[[450, 636]]",,0.3962547232324464,0.2592212527782678
643,2,3,10.716000000000122,,13518,"[954, 270]",False,Left,True,0.0,False,weak,False,"[[930, 168], [1038, 366], [966, 762]]",,"[[456, 630]]",,0.3962547232324464,0.2592212527782678
644,2,3,10.733000000000175,,13518,"[954, 270]",False,Left,True,0.0,False,weak,False,"[[936, 162], [1044, 360], [972, 756]]",,"[[462, 624]]",,0.44141717526622515,0.2719130061303531
645,2,3,10.749000000000024,,13518,"[954, 270]",False,Left,True,0.0,False,weak,False,"[[942, 156], [1050, 354], [978, 750]]",,"[[468, 618]]",,0.4425578687499575,0.27411320708424747
646,2,3,10.767000000000053,,13518,"[954, 270]",False,Left,True,0.0,False,weak,False,"[[948, 150], [1056, 348], [984, 744]]",,"[[474, 612]]",,0.44252010284113974,0.274791725534985
647,2,3,10.78300000000013,,13518,"[954, 270]",False,Left,True,0.0,False,weak,False,"[[954, 144], [1062, 342], [990, 738]]",,"[[480, 606]]",,0.44252010284113974,0.274791725534985
648,2,3,10.800000000000182,,13518,"[954, 270]",False,Left,True,0.0,False,weak,False,"[[960, 138], [1068, 336], [996, 732]]",,"[[486, 600]]",,0.44286649036414544,0.27494448148061856
649,2,3,10.816000000000031,,13518,"[954, 270]",False,Left,True,0.0,False,weak,False,"[[966, 132], [1074, 330], [1002, 726]]",,"[[492, 594]]",,0.43533205010624654,0.25132818801607104
650,2,3,10.833000000000084,,13518,"[954, 270]",False,,True,0.0,False,weak,False,"[[972, 126], [1080, 324], [1008, 720]]",,"[[492, 588]]",,0.4357326672756393,0.2520630679263475
651,2,3,10.850000000000136,,13518,"[954, 270]",False,,True,0.0,False,weak,False,"[[972, 120], [1080, 318], [1008, 714]]",,"[[492, 582]]",,0.43616520093280886,0.2512852411268338
652,2,3,10.865000000000009,,13518,"[954, 270]",False,,True,0.0,False,weak,False,"[[972, 114], [1080, 312], [1008, 708]]",,"[[492, 576]]",,0.43571644322124514,0.25065370059457137
653,2,3,10.882000000000062,,13518,"[954, 270]",False,,True,0.0,False,weak,False,"[[972, 108], [1080, 306], [1008, 702]]",,"[[492, 570]]",,0.4350639875121541,0.24949231536978245
654,2,3,10.899000000000115,,13518,"[954, 270]",False,,True,0.0,False,weak,False,"[[972, 102], [1080, 300], [1008, 696]]",,"[[492, 564]]",,0.4351326927948428,0.25013044901602666
655,2,3,10.916000000000167,,13518,"[954, 270]",False,,True,0.0,False,weak,False,"[[972, 96], [1080, 294], [1008, 690]]",,"[[492, 558]]",,0.4355552636300201,0.2499688995413757
656,2,3,10.932999999999993,,13518,"[954, 270]",False,Right,True,0.0,False,weak,False,"[[972, 90], [1080, 288], [1008, 684]]",,"[[486, 552]]",,0.4354939014558227,0.2501062163595493
657,2,3,10.950000000000045,,13518,"[954, 270]",False,Right,True,0.0,False,weak,False,"[[966, 84], [1074, 282], [1002, 678]]",,"[[480, 546]]",,0.43552630873606796,0.25283731912374086
658,2,3,10.968000000000075,,13518,"[954, 270]",False,Right,True,0.0,False,weak,False,"[[960, 78], [1068, 276], [996, 672]]",,"[[474, 540]]",,0.43575049612950867,0.2530762295895471
659,2,3,10.986000000000104,,13518,"[954, 270]",False,Right,True,0.0,False,weak,False,"[[954, 72], [1062, 270], [990, 666]]",,"[[468, 534]]",,0.43658582170635835,0.25593503059988065
660,2,3,11.00200000000018,,13518,"[954, 270]",False,Right,True,0.0,False,weak,False,"[[948, 66], [1056, 264], [984, 660]]",,"[[462, 528]]",,0.43690958476626873,0.25765719245966556
661,2,3,11.021000000000186,,13518,"[954, 270]",False,,True,0.0,False,weak,False,"[[942, 60], [1050, 258], [978, 654]]",,"[[462, 522]]",,0.4372346337515034,0.2599434803071181
662,2,3,11.037000000000035,,13518,"[954, 270]",False,,True,0.0,False,weak,False,"[[942, 54], [1050, 252], [978, 648]]",,"[[462, 516]]",,0.43825910893556436,0.26279650125576004
663,2,3,11.053000000000111,,13518,"[954, 270]",False,,True,0.0,False,weak,False,"[[942, 48], [1050, 246], [978, 642]]",,"[[462, 510]]",,0.43825910893556436,0.26279650125576004
664,2,3,11.070000000000164,,13518,"[954, 270]",False,,True,0.0,False,weak,False,"[[942, 42], [1050, 240], [978, 636]]",,"[[462, 504]]",,0.4393782588094625,0.2651769793816985
665,2,3,11.086999999999989,,13518,"[954, 270]",False,,True,0.0,False,weak,False,"[[942, 36], [1050, 234], [978, 630]]",,"[[462, 498]]",,0.39856044530816864,0.2574978308509134
666,2,3,11.103000000000065,,13518,"[954, 270]",False,,True,0.0,False,weak,False,"[[942, 30], [1050, 228], [978, 624]]",,"[[462, 492]]",,0.4394541158354806,0.26803990100980146
667,2,3,11.120000000000118,,13518,"[954, 270]",False,,True,0.0,False,weak,False,"[[942, 24], [1050, 222], [978, 618]]",,"[[462, 486]]",,0.41298546835926475,0.27870170043726716
668,2,3,11.136000000000195,,13518,"[954, 270]",False,,True,0.0,False,weak,False,"[[942, 18], [1050, 216], [978, 612]]",,"[[462, 480]]",,0.4399878544474453,0.27132492316868495
669,2,3,11.15300000000002,,13518,"[954, 270]",False,Left,True,0.0,False,weak,False,"[[942, 12], [1050, 210], [978, 606]]",,"[[468, 474]]",,0.4399878544474453,0.27132492316868495
670,2,3,11.170000000000073,,13518,"[954, 270]",False,Left,True,0.0,False,weak,False,"[[948, 6], [1056, 204], [984, 600]]",,"[[474, 468]]",,0.43960243978380065,0.2724569300392875
671,2,3,11.187000000000126,,13518,"[954, 270]",False,Left,True,0.0,False,weak,False,"[[954, 0], [1062, 198], [990, 594]]",,"[[480, 462]]",,0.4399210538822234,0.27498146031361637
672,2,3,11.203000000000202,,13518,"[954, 270]",False,Left,True,0.0,False,weak,False,"[[1068, 192], [996, 588]]",,"[[486, 456]]",,0.44038432265615024,0.27627838755164535
673,2,3,11.219000000000051,,13518,"[954, 270]",False,Left,True,0.0,False,weak,False,"[[1074, 186], [1002, 582]]",,"[[492, 450]]",,0.440553928755165,0.2769109186993136
674,2,3,11.235000000000127,,13518,"[954, 270]",False,Left,True,0.0,False,weak,False,"[[1080, 180], [1008, 576]]",,"[[498, 444]]",,0.440553928755165,0.2769109186993136
675,2,3,11.25500000000011,,13518,"[954, 270]",False,Left,True,0.0,False,weak,False,"[[1086, 174], [1014, 570]]",,"[[504, 438]]",,0.4400500192715279,0.27799732568675795
676,2,3,11.27000000000021,,13518,"[954, 270]",False,Left,True,0.0,False,weak,False,"[[1092, 168], [1020, 564]]",,"[[510, 432]]",,0.43955087269587845,0.27943994689470486
677,2,3,11.288000000000011,,13518,"[954, 270]",False,Left,True,0.0,False,weak,False,"[[1098, 162], [1026, 558]]",,"[[516, 426]]",,0.4392447268999035,0.2786039861697477
678,2,3,11.305000000000064,,13518,"[954, 270]",False,Left,True,0.0,False,weak,False,"[[1104, 156], [1032, 552]]",,"[[522, 420]]",,0.4180905712125025,0.27766214964597524
679,2,3,11.322000000000116,,13518,"[954, 270]",False,Left,True,0.0,False,weak,False,"[[1110, 150], [1038, 546]]",,"[[528, 414]]",,0.4180905712125025,0.27766214964597524
680,2,3,11.338000000000193,,13518,"[954, 270]",False,Left,True,0.0,False,weak,False,"[[1116, 144], [1044, 540]]",,"[[534, 408]]",,0.4380335196018782,0.25359120367763144
681,2,3,11.355999999999995,,13518,"[954, 270]",False,Left,True,0.0,False,weak,False,"[[1122, 138], [1050, 534]]",,"[[540, 402]]",,0.43875750456918394,0.2535263935291634
682,2,3,11.374000000000024,,13518,"[954, 270]",False,Left,True,0.0,False,weak,False,"[[1128, 132], [1056, 528]]",,"[[546, 396]]",,0.43875750456918394,0.2535263935291634
683,2,3,11.392000000000053,,13518,"[954, 270]",False,Left,True,0.0,False,weak,False,"[[1134, 126], [1062, 522], [1134, 810]]",,"[[552, 390]]",,0.4403698994268802,0.25393022151918454
684,2,3,11.40800000000013,,13518,"[954, 270]",False,Left,True,0.0,False,weak,False,"[[1140, 120], [1068, 516], [1140, 804]]",,"[[558, 384]]",,0.44175735128740784,0.2561203167291498
685,2,3,11.426000000000158,,13518,"[954, 270]",False,Left,True,0.0,False,weak,False,"[[1146, 114], [1074, 510], [1146, 798]]",,"[[564, 378]]",,0.44175735128740784,0.2561203167291498
686,2,3,11.442999999999984,,13518,"[954, 270]",False,Left,True,0.0,False,weak,False,"[[1152, 108], [1080, 504], [1152, 792]]",,"[[570, 372]]",,0.4423567332432584,0.259735924353098
687,2,3,11.45900000000006,,13518,"[954, 270]",False,Left,True,0.0,False,weak,False,"[[1158, 102], [1086, 498], [1158, 786]]",,"[[576, 366]]",,0.44209205725404715,0.25978878779667036
688,2,3,11.47700000000009,,13518,"[954, 270]",False,Left,True,0.0,False,weak,False,"[[1164, 96], [1092, 492], [1164, 780]]",,"[[582, 360]]",,0.4425499673314131,0.26058219312586217
689,2,3,11.493000000000166,,13518,"[954, 270]",False,Left,True,0.0,False,weak,False,"[[1170, 90], [1098, 486], [1170, 774], [1332, 810]]",,"[[588, 354]]",,0.4425499673314131,0.26058219312586217
690,2,3,11.509999999999991,,13518,"[954, 270]",False,Left,True,0.0,False,weak,False,"[[1176, 84], [1104, 480], [1176, 768], [1338, 804]]",,"[[594, 348]]",,0.4430450219905899,0.2606034279099253
691,2,3,11.526000000000067,,13518,"[954, 270]",False,Left,True,0.0,False,weak,False,"[[1182, 78], [1110, 474], [1182, 762], [1344, 798]]",,"[[600, 342]]",,0.4430450219905899,0.2606034279099253
692,2,3,11.544000000000096,,13518,"[954, 270]",False,Left,True,0.0,False,weak,False,"[[1188, 72], [1116, 468], [1188, 756], [1350, 792]]",,"[[606, 336]]",,0.4174622530222102,0.28728689069973934
693,2,3,11.56100000000015,,13518,"[954, 270]",False,Left,True,0.0,False,weak,False,"[[1194, 66], [1122, 462], [1194, 750], [1356, 786]]",,"[[612, 330]]",,0.4174622530222102,0.28728689069973934
694,2,3,11.579000000000178,,13518,"[954, 270]",False,Left,True,0.0,False,weak,False,"[[1200, 60], [1128, 456], [1200, 744], [1362, 780]]",,"[[618, 324]]",,0.4444123541516848,0.26681588919340793
695,2,3,11.596000000000004,,13518,"[954, 270]",False,,True,0.0,False,weak,False,"[[1206, 54], [1134, 450], [1206, 738], [1368, 774], [846, 810]]",,"[[618, 318]]",,0.4444123541516848,0.26681588919340793
696,2,3,11.613000000000056,,13518,"[954, 270]",False,,True,0.0,False,weak,False,"[[1206, 48], [1134, 444], [1206, 732], [1368, 768], [846, 804]]",,"[[618, 312]]",,0.4440591363276997,0.2532091991631603
697,2,3,11.63000000000011,,13518,"[954, 270]",False,,True,-1.0,False,weak,False,"[[1206, 42], [1134, 438], [1206, 726], [1368, 762], [846, 798]]",,"[[618, 306]]",,0.4440591363276997,0.2532091991631603
698,2,3,11.646000000000186,,13518,"[954, 270]",False,,True,-1.0,False,weak,False,"[[1206, 36], [1134, 432], [1206, 720], [1368, 756], [846, 792]]",,"[[612, 300]]",,0.44577471914856537,0.22289457727921635
699,2,3,11.663000000000011,,13518,"[954, 270]",False,,True,-1.0,False,weak,False,"[[1200, 30], [1128, 426], [1200, 714], [1362, 750], [840, 786]]",,"[[606, 294]]",,0.44577471914856537,0.22289457727921635
700,2,3,11.680000000000064,,13518,"[954, 270]",False,,True,-1.0,False,weak,False,"[[1194, 24], [1122, 420], [1194, 708], [1356, 744], [834, 780]]",,"[[600, 288]]",,0.4489037821009686,0.2157910371031666
701,2,3,11.697000000000116,,13518,"[954, 270]",False,,True,-1.0,False,weak,False,"[[1188, 18], [1116, 414], [1188, 702], [1350, 738], [828, 774]]",,"[[594, 282]]",,0.4489037821009686,0.2157910371031666
702,2,3,11.713000000000193,,13518,"[954, 270]",False,,True,-1.0,False,weak,False,"[[1182, 12], [1110, 408], [1182, 696], [1344, 732], [822, 768]]",,"[[588, 276]]",,0.45071032488859697,0.2095430301874861
703,2,3,11.729000000000042,,13518,"[954, 270]",False,,True,-1.0,False,weak,False,"[[1176, 6], [1104, 402], [1176, 690], [1338, 726], [816, 762]]",,"[[582, 270]]",,0.45071032488859697,0.2095430301874861
704,2,3,11.745000000000118,,13518,"[954, 270]",False,,True,-1.0,False,weak,False,"[[1170, 0], [1098, 396], [1170, 684], [1332, 720], [810, 756]]",,"[[576, 264]]",,0.4491645394525013,0.21064682466636253
705,2,3,11.762000000000171,,13518,"[954, 270]",False,,True,-1.0,False,weak,False,"[[1092, 390], [1164, 678], [1326, 714], [804, 750]]",,"[[570, 258]]",,0.4491645394525013,0.21064682466636253
706,2,3,11.7800000000002,,13518,"[954, 270]",False,,True,-1.0,False,weak,False,"[[1086, 384], [1158, 672], [1320, 708], [798, 744]]",,"[[564, 252]]",,0.44998239236578985,0.2135103963413798
707,2,3,11.797000000000025,,13518,"[954, 270]",False,,True,-1.0,False,weak,False,"[[1080, 378], [1152, 666], [1314, 702], [792, 738]]",,"[[558, 246]]",,0.44998239236578985,0.2135103963413798
708,2,3,11.815000000000055,,13518,"[954, 270]",False,,True,-1.0,False,weak,False,"[[1074, 372], [1146, 660], [1308, 696], [786, 732]]",,"[[552, 240]]",,0.45037445830584916,0.21396209583846226
709,2,3,11.832000000000107,,13518,"[954, 270]",False,,True,-1.0,False,weak,False,"[[1068, 366], [1140, 654], [1302, 690], [780, 726]]",,"[[546, 234]]",,0.45037445830584916,0.21396209583846226
710,2,3,11.84900000000016,,13518,"[954, 270]",False,,True,-1.0,False,weak,False,"[[1062, 360], [1134, 648], [1296, 684], [774, 720]]",,"[[540, 228]]",,0.45330526544539185,0.21693629905077094
711,2,3,11.865000000000009,,13518,"[954, 270]",False,,True,-1.0,False,weak,False,"[[1056, 354], [1128, 642], [1290, 678], [768, 714]]",,"[[534, 222]]",,0.45330526544539185,0.21693629905077094
712,2,3,11.881000000000085,,13518,"[954, 270]",False,,True,-1.0,False,weak,False,"[[1050, 348], [1122, 636], [1284, 672], [762, 708]]",,"[[528, 216]]",,0.45503414821030913,0.22085550693899214
713,2,3,11.897000000000162,,13518,"[954, 270]",False,,True,-1.0,False,weak,False,"[[1044, 342], [1116, 630], [1278, 666], [756, 702]]",,"[[522, 210]]",,0.45503414821030913,0.22085550693899214
714,2,3,11.913999999999987,,13518,"[954, 270]",False,,True,-1.0,False,weak,False,"[[1038, 336], [1110, 624], [1272, 660], [750, 696]]",,"[[516, 204]]",,0.45731843877136197,0.22584360296332262
715,2,3,11.930000000000064,,13518,"[954, 270]",False,,True,-1.0,False,weak,False,"[[1032, 330], [1104, 618], [1266, 654], [744, 690]]",,"[[510, 198]]",,0.45731843877136197,0.22584360296332262
716,2,3,11.94600000000014,,13518,"[954, 270]",False,,True,-1.0,False,weak,False,"[[1026, 324], [1098, 612], [1260, 648], [738, 684]]",,"[[504, 192]]",,0.45730013667490804,0.23220781171935478
717,2,3,11.96400000000017,,13518,"[954, 270]",False,Left,True,-1.0,False,weak,False,"[[1020, 318], [1092, 606], [1254, 642], [732, 678]]",,"[[504, 186]]",,0.45730013667490804,0.23220781171935478
718,2,3,11.980999999999995,,13518,"[954, 270]",False,Left,True,-1.0,False,weak,False,"[[1020, 312], [1092, 600], [1254, 636], [732, 672]]",,"[[504, 180]]",,0.4567384678196128,0.23537708869386775
719,2,3,11.998000000000047,,13518,"[954, 270]",False,Left,True,-1.0,False,weak,False,"[[1020, 306], [1092, 594], [1254, 630], [732, 666]]",,"[[504, 174]]",,0.4567384678196128,0.23537708869386775
720,2,3,12.016000000000076,,13518,"[954, 270]",False,Left,True,-1.0,False,weak,False,"[[1020, 300], [1092, 588], [1254, 624], [732, 660]]",,"[[504, 168]]",,0.45644330728003446,0.23656935831857495
721,2,3,12.032000000000153,,13518,"[954, 270]",False,Left,True,-1.0,False,weak,False,"[[1020, 294], [1092, 582], [1254, 618], [732, 654]]",,"[[504, 162]]",,0.45644330728003446,0.23656935831857495
722,2,3,12.049000000000206,,13518,"[954, 270]",False,Left,True,-1.0,False,weak,False,"[[1020, 288], [1092, 576], [1254, 612], [732, 648]]",,"[[504, 156]]",,0.4563637737894449,0.2394172873966205
723,2,3,12.066000000000031,,13518,"[954, 270]",False,Left,True,-1.0,False,weak,False,"[[1020, 282], [1092, 570], [1254, 606], [732, 642]]",,"[[504, 150]]",,0.4563637737894449,0.2394172873966205
724,2,3,12.08400000000006,,13518,"[954, 270]",False,Left,True,-1.0,False,weak,False,"[[1020, 276], [1092, 564], [1254, 600], [732, 636]]",,"[[504, 144]]",,0.4557761458905342,0.2411522084107337
725,2,3,12.101000000000113,,13518,"[954, 270]",False,Left,True,-1.0,False,weak,False,"[[1020, 270], [1092, 558], [1254, 594], [732, 630], [678, 810]]",,"[[504, 138]]",,0.4557761458905342,0.2411522084107337
726,2,3,12.119000000000142,,13518,"[954, 270]",False,Left,True,-1.0,False,weak,False,"[[1020, 264], [1092, 552], [1254, 588], [732, 624], [678, 804]]",,"[[504, 132]]",,0.4538090250115164,0.24322768987700394
727,2,3,12.134999999999991,,13518,"[954, 270]",False,Left,True,-1.0,False,weak,False,"[[1020, 258], [1092, 546], [1254, 582], [732, 618], [678, 798]]",,"[[504, 126]]",,0.4538090250115164,0.24322768987700394
728,2,3,12.15300000000002,,13518,"[954, 270]",False,Left,True,-1.0,False,weak,False,"[[1020, 252], [1092, 540], [1254, 576], [732, 612], [678, 792]]",,"[[504, 120]]",,0.45222929588554894,0.24380301007113114
729,2,3,12.170000000000073,,13518,"[954, 270]",False,Left,True,-1.0,False,weak,False,"[[1020, 246], [1092, 534], [1254, 570], [732, 606], [678, 786]]",,"[[504, 114]]",,0.4523652440618794,0.24363224288078522
730,2,3,12.189000000000078,,13518,"[954, 270]",False,Left,True,-1.0,False,weak,False,"[[1020, 240], [1092, 528], [1254, 564], [732, 600], [678, 780]]",,"[[504, 108]]",,0.4517055277493114,0.24746564219597278
731,2,3,12.205000000000155,,13518,"[954, 270]",False,Left,True,-1.0,False,weak,False,"[[1020, 234], [1092, 522], [1254, 558], [732, 594], [678, 774]]",,"[[504, 102]]",,0.45123639246215197,0.24598872210023814
732,2,3,12.222000000000207,,13518,"[954, 270]",False,Left,True,-1.0,False,weak,False,"[[1020, 228], [1092, 516], [1254, 552], [732, 588], [678, 768]]",,"[[504, 96]]",,0.45236681429764286,0.2473254725014319
733,2,3,12.239000000000033,,13518,"[954, 270]",False,Left,True,-1.0,False,weak,False,"[[1020, 222], [1092, 510], [1254, 546], [732, 582], [678, 762]]",,"[[504, 90]]",,0.45251400547337034,0.24771313378418003
734,2,3,12.258000000000038,,13518,"[954, 270]",False,Left,True,-1.0,False,weak,False,"[[1020, 216], [1092, 504], [1254, 540], [732, 576], [678, 756]]",,"[[504, 84]]",,0.45387726926411603,0.2521087053804093
735,2,3,12.27800000000002,,13518,"[954, 270]",False,Left,True,-1.0,False,weak,False,"[[1020, 210], [1092, 498], [1254, 534], [732, 570], [678, 750]]",,"[[504, 78]]",,0.45329862430661294,0.25379129674640033
736,2,3,12.294000000000096,,13518,"[954, 270]",False,Left,True,-1.0,False,weak,False,"[[1020, 204], [1092, 492], [1254, 528], [732, 564], [678, 744]]",,"[[504, 72]]",,0.45329862430661294,0.25379129674640033
737,2,3,12.310000000000173,,13518,"[954, 270]",False,Left,True,-1.0,False,weak,False,"[[1020, 198], [1092, 486], [1254, 522], [732, 558], [678, 738]]",,"[[504, 66]]",,0.45300363761715123,0.25530895118315455
738,2,3,12.328000000000202,,13518,"[954, 270]",False,Left,True,-1.0,False,weak,False,"[[1020, 192], [1092, 480], [1254, 516], [732, 552], [678, 732]]",,"[[504, 60]]",,0.4531655248046234,0.2570004408284341
739,2,3,12.344000000000051,,13518,"[954, 270]",False,Left,True,-1.0,False,weak,False,"[[1020, 186], [1092, 474], [1254, 510], [732, 546], [678, 726]]",,"[[504, 54]]",,0.45206930998431094,0.25862450877885634
740,2,3,12.361000000000104,,13518,"[954, 270]",False,Left,True,-1.0,False,weak,False,"[[1020, 180], [1092, 468], [1254, 504], [732, 540], [678, 720], [1182, 810]]",,"[[504, 48]]",,0.45206930998431094,0.25862450877885634
741,2,3,12.37700000000018,,13518,"[954, 270]",False,Left,True,-1.0,False,weak,False,"[[1020, 174], [1092, 462], [1254, 498], [732, 534], [678, 714], [1182, 804]]",,"[[504, 42]]",,0.4513534830654396,0.3123083724626754
742,2,3,12.394000000000005,,13518,"[954, 270]",False,Left,True,-1.0,False,weak,False,"[[1020, 168], [1092, 456], [1254, 492], [732, 528], [678, 708], [1182, 798]]",,"[[504, 36]]",,0.4513534830654396,0.3123083724626754
743,2,3,12.410000000000082,,13518,"[954, 270]",False,Left,True,-1.0,False,weak,False,"[[1020, 162], [1092, 450], [1254, 486], [732, 522], [678, 702], [1182, 792]]",,"[[504, 30]]",,0.45396251235398255,0.2642289885090683
744,2,3,12.427000000000135,,13518,"[954, 270]",False,Left,True,-1.0,False,weak,False,"[[1020, 156], [1092, 444], [1254, 480], [732, 516], [678, 696], [1182, 786]]",,"[[504, 24]]",,0.4540275347456763,0.2642644218965289
745,2,3,12.442999999999984,,13518,"[954, 270]",False,Left,True,-1.0,False,weak,False,"[[1020, 150], [1092, 438], [1254, 474], [732, 510], [678, 690], [1182, 780]]",,"[[504, 18]]",,0.4549190827838395,0.2659278751542723
746,2,3,12.471000000000004,,13518,"[954, 270]",False,,True,-1.0,False,weak,False,"[[1020, 144], [1092, 432], [1254, 468], [732, 504], [678, 684], [1182, 774]]",,"[[498, 12]]",,0.45458666567859785,0.2663968466161908
747,2,3,12.489000000000033,,13518,"[954, 270]",False,,True,-1.0,False,weak,False,"[[1014, 138], [1086, 426], [1248, 462], [726, 498], [672, 678], [1176, 768]]",,"[[492, 6]]",,0.4540031773236211,0.2668175358465027
748,2,3,12.50500000000011,,13518,"[954, 270]",False,,True,0.0,False,weak,False,"[[1008, 132], [1080, 420], [1242, 456], [720, 492], [666, 672], [1170, 762]]",,"[[486, 0]]",,0.4540031773236211,0.2668175358465027
749,2,3,12.522000000000162,,13518,"[954, 270]",False,,True,0.0,False,weak,False,"[[1002, 126], [1074, 414], [1236, 450], [714, 486], [660, 666], [1164, 756]]",,[],,0.44706266216494284,0.24170943652736032
750,2,3,12.538999999999987,,13518,"[954, 270]",False,,True,0.0,False,weak,False,"[[1002, 120], [1074, 408], [1236, 444], [714, 480], [660, 660], [1164, 750]]",,[],,0.4465071177220815,0.23837850486415246
751,2,3,12.555000000000064,,13518,"[954, 270]",False,,True,0.0,False,weak,False,"[[1002, 114], [1074, 402], [1236, 438], [714, 474], [660, 654], [1164, 744]]",,[],,0.4468053659858513,0.2378054860019464
752,2,3,12.57100000000014,,13518,"[954, 270]",False,,True,0.0,False,weak,False,"[[1002, 108], [1074, 396], [1236, 432], [714, 468], [660, 648], [1164, 738]]",,[],,0.4468053659858513,0.2378054860019464
753,2,3,12.590000000000146,,13518,"[954, 270]",False,,True,0.0,False,weak,False,"[[1002, 102], [1074, 390], [1236, 426], [714, 462], [660, 642], [1164, 732]]",,[],,0.44749702100257716,0.23799860268676676
754,2,3,12.607000000000198,,13518,"[954, 270]",False,,True,0.0,False,weak,False,"[[1002, 96], [1074, 384], [1236, 420], [714, 456], [660, 636], [1164, 726]]",,[],,0.4469234851088986,0.23795069551012393
755,2,3,12.623000000000047,,13518,"[954, 270]",False,,True,0.0,False,weak,False,"[[1002, 90], [1074, 378], [1236, 414], [714, 450], [660, 630], [1164, 720]]",,[],,0.448042632958881,0.23846864662599243
756,2,3,12.639000000000124,,13518,"[954, 270]",False,,True,0.0,False,weak,False,"[[1002, 84], [1074, 372], [1236, 408], [714, 444], [660, 624], [1164, 714]]",,[],,0.44820965770187754,0.2389060764985852
757,2,3,12.65800000000013,,13518,"[954, 270]",False,,True,0.0,False,weak,False,"[[1002, 78], [1074, 366], [1236, 402], [714, 438], [660, 618], [1164, 708]]",,[],,0.4482390544909336,0.24190292327184293
758,2,3,12.674000000000206,,13518,"[954, 270]",False,,True,0.0,False,weak,False,"[[1002, 72], [1074, 360], [1236, 396], [714, 432], [660, 612], [1164, 702]]",,[],,0.4481775888305446,0.24280831127966296
759,2,3,12.692999999999984,,13518,"[954, 270]",False,,True,0.0,False,weak,False,"[[1002, 66], [1074, 354], [1236, 390], [714, 426], [660, 606], [1164, 696]]",,[],,0.44812180874732216,0.2444937796729867
760,2,3,12.710000000000036,,13518,"[954, 270]",False,,True,0.0,False,weak,False,"[[1002, 60], [1074, 348], [1236, 384], [714, 420], [660, 600], [1164, 690]]",,[],,0.4483075970527463,0.2469950542082061
761,2,3,12.729000000000042,,13518,"[954, 270]",False,Left,True,0.0,False,weak,False,"[[1002, 54], [1074, 342], [1236, 378], [714, 414], [660, 594], [1164, 684]]",,[],,0.4479376321757302,0.24764664572938733
762,2,3,12.746000000000095,,13518,"[954, 270]",False,Left,True,0.0,False,weak,False,"[[1008, 48], [1080, 336], [1242, 372], [720, 408], [666, 588], [1170, 678]]",,[],,0.4479678204613662,0.2498508741609492
763,2,3,12.763000000000147,,13518,"[954, 270]",False,Left,True,0.0,False,weak,False,"[[1014, 42], [1086, 330], [1248, 366], [726, 402], [672, 582], [1176, 672]]",,[],,0.45088801805594747,0.23730454385507593
764,2,3,12.778999999999996,,13518,"[954, 270]",False,Left,True,0.0,False,weak,False,"[[1020, 36], [1092, 324], [1254, 360], [732, 396], [678, 576], [1182, 666]]",,[],,0.4546898785921754,0.23209073076489806
765,2,3,12.795000000000073,,13518,"[954, 270]",False,Left,True,0.0,False,weak,False,"[[1026, 30], [1098, 318], [1260, 354], [738, 390], [684, 570], [1188, 660]]",,[],,0.45508048083227975,0.2326912449850348
766,2,3,12.813000000000102,,13518,"[954, 270]",False,Left,True,0.0,False,weak,False,"[[1032, 24], [1104, 312], [1266, 348], [744, 384], [690, 564], [1194, 654]]",,[],,0.45411380566164417,0.23078255598956365
767,2,3,12.829000000000178,,13518,"[954, 270]",False,Left,True,0.0,False,weak,False,"[[1038, 18], [1110, 306], [1272, 342], [750, 378], [696, 558], [1200, 648]]",,[],,0.45411380566164417,0.23078255598956365
768,2,3,12.846000000000004,,13518,"[954, 270]",False,Left,True,0.0,False,weak,False,"[[1044, 12], [1116, 300], [1278, 336], [756, 372], [702, 552], [1206, 642]]",,[],,0.45439353488289874,0.2324472244446697
769,2,3,12.864000000000033,,13518,"[954, 270]",False,Left,True,0.0,False,weak,False,"[[1050, 6], [1122, 294], [1284, 330], [762, 366], [708, 546], [1212, 636]]",,[],,0.4545840130776025,0.23376460511502284
770,2,3,12.88000000000011,,13518,"[954, 270]",False,Left,True,0.0,False,weak,False,"[[1056, 0], [1128, 288], [1290, 324], [768, 360], [714, 540], [1218, 630]]",,[],,0.45438050575897726,0.23644103285154783
771,2,3,12.896000000000186,,13518,"[954, 270]",False,Left,True,0.0,False,weak,False,"[[1134, 282], [1296, 318], [774, 354], [720, 534], [1224, 624]]",,[],,0.4548104430066914,0.23777296036472373
772,2,3,12.912000000000035,,13518,"[954, 270]",False,Left,True,0.0,False,weak,False,"[[1140, 276], [1302, 312], [780, 348], [726, 528], [1230, 618]]",,[],,0.45616309277481193,0.2420196549190925
773,2,3,12.929000000000087,,13518,"[954, 270]",False,Left,True,0.0,False,weak,False,"[[1146, 270], [1308, 306], [786, 342], [732, 522], [1236, 612]]",,[],,0.6617131653501176,0.09901761267758058
774,2,3,12.948000000000093,,13518,"[954, 270]",False,,True,0.0,False,weak,False,"[[1152, 264], [1314, 300], [792, 336], [738, 516], [1242, 606]]",,[],,0.45661577788778995,0.24632708807422532
775,2,3,12.96400000000017,,13518,"[954, 270]",False,,True,0.0,False,weak,False,"[[1152, 258], [1314, 294], [792, 330], [738, 510], [1242, 600]]",,[],,0.457059000503682,0.24732709197041503
776,2,3,12.982000000000198,,13518,"[954, 270]",False,,True,0.0,False,weak,False,"[[1152, 252], [1314, 288], [792, 324], [738, 504], [1242, 594], [1008, 810]]",,[],,0.45773829301988994,0.25013107069479146
777,2,3,13.0,,13518,"[954, 270]",False,,True,0.0,False,weak,False,"[[1152, 246], [1314, 282], [792, 318], [738, 498], [1242, 588], [1008, 804]]",,[],,0.45773829301988994,0.25013107069479146
778,2,3,13.017000000000053,,13518,"[954, 270]",False,,True,0.0,False,weak,False,"[[1152, 240], [1314, 276], [792, 312], [738, 492], [1242, 582], [1008, 798]]",,[],,0.4573957685191411,0.25276399935410054
779,2,3,13.035000000000082,,13518,"[954, 270]",False,,True,0.0,False,weak,False,"[[1152, 234], [1314, 270], [792, 306], [738, 486], [1242, 576], [1008, 792]]",,[],,0.4573957685191411,0.25276399935410054
780,2,3,13.053000000000111,,13518,"[954, 270]",False,,True,0.0,False,weak,False,"[[1152, 228], [1314, 264], [792, 300], [738, 480], [1242, 570], [1008, 786]]",,[],,0.6654649440942504,0.09753282906138994
781,2,3,13.069000000000187,,13518,"[954, 270]",False,,True,0.0,False,weak,False,"[[1152, 222], [1314, 258], [792, 294], [738, 474], [1242, 564], [1008, 780]]",,[],,0.6654649440942504,0.09753282906138994
782,2,3,13.086999999999989,,13518,"[954, 270]",False,,True,0.0,False,weak,False,"[[1152, 216], [1314, 252], [792, 288], [738, 468], [1242, 558], [1008, 774]]",,[],,0.457855602128218,0.25848679268466634
783,2,3,13.104000000000042,,13518,"[954, 270]",False,,True,0.0,False,weak,False,"[[1152, 210], [1314, 246], [792, 282], [738, 462], [1242, 552], [1008, 768]]",,[],,0.457855602128218,0.25848679268466634
784,2,3,13.121000000000095,,13518,"[954, 270]",False,,True,0.0,False,weak,False,"[[1152, 204], [1314, 240], [792, 276], [738, 456], [1242, 546], [1008, 762]]",,[],,0.43791286406146374,0.22126350598226008
785,2,3,13.138000000000147,,13518,"[954, 270]",False,,True,0.0,False,weak,False,"[[1152, 198], [1314, 234], [792, 270], [738, 450], [1242, 540], [1008, 756]]",,[],,0.43791286406146374,0.22126350598226008
786,2,3,13.157000000000153,,13518,"[954, 270]",False,,True,0.0,False,weak,False,"[[1152, 192], [1314, 228], [792, 264], [738, 444], [1242, 534], [1008, 750]]",,[],,0.4381414541306584,0.2192781024360645
787,2,3,13.172000000000025,,13518,"[954, 270]",False,,True,0.0,False,weak,False,"[[1152, 186], [1314, 222], [792, 258], [738, 438], [1242, 528], [1008, 744]]",,[],,0.4381414541306584,0.2192781024360645
788,2,3,13.188000000000102,,13518,"[954, 270]",False,,True,0.0,False,weak,False,"[[1152, 180], [1314, 216], [792, 252], [738, 432], [1242, 522], [1008, 738]]",,[],,0.43652875491354104,0.21429190227484174
789,2,3,13.205000000000155,,13518,"[954, 270]",False,,True,0.0,False,weak,False,"[[1152, 174], [1314, 210], [792, 246], [738, 426], [1242, 516], [1008, 732]]",,[],,0.43652875491354104,0.21429190227484174
790,2,3,13.221000000000004,,13518,"[954, 270]",False,,True,0.0,False,weak,False,"[[1152, 168], [1314, 204], [792, 240], [738, 420], [1242, 510], [1008, 726]]",,[],,0.4388504680704449,0.21412560373478995
791,2,3,13.238000000000056,,13518,"[954, 270]",False,,True,0.0,False,weak,False,"[[1152, 162], [1314, 198], [792, 234], [738, 414], [1242, 504], [1008, 720]]",,[],,0.4388504680704449,0.21412560373478995
792,2,3,13.254000000000133,,13518,"[954, 270]",False,,True,0.0,False,weak,False,"[[1152, 156], [1314, 192], [792, 228], [738, 408], [1242, 498], [1008, 714]]",,[],,0.43800722831118816,0.2159238642105158
793,2,3,13.27000000000021,,13518,"[954, 270]",False,,True,0.0,False,weak,False,"[[1152, 150], [1314, 186], [792, 222], [738, 402], [1242, 492], [1008, 708]]",,[],,0.43800722831118816,0.2159238642105158
794,2,3,13.286000000000058,,13518,"[954, 270]",False,,True,0.0,False,weak,False,"[[1152, 144], [1314, 180], [792, 216], [738, 396], [1242, 486], [1008, 702]]",,[],,0.43873943893541023,0.22013871781158734
795,2,3,13.304000000000087,,13518,"[954, 270]",False,,True,0.0,False,weak,False,"[[1152, 138], [1314, 174], [792, 210], [738, 390], [1242, 480], [1008, 696]]",,[],,0.43873943893541023,0.22013871781158734
796,2,3,13.322000000000116,,13518,"[954, 270]",False,,True,0.0,False,weak,False,"[[1152, 132], [1314, 168], [792, 204], [738, 384], [1242, 474], [1008, 690]]",,[],,0.43788737636661806,0.22399101941874877
797,2,3,13.338000000000193,,13518,"[954, 270]",False,,True,0.0,False,weak,False,"[[1152, 126], [1314, 162], [792, 198], [738, 378], [1242, 468], [1008, 684]]",,[],,0.43788737636661806,0.22399101941874877
798,2,3,13.357000000000198,,13518,"[954, 270]",False,,True,0.0,False,weak,False,"[[1152, 120], [1314, 156], [792, 192], [738, 372], [1242, 462], [1008, 678]]",,[],,0.4379156616365453,0.2291059802867088
799,2,3,13.374000000000024,,13518,"[954, 270]",False,,True,0.0,False,weak,False,"[[1152, 114], [1314, 150], [792, 186], [738, 366], [1242, 456], [1008, 672]]",,[],,0.4379156616365453,0.2291059802867088
800,2,3,13.3900000000001,,13518,"[954, 270]",False,,True,0.0,False,weak,False,"[[1152, 108], [1314, 144], [792, 180], [738, 360], [1242, 450], [1008, 666]]",,[],,0.4381254941268485,0.2365093221396971
801,2,3,13.407000000000153,,13518,"[954, 270]",False,,True,0.0,False,weak,False,"[[1152, 102], [1314, 138], [792, 174], [738, 354], [1242, 444], [1008, 660]]",,[],,0.4381254941268485,0.2365093221396971
802,2,3,13.424000000000206,,13518,"[954, 270]",False,,True,0.0,False,weak,False,"[[1152, 96], [1314, 132], [792, 168], [738, 348], [1242, 438], [1008, 654]]",,[],,0.43826100674802565,0.23788454161170025
803,2,3,13.440000000000055,,13518,"[954, 270]",False,,True,0.0,False,weak,False,"[[1152, 90], [1314, 126], [792, 162], [738, 342], [1242, 432], [1008, 648], [1152, 810]]",,[],,0.43826100674802565,0.23788454161170025
804,2,3,13.458000000000084,,13518,"[954, 270]",False,,True,0.0,False,weak,False,"[[1152, 84], [1314, 120], [792, 156], [738, 336], [1242, 426], [1008, 642], [1152, 804]]",,[],,0.4395556876278931,0.23926948094208933
805,2,3,13.475000000000136,,13518,"[954, 270]",False,,True,0.0,False,weak,False,"[[1152, 78], [1314, 114], [792, 150], [738, 330], [1242, 420], [1008, 636], [1152, 798]]",,[],,0.4395556876278931,0.23926948094208933
806,2,3,13.490999999999985,,13518,"[954, 270]",False,,True,0.0,False,weak,False,"[[1152, 72], [1314, 108], [792, 144], [738, 324], [1242, 414], [1008, 630], [1152, 792]]",,[],,0.42441821328828266,0.20308849673099505
807,2,3,13.508000000000038,,13518,"[954, 270]",False,,True,0.0,False,weak,False,"[[1152, 66], [1314, 102], [792, 138], [738, 318], [1242, 408], [1008, 624], [1152, 786]]",,[],,0.42441821328828266,0.20308849673099505
808,2,3,13.525000000000091,,13518,"[954, 270]",False,,True,0.0,False,weak,False,"[[1152, 60], [1314, 96], [792, 132], [738, 312], [1242, 402], [1008, 618], [1152, 780]]",,[],,0.42549980493791734,0.19254268743220093
809,2,3,13.541000000000167,,13518,"[954, 270]",False,,True,0.0,False,weak,False,"[[1152, 54], [1314, 90], [792, 126], [738, 306], [1242, 396], [1008, 612], [1152, 774]]",,[],,0.42549980493791734,0.19254268743220093
810,2,3,13.557999999999993,,13518,"[954, 270]",False,,True,0.0,False,weak,False,"[[1152, 48], [1314, 84], [792, 120], [738, 300], [1242, 390], [1008, 606], [1152, 768]]",,[],,0.4251070177804911,0.1890898779106831
811,2,3,13.575000000000045,,13518,"[954, 270]",False,,True,0.0,False,weak,False,"[[1152, 42], [1314, 78], [792, 114], [738, 294], [1242, 384], [1008, 600], [1152, 762]]",,[],,0.4251070177804911,0.1890898779106831
812,2,3,13.595000000000027,,13518,"[954, 270]",False,,True,0.0,False,weak,False,"[[1152, 36], [1314, 72], [792, 108], [738, 288], [1242, 378], [1008, 594], [1152, 756]]",,[],,0.42644710069776737,0.1890441034523095
813,2,3,13.611000000000104,,13518,"[954, 270]",False,,True,0.0,False,weak,False,"[[1152, 30], [1314, 66], [792, 102], [738, 282], [1242, 372], [1008, 588], [1152, 750]]",,[],,0.42702118714731385,0.18847446883143637
814,2,3,13.62700000000018,,13518,"[954, 270]",False,,True,0.0,False,weak,False,"[[1152, 24], [1314, 60], [792, 96], [738, 276], [1242, 366], [1008, 582], [1152, 744]]",,[],,0.4274539677490793,0.19168972080511848
815,2,3,13.643000000000029,,13518,"[954, 270]",False,,True,0.0,False,weak,False,"[[1152, 18], [1314, 54], [792, 90], [738, 270], [1242, 360], [1008, 576], [1152, 738]]",,[],,0.4274539677490793,0.19168972080511848
816,2,3,13.660000000000082,,13518,"[954, 270]",False,,True,0.0,False,weak,False,"[[1152, 12], [1314, 48], [792, 84], [738, 264], [1242, 354], [1008, 570], [1152, 732]]",,[],,0.4285830782464721,0.19664660900204667
817,2,3,13.677000000000135,,13518,"[954, 270]",False,,True,0.0,False,weak,False,"[[1152, 6], [1314, 42], [792, 78], [738, 258], [1242, 348], [1008, 564], [1152, 726]]",,[],,0.4285830782464721,0.19664660900204667
818,2,3,13.692999999999984,,13518,"[954, 270]",False,,True,0.0,False,weak,False,"[[1152, 0], [1314, 36], [792, 72], [738, 252], [1242, 342], [1008, 558], [1152, 720]]",,[],,0.42927579693806983,0.20032757764014286
819,2,3,13.710000000000036,,13518,"[954, 270]",False,,True,0.0,False,weak,False,"[[1314, 30], [792, 66], [738, 246], [1242, 336], [1008, 552], [1152, 714]]",,[],,0.42927579693806983,0.20032757764014286
820,2,3,13.72700000000009,,13518,"[954, 270]",False,,True,0.0,False,weak,False,"[[1314, 24], [792, 60], [738, 240], [1242, 330], [1008, 546], [1152, 708]]",,[],,0.4279448877350642,0.20389755572478852
821,2,3,13.744000000000142,,13518,"[954, 270]",False,,True,0.0,False,weak,False,"[[1314, 18], [792, 54], [738, 234], [1242, 324], [1008, 540], [1152, 702], [1314, 810]]",,[],,0.4279448877350642,0.20389755572478852
822,2,3,13.761000000000195,,13518,"[954, 270]",False,,True,0.0,False,weak,False,"[[1314, 12], [792, 48], [738, 228], [1242, 318], [1008, 534], [1152, 696], [1314, 804]]",,[],,0.43694734772651234,0.18944957062181922
823,2,3,13.77800000000002,,13518,"[954, 270]",False,,True,0.0,False,weak,False,"[[1314, 6], [792, 42], [738, 222], [1242, 312], [1008, 528], [1152, 690], [1314, 798]]",,[],,0.43791094701405964,0.18899453438582947
824,2,3,13.798000000000002,,13518,"[954, 270]",False,Left,True,0.0,False,weak,False,"[[1314, 0], [792, 36], [738, 216], [1242, 306], [1008, 522], [1152, 684], [1314, 792], [954, 810]]",,[],,0.43913630330505893,0.18780433045490885
825,2,3,13.814000000000078,,13518,"[954, 270]",False,Left,True,0.0,False,weak,False,"[[798, 30], [744, 210], [1248, 300], [1014, 516], [1158, 678], [1320, 786], [960, 804]]",,[],,0.43913630330505893,0.18780433045490885
826,2,3,13.832000000000107,,13518,"[954, 270]",False,Left,True,0.0,False,weak,False,"[[804, 24], [750, 204], [1254, 294], [1020, 510], [1164, 672], [1326, 780], [966, 798]]",,[],,0.44186711401401074,0.18689470484465542
827,2,3,13.848000000000184,,13518,"[954, 270]",False,Left,True,0.0,False,weak,False,"[[810, 18], [756, 198], [1260, 288], [1026, 504], [1170, 666], [1332, 774], [972, 792], [1314, 810]]",,[],,0.4422960698269134,0.18709613982627094
828,2,3,13.864000000000033,,13518,"[954, 270]",False,Left,True,0.0,False,weak,False,"[[816, 12], [762, 192], [1266, 282], [1032, 498], [1176, 660], [1338, 768], [978, 786], [1320, 804]]",,[],,0.4431644573665789,0.1913719955076315
829,2,3,13.88000000000011,,13518,"[954, 270]",False,Left,True,0.0,False,weak,False,"[[822, 6], [768, 186], [1272, 276], [1038, 492], [1182, 654], [1344, 762], [984, 780], [1326, 798]]",,[],,0.44212743815990996,0.19476038872269297
830,2,3,13.897000000000162,,13518,"[954, 270]",False,Left,True,0.0,False,weak,False,"[[828, 0], [774, 180], [1278, 270], [1044, 486], [1188, 648], [1350, 756], [990, 774], [1332, 792]]",,[],,0.4420541119649303,0.19540633568686772
831,2,3,13.912000000000035,,13518,"[954, 270]",False,Left,True,0.0,False,weak,False,"[[780, 174], [1284, 264], [1050, 480], [1194, 642], [1356, 750], [996, 768], [1338, 786]]",,[],,0.4420541119649303,0.19540633568686772
832,2,3,13.932000000000016,,13518,"[954, 270]",False,Left,True,0.0,False,weak,False,"[[786, 168], [1290, 258], [1056, 474], [1200, 636], [1362, 744], [1002, 762], [1344, 780]]",,[],,0.44133249656976303,0.2011149510468322
833,2,3,13.94900000000007,,13518,"[954, 270]",False,Left,True,0.0,False,weak,False,"[[792, 162], [1296, 252], [1062, 468], [1206, 630], [1368, 738], [1008, 756], [1350, 774]]",,[],,0.44110229546036084,0.20068954361435543
834,2,3,13.966000000000122,,13518,"[954, 270]",False,Left,True,0.0,False,weak,False,"[[798, 156], [1302, 246], [1068, 462], [1212, 624], [1374, 732], [1014, 750], [1356, 768]]",,[],,0.4416344525618342,0.2021591390319014
835,2,3,13.983000000000175,,13518,"[954, 270]",False,Left,True,0.0,False,weak,False,"[[804, 150], [1308, 240], [1074, 456], [1218, 618], [1380, 726], [1020, 744], [1362, 762]]",,[],,0.4418410481111167,0.2027144486541581
836,2,3,14.0,,13518,"[954, 270]",False,Left,True,0.0,False,weak,False,"[[810, 144], [1314, 234], [1080, 450], [1224, 612], [1386, 720], [1026, 738], [1368, 756]]",,[],,0.4423614027469549,0.1997239495805676
837,2,3,14.018000000000029,,13518,"[954, 270]",False,Left,True,0.0,False,weak,False,"[[816, 138], [1320, 228], [1086, 444], [1230, 606], [1392, 714], [1032, 732], [1374, 750]]",,[],,0.4427394034834853,0.20217773544087891
838,2,3,14.034000000000106,,13518,"[954, 270]",False,Left,True,0.0,False,weak,False,"[[822, 132], [1326, 222], [1092, 438], [1236, 600], [1398, 708], [1038, 726], [1380, 744]]",,[],,0.44308891198596595,0.20467426550374812
839,2,3,14.050000000000182,,13518,"[954, 270]",False,Left,True,0.0,False,weak,False,"[[828, 126], [1332, 216], [1098, 432], [1242, 594], [1404, 702], [1044, 720], [1386, 738]]",,[],,0.44462121361402884,0.20822531836226865
840,2,3,14.067000000000007,,13518,"[954, 270]",False,Left,True,0.0,False,weak,False,"[[834, 120], [1338, 210], [1104, 426], [1248, 588], [1410, 696], [1050, 714], [1392, 732]]",,[],,0.44427092624686626,0.20951536164488083
841,2,3,14.083000000000084,,13518,"[954, 270]",False,Left,True,0.0,False,weak,False,"[[840, 114], [1344, 204], [1110, 420], [1254, 582], [1416, 690], [1056, 708], [1398, 726]]",,[],,0.44429906254602985,0.21016818130643855
842,2,3,14.100000000000136,,13518,"[954, 270]",False,Left,True,0.0,False,weak,False,"[[846, 108], [1350, 198], [1116, 414], [1260, 576], [1422, 684], [1062, 702], [1404, 720]]",,[],,0.44522734196758107,0.21541429536031986
843,2,3,14.11700000000019,,13518,"[954, 270]",False,,True,0.0,False,weak,False,"[[852, 102], [1356, 192], [1122, 408], [1266, 570], [1428, 678], [1068, 696], [1410, 714]]",,[],,0.445751116723417,0.21679879826012416
844,2,3,14.136000000000195,,13518,"[954, 270]",False,,True,0.0,False,weak,False,"[[852, 96], [1356, 186], [1122, 402], [1266, 564], [1428, 672], [1068, 690], [1410, 708]]",,[],,0.4461629872644389,0.2200335936913046
845,2,3,14.153999999999996,,13518,"[954, 270]",False,,True,0.0,False,weak,False,"[[852, 90], [1356, 180], [1122, 396], [1266, 558], [1428, 666], [1068, 684], [1410, 702]]",,[],,0.4466935276722032,0.223567035017054
846,2,3,14.17100000000005,,13518,"[954, 270]",False,,True,0.0,False,weak,False,"[[852, 84], [1356, 174], [1122, 390], [1266, 552], [1428, 660], [1068, 678], [1410, 696]]",,[],,0.4466935276722032,0.223567035017054
847,2,3,14.187000000000126,,13518,"[954, 270]",False,,True,0.0,False,weak,False,"[[852, 78], [1356, 168], [1122, 384], [1266, 546], [1428, 654], [1068, 672], [1410, 690]]",,[],,0.4460555977500138,0.223991095464535
848,2,3,14.203000000000202,,13518,"[954, 270]",False,,True,0.0,False,weak,False,"[[852, 72], [1356, 162], [1122, 378], [1266, 540], [1428, 648], [1068, 666], [1410, 684]]",,[],,0.4463061195611354,0.22485809800676515
849,2,3,14.219000000000051,,13518,"[954, 270]",False,,True,0.0,False,weak,False,"[[852, 66], [1356, 156], [1122, 372], [1266, 534], [1428, 642], [1068, 660], [1410, 678]]",,[],,0.4465202429529643,0.22477488889685415
850,2,3,14.235000000000127,,13518,"[954, 270]",False,,True,0.0,False,weak,False,"[[852, 60], [1356, 150], [1122, 366], [1266, 528], [1428, 636], [1068, 654], [1410, 672]]",,[],,0.4467921872544358,0.22593287932439787
851,2,3,14.253000000000156,,13518,"[954, 270]",False,,True,0.0,False,weak,False,"[[852, 54], [1356, 144], [1122, 360], [1266, 522], [1428, 630], [1068, 648], [1410, 666]]",,[],,0.4471081945191072,0.22467913849969234
852,2,3,14.271000000000186,,13518,"[954, 270]",False,,True,0.0,False,weak,False,"[[852, 48], [1356, 138], [1122, 354], [1266, 516], [1428, 624], [1068, 642], [1410, 660]]",,[],,0.44880926140852395,0.22808168579479304
853,2,3,14.287000000000035,,13518,"[954, 270]",False,,True,0.0,False,weak,False,"[[852, 42], [1356, 132], [1122, 348], [1266, 510], [1428, 618], [1068, 636], [1410, 654]]",,[],,0.4498136803586676,0.22753919153151436
854,2,3,14.304000000000087,,13518,"[954, 270]",False,,True,0.0,False,weak,False,"[[852, 36], [1356, 126], [1122, 342], [1266, 504], [1428, 612], [1068, 630], [1410, 648]]",,[],,0.44982797993924245,0.22765902117739356
855,2,3,14.322000000000116,,13518,"[954, 270]",False,,True,0.0,False,weak,False,"[[852, 30], [1356, 120], [1122, 336], [1266, 498], [1428, 606], [1068, 624], [1410, 642]]",,[],,0.44918367988871327,0.2292096552598688
856,2,3,14.33900000000017,,13518,"[954, 270]",False,,True,0.0,False,weak,False,"[[852, 24], [1356, 114], [1122, 330], [1266, 492], [1428, 600], [1068, 618], [1410, 636]]",,[],,0.44918367988871327,0.2292096552598688
857,2,3,14.355999999999995,,13518,"[954, 270]",False,,True,0.0,False,weak,False,"[[852, 18], [1356, 108], [1122, 324], [1266, 486], [1428, 594], [1068, 612], [1410, 630]]",,[],,0.44987394225059185,0.23090698534260146
858,2,3,14.372000000000071,,13518,"[954, 270]",False,,True,0.0,False,weak,False,"[[852, 12], [1356, 102], [1122, 318], [1266, 480], [1428, 588], [1068, 606], [1410, 624]]",,[],,0.44987394225059185,0.23090698534260146
859,2,3,14.388000000000147,,13518,"[954, 270]",False,,True,0.0,False,weak,False,"[[852, 6], [1356, 96], [1122, 312], [1266, 474], [1428, 582], [1068, 600], [1410, 618]]",,[],,0.4502979254979319,0.23372088554064196
860,2,3,14.403999999999996,,13518,"[954, 270]",False,,True,0.0,False,weak,False,"[[852, 0], [1356, 90], [1122, 306], [1266, 468], [1428, 576], [1068, 594], [1410, 612]]",,[],,0.4502979254979319,0.23372088554064196
861,2,3,14.420000000000073,,13518,"[954, 270]",False,,True,0.0,False,weak,False,"[[1356, 84], [1122, 300], [1266, 462], [1428, 570], [1068, 588], [1410, 606]]",,[],,0.45174609467825355,0.23571944948921808
862,2,3,14.43600000000015,,13518,"[954, 270]",False,,True,0.0,False,weak,False,"[[1356, 78], [1122, 294], [1266, 456], [1428, 564], [1068, 582], [1410, 600]]",,[],,0.45249981445946796,0.23618454974499314
863,2,3,14.453000000000202,,13518,"[954, 270]",False,,True,0.0,False,weak,False,"[[1356, 72], [1122, 288], [1266, 450], [1428, 558], [1068, 576], [1410, 594]]",,[],,0.4526832843958252,0.2379482374358297
864,2,3,14.469000000000051,,13518,"[954, 270]",False,,True,0.0,False,weak,False,"[[1356, 66], [1122, 282], [1266, 444], [1428, 552], [1068, 570], [1410, 588]]",,[],,0.4597120877011728,0.21262052212941818
865,2,3,14.486000000000104,,13518,"[954, 270]",False,,True,0.0,False,weak,False,"[[1356, 60], [1122, 276], [1266, 438], [1428, 546], [1068, 564], [1410, 582]]",,[],,0.4578953304292329,0.19729111021858914
866,2,3,14.503000000000156,,13518,"[954, 270]",False,,True,0.0,False,weak,False,"[[1356, 54], [1122, 270], [1266, 432], [1428, 540], [1068, 558], [1410, 576]]",,[],,0.45734529368697474,0.19611113353338305
867,2,3,14.52000000000021,,13518,"[954, 270]",False,,True,0.0,False,weak,False,"[[1356, 48], [1122, 264], [1266, 426], [1428, 534], [1068, 552], [1410, 570]]",,[],,0.45765910473676,0.19461081387430879
868,2,3,14.540000000000191,,13518,"[954, 270]",False,Left,True,0.0,False,weak,False,"[[1356, 42], [1122, 258], [1266, 420], [1428, 528], [1068, 546], [1410, 564]]",,[],,0.45772322496579143,0.19628001207124357
869,2,3,14.557000000000016,,13518,"[954, 270]",False,Left,True,0.0,False,weak,False,"[[1362, 36], [1128, 252], [1272, 414], [1434, 522], [1074, 540], [1416, 558]]",,[],,0.45845306714720707,0.1957441652107822
870,2,3,14.573000000000093,,13518,"[954, 270]",False,Left,True,0.0,False,weak,False,"[[1368, 30], [1134, 246], [1278, 408], [1440, 516], [1080, 534], [1422, 552]]",,[],,0.45845306714720707,0.1957441652107822
871,2,3,14.590000000000146,,13518,"[954, 270]",False,Left,True,0.0,False,weak,False,"[[1374, 24], [1140, 240], [1284, 402], [1446, 510], [1086, 528], [1428, 546]]",,[],,0.4597046305733583,0.2028361956469129
872,2,3,14.607000000000198,,13518,"[954, 270]",False,Left,True,0.0,False,weak,False,"[[1380, 18], [1146, 234], [1290, 396], [1452, 504], [1092, 522], [1434, 540]]",,[],,0.4597046305733583,0.2028361956469129
873,2,3,14.623000000000047,,13518,"[954, 270]",False,Left,True,0.0,False,weak,False,"[[1386, 12], [1152, 228], [1296, 390], [1458, 498], [1098, 516], [1440, 534]]",,[],,0.46064621980234033,0.205357911650643
874,2,3,14.641000000000076,,13518,"[954, 270]",False,Left,True,0.0,False,weak,False,"[[1392, 6], [1158, 222], [1302, 384], [1464, 492], [1104, 510], [1446, 528]]",,[],,0.46045973892898884,0.20780916800888594
875,2,3,14.65800000000013,,13518,"[954, 270]",False,Left,True,0.0,False,weak,False,"[[1398, 0], [1164, 216], [1308, 378], [1470, 486], [1110, 504], [1452, 522]]",,[],,0.46135316532226767,0.21258726301484976
876,2,3,14.674000000000206,,13518,"[954, 270]",False,Left,True,0.0,False,weak,False,"[[1170, 210], [1314, 372], [1476, 480], [1116, 498], [1458, 516]]",,[],,0.46135316532226767,0.21258726301484976
877,2,3,14.691000000000031,,13518,"[954, 270]",False,Left,True,0.0,False,weak,False,"[[1176, 204], [1320, 366], [1482, 474], [1122, 492], [1464, 510]]",,[],,0.45369277330393326,0.19130045371376214
878,2,3,14.708000000000084,,13518,"[954, 270]",False,Left,True,0.0,False,weak,False,"[[1182, 198], [1326, 360], [1488, 468], [1128, 486], [1470, 504]]",,[],,0.45369277330393326,0.19130045371376214
879,2,3,14.725000000000136,,13518,"[954, 270]",False,Left,True,0.0,False,weak,False,"[[1188, 192], [1332, 354], [1494, 462], [1134, 480], [1476, 498]]",,[],,0.4500653565691697,0.18574340658042232
880,2,3,14.744000000000142,,13518,"[954, 270]",False,,True,0.0,False,weak,False,"[[1194, 186], [1338, 348], [1500, 456], [1140, 474], [1482, 492]]",,[],,0.4493125552879874,0.18485948262516894
881,2,3,14.759000000000015,,13518,"[954, 270]",False,,True,0.0,False,weak,False,"[[1194, 180], [1338, 342], [1500, 450], [1140, 468], [1482, 486]]",,[],,0.44761556424779014,0.18486721447944232
882,2,3,14.775000000000091,,13518,"[954, 270]",False,,True,0.0,False,weak,False,"[[1194, 174], [1338, 336], [1500, 444], [1140, 462], [1482, 480]]",,[],,0.44761556424779014,0.18486721447944232
883,2,3,14.792000000000144,,13518,"[954, 270]",False,,True,0.0,False,weak,False,"[[1194, 168], [1338, 330], [1500, 438], [1140, 456], [1482, 474]]",,[],,0.4484780119599522,0.18419187946491355
884,2,3,14.807999999999993,,13518,"[954, 270]",False,,True,0.0,False,weak,False,"[[1194, 162], [1338, 324], [1500, 432], [1140, 450], [1482, 468]]",,[],,0.448475134877914,0.1857176301143636
885,2,3,14.82400000000007,,13518,"[954, 270]",False,,True,0.0,False,weak,False,"[[1194, 156], [1338, 318], [1500, 426], [1140, 444], [1482, 462]]",,[],,0.44990345170087354,0.1907444633687937
886,2,3,14.841000000000122,,13518,"[954, 270]",False,,True,0.0,False,weak,False,"[[1194, 150], [1338, 312], [1500, 420], [1140, 438], [1482, 456]]",,[],,0.4497209678014012,0.19200960928369626
887,2,3,14.857000000000198,,13518,"[954, 270]",False,,True,0.0,False,weak,False,"[[1194, 144], [1338, 306], [1500, 414], [1140, 432], [1482, 450]]",,[],,0.45117502237742446,0.19550301748218812
888,2,3,14.873000000000047,,13518,"[954, 270]",False,,True,0.0,False,weak,False,"[[1194, 138], [1338, 300], [1500, 408], [1140, 426], [1482, 444]]",,[],,0.45117502237742446,0.19550301748218812
889,2,3,14.889000000000124,,13518,"[954, 270]",False,,True,0.0,False,weak,False,"[[1194, 132], [1338, 294], [1500, 402], [1140, 420], [1482, 438]]",,[],,0.451983342076972,0.19626253520842374
890,2,3,14.906000000000176,,13518,"[954, 270]",False,,True,0.0,False,weak,False,"[[1194, 126], [1338, 288], [1500, 396], [1140, 414], [1482, 432]]",,[],,0.4518270659569943,0.19878471716094204
891,2,3,14.923000000000002,,13518,"[954, 270]",False,,True,0.0,False,weak,False,"[[1194, 120], [1338, 282], [1500, 390], [1140, 408], [1482, 426]]",,[],,0.45249445533314947,0.19961020626485781
892,2,3,14.942000000000007,,13518,"[954, 270]",False,,True,0.0,False,weak,False,"[[1194, 114], [1338, 276], [1500, 384], [1140, 402], [1482, 420]]",,[],,0.4526905864830767,0.19936334245308174
893,2,3,14.95900000000006,,13518,"[954, 270]",False,,True,0.0,False,weak,False,"[[1194, 108], [1338, 270], [1500, 378], [1140, 396], [1482, 414]]",,[],,0.4534707501479363,0.20229095178611867
894,2,3,14.976000000000113,,13518,"[954, 270]",False,,True,0.0,False,weak,False,"[[1194, 102], [1338, 264], [1500, 372], [1140, 390], [1482, 408]]",,[],,0.4534707501479363,0.20229095178611867
895,2,3,14.990999999999985,,13518,"[954, 270]",False,,True,0.0,False,weak,False,"[[1194, 96], [1338, 258], [1500, 366], [1140, 384], [1482, 402]]",,[],,0.4540097472842051,0.2022438244431909
896,2,3,15.007000000000062,,13518,"[954, 270]",False,,True,0.0,False,weak,False,"[[1194, 90], [1338, 252], [1500, 360], [1140, 378], [1482, 396]]",,[],,0.4541615829141219,0.20403993789976493
897,2,3,15.023000000000138,,13518,"[954, 270]",False,,True,0.0,False,weak,False,"[[1194, 84], [1338, 246], [1500, 354], [1140, 372], [1482, 390]]",,[],,0.45520782721693787,0.20668389121751318
898,2,3,15.040000000000191,,13518,"[954, 270]",False,,True,0.0,False,weak,False,"[[1194, 78], [1338, 240], [1500, 348], [1140, 366], [1482, 384]]",,[],,0.4553237549528621,0.2065167297375372
899,2,3,15.057000000000016,,13518,"[954, 270]",False,,True,0.0,False,weak,False,"[[1194, 72], [1338, 234], [1500, 342], [1140, 360], [1482, 378]]",,[],,0.4546780521964723,0.2070332535167383
900,2,3,15.07400000000007,,13518,"[954, 270]",False,,True,0.0,False,weak,False,"[[1194, 66], [1338, 228], [1500, 336], [1140, 354], [1482, 372]]",,[],,0.45544352928123544,0.20678128969747944
901,2,3,15.090000000000146,,13518,"[954, 270]",False,,True,0.0,False,weak,False,"[[1194, 60], [1338, 222], [1500, 330], [1140, 348], [1482, 366]]",,[],,0.45633505690591736,0.20815362755843803
902,2,3,15.105999999999995,,13518,"[954, 270]",False,,True,0.0,False,weak,False,"[[1194, 54], [1338, 216], [1500, 324], [1140, 342], [1482, 360]]",,[],,0.45625271112949284,0.20780029389888977
903,2,3,15.124000000000024,,13518,"[954, 270]",False,,True,0.0,False,weak,False,"[[1194, 48], [1338, 210], [1500, 318], [1140, 336], [1482, 354]]",,[],,0.45606814107464616,0.20934044315113576
904,2,3,15.141000000000076,,13518,"[954, 270]",False,,True,0.0,False,weak,False,"[[1194, 42], [1338, 204], [1500, 312], [1140, 330], [1482, 348]]",,[],,0.45638296859202765,0.20997834723113162
905,2,3,15.15800000000013,,13518,"[954, 270]",False,,True,0.0,False,weak,False,"[[1194, 36], [1338, 198], [1500, 306], [1140, 324], [1482, 342]]",,[],,0.45626982700372665,0.2131864305745369
906,2,3,15.175000000000182,,13518,"[954, 270]",False,,True,0.0,False,weak,False,"[[1194, 30], [1338, 192], [1500, 300], [1140, 318], [1482, 336]]",,[],,0.4554197453973702,0.21719095529383325
907,2,3,15.192999999999984,,13518,"[954, 270]",False,,True,0.0,False,weak,False,"[[1194, 24], [1338, 186], [1500, 294], [1140, 312], [1482, 330]]",,"[[1656, 810]]",,0.4549542595006596,0.2196096902590129
908,2,3,15.208000000000084,,13518,"[954, 270]",False,,True,0.0,False,weak,False,"[[1194, 18], [1338, 180], [1500, 288], [1140, 306], [1482, 324]]",,"[[1656, 804]]",,0.4549542595006596,0.2196096902590129
909,2,3,15.225000000000136,,13518,"[954, 270]",False,,True,0.0,False,weak,False,"[[1194, 12], [1338, 174], [1500, 282], [1140, 300], [1482, 318]]",,"[[1656, 798]]",,0.455263521214518,0.22593603151740949
910,2,3,15.24200000000019,,13518,"[954, 270]",False,,True,0.0,False,weak,False,"[[1194, 6], [1338, 168], [1500, 276], [1140, 294], [1482, 312]]",,"[[1656, 792]]",,0.4558312446347584,0.2267344744006422
911,2,3,15.258000000000038,,13518,"[954, 270]",False,,True,0.0,False,weak,False,"[[1194, 0], [1338, 162], [1500, 270], [1140, 288], [1482, 306], [978, 810]]",,"[[1656, 786]]",,0.45578300597487276,0.2283359573041862
912,2,3,15.274000000000115,,13518,"[954, 270]",False,,True,0.0,False,weak,False,"[[1338, 156], [1500, 264], [1140, 282], [1482, 300], [978, 804]]",,"[[1656, 780]]",,0.4561976091993441,0.22940730579830226
913,2,3,15.291000000000167,,13518,"[954, 270]",False,,True,0.0,False,weak,False,"[[1338, 150], [1500, 258], [1140, 276], [1482, 294], [978, 798]]",,"[[1656, 774]]",,0.4566162505976944,0.2317839459236598
914,2,3,15.307999999999993,,13518,"[954, 270]",False,,True,0.0,False,weak,False,"[[1338, 144], [1500, 252], [1140, 270], [1482, 288], [978, 792]]",,"[[1656, 768]]",,0.45610223827272217,0.23228605538911495
915,2,3,15.32400000000007,,13518,"[954, 270]",False,,True,0.0,False,weak,False,"[[1338, 138], [1500, 246], [1140, 264], [1482, 282], [978, 786]]",,"[[1656, 762]]",,0.4562551018087042,0.23184331414275938
916,2,3,15.340000000000146,,13518,"[954, 270]",False,,True,0.0,False,weak,False,"[[1338, 132], [1500, 240], [1140, 258], [1482, 276], [978, 780]]",,"[[1656, 756]]",,0.45468518115722734,0.2347092528644119
917,2,3,15.357000000000198,,13518,"[954, 270]",False,,True,0.0,False,weak,False,"[[1338, 126], [1500, 234], [1140, 252], [1482, 270], [978, 774]]",,"[[1656, 750]]",,0.4548669317268759,0.23630656661470018
918,2,3,15.373000000000047,,13518,"[954, 270]",False,,True,0.0,False,weak,False,"[[1338, 120], [1500, 228], [1140, 246], [1482, 264], [978, 768]]",,"[[1656, 744]]",,0.45550489625447027,0.23834091827161552
919,2,3,15.389000000000124,,13518,"[954, 270]",False,,True,0.0,False,weak,False,"[[1338, 114], [1500, 222], [1140, 240], [1482, 258], [978, 762]]",,"[[1656, 738]]",,0.4562197285802182,0.23912066123830866
920,2,3,15.4050000000002,,13518,"[954, 270]",False,,True,0.0,False,weak,False,"[[1338, 108], [1500, 216], [1140, 234], [1482, 252], [978, 756]]",,"[[1656, 732]]",,0.45861020584670786,0.24919224583532884
921,2,3,15.42100000000005,,13518,"[954, 270]",False,,True,0.0,False,weak,False,"[[1338, 102], [1500, 210], [1140, 228], [1482, 246], [978, 750]]",,"[[1656, 726]]",,0.45861020584670786,0.24919224583532884
922,2,3,15.440000000000055,,13518,"[954, 270]",False,,True,0.0,False,weak,False,"[[1338, 96], [1500, 204], [1140, 222], [1482, 240], [978, 744]]",,"[[1656, 720]]",,0.45854352979874663,0.2549000413613235
923,2,3,15.457000000000107,,13518,"[954, 270]",False,,True,0.0,False,weak,False,"[[1338, 90], [1500, 198], [1140, 216], [1482, 234], [978, 738]]",,"[[1656, 714]]",,0.45944555710726326,0.25760657059923975
924,2,3,15.47400000000016,,13518,"[954, 270]",False,,True,0.0,False,weak,False,"[[1338, 84], [1500, 192], [1140, 210], [1482, 228], [978, 732]]",,"[[1656, 708]]",,0.45928648941430755,0.2614731851848343
925,2,3,15.490000000000009,,13518,"[954, 270]",False,,True,0.0,False,weak,False,"[[1338, 78], [1500, 186], [1140, 204], [1482, 222], [978, 726]]",,"[[1656, 702]]",,0.4604412345665459,0.2656917208701246
926,2,3,15.508000000000038,,13518,"[954, 270]",False,,True,0.0,False,weak,False,"[[1338, 72], [1500, 180], [1140, 198], [1482, 216], [978, 720]]",,"[[1656, 696]]",,0.45985291073521617,0.2665678824956166
927,2,3,15.525000000000091,,13518,"[954, 270]",False,,True,0.0,False,weak,False,"[[1338, 66], [1500, 174], [1140, 192], [1482, 210], [978, 714]]",,"[[1656, 690]]",,0.4593522539039139,0.2670627753310947
928,2,3,15.541000000000167,,13518,"[954, 270]",False,,True,0.0,False,weak,False,"[[1338, 60], [1500, 168], [1140, 186], [1482, 204], [978, 708]]",,"[[1656, 684]]",,0.4593656480203815,0.2677052544381747
929,2,3,15.557999999999993,,13518,"[954, 270]",False,,True,0.0,False,weak,False,"[[1338, 54], [1500, 162], [1140, 180], [1482, 198], [978, 702]]",,"[[1656, 678]]",,0.4595081631523968,0.2694038285555026
930,2,3,15.575000000000045,,13518,"[954, 270]",False,,True,0.0,False,weak,False,"[[1338, 48], [1500, 156], [1140, 174], [1482, 192], [978, 696]]",,"[[1656, 672]]",,0.45917660469954724,0.270544030576499
931,2,3,15.591000000000122,,13518,"[954, 270]",False,,True,0.0,False,weak,False,"[[1338, 42], [1500, 150], [1140, 168], [1482, 186], [978, 690]]",,"[[1656, 666]]",,0.45927922186421666,0.2711467647933189
932,2,3,15.607000000000198,,13518,"[954, 270]",False,,True,0.0,False,weak,False,"[[1338, 36], [1500, 144], [1140, 162], [1482, 180], [978, 684], [960, 810]]",,"[[1656, 660]]",,0.45851018429047585,0.27280219297650365
933,2,3,15.624000000000024,,13518,"[954, 270]",False,,True,0.0,False,weak,False,"[[1338, 30], [1500, 138], [1140, 156], [1482, 174], [978, 678], [960, 804]]",,"[[1656, 654]]",,0.4584612733050576,0.27374684311606645
934,2,3,15.642000000000053,,13518,"[954, 270]",False,,True,0.0,False,weak,False,"[[1338, 24], [1500, 132], [1140, 150], [1482, 168], [978, 672], [960, 798]]",,"[[1656, 648]]",,0.458667359349462,0.2753847825957507
935,2,3,15.65800000000013,,13518,"[954, 270]",False,,True,0.0,False,weak,False,"[[1338, 18], [1500, 126], [1140, 144], [1482, 162], [978, 666], [960, 792]]",,"[[1656, 642]]",,0.46116915169168776,0.3231180270977638
936,2,3,15.676000000000158,,13518,"[954, 270]",False,,True,0.0,False,weak,False,"[[1338, 12], [1500, 120], [1140, 138], [1482, 156], [978, 660], [960, 786]]",,"[[1656, 636]]",,0.4593103198916569,0.2752005667643622
937,2,3,15.694000000000187,,13518,"[954, 270]",False,,True,0.0,False,weak,False,"[[1338, 6], [1500, 114], [1140, 132], [1482, 150], [978, 654], [960, 780]]",,"[[1656, 630]]",,0.45935476858125546,0.27586576015663533
938,2,3,15.71400000000017,,13518,"[954, 270]",False,Right,True,0.0,False,weak,False,"[[1338, 0], [1500, 108], [1140, 126], [1482, 144], [978, 648], [960, 774]]",,"[[1650, 624]]",,0.4596196974627099,0.2769539017326491
939,2,3,15.730000000000018,,13518,"[954, 270]",False,Right,True,0.0,False,weak,False,"[[1494, 102], [1134, 120], [1476, 138], [972, 642], [954, 768]]",,"[[1644, 618]]",,0.4612122699839971,0.2785227045399711
940,2,3,15.747000000000071,,13518,"[954, 270]",False,Right,True,0.0,False,weak,False,"[[1488, 96], [1128, 114], [1470, 132], [966, 636], [948, 762]]",,"[[1638, 612]]",,0.4612122699839971,0.2785227045399711
941,2,3,15.764000000000124,,13518,"[954, 270]",False,Right,True,0.0,False,weak,False,"[[1482, 90], [1122, 108], [1464, 126], [960, 630], [942, 756]]",,"[[1632, 606]]",,0.46181806550626997,0.28020825343749434
942,2,3,15.781000000000176,,13518,"[954, 270]",False,Right,True,0.0,False,weak,False,"[[1476, 84], [1116, 102], [1458, 120], [954, 624], [936, 750]]",,"[[1626, 600]]",,0.46241131860738716,0.2812896337457632
943,2,3,15.797000000000025,,13518,"[954, 270]",False,Right,True,0.0,False,weak,False,"[[1470, 78], [1110, 96], [1452, 114], [948, 618], [930, 744]]",,"[[1620, 594]]",,0.46351955644207044,0.28208844907436637
944,2,3,15.814000000000078,,13518,"[954, 270]",False,Right,True,0.0,False,weak,False,"[[1464, 72], [1104, 90], [1446, 108], [942, 612], [924, 738], [1230, 810]]",,"[[1614, 588]]",,0.46351955644207044,0.28208844907436637
945,2,3,15.830000000000155,,13518,"[954, 270]",False,Right,True,0.0,False,weak,False,"[[1458, 66], [1098, 84], [1440, 102], [936, 606], [918, 732], [1224, 804]]",,"[[1608, 582]]",,0.46314344506526883,0.28331794952376155
946,2,3,15.846000000000004,,13518,"[954, 270]",False,Right,True,0.0,False,weak,False,"[[1452, 60], [1092, 78], [1434, 96], [930, 600], [912, 726], [1218, 798]]",,"[[1602, 576]]",,0.46314344506526883,0.28331794952376155
947,2,3,15.86200000000008,,13518,"[954, 270]",False,Right,True,0.0,False,weak,False,"[[1446, 54], [1086, 72], [1428, 90], [924, 594], [906, 720], [1212, 792]]",,"[[1596, 570]]",,0.4642203077630465,0.27678673449236946
948,2,3,15.878000000000156,,13518,"[954, 270]",False,Right,True,0.0,False,weak,False,"[[1440, 48], [1080, 66], [1422, 84], [918, 588], [900, 714], [1206, 786]]",,"[[1590, 564]]",,0.46467087015980163,0.2717497572715374
949,2,3,15.89500000000021,,13518,"[954, 270]",False,Right,True,0.0,False,weak,False,"[[1434, 42], [1074, 60], [1416, 78], [912, 582], [894, 708], [1200, 780]]",,"[[1584, 558]]",,0.46578889558398845,0.2565453322531348
950,2,3,15.911000000000058,,13518,"[954, 270]",False,Right,True,0.0,False,weak,False,"[[1428, 36], [1068, 54], [1410, 72], [906, 576], [888, 702], [1194, 774]]",,"[[1578, 552]]",,0.4652828026270388,0.2570163847148095
951,2,3,15.927000000000135,,13518,"[954, 270]",False,Right,True,0.0,False,weak,False,"[[1422, 30], [1062, 48], [1404, 66], [900, 570], [882, 696], [1188, 768]]",,"[[1572, 546]]",,0.4652636060318474,0.25401534273825943
952,2,3,15.942999999999984,,13518,"[954, 270]",False,Right,True,0.0,False,weak,False,"[[1416, 24], [1056, 42], [1398, 60], [894, 564], [876, 690], [1182, 762]]",,"[[1566, 540]]",,0.46496380905564666,0.25352229240600055
953,2,3,15.960000000000036,,13518,"[954, 270]",False,Right,True,0.0,False,weak,False,"[[1410, 18], [1050, 36], [1392, 54], [888, 558], [870, 684], [1176, 756]]",,"[[1560, 534]]",,0.4649611948203816,0.2535685217718485
954,2,3,15.976000000000113,,13518,"[954, 270]",False,Right,True,0.0,False,weak,False,"[[1404, 12], [1044, 30], [1386, 48], [882, 552], [864, 678], [1170, 750]]",,"[[1554, 528]]",,0.46491928160716833,0.2538401266732624
955,2,3,15.993000000000166,,13518,"[954, 270]",False,Right,True,0.0,False,weak,False,"[[1398, 6], [1038, 24], [1380, 42], [876, 546], [858, 672], [1164, 744]]",,"[[1548, 522]]",,0.46602340422597344,0.25623068981502306
956,2,3,16.00999999999999,,13518,"[954, 270]",False,Right,True,0.0,False,weak,False,"[[1392, 0], [1032, 18], [1374, 36], [870, 540], [852, 666], [1158, 738]]",,"[[1542, 516]]",,0.46616161342850687,0.25768558266627095
957,2,3,16.027000000000044,,13518,"[954, 270]",False,Right,True,0.0,False,weak,False,"[[1026, 12], [1368, 30], [864, 534], [846, 660], [1152, 732]]",,"[[1536, 510]]",,0.46607970547044675,0.257878731081028
958,2,3,16.04300000000012,,13518,"[954, 270]",False,Right,True,0.0,False,weak,False,"[[1020, 6], [1362, 24], [858, 528], [840, 654], [1146, 726]]",,"[[1530, 504]]",,0.4650386655068478,0.3088244099073869
959,2,3,16.060000000000173,,13518,"[954, 270]",False,Right,True,0.0,False,weak,False,"[[1014, 0], [1356, 18], [852, 522], [834, 648], [1140, 720]]",,"[[1524, 498]]",,0.46611550134925517,0.2652830757574284
960,2,3,16.076000000000022,,13518,"[954, 270]",False,Right,True,0.0,False,weak,False,"[[1350, 12], [846, 516], [828, 642], [1134, 714]]",,"[[1518, 492]]",,0.46967762461753776,0.2577540726589629
961,2,3,16.09400000000005,,13518,"[954, 270]",False,Right,True,0.0,False,weak,False,"[[1344, 6], [840, 510], [822, 636], [1128, 708]]",,"[[1512, 486]]",,0.4862870619522231,0.238717762211186
962,2,3,16.111000000000104,,13518,"[954, 270]",False,Right,True,0.0,False,weak,False,"[[1338, 0], [834, 504], [816, 630], [1122, 702]]",,"[[1506, 480]]",,0.4920599746863921,0.23256852241313897
963,2,3,16.12700000000018,,13518,"[954, 270]",False,Right,True,0.0,False,weak,False,"[[828, 498], [810, 624], [1116, 696]]",,"[[1500, 474]]",,0.49135418308223155,0.23429558553321472
964,2,3,16.144000000000005,,13518,"[954, 270]",False,Right,True,0.0,False,weak,False,"[[822, 492], [804, 618], [1110, 690]]",,"[[1494, 468]]",,0.4241240965894108,0.2746053144742826
965,2,3,16.161000000000058,,13518,"[954, 270]",False,Right,True,0.0,False,weak,False,"[[816, 486], [798, 612], [1104, 684]]",,"[[1488, 462]]",,0.4916864951102653,0.23222170905610318
966,2,3,16.177000000000135,,13518,"[954, 270]",False,Right,True,0.0,False,weak,False,"[[810, 480], [792, 606], [1098, 678]]",,"[[1482, 456]]",,0.49169955980279045,0.23388647652397965
967,2,3,16.192999999999984,,13518,"[954, 270]",False,Right,True,0.0,False,weak,False,"[[804, 474], [786, 600], [1092, 672]]",,"[[1476, 450]]",,0.49359581531414526,0.23621009385432812
968,2,3,16.210000000000036,,13518,"[954, 270]",False,Right,True,0.0,False,weak,False,"[[798, 468], [780, 594], [1086, 666]]",,"[[1470, 444]]",,0.4948553536039858,0.23499928594051234
969,2,3,16.229000000000042,,13518,"[954, 270]",False,Right,True,0.0,False,weak,False,"[[792, 462], [774, 588], [1080, 660]]",,"[[1464, 438]]",,0.49503256524351497,0.2358455231230907
970,2,3,16.246000000000095,,13518,"[954, 270]",False,Right,True,0.0,False,weak,False,"[[786, 456], [768, 582], [1074, 654]]",,"[[1458, 432]]",,0.4947182377933033,0.23840315140828017
971,2,3,16.263000000000147,,13518,"[954, 270]",False,Right,True,0.0,False,weak,False,"[[780, 450], [762, 576], [1068, 648]]",,"[[1452, 426]]",,0.4951024224911487,0.2402923804249304
972,2,3,16.2800000000002,,13518,"[954, 270]",False,Right,True,0.0,False,weak,False,"[[774, 444], [756, 570], [1062, 642]]",,"[[1446, 420]]",,0.4949467774962083,0.23988312474473017
973,2,3,16.299000000000206,,13518,"[954, 270]",False,Right,True,0.0,False,weak,False,"[[768, 438], [750, 564], [1056, 636]]",,"[[1440, 414]]",,0.4940244191092996,0.23938956097612174
974,2,3,16.31600000000003,,13518,"[954, 270]",False,Right,True,0.0,False,weak,False,"[[762, 432], [744, 558], [1050, 630]]",,"[[1434, 408]]",,0.49378516881306184,0.23388806462346912
975,2,3,16.333000000000084,,13518,"[954, 270]",False,Right,True,0.0,False,weak,False,"[[756, 426], [738, 552], [1044, 624]]",,"[[1428, 402]]",,0.49274000675733565,0.2296448306147416
976,2,3,16.348000000000184,,13518,"[954, 270]",False,Right,True,0.0,False,weak,False,"[[750, 420], [732, 546], [1038, 618]]",,"[[1422, 396]]",,0.4928077001916221,0.22888588755372807
977,2,3,16.365999999999985,,13518,"[954, 270]",False,Right,True,0.0,False,weak,False,"[[744, 414], [726, 540], [1032, 612]]",,"[[1416, 390]]",,0.49767756744767827,0.20338835103127562
978,2,3,16.382000000000062,,13518,"[954, 270]",False,Right,True,0.0,False,weak,False,"[[738, 408], [720, 534], [1026, 606]]",,"[[1410, 384]]",,0.49767756744767827,0.20338835103127562
979,2,3,16.39800000000014,,13518,"[954, 270]",False,Right,True,0.0,False,weak,False,"[[732, 402], [714, 528], [1020, 600]]",,"[[1404, 378]]",,0.49651802672497813,0.192049917510015
980,2,3,16.413999999999987,,13518,"[954, 270]",False,Right,True,0.0,False,weak,False,"[[726, 396], [708, 522], [1014, 594]]",,"[[1398, 372]]",,0.4969292929355473,0.18928536131544182
981,2,3,16.430000000000064,,13518,"[954, 270]",False,Right,True,0.0,False,weak,False,"[[720, 390], [702, 516], [1008, 588]]",,"[[1392, 366]]",,0.49467982253711906,0.18600609598421636
982,2,3,16.448000000000093,,13518,"[954, 270]",False,Right,True,0.0,False,weak,False,"[[714, 384], [696, 510], [1002, 582]]",,"[[1386, 360]]",,0.49445651965547854,0.1856301479794411
983,2,3,16.46400000000017,,13518,"[954, 270]",False,Right,True,0.0,False,weak,False,"[[708, 378], [690, 504], [996, 576], [798, 810]]",,"[[1380, 354]]",,0.4927784438696786,0.18455356664664113
984,2,3,16.480000000000018,,13518,"[954, 270]",False,Right,True,0.0,False,weak,False,"[[702, 372], [684, 498], [990, 570], [792, 804]]",,"[[1374, 348]]",,0.4908501997039359,0.18774945074117966
985,2,3,16.49700000000007,,13518,"[954, 270]",False,Right,True,0.0,False,weak,False,"[[696, 366], [678, 492], [984, 564], [786, 798]]",,"[[1368, 342]]",,0.49129898237015246,0.19106873883706466
986,2,3,16.51200000000017,,13518,"[954, 270]",False,Right,True,0.0,False,weak,False,"[[690, 360], [672, 486], [978, 558], [780, 792]]",,"[[1362, 336]]",,0.4907900852636818,0.19178876924212174
987,2,3,16.528999999999996,,13518,"[954, 270]",False,Right,True,0.0,False,weak,False,"[[684, 354], [666, 480], [972, 552], [774, 786]]",,"[[1356, 330]]",,0.4909956077412617,0.19198123773812925
988,2,3,16.544000000000096,,13518,"[954, 270]",False,Right,True,0.0,False,weak,False,"[[678, 348], [660, 474], [966, 546], [768, 780]]",,"[[1350, 324]]",,0.4910372646538267,0.19318713935205822
989,2,3,16.562000000000126,,13518,"[954, 270]",False,Right,True,0.0,False,weak,False,"[[672, 342], [654, 468], [960, 540], [762, 774]]",,"[[1344, 318]]",,0.4910372646538267,0.19318713935205822
990,2,3,16.585000000000036,,13518,"[954, 270]",False,Right,True,0.0,False,weak,False,"[[666, 336], [648, 462], [954, 534], [756, 768]]",,"[[1338, 312]]",,0.49040491444682655,0.195929001701157
991,2,3,16.601000000000113,,13518,"[954, 270]",False,Right,True,1.0,False,weak,False,"[[660, 330], [642, 456], [948, 528], [750, 762]]",,"[[1332, 306]]",,0.48819661848721213,0.19859751094359945
992,2,3,16.618000000000166,,13518,"[954, 270]",False,Right,True,1.0,False,weak,False,"[[654, 324], [636, 450], [942, 522], [744, 756]]",,"[[1332, 300]]",,0.48819661848721213,0.19859751094359945
993,2,3,16.63499999999999,,13518,"[954, 270]",False,Right,True,1.0,False,weak,False,"[[654, 318], [636, 444], [942, 516], [744, 750]]",,"[[1332, 294]]",,0.48567386162574994,0.20587377103965943
994,2,3,16.652000000000044,,13518,"[954, 270]",False,Right,True,1.0,False,weak,False,"[[654, 312], [636, 438], [942, 510], [744, 744]]",,"[[1332, 288]]",,0.48547170511982685,0.20661469731238657
995,2,3,16.66800000000012,,13518,"[954, 270]",False,Right,True,1.0,False,weak,False,"[[654, 306], [636, 432], [942, 504], [744, 738]]",,"[[1332, 282]]",,0.484763141449945,0.21161205284276596
996,2,3,16.685000000000173,,13518,"[954, 270]",False,Right,True,1.0,False,weak,False,"[[654, 300], [636, 426], [942, 498], [744, 732]]",,"[[1332, 276]]",,0.48420358783803347,0.21404170004358858
997,2,3,16.700000000000045,,13518,"[954, 270]",False,Right,True,1.0,False,weak,False,"[[654, 294], [636, 420], [942, 492], [744, 726]]",,"[[1332, 270]]",,0.48380418214648147,0.2205243810479629
998,2,3,16.7170000000001,,13518,"[954, 270]",False,Right,True,1.0,False,weak,False,"[[654, 288], [636, 414], [942, 486], [744, 720], [888, 810]]",,"[[1332, 264]]",,0.4835512233453579,0.22155842599000364
999,2,3,16.73400000000015,,13518,"[954, 270]",False,Right,True,1.0,False,weak,False,"[[654, 282], [636, 408], [942, 480], [744, 714], [888, 804]]",,"[[1332, 258]]",,0.4810626655238597,0.2252199377704146
1000,2,3,16.749000000000024,,13518,"[954, 270]",False,Right,True,1.0,False,weak,False,"[[654, 276], [636, 402], [942, 474], [744, 708], [888, 798]]",,"[[1332, 252]]",,0.4810626655238597,0.2252199377704146
1001,2,3,16.767000000000053,,13518,"[954, 270]",False,Right,True,1.0,False,weak,False,"[[654, 270], [636, 396], [942, 468], [744, 702], [888, 792]]",,"[[1332, 246]]",,0.4798824558497052,0.22631748041480004
1002,2,3,16.785000000000082,,13518,"[954, 270]",False,Right,True,1.0,False,weak,False,"[[654, 264], [636, 390], [942, 462], [744, 696], [888, 786]]",,"[[1332, 240]]",,0.4702665676935015,0.21732054191828232
1003,2,3,16.80100000000016,,13518,"[954, 270]",False,Right,True,1.0,False,weak,False,"[[654, 258], [636, 384], [942, 456], [744, 690], [888, 780]]",,"[[1332, 234]]",,0.4618695650841903,0.2044718920515335
1004,2,3,16.819000000000187,,13518,"[954, 270]",False,Right,True,1.0,False,weak,False,"[[654, 252], [636, 378], [942, 450], [744, 684], [888, 774]]",,"[[1332, 228]]",,0.46157300212703545,0.20305920131309363
1005,2,3,16.83400000000006,,13518,"[954, 270]",False,Right,True,1.0,False,weak,False,"[[654, 246], [636, 372], [942, 444], [744, 678], [888, 768]]",,"[[1332, 222]]",,0.46143718791841487,0.20048168460705995
1006,2,3,16.850000000000136,,13518,"[954, 270]",False,Right,True,1.0,False,weak,False,"[[654, 240], [636, 366], [942, 438], [744, 672], [888, 762]]",,"[[1332, 216]]",,0.46070310896670186,0.2003412417761713
1007,2,3,16.86700000000019,,13518,"[954, 270]",False,Right,True,1.0,False,weak,False,"[[654, 234], [636, 360], [942, 432], [744, 666], [888, 756], [708, 810]]",,"[[1332, 210]]",,0.4609798453561691,0.20119772088192622
1008,2,3,16.884000000000015,,13518,"[954, 270]",False,Right,True,1.0,False,weak,False,"[[654, 228], [636, 354], [942, 426], [744, 660], [888, 750], [708, 804]]",,"[[1332, 204]]",,0.4609798453561691,0.20119772088192622
1009,2,3,16.901000000000067,,13518,"[954, 270]",False,Right,True,1.0,False,weak,False,"[[654, 222], [636, 348], [942, 420], [744, 654], [888, 744], [708, 798]]",,"[[1332, 198]]",,0.4632947570590914,0.20613865089078098
1010,2,3,16.920000000000073,,13518,"[954, 270]",False,Right,True,1.0,False,weak,False,"[[654, 216], [636, 342], [942, 414], [744, 648], [888, 738], [708, 792]]",,"[[1332, 192]]",,0.46239190133411145,0.21026282761117188
1011,2,3,16.937000000000126,,13518,"[954, 270]",False,Right,True,1.0,False,weak,False,"[[654, 210], [636, 336], [942, 408], [744, 642], [888, 732], [708, 786]]",,"[[1332, 186]]",,0.4610041685039407,0.2149131526156174
1012,2,3,16.95400000000018,,13518,"[954, 270]",False,Right,True,1.0,False,weak,False,"[[654, 204], [636, 330], [942, 402], [744, 636], [888, 726], [708, 780]]",,"[[1332, 180]]",,0.46061722198322463,0.21579674672948634
1013,2,3,16.973000000000184,,13518,"[954, 270]",False,Right,True,1.0,False,weak,False,"[[654, 198], [636, 324], [942, 396], [744, 630], [888, 720], [708, 774]]",,"[[1332, 174]]",,0.4580940641395642,0.2192633132977848
1014,2,3,16.988000000000056,,13518,"[954, 270]",False,Right,True,1.0,False,weak,False,"[[654, 192], [636, 318], [942, 390], [744, 624], [888, 714], [708, 768]]",,"[[1332, 168]]",,0.4580940641395642,0.2192633132977848
1015,2,3,17.004000000000133,,13518,"[954, 270]",False,Right,True,1.0,False,weak,False,"[[654, 186], [636, 312], [942, 384], [744, 618], [888, 708], [708, 762]]",,"[[1332, 162]]",,0.45676109848195734,0.22372594930959178
1016,2,3,17.021000000000186,,13518,"[954, 270]",False,Right,True,1.0,False,weak,False,"[[654, 180], [636, 306], [942, 378], [744, 612], [888, 702], [708, 756]]",,"[[1332, 156]]",,0.45676109848195734,0.22372594930959178
1017,2,3,17.03800000000001,,13518,"[954, 270]",False,Right,True,1.0,False,weak,False,"[[654, 174], [636, 300], [942, 372], [744, 606], [888, 696], [708, 750]]",,"[[1332, 150]]",,0.4561114524844189,0.22382821682378184
1018,2,3,17.054000000000087,,13518,"[954, 270]",False,,True,1.0,False,weak,False,"[[654, 168], [636, 294], [942, 366], [744, 600], [888, 690], [708, 744]]",,"[[1338, 144]]",,0.45538210994125017,0.2237015917311328
1019,2,3,17.069000000000187,,13518,"[954, 270]",False,,True,1.0,False,weak,False,"[[660, 162], [642, 288], [948, 360], [750, 594], [894, 684], [714, 738]]",,"[[1344, 138]]",,0.4546270311695267,0.22494051463443498
1020,2,3,17.085000000000036,,13518,"[954, 270]",False,,True,1.0,False,weak,False,"[[666, 156], [648, 282], [954, 354], [756, 588], [900, 678], [720, 732]]",,"[[1350, 132]]",,0.454196114318254,0.22557542657577334
1021,2,3,17.10200000000009,,13518,"[954, 270]",False,,True,1.0,False,weak,False,"[[672, 150], [654, 276], [960, 348], [762, 582], [906, 672], [726, 726]]",,"[[1356, 126]]",,0.45360142914959,0.2275579286141315
1022,2,3,17.119000000000142,,13518,"[954, 270]",False,,True,1.0,False,weak,False,"[[678, 144], [660, 270], [966, 342], [768, 576], [912, 666], [732, 720], [696, 810]]",,"[[1362, 120]]",,0.4530180423192422,0.22909475785960576
1023,2,3,17.13700000000017,,13518,"[954, 270]",False,Right,True,1.0,False,weak,False,"[[684, 138], [666, 264], [972, 336], [774, 570], [918, 660], [738, 714], [702, 804]]",,"[[1362, 114]]",,0.45256196776323715,0.23142865636112708
1024,2,3,17.15300000000002,,13518,"[954, 270]",False,Right,True,1.0,False,weak,False,"[[684, 132], [666, 258], [972, 330], [774, 564], [918, 654], [738, 708], [702, 798]]",,"[[1362, 108]]",,0.4526218192177196,0.23158932313186886
1025,2,3,17.170000000000073,,13518,"[954, 270]",False,Right,True,1.0,False,weak,False,"[[684, 126], [666, 252], [972, 324], [774, 558], [918, 648], [738, 702], [702, 792]]",,"[[1362, 102]]",,0.4527209717666435,0.2338964393855093
1026,2,3,17.18600000000015,,13518,"[954, 270]",False,Right,True,1.0,False,weak,False,"[[684, 120], [666, 246], [972, 318], [774, 552], [918, 642], [738, 696], [702, 786]]",,"[[1362, 96]]",,0.4527209717666435,0.2338964393855093
1027,2,3,17.203000000000202,,13518,"[954, 270]",False,Right,True,1.0,False,weak,False,"[[684, 114], [666, 240], [972, 312], [774, 546], [918, 636], [738, 690], [702, 780]]",,"[[1362, 90]]",,0.45218201106599737,0.2354016601831379
1028,2,3,17.220000000000027,,13518,"[954, 270]",False,,True,1.0,False,weak,False,"[[684, 108], [666, 234], [972, 306], [774, 540], [918, 630], [738, 684], [702, 774]]",,"[[1368, 84]]",,0.45170932794405844,0.23733394526982798
1029,2,3,17.236000000000104,,13518,"[954, 270]",False,,True,1.0,False,weak,False,"[[690, 102], [672, 228], [978, 300], [780, 534], [924, 624], [744, 678], [708, 768]]",,"[[1374, 78]]",,0.45168128207407954,0.24031955674042793
1030,2,3,17.25200000000018,,13518,"[954, 270]",False,,True,1.0,False,weak,False,"[[696, 96], [678, 222], [984, 294], [786, 528], [930, 618], [750, 672], [714, 762]]",,"[[1380, 72]]",,0.45174330127370615,0.24029443378692716
1031,2,3,17.269000000000005,,13518,"[954, 270]",False,,True,1.0,False,weak,False,"[[702, 90], [684, 216], [990, 288], [792, 522], [936, 612], [756, 666], [720, 756]]",,"[[1386, 66]]",,0.4513011317418768,0.243002894919903
1032,2,3,17.286000000000058,,13518,"[954, 270]",False,,True,1.0,False,weak,False,"[[708, 84], [690, 210], [996, 282], [798, 516], [942, 606], [762, 660], [726, 750]]",,"[[1392, 60]]",,0.4513086984482517,0.24456826228606898
1033,2,3,17.30300000000011,,13518,"[954, 270]",False,,True,1.0,False,weak,False,"[[714, 78], [696, 204], [1002, 276], [804, 510], [948, 600], [768, 654], [732, 744]]",,"[[1398, 54]]",,0.450895347127386,0.24888634653122743
1034,2,3,17.320000000000164,,13518,"[954, 270]",False,Right,True,1.0,False,weak,False,"[[720, 72], [702, 198], [1008, 270], [810, 504], [954, 594], [774, 648], [738, 738]]",,"[[1398, 48]]",,0.4503615914551789,0.25084262101071764
1035,2,3,17.33699999999999,,13518,"[954, 270]",False,Right,True,1.0,False,weak,False,"[[720, 66], [702, 192], [1008, 264], [810, 498], [954, 588], [774, 642], [738, 732]]",,"[[1398, 42]]",,0.44932064638321895,0.25214405608456536
1036,2,3,17.353000000000065,,13518,"[954, 270]",False,Right,True,1.0,False,weak,False,"[[720, 60], [702, 186], [1008, 258], [810, 492], [954, 582], [774, 636], [738, 726]]",,"[[1398, 36]]",,0.44932064638321895,0.25214405608456536
1037,2,3,17.369000000000142,,13518,"[954, 270]",False,Right,True,1.0,False,weak,False,"[[720, 54], [702, 180], [1008, 252], [810, 486], [954, 576], [774, 630], [738, 720]]",,"[[1398, 30]]",,0.44846496887126835,0.25393914138825424
1038,2,3,17.38499999999999,,13518,"[954, 270]",False,Right,True,1.0,False,weak,False,"[[720, 48], [702, 174], [1008, 246], [810, 480], [954, 570], [774, 624], [738, 714]]",,"[[1398, 24]]",,0.44839202527524674,0.2546657625722256
1039,2,3,17.402000000000044,,13518,"[954, 270]",False,Right,True,1.0,False,weak,False,"[[720, 42], [702, 168], [1008, 240], [810, 474], [954, 564], [774, 618], [738, 708]]",,"[[1398, 18]]",,0.44894075387187443,0.2561901856297668
1040,2,3,17.419000000000096,,13518,"[954, 270]",False,Right,True,1.0,False,weak,False,"[[720, 36], [702, 162], [1008, 234], [810, 468], [954, 558], [774, 612], [738, 702]]",,"[[1398, 12]]",,0.4494792791404499,0.2565484568834838
1041,2,3,17.43600000000015,,13518,"[954, 270]",False,,True,1.0,False,weak,False,"[[720, 30], [702, 156], [1008, 228], [810, 462], [954, 552], [774, 606], [738, 696]]",,"[[1404, 6]]",,0.45356108578878296,0.31559718370735657
1042,2,3,17.451999999999998,,13518,"[954, 270]",False,,True,0.0,False,weak,False,"[[726, 24], [708, 150], [1014, 222], [816, 456], [960, 546], [780, 600], [744, 690]]",,"[[1410, 0]]",,0.45356108578878296,0.31559718370735657
1043,2,3,17.468000000000075,,13518,"[954, 270]",False,,True,0.0,False,weak,False,"[[732, 18], [714, 144], [1020, 216], [822, 450], [966, 540], [786, 594], [750, 684]]",,[],,0.44992238939729157,0.25930805208315566
1044,2,3,17.48400000000015,,13518,"[954, 270]",False,,True,0.0,False,weak,False,"[[732, 12], [714, 138], [1020, 210], [822, 444], [966, 534], [786, 588], [750, 678]]",,[],,0.45450139790194416,0.31659510462438867
1045,2,3,17.501000000000204,,13518,"[954, 270]",False,,True,0.0,False,weak,False,"[[732, 6], [714, 132], [1020, 204], [822, 438], [966, 528], [786, 582], [750, 672]]",,[],,0.4498066796111645,0.25985550027543713
1046,2,3,17.517000000000053,,13518,"[954, 270]",False,,True,0.0,False,weak,False,"[[732, 0], [714, 126], [1020, 198], [822, 432], [966, 522], [786, 576], [750, 666]]",,[],,0.4496772459249138,0.26105561420308687
1047,2,3,17.53300000000013,,13518,"[954, 270]",False,,True,0.0,False,weak,False,"[[714, 120], [1020, 192], [822, 426], [966, 516], [786, 570], [750, 660]]",,[],,0.4496772459249138,0.26105561420308687
1048,2,3,17.550000000000182,,13518,"[954, 270]",False,,True,0.0,False,weak,False,"[[714, 114], [1020, 186], [822, 420], [966, 510], [786, 564], [750, 654]]",,[],,0.4514139841651613,0.3169452673059734
1049,2,3,17.56600000000003,,13518,"[954, 270]",False,,True,0.0,False,weak,False,"[[714, 108], [1020, 180], [822, 414], [966, 504], [786, 558], [750, 648], [894, 810]]",,[],,0.4508762216755865,0.31727518319741077
1050,2,3,17.583000000000084,,13518,"[954, 270]",False,,True,0.0,False,weak,False,"[[714, 102], [1020, 174], [822, 408], [966, 498], [786, 552], [750, 642], [894, 804]]",,[],,0.44611210843768345,0.25248078083716197
1051,2,3,17.600000000000136,,13518,"[954, 270]",False,,True,0.0,False,weak,False,"[[714, 96], [1020, 168], [822, 402], [966, 492], [786, 546], [750, 636], [894, 798]]",,[],,0.4464353232325246,0.2500093490063082
1052,2,3,17.61700000000019,,13518,"[954, 270]",False,,True,0.0,False,weak,False,"[[714, 90], [1020, 162], [822, 396], [966, 486], [786, 540], [750, 630], [894, 792]]",,[],,0.4477584416434529,0.25083029711972904
1053,2,3,17.633000000000038,,13518,"[954, 270]",False,,True,0.0,False,weak,False,"[[714, 84], [1020, 156], [822, 390], [966, 480], [786, 534], [750, 624], [894, 786]]",,[],,0.4477584416434529,0.25083029711972904
1054,2,3,17.652000000000044,,13518,"[954, 270]",False,,True,0.0,False,weak,False,"[[714, 78], [1020, 150], [822, 384], [966, 474], [786, 528], [750, 618], [894, 780]]",,[],,0.44931262850533055,0.24994490433838246
1055,2,3,17.670000000000073,,13518,"[954, 270]",False,Right,True,0.0,False,weak,False,"[[714, 72], [1020, 144], [822, 378], [966, 468], [786, 522], [750, 612], [894, 774]]",,[],,0.4489901102781399,0.24891364731610532
1056,2,3,17.685000000000173,,13518,"[954, 270]",False,Right,True,0.0,False,weak,False,"[[708, 66], [1014, 138], [816, 372], [960, 462], [780, 516], [744, 606], [888, 768]]",,[],,0.44912896529089047,0.24860649046470418
1057,2,3,17.701000000000022,,13518,"[954, 270]",False,Right,True,0.0,False,weak,False,"[[702, 60], [1008, 132], [810, 366], [954, 456], [774, 510], [738, 600], [882, 762]]",,[],,0.44868476009376224,0.24882319007386955
1058,2,3,17.71900000000005,,13518,"[954, 270]",False,Right,True,0.0,False,weak,False,"[[696, 54], [1002, 126], [804, 360], [948, 450], [768, 504], [732, 594], [876, 756]]",,[],,0.44836813654394403,0.2474640239503868
1059,2,3,17.735000000000127,,13518,"[954, 270]",False,Right,True,0.0,False,weak,False,"[[690, 48], [996, 120], [798, 354], [942, 444], [762, 498], [726, 588], [870, 750]]",,[],,0.447876821841248,0.24674586206309668
1060,2,3,17.75200000000018,,13518,"[954, 270]",False,Right,True,0.0,False,weak,False,"[[684, 42], [990, 114], [792, 348], [936, 438], [756, 492], [720, 582], [864, 744]]",,[],,0.4469751578272604,0.24322477930498776
1061,2,3,17.769000000000005,,13518,"[954, 270]",False,Right,True,0.0,False,weak,False,"[[678, 36], [984, 108], [786, 342], [930, 432], [750, 486], [714, 576], [858, 738], [1020, 810]]",,[],,0.44698075823706196,0.24338338878608012
1062,2,3,17.785000000000082,,13518,"[954, 270]",False,Right,True,0.0,False,weak,False,"[[672, 30], [978, 102], [780, 336], [924, 426], [744, 480], [708, 570], [852, 732], [1014, 804]]",,[],,0.4463689021230752,0.24352921724915122
1063,2,3,17.802000000000135,,13518,"[954, 270]",False,Right,True,0.0,False,weak,False,"[[666, 24], [972, 96], [774, 330], [918, 420], [738, 474], [702, 564], [846, 726], [1008, 798]]",,[],,0.4463689021230752,0.24352921724915122
1064,2,3,17.82100000000014,,13518,"[954, 270]",False,Right,True,0.0,False,weak,False,"[[660, 18], [966, 90], [768, 324], [912, 414], [732, 468], [696, 558], [840, 720], [1002, 792]]",,[],,0.44828270373055784,0.2206830279754579
1065,2,3,17.838000000000193,,13518,"[954, 270]",False,Right,True,0.0,False,weak,False,"[[654, 12], [960, 84], [762, 318], [906, 408], [726, 462], [690, 552], [834, 714], [996, 786]]",,[],,0.4468220665419468,0.21737693233647082
1066,2,3,17.854000000000042,,13518,"[954, 270]",False,,True,0.0,False,weak,False,"[[648, 6], [954, 78], [756, 312], [900, 402], [720, 456], [684, 546], [828, 708], [990, 780]]",,[],,0.44772537127258305,0.2166068620682967
1067,2,3,17.87200000000007,,13518,"[954, 270]",False,,True,0.0,False,weak,False,"[[648, 0], [954, 72], [756, 306], [900, 396], [720, 450], [684, 540], [828, 702], [990, 774]]",,[],,0.4474776144842621,0.21622921975053577
1068,2,3,17.889000000000124,,13518,"[954, 270]",False,,True,0.0,False,weak,False,"[[954, 66], [756, 300], [900, 390], [720, 444], [684, 534], [828, 696], [990, 768]]",,[],,0.4475875928152645,0.2168613329733895
1069,2,3,17.906000000000176,,13518,"[954, 270]",False,,True,0.0,False,weak,False,"[[954, 60], [756, 294], [900, 384], [720, 438], [684, 528], [828, 690], [990, 762]]",,[],,0.4485334337362028,0.21908111783428863
1070,2,3,17.922000000000025,,13518,"[954, 270]",False,,True,0.0,False,weak,False,"[[954, 54], [756, 288], [900, 378], [720, 432], [684, 522], [828, 684], [990, 756]]",,[],,0.44894894775055205,0.2207452203206095
1071,2,3,17.939000000000078,,13518,"[954, 270]",False,Left,True,0.0,False,weak,False,"[[954, 48], [756, 282], [900, 372], [720, 426], [684, 516], [828, 678], [990, 750]]",,[],,0.4487376330273783,0.22576861205887488
1072,2,3,17.957000000000107,,13518,"[954, 270]",False,Left,True,0.0,False,weak,False,"[[960, 42], [762, 276], [906, 366], [726, 420], [690, 510], [834, 672], [996, 744]]",,[],,0.4489435820859695,0.22551288954461257
1073,2,3,17.972000000000207,,13518,"[954, 270]",False,Left,True,0.0,False,weak,False,"[[966, 36], [768, 270], [912, 360], [732, 414], [696, 504], [840, 666], [1002, 738]]",,[],,0.44792740770563133,0.22853844140020896
1074,2,3,17.99000000000001,,13518,"[954, 270]",False,Left,True,0.0,False,weak,False,"[[972, 30], [774, 264], [918, 354], [738, 408], [702, 498], [846, 660], [1008, 732]]",,[],,0.44771917371328324,0.23065789772426548
1075,2,3,18.007000000000062,,13518,"[954, 270]",False,Left,True,0.0,False,weak,False,"[[978, 24], [780, 258], [924, 348], [744, 402], [708, 492], [852, 654], [1014, 726]]",,[],,0.44810590360768493,0.2322320405496201
1076,2,3,18.024000000000115,,13518,"[954, 270]",False,Left,True,0.0,False,weak,False,"[[984, 18], [786, 252], [930, 342], [750, 396], [714, 486], [858, 648], [1020, 720]]",,[],,0.4481361035766135,0.23195432260259408
1077,2,3,18.041000000000167,,13518,"[954, 270]",False,Left,True,0.0,False,weak,False,"[[990, 12], [792, 246], [936, 336], [756, 390], [720, 480], [864, 642], [1026, 714]]",,[],,0.44884835440398463,0.2366068374847896
1078,2,3,18.059000000000196,,13518,"[954, 270]",False,Left,True,0.0,False,weak,False,"[[996, 6], [798, 240], [942, 330], [762, 384], [726, 474], [870, 636], [1032, 708]]",,[],,0.4493538668215499,0.2386965116941817
1079,2,3,18.075000000000045,,13518,"[954, 270]",False,Left,True,0.0,False,weak,False,"[[1002, 0], [804, 234], [948, 324], [768, 378], [732, 468], [876, 630], [1038, 702]]",,[],,0.44912917410921105,0.24089294581823972
1080,2,3,18.0920000000001,,13518,"[954, 270]",False,Left,True,0.0,False,weak,False,"[[810, 228], [954, 318], [774, 372], [738, 462], [882, 624], [1044, 696]]",,[],,0.4492599548542782,0.24170460112969272
1081,2,3,18.10900000000015,,13518,"[954, 270]",False,,True,0.0,False,weak,False,"[[816, 222], [960, 312], [780, 366], [744, 456], [888, 618], [1050, 690]]",,[],,0.44983902162320266,0.24420058267345623
1082,2,3,18.126000000000204,,13518,"[954, 270]",False,,True,0.0,False,weak,False,"[[816, 216], [960, 306], [780, 360], [744, 450], [888, 612], [1050, 684]]",,[],,0.4498220105256941,0.24413744090018574
1083,2,3,18.141000000000076,,13518,"[954, 270]",False,,True,0.0,False,weak,False,"[[816, 210], [960, 300], [780, 354], [744, 444], [888, 606], [1050, 678]]",,[],,0.44970861699540327,0.24742367702095203
1084,2,3,18.15800000000013,,13518,"[954, 270]",False,Right,True,0.0,False,weak,False,"[[816, 204], [960, 294], [780, 348], [744, 438], [888, 600], [1050, 672]]",,[],,0.44984496031392734,0.24764374246496867
1085,2,3,18.174000000000206,,13518,"[954, 270]",True,Right,True,0.0,False,weak,False,"[[810, 198], [954, 288], [774, 342], [738, 432], [882, 594], [1044, 666]]",,[],,0.450142543758559,0.24730750388969813
1086,2,3,18.853000000000065,,13518,"[954, 270]",True,Right,True,0.0,False,weak,False,"[[804, 192], [948, 282], [768, 336], [732, 426], [876, 588], [1038, 660]]",,[],4,0.3935433001441412,0.2807638263296037
