,trial,attempt,time_played,time_tag,level_size_y,player_pos,collision,current_input,drift_enabled,current_drift,level_done,input_noise_magnitude,input_noise_on,visible_obstacles,adjacent_wall_tiles_x_pos,visible_drift_tiles,SoC,gaze_x,gaze_y
0,5,3,0.0,,13518,"[954, -86]",False,,True,0.0,False,medium,False,[],,[],,0.6008427627110303,0.658095691368878
1,5,3,0.016000000000076398,,13518,"[954, -82]",False,,True,0.0,False,medium,False,[],,[],,0.8311099195055605,0.6960028139182741
2,5,3,0.03300000000001546,,13518,"[954, -78]",False,,True,0.0,False,medium,False,[],,[],,0.8311099195055605,0.6960028139182741
3,5,3,0.04899999999997817,,13518,"[954, -74]",False,,True,0.0,False,medium,False,[],,[],,0.8297057163153836,0.6960343112163028
4,5,3,0.06600000000003092,,13518,"[954, -70]",False,,True,0.0,False,medium,False,[],,[],,0.8297057163153836,0.6960343112163028
5,5,3,0.08199999999999363,,13518,"[954, -66]",False,,True,0.0,False,medium,False,[],,[],,0.9725034458051812,0.426553323229658
6,5,3,0.09800000000007003,,13518,"[954, -62]",False,,True,0.0,False,medium,False,[],,[],,0.9725034458051812,0.426553323229658
7,5,3,0.1150000000000091,,13518,"[954, -58]",False,,True,0.0,False,medium,False,[],,[],,0.9725034458051812,0.426553323229658
8,5,3,0.1310000000000855,,13518,"[954, -54]",False,,True,0.0,False,medium,False,[],,[],,0.9725034458051812,0.426553323229658
9,5,3,0.14800000000002456,,13518,"[954, -50]",False,,True,0.0,False,medium,False,[],,[],,0.9725034458051812,0.426553323229658
10,5,3,0.1650000000000773,,13518,"[954, -46]",False,,True,0.0,False,medium,False,[],,[],,0.9725034458051812,0.426553323229658
11,5,3,0.18100000000004002,,13518,"[954, -42]",False,,True,0.0,False,medium,False,[],,[],,0.6109840950909621,0.6546312440492921
12,5,3,0.19700000000000273,,13518,"[954, -38]",False,,True,0.0,False,medium,False,[],,[],,0.6109840950909621,0.6546312440492921
13,5,3,0.21300000000007913,,13518,"[954, -34]",False,,True,0.0,False,medium,False,[],,[],,0.8307619275833634,0.699162215174022
14,5,3,0.22900000000004184,,13518,"[954, -30]",False,,True,0.0,False,medium,False,[],,[],,0.8307619275833634,0.699162215174022
15,5,3,0.24500000000000455,,13518,"[954, -26]",False,,True,0.0,False,medium,False,[],,[],,0.9725034458051812,0.426553323229658
16,5,3,0.2620000000000573,,13518,"[954, -22]",False,,True,0.0,False,medium,False,[],,[],,0.9725034458051812,0.426553323229658
17,5,3,0.27899999999999636,,13518,"[954, -18]",False,,True,0.0,False,medium,False,[],,[],,0.8282775215231937,0.7304600499675749
18,5,3,0.29700000000002547,,13518,"[954, -14]",False,,True,0.0,False,medium,False,[],,[],,0.8282775215231937,0.7304600499675749
19,5,3,0.3120000000000118,,13518,"[954, -10]",False,,True,0.0,False,medium,False,[],,[],,0.8320494234265974,0.7653377113789402
20,5,3,0.3290000000000646,,13518,"[954, -6]",False,,True,0.0,False,medium,False,[],,[],,0.8320494234265974,0.7653377113789402
21,5,3,0.34600000000000364,,13518,"[954, -2]",False,,True,0.0,False,medium,False,[],,[],,0.9725034458051812,0.426553323229658
22,5,3,0.3630000000000564,,13518,"[954, 2]",False,,True,0.0,False,medium,False,[],,[],,0.9725034458051812,0.426553323229658
23,5,3,0.37999999999999545,,13518,"[954, 6]",False,,True,0.0,False,medium,False,[],,[],,0.5527660732941879,0.5553444560404175
24,5,3,0.39600000000007185,,13518,"[954, 10]",False,,True,0.0,False,medium,False,[],,[],,0.5527660732941879,0.5553444560404175
25,5,3,0.4130000000000109,,13518,"[954, 14]",False,,True,0.0,False,medium,False,[],,[],,0.9725034458051812,0.426553323229658
26,5,3,0.4289999999999736,,13518,"[954, 18]",False,,True,0.0,False,medium,False,[],,[],,0.9725034458051812,0.426553323229658
27,5,3,0.44500000000005,,13518,"[954, 22]",False,,True,0.0,False,medium,False,[],,[],,0.5377690974658413,0.5406892538177498
28,5,3,0.4619999999999891,,13518,"[954, 26]",False,,True,0.0,False,medium,False,[],,[],,0.5377690974658413,0.5406892538177498
29,5,3,0.47900000000004184,,13518,"[954, 30]",False,,True,0.0,False,medium,False,[],,[],,0.8001937918905722,0.7478186945629424
30,5,3,0.49500000000000455,,13518,"[954, 34]",False,,True,0.0,False,medium,False,[],,[],,0.8001937918905722,0.7478186945629424
31,5,3,0.511000000000081,,13518,"[954, 38]",False,,True,0.0,False,medium,False,[],,[],,0.5607918721618534,0.9741646364631547
32,5,3,0.5270000000000437,,13518,"[954, 42]",False,,True,0.0,False,medium,False,[],,[],,0.5607918721618534,0.9741646364631547
33,5,3,0.5439999999999827,,13518,"[954, 46]",False,,True,0.0,False,medium,False,[],,[],,0.892365390721741,0.7369801864382792
34,5,3,0.5610000000000355,,13518,"[954, 50]",False,,True,0.0,False,medium,False,[],,[],,0.892365390721741,0.7369801864382792
35,5,3,0.5769999999999982,,13518,"[954, 54]",False,,True,0.0,False,medium,False,[],,[],,0.9057304525477587,0.7901120031183415
36,5,3,0.5930000000000746,,13518,"[954, 58]",False,,True,0.0,False,medium,False,[],,[],,0.9057304525477587,0.7901120031183415
37,5,3,0.61099999999999,,13518,"[954, 62]",False,,True,0.0,False,medium,False,[],,[],,0.9147827323052493,0.7690633978906801
38,5,3,0.6270000000000664,,13518,"[954, 66]",False,,True,0.0,False,medium,False,[],,[],,0.9147827323052493,0.7690633978906801
39,5,3,0.6430000000000291,,13518,"[954, 70]",False,,True,0.0,False,medium,False,[],,[],,0.5201200556247046,0.10991650720239621
40,5,3,0.6600000000000819,,13518,"[954, 74]",False,,True,0.0,False,medium,False,[],,[],,0.5201200556247046,0.10991650720239621
41,5,3,0.6760000000000446,,13518,"[954, 78]",False,,True,0.0,False,medium,False,[],,[],,0.5879216517466408,-0.008016993326183552
42,5,3,0.6929999999999836,,13518,"[954, 82]",False,,True,0.0,False,medium,False,[],,[],,0.5879216517466408,-0.008016993326183552
43,5,3,0.7100000000000364,,13518,"[954, 86]",False,,True,0.0,False,medium,False,[],,[],,0.5881899056420175,0.009518233428758904
44,5,3,0.7269999999999754,,13518,"[954, 90]",False,,True,0.0,False,medium,False,[],,[],,0.5881899056420175,0.009518233428758904
45,5,3,0.7430000000000518,,13518,"[954, 94]",False,,True,0.0,False,medium,False,[],,[],,0.5480095850936946,-0.02899374655272169
46,5,3,0.7599999999999909,,13518,"[954, 98]",False,,True,0.0,False,medium,False,[],,[],,0.5480095850936946,-0.02899374655272169
47,5,3,0.7760000000000673,,13518,"[954, 102]",False,,True,0.0,False,medium,False,[],,[],,0.9272940023846153,0.3846121763688529
48,5,3,0.79200000000003,,13518,"[954, 106]",False,,True,0.0,False,medium,False,[],,[],,0.9272940023846153,0.3846121763688529
49,5,3,0.8079999999999927,,13518,"[954, 110]",False,,True,0.0,False,medium,False,[],,[],,0.7852277691038917,0.0957901172032235
50,5,3,0.8250000000000455,,13518,"[954, 114]",False,,True,0.0,False,medium,False,[],,[],,0.7852277691038917,0.0957901172032235
51,5,3,0.8410000000000082,,13518,"[954, 118]",False,,True,0.0,False,medium,False,[],,[],,0.7863854711377529,0.08562976776995934
52,5,3,0.8570000000000846,,13518,"[954, 122]",False,,True,0.0,False,medium,False,[],,[],,0.8371804046914916,0.04880853007142494
53,5,3,0.8730000000000473,,13518,"[954, 126]",False,,True,0.0,False,medium,False,[],,[],,0.6631211075208554,0.011199477037529104
54,5,3,0.8899999999999864,,13518,"[954, 130]",False,,True,0.0,False,medium,False,[],,[],,0.6857064845886104,0.03745379815313343
55,5,3,0.9060000000000628,,13518,"[954, 134]",False,,True,0.0,False,medium,False,[],,[],,0.6928417937963817,0.004401558567841191
56,5,3,0.9230000000000018,,13518,"[954, 138]",False,,True,0.0,False,medium,False,[],,[],,0.6883003095472379,0.006261706430622849
57,5,3,0.9400000000000546,,13518,"[954, 142]",False,,True,0.0,False,medium,False,[],,[],,0.6482158979777453,0.026592630635350778
58,5,3,0.9560000000000173,,13518,"[954, 146]",False,,True,0.0,False,medium,False,[],,[],,0.5476550612861082,0.026739870630012152
59,5,3,0.97300000000007,,13518,"[954, 150]",False,,True,0.0,False,medium,False,[],,[],,0.5401517318796843,-0.0015662231540636284
60,5,3,0.9890000000000327,,13518,"[954, 154]",False,,True,0.0,False,medium,False,[],,[],,0.48207598549167036,0.17342133602815357
61,5,3,1.0060000000000855,,13518,"[954, 158]",False,,True,0.0,False,medium,False,[],,[],,0.48207598549167036,0.17342133602815357
62,5,3,1.0230000000000246,,13518,"[954, 162]",False,,True,0.0,False,medium,False,[],,[],,0.6782515485019522,0.09943968862864228
63,5,3,1.0400000000000773,,13518,"[954, 166]",False,,True,0.0,False,medium,False,[],,[],,0.6782515485019522,0.09943968862864228
64,5,3,1.0570000000000164,,13518,"[954, 170]",False,,True,0.0,False,medium,False,[],,[],,0.6960908867180965,0.2332993426632356
65,5,3,1.0740000000000691,,13518,"[954, 174]",False,,True,0.0,False,medium,False,[],,[],,0.6495442741252128,0.18840124354350785
66,5,3,1.0910000000000082,,13518,"[954, 178]",False,,True,0.0,False,medium,False,[],,[],,0.5128087506887158,0.355053871660179
67,5,3,1.1070000000000846,,13518,"[954, 182]",False,,True,0.0,False,medium,False,[],,[],,0.5128087506887158,0.355053871660179
68,5,3,1.1230000000000473,,13518,"[954, 186]",False,,True,0.0,False,medium,False,[],,[],,0.7859103410876946,0.745166250359496
69,5,3,1.13900000000001,,13518,"[954, 190]",False,,True,0.0,False,medium,False,[],,[],,0.7859103410876946,0.745166250359496
70,5,3,1.1549999999999727,,13518,"[954, 194]",False,,True,0.0,False,medium,False,[],,[],,0.7970997818741715,0.7861633935544503
71,5,3,1.1710000000000491,,13518,"[954, 198]",False,,True,0.0,False,medium,False,[],,[],,0.7970997818741715,0.7861633935544503
72,5,3,1.1870000000000118,,13518,"[954, 202]",False,,True,0.0,False,medium,False,[],,[],,0.5072002558662624,0.7995276330254294
73,5,3,1.2040000000000646,,13518,"[954, 206]",False,,True,0.0,False,medium,False,[],,[],,0.5072002558662624,0.7995276330254294
74,5,3,1.2210000000000036,,13518,"[954, 210]",False,,True,0.0,False,medium,False,[],,[],,0.805206627998768,0.7026834608655963
75,5,3,1.23700000000008,,13518,"[954, 214]",False,,True,0.0,False,medium,False,[],,[],,0.805206627998768,0.7026834608655963
76,5,3,1.254000000000019,,13518,"[954, 218]",False,,True,0.0,False,medium,False,[],,[],,0.45442717948823574,0.25575722830790204
77,5,3,1.2710000000000719,,13518,"[954, 222]",False,,True,0.0,False,medium,False,[],,[],,0.45442717948823574,0.25575722830790204
78,5,3,1.288000000000011,,13518,"[954, 226]",False,,True,0.0,False,medium,False,[],,[],,0.46513525133673994,0.27173499879822005
79,5,3,1.3050000000000637,,13518,"[954, 230]",False,,True,0.0,False,medium,False,[],,[],,0.46513525133673994,0.27173499879822005
80,5,3,1.3210000000000264,,13518,"[954, 234]",False,,True,0.0,False,medium,False,[],,[],,0.3389066201264233,0.2322662137480298
81,5,3,1.336999999999989,,13518,"[954, 238]",False,,True,0.0,False,medium,False,[],,[],,0.3389066201264233,0.2322662137480298
82,5,3,1.3530000000000655,,13518,"[954, 242]",False,,True,0.0,False,medium,False,[],,[],,0.8142254288798423,0.7120743198513545
83,5,3,1.3690000000000282,,13518,"[954, 246]",False,,True,0.0,False,medium,False,[],,[],,0.8142254288798423,0.7120743198513545
84,5,3,1.386000000000081,,13518,"[954, 250]",False,,True,0.0,False,medium,False,[],,[],,0.4030801395189596,0.3138099366461259
85,5,3,1.40300000000002,,13518,"[954, 254]",False,,True,0.0,False,medium,False,[],,[],,0.4030801395189596,0.3138099366461259
86,5,3,1.4200000000000728,,13518,"[954, 258]",False,,True,0.0,False,medium,False,[],,[],,0.4818370808510994,0.7854920775987302
87,5,3,1.4360000000000355,,13518,"[954, 262]",False,,True,0.0,False,medium,False,[],,[],,0.4818370808510994,0.7854920775987302
88,5,3,1.4529999999999745,,13518,"[954, 266]",False,,True,0.0,False,medium,False,[],,[],,0.48992704485915367,0.7868376604669898
89,5,3,1.469000000000051,,13518,"[954, 270]",False,,True,0.0,False,medium,False,[],,[],,0.48992704485915367,0.7868376604669898
90,5,3,1.48599999999999,,13518,"[954, 270]",False,,True,0.0,False,medium,False,[],,[],,0.39532415288713757,0.3294027910313768
91,5,3,1.5030000000000427,,13518,"[954, 270]",False,,True,0.0,False,medium,False,[],,[],,0.39532415288713757,0.3294027910313768
92,5,3,1.5190000000000055,,13518,"[954, 270]",False,,True,0.0,False,medium,False,[],,[],,0.4996451523329111,0.6552824168797664
93,5,3,1.5350000000000819,,13518,"[954, 270]",False,,True,0.0,False,medium,False,[],,[],,0.4996451523329111,0.6552824168797664
94,5,3,1.5510000000000446,,13518,"[954, 270]",False,,True,0.0,False,medium,False,[],,[],,0.4906908172837311,0.6174089270438409
95,5,3,1.5679999999999836,,13518,"[954, 270]",False,,True,0.0,False,medium,False,[],,[],,0.4906908172837311,0.6174089270438409
96,5,3,1.58400000000006,,13518,"[954, 270]",False,,True,0.0,False,medium,False,[],,[],,0.3349901509571279,0.29333948727096193
97,5,3,1.6000000000000227,,13518,"[954, 270]",False,,True,0.0,False,medium,False,[],,[],,0.3349901509571279,0.29333948727096193
98,5,3,1.6159999999999854,,13518,"[954, 270]",False,,True,0.0,False,medium,False,[],,[],,0.7994930917054702,0.6794961574361286
99,5,3,1.6330000000000382,,13518,"[954, 270]",False,,True,0.0,False,medium,False,[],,[],,0.7994930917054702,0.6794961574361286
100,5,3,1.649000000000001,,13518,"[954, 270]",False,,True,0.0,False,medium,False,[],,[],,0.3931967587368548,0.24247346563353145
101,5,3,1.6660000000000537,,13518,"[954, 270]",False,,True,0.0,False,medium,False,[],,[],,0.3931967587368548,0.24247346563353145
102,5,3,1.6850000000000591,,13518,"[954, 270]",False,,True,0.0,False,medium,False,[],,[],,0.8327353311395264,0.7639552434133375
103,5,3,1.7019999999999982,,13518,"[954, 270]",False,,True,0.0,False,medium,False,[],,[],,0.8327353311395264,0.7639552434133375
104,5,3,1.719000000000051,,13518,"[954, 270]",False,,True,0.0,False,medium,False,[],,[],,0.8328810220339141,0.7670208765891151
105,5,3,1.7350000000000136,,13518,"[954, 270]",False,,True,0.0,False,medium,False,[],,[],,0.3698286121900817,0.2968835187265214
106,5,3,1.7520000000000664,,13518,"[954, 270]",False,,True,0.0,False,medium,False,[],,[],,0.503081975933829,0.6834561443371886
107,5,3,1.7690000000000055,,13518,"[954, 270]",False,,True,0.0,False,medium,False,[],,[],,0.503081975933829,0.6834561443371886
108,5,3,1.7860000000000582,,13518,"[954, 270]",False,,True,0.0,False,medium,False,[],,[],,0.3531629753957676,0.315246673805588
109,5,3,1.802000000000021,,13518,"[954, 270]",False,,True,0.0,False,medium,False,[],,[],,0.3531629753957676,0.315246673805588
110,5,3,1.8179999999999836,,13518,"[954, 270]",False,,True,0.0,False,medium,False,[],,[],,0.4251554879651172,0.253426370650215
111,5,3,1.83400000000006,,13518,"[954, 270]",False,,True,0.0,False,medium,False,[],,[],,0.8293339848257965,0.7716341622798675
112,5,3,1.8500000000000227,,13518,"[954, 270]",False,,True,0.0,False,medium,False,[],,[],,0.9280779281072832,0.7181781154567844
113,5,3,1.8670000000000755,,13518,"[954, 270]",False,,True,0.0,False,medium,False,[],,[],,0.9280779281072832,0.7181781154567844
114,5,3,1.8840000000000146,,13518,"[954, 270]",False,,True,0.0,False,medium,False,[],,[],,0.8268929599774968,0.9842488807010418
115,5,3,1.9010000000000673,,13518,"[954, 270]",False,,True,0.0,False,medium,False,[],,[],,0.8268929599774968,0.9842488807010418
116,5,3,1.9180000000000064,,13518,"[954, 270]",False,,True,0.0,False,medium,False,[],,[],,0.9371752403360112,0.7136408110342809
117,5,3,1.9340000000000828,,13518,"[954, 270]",False,,True,0.0,False,medium,False,[],,[],,0.9371752403360112,0.7136408110342809
118,5,3,1.9519999999999982,,13518,"[954, 270]",False,,True,0.0,False,medium,False,[],,[],,0.4966197378027111,0.7397344281035916
119,5,3,1.969000000000051,,13518,"[954, 270]",False,,True,0.0,False,medium,False,[],,[],,0.4966197378027111,0.7397344281035916
120,5,3,1.98599999999999,,13518,"[954, 270]",False,,True,0.0,False,medium,False,[],,[],,0.8450283840067915,1.0533809440637965
121,5,3,2.0020000000000664,,13518,"[954, 270]",False,,True,0.0,False,medium,False,[],,[],,0.8450283840067915,1.0533809440637965
122,5,3,2.018000000000029,,13518,"[954, 270]",False,,True,0.0,False,medium,False,[],,[],,0.8346781000894736,1.0298457207963867
123,5,3,2.035000000000082,,13518,"[954, 270]",False,,True,0.0,False,medium,False,[],,[],,0.8167182571238708,0.9432857336867596
124,5,3,2.0510000000000446,,13518,"[954, 270]",False,,True,0.0,False,medium,False,[],,[],,0.7996717356670531,0.7350869602611877
125,5,3,2.0690000000000737,,13518,"[954, 270]",False,,True,0.0,False,medium,False,[],,[],,0.7996717356670531,0.7350869602611877
126,5,3,2.0850000000000364,,13518,"[954, 270]",False,,True,0.0,False,medium,False,[],,[],,0.816348629066956,0.9314920670219002
127,5,3,2.100999999999999,,13518,"[954, 270]",False,,True,0.0,False,medium,False,[],,[],,0.914120222135072,0.6953332392371858
128,5,3,2.118000000000052,,13518,"[954, 270]",False,,True,0.0,False,medium,False,[],,[],,0.7993470327835583,0.744049551799459
129,5,3,2.134999999999991,,13518,"[954, 270]",False,,True,0.0,False,medium,False,[],,[],,0.7993470327835583,0.744049551799459
130,5,3,2.1510000000000673,,13518,"[954, 270]",False,,True,0.0,False,medium,False,[],,[],,0.8147215833037784,0.9464261008955416
131,5,3,2.16700000000003,,13518,"[954, 270]",False,,True,0.0,False,medium,False,[],,[],,0.8147215833037784,0.9464261008955416
132,5,3,2.1829999999999927,,13518,"[954, 270]",False,,True,0.0,False,medium,False,[],,[],,0.8145918248823371,0.9474115826279342
133,5,3,2.2000000000000455,,13518,"[954, 270]",False,,True,0.0,False,medium,False,[],,[],,0.8150621263666193,0.9413934674425929
134,5,3,2.216000000000008,,13518,"[954, 270]",False,,True,0.0,False,medium,False,[],,[],,0.8151018699472555,0.9410615066281359
135,5,3,2.2320000000000846,,13518,"[954, 270]",False,,True,0.0,False,medium,False,[],,[],,0.8151018699472555,0.9410615066281359
136,5,3,2.2490000000000236,,13518,"[954, 270]",False,,True,0.0,False,medium,False,[],,[],,0.8149848905035206,0.9416759447951111
137,5,3,2.2660000000000764,,13518,"[954, 270]",False,,True,0.0,False,medium,False,[],,[],,0.9111321405292199,0.6901012068367685
138,5,3,2.2830000000000155,,13518,"[954, 270]",False,,True,0.0,False,medium,False,[],,[],,0.8161248480345714,0.943158214880244
139,5,3,2.298999999999978,,13518,"[954, 270]",False,,True,0.0,False,medium,False,[],,[],,0.8206901574944133,1.0353429776251186
140,5,3,2.316000000000031,,13518,"[954, 270]",False,,True,0.0,False,medium,False,[],,[],,0.5086827473255852,0.6185355498221711
141,5,3,2.3330000000000837,,13518,"[954, 270]",False,,True,0.0,False,medium,False,[],,[],,0.7867640494353838,0.7429134204435666
142,5,3,2.350999999999999,,13518,"[954, 270]",False,,True,0.0,False,medium,False,[],,[],,0.8966190093804333,0.6777547769402933
143,5,3,2.3670000000000755,,13518,"[954, 270]",False,,True,0.0,False,medium,False,[],,[],,0.5074803577955496,0.6313749679362242
144,5,3,2.3840000000000146,,13518,"[954, 270]",False,,True,0.0,False,medium,False,[],,[],,0.823592272869196,1.0484236981166082
145,5,3,2.4010000000000673,,13518,"[954, 270]",False,,True,0.0,False,medium,False,[],,[],,0.7918539346494488,0.7542063623683064
146,5,3,2.4180000000000064,,13518,"[954, 270]",False,,True,0.0,False,medium,False,[],,[],,0.8066373398830095,0.9406388054184354
147,5,3,2.4340000000000828,,13518,"[954, 270]",False,,True,0.0,False,medium,False,[],,[],,0.8068677560350194,0.9399077793923902
148,5,3,2.451000000000022,,13518,"[954, 270]",False,,True,0.0,False,medium,False,[],,[],,0.7905253272931148,0.7557960797899855
149,5,3,2.4669999999999845,,13518,"[954, 270]",False,,True,0.0,False,medium,False,[],,[],,0.8080777653035502,0.958614195216019
150,5,3,2.4840000000000373,,13518,"[954, 270]",False,,True,0.0,False,medium,False,[],,[],,0.9006309840209805,0.6940851238715124
151,5,3,2.5,,13518,"[954, 270]",False,,True,0.0,False,medium,False,[],,[],,0.8087271671511373,0.9591701632619696
152,5,3,2.5160000000000764,,13518,"[954, 270]",False,,True,0.0,False,medium,False,[],,[],,0.8087271671511373,0.9591701632619696
153,5,3,2.532000000000039,,13518,"[954, 270]",False,,True,0.0,False,medium,False,[],,[],,0.7933748913303836,0.7675646807413462
154,5,3,2.548999999999978,,13518,"[954, 270]",False,,True,0.0,False,medium,False,[],,[],,0.7933748913303836,0.7675646807413462
155,5,3,2.566000000000031,,13518,"[954, 270]",False,,True,0.0,False,medium,False,[],,[],,0.7917506506681461,0.7736654960393975
156,5,3,2.5819999999999936,,13518,"[954, 270]",False,,True,0.0,False,medium,False,[],,[],,0.8991771187319071,0.6937237901772397
157,5,3,2.5990000000000464,,13518,"[954, 270]",False,,True,0.0,False,medium,False,[],,[],,0.80969276933483,0.9793050558220473
158,5,3,2.615000000000009,,13518,"[954, 270]",False,,True,0.0,False,medium,False,[],,[],,0.80969276933483,0.9793050558220473
159,5,3,2.6310000000000855,,13518,"[954, 270]",False,,True,0.0,False,medium,False,[],,[],,0.5125025010226467,0.668999336712089
160,5,3,2.6480000000000246,,13518,"[954, 270]",False,,True,0.0,False,medium,False,[],,[],,0.5125025010226467,0.668999336712089
161,5,3,2.6650000000000773,,13518,"[954, 270]",False,,True,0.0,False,medium,False,"[[702, 810]]",,[],,0.850355226835035,0.6843238870170505
162,5,3,2.68100000000004,,13518,"[954, 270]",False,,True,0.0,False,medium,False,"[[702, 804]]",,[],,0.5123984986383838,0.6657689731253068
163,5,3,2.697999999999979,,13518,"[954, 270]",False,,True,0.0,False,medium,False,"[[702, 798]]",,[],,0.8104701474129173,1.074184716408579
164,5,3,2.716000000000008,,13518,"[954, 270]",False,,True,0.0,False,medium,False,"[[702, 792]]",,[],,0.8104701474129173,1.074184716408579
165,5,3,2.733000000000061,,13518,"[954, 270]",False,,True,0.0,False,medium,False,"[[702, 786]]",,[],,0.8235035557101049,0.9945777596736269
166,5,3,2.75,,13518,"[954, 270]",False,,True,0.0,False,medium,False,"[[702, 780]]",,[],,0.8241638233066819,0.9965413740227763
167,5,3,2.7670000000000528,,13518,"[954, 270]",False,,True,0.0,False,medium,False,"[[702, 774]]",,[],,0.8239950498819141,0.9967249270313164
168,5,3,2.783999999999992,,13518,"[954, 270]",False,,True,0.0,False,medium,False,"[[702, 768]]",,[],,0.8239950498819141,0.9967249270313164
169,5,3,2.8010000000000446,,13518,"[954, 270]",False,,True,0.0,False,medium,False,"[[702, 762]]",,[],,0.8435955432078183,0.6852277720178281
170,5,3,2.8179999999999836,,13518,"[954, 270]",False,,True,0.0,False,medium,False,"[[702, 756]]",,[],,0.5129186075447225,0.7028239266396787
171,5,3,2.83400000000006,,13518,"[954, 270]",False,,True,0.0,False,medium,False,"[[702, 750]]",,[],,0.514980104379654,0.7020964994884327
172,5,3,2.8519999999999754,,13518,"[954, 270]",False,,True,0.0,False,medium,False,"[[702, 744]]",,[],,0.8367352147355606,0.9690185419810227
173,5,3,2.869000000000028,,13518,"[954, 270]",False,,True,0.0,False,medium,False,"[[702, 738]]",,[],,0.8321155377595634,0.6749325903988953
174,5,3,2.886000000000081,,13518,"[954, 270]",False,,True,0.0,False,medium,False,"[[702, 732]]",,[],,0.5168399438297641,0.6970965463087433
175,5,3,2.90300000000002,,13518,"[954, 270]",False,,True,0.0,False,medium,False,"[[702, 726]]",,[],,0.8536649354256737,0.9960470106634044
176,5,3,2.9189999999999827,,13518,"[954, 270]",False,,True,0.0,False,medium,False,"[[702, 720]]",,[],,0.8532174217799099,0.997979247373543
177,5,3,2.935000000000059,,13518,"[954, 270]",False,,True,0.0,False,medium,False,"[[702, 714]]",,[],,0.827015205486715,0.6675614664741762
178,5,3,2.951000000000022,,13518,"[954, 270]",False,,True,0.0,False,medium,False,"[[702, 708]]",,[],,0.845188606950005,0.6579140462242254
179,5,3,2.9669999999999845,,13518,"[954, 270]",False,,True,0.0,False,medium,False,"[[702, 702], [828, 810]]",,[],,0.5085677246224853,0.7204920884345083
180,5,3,2.9840000000000373,,13518,"[954, 270]",False,,True,0.0,False,medium,False,"[[702, 696], [828, 804]]",,[],,0.5085677246224853,0.7204920884345083
181,5,3,3.0009999999999764,,13518,"[954, 270]",False,,True,0.0,False,medium,False,"[[702, 690], [828, 798]]",,[],,0.5140911924964392,0.7249314044311667
182,5,3,3.0170000000000528,,13518,"[954, 270]",False,,True,0.0,False,medium,False,"[[702, 684], [828, 792], [666, 810]]",,[],,0.8646744278301697,1.0229758680515937
183,5,3,3.033999999999992,,13518,"[954, 270]",False,,True,0.0,False,medium,False,"[[702, 678], [828, 786], [666, 804]]",,[],,0.514642589555515,0.7270789401606146
184,5,3,3.0510000000000446,,13518,"[954, 270]",False,,True,0.0,False,medium,False,"[[702, 672], [828, 780], [666, 798]]",,[],,0.514642589555515,0.7270789401606146
185,5,3,3.0679999999999836,,13518,"[954, 270]",False,,True,0.0,False,medium,False,"[[702, 666], [828, 774], [666, 792], [648, 810]]",,[],,0.5162071021930703,0.7267737053686822
186,5,3,3.08400000000006,,13518,"[954, 270]",False,,True,0.0,False,medium,False,"[[702, 660], [828, 768], [666, 786], [648, 804]]",,[],,0.5162071021930703,0.7267737053686822
187,5,3,3.1000000000000227,,13518,"[954, 270]",False,,True,0.0,False,medium,False,"[[702, 654], [828, 762], [666, 780], [648, 798]]",,[],,0.819101425547915,0.7078555066687419
188,5,3,3.1159999999999854,,13518,"[954, 270]",False,,True,0.0,False,medium,False,"[[702, 648], [828, 756], [666, 774], [648, 792]]",,[],,0.819101425547915,0.7078555066687419
189,5,3,3.133000000000038,,13518,"[954, 270]",False,,True,0.0,False,medium,False,"[[702, 642], [828, 750], [666, 768], [648, 786]]",,[],,0.8642038133102921,1.0129773078819782
190,5,3,3.149000000000001,,13518,"[954, 270]",False,,True,0.0,False,medium,False,"[[702, 636], [828, 744], [666, 762], [648, 780]]",,[],,0.8642038133102921,1.0129773078819782
191,5,3,3.1660000000000537,,13518,"[954, 270]",False,,True,0.0,False,medium,False,"[[702, 630], [828, 738], [666, 756], [648, 774], [846, 810]]",,[],,0.7853892727595719,0.6846626883072252
192,5,3,3.1820000000000164,,13518,"[954, 270]",False,,True,0.0,False,medium,False,"[[702, 624], [828, 732], [666, 750], [648, 768], [846, 804]]",,[],,0.7853892727595719,0.6846626883072252
193,5,3,3.199000000000069,,13518,"[954, 270]",False,,True,0.0,False,medium,False,"[[702, 618], [828, 726], [666, 744], [648, 762], [846, 798]]",,[],,0.5166739003860087,0.6897016343259821
194,5,3,3.215000000000032,,13518,"[954, 270]",False,,True,0.0,False,medium,False,"[[702, 612], [828, 720], [666, 738], [648, 756], [846, 792]]",,[],,0.5166739003860087,0.6897016343259821
195,5,3,3.2320000000000846,,13518,"[954, 270]",False,,True,0.0,False,medium,False,"[[702, 606], [828, 714], [666, 732], [648, 750], [846, 786]]",,[],,0.8569284650546658,0.9591355902934545
196,5,3,3.2480000000000473,,13518,"[954, 270]",False,,True,0.0,False,medium,False,"[[702, 600], [828, 708], [666, 726], [648, 744], [846, 780]]",,[],,0.8569284650546658,0.9591355902934545
197,5,3,3.2649999999999864,,13518,"[954, 270]",False,,True,0.0,False,medium,False,"[[702, 594], [828, 702], [666, 720], [648, 738], [846, 774]]",,[],,0.5319118892184005,0.5710175499834578
198,5,3,3.2810000000000628,,13518,"[954, 270]",False,,True,0.0,False,medium,False,"[[702, 588], [828, 696], [666, 714], [648, 732], [846, 768]]",,[],,0.5319118892184005,0.5710175499834578
199,5,3,3.2970000000000255,,13518,"[954, 270]",False,,True,0.0,False,medium,False,"[[702, 582], [828, 690], [666, 708], [648, 726], [846, 762]]",,[],,0.8612934303712704,0.9604895724735976
200,5,3,3.312999999999988,,13518,"[954, 270]",False,,True,0.0,False,medium,False,"[[702, 576], [828, 684], [666, 702], [648, 720], [846, 756]]",,[],,0.8612934303712704,0.9604895724735976
201,5,3,3.330000000000041,,13518,"[954, 270]",False,,True,0.0,False,medium,False,"[[702, 570], [828, 678], [666, 696], [648, 714], [846, 750]]",,[],,0.7618211464241329,0.6712932561022613
202,5,3,3.3460000000000036,,13518,"[954, 270]",False,,True,0.0,False,medium,False,"[[702, 564], [828, 672], [666, 690], [648, 708], [846, 744]]",,[],,0.7618211464241329,0.6712932561022613
203,5,3,3.3630000000000564,,13518,"[954, 270]",False,,True,0.0,False,medium,False,"[[702, 558], [828, 666], [666, 684], [648, 702], [846, 738]]",,[],,0.5341350097972776,0.5920319554366543
204,5,3,3.379000000000019,,13518,"[954, 270]",False,,True,0.0,False,medium,False,"[[702, 552], [828, 660], [666, 678], [648, 696], [846, 732]]",,[],,0.5341350097972776,0.5920319554366543
205,5,3,3.396000000000072,,13518,"[954, 270]",False,,True,0.0,False,medium,False,"[[702, 546], [828, 654], [666, 672], [648, 690], [846, 726]]",,[],,0.7517994451777279,0.6755531581678169
206,5,3,3.4120000000000346,,13518,"[954, 270]",False,,True,0.0,False,medium,False,"[[702, 540], [828, 648], [666, 666], [648, 684], [846, 720]]",,[],,0.7517994451777279,0.6755531581678169
207,5,3,3.4279999999999973,,13518,"[954, 270]",False,,True,0.0,False,medium,False,"[[702, 534], [828, 642], [666, 660], [648, 678], [846, 714]]",,[],,0.7855938371750902,0.7223326099869233
208,5,3,3.44500000000005,,13518,"[954, 270]",False,,True,0.0,False,medium,False,"[[702, 528], [828, 636], [666, 654], [648, 672], [846, 708]]",,[],,0.7855938371750902,0.7223326099869233
209,5,3,3.4610000000000127,,13518,"[954, 270]",False,,True,0.0,False,medium,False,"[[702, 522], [828, 630], [666, 648], [648, 666], [846, 702]]",,[],,0.5283203225263067,0.6066997467811028
210,5,3,3.4780000000000655,,13518,"[954, 270]",False,,True,0.0,False,medium,False,"[[702, 516], [828, 624], [666, 642], [648, 660], [846, 696]]",,[],,0.5283203225263067,0.6066997467811028
211,5,3,3.494000000000028,,13518,"[954, 270]",False,,True,0.0,False,medium,False,"[[702, 510], [828, 618], [666, 636], [648, 654], [846, 690]]",,[],,0.8553756388952232,1.0744086536421997
212,5,3,3.509999999999991,,13518,"[954, 270]",False,,True,0.0,False,medium,False,"[[702, 504], [828, 612], [666, 630], [648, 648], [846, 684]]",,[],,0.8551023971477635,1.0737001841505818
213,5,3,3.5260000000000673,,13518,"[954, 270]",False,,True,0.0,False,medium,False,"[[702, 498], [828, 606], [666, 624], [648, 642], [846, 678]]",,[],,0.513343295746998,0.5586428287620475
214,5,3,3.54200000000003,,13518,"[954, 270]",False,,True,0.0,False,medium,False,"[[702, 492], [828, 600], [666, 618], [648, 636], [846, 672]]",,[],,0.513343295746998,0.5586428287620475
215,5,3,3.560000000000059,,13518,"[954, 270]",False,,True,0.0,False,medium,False,"[[702, 486], [828, 594], [666, 612], [648, 630], [846, 666]]",,[],,0.8150565267027471,0.9256935778007718
216,5,3,3.5750000000000455,,13518,"[954, 270]",False,,True,0.0,False,medium,False,"[[702, 480], [828, 588], [666, 606], [648, 624], [846, 660]]",,[],,0.8150565267027471,0.9256935778007718
217,5,3,3.591000000000008,,13518,"[954, 270]",False,,True,0.0,False,medium,False,"[[702, 474], [828, 582], [666, 600], [648, 618], [846, 654]]",,[],,0.7591110025190625,0.6760474930455391
218,5,3,3.608000000000061,,13518,"[954, 270]",False,,True,0.0,False,medium,False,"[[702, 468], [828, 576], [666, 594], [648, 612], [846, 648]]",,[],,0.8208652395520708,0.9679475027490446
219,5,3,3.6240000000000236,,13518,"[954, 270]",False,,True,0.0,False,medium,False,"[[702, 462], [828, 570], [666, 588], [648, 606], [846, 642]]",,[],,0.7491620530630838,0.7113979782923328
220,5,3,3.6399999999999864,,13518,"[954, 270]",False,,True,0.0,False,medium,False,"[[702, 456], [828, 564], [666, 582], [648, 600], [846, 636]]",,[],,0.7491620530630838,0.7113979782923328
221,5,3,3.6560000000000628,,13518,"[954, 270]",False,,True,0.0,False,medium,False,"[[702, 450], [828, 558], [666, 576], [648, 594], [846, 630]]",,[],,0.7520995694639392,0.7483972901609917
222,5,3,3.673000000000002,,13518,"[954, 270]",False,,True,0.0,False,medium,False,"[[702, 444], [828, 552], [666, 570], [648, 588], [846, 624]]",,[],,0.7505919457109897,0.6653523668321635
223,5,3,3.689000000000078,,13518,"[954, 270]",False,,True,0.0,False,medium,False,"[[702, 438], [828, 546], [666, 564], [648, 582], [846, 618]]",,[],,0.5094029974440686,0.5532909771369807
224,5,3,3.705000000000041,,13518,"[954, 270]",False,,True,0.0,False,medium,False,"[[702, 432], [828, 540], [666, 558], [648, 576], [846, 612], [936, 810]]",,[],,0.7520123455025418,0.7522252198799193
225,5,3,3.72300000000007,,13518,"[954, 270]",False,,True,0.0,False,medium,False,"[[702, 426], [828, 534], [666, 552], [648, 570], [846, 606], [936, 804]]",,[],,0.734290822333822,0.6680246907843782
226,5,3,3.740000000000009,,13518,"[954, 270]",False,,True,0.0,False,medium,False,"[[702, 420], [828, 528], [666, 546], [648, 564], [846, 600], [936, 798]]",,[],,0.7568808196699349,0.662107084765837
227,5,3,3.757000000000062,,13518,"[954, 270]",False,,True,0.0,False,medium,False,"[[702, 414], [828, 522], [666, 540], [648, 558], [846, 594], [936, 792]]",,[],,0.5281011766017627,0.6194845875082311
228,5,3,3.774000000000001,,13518,"[954, 270]",False,,True,0.0,False,medium,False,"[[702, 408], [828, 516], [666, 534], [648, 552], [846, 588], [936, 786]]",,[],,0.5360812673891722,0.6590703075449279
229,5,3,3.7910000000000537,,13518,"[954, 270]",False,,True,0.0,False,medium,False,"[[702, 402], [828, 510], [666, 528], [648, 546], [846, 582], [936, 780]]",,[],,0.8417595976619152,1.109259152627988
230,5,3,3.8070000000000164,,13518,"[954, 270]",False,,True,0.0,False,medium,False,"[[702, 396], [828, 504], [666, 522], [648, 540], [846, 576], [936, 774]]",,[],,0.9723285592782844,0.42754628861680766
231,5,3,3.824000000000069,,13518,"[954, 270]",False,,True,0.0,False,medium,False,"[[702, 390], [828, 498], [666, 516], [648, 534], [846, 570], [936, 768]]",,[],,0.9723285592782844,0.42754628861680766
232,5,3,3.841000000000008,,13518,"[954, 270]",False,,True,0.0,False,medium,False,"[[702, 384], [828, 492], [666, 510], [648, 528], [846, 564], [936, 762]]",,[],,0.9723285592782844,0.42754628861680766
233,5,3,3.858000000000061,,13518,"[954, 270]",False,,True,0.0,False,medium,False,"[[702, 378], [828, 486], [666, 504], [648, 522], [846, 558], [936, 756]]",,[],,0.5335578793716047,0.6593102268809263
234,5,3,3.8740000000000236,,13518,"[954, 270]",False,,True,0.0,False,medium,False,"[[702, 372], [828, 480], [666, 498], [648, 516], [846, 552], [936, 750]]",,[],,0.849595627417072,0.9835630092834154
235,5,3,3.8910000000000764,,13518,"[954, 270]",False,,True,0.0,False,medium,False,"[[702, 366], [828, 474], [666, 492], [648, 510], [846, 546], [936, 744]]",,[],,0.9722847087145731,0.42755119597167035
236,5,3,3.9080000000000155,,13518,"[954, 270]",False,,True,0.0,False,medium,False,"[[702, 360], [828, 468], [666, 486], [648, 504], [846, 540], [936, 738]]",,[],,0.8552390261885339,1.0986702538813728
237,5,3,3.9260000000000446,,13518,"[954, 270]",False,,True,0.0,False,medium,False,"[[702, 354], [828, 462], [666, 480], [648, 498], [846, 534], [936, 732]]",,[],,0.8265930945782138,1.1011952241042302
238,5,3,3.941000000000031,,13518,"[954, 270]",False,,True,0.0,False,medium,False,"[[702, 348], [828, 456], [666, 474], [648, 492], [846, 528], [936, 726]]",,[],,0.9722847087145731,0.42755119597167035
239,5,3,3.9569999999999936,,13518,"[954, 270]",False,,True,0.0,False,medium,False,"[[702, 342], [828, 450], [666, 468], [648, 486], [846, 522], [936, 720]]",,[],,0.9722847087145731,0.42755119597167035
240,5,3,3.9750000000000227,,13518,"[954, 270]",False,,True,0.0,False,medium,False,"[[702, 336], [828, 444], [666, 462], [648, 480], [846, 516], [936, 714]]",,[],,0.5270904993649992,0.6810238351690061
241,5,3,3.9920000000000755,,13518,"[954, 270]",False,,True,0.0,False,medium,False,"[[702, 330], [828, 438], [666, 456], [648, 474], [846, 510], [936, 708]]",,[],,0.8355911185550354,0.9839196270213881
242,5,3,4.008000000000038,,13518,"[954, 270]",False,,True,0.0,False,medium,False,"[[702, 324], [828, 432], [666, 450], [648, 468], [846, 504], [936, 702]]",,[],,0.9722847087145731,0.42755119597167035
243,5,3,4.024999999999977,,13518,"[954, 270]",False,,True,0.0,False,medium,False,"[[702, 318], [828, 426], [666, 444], [648, 462], [846, 498], [936, 696]]",,[],,0.9722847087145731,0.42755119597167035
244,5,3,4.04200000000003,,13518,"[954, 270]",False,,True,0.0,False,medium,False,"[[702, 312], [828, 420], [666, 438], [648, 456], [846, 492], [936, 690]]",,[],,0.8272310012810544,0.9489423583600641
245,5,3,4.059000000000083,,13518,"[954, 270]",False,,True,0.0,False,medium,False,"[[702, 306], [828, 414], [666, 432], [648, 450], [846, 486], [936, 684]]",,[],,0.9722847087145731,0.42755119597167035
246,5,3,4.0750000000000455,,13518,"[954, 270]",False,,True,0.0,False,medium,False,"[[702, 300], [828, 408], [666, 426], [648, 444], [846, 480], [936, 678]]",,[],,0.9722847087145731,0.42755119597167035
247,5,3,4.091000000000008,,13518,"[954, 270]",False,,True,0.0,False,medium,False,"[[702, 294], [828, 402], [666, 420], [648, 438], [846, 474], [936, 672]]",,[],,0.9722847087145731,0.42755119597167035
248,5,3,4.107000000000085,,13518,"[954, 270]",False,,True,0.0,False,medium,False,"[[702, 288], [828, 396], [666, 414], [648, 432], [846, 468], [936, 666], [1260, 810]]",,[],,0.5311936571474023,0.6910484642659378
249,5,3,4.123000000000047,,13518,"[954, 270]",False,,True,0.0,False,medium,False,"[[702, 282], [828, 390], [666, 408], [648, 426], [846, 462], [936, 660], [1260, 804]]",,[],,0.5311936571474023,0.6910484642659378
250,5,3,4.139999999999986,,13518,"[954, 270]",False,,True,0.0,False,medium,False,"[[702, 276], [828, 384], [666, 402], [648, 420], [846, 456], [936, 654], [1260, 798]]",,[],,0.5295443942311512,0.699960799898852
251,5,3,4.156000000000063,,13518,"[954, 270]",False,,True,0.0,False,medium,False,"[[702, 270], [828, 378], [666, 396], [648, 414], [846, 450], [936, 648], [1260, 792]]",,[],,0.5295443942311512,0.699960799898852
252,5,3,4.1720000000000255,,13518,"[954, 270]",False,,True,0.0,False,medium,False,"[[702, 264], [828, 372], [666, 390], [648, 408], [846, 444], [936, 642], [1260, 786]]",,[],,0.5259036141275029,0.7083061113569393
253,5,3,4.187999999999988,,13518,"[954, 270]",False,,True,0.0,False,medium,False,"[[702, 258], [828, 366], [666, 384], [648, 402], [846, 438], [936, 636], [1260, 780]]",,[],,0.9722847087145731,0.42755119597167035
254,5,3,4.204000000000065,,13518,"[954, 270]",False,,True,0.0,False,medium,False,"[[702, 252], [828, 360], [666, 378], [648, 396], [846, 432], [936, 630], [1260, 774], [1260, 810]]",,[],,0.5200975598590294,0.7109293791470392
255,5,3,4.221000000000004,,13518,"[954, 270]",False,,True,0.0,False,medium,False,"[[702, 246], [828, 354], [666, 372], [648, 390], [846, 426], [936, 624], [1260, 768], [1260, 804]]",,[],,0.5200975598590294,0.7109293791470392
256,5,3,4.239000000000033,,13518,"[954, 270]",False,,True,0.0,False,medium,False,"[[702, 240], [828, 348], [666, 366], [648, 384], [846, 420], [936, 618], [1260, 762], [1260, 798]]",,[],,0.8215362898957359,0.9655735806690456
257,5,3,4.2549999999999955,,13518,"[954, 270]",False,,True,0.0,False,medium,False,"[[702, 234], [828, 342], [666, 360], [648, 378], [846, 414], [936, 612], [1260, 756], [1260, 792]]",,[],,0.8215362898957359,0.9655735806690456
258,5,3,4.271000000000072,,13518,"[954, 270]",False,,True,0.0,False,medium,False,"[[702, 228], [828, 336], [666, 354], [648, 372], [846, 408], [936, 606], [1260, 750], [1260, 786]]",,[],,0.9722847087145731,0.42755119597167035
259,5,3,4.287000000000035,,13518,"[954, 270]",False,,True,0.0,False,medium,False,"[[702, 222], [828, 330], [666, 348], [648, 366], [846, 402], [936, 600], [1260, 744], [1260, 780]]",,[],,0.9722847087145731,0.42755119597167035
260,5,3,4.302999999999997,,13518,"[954, 270]",False,,True,0.0,False,medium,False,"[[702, 216], [828, 324], [666, 342], [648, 360], [846, 396], [936, 594], [1260, 738], [1260, 774]]",,[],,0.5211223250141318,0.7187979675539339
261,5,3,4.319000000000074,,13518,"[954, 270]",False,,True,0.0,False,medium,False,"[[702, 210], [828, 318], [666, 336], [648, 354], [846, 390], [936, 588], [1260, 732], [1260, 768]]",,[],,0.5211223250141318,0.7187979675539339
262,5,3,4.335000000000036,,13518,"[954, 270]",False,Right,True,0.0,False,medium,False,"[[702, 204], [828, 312], [666, 330], [648, 348], [846, 384], [936, 582], [1260, 726], [1260, 762]]",,[],,0.5222934140485435,0.7251492450548973
263,5,3,4.350999999999999,,13518,"[954, 270]",False,Right,True,0.0,False,medium,False,"[[696, 198], [822, 306], [660, 324], [642, 342], [840, 378], [930, 576], [1254, 720], [1254, 756]]",,[],,0.5222934140485435,0.7251492450548973
264,5,3,4.3670000000000755,,13518,"[954, 270]",False,Right,True,0.0,False,medium,False,"[[690, 192], [816, 300], [654, 318], [636, 336], [834, 372], [924, 570], [1248, 714], [1248, 750]]",,[],,0.8109833091097709,0.9662084298472564
265,5,3,4.3840000000000146,,13518,"[954, 270]",False,Right,True,0.0,False,medium,False,"[[684, 186], [810, 294], [648, 312], [630, 330], [828, 366], [918, 564], [1242, 708], [1242, 744]]",,[],,0.8109833091097709,0.9662084298472564
266,5,3,4.401000000000067,,13518,"[954, 270]",False,Right,True,0.0,False,medium,False,"[[678, 180], [804, 288], [642, 306], [624, 324], [822, 360], [912, 558], [1236, 702], [1236, 738]]",,[],,0.9722847087145731,0.42755119597167035
267,5,3,4.41700000000003,,13518,"[954, 270]",False,Right,True,0.0,False,medium,False,"[[672, 174], [798, 282], [636, 300], [618, 318], [816, 354], [906, 552], [1230, 696], [1230, 732]]",,[],,0.9722847087145731,0.42755119597167035
268,5,3,4.434000000000083,,13518,"[954, 270]",False,Right,True,0.0,False,medium,False,"[[666, 168], [792, 276], [630, 294], [612, 312], [810, 348], [900, 546], [1224, 690], [1224, 726]]",,"[[1374, 810]]",,0.9722847087145731,0.42755119597167035
269,5,3,4.4500000000000455,,13518,"[954, 270]",False,Right,True,0.0,False,medium,False,"[[660, 162], [786, 270], [624, 288], [606, 306], [804, 342], [894, 540], [1218, 684], [1218, 720], [678, 810]]",,"[[1368, 804]]",,0.9722847087145731,0.42755119597167035
270,5,3,4.4669999999999845,,13518,"[954, 270]",False,Right,True,0.0,False,medium,False,"[[654, 156], [780, 264], [618, 282], [600, 300], [798, 336], [888, 534], [1212, 678], [1212, 714], [672, 804]]",,"[[1362, 798]]",,0.9722847087145731,0.42755119597167035
271,5,3,4.484000000000037,,13518,"[954, 270]",False,Right,True,0.0,False,medium,False,"[[648, 150], [774, 258], [612, 276], [594, 294], [792, 330], [882, 528], [1206, 672], [1206, 708], [666, 798]]",,"[[1356, 792]]",,0.9722847087145731,0.42755119597167035
272,5,3,4.503000000000043,,13518,"[954, 270]",False,Right,True,0.0,False,medium,False,"[[642, 144], [768, 252], [606, 270], [588, 288], [786, 324], [876, 522], [1200, 666], [1200, 702], [660, 792]]",,"[[1350, 786]]",,0.5153999106501617,0.7112441596776156
273,5,3,4.519999999999982,,13518,"[954, 270]",False,Right,True,0.0,False,medium,False,"[[636, 138], [762, 246], [600, 264], [582, 282], [780, 318], [870, 516], [1194, 660], [1194, 696], [654, 786]]",,"[[1344, 780]]",,0.5153999106501617,0.7112441596776156
274,5,3,4.537000000000035,,13518,"[954, 270]",False,Right,True,0.0,False,medium,False,"[[630, 132], [756, 240], [594, 258], [576, 276], [774, 312], [864, 510], [1188, 654], [1188, 690], [648, 780]]",,"[[1338, 774]]",,0.518230733861712,0.6944874456082699
275,5,3,4.552999999999997,,13518,"[954, 270]",False,Right,True,0.0,False,medium,False,"[[624, 126], [750, 234], [588, 252], [570, 270], [768, 306], [858, 504], [1182, 648], [1182, 684], [642, 774]]",,"[[1332, 768]]",,0.518230733861712,0.6944874456082699
276,5,3,4.57000000000005,,13518,"[954, 270]",False,Right,True,0.0,False,medium,False,"[[618, 120], [744, 228], [582, 246], [564, 264], [762, 300], [852, 498], [1176, 642], [1176, 678], [636, 768]]",,"[[1326, 762]]",,0.9722847087145731,0.42755119597167035
277,5,3,4.586999999999989,,13518,"[954, 270]",False,,True,0.0,False,medium,False,"[[612, 114], [738, 222], [576, 240], [558, 258], [756, 294], [846, 492], [1170, 636], [1170, 672], [630, 762]]",,"[[1326, 756]]",,0.9722847087145731,0.42755119597167035
278,5,3,4.601999999999975,,13518,"[954, 270]",False,,True,0.0,False,medium,False,"[[612, 108], [738, 216], [576, 234], [558, 252], [756, 288], [846, 486], [1170, 630], [1170, 666], [630, 756], [612, 810]]",,"[[1326, 750]]",,0.5237967668642508,0.6910484378226576
279,5,3,4.618000000000052,,13518,"[954, 270]",False,,True,0.0,False,medium,False,"[[612, 102], [738, 210], [576, 228], [558, 246], [756, 282], [846, 480], [1170, 624], [1170, 660], [630, 750], [612, 804]]",,"[[1326, 744]]",,0.5237967668642508,0.6910484378226576
280,5,3,4.634999999999991,,13518,"[954, 270]",False,,True,0.0,False,medium,False,"[[612, 96], [738, 204], [576, 222], [558, 240], [756, 276], [846, 474], [1170, 618], [1170, 654], [630, 744], [612, 798]]",,"[[1326, 738]]",,0.9722847087145731,0.42755119597167035
281,5,3,4.652000000000044,,13518,"[954, 270]",False,,True,0.0,False,medium,False,"[[612, 90], [738, 198], [576, 216], [558, 234], [756, 270], [846, 468], [1170, 612], [1170, 648], [630, 738], [612, 792]]",,"[[1326, 732]]",,0.9722847087145731,0.42755119597167035
282,5,3,4.668000000000006,,13518,"[954, 270]",False,,True,0.0,False,medium,False,"[[612, 84], [738, 192], [576, 210], [558, 228], [756, 264], [846, 462], [1170, 606], [1170, 642], [630, 732], [612, 786]]",,"[[1326, 726]]",,0.9722847087145731,0.42755119597167035
283,5,3,4.6860000000000355,,13518,"[954, 270]",False,,True,0.0,False,medium,False,"[[612, 78], [738, 186], [576, 204], [558, 222], [756, 258], [846, 456], [1170, 600], [1170, 636], [630, 726], [612, 780]]",,"[[1326, 720]]",,0.9722847087145731,0.42755119597167035
284,5,3,4.7029999999999745,,13518,"[954, 270]",False,,True,0.0,False,medium,False,"[[612, 72], [738, 180], [576, 198], [558, 216], [756, 252], [846, 450], [1170, 594], [1170, 630], [630, 720], [612, 774]]",,"[[1326, 714]]",,0.5219529285640163,0.6913432576161804
285,5,3,4.720000000000027,,13518,"[954, 270]",False,,True,0.0,False,medium,False,"[[612, 66], [738, 174], [576, 192], [558, 210], [756, 246], [846, 444], [1170, 588], [1170, 624], [630, 714], [612, 768]]",,"[[1326, 708]]",,0.5219529285640163,0.6913432576161804
286,5,3,4.73599999999999,,13518,"[954, 270]",False,,True,0.0,False,medium,False,"[[612, 60], [738, 168], [576, 186], [558, 204], [756, 240], [846, 438], [1170, 582], [1170, 618], [630, 708], [612, 762]]",,"[[1326, 702]]",,0.8774179891286724,0.7911564416613023
287,5,3,4.753000000000043,,13518,"[954, 270]",False,,True,0.0,False,medium,False,"[[612, 54], [738, 162], [576, 180], [558, 198], [756, 234], [846, 432], [1170, 576], [1170, 612], [630, 702], [612, 756]]",,"[[1326, 696]]",,0.8774179891286724,0.7911564416613023
288,5,3,4.7690000000000055,,13518,"[954, 270]",False,,True,0.0,False,medium,False,"[[612, 48], [738, 156], [576, 174], [558, 192], [756, 228], [846, 426], [1170, 570], [1170, 606], [630, 696], [612, 750]]",,"[[1326, 690]]",,0.5208221796075602,0.6959616869860553
289,5,3,4.785000000000082,,13518,"[954, 270]",False,,True,0.0,False,medium,False,"[[612, 42], [738, 150], [576, 168], [558, 186], [756, 222], [846, 420], [1170, 564], [1170, 600], [630, 690], [612, 744]]",,"[[1326, 684]]",,0.5208221796075602,0.6959616869860553
290,5,3,4.801000000000045,,13518,"[954, 270]",False,,True,0.0,False,medium,False,"[[612, 36], [738, 144], [576, 162], [558, 180], [756, 216], [846, 414], [1170, 558], [1170, 594], [630, 684], [612, 738]]",,"[[1326, 678]]",,0.9052410351728483,0.7634977326719226
291,5,3,4.817000000000007,,13518,"[954, 270]",False,,True,0.0,False,medium,False,"[[612, 30], [738, 138], [576, 156], [558, 174], [756, 210], [846, 408], [1170, 552], [1170, 588], [630, 678], [612, 732]]",,"[[1326, 672]]",,0.9052410351728483,0.7634977326719226
292,5,3,4.833000000000084,,13518,"[954, 270]",False,,True,0.0,False,medium,False,"[[612, 24], [738, 132], [576, 150], [558, 168], [756, 204], [846, 402], [1170, 546], [1170, 582], [630, 672], [612, 726]]",,"[[1326, 666]]",,0.8402324287803223,1.0013703676048278
293,5,3,4.849000000000046,,13518,"[954, 270]",False,,True,0.0,False,medium,False,"[[612, 18], [738, 126], [576, 144], [558, 162], [756, 198], [846, 396], [1170, 540], [1170, 576], [630, 666], [612, 720]]",,"[[1326, 660]]",,0.8395199579489198,1.0061348884948702
294,5,3,4.8670000000000755,,13518,"[954, 270]",False,,True,0.0,False,medium,False,"[[612, 12], [738, 120], [576, 138], [558, 156], [756, 192], [846, 390], [1170, 534], [1170, 570], [630, 660], [612, 714]]",,"[[1326, 654]]",,0.9723848906564164,0.4273786877114294
295,5,3,4.8840000000000146,,13518,"[954, 270]",False,,True,0.0,False,medium,False,"[[612, 6], [738, 114], [576, 132], [558, 150], [756, 186], [846, 384], [1170, 528], [1170, 564], [630, 654], [612, 708]]",,"[[1326, 648]]",,0.9723848906564164,0.4273786877114294
296,5,3,4.899999999999977,,13518,"[954, 270]",False,,True,0.0,False,medium,False,"[[612, 0], [738, 108], [576, 126], [558, 144], [756, 180], [846, 378], [1170, 522], [1170, 558], [630, 648], [612, 702]]",,"[[1326, 642]]",,0.852890470063986,1.0416082372425388
297,5,3,4.916000000000054,,13518,"[954, 270]",False,,True,0.0,False,medium,False,"[[738, 102], [576, 120], [558, 138], [756, 174], [846, 372], [1170, 516], [1170, 552], [630, 642], [612, 696]]",,"[[1326, 636]]",,0.852890470063986,1.0416082372425388
298,5,3,4.932000000000016,,13518,"[954, 270]",False,,True,0.0,False,medium,False,"[[738, 96], [576, 114], [558, 132], [756, 168], [846, 366], [1170, 510], [1170, 546], [630, 636], [612, 690]]",,"[[1326, 630]]",,0.9723848906564164,0.4273786877114294
299,5,3,4.949000000000069,,13518,"[954, 270]",False,,True,0.0,False,medium,False,"[[738, 90], [576, 108], [558, 126], [756, 162], [846, 360], [1170, 504], [1170, 540], [630, 630], [612, 684]]",,"[[1326, 624]]",,0.9723848906564164,0.4273786877114294
300,5,3,4.965000000000032,,13518,"[954, 270]",False,,True,0.0,False,medium,False,"[[738, 84], [576, 102], [558, 120], [756, 156], [846, 354], [1170, 498], [1170, 534], [630, 624], [612, 678]]",,"[[1326, 618]]",,0.9723848906564164,0.4273786877114294
301,5,3,4.9809999999999945,,13518,"[954, 270]",False,,True,0.0,False,medium,False,"[[738, 78], [576, 96], [558, 114], [756, 150], [846, 348], [1170, 492], [1170, 528], [630, 618], [612, 672]]",,"[[1326, 612]]",,0.9723848906564164,0.4273786877114294
302,5,3,4.997000000000071,,13518,"[954, 270]",False,,True,0.0,False,medium,False,"[[738, 72], [576, 90], [558, 108], [756, 144], [846, 342], [1170, 486], [1170, 522], [630, 612], [612, 666], [918, 810]]",,"[[1326, 606]]",,0.9723848906564164,0.4273786877114294
303,5,3,5.013000000000034,,13518,"[954, 270]",False,,True,0.0,False,medium,False,"[[738, 66], [576, 84], [558, 102], [756, 138], [846, 336], [1170, 480], [1170, 516], [630, 606], [612, 660], [918, 804]]",,"[[1326, 600]]",,0.5084092317658572,0.7197235588596307
304,5,3,5.029999999999973,,13518,"[954, 270]",False,,True,0.0,False,medium,False,"[[738, 60], [576, 78], [558, 96], [756, 132], [846, 330], [1170, 474], [1170, 510], [630, 600], [612, 654], [918, 798]]",,"[[1326, 594]]",,0.5047280362240291,0.7230629669067871
305,5,3,5.0470000000000255,,13518,"[954, 270]",False,,True,0.0,False,medium,False,"[[738, 54], [576, 72], [558, 90], [756, 126], [846, 324], [1170, 468], [1170, 504], [630, 594], [612, 648], [918, 792]]",,"[[1326, 588]]",,0.8744640264249183,1.173062865097046
306,5,3,5.062999999999988,,13518,"[954, 270]",False,,True,0.0,False,medium,False,"[[738, 48], [576, 66], [558, 84], [756, 120], [846, 318], [1170, 462], [1170, 498], [630, 588], [612, 642], [918, 786]]",,"[[1326, 582]]",,0.9723848906564164,0.4273786877114294
307,5,3,5.080000000000041,,13518,"[954, 270]",False,,True,0.0,False,medium,False,"[[738, 42], [576, 60], [558, 78], [756, 114], [846, 312], [1170, 456], [1170, 492], [630, 582], [612, 636], [918, 780]]",,"[[1326, 576]]",,0.9723848906564164,0.4273786877114294
308,5,3,5.096000000000004,,13518,"[954, 270]",False,,True,0.0,False,medium,False,"[[738, 36], [576, 54], [558, 72], [756, 108], [846, 306], [1170, 450], [1170, 486], [630, 576], [612, 630], [918, 774]]",,"[[1326, 570]]",,0.5071315309267399,0.6884242294024375
309,5,3,5.11200000000008,,13518,"[954, 270]",False,,True,0.0,False,medium,False,"[[738, 30], [576, 48], [558, 66], [756, 102], [846, 300], [1170, 444], [1170, 480], [630, 570], [612, 624], [918, 768]]",,"[[1326, 564]]",,0.8414536683150103,1.0146620690957786
310,5,3,5.129000000000019,,13518,"[954, 270]",False,,True,0.0,False,medium,False,"[[738, 24], [576, 42], [558, 60], [756, 96], [846, 294], [1170, 438], [1170, 474], [630, 564], [612, 618], [918, 762]]",,"[[1326, 558]]",,0.9723848906564164,0.4273786877114294
311,5,3,5.146000000000072,,13518,"[954, 270]",False,,True,0.0,False,medium,False,"[[738, 18], [576, 36], [558, 54], [756, 90], [846, 288], [1170, 432], [1170, 468], [630, 558], [612, 612], [918, 756]]",,"[[1326, 552]]",,0.9723848906564164,0.4273786877114294
312,5,3,5.162000000000035,,13518,"[954, 270]",False,,True,0.0,False,medium,False,"[[738, 12], [576, 30], [558, 48], [756, 84], [846, 282], [1170, 426], [1170, 462], [630, 552], [612, 606], [918, 750]]",,"[[1326, 546]]",,0.9723848906564164,0.4273786877114294
313,5,3,5.177999999999997,,13518,"[954, 270]",False,,True,0.0,False,medium,False,"[[738, 6], [576, 24], [558, 42], [756, 78], [846, 276], [1170, 420], [1170, 456], [630, 546], [612, 600], [918, 744]]",,"[[1326, 540]]",,0.9723848906564164,0.4273786877114294
314,5,3,5.19500000000005,,13518,"[954, 270]",False,,True,0.0,False,medium,False,"[[738, 0], [576, 18], [558, 36], [756, 72], [846, 270], [1170, 414], [1170, 450], [630, 540], [612, 594], [918, 738]]",,"[[1326, 534]]",,0.9723848906564164,0.4273786877114294
315,5,3,5.211000000000013,,13518,"[954, 270]",False,,True,0.0,False,medium,False,"[[576, 12], [558, 30], [756, 66], [846, 264], [1170, 408], [1170, 444], [630, 534], [612, 588], [918, 732]]",,"[[1326, 528]]",,0.511767092437749,0.6609527696345121
316,5,3,5.2280000000000655,,13518,"[954, 270]",False,,True,0.0,False,medium,False,"[[576, 6], [558, 24], [756, 60], [846, 258], [1170, 402], [1170, 438], [630, 528], [612, 582], [918, 726]]",,"[[1326, 522]]",,0.9723848906564164,0.4273786877114294
317,5,3,5.245999999999981,,13518,"[954, 270]",False,,True,0.0,False,medium,False,"[[576, 0], [558, 18], [756, 54], [846, 252], [1170, 396], [1170, 432], [630, 522], [612, 576], [918, 720]]",,"[[1326, 516]]",,0.5171719449990269,0.6609620684266699
318,5,3,5.262000000000057,,13518,"[954, 270]",False,,True,0.0,False,medium,False,"[[558, 12], [756, 48], [846, 246], [1170, 390], [1170, 426], [630, 516], [612, 570], [918, 714]]",,"[[1326, 510]]",,0.5171719449990269,0.6609620684266699
319,5,3,5.278999999999996,,13518,"[954, 270]",False,,True,0.0,False,medium,False,"[[558, 6], [756, 42], [846, 240], [1170, 384], [1170, 420], [630, 510], [612, 564], [918, 708]]",,"[[1326, 504]]",,0.9723848906564164,0.4273786877114294
320,5,3,5.296000000000049,,13518,"[954, 270]",False,,True,0.0,False,medium,False,"[[558, 0], [756, 36], [846, 234], [1170, 378], [1170, 414], [630, 504], [612, 558], [918, 702]]",,"[[1326, 498]]",,0.9723848906564164,0.4273786877114294
321,5,3,5.312000000000012,,13518,"[954, 270]",False,,True,0.0,False,medium,False,"[[756, 30], [846, 228], [1170, 372], [1170, 408], [630, 498], [612, 552], [918, 696]]",,"[[1326, 492]]",,0.9723848906564164,0.4273786877114294
322,5,3,5.330000000000041,,13518,"[954, 270]",False,,True,0.0,False,medium,False,"[[756, 24], [846, 222], [1170, 366], [1170, 402], [630, 492], [612, 546], [918, 690]]",,"[[1326, 486]]",,0.5145769455566921,0.6697558748613834
323,5,3,5.34699999999998,,13518,"[954, 270]",False,,True,0.0,False,medium,False,"[[756, 18], [846, 216], [1170, 360], [1170, 396], [630, 486], [612, 540], [918, 684]]",,"[[1326, 480]]",,0.8539272100870295,0.9893328140738906
324,5,3,5.363000000000056,,13518,"[954, 270]",False,,True,0.0,False,medium,False,"[[756, 12], [846, 210], [1170, 354], [1170, 390], [630, 480], [612, 534], [918, 678]]",,"[[1326, 474]]",,0.8539272100870295,0.9893328140738906
325,5,3,5.379000000000019,,13518,"[954, 270]",False,,True,0.0,False,medium,False,"[[756, 6], [846, 204], [1170, 348], [1170, 384], [630, 474], [612, 528], [918, 672]]",,"[[1326, 468]]",,0.5155331276932559,0.6742445867168516
326,5,3,5.394999999999982,,13518,"[954, 270]",False,,True,0.0,False,medium,False,"[[756, 0], [846, 198], [1170, 342], [1170, 378], [630, 468], [612, 522], [918, 666]]",,"[[1326, 462]]",,0.5155331276932559,0.6742445867168516
327,5,3,5.411000000000058,,13518,"[954, 270]",False,,True,0.0,False,medium,False,"[[846, 192], [1170, 336], [1170, 372], [630, 462], [612, 516], [918, 660]]",,"[[1326, 456]]",,0.8476610225062624,1.102116584501887
328,5,3,5.427000000000021,,13518,"[954, 270]",False,,True,0.0,False,medium,False,"[[846, 186], [1170, 330], [1170, 366], [630, 456], [612, 510], [918, 654]]",,"[[1326, 450]]",,0.8476610225062624,1.102116584501887
329,5,3,5.442999999999984,,13518,"[954, 270]",False,,True,0.0,False,medium,False,"[[846, 180], [1170, 324], [1170, 360], [630, 450], [612, 504], [918, 648]]",,"[[1326, 444]]",,0.9723848906564164,0.4273786877114294
330,5,3,5.460000000000036,,13518,"[954, 270]",False,,True,0.0,False,medium,False,"[[846, 174], [1170, 318], [1170, 354], [630, 444], [612, 498], [918, 642]]",,"[[1326, 438]]",,0.9723848906564164,0.4273786877114294
331,5,3,5.4780000000000655,,13518,"[954, 270]",False,,True,0.0,False,medium,False,"[[846, 168], [1170, 312], [1170, 348], [630, 438], [612, 492], [918, 636]]",,"[[1326, 432]]",,0.9723848906564164,0.4273786877114294
332,5,3,5.4950000000000045,,13518,"[954, 270]",False,,True,0.0,False,medium,False,"[[846, 162], [1170, 306], [1170, 342], [630, 432], [612, 486], [918, 630], [684, 810]]",,"[[1326, 426]]",,0.9723848906564164,0.4273786877114294
333,5,3,5.513000000000034,,13518,"[954, 270]",False,,True,0.0,False,medium,False,"[[846, 156], [1170, 300], [1170, 336], [630, 426], [612, 480], [918, 624], [684, 804]]",,"[[1326, 420]]",,0.9723848906564164,0.4273786877114294
334,5,3,5.528999999999996,,13518,"[954, 270]",False,,True,0.0,False,medium,False,"[[846, 150], [1170, 294], [1170, 330], [630, 420], [612, 474], [918, 618], [684, 798]]",,"[[1326, 414]]",,0.9723848906564164,0.4273786877114294
335,5,3,5.545000000000073,,13518,"[954, 270]",False,,True,0.0,False,medium,False,"[[846, 144], [1170, 288], [1170, 324], [630, 414], [612, 468], [918, 612], [684, 792], [702, 810]]",,"[[1326, 408]]",,0.5133810856092171,0.6831201153763317
336,5,3,5.5610000000000355,,13518,"[954, 270]",False,,True,0.0,False,medium,False,"[[846, 138], [1170, 282], [1170, 318], [630, 408], [612, 462], [918, 606], [684, 786], [702, 804]]",,"[[1326, 402]]",,0.5133810856092171,0.6831201153763317
337,5,3,5.576999999999998,,13518,"[954, 270]",False,,True,0.0,False,medium,False,"[[846, 132], [1170, 276], [1170, 312], [630, 402], [612, 456], [918, 600], [684, 780], [702, 798]]",,"[[1326, 396]]",,0.5144786122732115,0.6813776988177724
338,5,3,5.593000000000075,,13518,"[954, 270]",False,,True,0.0,False,medium,False,"[[846, 126], [1170, 270], [1170, 306], [630, 396], [612, 450], [918, 594], [684, 774], [702, 792]]",,"[[1326, 390]]",,0.5144786122732115,0.6813776988177724
339,5,3,5.61099999999999,,13518,"[954, 270]",False,Left,True,0.0,False,medium,False,"[[846, 120], [1170, 264], [1170, 300], [630, 390], [612, 444], [918, 588], [684, 768], [702, 786]]",,"[[1332, 384]]",,0.5142175841182979,0.6852975945781494
340,5,3,5.627000000000066,,13518,"[954, 270]",False,Left,True,0.0,False,medium,False,"[[852, 114], [1176, 258], [1176, 294], [636, 384], [618, 438], [924, 582], [690, 762], [708, 780]]",,"[[1338, 378]]",,0.5142175841182979,0.6852975945781494
341,5,3,5.642000000000053,,13518,"[954, 270]",False,Left,True,0.0,False,medium,False,"[[858, 108], [1182, 252], [1182, 288], [642, 378], [624, 432], [930, 576], [696, 756], [714, 774], [678, 810]]",,"[[1344, 372]]",,0.510675375731861,0.6994756916917495
342,5,3,5.6580000000000155,,13518,"[954, 270]",False,Left,True,0.0,False,medium,False,"[[864, 102], [1188, 246], [1188, 282], [648, 372], [630, 426], [936, 570], [702, 750], [720, 768], [684, 804]]",,"[[1350, 366]]",,0.510675375731861,0.6994756916917495
343,5,3,5.675000000000068,,13518,"[954, 270]",False,Left,True,0.0,False,medium,False,"[[870, 96], [1194, 240], [1194, 276], [654, 366], [636, 420], [942, 564], [708, 744], [726, 762], [690, 798]]",,"[[1356, 360]]",,0.9723848906564164,0.4273786877114294
344,5,3,5.691000000000031,,13518,"[954, 270]",False,Left,True,0.0,False,medium,False,"[[876, 90], [1200, 234], [1200, 270], [660, 360], [642, 414], [948, 558], [714, 738], [732, 756], [696, 792]]",,"[[1362, 354]]",,0.9723848906564164,0.4273786877114294
345,5,3,5.70900000000006,,13518,"[954, 270]",False,Left,True,0.0,False,medium,False,"[[882, 84], [1206, 228], [1206, 264], [666, 354], [648, 408], [954, 552], [720, 732], [738, 750], [702, 786]]",,"[[1368, 348]]",,0.5047069790267791,0.701078034063273
346,5,3,5.726999999999975,,13518,"[954, 270]",False,Left,True,0.0,False,medium,False,"[[888, 78], [1212, 222], [1212, 258], [672, 348], [654, 402], [960, 546], [726, 726], [744, 744], [708, 780]]",,"[[1374, 342]]",,0.5047069790267791,0.701078034063273
347,5,3,5.743000000000052,,13518,"[954, 270]",False,Left,True,0.0,False,medium,False,"[[894, 72], [1218, 216], [1218, 252], [678, 342], [660, 396], [966, 540], [732, 720], [750, 738], [714, 774]]",,"[[1380, 336]]",,0.9723848906564164,0.4273786877114294
348,5,3,5.7590000000000146,,13518,"[954, 270]",False,Left,True,0.0,False,medium,False,"[[900, 66], [1224, 210], [1224, 246], [684, 336], [666, 390], [972, 534], [738, 714], [756, 732], [720, 768]]",,"[[1386, 330]]",,0.9723848906564164,0.4273786877114294
349,5,3,5.774999999999977,,13518,"[954, 270]",False,Left,True,0.0,False,medium,False,"[[906, 60], [1230, 204], [1230, 240], [690, 330], [672, 384], [978, 528], [744, 708], [762, 726], [726, 762]]",,"[[1392, 324], [486, 810]]",,0.5033998439027509,0.6981118268064836
350,5,3,5.79200000000003,,13518,"[954, 270]",False,Left,True,0.0,False,medium,False,"[[912, 54], [1236, 198], [1236, 234], [696, 324], [678, 378], [984, 522], [750, 702], [768, 720], [732, 756], [912, 810]]",,"[[1398, 318], [492, 804]]",,0.5033998439027509,0.6981118268064836
351,5,3,5.810000000000059,,13518,"[954, 270]",False,Left,True,0.0,False,medium,False,"[[918, 48], [1242, 192], [1242, 228], [702, 318], [684, 372], [990, 516], [756, 696], [774, 714], [738, 750], [918, 804]]",,"[[1404, 312], [498, 798]]",,0.849964327174062,0.9677075364877074
352,5,3,5.826999999999998,,13518,"[954, 270]",False,Left,True,1.0,False,medium,False,"[[924, 42], [1248, 186], [1248, 222], [708, 312], [690, 366], [996, 510], [762, 690], [780, 708], [744, 744], [924, 798]]",,"[[1410, 306], [504, 792]]",,0.849964327174062,0.9677075364877074
353,5,3,5.84800000000007,,13518,"[954, 270]",False,Left,True,1.0,False,medium,False,"[[930, 36], [1254, 180], [1254, 216], [714, 306], [696, 360], [1002, 504], [768, 684], [786, 702], [750, 738], [930, 792], [912, 810]]",,"[[1422, 300], [516, 786]]",,0.9723848906564164,0.4273786877114294
354,5,3,5.8670000000000755,,13518,"[954, 270]",False,,True,1.0,False,medium,False,"[[942, 30], [1266, 174], [1266, 210], [726, 300], [708, 354], [1014, 498], [780, 678], [798, 696], [762, 732], [942, 786], [924, 804]]",,"[[1428, 294], [522, 780]]",,0.4964960197953996,0.6735637828577408
355,5,3,5.8840000000000146,,13518,"[954, 270]",False,,True,1.0,False,medium,False,"[[948, 24], [1272, 168], [1272, 204], [732, 294], [714, 348], [1020, 492], [786, 672], [804, 690], [768, 726], [948, 780], [930, 798]]",,"[[1434, 288], [528, 774]]",,0.49681439024500956,0.6745387512288684
356,5,3,5.901000000000067,,13518,"[954, 270]",False,,True,1.0,False,medium,False,"[[954, 18], [1278, 162], [1278, 198], [738, 288], [720, 342], [1026, 486], [792, 666], [810, 684], [774, 720], [954, 774], [936, 792]]",,"[[1440, 282], [534, 768]]",,0.8504334772636793,0.9724177993977846
357,5,3,5.918000000000006,,13518,"[954, 270]",False,,True,1.0,False,medium,False,"[[960, 12], [1284, 156], [1284, 192], [744, 282], [726, 336], [1032, 480], [798, 660], [816, 678], [780, 714], [960, 768], [942, 786]]",,"[[1446, 276], [540, 762]]",,0.972424812790857,0.42848914187240716
358,5,3,5.935000000000059,,13518,"[954, 270]",False,,True,1.0,False,medium,False,"[[966, 6], [1290, 150], [1290, 186], [750, 276], [732, 330], [1038, 474], [804, 654], [822, 672], [786, 708], [966, 762], [948, 780]]",,"[[1452, 270], [546, 756]]",,0.4983542112848154,0.6830400870260152
359,5,3,5.951000000000022,,13518,"[954, 270]",False,,True,1.0,False,medium,False,"[[972, 0], [1296, 144], [1296, 180], [756, 270], [738, 324], [1044, 468], [810, 648], [828, 666], [792, 702], [972, 756], [954, 774]]",,"[[1458, 264], [552, 750]]",,0.8531078289221913,0.9755406583225632
360,5,3,5.968000000000075,,13518,"[954, 270]",False,,True,1.0,False,medium,False,"[[1302, 138], [1302, 174], [762, 264], [744, 318], [1050, 462], [816, 642], [834, 660], [798, 696], [978, 750], [960, 768]]",,"[[1464, 258], [558, 744]]",,0.972424812790857,0.42848914187240716
361,5,3,5.985000000000014,,13518,"[954, 270]",False,,True,1.0,False,medium,False,"[[1308, 132], [1308, 168], [768, 258], [750, 312], [1056, 456], [822, 636], [840, 654], [804, 690], [984, 744], [966, 762]]",,"[[1470, 252], [564, 738]]",,0.5040122100250755,0.6856669522182525
362,5,3,6.000999999999976,,13518,"[954, 270]",False,,True,1.0,False,medium,False,"[[1314, 126], [1314, 162], [774, 252], [756, 306], [1062, 450], [828, 630], [846, 648], [810, 684], [990, 738], [972, 756]]",,"[[1476, 246], [570, 732]]",,0.8524990279924538,0.9730448444278837
363,5,3,6.0190000000000055,,13518,"[954, 270]",False,,True,1.0,False,medium,False,"[[1320, 120], [1320, 156], [780, 246], [762, 300], [1068, 444], [834, 624], [852, 642], [816, 678], [996, 732], [978, 750]]",,"[[1482, 240], [576, 726]]",,0.5078563524846209,0.6849417484255544
364,5,3,6.035000000000082,,13518,"[954, 270]",False,,True,1.0,False,medium,False,"[[1326, 114], [1326, 150], [786, 240], [768, 294], [1074, 438], [840, 618], [858, 636], [822, 672], [1002, 726], [984, 744]]",,"[[1488, 234], [582, 720]]",,0.8525880328228705,0.9726720322033816
365,5,3,6.051000000000045,,13518,"[954, 270]",False,,True,1.0,False,medium,False,"[[1332, 108], [1332, 144], [792, 234], [774, 288], [1080, 432], [846, 612], [864, 630], [828, 666], [1008, 720], [990, 738]]",,"[[1494, 228], [588, 714]]",,0.8518450421127328,0.9752405809702259
366,5,3,6.067999999999984,,13518,"[954, 270]",False,,True,1.0,False,medium,False,"[[1338, 102], [1338, 138], [798, 228], [780, 282], [1086, 426], [852, 606], [870, 624], [834, 660], [1014, 714], [996, 732]]",,"[[1500, 222], [594, 708]]",,0.8518450421127328,0.9752405809702259
367,5,3,6.085000000000036,,13518,"[954, 270]",False,,True,1.0,False,medium,False,"[[1344, 96], [1344, 132], [804, 222], [786, 276], [1092, 420], [858, 600], [876, 618], [840, 654], [1020, 708], [1002, 726]]",,"[[1506, 216], [600, 702]]",,0.972424812790857,0.42848914187240716
368,5,3,6.100999999999999,,13518,"[954, 270]",False,,True,1.0,False,medium,False,"[[1350, 90], [1350, 126], [810, 216], [792, 270], [1098, 414], [864, 594], [882, 612], [846, 648], [1026, 702], [1008, 720]]",,"[[1512, 210], [606, 696]]",,0.5073234071667314,0.6903755489764607
369,5,3,6.118000000000052,,13518,"[954, 270]",False,,True,1.0,False,medium,False,"[[1356, 84], [1356, 120], [816, 210], [798, 264], [1104, 408], [870, 588], [888, 606], [852, 642], [1032, 696], [1014, 714]]",,"[[1518, 204], [612, 690]]",,0.972424812790857,0.42848914187240716
370,5,3,6.134999999999991,,13518,"[954, 270]",False,,True,1.0,False,medium,False,"[[1362, 78], [1362, 114], [822, 204], [804, 258], [1110, 402], [876, 582], [894, 600], [858, 636], [1038, 690], [1020, 708]]",,"[[1524, 198], [618, 684]]",,0.5071507285434953,0.7010062945235844
371,5,3,6.152000000000044,,13518,"[954, 270]",False,,True,1.0,False,medium,False,"[[1368, 72], [1368, 108], [828, 198], [810, 252], [1116, 396], [882, 576], [900, 594], [864, 630], [1044, 684], [1026, 702]]",,"[[1530, 192], [624, 678]]",,0.861882948271481,0.9761664342030105
372,5,3,6.170000000000073,,13518,"[954, 270]",False,,True,1.0,False,medium,False,"[[1374, 66], [1374, 102], [834, 192], [816, 246], [1122, 390], [888, 570], [906, 588], [870, 624], [1050, 678], [1032, 696]]",,"[[1536, 186], [630, 672]]",,0.972424812790857,0.42848914187240716
373,5,3,6.187000000000012,,13518,"[954, 270]",False,,True,1.0,False,medium,False,"[[1380, 60], [1380, 96], [840, 186], [822, 240], [1128, 384], [894, 564], [912, 582], [876, 618], [1056, 672], [1038, 690]]",,"[[1542, 180], [636, 666]]",,0.972424812790857,0.42848914187240716
374,5,3,6.204000000000065,,13518,"[954, 270]",False,Right,True,1.0,False,medium,False,"[[1386, 54], [1386, 90], [846, 180], [828, 234], [1134, 378], [900, 558], [918, 576], [882, 612], [1062, 666], [1044, 684]]",,"[[1542, 174], [636, 660]]",,0.5093644867968448,0.7208515300343812
375,5,3,6.220000000000027,,13518,"[954, 270]",False,Right,True,1.0,False,medium,False,"[[1386, 48], [1386, 84], [846, 174], [828, 228], [1134, 372], [900, 552], [918, 570], [882, 606], [1062, 660], [1044, 678]]",,"[[1542, 168], [636, 654]]",,0.5098478321865068,0.7227190683416151
376,5,3,6.23700000000008,,13518,"[954, 270]",False,Right,True,1.0,False,medium,False,"[[1386, 42], [1386, 78], [846, 168], [828, 222], [1134, 366], [900, 546], [918, 564], [882, 600], [1062, 654], [1044, 672]]",,"[[1542, 162], [636, 648]]",,0.8650556767188814,0.9718530999555278
377,5,3,6.253000000000043,,13518,"[954, 270]",False,Right,True,1.0,False,medium,False,"[[1386, 36], [1386, 72], [846, 162], [828, 216], [1134, 360], [900, 540], [918, 558], [882, 594], [1062, 648], [1044, 666]]",,"[[1542, 156], [636, 642]]",,0.8650922605904711,0.9720362984497374
378,5,3,6.269999999999982,,13518,"[954, 270]",False,Right,True,1.0,False,medium,False,"[[1386, 30], [1386, 66], [846, 156], [828, 210], [1134, 354], [900, 534], [918, 552], [882, 588], [1062, 642], [1044, 660]]",,"[[1542, 150], [636, 636]]",,0.8642567542788051,0.9760219413035714
379,5,3,6.288000000000011,,13518,"[954, 270]",False,Right,True,1.0,False,medium,False,"[[1386, 24], [1386, 60], [846, 150], [828, 204], [1134, 348], [900, 528], [918, 546], [882, 582], [1062, 636], [1044, 654]]",,"[[1542, 144], [636, 630]]",,0.8609871467949807,0.964508089892815
380,5,3,6.303999999999974,,13518,"[954, 270]",False,Right,True,1.0,False,medium,False,"[[1386, 18], [1386, 54], [846, 144], [828, 198], [1134, 342], [900, 522], [918, 540], [882, 576], [1062, 630], [1044, 648], [1008, 810], [1332, 810]]",,"[[1542, 138], [636, 624]]",,0.8522309622664748,0.931218748214071
381,5,3,6.321000000000026,,13518,"[954, 270]",False,Right,True,1.0,False,medium,False,"[[1386, 12], [1386, 48], [846, 138], [828, 192], [1134, 336], [900, 516], [918, 534], [882, 570], [1062, 624], [1044, 642], [1008, 804], [1332, 804]]",,"[[1542, 132], [636, 618]]",,0.8525994432752709,0.930849524993097
382,5,3,6.336999999999989,,13518,"[954, 270]",False,Right,True,1.0,False,medium,False,"[[1386, 6], [1386, 42], [846, 132], [828, 186], [1134, 330], [900, 510], [918, 528], [882, 564], [1062, 618], [1044, 636], [1008, 798], [1332, 798]]",,"[[1542, 126], [636, 612]]",,0.972424812790857,0.42848914187240716
383,5,3,6.3530000000000655,,13518,"[954, 270]",False,Right,True,1.0,False,medium,False,"[[1386, 0], [1386, 36], [846, 126], [828, 180], [1134, 324], [900, 504], [918, 522], [882, 558], [1062, 612], [1044, 630], [1008, 792], [1332, 792]]",,"[[1542, 120], [636, 606]]",,0.972424812790857,0.42848914187240716
384,5,3,6.3700000000000045,,13518,"[954, 270]",False,Right,True,1.0,False,medium,False,"[[1386, 30], [846, 120], [828, 174], [1134, 318], [900, 498], [918, 516], [882, 552], [1062, 606], [1044, 624], [1008, 786], [1332, 786]]",,"[[1542, 114], [636, 600]]",,0.972424812790857,0.42848914187240716
385,5,3,6.387000000000057,,13518,"[954, 270]",False,Right,True,1.0,False,medium,False,"[[1386, 24], [846, 114], [828, 168], [1134, 312], [900, 492], [918, 510], [882, 546], [1062, 600], [1044, 618], [1008, 780], [1332, 780]]",,"[[1542, 108], [636, 594]]",,0.5210971596576093,0.6949355407083415
386,5,3,6.403999999999996,,13518,"[954, 270]",False,Right,True,1.0,False,medium,False,"[[1386, 18], [846, 108], [828, 162], [1134, 306], [900, 486], [918, 504], [882, 540], [1062, 594], [1044, 612], [1008, 774], [1332, 774], [828, 810]]",,"[[1542, 102], [636, 588]]",,0.5252770682389541,0.6681445397442103
387,5,3,6.420000000000073,,13518,"[954, 270]",False,Right,True,1.0,False,medium,False,"[[1386, 12], [846, 102], [828, 156], [1134, 300], [900, 480], [918, 498], [882, 534], [1062, 588], [1044, 606], [1008, 768], [1332, 768], [828, 804]]",,"[[1542, 96], [636, 582]]",,0.8472843693727242,0.9156433840785211
388,5,3,6.437000000000012,,13518,"[954, 270]",False,Right,True,1.0,False,medium,False,"[[1386, 6], [846, 96], [828, 150], [1134, 294], [900, 474], [918, 492], [882, 528], [1062, 582], [1044, 600], [1008, 762], [1332, 762], [828, 798]]",,"[[1542, 90], [636, 576]]",,0.972424812790857,0.42848914187240716
389,5,3,6.454000000000065,,13518,"[954, 270]",False,Right,True,1.0,False,medium,False,"[[1386, 0], [846, 90], [828, 144], [1134, 288], [900, 468], [918, 486], [882, 522], [1062, 576], [1044, 594], [1008, 756], [1332, 756], [828, 792], [1152, 810]]",,"[[1542, 84], [636, 570]]",,0.8442675851056215,0.908281890761409
390,5,3,6.471000000000004,,13518,"[954, 270]",False,Right,True,1.0,False,medium,False,"[[846, 84], [828, 138], [1134, 282], [900, 462], [918, 480], [882, 516], [1062, 570], [1044, 588], [1008, 750], [1332, 750], [828, 786], [1152, 804]]",,"[[1542, 78], [636, 564]]",,0.972424812790857,0.42848914187240716
391,5,3,6.48700000000008,,13518,"[954, 270]",False,Right,True,1.0,False,medium,False,"[[846, 78], [828, 132], [1134, 276], [900, 456], [918, 474], [882, 510], [1062, 564], [1044, 582], [1008, 744], [1332, 744], [828, 780], [1152, 798]]",,"[[1542, 72], [636, 558]]",,0.5181427245483897,0.6682252852325218
392,5,3,6.503000000000043,,13518,"[954, 270]",False,Right,True,1.0,False,medium,False,"[[846, 72], [828, 126], [1134, 270], [900, 450], [918, 468], [882, 504], [1062, 558], [1044, 576], [1008, 738], [1332, 738], [828, 774], [1152, 792], [1332, 810]]",,"[[1542, 66], [636, 552]]",,0.5181427245483897,0.6682252852325218
393,5,3,6.521000000000072,,13518,"[954, 270]",False,Right,True,1.0,False,medium,False,"[[846, 66], [828, 120], [1134, 264], [900, 444], [918, 462], [882, 498], [1062, 552], [1044, 570], [1008, 732], [1332, 732], [828, 768], [1152, 786], [1332, 804]]",,"[[1542, 60], [636, 546]]",,0.5211822774026346,0.6680082222662127
394,5,3,6.538000000000011,,13518,"[954, 270]",False,Right,True,1.0,False,medium,False,"[[846, 60], [828, 114], [1134, 258], [900, 438], [918, 456], [882, 492], [1062, 546], [1044, 564], [1008, 726], [1332, 726], [828, 762], [1152, 780], [1332, 798]]",,"[[1542, 54], [636, 540]]",,0.8397748532720817,0.9179709949542006
395,5,3,6.555000000000064,,13518,"[954, 270]",False,Right,True,1.0,False,medium,False,"[[846, 54], [828, 108], [1134, 252], [900, 432], [918, 450], [882, 486], [1062, 540], [1044, 558], [1008, 720], [1332, 720], [828, 756], [1152, 774], [1332, 792]]",,"[[1542, 48], [636, 534]]",,0.841222055711264,0.917416294271655
396,5,3,6.572000000000003,,13518,"[954, 270]",False,Right,True,1.0,False,medium,False,"[[846, 48], [828, 102], [1134, 246], [900, 426], [918, 444], [882, 480], [1062, 534], [1044, 552], [1008, 714], [1332, 714], [828, 750], [1152, 768], [1332, 786]]",,"[[1542, 42], [636, 528]]",,0.5287910798633698,0.6653000877996921
397,5,3,6.5890000000000555,,13518,"[954, 270]",False,Right,True,1.0,False,medium,False,"[[846, 42], [828, 96], [1134, 240], [900, 420], [918, 438], [882, 474], [1062, 528], [1044, 546], [1008, 708], [1332, 708], [828, 744], [1152, 762], [1332, 780]]",,"[[1542, 36], [636, 522]]",,0.8458401099447078,0.9279886018417658
398,5,3,6.6059999999999945,,13518,"[954, 270]",False,Right,True,1.0,False,medium,False,"[[846, 36], [828, 90], [1134, 234], [900, 414], [918, 432], [882, 468], [1062, 522], [1044, 540], [1008, 702], [1332, 702], [828, 738], [1152, 756], [1332, 774]]",,"[[1542, 30], [636, 516]]",,0.8460576986178966,0.9299527203288214
399,5,3,6.623000000000047,,13518,"[954, 270]",False,Right,True,1.0,False,medium,False,"[[846, 30], [828, 84], [1134, 228], [900, 408], [918, 426], [882, 462], [1062, 516], [1044, 534], [1008, 696], [1332, 696], [828, 732], [1152, 750], [1332, 768]]",,"[[1542, 24], [636, 510]]",,0.9254033954185082,0.7518859050529996
400,5,3,6.639999999999986,,13518,"[954, 270]",False,Right,True,1.0,False,medium,False,"[[846, 24], [828, 78], [1134, 222], [900, 402], [918, 420], [882, 456], [1062, 510], [1044, 528], [1008, 690], [1332, 690], [828, 726], [1152, 744], [1332, 762]]",,"[[1542, 18], [636, 504]]",,0.8446862690789742,0.9532374329145143
401,5,3,6.656000000000063,,13518,"[954, 270]",False,Right,True,1.0,False,medium,False,"[[846, 18], [828, 72], [1134, 216], [900, 396], [918, 414], [882, 450], [1062, 504], [1044, 522], [1008, 684], [1332, 684], [828, 720], [1152, 738], [1332, 756]]",,"[[1542, 12], [636, 498]]",,0.8442333914792013,0.9539918502858677
402,5,3,6.673000000000002,,13518,"[954, 270]",False,Right,True,1.0,False,medium,False,"[[846, 12], [828, 66], [1134, 210], [900, 390], [918, 408], [882, 444], [1062, 498], [1044, 516], [1008, 678], [1332, 678], [828, 714], [1152, 732], [1332, 750]]",,"[[1542, 6], [636, 492]]",,0.923278193467452,0.7472612873882976
403,5,3,6.690000000000055,,13518,"[954, 270]",False,Right,True,0.0,False,medium,False,"[[846, 6], [828, 60], [1134, 204], [900, 384], [918, 402], [882, 438], [1062, 492], [1044, 510], [1008, 672], [1332, 672], [828, 708], [1152, 726], [1332, 744]]",,"[[1542, 0], [636, 486], [1542, 810]]",,0.923278193467452,0.7472612873882976
404,5,3,6.705000000000041,,13518,"[954, 270]",False,Right,True,0.0,False,medium,False,"[[846, 0], [828, 54], [1134, 198], [900, 378], [918, 396], [882, 432], [1062, 486], [1044, 504], [1008, 666], [1332, 666], [828, 702], [1152, 720], [1332, 738], [972, 810]]",,"[[630, 480], [1536, 804]]",,0.5266585443911944,0.6858213072917968
405,5,3,6.72300000000007,,13518,"[954, 270]",False,Right,True,0.0,False,medium,False,"[[822, 48], [1128, 192], [894, 372], [912, 390], [876, 426], [1056, 480], [1038, 498], [1002, 660], [1326, 660], [822, 696], [1146, 714], [1326, 732], [966, 804]]",,"[[624, 474], [1530, 798]]",,0.5204599605232262,0.6879672265438586
406,5,3,6.739000000000033,,13518,"[954, 270]",False,Right,True,0.0,False,medium,False,"[[816, 42], [1122, 186], [888, 366], [906, 384], [870, 420], [1050, 474], [1032, 492], [996, 654], [1320, 654], [816, 690], [1140, 708], [1320, 726], [960, 798]]",,"[[618, 468], [1524, 792]]",,0.8462762942412223,0.9696702027735518
407,5,3,6.7549999999999955,,13518,"[954, 270]",False,Right,True,0.0,False,medium,False,"[[810, 36], [1116, 180], [882, 360], [900, 378], [864, 414], [1044, 468], [1026, 486], [990, 648], [1314, 648], [810, 684], [1134, 702], [1314, 720], [954, 792]]",,"[[612, 462], [1518, 786]]",,0.9179240274624554,0.7345808257821016
408,5,3,6.772000000000048,,13518,"[954, 270]",False,Right,True,0.0,False,medium,False,"[[804, 30], [1110, 174], [876, 354], [894, 372], [858, 408], [1038, 462], [1020, 480], [984, 642], [1308, 642], [804, 678], [1128, 696], [1308, 714], [948, 786]]",,"[[606, 456], [1512, 780]]",,0.9179240274624554,0.7345808257821016
409,5,3,6.788999999999987,,13518,"[954, 270]",False,Right,True,0.0,False,medium,False,"[[798, 24], [1104, 168], [870, 348], [888, 366], [852, 402], [1032, 456], [1014, 474], [978, 636], [1302, 636], [798, 672], [1122, 690], [1302, 708], [942, 780]]",,"[[600, 450], [1506, 774]]",,0.8527912890606352,0.9810297381550253
410,5,3,6.80600000000004,,13518,"[954, 270]",False,Right,True,0.0,False,medium,False,"[[792, 18], [1098, 162], [864, 342], [882, 360], [846, 396], [1026, 450], [1008, 468], [972, 630], [1296, 630], [792, 666], [1116, 684], [1296, 702], [936, 774]]",,"[[594, 444], [1500, 768]]",,0.9194334183969317,0.7428844544664567
411,5,3,6.822999999999979,,13518,"[954, 270]",False,Right,True,0.0,False,medium,False,"[[786, 12], [1092, 156], [858, 336], [876, 354], [840, 390], [1020, 444], [1002, 462], [966, 624], [1290, 624], [786, 660], [1110, 678], [1290, 696], [930, 768]]",,"[[588, 438], [1494, 762]]",,0.8514700067738377,0.9926508865641119
412,5,3,6.8390000000000555,,13518,"[954, 270]",False,Right,True,0.0,False,medium,False,"[[780, 6], [1086, 150], [852, 330], [870, 348], [834, 384], [1014, 438], [996, 456], [960, 618], [1284, 618], [780, 654], [1104, 672], [1284, 690], [924, 762]]",,"[[582, 432], [1488, 756]]",,0.5212181994219105,0.701130277805137
413,5,3,6.858000000000061,,13518,"[954, 270]",False,Right,True,0.0,False,medium,False,"[[774, 0], [1080, 144], [846, 324], [864, 342], [828, 378], [1008, 432], [990, 450], [954, 612], [1278, 612], [774, 648], [1098, 666], [1278, 684], [918, 756]]",,"[[576, 426], [1482, 750]]",,0.857172782539162,1.0020482855030453
414,5,3,6.874000000000024,,13518,"[954, 270]",False,Right,True,0.0,False,medium,False,"[[1074, 138], [840, 318], [858, 336], [822, 372], [1002, 426], [984, 444], [948, 606], [1272, 606], [768, 642], [1092, 660], [1272, 678], [912, 750]]",,"[[570, 420], [1476, 744]]",,0.857172782539162,1.0020482855030453
415,5,3,6.893000000000029,,13518,"[954, 270]",False,Right,True,0.0,False,medium,False,"[[1068, 132], [834, 312], [852, 330], [816, 366], [996, 420], [978, 438], [942, 600], [1266, 600], [762, 636], [1086, 654], [1266, 672], [906, 744]]",,"[[564, 414], [1470, 738]]",,0.9137557200083009,0.7509730293370811
416,5,3,6.911000000000058,,13518,"[954, 270]",False,Right,True,0.0,False,medium,False,"[[1062, 126], [828, 306], [846, 324], [810, 360], [990, 414], [972, 432], [936, 594], [1260, 594], [756, 630], [1080, 648], [1260, 666], [900, 738]]",,"[[558, 408], [1464, 732]]",,0.5155990263327584,0.7149663097014709
417,5,3,6.926000000000045,,13518,"[954, 270]",False,Right,True,0.0,False,medium,False,"[[1056, 120], [822, 300], [840, 318], [804, 354], [984, 408], [966, 426], [930, 588], [1254, 588], [750, 624], [1074, 642], [1254, 660], [894, 732]]",,"[[552, 402], [1458, 726]]",,0.5155990263327584,0.7149663097014709
418,5,3,6.942999999999984,,13518,"[954, 270]",False,Right,True,0.0,False,medium,False,"[[1050, 114], [816, 294], [834, 312], [798, 348], [978, 402], [960, 420], [924, 582], [1248, 582], [744, 618], [1068, 636], [1248, 654], [888, 726]]",,"[[546, 396], [1452, 720]]",,0.9090432131667594,0.7384108862807858
419,5,3,6.960000000000036,,13518,"[954, 270]",False,Right,True,0.0,False,medium,False,"[[1044, 108], [810, 288], [828, 306], [792, 342], [972, 396], [954, 414], [918, 576], [1242, 576], [738, 612], [1062, 630], [1242, 648], [882, 720]]",,"[[540, 390], [1446, 714]]",,0.9090432131667594,0.7384108862807858
420,5,3,6.976999999999975,,13518,"[954, 270]",False,Right,True,0.0,False,medium,False,"[[1038, 102], [804, 282], [822, 300], [786, 336], [966, 390], [948, 408], [912, 570], [1236, 570], [732, 606], [1056, 624], [1236, 642], [876, 714]]",,"[[534, 384], [1440, 708]]",,0.855566894932623,0.9880605192169912
421,5,3,6.993000000000052,,13518,"[954, 270]",False,Right,True,0.0,False,medium,False,"[[1032, 96], [798, 276], [816, 294], [780, 330], [960, 384], [942, 402], [906, 564], [1230, 564], [726, 600], [1050, 618], [1230, 636], [870, 708]]",,"[[528, 378], [1434, 702]]",,0.8554212638109246,0.9874711784786092
422,5,3,7.011000000000081,,13518,"[954, 270]",False,Right,True,0.0,False,medium,False,"[[1026, 90], [792, 270], [810, 288], [774, 324], [954, 378], [936, 396], [900, 558], [1224, 558], [720, 594], [1044, 612], [1224, 630], [864, 702]]",,"[[522, 372], [1428, 696]]",,0.8576382553267411,0.9886163661160732
423,5,3,7.027000000000044,,13518,"[954, 270]",False,Right,True,0.0,False,medium,False,"[[1020, 84], [786, 264], [804, 282], [768, 318], [948, 372], [930, 390], [894, 552], [1218, 552], [714, 588], [1038, 606], [1218, 624], [858, 696]]",,"[[516, 366], [1422, 690]]",,0.8610353090873245,0.9820134141792362
424,5,3,7.043999999999983,,13518,"[954, 270]",False,Right,True,0.0,False,medium,False,"[[1014, 78], [780, 258], [798, 276], [762, 312], [942, 366], [924, 384], [888, 546], [1212, 546], [708, 582], [1032, 600], [1212, 618], [852, 690]]",,"[[510, 360], [1416, 684]]",,0.8746921245561324,1.087579863572086
425,5,3,7.059000000000083,,13518,"[954, 270]",False,Right,True,0.0,False,medium,False,"[[1008, 72], [774, 252], [792, 270], [756, 306], [936, 360], [918, 378], [882, 540], [1206, 540], [702, 576], [1026, 594], [1206, 612], [846, 684]]",,"[[504, 354], [1410, 678]]",,0.5482935535171064,0.6452028196441142
426,5,3,7.076000000000022,,13518,"[954, 270]",False,Right,True,0.0,False,medium,False,"[[1002, 66], [768, 246], [786, 264], [750, 300], [930, 354], [912, 372], [876, 534], [1200, 534], [696, 570], [1020, 588], [1200, 606], [840, 678]]",,"[[498, 348], [1404, 672]]",,0.9725557951913236,0.4289692293036531
427,5,3,7.093000000000075,,13518,"[954, 270]",False,Right,True,0.0,False,medium,False,"[[996, 60], [762, 240], [780, 258], [744, 294], [924, 348], [906, 366], [870, 528], [1194, 528], [690, 564], [1014, 582], [1194, 600], [834, 672]]",,"[[492, 342], [1398, 666]]",,0.5503758188005083,0.6387541646620954
428,5,3,7.110000000000014,,13518,"[954, 270]",False,Right,True,0.0,False,medium,False,"[[990, 54], [756, 234], [774, 252], [738, 288], [918, 342], [900, 360], [864, 522], [1188, 522], [684, 558], [1008, 576], [1188, 594], [828, 666]]",,"[[486, 336], [1392, 660]]",,0.854062513463101,0.9791289055901599
429,5,3,7.128000000000043,,13518,"[954, 270]",False,Right,True,0.0,False,medium,False,"[[984, 48], [750, 228], [768, 246], [732, 282], [912, 336], [894, 354], [858, 516], [1182, 516], [678, 552], [1002, 570], [1182, 588], [822, 660]]",,"[[480, 330], [1386, 654]]",,0.9725557951913236,0.4289692293036531
430,5,3,7.1440000000000055,,13518,"[954, 270]",False,Right,True,0.0,False,medium,False,"[[978, 42], [744, 222], [762, 240], [726, 276], [906, 330], [888, 348], [852, 510], [1176, 510], [672, 546], [996, 564], [1176, 582], [816, 654]]",,"[[474, 324], [1380, 648]]",,0.540438269945031,0.6426658071009166
431,5,3,7.163000000000011,,13518,"[954, 270]",False,Right,True,0.0,False,medium,False,"[[972, 36], [738, 216], [756, 234], [720, 270], [900, 324], [882, 342], [846, 504], [1170, 504], [666, 540], [990, 558], [1170, 576], [810, 648]]",,"[[468, 318], [1374, 642]]",,0.8500105097337546,0.9861977644178219
432,5,3,7.18100000000004,,13518,"[954, 270]",False,Right,True,0.0,False,medium,False,"[[966, 30], [732, 210], [750, 228], [714, 264], [894, 318], [876, 336], [840, 498], [1164, 498], [660, 534], [984, 552], [1164, 570], [804, 642]]",,"[[462, 312], [1368, 636]]",,0.847556640240718,0.9727583944088485
433,5,3,7.197000000000003,,13518,"[954, 270]",False,Right,True,-1.0,False,medium,False,"[[960, 24], [726, 204], [744, 222], [708, 258], [888, 312], [870, 330], [834, 492], [1158, 492], [654, 528], [978, 546], [1158, 564], [798, 636]]",,"[[456, 306], [1362, 630]]",,0.847556640240718,0.9727583944088485
434,5,3,7.2140000000000555,,13518,"[954, 270]",False,,True,-1.0,False,medium,False,"[[954, 18], [720, 198], [738, 216], [702, 252], [882, 306], [864, 324], [828, 486], [1152, 486], [648, 522], [972, 540], [1152, 558], [792, 630], [1080, 810]]",,"[[450, 300], [1356, 624]]",,0.9725557951913236,0.4289692293036531
435,5,3,7.229000000000042,,13518,"[954, 270]",False,,True,-1.0,False,medium,False,"[[948, 12], [714, 192], [732, 210], [696, 246], [876, 300], [858, 318], [822, 480], [1146, 480], [642, 516], [966, 534], [1146, 552], [786, 624], [1074, 804]]",,"[[444, 294], [1350, 618]]",,0.9725557951913236,0.4289692293036531
436,5,3,7.245999999999981,,13518,"[954, 270]",False,,True,-1.0,False,medium,False,"[[942, 6], [708, 186], [726, 204], [690, 240], [870, 294], [852, 312], [816, 474], [1140, 474], [636, 510], [960, 528], [1140, 546], [780, 618], [1068, 798]]",,"[[438, 288], [1344, 612]]",,0.5343790876806451,0.6496287619935859
437,5,3,7.26400000000001,,13518,"[954, 270]",False,,True,-1.0,False,medium,False,"[[936, 0], [702, 180], [720, 198], [684, 234], [864, 288], [846, 306], [810, 468], [1134, 468], [630, 504], [954, 522], [1134, 540], [774, 612], [1062, 792]]",,"[[432, 282], [1338, 606]]",,0.5343790876806451,0.6496287619935859
438,5,3,7.282000000000039,,13518,"[954, 270]",False,,True,-1.0,False,medium,False,"[[696, 174], [714, 192], [678, 228], [858, 282], [840, 300], [804, 462], [1128, 462], [624, 498], [948, 516], [1128, 534], [768, 606], [1056, 786]]",,"[[426, 276], [1332, 600]]",,0.5304921476073657,0.6620548828484492
439,5,3,7.298999999999978,,13518,"[954, 270]",False,,True,-1.0,False,medium,False,"[[690, 168], [708, 186], [672, 222], [852, 276], [834, 294], [798, 456], [1122, 456], [618, 492], [942, 510], [1122, 528], [762, 600], [1050, 780]]",,"[[420, 270], [1326, 594]]",,0.5304921476073657,0.6620548828484492
440,5,3,7.316000000000031,,13518,"[954, 270]",False,,True,-1.0,False,medium,False,"[[684, 162], [702, 180], [666, 216], [846, 270], [828, 288], [792, 450], [1116, 450], [612, 486], [936, 504], [1116, 522], [756, 594], [1044, 774]]",,"[[414, 264], [1320, 588]]",,0.9725557951913236,0.4289692293036531
441,5,3,7.331999999999994,,13518,"[954, 270]",False,,True,-1.0,False,medium,False,"[[678, 156], [696, 174], [660, 210], [840, 264], [822, 282], [786, 444], [1110, 444], [606, 480], [930, 498], [1110, 516], [750, 588], [1038, 768]]",,"[[408, 258], [1314, 582]]",,0.9725557951913236,0.4289692293036531
442,5,3,7.350000000000023,,13518,"[954, 270]",False,,True,-1.0,False,medium,False,"[[672, 150], [690, 168], [654, 204], [834, 258], [816, 276], [780, 438], [1104, 438], [600, 474], [924, 492], [1104, 510], [744, 582], [1032, 762]]",,"[[402, 252], [1308, 576]]",,0.9725557951913236,0.4289692293036531
443,5,3,7.3659999999999854,,13518,"[954, 270]",False,,True,-1.0,False,medium,False,"[[666, 144], [684, 162], [648, 198], [828, 252], [810, 270], [774, 432], [1098, 432], [594, 468], [918, 486], [1098, 504], [738, 576], [1026, 756], [522, 810]]",,"[[396, 246], [1302, 570]]",,0.9725557951913236,0.4289692293036531
444,5,3,7.383000000000038,,13518,"[954, 270]",False,,True,-1.0,False,medium,False,"[[660, 138], [678, 156], [642, 192], [822, 246], [804, 264], [768, 426], [1092, 426], [588, 462], [912, 480], [1092, 498], [732, 570], [1020, 750], [516, 804]]",,"[[390, 240], [1296, 564]]",,0.5152237291947117,0.6760457780353386
445,5,3,7.399999999999977,,13518,"[954, 270]",False,,True,-1.0,False,medium,False,"[[654, 132], [672, 150], [636, 186], [816, 240], [798, 258], [762, 420], [1086, 420], [582, 456], [906, 474], [1086, 492], [726, 564], [1014, 744], [510, 798]]",,"[[384, 234], [1290, 558]]",,0.5152237291947117,0.6760457780353386
446,5,3,7.416000000000054,,13518,"[954, 270]",False,,True,-1.0,False,medium,False,"[[648, 126], [666, 144], [630, 180], [810, 234], [792, 252], [756, 414], [1080, 414], [576, 450], [900, 468], [1080, 486], [720, 558], [1008, 738], [504, 792]]",,"[[378, 228], [1284, 552]]",,0.9725557951913236,0.4289692293036531
447,5,3,7.432999999999993,,13518,"[954, 270]",False,,True,-1.0,False,medium,False,"[[642, 120], [660, 138], [624, 174], [804, 228], [786, 246], [750, 408], [1074, 408], [570, 444], [894, 462], [1074, 480], [714, 552], [1002, 732], [498, 786]]",,"[[372, 222], [1278, 546]]",,0.9725557951913236,0.4289692293036531
448,5,3,7.4500000000000455,,13518,"[954, 270]",False,,True,-1.0,False,medium,False,"[[636, 114], [654, 132], [618, 168], [798, 222], [780, 240], [744, 402], [1068, 402], [564, 438], [888, 456], [1068, 474], [708, 546], [996, 726], [492, 780]]",,"[[366, 216], [1272, 540]]",,0.5094943972887511,0.6908732747584189
449,5,3,7.4669999999999845,,13518,"[954, 270]",False,,True,-1.0,False,medium,False,"[[630, 108], [648, 126], [612, 162], [792, 216], [774, 234], [738, 396], [1062, 396], [558, 432], [882, 450], [1062, 468], [702, 540], [990, 720], [486, 774]]",,"[[360, 210], [1266, 534]]",,0.5094943972887511,0.6908732747584189
450,5,3,7.48599999999999,,13518,"[954, 270]",False,,True,-1.0,False,medium,False,"[[624, 102], [642, 120], [606, 156], [786, 210], [768, 228], [732, 390], [1056, 390], [552, 426], [876, 444], [1056, 462], [696, 534], [984, 714], [480, 768]]",,"[[354, 204], [1260, 528]]",,0.9725557951913236,0.4289692293036531
451,5,3,7.503000000000043,,13518,"[954, 270]",False,Left,True,-1.0,False,medium,False,"[[618, 96], [636, 114], [600, 150], [780, 204], [762, 222], [726, 384], [1050, 384], [546, 420], [870, 438], [1050, 456], [690, 528], [978, 708], [474, 762]]",,"[[354, 198], [1260, 522]]",,0.9725557951913236,0.4289692293036531
452,5,3,7.5190000000000055,,13518,"[954, 270]",False,Left,True,-1.0,False,medium,False,"[[618, 90], [636, 108], [600, 144], [780, 198], [762, 216], [726, 378], [1050, 378], [546, 414], [870, 432], [1050, 450], [690, 522], [978, 702], [474, 756]]",,"[[354, 192], [1260, 516]]",,0.5042681777360006,0.6973392551651071
453,5,3,7.535000000000082,,13518,"[954, 270]",False,Left,True,-1.0,False,medium,False,"[[618, 84], [636, 102], [600, 138], [780, 192], [762, 210], [726, 372], [1050, 372], [546, 408], [870, 426], [1050, 444], [690, 516], [978, 696], [474, 750]]",,"[[354, 186], [1260, 510]]",,0.5042681777360006,0.6973392551651071
454,5,3,7.552999999999997,,13518,"[954, 270]",False,Left,True,-1.0,False,medium,False,"[[618, 78], [636, 96], [600, 132], [780, 186], [762, 204], [726, 366], [1050, 366], [546, 402], [870, 420], [1050, 438], [690, 510], [978, 690], [474, 744]]",,"[[354, 180], [1260, 504]]",,0.4993256592338223,0.7009397696314983
455,5,3,7.569000000000074,,13518,"[954, 270]",False,Left,True,-1.0,False,medium,False,"[[618, 72], [636, 90], [600, 126], [780, 180], [762, 198], [726, 360], [1050, 360], [546, 396], [870, 414], [1050, 432], [690, 504], [978, 684], [474, 738]]",,"[[354, 174], [1260, 498]]",,0.4993256592338223,0.7009397696314983
456,5,3,7.586999999999989,,13518,"[954, 270]",False,Left,True,-1.0,False,medium,False,"[[618, 66], [636, 84], [600, 120], [780, 174], [762, 192], [726, 354], [1050, 354], [546, 390], [870, 408], [1050, 426], [690, 498], [978, 678], [474, 732]]",,"[[354, 168], [1260, 492]]",,0.8450966860865536,0.9433687009125329
457,5,3,7.6030000000000655,,13518,"[954, 270]",False,Left,True,-1.0,False,medium,False,"[[618, 60], [636, 78], [600, 114], [780, 168], [762, 186], [726, 348], [1050, 348], [546, 384], [870, 402], [1050, 420], [690, 492], [978, 672], [474, 726]]",,"[[354, 162], [1260, 486]]",,0.8450966860865536,0.9433687009125329
458,5,3,7.619000000000028,,13518,"[954, 270]",False,Left,True,-1.0,False,medium,False,"[[618, 54], [636, 72], [600, 108], [780, 162], [762, 180], [726, 342], [1050, 342], [546, 378], [870, 396], [1050, 414], [690, 486], [978, 666], [474, 720]]",,"[[354, 156], [1260, 480]]",,0.9725557951913236,0.4289692293036531
459,5,3,7.634999999999991,,13518,"[954, 270]",False,,True,-1.0,False,medium,False,"[[618, 48], [636, 66], [600, 102], [780, 156], [762, 174], [726, 336], [1050, 336], [546, 372], [870, 390], [1050, 408], [690, 480], [978, 660], [474, 714]]",,"[[348, 150], [1254, 474]]",,0.9725557951913236,0.4289692293036531
460,5,3,7.65300000000002,,13518,"[954, 270]",False,,True,-1.0,False,medium,False,"[[612, 42], [630, 60], [594, 96], [774, 150], [756, 168], [720, 330], [1044, 330], [540, 366], [864, 384], [1044, 402], [684, 474], [972, 654], [468, 708]]",,"[[342, 144], [1248, 468]]",,0.8451564022593463,0.9256007230495432
461,5,3,7.670000000000073,,13518,"[954, 270]",False,,True,-1.0,False,medium,False,"[[606, 36], [624, 54], [588, 90], [768, 144], [750, 162], [714, 324], [1038, 324], [534, 360], [858, 378], [1038, 396], [678, 468], [966, 648], [462, 702]]",,"[[336, 138], [1242, 462]]",,0.8451564022593463,0.9256007230495432
462,5,3,7.687999999999988,,13518,"[954, 270]",False,,True,-1.0,False,medium,False,"[[600, 30], [618, 48], [582, 84], [762, 138], [744, 156], [708, 318], [1032, 318], [528, 354], [852, 372], [1032, 390], [672, 462], [960, 642], [456, 696]]",,"[[330, 132], [1236, 456]]",,0.9725557951913236,0.4289692293036531
463,5,3,7.705000000000041,,13518,"[954, 270]",False,,True,-1.0,False,medium,False,"[[594, 24], [612, 42], [576, 78], [756, 132], [738, 150], [702, 312], [1026, 312], [522, 348], [846, 366], [1026, 384], [666, 456], [954, 636], [450, 690]]",,"[[324, 126], [1230, 450]]",,0.9725557951913236,0.4289692293036531
464,5,3,7.724000000000046,,13518,"[954, 270]",False,,True,-1.0,False,medium,False,"[[588, 18], [606, 36], [570, 72], [750, 126], [732, 144], [696, 306], [1020, 306], [516, 342], [840, 360], [1020, 378], [660, 450], [948, 630], [444, 684]]",,"[[318, 120], [1224, 444]]",,0.9725557951913236,0.4289692293036531
465,5,3,7.740000000000009,,13518,"[954, 270]",False,,True,-1.0,False,medium,False,"[[582, 12], [600, 30], [564, 66], [744, 120], [726, 138], [690, 300], [1014, 300], [510, 336], [834, 354], [1014, 372], [654, 444], [942, 624], [438, 678]]",,"[[312, 114], [1218, 438]]",,0.9725557951913236,0.4289692293036531
466,5,3,7.757000000000062,,13518,"[954, 270]",False,,True,-1.0,False,medium,False,"[[576, 6], [594, 24], [558, 60], [738, 114], [720, 132], [684, 294], [1008, 294], [504, 330], [828, 348], [1008, 366], [648, 438], [936, 618], [432, 672]]",,"[[306, 108], [1212, 432]]",,0.8468818389433779,0.9368728648810705
467,5,3,7.773000000000025,,13518,"[954, 270]",False,Left,True,-1.0,False,medium,False,"[[570, 0], [588, 18], [552, 54], [732, 108], [714, 126], [678, 288], [1002, 288], [498, 324], [822, 342], [1002, 360], [642, 432], [930, 612], [426, 666]]",,"[[306, 102], [1212, 426]]",,0.8468818389433779,0.9368728648810705
468,5,3,7.790000000000077,,13518,"[954, 270]",False,Left,True,-1.0,False,medium,False,"[[588, 12], [552, 48], [732, 102], [714, 120], [678, 282], [1002, 282], [498, 318], [822, 336], [1002, 354], [642, 426], [930, 606], [426, 660]]",,"[[306, 96], [1212, 420]]",,0.9725557951913236,0.4289692293036531
469,5,3,7.807000000000016,,13518,"[954, 270]",False,Left,True,-1.0,False,medium,False,"[[588, 6], [552, 42], [732, 96], [714, 114], [678, 276], [1002, 276], [498, 312], [822, 330], [1002, 348], [642, 420], [930, 600], [426, 654]]",,"[[306, 90], [1212, 414]]",,0.9725557951913236,0.4289692293036531
470,5,3,7.822999999999979,,13518,"[954, 270]",False,Left,True,-1.0,False,medium,False,"[[588, 0], [552, 36], [732, 90], [714, 108], [678, 270], [1002, 270], [498, 306], [822, 324], [1002, 342], [642, 414], [930, 594], [426, 648]]",,"[[306, 84], [1212, 408]]",,0.844876878866639,0.9480470470639287
471,5,3,7.8390000000000555,,13518,"[954, 270]",False,Left,True,-1.0,False,medium,False,"[[552, 30], [732, 84], [714, 102], [678, 264], [1002, 264], [498, 300], [822, 318], [1002, 336], [642, 408], [930, 588], [426, 642]]",,"[[306, 78], [1212, 402]]",,0.844876878866639,0.9480470470639287
472,5,3,7.8559999999999945,,13518,"[954, 270]",False,Left,True,-1.0,False,medium,False,"[[552, 24], [732, 78], [714, 96], [678, 258], [1002, 258], [498, 294], [822, 312], [1002, 330], [642, 402], [930, 582], [426, 636]]",,"[[306, 72], [1212, 396]]",,0.8525162975212848,0.9428062474971047
473,5,3,7.872000000000071,,13518,"[954, 270]",False,Left,True,-1.0,False,medium,False,"[[552, 18], [732, 72], [714, 90], [678, 252], [1002, 252], [498, 288], [822, 306], [1002, 324], [642, 396], [930, 576], [426, 630]]",,"[[306, 66], [1212, 390]]",,0.8525162975212848,0.9428062474971047
474,5,3,7.88900000000001,,13518,"[954, 270]",False,Left,True,-1.0,False,medium,False,"[[552, 12], [732, 66], [714, 84], [678, 246], [1002, 246], [498, 282], [822, 300], [1002, 318], [642, 390], [930, 570], [426, 624]]",,"[[306, 60], [1212, 384]]",,0.9725948933108945,0.4289361726575426
475,5,3,7.907000000000039,,13518,"[954, 270]",False,Left,True,-1.0,False,medium,False,"[[552, 6], [732, 60], [714, 78], [678, 240], [1002, 240], [498, 276], [822, 294], [1002, 312], [642, 384], [930, 564], [426, 618]]",,"[[306, 54], [1212, 378]]",,0.9725948933108945,0.4289361726575426
476,5,3,7.923999999999978,,13518,"[954, 270]",False,Left,True,-1.0,False,medium,False,"[[552, 0], [732, 54], [714, 72], [678, 234], [1002, 234], [498, 270], [822, 288], [1002, 306], [642, 378], [930, 558], [426, 612]]",,"[[306, 48], [1212, 372]]",,0.5384540917799813,0.6535909664559255
477,5,3,7.940000000000055,,13518,"[954, 270]",False,Left,True,-1.0,False,medium,False,"[[732, 48], [714, 66], [678, 228], [1002, 228], [498, 264], [822, 282], [1002, 300], [642, 372], [930, 552], [426, 606]]",,"[[306, 42], [1212, 366]]",,0.5384540917799813,0.6535909664559255
478,5,3,7.958000000000084,,13518,"[954, 270]",False,Left,True,-1.0,False,medium,False,"[[732, 42], [714, 60], [678, 222], [1002, 222], [498, 258], [822, 276], [1002, 294], [642, 366], [930, 546], [426, 600]]",,"[[306, 36], [1212, 360]]",,0.5339354410474211,0.6638807490046161
479,5,3,7.975000000000023,,13518,"[954, 270]",False,Left,True,-1.0,False,medium,False,"[[732, 36], [714, 54], [678, 216], [1002, 216], [498, 252], [822, 270], [1002, 288], [642, 360], [930, 540], [426, 594]]",,"[[306, 30], [1212, 354]]",,0.5339354410474211,0.6638807490046161
480,5,3,7.9909999999999854,,13518,"[954, 270]",False,Left,True,-1.0,False,medium,False,"[[732, 30], [714, 48], [678, 210], [1002, 210], [498, 246], [822, 264], [1002, 282], [642, 354], [930, 534], [426, 588]]",,"[[306, 24], [1212, 348]]",,0.528915813268548,0.6737167530125805
481,5,3,8.007000000000062,,13518,"[954, 270]",False,Left,True,-1.0,False,medium,False,"[[732, 24], [714, 42], [678, 204], [1002, 204], [498, 240], [822, 258], [1002, 276], [642, 348], [930, 528], [426, 582]]",,"[[306, 18], [1212, 342]]",,0.528915813268548,0.6737167530125805
482,5,3,8.024000000000001,,13518,"[954, 270]",False,Left,True,-1.0,False,medium,False,"[[732, 18], [714, 36], [678, 198], [1002, 198], [498, 234], [822, 252], [1002, 270], [642, 342], [930, 522], [426, 576]]",,"[[306, 12], [1212, 336]]",,0.8460045875307884,0.9321176773853111
483,5,3,8.040000000000077,,13518,"[954, 270]",False,Left,True,-1.0,False,medium,False,"[[732, 12], [714, 30], [678, 192], [1002, 192], [498, 228], [822, 246], [1002, 264], [642, 336], [930, 516], [426, 570]]",,"[[306, 6], [1212, 330]]",,0.8460045875307884,0.9321176773853111
484,5,3,8.057000000000016,,13518,"[954, 270]",False,Left,True,0.0,False,medium,False,"[[732, 6], [714, 24], [678, 186], [1002, 186], [498, 222], [822, 240], [1002, 258], [642, 330], [930, 510], [426, 564]]",,"[[306, 0], [1212, 324]]",,0.9725948933108945,0.4289361726575426
485,5,3,8.072999999999979,,13518,"[954, 270]",False,Left,True,0.0,False,medium,False,"[[732, 0], [714, 18], [678, 180], [1002, 180], [498, 216], [822, 234], [1002, 252], [642, 324], [930, 504], [426, 558]]",,"[[1218, 318]]",,0.9725948933108945,0.4289361726575426
486,5,3,8.091000000000008,,13518,"[954, 270]",False,Left,True,0.0,False,medium,False,"[[720, 12], [684, 174], [1008, 174], [504, 210], [828, 228], [1008, 246], [648, 318], [936, 498], [432, 552]]",,"[[1224, 312]]",,0.8342760901058897,0.9046295520088876
487,5,3,8.108000000000061,,13518,"[954, 270]",False,Left,True,1.0,False,medium,False,"[[726, 6], [690, 168], [1014, 168], [510, 204], [834, 222], [1014, 240], [654, 312], [942, 492], [438, 546]]",,"[[1230, 306]]",,0.8342760901058897,0.9046295520088876
488,5,3,8.124000000000024,,13518,"[954, 270]",False,Left,True,1.0,False,medium,False,"[[732, 0], [696, 162], [1020, 162], [516, 198], [840, 216], [1020, 234], [660, 306], [948, 486], [444, 540]]",,"[[1242, 300]]",,0.9725948933108945,0.4289361726575426
489,5,3,8.139999999999986,,13518,"[954, 270]",False,Left,True,1.0,False,medium,False,"[[708, 156], [1032, 156], [528, 192], [852, 210], [1032, 228], [672, 300], [960, 480], [456, 534]]",,"[[1254, 294]]",,0.9725948933108945,0.4289361726575426
490,5,3,8.158000000000015,,13518,"[954, 270]",False,Left,True,1.0,False,medium,False,"[[720, 150], [1044, 150], [540, 186], [864, 204], [1044, 222], [684, 294], [972, 474], [468, 528]]",,"[[1266, 288]]",,0.8307971579552171,0.9167980191645839
491,5,3,8.173999999999978,,13518,"[954, 270]",False,Left,True,1.0,False,medium,False,"[[732, 144], [1056, 144], [552, 180], [876, 198], [1056, 216], [696, 288], [984, 468], [480, 522]]",,"[[1278, 282]]",,0.8307971579552171,0.9167980191645839
492,5,3,8.191000000000031,,13518,"[954, 270]",False,Left,True,1.0,False,medium,False,"[[744, 138], [1068, 138], [564, 174], [888, 192], [1068, 210], [708, 282], [996, 462], [492, 516]]",,"[[1290, 276]]",,0.8323954069918591,0.9010479037486525
493,5,3,8.208000000000084,,13518,"[954, 270]",False,Left,True,1.0,False,medium,False,"[[756, 132], [1080, 132], [576, 168], [900, 186], [1080, 204], [720, 276], [1008, 456], [504, 510]]",,"[[1302, 270]]",,0.8323954069918591,0.9010479037486525
494,5,3,8.225000000000023,,13518,"[954, 270]",False,Left,True,1.0,False,medium,False,"[[768, 126], [1092, 126], [588, 162], [912, 180], [1092, 198], [732, 270], [1020, 450], [516, 504]]",,"[[1314, 264]]",,0.9725948933108945,0.4289361726575426
495,5,3,8.240999999999985,,13518,"[954, 270]",False,Left,True,1.0,False,medium,False,"[[780, 120], [1104, 120], [600, 156], [924, 174], [1104, 192], [744, 264], [1032, 444], [528, 498]]",,"[[1326, 258]]",,0.9725948933108945,0.4289361726575426
496,5,3,8.258000000000038,,13518,"[954, 270]",False,Left,True,1.0,False,medium,False,"[[792, 114], [1116, 114], [612, 150], [936, 168], [1116, 186], [756, 258], [1044, 438], [540, 492]]",,"[[1338, 252]]",,0.5193284964931566,0.6946368012025648
497,5,3,8.274000000000001,,13518,"[954, 270]",False,Left,True,1.0,False,medium,False,"[[804, 108], [1128, 108], [624, 144], [948, 162], [1128, 180], [768, 252], [1056, 432], [552, 486]]",,"[[1350, 246]]",,0.5193284964931566,0.6946368012025648
498,5,3,8.291000000000054,,13518,"[954, 270]",False,Left,True,1.0,False,medium,False,"[[816, 102], [1140, 102], [636, 138], [960, 156], [1140, 174], [780, 246], [1068, 426], [564, 480]]",,"[[1362, 240]]",,0.5213638010512449,0.6922492056439289
499,5,3,8.307999999999993,,13518,"[954, 270]",False,Left,True,1.0,False,medium,False,"[[828, 96], [1152, 96], [648, 132], [972, 150], [1152, 168], [792, 240], [1080, 420], [576, 474]]",,"[[1374, 234]]",,0.5213638010512449,0.6922492056439289
500,5,3,8.32400000000007,,13518,"[954, 270]",False,Left,True,1.0,False,medium,False,"[[840, 90], [1164, 90], [660, 126], [984, 144], [1164, 162], [804, 234], [1092, 414], [588, 468]]",,"[[1386, 228]]",,0.5240123972955575,0.6956276689579477
501,5,3,8.340000000000032,,13518,"[954, 270]",False,Left,True,1.0,False,medium,False,"[[852, 84], [1176, 84], [672, 120], [996, 138], [1176, 156], [816, 228], [1104, 408], [600, 462]]",,"[[1398, 222]]",,0.5240123972955575,0.6956276689579477
502,5,3,8.359000000000037,,13518,"[954, 270]",False,Left,True,1.0,False,medium,False,"[[864, 78], [1188, 78], [684, 114], [1008, 132], [1188, 150], [828, 222], [1116, 402], [612, 456]]",,"[[1410, 216]]",,0.834934843275396,0.9031596923397842
503,5,3,8.374000000000024,,13518,"[954, 270]",False,Left,True,1.0,False,medium,False,"[[876, 72], [1200, 72], [696, 108], [1020, 126], [1200, 144], [840, 216], [1128, 396], [624, 450]]",,"[[1422, 210]]",,0.834934843275396,0.9031596923397842
504,5,3,8.392000000000053,,13518,"[954, 270]",False,Left,True,1.0,False,medium,False,"[[888, 66], [1212, 66], [708, 102], [1032, 120], [1212, 138], [852, 210], [1140, 390], [636, 444]]",,"[[1434, 204]]",,0.5296591680376024,0.7113705062681783
505,5,3,8.408999999999992,,13518,"[954, 270]",False,Left,True,1.0,False,medium,False,"[[900, 60], [1224, 60], [720, 96], [1044, 114], [1224, 132], [864, 204], [1152, 384], [648, 438]]",,"[[1446, 198]]",,0.5296591680376024,0.7113705062681783
506,5,3,8.426000000000045,,13518,"[954, 270]",False,Left,True,1.0,False,medium,False,"[[912, 54], [1236, 54], [732, 90], [1056, 108], [1236, 126], [876, 198], [1164, 378], [660, 432], [714, 810]]",,"[[1458, 192]]",,0.8937720177230581,0.7503453102324857
507,5,3,8.442999999999984,,13518,"[954, 270]",False,Left,True,1.0,False,medium,False,"[[924, 48], [1248, 48], [744, 84], [1068, 102], [1248, 120], [888, 192], [1176, 372], [672, 426], [726, 804]]",,"[[1470, 186]]",,0.8937720177230581,0.7503453102324857
508,5,3,8.45900000000006,,13518,"[954, 270]",False,Left,True,1.0,False,medium,False,"[[936, 42], [1260, 42], [756, 78], [1080, 96], [1260, 114], [900, 186], [1188, 366], [684, 420], [738, 798]]",,"[[1482, 180]]",,0.5188174633818914,0.6912917568268471
509,5,3,8.475999999999999,,13518,"[954, 270]",False,,True,1.0,False,medium,False,"[[948, 36], [1272, 36], [768, 72], [1092, 90], [1272, 108], [912, 180], [1200, 360], [696, 414], [750, 792]]",,"[[1488, 174]]",,0.5188174633818914,0.6912917568268471
510,5,3,8.493000000000052,,13518,"[954, 270]",False,,True,1.0,False,medium,False,"[[954, 30], [1278, 30], [774, 66], [1098, 84], [1278, 102], [918, 174], [1206, 354], [702, 408], [756, 786]]",,"[[1494, 168]]",,0.9289203384632078,0.7633724036276003
511,5,3,8.509000000000015,,13518,"[954, 270]",False,,True,1.0,False,medium,False,"[[960, 24], [1284, 24], [780, 60], [1104, 78], [1284, 96], [924, 168], [1212, 348], [708, 402], [762, 780]]",,"[[1500, 162]]",,0.9289203384632078,0.7633724036276003
512,5,3,8.526000000000067,,13518,"[954, 270]",False,,True,1.0,False,medium,False,"[[966, 18], [1290, 18], [786, 54], [1110, 72], [1290, 90], [930, 162], [1218, 342], [714, 396], [768, 774]]",,"[[1506, 156]]",,0.8956530618463706,0.7971059763833472
513,5,3,8.543000000000006,,13518,"[954, 270]",False,,True,1.0,False,medium,False,"[[972, 12], [1296, 12], [792, 48], [1116, 66], [1296, 84], [936, 156], [1224, 336], [720, 390], [774, 768]]",,"[[1512, 150]]",,0.8956530618463706,0.7971059763833472
514,5,3,8.561000000000035,,13518,"[954, 270]",False,,True,1.0,False,medium,False,"[[978, 6], [1302, 6], [798, 42], [1122, 60], [1302, 78], [942, 150], [1230, 330], [726, 384], [780, 762]]",,"[[1518, 144]]",,0.5074282097845553,0.6754570485049638
515,5,3,8.576999999999998,,13518,"[954, 270]",False,,True,1.0,False,medium,False,"[[984, 0], [1308, 0], [804, 36], [1128, 54], [1308, 72], [948, 144], [1236, 324], [732, 378], [786, 756]]",,"[[1524, 138]]",,0.5074282097845553,0.6754570485049638
516,5,3,8.593000000000075,,13518,"[954, 270]",False,,True,1.0,False,medium,False,"[[810, 30], [1134, 48], [1314, 66], [954, 138], [1242, 318], [738, 372], [792, 750]]",,"[[1530, 132]]",,0.8281971687007598,1.020529662171789
517,5,3,8.610000000000014,,13518,"[954, 270]",False,Right,True,1.0,False,medium,False,"[[816, 24], [1140, 42], [1320, 60], [960, 132], [1248, 312], [744, 366], [798, 744]]",,"[[1530, 126]]",,0.8281971687007598,1.020529662171789
518,5,3,8.627000000000066,,13518,"[954, 270]",False,Right,True,1.0,False,medium,False,"[[816, 18], [1140, 36], [1320, 54], [960, 126], [1248, 306], [744, 360], [798, 738]]",,"[[1530, 120]]",,0.8971791870025229,0.7968610733387587
519,5,3,8.642000000000053,,13518,"[954, 270]",False,Right,True,1.0,False,medium,False,"[[816, 12], [1140, 30], [1320, 48], [960, 120], [1248, 300], [744, 354], [798, 732]]",,"[[1530, 114]]",,0.8971791870025229,0.7968610733387587
520,5,3,8.658000000000015,,13518,"[954, 270]",False,Right,True,1.0,False,medium,False,"[[816, 6], [1140, 24], [1320, 42], [960, 114], [1248, 294], [744, 348], [798, 726]]",,"[[1530, 108]]",,0.8428758645750613,0.9241992361415639
521,5,3,8.673999999999978,,13518,"[954, 270]",False,Right,True,1.0,False,medium,False,"[[816, 0], [1140, 18], [1320, 36], [960, 108], [1248, 288], [744, 342], [798, 720]]",,"[[1530, 102]]",,0.8428758645750613,0.9241992361415639
522,5,3,8.691000000000031,,13518,"[954, 270]",False,Right,True,1.0,False,medium,False,"[[1140, 12], [1320, 30], [960, 102], [1248, 282], [744, 336], [798, 714]]",,"[[1530, 96]]",,0.5204308289803175,0.6816955322727092
523,5,3,8.708000000000084,,13518,"[954, 270]",False,Right,True,1.0,False,medium,False,"[[1140, 6], [1320, 24], [960, 96], [1248, 276], [744, 330], [798, 708]]",,"[[1530, 90]]",,0.5204308289803175,0.6816955322727092
524,5,3,8.724000000000046,,13518,"[954, 270]",False,Right,True,1.0,False,medium,False,"[[1140, 0], [1320, 18], [960, 90], [1248, 270], [744, 324], [798, 702]]",,"[[1530, 84]]",,0.8735748978954418,0.7987840595409947
525,5,3,8.740999999999985,,13518,"[954, 270]",False,Right,True,1.0,False,medium,False,"[[1320, 12], [960, 84], [1248, 264], [744, 318], [798, 696]]",,"[[1530, 78]]",,0.8735748978954418,0.7987840595409947
526,5,3,8.758000000000038,,13518,"[954, 270]",False,Right,True,1.0,False,medium,False,"[[1320, 6], [960, 78], [1248, 258], [744, 312], [798, 690]]",,"[[1530, 72]]",,0.8863706123709878,0.7563272858606322
527,5,3,8.774999999999977,,13518,"[954, 270]",False,Right,True,1.0,False,medium,False,"[[1320, 0], [960, 72], [1248, 252], [744, 306], [798, 684]]",,"[[1530, 66]]",,0.8863706123709878,0.7563272858606322
528,5,3,8.791000000000054,,13518,"[954, 270]",False,Right,True,1.0,False,medium,False,"[[960, 66], [1248, 246], [744, 300], [798, 678]]",,"[[1530, 60]]",,0.5169405510789316,0.6896718345414756
529,5,3,8.807000000000016,,13518,"[954, 270]",False,Right,True,1.0,False,medium,False,"[[960, 60], [1248, 240], [744, 294], [798, 672]]",,"[[1530, 54]]",,0.5169405510789316,0.6896718345414756
530,5,3,8.822999999999979,,13518,"[954, 270]",False,Right,True,1.0,False,medium,False,"[[960, 54], [1248, 234], [744, 288], [798, 666]]",,"[[1530, 48]]",,0.5263335167645967,0.6933665471465609
531,5,3,8.839000000000055,,13518,"[954, 270]",False,Right,True,1.0,False,medium,False,"[[960, 48], [1248, 228], [744, 282], [798, 660]]",,"[[1530, 42]]",,0.8731533365192712,0.8107302957523732
532,5,3,8.855000000000018,,13518,"[954, 270]",False,Right,True,1.0,False,medium,False,"[[960, 42], [1248, 222], [744, 276], [798, 654]]",,"[[1530, 36]]",,0.5281379132372326,0.6955553608522198
533,5,3,8.870999999999981,,13518,"[954, 270]",False,Right,True,1.0,False,medium,False,"[[960, 36], [1248, 216], [744, 270], [798, 648]]",,"[[1530, 30]]",,0.5281379132372326,0.6955553608522198
534,5,3,8.888000000000034,,13518,"[954, 270]",False,Right,True,1.0,False,medium,False,"[[960, 30], [1248, 210], [744, 264], [798, 642]]",,"[[1530, 24]]",,0.8831417469690646,0.8250448605531617
535,5,3,8.904999999999973,,13518,"[954, 270]",False,Right,True,1.0,False,medium,False,"[[960, 24], [1248, 204], [744, 258], [798, 636]]",,"[[1530, 18]]",,0.8831417469690646,0.8250448605531617
536,5,3,8.92100000000005,,13518,"[954, 270]",False,Right,True,1.0,False,medium,False,"[[960, 18], [1248, 198], [744, 252], [798, 630], [744, 810]]",,"[[1530, 12]]",,0.8735011449440687,0.8222200672678558
537,5,3,8.937999999999988,,13518,"[954, 270]",False,Right,True,1.0,False,medium,False,"[[960, 12], [1248, 192], [744, 246], [798, 624], [744, 804]]",,"[[1530, 6]]",,0.8612960283048038,0.8159962019119116
538,5,3,8.954000000000065,,13518,"[954, 270]",False,Right,True,0.0,False,medium,False,"[[960, 6], [1248, 186], [744, 240], [798, 618], [744, 798]]",,"[[1530, 0]]",,0.5250643821293164,0.7014101537515602
539,5,3,8.971000000000004,,13518,"[954, 270]",False,Right,True,0.0,False,medium,False,"[[960, 0], [1248, 180], [744, 234], [798, 612], [744, 792]]",,[],,0.5250643821293164,0.7014101537515602
540,5,3,8.988000000000056,,13518,"[954, 270]",False,Right,True,0.0,False,medium,False,"[[1242, 174], [738, 228], [792, 606], [738, 786]]",,[],,0.5259029679024424,0.700249140136487
541,5,3,9.004999999999995,,13518,"[954, 270]",False,Right,True,0.0,False,medium,False,"[[1236, 168], [732, 222], [786, 600], [732, 780]]",,[],,0.5259029679024424,0.700249140136487
542,5,3,9.022000000000048,,13518,"[954, 270]",False,Right,True,0.0,False,medium,False,"[[1230, 162], [726, 216], [780, 594], [726, 774]]",,[],,0.8487969279349388,0.9731047610910907
543,5,3,9.038000000000011,,13518,"[954, 270]",False,Right,True,0.0,False,medium,False,"[[1224, 156], [720, 210], [774, 588], [720, 768]]",,[],,0.8713027252028546,0.8299184623282461
544,5,3,9.053999999999974,,13518,"[954, 270]",False,Right,True,0.0,False,medium,False,"[[1218, 150], [714, 204], [768, 582], [714, 762]]",,[],,0.8486232837837147,0.9819422974923866
545,5,3,9.071000000000026,,13518,"[954, 270]",False,Right,True,0.0,False,medium,False,"[[1212, 144], [708, 198], [762, 576], [708, 756]]",,[],,0.8486232837837147,0.9819422974923866
546,5,3,9.089000000000055,,13518,"[954, 270]",False,Right,True,0.0,False,medium,False,"[[1206, 138], [702, 192], [756, 570], [702, 750]]",,[],,0.7908709373949196,0.7703527567594947
547,5,3,9.105999999999995,,13518,"[954, 270]",False,Right,True,0.0,False,medium,False,"[[1200, 132], [696, 186], [750, 564], [696, 744]]",,[],,0.8485169088389227,0.8094310048532731
548,5,3,9.124000000000024,,13518,"[954, 270]",False,Right,True,0.0,False,medium,False,"[[1194, 126], [690, 180], [744, 558], [690, 738]]",,[],,0.8432618146525869,0.8107617993073221
549,5,3,9.13900000000001,,13518,"[954, 270]",False,Right,True,0.0,False,medium,False,"[[1188, 120], [684, 174], [738, 552], [684, 732]]",,[],,0.8432618146525869,0.8107617993073221
550,5,3,9.156000000000063,,13518,"[954, 270]",False,Right,True,0.0,False,medium,False,"[[1182, 114], [678, 168], [732, 546], [678, 726]]",,[],,0.5253300629410835,0.7003357339261216
551,5,3,9.173000000000002,,13518,"[954, 270]",False,Right,True,0.0,False,medium,False,"[[1176, 108], [672, 162], [726, 540], [672, 720]]",,[],,0.5253300629410835,0.7003357339261216
552,5,3,9.187000000000012,,13518,"[954, 270]",False,Right,True,0.0,False,medium,False,"[[1170, 102], [666, 156], [720, 534], [666, 714]]",,[],,0.5043002286934244,0.5942963301206049
553,5,3,9.202999999999975,,13518,"[954, 270]",False,Right,True,0.0,False,medium,False,"[[1164, 96], [660, 150], [714, 528], [660, 708]]",,[],,0.28269403032170126,0.13199743940739694
554,5,3,9.220000000000027,,13518,"[954, 270]",False,Right,True,0.0,False,medium,False,"[[1158, 90], [654, 144], [708, 522], [654, 702]]",,[],,0.23285097457791265,0.1731289967816083
555,5,3,9.23599999999999,,13518,"[954, 270]",False,Right,True,0.0,False,medium,False,"[[1152, 84], [648, 138], [702, 516], [648, 696]]",,[],,0.8458238031114178,0.8333794910883606
556,5,3,9.253000000000043,,13518,"[954, 270]",False,Right,True,0.0,False,medium,False,"[[1146, 78], [642, 132], [696, 510], [642, 690]]",,[],,0.9725460404302686,0.4289695196279577
557,5,3,9.269000000000005,,13518,"[954, 270]",False,Right,True,0.0,False,medium,False,"[[1140, 72], [636, 126], [690, 504], [636, 684]]",,[],,0.9725460404302686,0.4289695196279577
558,5,3,9.287000000000035,,13518,"[954, 270]",False,Right,True,0.0,False,medium,False,"[[1134, 66], [630, 120], [684, 498], [630, 678]]",,[],,0.8237200233516448,1.113406568271703
559,5,3,9.303999999999974,,13518,"[954, 270]",False,,True,0.0,False,medium,False,"[[1128, 60], [624, 114], [678, 492], [624, 672]]",,[],,0.8301001535210893,1.1285106884709242
560,5,3,9.321000000000026,,13518,"[954, 270]",False,,True,0.0,False,medium,False,"[[1128, 54], [624, 108], [678, 486], [624, 666]]",,[],,0.9725460404302686,0.4289695196279577
561,5,3,9.336999999999989,,13518,"[954, 270]",False,,True,0.0,False,medium,False,"[[1128, 48], [624, 102], [678, 480], [624, 660]]",,[],,0.8307520361960101,1.1362288148329678
562,5,3,9.353000000000065,,13518,"[954, 270]",False,,True,0.0,False,medium,False,"[[1128, 42], [624, 96], [678, 474], [624, 654]]",,[],,0.8316732438205705,1.1356388465208476
563,5,3,9.370000000000005,,13518,"[954, 270]",False,,True,0.0,False,medium,False,"[[1128, 36], [624, 90], [678, 468], [624, 648]]",,[],,0.8358796840299287,0.9683606155272376
564,5,3,9.388000000000034,,13518,"[954, 270]",False,,True,0.0,False,medium,False,"[[1128, 30], [624, 84], [678, 462], [624, 642]]",,[],,0.5254216827930096,0.680663938403649
565,5,3,9.404999999999973,,13518,"[954, 270]",False,,True,0.0,False,medium,False,"[[1128, 24], [624, 78], [678, 456], [624, 636]]",,[],,0.5254216827930096,0.680663938403649
566,5,3,9.42100000000005,,13518,"[954, 270]",False,,True,0.0,False,medium,False,"[[1128, 18], [624, 72], [678, 450], [624, 630]]",,[],,0.9725460404302686,0.4289695196279577
567,5,3,9.437999999999988,,13518,"[954, 270]",False,,True,0.0,False,medium,False,"[[1128, 12], [624, 66], [678, 444], [624, 624]]",,[],,0.9725460404302686,0.4289695196279577
568,5,3,9.454000000000065,,13518,"[954, 270]",False,,True,0.0,False,medium,False,"[[1128, 6], [624, 60], [678, 438], [624, 618]]",,[],,0.5219562269813732,0.6771787952535531
569,5,3,9.471000000000004,,13518,"[954, 270]",False,,True,0.0,False,medium,False,"[[1128, 0], [624, 54], [678, 432], [624, 612]]",,[],,0.8328379410342681,0.9790895552873238
570,5,3,9.48700000000008,,13518,"[954, 270]",False,,True,0.0,False,medium,False,"[[624, 48], [678, 426], [624, 606]]",,[],,0.8356034644692508,0.9783852145433323
571,5,3,9.506000000000085,,13518,"[954, 270]",False,,True,0.0,False,medium,False,"[[624, 42], [678, 420], [624, 600]]",,[],,0.9725460404302686,0.4289695196279577
572,5,3,9.523000000000025,,13518,"[954, 270]",False,,True,0.0,False,medium,False,"[[624, 36], [678, 414], [624, 594]]",,[],,0.8357361673973618,0.9807587505118445
573,5,3,9.540000000000077,,13518,"[954, 270]",False,,True,0.0,False,medium,False,"[[624, 30], [678, 408], [624, 588]]",,[],,0.8357361673973618,0.9807587505118445
574,5,3,9.55600000000004,,13518,"[954, 270]",False,,True,0.0,False,medium,False,"[[624, 24], [678, 402], [624, 582]]",,[],,0.9725460404302686,0.4289695196279577
575,5,3,9.57400000000007,,13518,"[954, 270]",False,,True,0.0,False,medium,False,"[[624, 18], [678, 396], [624, 576]]",,[],,0.9725460404302686,0.4289695196279577
576,5,3,9.591000000000008,,13518,"[954, 270]",False,,True,0.0,False,medium,False,"[[624, 12], [678, 390], [624, 570]]",,[],,0.8393582763450075,0.9916763062934227
577,5,3,9.607000000000085,,13518,"[954, 270]",False,,True,0.0,False,medium,False,"[[624, 6], [678, 384], [624, 564]]",,[],,0.8393582763450075,0.9916763062934227
578,5,3,9.624000000000024,,13518,"[954, 270]",False,,True,0.0,False,medium,False,"[[624, 0], [678, 378], [624, 558]]",,[],,0.9725460404302686,0.4289695196279577
579,5,3,9.639999999999986,,13518,"[954, 270]",False,,True,0.0,False,medium,False,"[[678, 372], [624, 552]]",,[],,0.9725460404302686,0.4289695196279577
580,5,3,9.657000000000039,,13518,"[954, 270]",False,,True,0.0,False,medium,False,"[[678, 366], [624, 546]]",,[],,0.5244807292965159,0.6974570494755251
581,5,3,9.673000000000002,,13518,"[954, 270]",False,,True,0.0,False,medium,False,"[[678, 360], [624, 540]]",,[],,0.5244807292965159,0.6974570494755251
582,5,3,9.689000000000078,,13518,"[954, 270]",False,,True,0.0,False,medium,False,"[[678, 354], [624, 534]]",,[],,0.8434720357033079,0.9934578934164154
583,5,3,9.705000000000041,,13518,"[954, 270]",False,,True,0.0,False,medium,False,"[[678, 348], [624, 528]]",,[],,0.8440959819531371,0.9830706951794496
584,5,3,9.721000000000004,,13518,"[954, 270]",False,,True,0.0,False,medium,False,"[[678, 342], [624, 522]]",,[],,0.863072160810497,1.0746265737596576
585,5,3,9.739000000000033,,13518,"[954, 270]",False,,True,0.0,False,medium,False,"[[678, 336], [624, 516]]",,[],,0.9725460404302686,0.4289695196279577
586,5,3,9.756000000000085,,13518,"[954, 270]",False,,True,0.0,False,medium,False,"[[678, 330], [624, 510]]",,[],,0.9725460404302686,0.4289695196279577
587,5,3,9.773000000000025,,13518,"[954, 270]",False,,True,0.0,False,medium,False,"[[678, 324], [624, 504]]",,[],,0.9725460404302686,0.4289695196279577
588,5,3,9.788999999999987,,13518,"[954, 270]",False,,True,0.0,False,medium,False,"[[678, 318], [624, 498]]",,[],,0.5594381170525806,0.5320481096791778
589,5,3,9.80600000000004,,13518,"[954, 270]",False,,True,0.0,False,medium,False,"[[678, 312], [624, 492]]",,[],,0.5586592919186455,0.5004589613785204
590,5,3,9.822999999999979,,13518,"[954, 270]",False,,True,0.0,False,medium,False,"[[678, 306], [624, 486]]",,[],,0.5596910477862411,0.47345595085170233
591,5,3,9.840000000000032,,13518,"[954, 270]",False,,True,0.0,False,medium,False,"[[678, 300], [624, 480]]",,[],,0.5596910477862411,0.47345595085170233
592,5,3,9.855999999999995,,13518,"[954, 270]",False,,True,0.0,False,medium,False,"[[678, 294], [624, 474]]",,[],,0.9725460404302686,0.4289695196279577
593,5,3,9.873000000000047,,13518,"[954, 270]",False,,True,0.0,False,medium,False,"[[678, 288], [624, 468]]",,[],,0.5596761393941051,0.4657708606555112
594,5,3,9.889999999999986,,13518,"[954, 270]",False,,True,0.0,False,medium,False,"[[678, 282], [624, 462]]",,[],,0.558324508987246,0.4697638892996513
595,5,3,9.908000000000015,,13518,"[954, 270]",False,,True,0.0,False,medium,False,"[[678, 276], [624, 456]]",,[],,0.9725460404302686,0.4289695196279577
596,5,3,9.925000000000068,,13518,"[954, 270]",False,,True,0.0,False,medium,False,"[[678, 270], [624, 450]]",,[],,0.5602122998695328,0.4747650850850291
597,5,3,9.941000000000031,,13518,"[954, 270]",False,,True,0.0,False,medium,False,"[[678, 264], [624, 444]]",,[],,0.5602122998695328,0.4747650850850291
598,5,3,9.95900000000006,,13518,"[954, 270]",False,,True,0.0,False,medium,False,"[[678, 258], [624, 438]]",,[],,0.9725460404302686,0.4289695196279577
599,5,3,9.975000000000023,,13518,"[954, 270]",False,,True,0.0,False,medium,False,"[[678, 252], [624, 432]]",,[],,0.9725460404302686,0.4289695196279577
600,5,3,9.993000000000052,,13518,"[954, 270]",False,,True,0.0,False,medium,False,"[[678, 246], [624, 426]]",,[],,0.5541452980853464,0.523258985815627
601,5,3,10.009000000000015,,13518,"[954, 270]",False,,True,0.0,False,medium,False,"[[678, 240], [624, 420]]",,[],,0.9725460404302686,0.4289695196279577
602,5,3,10.024999999999977,,13518,"[954, 270]",False,,True,0.0,False,medium,False,"[[678, 234], [624, 414]]",,[],,0.5480960762120836,0.5591303235623444
603,5,3,10.04200000000003,,13518,"[954, 270]",False,,True,0.0,False,medium,False,"[[678, 228], [624, 408]]",,[],,0.5442011632807997,0.5716753194584797
604,5,3,10.057999999999993,,13518,"[954, 270]",False,,True,0.0,False,medium,False,"[[678, 222], [624, 402]]",,[],,0.540054274625526,0.5924834623281757
605,5,3,10.075000000000045,,13518,"[954, 270]",False,,True,0.0,False,medium,False,"[[678, 216], [624, 396]]",,[],,0.839772953412754,0.976118964464646
606,5,3,10.091000000000008,,13518,"[954, 270]",False,,True,0.0,False,medium,False,"[[678, 210], [624, 390]]",,[],,0.9725460404302686,0.4289695196279577
607,5,3,10.107000000000085,,13518,"[954, 270]",False,,True,0.0,False,medium,False,"[[678, 204], [624, 384]]",,[],,0.9725460404302686,0.4289695196279577
608,5,3,10.123000000000047,,13518,"[954, 270]",False,,True,0.0,False,medium,False,"[[678, 198], [624, 378], [696, 810]]",,[],,0.9725460404302686,0.4289695196279577
609,5,3,10.139999999999986,,13518,"[954, 270]",False,,True,0.0,False,medium,False,"[[678, 192], [624, 372], [696, 804]]",,[],,0.9725460404302686,0.4289695196279577
610,5,3,10.157000000000039,,13518,"[954, 270]",False,,True,0.0,False,medium,False,"[[678, 186], [624, 366], [696, 798]]",,[],,0.9725460404302686,0.4289695196279577
611,5,3,10.175000000000068,,13518,"[954, 270]",False,,True,0.0,False,medium,False,"[[678, 180], [624, 360], [696, 792]]",,[],,0.9725460404302686,0.4289695196279577
612,5,3,10.192000000000007,,13518,"[954, 270]",False,,True,0.0,False,medium,False,"[[678, 174], [624, 354], [696, 786]]",,[],,0.5499499822386837,0.6231528080450064
613,5,3,10.208000000000084,,13518,"[954, 270]",False,,True,0.0,False,medium,False,"[[678, 168], [624, 348], [696, 780]]",,"[[504, 810]]",,0.5498034342921281,0.6232644907015719
614,5,3,10.224000000000046,,13518,"[954, 270]",False,,True,0.0,False,medium,False,"[[678, 162], [624, 342], [696, 774]]",,"[[504, 804]]",,0.8405422417657944,0.9013517204093915
615,5,3,10.240999999999985,,13518,"[954, 270]",False,,True,0.0,False,medium,False,"[[678, 156], [624, 336], [696, 768]]",,"[[504, 798]]",,0.8843246082503422,0.8290376726436891
616,5,3,10.258000000000038,,13518,"[954, 270]",False,,True,0.0,False,medium,False,"[[678, 150], [624, 330], [696, 762]]",,"[[504, 792]]",,0.5519254172790785,0.6233829382313414
617,5,3,10.274999999999977,,13518,"[954, 270]",False,,True,0.0,False,medium,False,"[[678, 144], [624, 324], [696, 756]]",,"[[504, 786]]",,0.5541454446972252,0.6243180543422437
618,5,3,10.291000000000054,,13518,"[954, 270]",False,,True,0.0,False,medium,False,"[[678, 138], [624, 318], [696, 750]]",,"[[504, 780]]",,0.8468106703620693,1.0180788147741755
619,5,3,10.307999999999993,,13518,"[954, 270]",False,,True,0.0,False,medium,False,"[[678, 132], [624, 312], [696, 744]]",,"[[504, 774]]",,0.8443201831774336,0.9103864100763954
620,5,3,10.32400000000007,,13518,"[954, 270]",False,,True,0.0,False,medium,False,"[[678, 126], [624, 306], [696, 738], [1236, 810]]",,"[[504, 768]]",,0.8443201831774336,0.9103864100763954
621,5,3,10.341999999999985,,13518,"[954, 270]",False,,True,0.0,False,medium,False,"[[678, 120], [624, 300], [696, 732], [1236, 804]]",,"[[504, 762]]",,0.8774502951367642,0.8351507517841665
622,5,3,10.360000000000014,,13518,"[954, 270]",False,,True,0.0,False,medium,False,"[[678, 114], [624, 294], [696, 726], [1236, 798]]",,"[[504, 756]]",,0.5458946092599923,0.665568762072082
623,5,3,10.377000000000066,,13518,"[954, 270]",False,,True,0.0,False,medium,False,"[[678, 108], [624, 288], [696, 720], [1236, 792]]",,"[[504, 750]]",,0.8476719229335318,1.041957824427141
624,5,3,10.392000000000053,,13518,"[954, 270]",False,,True,0.0,False,medium,False,"[[678, 102], [624, 282], [696, 714], [1236, 786]]",,"[[504, 744]]",,0.8477671529707524,1.03507252124072
625,5,3,10.408000000000015,,13518,"[954, 270]",False,,True,0.0,False,medium,False,"[[678, 96], [624, 276], [696, 708], [1236, 780]]",,"[[504, 738]]",,0.9725460404302686,0.4289695196279577
626,5,3,10.425000000000068,,13518,"[954, 270]",False,,True,0.0,False,medium,False,"[[678, 90], [624, 270], [696, 702], [1236, 774], [696, 810]]",,"[[504, 732]]",,0.9725460404302686,0.4289695196279577
627,5,3,10.442000000000007,,13518,"[954, 270]",False,,True,0.0,False,medium,False,"[[678, 84], [624, 264], [696, 696], [1236, 768], [696, 804]]",,"[[504, 726]]",,0.9725460404302686,0.4289695196279577
628,5,3,10.45900000000006,,13518,"[954, 270]",False,,True,0.0,False,medium,False,"[[678, 78], [624, 258], [696, 690], [1236, 762], [696, 798]]",,"[[504, 720]]",,0.5386878216646105,0.6905123909246577
629,5,3,10.475000000000023,,13518,"[954, 270]",False,,True,0.0,False,medium,False,"[[678, 72], [624, 252], [696, 684], [1236, 756], [696, 792]]",,"[[504, 714]]",,0.5382408010118525,0.6918426710012635
630,5,3,10.490999999999985,,13518,"[954, 270]",False,,True,0.0,False,medium,False,"[[678, 66], [624, 246], [696, 678], [1236, 750], [696, 786]]",,"[[504, 708]]",,0.8446793751931418,1.0293823851016652
631,5,3,10.508000000000038,,13518,"[954, 270]",False,,True,0.0,False,medium,False,"[[678, 60], [624, 240], [696, 672], [1236, 744], [696, 780]]",,"[[504, 702]]",,0.9725460404302686,0.4289695196279577
632,5,3,10.524999999999977,,13518,"[954, 270]",False,,True,0.0,False,medium,False,"[[678, 54], [624, 234], [696, 666], [1236, 738], [696, 774]]",,"[[504, 696]]",,0.9725460404302686,0.4289695196279577
633,5,3,10.541000000000054,,13518,"[954, 270]",False,,True,0.0,False,medium,False,"[[678, 48], [624, 228], [696, 660], [1236, 732], [696, 768]]",,"[[504, 690]]",,0.9725460404302686,0.4289695196279577
634,5,3,10.557999999999993,,13518,"[954, 270]",False,,True,0.0,False,medium,False,"[[678, 42], [624, 222], [696, 654], [1236, 726], [696, 762]]",,"[[504, 684]]",,0.9725460404302686,0.4289695196279577
635,5,3,10.576999999999998,,13518,"[954, 270]",False,,True,0.0,False,medium,False,"[[678, 36], [624, 216], [696, 648], [1236, 720], [696, 756]]",,"[[504, 678]]",,0.9725460404302686,0.4289695196279577
636,5,3,10.594000000000051,,13518,"[954, 270]",False,,True,0.0,False,medium,False,"[[678, 30], [624, 210], [696, 642], [1236, 714], [696, 750]]",,"[[504, 672]]",,0.9725460404302686,0.4289695196279577
637,5,3,10.61200000000008,,13518,"[954, 270]",False,,True,0.0,False,medium,False,"[[678, 24], [624, 204], [696, 636], [1236, 708], [696, 744]]",,"[[504, 666]]",,0.535706915066444,0.6889133241687933
638,5,3,10.629000000000019,,13518,"[954, 270]",False,,True,0.0,False,medium,False,"[[678, 18], [624, 198], [696, 630], [1236, 702], [696, 738]]",,"[[504, 660]]",,0.5782745678647994,0.5845274962849151
639,5,3,10.646000000000072,,13518,"[954, 270]",False,,True,0.0,False,medium,False,"[[678, 12], [624, 192], [696, 624], [1236, 696], [696, 732]]",,"[[504, 654]]",,0.5782745678647994,0.5845274962849151
640,5,3,10.662000000000035,,13518,"[954, 270]",False,,True,0.0,False,medium,False,"[[678, 6], [624, 186], [696, 618], [1236, 690], [696, 726]]",,"[[504, 648]]",,0.869470646347472,1.0564708114343297
641,5,3,10.678999999999974,,13518,"[954, 270]",False,,True,0.0,False,medium,False,"[[678, 0], [624, 180], [696, 612], [1236, 684], [696, 720]]",,"[[504, 642]]",,0.869470646347472,1.0564708114343297
642,5,3,10.696000000000026,,13518,"[954, 270]",False,,True,0.0,False,medium,False,"[[624, 174], [696, 606], [1236, 678], [696, 714]]",,"[[504, 636]]",,0.8702305971591222,1.0513178253116449
643,5,3,10.71300000000008,,13518,"[954, 270]",False,,True,0.0,False,medium,False,"[[624, 168], [696, 600], [1236, 672], [696, 708]]",,"[[504, 630]]",,0.9725460404302686,0.4289695196279577
644,5,3,10.730000000000018,,13518,"[954, 270]",False,,True,0.0,False,medium,False,"[[624, 162], [696, 594], [1236, 666], [696, 702]]",,"[[504, 624]]",,0.9725460404302686,0.4289695196279577
645,5,3,10.747000000000071,,13518,"[954, 270]",False,,True,0.0,False,medium,False,"[[624, 156], [696, 588], [1236, 660], [696, 696]]",,"[[504, 618]]",,0.9725460404302686,0.4289695196279577
646,5,3,10.763000000000034,,13518,"[954, 270]",False,,True,0.0,False,medium,False,"[[624, 150], [696, 582], [1236, 654], [696, 690]]",,"[[504, 612]]",,0.5752731882635007,0.49150855637262925
647,5,3,10.778999999999996,,13518,"[954, 270]",False,,True,0.0,False,medium,False,"[[624, 144], [696, 576], [1236, 648], [696, 684]]",,"[[504, 606]]",,0.5752731882635007,0.49150855637262925
648,5,3,10.795000000000073,,13518,"[954, 270]",False,,True,0.0,False,medium,False,"[[624, 138], [696, 570], [1236, 642], [696, 678]]",,"[[504, 600]]",,0.5762225451029506,0.498521417232217
649,5,3,10.812000000000012,,13518,"[954, 270]",False,,True,0.0,False,medium,False,"[[624, 132], [696, 564], [1236, 636], [696, 672]]",,"[[504, 594]]",,0.5758420365561652,0.5030640539668088
650,5,3,10.830000000000041,,13518,"[954, 270]",False,,True,0.0,False,medium,False,"[[624, 126], [696, 558], [1236, 630], [696, 666]]",,"[[504, 588]]",,0.8377396676508443,0.9837615162317739
651,5,3,10.84699999999998,,13518,"[954, 270]",False,,True,0.0,False,medium,False,"[[624, 120], [696, 552], [1236, 624], [696, 660]]",,"[[504, 582]]",,0.8374100737630281,0.9857447419150352
652,5,3,10.863000000000056,,13518,"[954, 270]",False,,True,0.0,False,medium,False,"[[624, 114], [696, 546], [1236, 618], [696, 654]]",,"[[504, 576]]",,0.8375245937690565,0.9861332441342524
653,5,3,10.879000000000019,,13518,"[954, 270]",False,,True,0.0,False,medium,False,"[[624, 108], [696, 540], [1236, 612], [696, 648], [624, 810]]",,"[[504, 570]]",,0.8349769737196906,0.995688548793638
654,5,3,10.896000000000072,,13518,"[954, 270]",False,,True,0.0,False,medium,False,"[[624, 102], [696, 534], [1236, 606], [696, 642], [624, 804]]",,"[[504, 564]]",,0.8346845157987648,0.9920735431318187
655,5,3,10.913000000000011,,13518,"[954, 270]",False,,True,0.0,False,medium,False,"[[624, 96], [696, 528], [1236, 600], [696, 636], [624, 798]]",,"[[504, 558]]",,0.9730294986678281,0.42900916825492097
656,5,3,10.930000000000064,,13518,"[954, 270]",False,,True,0.0,False,medium,False,"[[624, 90], [696, 522], [1236, 594], [696, 630], [624, 792]]",,"[[504, 552]]",,0.9730294986678281,0.42900916825492097
657,5,3,10.947000000000003,,13518,"[954, 270]",False,,True,0.0,False,medium,False,"[[624, 84], [696, 516], [1236, 588], [696, 624], [624, 786]]",,"[[504, 546]]",,0.8542591389953259,1.0725515562014725
658,5,3,10.96300000000008,,13518,"[954, 270]",False,,True,0.0,False,medium,False,"[[624, 78], [696, 510], [1236, 582], [696, 618], [624, 780]]",,"[[504, 540]]",,0.5377507174480544,0.6139102905283986
659,5,3,10.980000000000018,,13518,"[954, 270]",False,,True,0.0,False,medium,False,"[[624, 72], [696, 504], [1236, 576], [696, 612], [624, 774]]",,"[[504, 534]]",,0.8576519874279087,0.9888221503858127
660,5,3,10.995000000000005,,13518,"[954, 270]",False,,True,0.0,False,medium,False,"[[624, 66], [696, 498], [1236, 570], [696, 606], [624, 768]]",,"[[504, 528]]",,0.9730294986678281,0.42900916825492097
661,5,3,11.012000000000057,,13518,"[954, 270]",False,,True,0.0,False,medium,False,"[[624, 60], [696, 492], [1236, 564], [696, 600], [624, 762]]",,"[[504, 522]]",,0.9730294986678281,0.42900916825492097
662,5,3,11.02800000000002,,13518,"[954, 270]",False,,True,0.0,False,medium,False,"[[624, 54], [696, 486], [1236, 558], [696, 594], [624, 756], [786, 810]]",,"[[504, 516]]",,0.5375973522605146,0.616321396001241
663,5,3,11.043999999999983,,13518,"[954, 270]",False,,True,0.0,False,medium,False,"[[624, 48], [696, 480], [1236, 552], [696, 588], [624, 750], [786, 804]]",,"[[504, 510]]",,0.8602835974622611,0.997881414883481
664,5,3,11.061000000000035,,13518,"[954, 270]",False,,True,0.0,False,medium,False,"[[624, 42], [696, 474], [1236, 546], [696, 582], [624, 744], [786, 798]]",,"[[504, 504]]",,0.8605227624393974,1.0006640802106357
665,5,3,11.076999999999998,,13518,"[954, 270]",False,,True,0.0,False,medium,False,"[[624, 36], [696, 468], [1236, 540], [696, 576], [624, 738], [786, 792], [1128, 810], [624, 810]]",,"[[504, 498]]",,0.9730294986678281,0.42900916825492097
666,5,3,11.094000000000051,,13518,"[954, 270]",False,,True,0.0,False,medium,False,"[[624, 30], [696, 462], [1236, 534], [696, 570], [624, 732], [786, 786], [1128, 804], [624, 804]]",,"[[504, 492]]",,0.9730294986678281,0.42900916825492097
667,5,3,11.11099999999999,,13518,"[954, 270]",False,,True,0.0,False,medium,False,"[[624, 24], [696, 456], [1236, 528], [696, 564], [624, 726], [786, 780], [1128, 798], [624, 798]]",,"[[504, 486]]",,0.5374439226372382,0.6638084671161836
668,5,3,11.128000000000043,,13518,"[954, 270]",False,,True,0.0,False,medium,False,"[[624, 18], [696, 450], [1236, 522], [696, 558], [624, 720], [786, 774], [1128, 792], [624, 792]]",,"[[504, 480]]",,0.5374439226372382,0.6638084671161836
669,5,3,11.144999999999982,,13518,"[954, 270]",False,,True,0.0,False,medium,False,"[[624, 12], [696, 444], [1236, 516], [696, 552], [624, 714], [786, 768], [1128, 786], [624, 786]]",,"[[504, 474]]",,0.5355065815160182,0.695499901227367
670,5,3,11.161000000000058,,13518,"[954, 270]",False,,True,0.0,False,medium,False,"[[624, 6], [696, 438], [1236, 510], [696, 546], [624, 708], [786, 762], [1128, 780], [624, 780]]",,"[[504, 468]]",,0.5334000642114153,0.6997757802961192
671,5,3,11.178999999999974,,13518,"[954, 270]",False,,True,0.0,False,medium,False,"[[624, 0], [696, 432], [1236, 504], [696, 540], [624, 702], [786, 756], [1128, 774], [624, 774]]",,"[[504, 462]]",,0.9730294986678281,0.42900916825492097
672,5,3,11.19500000000005,,13518,"[954, 270]",False,,True,0.0,False,medium,False,"[[696, 426], [1236, 498], [696, 534], [624, 696], [786, 750], [1128, 768], [624, 768]]",,"[[504, 456]]",,0.9730294986678281,0.42900916825492097
673,5,3,11.211000000000013,,13518,"[954, 270]",False,,True,0.0,False,medium,False,"[[696, 420], [1236, 492], [696, 528], [624, 690], [786, 744], [1128, 762], [624, 762]]",,"[[504, 450]]",,0.9730294986678281,0.42900916825492097
674,5,3,11.226999999999975,,13518,"[954, 270]",False,,True,0.0,False,medium,False,"[[696, 414], [1236, 486], [696, 522], [624, 684], [786, 738], [1128, 756], [624, 756]]",,"[[504, 444]]",,0.9730294986678281,0.42900916825492097
675,5,3,11.245999999999981,,13518,"[954, 270]",False,,True,0.0,False,medium,False,"[[696, 408], [1236, 480], [696, 516], [624, 678], [786, 732], [1128, 750], [624, 750]]",,"[[504, 438]]",,0.8649403221529518,0.9780501672583765
676,5,3,11.262000000000057,,13518,"[954, 270]",False,,True,0.0,False,medium,False,"[[696, 402], [1236, 474], [696, 510], [624, 672], [786, 726], [1128, 744], [624, 744]]",,"[[504, 432]]",,0.8649336048500669,0.9777533821611379
677,5,3,11.279999999999973,,13518,"[954, 270]",False,,True,0.0,False,medium,False,"[[696, 396], [1236, 468], [696, 504], [624, 666], [786, 720], [1128, 738], [624, 738]]",,"[[504, 426]]",,0.9730294986678281,0.42900916825492097
678,5,3,11.295000000000073,,13518,"[954, 270]",False,,True,0.0,False,medium,False,"[[696, 390], [1236, 462], [696, 498], [624, 660], [786, 714], [1128, 732], [624, 732]]",,"[[504, 420]]",,0.9730294986678281,0.42900916825492097
679,5,3,11.312000000000012,,13518,"[954, 270]",False,,True,0.0,False,medium,False,"[[696, 384], [1236, 456], [696, 492], [624, 654], [786, 708], [1128, 726], [624, 726]]",,"[[504, 414]]",,0.9730294986678281,0.42900916825492097
680,5,3,11.329000000000065,,13518,"[954, 270]",False,,True,0.0,False,medium,False,"[[696, 378], [1236, 450], [696, 486], [624, 648], [786, 702], [1128, 720], [624, 720]]",,"[[504, 408]]",,0.5327375751889836,0.7000817935949701
681,5,3,11.346000000000004,,13518,"[954, 270]",False,,True,0.0,False,medium,False,"[[696, 372], [1236, 444], [696, 480], [624, 642], [786, 696], [1128, 714], [624, 714]]",,"[[504, 402]]",,0.5338280081674281,0.7014271174328904
682,5,3,11.363000000000056,,13518,"[954, 270]",False,,True,0.0,False,medium,False,"[[696, 366], [1236, 438], [696, 474], [624, 636], [786, 690], [1128, 708], [624, 708]]",,"[[504, 396]]",,0.5317340959680357,0.7039763706386131
683,5,3,11.379000000000019,,13518,"[954, 270]",False,,True,0.0,False,medium,False,"[[696, 360], [1236, 432], [696, 468], [624, 630], [786, 684], [1128, 702], [624, 702]]",,"[[504, 390]]",,0.8642888320559884,0.9760567958231874
684,5,3,11.397000000000048,,13518,"[954, 270]",False,,True,0.0,False,medium,False,"[[696, 354], [1236, 426], [696, 462], [624, 624], [786, 678], [1128, 696], [624, 696]]",,"[[504, 384]]",,0.863794878930068,0.9762441346680361
685,5,3,11.415000000000077,,13518,"[954, 270]",False,,True,0.0,False,medium,False,"[[696, 348], [1236, 420], [696, 456], [624, 618], [786, 672], [1128, 690], [624, 690]]",,"[[504, 378]]",,0.9730294986678281,0.42900916825492097
686,5,3,11.432000000000016,,13518,"[954, 270]",False,,True,0.0,False,medium,False,"[[696, 342], [1236, 414], [696, 450], [624, 612], [786, 666], [1128, 684], [624, 684]]",,"[[504, 372]]",,0.5273132861437252,0.7077929221183576
687,5,3,11.44900000000007,,13518,"[954, 270]",False,,True,0.0,False,medium,False,"[[696, 336], [1236, 408], [696, 444], [624, 606], [786, 660], [1128, 678], [624, 678]]",,"[[504, 366]]",,0.5275233143755854,0.7081694010777111
688,5,3,11.465000000000032,,13518,"[954, 270]",False,,True,0.0,False,medium,False,"[[696, 330], [1236, 402], [696, 438], [624, 600], [786, 654], [1128, 672], [624, 672]]",,"[[504, 360]]",,0.9730294986678281,0.42900916825492097
689,5,3,11.482000000000085,,13518,"[954, 270]",False,,True,0.0,False,medium,False,"[[696, 324], [1236, 396], [696, 432], [624, 594], [786, 648], [1128, 666], [624, 666]]",,"[[504, 354]]",,0.9730294986678281,0.42900916825492097
690,5,3,11.5,,13518,"[954, 270]",False,,True,0.0,False,medium,False,"[[696, 318], [1236, 390], [696, 426], [624, 588], [786, 642], [1128, 660], [624, 660]]",,"[[504, 348]]",,0.5282692487151275,0.711123803695828
691,5,3,11.516000000000076,,13518,"[954, 270]",False,,True,0.0,False,medium,False,"[[696, 312], [1236, 384], [696, 420], [624, 582], [786, 636], [1128, 654], [624, 654]]",,"[[504, 342]]",,0.5288122527893675,0.7121633623647396
692,5,3,11.533000000000015,,13518,"[954, 270]",False,,True,0.0,False,medium,False,"[[696, 306], [1236, 378], [696, 414], [624, 576], [786, 630], [1128, 648], [624, 648], [1272, 810]]",,"[[504, 336]]",,0.8619354060072973,0.926273634632137
693,5,3,11.548999999999978,,13518,"[954, 270]",False,,True,0.0,False,medium,False,"[[696, 300], [1236, 372], [696, 408], [624, 570], [786, 624], [1128, 642], [624, 642], [1272, 804]]",,"[[504, 330]]",,0.9730294986678281,0.42900916825492097
694,5,3,11.565000000000055,,13518,"[954, 270]",False,,True,0.0,False,medium,False,"[[696, 294], [1236, 366], [696, 402], [624, 564], [786, 618], [1128, 636], [624, 636], [1272, 798]]",,"[[504, 324]]",,0.9730294986678281,0.42900916825492097
695,5,3,11.581999999999994,,13518,"[954, 270]",False,,True,0.0,False,medium,False,"[[696, 288], [1236, 360], [696, 396], [624, 558], [786, 612], [1128, 630], [624, 630], [1272, 792]]",,"[[504, 318]]",,0.5290420441079555,0.709610087623012
696,5,3,11.59800000000007,,13518,"[954, 270]",False,,True,0.0,False,medium,False,"[[696, 282], [1236, 354], [696, 390], [624, 552], [786, 606], [1128, 624], [624, 624], [1272, 786]]",,"[[504, 312]]",,0.9730294986678281,0.42900916825492097
697,5,3,11.614000000000033,,13518,"[954, 270]",False,,True,-1.0,False,medium,False,"[[696, 276], [1236, 348], [696, 384], [624, 546], [786, 600], [1128, 618], [624, 618], [1272, 780]]",,"[[504, 306]]",,0.5293502850936455,0.709458151086237
698,5,3,11.631000000000085,,13518,"[954, 270]",False,,True,-1.0,False,medium,False,"[[696, 270], [1236, 342], [696, 378], [624, 540], [786, 594], [1128, 612], [624, 612], [1272, 774]]",,"[[498, 300]]",,0.5286244840326881,0.7088703002003082
699,5,3,11.647000000000048,,13518,"[954, 270]",False,,True,-1.0,False,medium,False,"[[690, 264], [1230, 336], [690, 372], [618, 534], [780, 588], [1122, 606], [618, 606], [1266, 768]]",,"[[492, 294]]",,0.8578018354868616,0.9405534876522054
700,5,3,11.663999999999987,,13518,"[954, 270]",False,,True,-1.0,False,medium,False,"[[684, 258], [1224, 330], [684, 366], [612, 528], [774, 582], [1116, 600], [612, 600], [1260, 762]]",,"[[486, 288]]",,0.8578018354868616,0.9405534876522054
701,5,3,11.680000000000064,,13518,"[954, 270]",False,,True,-1.0,False,medium,False,"[[678, 252], [1218, 324], [678, 360], [606, 522], [768, 576], [1110, 594], [606, 594], [1254, 756]]",,"[[480, 282]]",,0.9730294986678281,0.42900916825492097
702,5,3,11.696000000000026,,13518,"[954, 270]",False,,True,-1.0,False,medium,False,"[[672, 246], [1212, 318], [672, 354], [600, 516], [762, 570], [1104, 588], [600, 588], [1248, 750]]",,"[[474, 276]]",,0.9730294986678281,0.42900916825492097
703,5,3,11.71300000000008,,13518,"[954, 270]",False,,True,-1.0,False,medium,False,"[[666, 240], [1206, 312], [666, 348], [594, 510], [756, 564], [1098, 582], [594, 582], [1242, 744]]",,"[[468, 270]]",,0.5291947373392583,0.7163058776227154
704,5,3,11.730000000000018,,13518,"[954, 270]",False,,True,-1.0,False,medium,False,"[[660, 234], [1200, 306], [660, 342], [588, 504], [750, 558], [1092, 576], [588, 576], [1236, 738]]",,"[[462, 264]]",,0.8573068470282837,0.9387529957778804
705,5,3,11.747000000000071,,13518,"[954, 270]",False,,True,-1.0,False,medium,False,"[[654, 228], [1194, 300], [654, 336], [582, 498], [744, 552], [1086, 570], [582, 570], [1230, 732]]",,"[[456, 258]]",,0.9730294986678281,0.42900916825492097
706,5,3,11.763000000000034,,13518,"[954, 270]",False,,True,-1.0,False,medium,False,"[[648, 222], [1188, 294], [648, 330], [576, 492], [738, 546], [1080, 564], [576, 564], [1224, 726]]",,"[[450, 252]]",,0.9730294986678281,0.42900916825492097
707,5,3,11.781000000000063,,13518,"[954, 270]",False,,True,-1.0,False,medium,False,"[[642, 216], [1182, 288], [642, 324], [570, 486], [732, 540], [1074, 558], [570, 558], [1218, 720]]",,"[[444, 246]]",,0.9730294986678281,0.42900916825492097
708,5,3,11.798000000000002,,13518,"[954, 270]",False,,True,-1.0,False,medium,False,"[[636, 210], [1176, 282], [636, 318], [564, 480], [726, 534], [1068, 552], [564, 552], [1212, 714]]",,"[[438, 240]]",,0.9730294986678281,0.42900916825492097
709,5,3,11.815000000000055,,13518,"[954, 270]",False,,True,-1.0,False,medium,False,"[[630, 204], [1170, 276], [630, 312], [558, 474], [720, 528], [1062, 546], [558, 546], [1206, 708]]",,"[[432, 234]]",,0.5313028855867367,0.7211684388804764
710,5,3,11.831000000000017,,13518,"[954, 270]",False,,True,-1.0,False,medium,False,"[[624, 198], [1164, 270], [624, 306], [552, 468], [714, 522], [1056, 540], [552, 540], [1200, 702]]",,"[[426, 228]]",,0.5313028855867367,0.7211684388804764
711,5,3,11.84800000000007,,13518,"[954, 270]",False,,True,-1.0,False,medium,False,"[[618, 192], [1158, 264], [618, 300], [546, 462], [708, 516], [1050, 534], [546, 534], [1194, 696]]",,"[[420, 222]]",,0.9730294986678281,0.42900916825492097
712,5,3,11.865999999999985,,13518,"[954, 270]",False,,True,-1.0,False,medium,False,"[[612, 186], [1152, 258], [612, 294], [540, 456], [702, 510], [1044, 528], [540, 528], [1188, 690]]",,"[[414, 216]]",,0.9730294986678281,0.42900916825492097
713,5,3,11.887000000000057,,13518,"[954, 270]",False,Left,True,-1.0,False,medium,False,"[[606, 180], [1146, 252], [606, 288], [534, 450], [696, 504], [1038, 522], [534, 522], [1182, 684]]",,"[[414, 210]]",,0.5318569522020336,0.7215320361025153
714,5,3,11.90300000000002,,13518,"[954, 270]",False,Left,True,-1.0,False,medium,False,"[[606, 174], [1146, 246], [606, 282], [534, 444], [696, 498], [1038, 516], [534, 516], [1182, 678]]",,"[[414, 204]]",,0.5303895460266997,0.7236569981155467
715,5,3,11.918000000000006,,13518,"[954, 270]",False,Left,True,-1.0,False,medium,False,"[[606, 168], [1146, 240], [606, 276], [534, 438], [696, 492], [1038, 510], [534, 510], [1182, 672]]",,"[[414, 198]]",,0.5303895460266997,0.7236569981155467
716,5,3,11.934000000000083,,13518,"[954, 270]",False,Left,True,-1.0,False,medium,False,"[[606, 162], [1146, 234], [606, 270], [534, 432], [696, 486], [1038, 504], [534, 504], [1182, 666]]",,"[[414, 192]]",,0.5308309168703862,0.7246555839274118
717,5,3,11.952999999999975,,13518,"[954, 270]",False,Left,True,-1.0,False,medium,False,"[[606, 156], [1146, 228], [606, 264], [534, 426], [696, 480], [1038, 498], [534, 498], [1182, 660]]",,"[[414, 186]]",,0.9730294986678281,0.42900916825492097
718,5,3,11.970000000000027,,13518,"[954, 270]",False,Left,True,-1.0,False,medium,False,"[[606, 150], [1146, 222], [606, 258], [534, 420], [696, 474], [1038, 492], [534, 492], [1182, 654]]",,"[[414, 180]]",,0.5271884625527983,0.728994293156191
719,5,3,11.98599999999999,,13518,"[954, 270]",False,Left,True,-1.0,False,medium,False,"[[606, 144], [1146, 216], [606, 252], [534, 414], [696, 468], [1038, 486], [534, 486], [1182, 648]]",,"[[414, 174]]",,0.5271884625527983,0.728994293156191
720,5,3,12.003000000000043,,13518,"[954, 270]",False,Left,True,-1.0,False,medium,False,"[[606, 138], [1146, 210], [606, 246], [534, 408], [696, 462], [1038, 480], [534, 480], [1182, 642]]",,"[[414, 168]]",,0.8558372513306942,0.9705203744771748
721,5,3,12.019000000000005,,13518,"[954, 270]",False,Left,True,-1.0,False,medium,False,"[[606, 132], [1146, 204], [606, 240], [534, 402], [696, 456], [1038, 474], [534, 474], [1182, 636]]",,"[[414, 162]]",,0.9730294986678281,0.42900916825492097
722,5,3,12.036000000000058,,13518,"[954, 270]",False,Left,True,-1.0,False,medium,False,"[[606, 126], [1146, 198], [606, 234], [534, 396], [696, 450], [1038, 468], [534, 468], [1182, 630]]",,"[[414, 156]]",,0.9730294986678281,0.42900916825492097
723,5,3,12.053999999999974,,13518,"[954, 270]",False,Left,True,-1.0,False,medium,False,"[[606, 120], [1146, 192], [606, 228], [534, 390], [696, 444], [1038, 462], [534, 462], [1182, 624]]",,"[[414, 150]]",,0.9730294986678281,0.42900916825492097
724,5,3,12.071000000000026,,13518,"[954, 270]",False,Left,True,-1.0,False,medium,False,"[[606, 114], [1146, 186], [606, 222], [534, 384], [696, 438], [1038, 456], [534, 456], [1182, 618]]",,"[[414, 144]]",,0.9730294986678281,0.42900916825492097
725,5,3,12.08800000000008,,13518,"[954, 270]",False,Left,True,-1.0,False,medium,False,"[[606, 108], [1146, 180], [606, 216], [534, 378], [696, 432], [1038, 450], [534, 450], [1182, 612]]",,"[[414, 138]]",,0.9730294986678281,0.42900916825492097
726,5,3,12.105000000000018,,13518,"[954, 270]",False,Left,True,-1.0,False,medium,False,"[[606, 102], [1146, 174], [606, 210], [534, 372], [696, 426], [1038, 444], [534, 444], [1182, 606]]",,"[[414, 132]]",,0.5389177723046092,0.6749325646497312
727,5,3,12.122000000000071,,13518,"[954, 270]",False,Left,True,-1.0,False,medium,False,"[[606, 96], [1146, 168], [606, 204], [534, 366], [696, 420], [1038, 438], [534, 438], [1182, 600]]",,"[[414, 126]]",,0.5389177723046092,0.6749325646497312
728,5,3,12.138000000000034,,13518,"[954, 270]",False,Left,True,-1.0,False,medium,False,"[[606, 90], [1146, 162], [606, 198], [534, 360], [696, 414], [1038, 432], [534, 432], [1182, 594]]",,"[[414, 120]]",,0.8431342432746407,1.0530936560991846
729,5,3,12.156000000000063,,13518,"[954, 270]",False,Left,True,-1.0,False,medium,False,"[[606, 84], [1146, 156], [606, 192], [534, 354], [696, 408], [1038, 426], [534, 426], [1182, 588]]",,"[[414, 114]]",,0.8444738481446734,1.0556588988716993
730,5,3,12.173999999999978,,13518,"[954, 270]",False,Left,True,-1.0,False,medium,False,"[[606, 78], [1146, 150], [606, 186], [534, 348], [696, 402], [1038, 420], [534, 420], [1182, 582]]",,"[[414, 108]]",,0.9730294986678281,0.42900916825492097
731,5,3,12.190000000000055,,13518,"[954, 270]",False,Left,True,-1.0,False,medium,False,"[[606, 72], [1146, 144], [606, 180], [534, 342], [696, 396], [1038, 414], [534, 414], [1182, 576]]",,"[[414, 102]]",,0.9730294986678281,0.42900916825492097
732,5,3,12.206000000000017,,13518,"[954, 270]",False,Left,True,-1.0,False,medium,False,"[[606, 66], [1146, 138], [606, 174], [534, 336], [696, 390], [1038, 408], [534, 408], [1182, 570]]",,"[[414, 96]]",,0.8426745097961584,1.071049935082004
733,5,3,12.22199999999998,,13518,"[954, 270]",False,Left,True,-1.0,False,medium,False,"[[606, 60], [1146, 132], [606, 168], [534, 330], [696, 384], [1038, 402], [534, 402], [1182, 564]]",,"[[414, 90]]",,0.9730294986678281,0.42900916825492097
734,5,3,12.239000000000033,,13518,"[954, 270]",False,Left,True,-1.0,False,medium,False,"[[606, 54], [1146, 126], [606, 162], [534, 324], [696, 378], [1038, 396], [534, 396], [1182, 558]]",,"[[414, 84]]",,0.8536540753807715,0.969886748298449
735,5,3,12.256000000000085,,13518,"[954, 270]",False,Left,True,-1.0,False,medium,False,"[[606, 48], [1146, 120], [606, 156], [534, 318], [696, 372], [1038, 390], [534, 390], [1182, 552]]",,"[[414, 78]]",,0.8536540753807715,0.969886748298449
736,5,3,12.271000000000072,,13518,"[954, 270]",False,Left,True,-1.0,False,medium,False,"[[606, 42], [1146, 114], [606, 150], [534, 312], [696, 366], [1038, 384], [534, 384], [1182, 546]]",,"[[414, 72]]",,0.8551939608349104,0.9705373971323734
737,5,3,12.287000000000035,,13518,"[954, 270]",False,Left,True,-1.0,False,medium,False,"[[606, 36], [1146, 108], [606, 144], [534, 306], [696, 360], [1038, 378], [534, 378], [1182, 540]]",,"[[414, 66]]",,0.8551939608349104,0.9705373971323734
738,5,3,12.302999999999997,,13518,"[954, 270]",False,Left,True,-1.0,False,medium,False,"[[606, 30], [1146, 102], [606, 138], [534, 300], [696, 354], [1038, 372], [534, 372], [1182, 534]]",,"[[414, 60]]",,0.9730294986678281,0.42900916825492097
739,5,3,12.319000000000074,,13518,"[954, 270]",False,Left,True,-1.0,False,medium,False,"[[606, 24], [1146, 96], [606, 132], [534, 294], [696, 348], [1038, 366], [534, 366], [1182, 528]]",,"[[414, 54]]",,0.8530664689242432,0.969280784380812
740,5,3,12.335000000000036,,13518,"[954, 270]",False,Left,True,-1.0,False,medium,False,"[[606, 18], [1146, 90], [606, 126], [534, 288], [696, 342], [1038, 360], [534, 360], [1182, 522]]",,"[[414, 48]]",,0.9730294986678281,0.42900916825492097
741,5,3,12.351999999999975,,13518,"[954, 270]",False,Left,True,-1.0,False,medium,False,"[[606, 12], [1146, 84], [606, 120], [534, 282], [696, 336], [1038, 354], [534, 354], [1182, 516]]",,"[[414, 42]]",,0.9730294986678281,0.42900916825492097
742,5,3,12.368000000000052,,13518,"[954, 270]",False,Left,True,-1.0,False,medium,False,"[[606, 6], [1146, 78], [606, 114], [534, 276], [696, 330], [1038, 348], [534, 348], [1182, 510]]",,"[[414, 36]]",,0.9730294986678281,0.42900916825492097
743,5,3,12.386000000000081,,13518,"[954, 270]",False,Left,True,-1.0,False,medium,False,"[[606, 0], [1146, 72], [606, 108], [534, 270], [696, 324], [1038, 342], [534, 342], [1182, 504]]",,"[[414, 30]]",,0.9730294986678281,0.42900916825492097
744,5,3,12.401000000000067,,13518,"[954, 270]",False,Left,True,-1.0,False,medium,False,"[[1146, 66], [606, 102], [534, 264], [696, 318], [1038, 336], [534, 336], [1182, 498]]",,"[[414, 24]]",,0.5298949579780292,0.6883951777387165
745,5,3,12.418999999999983,,13518,"[954, 270]",False,Left,True,-1.0,False,medium,False,"[[1146, 60], [606, 96], [534, 258], [696, 312], [1038, 330], [534, 330], [1182, 492]]",,"[[414, 18]]",,0.5328254678302999,0.6963927301364417
746,5,3,12.434000000000083,,13518,"[954, 270]",False,Left,True,-1.0,False,medium,False,"[[1146, 54], [606, 90], [534, 252], [696, 306], [1038, 324], [534, 324], [1182, 486]]",,"[[414, 12]]",,0.5330981000757001,0.6999536642301141
747,5,3,12.452999999999975,,13518,"[954, 270]",False,Left,True,-1.0,False,medium,False,"[[1146, 48], [606, 84], [534, 246], [696, 300], [1038, 318], [534, 318], [1182, 480]]",,"[[414, 6]]",,0.9730294986678281,0.42900916825492097
748,5,3,12.469000000000051,,13518,"[954, 270]",False,Left,True,0.0,False,medium,False,"[[1146, 42], [606, 78], [534, 240], [696, 294], [1038, 312], [534, 312], [1182, 474]]",,"[[414, 0]]",,0.9730294986678281,0.42900916825492097
749,5,3,12.48599999999999,,13518,"[954, 270]",False,Left,True,0.0,False,medium,False,"[[1146, 36], [606, 72], [534, 234], [696, 288], [1038, 306], [534, 306], [1182, 468]]",,[],,0.9730294986678281,0.42900916825492097
750,5,3,12.504000000000019,,13518,"[954, 270]",False,Left,True,0.0,False,medium,False,"[[1152, 30], [612, 66], [540, 228], [702, 282], [1044, 300], [540, 300], [1188, 462]]",,[],,0.531676096314617,0.7069620887842571
751,5,3,12.519999999999982,,13518,"[954, 270]",False,Left,True,0.0,False,medium,False,"[[1158, 24], [618, 60], [546, 222], [708, 276], [1050, 294], [546, 294], [1194, 456]]",,[],,0.531676096314617,0.7069620887842571
752,5,3,12.537000000000035,,13518,"[954, 270]",False,Left,True,0.0,False,medium,False,"[[1164, 18], [624, 54], [552, 216], [714, 270], [1056, 288], [552, 288], [1200, 450]]",,[],,0.5318186095446941,0.7055589677005825
753,5,3,12.555000000000064,,13518,"[954, 270]",False,Left,True,0.0,False,medium,False,"[[1170, 12], [630, 48], [558, 210], [720, 264], [1062, 282], [558, 282], [1206, 444]]",,[],,0.9730294986678281,0.42900916825492097
754,5,3,12.572999999999979,,13518,"[954, 270]",False,Left,True,0.0,False,medium,False,"[[1176, 6], [636, 42], [564, 204], [726, 258], [1068, 276], [564, 276], [1212, 438]]",,[],,0.9730294986678281,0.42900916825492097
755,5,3,12.589000000000055,,13518,"[954, 270]",False,Left,True,0.0,False,medium,False,"[[1182, 0], [642, 36], [570, 198], [732, 252], [1074, 270], [570, 270], [1218, 432]]",,[],,0.5317469982692288,0.7003123798691147
756,5,3,12.608000000000061,,13518,"[954, 270]",False,Left,True,0.0,False,medium,False,"[[648, 30], [576, 192], [738, 246], [1080, 264], [576, 264], [1224, 426]]",,[],,0.5314490888886411,0.7017729110224585
757,5,3,12.623000000000047,,13518,"[954, 270]",False,Left,True,0.0,False,medium,False,"[[654, 24], [582, 186], [744, 240], [1086, 258], [582, 258], [1230, 420]]",,[],,0.5314490888886411,0.7017729110224585
758,5,3,12.63900000000001,,13518,"[954, 270]",False,Left,True,0.0,False,medium,False,"[[660, 18], [588, 180], [750, 234], [1092, 252], [588, 252], [1236, 414]]",,[],,0.9730294986678281,0.42900916825492097
759,5,3,12.658000000000015,,13518,"[954, 270]",False,Left,True,0.0,False,medium,False,"[[666, 12], [594, 174], [756, 228], [1098, 246], [594, 246], [1242, 408]]",,[],,0.9730294986678281,0.42900916825492097
760,5,3,12.675000000000068,,13518,"[954, 270]",False,Left,True,0.0,False,medium,False,"[[672, 6], [600, 168], [762, 222], [1104, 240], [600, 240], [1248, 402]]",,[],,0.5365777620250397,0.7080146452378476
761,5,3,12.69500000000005,,13518,"[954, 270]",False,Left,True,0.0,False,medium,False,"[[678, 0], [606, 162], [768, 216], [1110, 234], [606, 234], [1254, 396]]",,[],,0.537165411258445,0.7074899941623222
762,5,3,12.71300000000008,,13518,"[954, 270]",False,Left,True,0.0,False,medium,False,"[[612, 156], [774, 210], [1116, 228], [612, 228], [1260, 390]]",,[],,0.8569749542596667,0.9680250975559341
763,5,3,12.729000000000042,,13518,"[954, 270]",False,Left,True,0.0,False,medium,False,"[[618, 150], [780, 204], [1122, 222], [618, 222], [1266, 384]]",,[],,0.8569749542596667,0.9680250975559341
764,5,3,12.748000000000047,,13518,"[954, 270]",False,Left,True,0.0,False,medium,False,"[[624, 144], [786, 198], [1128, 216], [624, 216], [1272, 378]]",,[],,0.9730294986678281,0.42900916825492097
765,5,3,12.763000000000034,,13518,"[954, 270]",False,Left,True,0.0,False,medium,False,"[[630, 138], [792, 192], [1134, 210], [630, 210], [1278, 372]]",,[],,0.9730294986678281,0.42900916825492097
766,5,3,12.781000000000063,,13518,"[954, 270]",False,Left,True,0.0,False,medium,False,"[[636, 132], [798, 186], [1140, 204], [636, 204], [1284, 366]]",,[],,0.5351629470485004,0.7114392760990046
767,5,3,12.79600000000005,,13518,"[954, 270]",False,Left,True,0.0,False,medium,False,"[[642, 126], [804, 180], [1146, 198], [642, 198], [1290, 360]]",,[],,0.5351629470485004,0.7114392760990046
768,5,3,12.814000000000078,,13518,"[954, 270]",False,Left,True,0.0,False,medium,False,"[[648, 120], [810, 174], [1152, 192], [648, 192], [1296, 354]]",,[],,0.5313995306867983,0.7108597881298524
769,5,3,12.831999999999994,,13518,"[954, 270]",False,,True,0.0,False,medium,False,"[[654, 114], [816, 168], [1158, 186], [654, 186], [1302, 348]]",,[],,0.5313995306867983,0.7108597881298524
770,5,3,12.850000000000023,,13518,"[954, 270]",False,,True,0.0,False,medium,False,"[[654, 108], [816, 162], [1158, 180], [654, 180], [1302, 342]]",,[],,0.5298259144523786,0.7112837614464844
771,5,3,12.865999999999985,,13518,"[954, 270]",False,,True,0.0,False,medium,False,"[[654, 102], [816, 156], [1158, 174], [654, 174], [1302, 336]]",,[],,0.5298259144523786,0.7112837614464844
772,5,3,12.882000000000062,,13518,"[954, 270]",False,,True,0.0,False,medium,False,"[[654, 96], [816, 150], [1158, 168], [654, 168], [1302, 330]]",,[],,0.5307137701570857,0.7105816959344544
773,5,3,12.899000000000001,,13518,"[954, 270]",False,,True,0.0,False,medium,False,"[[654, 90], [816, 144], [1158, 162], [654, 162], [1302, 324], [654, 810]]",,[],,0.5307137701570857,0.7105816959344544
774,5,3,12.915000000000077,,13518,"[954, 270]",False,,True,0.0,False,medium,False,"[[654, 84], [816, 138], [1158, 156], [654, 156], [1302, 318], [654, 804]]",,[],,0.8478449255754104,0.9701185368101853
775,5,3,12.932000000000016,,13518,"[954, 270]",False,,True,0.0,False,medium,False,"[[654, 78], [816, 132], [1158, 150], [654, 150], [1302, 312], [654, 798]]",,[],,0.8478449255754104,0.9701185368101853
776,5,3,12.951999999999998,,13518,"[954, 270]",False,,True,0.0,False,medium,False,"[[654, 72], [816, 126], [1158, 144], [654, 144], [1302, 306], [654, 792], [852, 810]]",,[],,0.9730294986678281,0.42900916825492097
777,5,3,12.968000000000075,,13518,"[954, 270]",False,,True,0.0,False,medium,False,"[[654, 66], [816, 120], [1158, 138], [654, 138], [1302, 300], [654, 786], [852, 804]]",,[],,0.5317221651287463,0.6573737121238223
778,5,3,12.985000000000014,,13518,"[954, 270]",False,,True,0.0,False,medium,False,"[[654, 60], [816, 114], [1158, 132], [654, 132], [1302, 294], [654, 780], [852, 798]]",,[],,0.9730294986678281,0.42900916825492097
779,5,3,13.000999999999976,,13518,"[954, 270]",False,,True,0.0,False,medium,False,"[[654, 54], [816, 108], [1158, 126], [654, 126], [1302, 288], [654, 774], [852, 792]]",,[],,0.9730294986678281,0.42900916825492097
780,5,3,13.018000000000029,,13518,"[954, 270]",False,,True,0.0,False,medium,False,"[[654, 48], [816, 102], [1158, 120], [654, 120], [1302, 282], [654, 768], [852, 786]]",,[],,0.9730294986678281,0.42900916825492097
781,5,3,13.036000000000058,,13518,"[954, 270]",False,,True,0.0,False,medium,False,"[[654, 42], [816, 96], [1158, 114], [654, 114], [1302, 276], [654, 762], [852, 780]]",,[],,0.9730294986678281,0.42900916825492097
782,5,3,13.053999999999974,,13518,"[954, 270]",False,,True,0.0,False,medium,False,"[[654, 36], [816, 90], [1158, 108], [654, 108], [1302, 270], [654, 756], [852, 774]]",,[],,0.8573824615662913,0.912776101755294
783,5,3,13.072000000000003,,13518,"[954, 270]",False,,True,0.0,False,medium,False,"[[654, 30], [816, 84], [1158, 102], [654, 102], [1302, 264], [654, 750], [852, 768]]",,[],,0.8573824615662913,0.912776101755294
784,5,3,13.090000000000032,,13518,"[954, 270]",False,,True,0.0,False,medium,False,"[[654, 24], [816, 78], [1158, 96], [654, 96], [1302, 258], [654, 744], [852, 762]]",,[],,0.9730294986678281,0.42900916825492097
785,5,3,13.107000000000085,,13518,"[954, 270]",False,,True,0.0,False,medium,False,"[[654, 18], [816, 72], [1158, 90], [654, 90], [1302, 252], [654, 738], [852, 756], [960, 810]]",,[],,0.9730294986678281,0.42900916825492097
786,5,3,13.124000000000024,,13518,"[954, 270]",False,,True,0.0,False,medium,False,"[[654, 12], [816, 66], [1158, 84], [654, 84], [1302, 246], [654, 732], [852, 750], [960, 804]]",,[],,0.5405760604184093,0.6460185410998884
787,5,3,13.141000000000076,,13518,"[954, 270]",False,,True,0.0,False,medium,False,"[[654, 6], [816, 60], [1158, 78], [654, 78], [1302, 240], [654, 726], [852, 744], [960, 798]]",,[],,0.8580262695187064,0.9183591235035238
788,5,3,13.158999999999992,,13518,"[954, 270]",False,,True,0.0,False,medium,False,"[[654, 0], [816, 54], [1158, 72], [654, 72], [1302, 234], [654, 720], [852, 738], [960, 792], [996, 810]]",,[],,0.9730294986678281,0.42900916825492097
789,5,3,13.176000000000045,,13518,"[954, 270]",False,,True,0.0,False,medium,False,"[[816, 48], [1158, 66], [654, 66], [1302, 228], [654, 714], [852, 732], [960, 786], [996, 804]]",,[],,0.9730294986678281,0.42900916825492097
790,5,3,13.194000000000074,,13518,"[954, 270]",False,,True,0.0,False,medium,False,"[[816, 42], [1158, 60], [654, 60], [1302, 222], [654, 708], [852, 726], [960, 780], [996, 798]]",,[],,0.541206598339288,0.6452278062578675
791,5,3,13.210000000000036,,13518,"[954, 270]",False,,True,0.0,False,medium,False,"[[816, 36], [1158, 54], [654, 54], [1302, 216], [654, 702], [852, 720], [960, 774], [996, 792]]",,[],,0.8517686588613638,0.8587301934005599
792,5,3,13.228000000000065,,13518,"[954, 270]",False,,True,0.0,False,medium,False,"[[816, 30], [1158, 48], [654, 48], [1302, 210], [654, 696], [852, 714], [960, 768], [996, 786]]",,[],,0.8518858812584018,0.8572052173173941
793,5,3,13.245000000000005,,13518,"[954, 270]",False,,True,0.0,False,medium,False,"[[816, 24], [1158, 42], [654, 42], [1302, 204], [654, 690], [852, 708], [960, 762], [996, 780]]",,[],,0.9730294986678281,0.42900916825492097
794,5,3,13.263000000000034,,13518,"[954, 270]",False,,True,0.0,False,medium,False,"[[816, 18], [1158, 36], [654, 36], [1302, 198], [654, 684], [852, 702], [960, 756], [996, 774]]",,[],,0.9730294986678281,0.42900916825492097
795,5,3,13.279999999999973,,13518,"[954, 270]",False,,True,0.0,False,medium,False,"[[816, 12], [1158, 30], [654, 30], [1302, 192], [654, 678], [852, 696], [960, 750], [996, 768]]",,[],,0.8486872674456711,0.9773611905481285
796,5,3,13.29600000000005,,13518,"[954, 270]",False,,True,0.0,False,medium,False,"[[816, 6], [1158, 24], [654, 24], [1302, 186], [654, 672], [852, 690], [960, 744], [996, 762]]",,[],,0.8486872674456711,0.9773611905481285
797,5,3,13.312999999999988,,13518,"[954, 270]",False,,True,0.0,False,medium,False,"[[816, 0], [1158, 18], [654, 18], [1302, 180], [654, 666], [852, 684], [960, 738], [996, 756]]",,[],,0.5385756164648974,0.6632340694848575
798,5,3,13.329000000000065,,13518,"[954, 270]",False,,True,0.0,False,medium,False,"[[1158, 12], [654, 12], [1302, 174], [654, 660], [852, 678], [960, 732], [996, 750]]",,[],,0.5385756164648974,0.6632340694848575
799,5,3,13.349000000000046,,13518,"[954, 270]",False,,True,0.0,False,medium,False,"[[1158, 6], [654, 6], [1302, 168], [654, 654], [852, 672], [960, 726], [996, 744]]",,[],,0.9730294986678281,0.42900916825492097
800,5,3,13.365000000000009,,13518,"[954, 270]",False,,True,0.0,False,medium,False,"[[1158, 0], [654, 0], [1302, 162], [654, 648], [852, 666], [960, 720], [996, 738], [1284, 810]]",,[],,0.9730294986678281,0.42900916825492097
801,5,3,13.382000000000062,,13518,"[954, 270]",False,,True,0.0,False,medium,False,"[[1302, 156], [654, 642], [852, 660], [960, 714], [996, 732], [1284, 804]]",,[],,0.9730294986678281,0.42900916825492097
802,5,3,13.398000000000025,,13518,"[954, 270]",False,,True,0.0,False,medium,False,"[[1302, 150], [654, 636], [852, 654], [960, 708], [996, 726], [1284, 798]]",,[],,0.9730294986678281,0.42900916825492097
803,5,3,13.415000000000077,,13518,"[954, 270]",False,,True,0.0,False,medium,False,"[[1302, 144], [654, 630], [852, 648], [960, 702], [996, 720], [1284, 792]]",,[],,0.538895376872188,0.675419280415531
804,5,3,13.432000000000016,,13518,"[954, 270]",False,,True,0.0,False,medium,False,"[[1302, 138], [654, 624], [852, 642], [960, 696], [996, 714], [1284, 786]]",,[],,0.538895376872188,0.675419280415531
805,5,3,13.44900000000007,,13518,"[954, 270]",False,,True,0.0,False,medium,False,"[[1302, 132], [654, 618], [852, 636], [960, 690], [996, 708], [1284, 780]]",,[],,0.8739530100586531,0.8254611191342025
806,5,3,13.466000000000008,,13518,"[954, 270]",False,,True,0.0,False,medium,False,"[[1302, 126], [654, 612], [852, 630], [960, 684], [996, 702], [1284, 774], [1122, 810]]",,[],,0.8739530100586531,0.8254611191342025
807,5,3,13.484000000000037,,13518,"[954, 270]",False,,True,0.0,False,medium,False,"[[1302, 120], [654, 606], [852, 624], [960, 678], [996, 696], [1284, 768], [1122, 804]]",,[],,0.8667484498727115,0.8498564190000024
808,5,3,13.500999999999976,,13518,"[954, 270]",False,,True,0.0,False,medium,False,"[[1302, 114], [654, 600], [852, 618], [960, 672], [996, 690], [1284, 762], [1122, 798]]",,[],,0.8667484498727115,0.8498564190000024
809,5,3,13.517000000000053,,13518,"[954, 270]",False,,True,0.0,False,medium,False,"[[1302, 108], [654, 594], [852, 612], [960, 666], [996, 684], [1284, 756], [1122, 792], [960, 810]]",,[],,0.5571787830471955,0.5659830737699894
810,5,3,13.533999999999992,,13518,"[954, 270]",False,,True,0.0,False,medium,False,"[[1302, 102], [654, 588], [852, 606], [960, 660], [996, 678], [1284, 750], [1122, 786], [960, 804]]",,[],,0.5571787830471955,0.5659830737699894
811,5,3,13.552999999999997,,13518,"[954, 270]",False,Right,True,0.0,False,medium,False,"[[1302, 96], [654, 582], [852, 600], [960, 654], [996, 672], [1284, 744], [1122, 780], [960, 798]]",,[],,0.8485083233464236,0.9165080295544654
812,5,3,13.569000000000074,,13518,"[954, 270]",False,Right,True,0.0,False,medium,False,"[[1296, 90], [648, 576], [846, 594], [954, 648], [990, 666], [1278, 738], [1116, 774], [954, 792]]",,[],,0.8485083233464236,0.9165080295544654
813,5,3,13.586999999999989,,13518,"[954, 270]",False,Right,True,0.0,False,medium,False,"[[1290, 84], [642, 570], [840, 588], [948, 642], [984, 660], [1272, 732], [1110, 768], [948, 786]]",,[],,0.8582352841999381,0.937406346916202
814,5,3,13.604000000000042,,13518,"[954, 270]",False,Right,True,0.0,False,medium,False,"[[1284, 78], [636, 564], [834, 582], [942, 636], [978, 654], [1266, 726], [1104, 762], [942, 780]]",,[],,0.8582352841999381,0.937406346916202
815,5,3,13.620999999999981,,13518,"[954, 270]",False,Right,True,0.0,False,medium,False,"[[1278, 72], [630, 558], [828, 576], [936, 630], [972, 648], [1260, 720], [1098, 756], [936, 774]]",,[],,0.9730294986678281,0.42900916825492097
816,5,3,13.638000000000034,,13518,"[954, 270]",False,Right,True,0.0,False,medium,False,"[[1272, 66], [624, 552], [822, 570], [930, 624], [966, 642], [1254, 714], [1092, 750], [930, 768]]",,[],,0.9730294986678281,0.42900916825492097
817,5,3,13.653999999999996,,13518,"[954, 270]",False,Right,True,0.0,False,medium,False,"[[1266, 60], [618, 546], [816, 564], [924, 618], [960, 636], [1248, 708], [1086, 744], [924, 762]]",,[],,0.5488610333208672,0.6293666255599565
818,5,3,13.670000000000073,,13518,"[954, 270]",False,Right,True,0.0,False,medium,False,"[[1260, 54], [612, 540], [810, 558], [918, 612], [954, 630], [1242, 702], [1080, 738], [918, 756]]",,[],,0.5488610333208672,0.6293666255599565
819,5,3,13.686000000000035,,13518,"[954, 270]",False,Right,True,0.0,False,medium,False,"[[1254, 48], [606, 534], [804, 552], [912, 606], [948, 624], [1236, 696], [1074, 732], [912, 750]]",,[],,0.8608671990272938,0.9751846758341414
820,5,3,13.701999999999998,,13518,"[954, 270]",False,Right,True,0.0,False,medium,False,"[[1248, 42], [600, 528], [798, 546], [906, 600], [942, 618], [1230, 690], [1068, 726], [906, 744]]",,[],,0.8608671990272938,0.9751846758341414
821,5,3,13.720000000000027,,13518,"[954, 270]",False,Right,True,0.0,False,medium,False,"[[1242, 36], [594, 522], [792, 540], [900, 594], [936, 612], [1224, 684], [1062, 720], [900, 738]]",,[],,0.9730294986678281,0.42900916825492097
822,5,3,13.73700000000008,,13518,"[954, 270]",False,Right,True,0.0,False,medium,False,"[[1236, 30], [588, 516], [786, 534], [894, 588], [930, 606], [1218, 678], [1056, 714], [894, 732]]",,[],,0.9730294986678281,0.42900916825492097
823,5,3,13.754000000000019,,13518,"[954, 270]",False,Right,True,0.0,False,medium,False,"[[1230, 24], [582, 510], [780, 528], [888, 582], [924, 600], [1212, 672], [1050, 708], [888, 726]]",,[],,0.5422424522252,0.6685787133020715
824,5,3,13.771000000000072,,13518,"[954, 270]",False,Right,True,0.0,False,medium,False,"[[1224, 18], [576, 504], [774, 522], [882, 576], [918, 594], [1206, 666], [1044, 702], [882, 720]]",,[],,0.5422424522252,0.6685787133020715
825,5,3,13.788000000000011,,13518,"[954, 270]",False,Right,True,0.0,False,medium,False,"[[1218, 12], [570, 498], [768, 516], [876, 570], [912, 588], [1200, 660], [1038, 696], [876, 714]]",,[],,0.8477433457925618,0.966754504055797
826,5,3,13.803999999999974,,13518,"[954, 270]",False,Right,True,0.0,False,medium,False,"[[1212, 6], [564, 492], [762, 510], [870, 564], [906, 582], [1194, 654], [1032, 690], [870, 708]]",,[],,0.8477433457925618,0.966754504055797
827,5,3,13.82000000000005,,13518,"[954, 270]",False,Right,True,0.0,False,medium,False,"[[1206, 0], [558, 486], [756, 504], [864, 558], [900, 576], [1188, 648], [1026, 684], [864, 702]]",,[],,0.5311461688809508,0.6850197724446788
828,5,3,13.836999999999989,,13518,"[954, 270]",False,Right,True,0.0,False,medium,False,"[[552, 480], [750, 498], [858, 552], [894, 570], [1182, 642], [1020, 678], [858, 696]]",,[],,0.5311461688809508,0.6850197724446788
829,5,3,13.853000000000065,,13518,"[954, 270]",False,Right,True,0.0,False,medium,False,"[[546, 474], [744, 492], [852, 546], [888, 564], [1176, 636], [1014, 672], [852, 690]]",,[],,0.8461224712593989,0.9838862852091464
830,5,3,13.870999999999981,,13518,"[954, 270]",False,,True,0.0,False,medium,False,"[[540, 468], [738, 486], [846, 540], [882, 558], [1170, 630], [1008, 666], [846, 684]]",,[],,0.8461224712593989,0.9838862852091464
831,5,3,13.888000000000034,,13518,"[954, 270]",False,,True,0.0,False,medium,False,"[[540, 462], [738, 480], [846, 534], [882, 552], [1170, 624], [1008, 660], [846, 678]]",,[],,0.5382169700478123,0.6830581302886045
832,5,3,13.903999999999996,,13518,"[954, 270]",False,,True,0.0,False,medium,False,"[[540, 456], [738, 474], [846, 528], [882, 546], [1170, 618], [1008, 654], [846, 672]]",,[],,0.5382169700478123,0.6830581302886045
833,5,3,13.922000000000025,,13518,"[954, 270]",False,,True,0.0,False,medium,False,"[[540, 450], [738, 468], [846, 522], [882, 540], [1170, 612], [1008, 648], [846, 666]]",,[],,0.8488697455929021,0.9489017392037147
834,5,3,13.939000000000078,,13518,"[954, 270]",False,,True,0.0,False,medium,False,"[[540, 444], [738, 462], [846, 516], [882, 534], [1170, 606], [1008, 642], [846, 660]]",,[],,0.8488697455929021,0.9489017392037147
835,5,3,13.956000000000017,,13518,"[954, 270]",False,,True,0.0,False,medium,False,"[[540, 438], [738, 456], [846, 510], [882, 528], [1170, 600], [1008, 636], [846, 654]]",,[],,0.9729156586768767,0.429096427308849
836,5,3,13.97300000000007,,13518,"[954, 270]",False,,True,0.0,False,medium,False,"[[540, 432], [738, 450], [846, 504], [882, 522], [1170, 594], [1008, 630], [846, 648]]",,[],,0.9729156586768767,0.429096427308849
837,5,3,13.990999999999985,,13518,"[954, 270]",False,,True,0.0,False,medium,False,"[[540, 426], [738, 444], [846, 498], [882, 516], [1170, 588], [1008, 624], [846, 642]]",,[],,0.9729156586768767,0.429096427308849
838,5,3,14.007000000000062,,13518,"[954, 270]",False,,True,0.0,False,medium,False,"[[540, 420], [738, 438], [846, 492], [882, 510], [1170, 582], [1008, 618], [846, 636]]",,[],,0.9729156586768767,0.429096427308849
839,5,3,14.024999999999977,,13518,"[954, 270]",False,,True,0.0,False,medium,False,"[[540, 414], [738, 432], [846, 486], [882, 504], [1170, 576], [1008, 612], [846, 630], [774, 810]]",,[],,0.8461123012078516,0.9239569946418229
840,5,3,14.04200000000003,,13518,"[954, 270]",False,,True,0.0,False,medium,False,"[[540, 408], [738, 426], [846, 480], [882, 498], [1170, 570], [1008, 606], [846, 624], [774, 804]]",,[],,0.846313269596946,0.9203533527683452
841,5,3,14.059000000000083,,13518,"[954, 270]",False,,True,0.0,False,medium,False,"[[540, 402], [738, 420], [846, 474], [882, 492], [1170, 564], [1008, 600], [846, 618], [774, 798]]",,[],,0.9729156586768767,0.429096427308849
842,5,3,14.07400000000007,,13518,"[954, 270]",False,,True,0.0,False,medium,False,"[[540, 396], [738, 414], [846, 468], [882, 486], [1170, 558], [1008, 594], [846, 612], [774, 792]]",,[],,0.9729156586768767,0.429096427308849
843,5,3,14.090000000000032,,13518,"[954, 270]",False,,True,0.0,False,medium,False,"[[540, 390], [738, 408], [846, 462], [882, 480], [1170, 552], [1008, 588], [846, 606], [774, 786]]",,[],,0.9729156586768767,0.429096427308849
844,5,3,14.107000000000085,,13518,"[954, 270]",False,,True,0.0,False,medium,False,"[[540, 384], [738, 402], [846, 456], [882, 474], [1170, 546], [1008, 582], [846, 600], [774, 780]]",,[],,0.5544349783121594,0.6061484176176972
845,5,3,14.124000000000024,,13518,"[954, 270]",False,,True,0.0,False,medium,False,"[[540, 378], [738, 396], [846, 450], [882, 468], [1170, 540], [1008, 576], [846, 594], [774, 774]]",,[],,0.5536119070863912,0.5947589850007248
846,5,3,14.139999999999986,,13518,"[954, 270]",False,,True,0.0,False,medium,False,"[[540, 372], [738, 390], [846, 444], [882, 462], [1170, 534], [1008, 570], [846, 588], [774, 768]]",,[],,0.5536119070863912,0.5947589850007248
847,5,3,14.158000000000015,,13518,"[954, 270]",False,,True,0.0,False,medium,False,"[[540, 366], [738, 384], [846, 438], [882, 456], [1170, 528], [1008, 564], [846, 582], [774, 762]]",,[],,0.9729156586768767,0.429096427308849
848,5,3,14.175000000000068,,13518,"[954, 270]",False,,True,0.0,False,medium,False,"[[540, 360], [738, 378], [846, 432], [882, 450], [1170, 522], [1008, 558], [846, 576], [774, 756]]",,[],,0.9729156586768767,0.429096427308849
849,5,3,14.192000000000007,,13518,"[954, 270]",False,,True,0.0,False,medium,False,"[[540, 354], [738, 372], [846, 426], [882, 444], [1170, 516], [1008, 552], [846, 570], [774, 750]]",,[],,0.8509176815015721,0.9187870952822065
850,5,3,14.20900000000006,,13518,"[954, 270]",False,,True,0.0,False,medium,False,"[[540, 348], [738, 366], [846, 420], [882, 438], [1170, 510], [1008, 546], [846, 564], [774, 744]]",,[],,0.8509176815015721,0.9187870952822065
851,5,3,14.225999999999999,,13518,"[954, 270]",False,,True,0.0,False,medium,False,"[[540, 342], [738, 360], [846, 414], [882, 432], [1170, 504], [1008, 540], [846, 558], [774, 738], [918, 810]]",,[],,0.9729156586768767,0.429096427308849
852,5,3,14.243000000000052,,13518,"[954, 270]",False,,True,0.0,False,medium,False,"[[540, 336], [738, 354], [846, 408], [882, 426], [1170, 498], [1008, 534], [846, 552], [774, 732], [918, 804]]",,[],,0.9729156586768767,0.429096427308849
853,5,3,14.262000000000057,,13518,"[954, 270]",False,,True,0.0,False,medium,False,"[[540, 330], [738, 348], [846, 402], [882, 420], [1170, 492], [1008, 528], [846, 546], [774, 726], [918, 798]]",,[],,0.5455296154258227,0.6076725364970308
854,5,3,14.278999999999996,,13518,"[954, 270]",False,,True,0.0,False,medium,False,"[[540, 324], [738, 342], [846, 396], [882, 414], [1170, 486], [1008, 522], [846, 540], [774, 720], [918, 792], [594, 810]]",,[],,0.525421574586194,0.6159355432216167
855,5,3,14.29600000000005,,13518,"[954, 270]",False,,True,0.0,False,medium,False,"[[540, 318], [738, 336], [846, 390], [882, 408], [1170, 480], [1008, 516], [846, 534], [774, 714], [918, 786], [594, 804]]",,[],,0.8557248093796449,1.0600656398969894
856,5,3,14.312000000000012,,13518,"[954, 270]",False,,True,0.0,False,medium,False,"[[540, 312], [738, 330], [846, 384], [882, 402], [1170, 474], [1008, 510], [846, 528], [774, 708], [918, 780], [594, 798]]",,[],,0.9729156586768767,0.429096427308849
857,5,3,14.327999999999975,,13518,"[954, 270]",False,,True,0.0,False,medium,False,"[[540, 306], [738, 324], [846, 378], [882, 396], [1170, 468], [1008, 504], [846, 522], [774, 702], [918, 774], [594, 792]]",,[],,0.8283937235115504,0.9351635539186401
858,5,3,14.344000000000051,,13518,"[954, 270]",False,,True,0.0,False,medium,False,"[[540, 300], [738, 318], [846, 372], [882, 390], [1170, 462], [1008, 498], [846, 516], [774, 696], [918, 768], [594, 786]]",,[],,0.9729156586768767,0.429096427308849
859,5,3,14.36099999999999,,13518,"[954, 270]",False,,True,0.0,False,medium,False,"[[540, 294], [738, 312], [846, 366], [882, 384], [1170, 456], [1008, 492], [846, 510], [774, 690], [918, 762], [594, 780]]",,[],,0.9729156586768767,0.429096427308849
860,5,3,14.377000000000066,,13518,"[954, 270]",False,,True,0.0,False,medium,False,"[[540, 288], [738, 306], [846, 360], [882, 378], [1170, 450], [1008, 486], [846, 504], [774, 684], [918, 756], [594, 774]]",,[],,0.5162388539294762,0.6256601683455418
861,5,3,14.393000000000029,,13518,"[954, 270]",False,,True,0.0,False,medium,False,"[[540, 282], [738, 300], [846, 354], [882, 372], [1170, 444], [1008, 480], [846, 498], [774, 678], [918, 750], [594, 768]]",,[],,0.8263382108889594,0.9427484308158086
862,5,3,14.410000000000082,,13518,"[954, 270]",False,,True,0.0,False,medium,False,"[[540, 276], [738, 294], [846, 348], [882, 366], [1170, 438], [1008, 474], [846, 492], [774, 672], [918, 744], [594, 762]]",,[],,0.8263382108889594,0.9427484308158086
863,5,3,14.426000000000045,,13518,"[954, 270]",False,,True,0.0,False,medium,False,"[[540, 270], [738, 288], [846, 342], [882, 360], [1170, 432], [1008, 468], [846, 486], [774, 666], [918, 738], [594, 756]]",,[],,0.8273307747443605,0.9332833166865852
864,5,3,14.442000000000007,,13518,"[954, 270]",False,,True,0.0,False,medium,False,"[[540, 264], [738, 282], [846, 336], [882, 354], [1170, 426], [1008, 462], [846, 480], [774, 660], [918, 732], [594, 750]]",,[],,0.8273307747443605,0.9332833166865852
865,5,3,14.45900000000006,,13518,"[954, 270]",False,,True,0.0,False,medium,False,"[[540, 258], [738, 276], [846, 330], [882, 348], [1170, 420], [1008, 456], [846, 474], [774, 654], [918, 726], [594, 744]]",,[],,0.5151211417922441,0.6480433132881567
866,5,3,14.475000000000023,,13518,"[954, 270]",False,,True,0.0,False,medium,False,"[[540, 252], [738, 270], [846, 324], [882, 342], [1170, 414], [1008, 450], [846, 468], [774, 648], [918, 720], [594, 738]]",,[],,0.5151211417922441,0.6480433132881567
867,5,3,14.492000000000075,,13518,"[954, 270]",False,,True,0.0,False,medium,False,"[[540, 246], [738, 264], [846, 318], [882, 336], [1170, 408], [1008, 444], [846, 462], [774, 642], [918, 714], [594, 732]]",,[],,0.9729156586768767,0.429096427308849
868,5,3,14.508000000000038,,13518,"[954, 270]",False,,True,0.0,False,medium,False,"[[540, 240], [738, 258], [846, 312], [882, 330], [1170, 402], [1008, 438], [846, 456], [774, 636], [918, 708], [594, 726]]",,[],,0.9729156586768767,0.429096427308849
869,5,3,14.524999999999977,,13518,"[954, 270]",False,,True,0.0,False,medium,False,"[[540, 234], [738, 252], [846, 306], [882, 324], [1170, 396], [1008, 432], [846, 450], [774, 630], [918, 702], [594, 720]]",,[],,0.5173049082185335,0.6640912909275026
870,5,3,14.54200000000003,,13518,"[954, 270]",False,,True,0.0,False,medium,False,"[[540, 228], [738, 246], [846, 300], [882, 318], [1170, 390], [1008, 426], [846, 444], [774, 624], [918, 696], [594, 714]]",,[],,0.5173049082185335,0.6640912909275026
871,5,3,14.559000000000083,,13518,"[954, 270]",False,,True,0.0,False,medium,False,"[[540, 222], [738, 240], [846, 294], [882, 312], [1170, 384], [1008, 420], [846, 438], [774, 618], [918, 690], [594, 708]]",,[],,0.8443926192647743,0.9891778191091333
872,5,3,14.576999999999998,,13518,"[954, 270]",False,,True,0.0,False,medium,False,"[[540, 216], [738, 234], [846, 288], [882, 306], [1170, 378], [1008, 414], [846, 432], [774, 612], [918, 684], [594, 702], [738, 810]]",,[],,0.8443926192647743,0.9891778191091333
873,5,3,14.595000000000027,,13518,"[954, 270]",False,,True,0.0,False,medium,False,"[[540, 210], [738, 228], [846, 282], [882, 300], [1170, 372], [1008, 408], [846, 426], [774, 606], [918, 678], [594, 696], [738, 804]]",,[],,0.9729156586768767,0.429096427308849
874,5,3,14.61099999999999,,13518,"[954, 270]",False,,True,0.0,False,medium,False,"[[540, 204], [738, 222], [846, 276], [882, 294], [1170, 366], [1008, 402], [846, 420], [774, 600], [918, 672], [594, 690], [738, 798]]",,[],,0.9729156586768767,0.429096427308849
875,5,3,14.628000000000043,,13518,"[954, 270]",False,,True,0.0,False,medium,False,"[[540, 198], [738, 216], [846, 270], [882, 288], [1170, 360], [1008, 396], [846, 414], [774, 594], [918, 666], [594, 684], [738, 792]]",,[],,0.8413102595100653,0.9994133826451975
876,5,3,14.644999999999982,,13518,"[954, 270]",False,,True,0.0,False,medium,False,"[[540, 192], [738, 210], [846, 264], [882, 282], [1170, 354], [1008, 390], [846, 408], [774, 588], [918, 660], [594, 678], [738, 786]]",,[],,0.8413330798396181,1.0002806274352674
877,5,3,14.662000000000035,,13518,"[954, 270]",False,,True,0.0,False,medium,False,"[[540, 186], [738, 204], [846, 258], [882, 276], [1170, 348], [1008, 384], [846, 402], [774, 582], [918, 654], [594, 672], [738, 780]]",,[],,0.8412445826211563,1.0017550187570328
878,5,3,14.678999999999974,,13518,"[954, 270]",False,,True,0.0,False,medium,False,"[[540, 180], [738, 198], [846, 252], [882, 270], [1170, 342], [1008, 378], [846, 396], [774, 576], [918, 648], [594, 666], [738, 774]]",,[],,0.8412445826211563,1.0017550187570328
879,5,3,14.697000000000003,,13518,"[954, 270]",False,,True,0.0,False,medium,False,"[[540, 174], [738, 192], [846, 246], [882, 264], [1170, 336], [1008, 372], [846, 390], [774, 570], [918, 642], [594, 660], [738, 768]]",,[],,0.9729156586768767,0.429096427308849
880,5,3,14.71300000000008,,13518,"[954, 270]",False,,True,0.0,False,medium,False,"[[540, 168], [738, 186], [846, 240], [882, 258], [1170, 330], [1008, 366], [846, 384], [774, 564], [918, 636], [594, 654], [738, 762]]",,[],,0.8433803166502696,0.9925192686694244
881,5,3,14.730000000000018,,13518,"[954, 270]",False,,True,0.0,False,medium,False,"[[540, 162], [738, 180], [846, 234], [882, 252], [1170, 324], [1008, 360], [846, 378], [774, 558], [918, 630], [594, 648], [738, 756]]",,[],,0.9729156586768767,0.429096427308849
882,5,3,14.745999999999981,,13518,"[954, 270]",False,,True,0.0,False,medium,False,"[[540, 156], [738, 174], [846, 228], [882, 246], [1170, 318], [1008, 354], [846, 372], [774, 552], [918, 624], [594, 642], [738, 750]]",,[],,0.9729156586768767,0.429096427308849
883,5,3,14.763000000000034,,13518,"[954, 270]",False,,True,0.0,False,medium,False,"[[540, 150], [738, 168], [846, 222], [882, 240], [1170, 312], [1008, 348], [846, 366], [774, 546], [918, 618], [594, 636], [738, 744]]",,[],,0.5124042968692761,0.6963626919512509
884,5,3,14.778999999999996,,13518,"[954, 270]",False,,True,0.0,False,medium,False,"[[540, 144], [738, 162], [846, 216], [882, 234], [1170, 306], [1008, 342], [846, 360], [774, 540], [918, 612], [594, 630], [738, 738], [720, 810]]",,[],,0.5124042968692761,0.6963626919512509
885,5,3,14.797000000000025,,13518,"[954, 270]",False,,True,0.0,False,medium,False,"[[540, 138], [738, 156], [846, 210], [882, 228], [1170, 300], [1008, 336], [846, 354], [774, 534], [918, 606], [594, 624], [738, 732], [720, 804]]",,[],,0.9729156586768767,0.429096427308849
886,5,3,14.812999999999988,,13518,"[954, 270]",False,,True,0.0,False,medium,False,"[[540, 132], [738, 150], [846, 204], [882, 222], [1170, 294], [1008, 330], [846, 348], [774, 528], [918, 600], [594, 618], [738, 726], [720, 798]]",,[],,0.5043777322302944,0.7096978241897659
887,5,3,14.830000000000041,,13518,"[954, 270]",False,,True,0.0,False,medium,False,"[[540, 126], [738, 144], [846, 198], [882, 216], [1170, 288], [1008, 324], [846, 342], [774, 522], [918, 594], [594, 612], [738, 720], [720, 792]]",,[],,0.9729156586768767,0.429096427308849
888,5,3,14.849000000000046,,13518,"[954, 270]",False,,True,0.0,False,medium,False,"[[540, 120], [738, 138], [846, 192], [882, 210], [1170, 282], [1008, 318], [846, 336], [774, 516], [918, 588], [594, 606], [738, 714], [720, 786]]",,[],,0.9729156586768767,0.429096427308849
889,5,3,14.867000000000075,,13518,"[954, 270]",False,,True,0.0,False,medium,False,"[[540, 114], [738, 132], [846, 186], [882, 204], [1170, 276], [1008, 312], [846, 330], [774, 510], [918, 582], [594, 600], [738, 708], [720, 780]]",,[],,0.8341753289112599,1.0018403149483932
890,5,3,14.884000000000015,,13518,"[954, 270]",False,,True,0.0,False,medium,False,"[[540, 108], [738, 126], [846, 180], [882, 198], [1170, 270], [1008, 306], [846, 324], [774, 504], [918, 576], [594, 594], [738, 702], [720, 774]]",,[],,0.9729156586768767,0.429096427308849
891,5,3,14.899999999999977,,13518,"[954, 270]",False,,True,0.0,False,medium,False,"[[540, 102], [738, 120], [846, 174], [882, 192], [1170, 264], [1008, 300], [846, 318], [774, 498], [918, 570], [594, 588], [738, 696], [720, 768]]",,[],,0.9729156586768767,0.429096427308849
892,5,3,14.918999999999983,,13518,"[954, 270]",False,,True,0.0,False,medium,False,"[[540, 96], [738, 114], [846, 168], [882, 186], [1170, 258], [1008, 294], [846, 312], [774, 492], [918, 564], [594, 582], [738, 690], [720, 762]]",,[],,0.5036075293439326,0.7162644364582088
893,5,3,14.937000000000012,,13518,"[954, 270]",False,Left,True,0.0,False,medium,False,"[[540, 90], [738, 108], [846, 162], [882, 180], [1170, 252], [1008, 288], [846, 306], [774, 486], [918, 558], [594, 576], [738, 684], [720, 756]]",,[],,0.5036075293439326,0.7162644364582088
894,5,3,14.952999999999975,,13518,"[954, 270]",False,Left,True,0.0,False,medium,False,"[[546, 84], [744, 102], [852, 156], [888, 174], [1176, 246], [1014, 282], [852, 300], [780, 480], [924, 552], [600, 570], [744, 678], [726, 750]]",,[],,0.9728222712440011,0.4293153994525887
895,5,3,14.969000000000051,,13518,"[954, 270]",False,Left,True,0.0,False,medium,False,"[[552, 78], [750, 96], [858, 150], [894, 168], [1182, 240], [1020, 276], [858, 294], [786, 474], [930, 546], [606, 564], [750, 672], [732, 744]]",,[],,0.8276169880917745,0.9244153006940982
896,5,3,14.985000000000014,,13518,"[954, 270]",False,Left,True,0.0,False,medium,False,"[[558, 72], [756, 90], [864, 144], [900, 162], [1188, 234], [1026, 270], [864, 288], [792, 468], [936, 540], [612, 558], [756, 666], [738, 738]]",,[],,0.8363634357430676,1.0205926235434186
897,5,3,15.002000000000066,,13518,"[954, 270]",False,Left,True,0.0,False,medium,False,"[[564, 66], [762, 84], [870, 138], [906, 156], [1194, 228], [1032, 264], [870, 282], [798, 462], [942, 534], [618, 552], [762, 660], [744, 732]]",,[],,0.8366826427893823,1.0162873086408635
898,5,3,15.018000000000029,,13518,"[954, 270]",False,Left,True,0.0,False,medium,False,"[[570, 60], [768, 78], [876, 132], [912, 150], [1200, 222], [1038, 258], [876, 276], [804, 456], [948, 528], [624, 546], [768, 654], [750, 726]]",,[],,0.5166542234460162,0.6748843464147752
899,5,3,15.033999999999992,,13518,"[954, 270]",False,Left,True,0.0,False,medium,False,"[[576, 54], [774, 72], [882, 126], [918, 144], [1206, 216], [1044, 252], [882, 270], [810, 450], [954, 522], [630, 540], [774, 648], [756, 720]]",,[],,0.5166542234460162,0.6748843464147752
900,5,3,15.051000000000045,,13518,"[954, 270]",False,Left,True,0.0,False,medium,False,"[[582, 48], [780, 66], [888, 120], [924, 138], [1212, 210], [1050, 246], [888, 264], [816, 444], [960, 516], [636, 534], [780, 642], [762, 714]]",,[],,0.8404606612159011,1.018398065837521
901,5,3,15.069000000000074,,13518,"[954, 270]",False,Left,True,0.0,False,medium,False,"[[588, 42], [786, 60], [894, 114], [930, 132], [1218, 204], [1056, 240], [894, 258], [822, 438], [966, 510], [642, 528], [786, 636], [768, 708]]",,[],,0.8433464066753172,1.004123111750424
902,5,3,15.085000000000036,,13518,"[954, 270]",False,Left,True,0.0,False,medium,False,"[[594, 36], [792, 54], [900, 108], [936, 126], [1224, 198], [1062, 234], [900, 252], [828, 432], [972, 504], [648, 522], [792, 630], [774, 702]]",,[],,0.9728222712440011,0.4293153994525887
903,5,3,15.100999999999999,,13518,"[954, 270]",False,Left,True,0.0,False,medium,False,"[[600, 30], [798, 48], [906, 102], [942, 120], [1230, 192], [1068, 228], [906, 246], [834, 426], [978, 498], [654, 516], [798, 624], [780, 696]]",,[],,0.9728222712440011,0.4293153994525887
904,5,3,15.117000000000075,,13518,"[954, 270]",False,Left,True,0.0,False,medium,False,"[[606, 24], [804, 42], [912, 96], [948, 114], [1236, 186], [1074, 222], [912, 240], [840, 420], [984, 492], [660, 510], [804, 618], [786, 690]]",,[],,0.9728222712440011,0.4293153994525887
905,5,3,15.134999999999991,,13518,"[954, 270]",False,Left,True,0.0,False,medium,False,"[[612, 18], [810, 36], [918, 90], [954, 108], [1242, 180], [1080, 216], [918, 234], [846, 414], [990, 486], [666, 504], [810, 612], [792, 684]]",,[],,0.5283456967480256,0.6602026980727365
906,5,3,15.151000000000067,,13518,"[954, 270]",False,Left,True,0.0,False,medium,False,"[[618, 12], [816, 30], [924, 84], [960, 102], [1248, 174], [1086, 210], [924, 228], [852, 408], [996, 480], [672, 498], [816, 606], [798, 678]]",,[],,0.8391507915743374,0.943265639880046
907,5,3,15.168000000000006,,13518,"[954, 270]",False,Left,True,0.0,False,medium,False,"[[624, 6], [822, 24], [930, 78], [966, 96], [1254, 168], [1092, 204], [930, 222], [858, 402], [1002, 474], [678, 492], [822, 600], [804, 672]]",,"[[1416, 810]]",,0.9728222712440011,0.4293153994525887
908,5,3,15.184000000000083,,13518,"[954, 270]",False,Left,True,0.0,False,medium,False,"[[630, 0], [828, 18], [936, 72], [972, 90], [1260, 162], [1098, 198], [936, 216], [864, 396], [1008, 468], [684, 486], [828, 594], [810, 666]]",,"[[1422, 804]]",,0.5225803497301108,0.6669939514956624
909,5,3,15.200000000000045,,13518,"[954, 270]",False,Left,True,0.0,False,medium,False,"[[834, 12], [942, 66], [978, 84], [1266, 156], [1104, 192], [942, 210], [870, 390], [1014, 462], [690, 480], [834, 588], [816, 660]]",,"[[1428, 798]]",,0.5225803497301108,0.6669939514956624
910,5,3,15.216999999999985,,13518,"[954, 270]",False,Left,True,0.0,False,medium,False,"[[840, 6], [948, 60], [984, 78], [1272, 150], [1110, 186], [948, 204], [876, 384], [1020, 456], [696, 474], [840, 582], [822, 654]]",,"[[1434, 792]]",,0.5210277046733246,0.6669873625189986
911,5,3,15.234000000000037,,13518,"[954, 270]",False,Left,True,0.0,False,medium,False,"[[846, 0], [954, 54], [990, 72], [1278, 144], [1116, 180], [954, 198], [882, 378], [1026, 450], [702, 468], [846, 576], [828, 648]]",,"[[1440, 786]]",,0.9728222712440011,0.4293153994525887
912,5,3,15.25,,13518,"[954, 270]",False,Left,True,0.0,False,medium,False,"[[960, 48], [996, 66], [1284, 138], [1122, 174], [960, 192], [888, 372], [1032, 444], [708, 462], [852, 570], [834, 642]]",,"[[1446, 780]]",,0.9728222712440011,0.4293153994525887
913,5,3,15.267000000000053,,13518,"[954, 270]",False,Left,True,0.0,False,medium,False,"[[966, 42], [1002, 60], [1290, 132], [1128, 168], [966, 186], [894, 366], [1038, 438], [714, 456], [858, 564], [840, 636]]",,"[[1452, 774]]",,0.5209759204064659,0.6846512680435253
914,5,3,15.283000000000015,,13518,"[954, 270]",False,Left,True,0.0,False,medium,False,"[[972, 36], [1008, 54], [1296, 126], [1134, 162], [972, 180], [900, 360], [1044, 432], [720, 450], [864, 558], [846, 630], [1134, 810]]",,"[[1458, 768]]",,0.516857426649805,0.6834647783323131
915,5,3,15.298999999999978,,13518,"[954, 270]",False,Left,True,0.0,False,medium,False,"[[978, 30], [1014, 48], [1302, 120], [1140, 156], [978, 174], [906, 354], [1050, 426], [726, 444], [870, 552], [852, 624], [1140, 804]]",,"[[1464, 762]]",,0.8343657119349551,0.945279398975388
916,5,3,15.315000000000055,,13518,"[954, 270]",False,Left,True,0.0,False,medium,False,"[[984, 24], [1020, 42], [1308, 114], [1146, 150], [984, 168], [912, 348], [1056, 420], [732, 438], [876, 546], [858, 618], [1146, 798]]",,"[[1470, 756]]",,0.8343657119349551,0.945279398975388
917,5,3,15.331999999999994,,13518,"[954, 270]",False,Left,True,0.0,False,medium,False,"[[990, 18], [1026, 36], [1314, 108], [1152, 144], [990, 162], [918, 342], [1062, 414], [738, 432], [882, 540], [864, 612], [1152, 792]]",,"[[1476, 750]]",,0.9728222712440011,0.4293153994525887
918,5,3,15.34800000000007,,13518,"[954, 270]",False,Left,True,0.0,False,medium,False,"[[996, 12], [1032, 30], [1320, 102], [1158, 138], [996, 156], [924, 336], [1068, 408], [744, 426], [888, 534], [870, 606], [1158, 786]]",,"[[1482, 744]]",,0.9728222712440011,0.4293153994525887
919,5,3,15.365999999999985,,13518,"[954, 270]",False,Left,True,0.0,False,medium,False,"[[1002, 6], [1038, 24], [1326, 96], [1164, 132], [1002, 150], [930, 330], [1074, 402], [750, 420], [894, 528], [876, 600], [1164, 780]]",,"[[1488, 738]]",,0.9728222712440011,0.4293153994525887
920,5,3,15.382000000000062,,13518,"[954, 270]",False,Left,True,0.0,False,medium,False,"[[1008, 0], [1044, 18], [1332, 90], [1170, 126], [1008, 144], [936, 324], [1080, 396], [756, 414], [900, 522], [882, 594], [1170, 774], [1170, 810], [990, 810]]",,"[[1494, 732]]",,0.9728222712440011,0.4293153994525887
921,5,3,15.399000000000001,,13518,"[954, 270]",False,Left,True,0.0,False,medium,False,"[[1050, 12], [1338, 84], [1176, 120], [1014, 138], [942, 318], [1086, 390], [762, 408], [906, 516], [888, 588], [1176, 768], [1176, 804], [996, 804]]",,"[[1500, 726]]",,0.8364704164376817,1.0405344840272237
922,5,3,15.416000000000054,,13518,"[954, 270]",False,Left,True,0.0,False,medium,False,"[[1056, 6], [1344, 78], [1182, 114], [1020, 132], [948, 312], [1092, 384], [768, 402], [912, 510], [894, 582], [1182, 762], [1182, 798], [1002, 798]]",,"[[1506, 720]]",,0.8364704164376817,1.0405344840272237
923,5,3,15.432999999999993,,13518,"[954, 270]",False,Left,True,0.0,False,medium,False,"[[1062, 0], [1350, 72], [1188, 108], [1026, 126], [954, 306], [1098, 378], [774, 396], [918, 504], [900, 576], [1188, 756], [1188, 792], [1008, 792]]",,"[[1512, 714]]",,0.9728222712440011,0.4293153994525887
924,5,3,15.451999999999998,,13518,"[954, 270]",False,Left,True,0.0,False,medium,False,"[[1356, 66], [1194, 102], [1032, 120], [960, 300], [1104, 372], [780, 390], [924, 498], [906, 570], [1194, 750], [1194, 786], [1014, 786]]",,"[[1518, 708]]",,0.9728222712440011,0.4293153994525887
925,5,3,15.468000000000075,,13518,"[954, 270]",False,Left,True,0.0,False,medium,False,"[[1362, 60], [1200, 96], [1038, 114], [966, 294], [1110, 366], [786, 384], [930, 492], [912, 564], [1200, 744], [1200, 780], [1020, 780]]",,"[[1524, 702]]",,0.5100585311512048,0.6787266252487283
926,5,3,15.485000000000014,,13518,"[954, 270]",True,Left,True,0.0,False,medium,False,"[[1368, 54], [1206, 90], [1044, 108], [972, 288], [1116, 360], [792, 378], [936, 486], [918, 558], [1206, 738], [1206, 774], [1026, 774]]",,"[[1530, 696]]",,0.9728222712440011,0.4293153994525887
927,5,3,17.535000000000082,,13518,"[954, 270]",True,Left,True,0.0,False,medium,False,"[[1374, 48], [1212, 84], [1050, 102], [978, 282], [1122, 354], [798, 372], [942, 480], [924, 552], [1212, 732], [1212, 768], [1032, 768]]",,"[[1530, 696]]",6,0.49871089467327545,-0.03779817440428479
