,trial,attempt,time_played,time_tag,level_size_y,player_pos,collision,current_input,drift_enabled,current_drift,level_done,input_noise_magnitude,input_noise_on,visible_obstacles,adjacent_wall_tiles_x_pos,visible_drift_tiles,SoC,gaze_x,gaze_y
0,1,3,0.0009999999999763531,,13518,"[954, -86]",False,,True,0.0,False,medium,False,[],,[],,0.4608219875007915,0.2608460862615699
1,1,3,0.016999999999939064,,13518,"[954, -82]",False,,True,0.0,False,medium,False,[],,[],,0.4610211775542384,0.2623739244641652
2,1,3,0.03300000000001546,,13518,"[954, -78]",False,,True,0.0,False,medium,False,[],,[],,0.4598996038456911,0.2635896457811526
3,1,3,0.049999999999954525,,13518,"[954, -74]",False,,True,0.0,False,medium,False,[],,[],,0.459622594661018,0.2634920744751589
4,1,3,0.06600000000003092,,13518,"[954, -70]",False,,True,0.0,False,medium,False,[],,[],,0.45857568135976956,0.2645420336187688
5,1,3,0.08299999999996999,,13518,"[954, -66]",False,,True,0.0,False,medium,False,[],,[],,0.45812420176090046,0.2644046204522037
6,1,3,0.10000000000002274,,13518,"[954, -62]",False,,True,0.0,False,medium,False,[],,[],,0.45680357355026147,0.26528822075335057
7,1,3,0.11599999999998545,,13518,"[954, -58]",False,,True,0.0,False,medium,False,[],,[],,0.4566999858266952,0.2617569868827546
8,1,3,0.1330000000000382,,13518,"[954, -54]",False,,True,0.0,False,medium,False,[],,[],,0.4640105096060899,0.26073678010836354
9,1,3,0.14999999999997726,,13518,"[954, -50]",False,,True,0.0,False,medium,False,[],,[],,0.46432579910204197,0.26046059088520523
10,1,3,0.16700000000003,,13518,"[954, -46]",False,,True,0.0,False,medium,False,[],,[],,0.46442875512185433,0.2602276177274735
11,1,3,0.18299999999999272,,13518,"[954, -42]",False,,True,0.0,False,medium,False,[],,[],,0.4648751194238273,0.25916957930155227
12,1,3,0.20000000000004547,,13518,"[954, -38]",False,,True,0.0,False,medium,False,[],,[],,0.4653958183028456,0.2591277183959231
13,1,3,0.21600000000000819,,13518,"[954, -34]",False,,True,0.0,False,medium,False,[],,[],,0.4659551768638087,0.25977059859408735
14,1,3,0.2319999999999709,,13518,"[954, -30]",False,,True,0.0,False,medium,False,[],,[],,0.46449067266880617,0.2594103270688103
15,1,3,0.24900000000002365,,13518,"[954, -26]",False,,True,0.0,False,medium,False,[],,[],,0.4632279699088106,0.2584767579476852
16,1,3,0.26499999999998636,,13518,"[954, -22]",False,,True,0.0,False,medium,False,[],,[],,0.4630187845796021,0.2591619818858055
17,1,3,0.2820000000000391,,13518,"[954, -18]",False,,True,0.0,False,medium,False,[],,[],,0.4623835949951413,0.2580265014466865
18,1,3,0.2980000000000018,,13518,"[954, -14]",False,,True,0.0,False,medium,False,[],,[],,0.462231078396071,0.25694704587007555
19,1,3,0.31399999999996453,,13518,"[954, -10]",False,,True,0.0,False,medium,False,[],,[],,0.46277267350062445,0.25591614849556366
20,1,3,0.3310000000000173,,13518,"[954, -6]",False,,True,0.0,False,medium,False,[],,[],,0.46251270005410455,0.2553835687745991
21,1,3,0.34799999999995634,,13518,"[954, -2]",False,,True,0.0,False,medium,False,[],,[],,0.4625379543496525,0.2539795742864619
22,1,3,0.3650000000000091,,13518,"[954, 2]",False,,True,0.0,False,medium,False,[],,[],,0.4626138684282969,0.2537123172712089
23,1,3,0.3809999999999718,,13518,"[954, 6]",False,,True,0.0,False,medium,False,[],,[],,0.4603248652460087,0.2551419465352195
24,1,3,0.39800000000002456,,13518,"[954, 10]",False,,True,0.0,False,medium,False,[],,[],,0.4600010905508568,0.255399666956989
25,1,3,0.4149999999999636,,13518,"[954, 14]",False,,True,0.0,False,medium,False,[],,[],,0.459187839013863,0.2571458657400424
26,1,3,0.43200000000001637,,13518,"[954, 18]",False,,True,0.0,False,medium,False,[],,[],,0.459187839013863,0.2571458657400424
27,1,3,0.44899999999995543,,13518,"[954, 22]",False,,True,0.0,False,medium,False,[],,[],,0.3113242736901368,0.054282549201689956
28,1,3,0.46500000000003183,,13518,"[954, 26]",False,,True,0.0,False,medium,False,[],,[],,0.45834671103305524,0.2604552328182881
29,1,3,0.48099999999999454,,13518,"[954, 30]",False,,True,0.0,False,medium,False,[],,[],,0.4583560616198071,0.2616151859058381
30,1,3,0.49699999999995725,,13518,"[954, 34]",False,,True,0.0,False,medium,False,[],,[],,0.4587261779251544,0.26194040420313314
31,1,3,0.5130000000000337,,13518,"[954, 38]",False,,True,0.0,False,medium,False,[],,[],,0.45788358637933185,0.2629949706440158
32,1,3,0.5299999999999727,,13518,"[954, 42]",False,,True,0.0,False,medium,False,[],,[],,0.45788358637933185,0.2629949706440158
33,1,3,0.5470000000000255,,13518,"[954, 46]",False,,True,0.0,False,medium,False,[],,[],,0.3671458661071152,0.027790624446718426
34,1,3,0.5629999999999882,,13518,"[954, 50]",False,,True,0.0,False,medium,False,[],,[],,0.3671458661071152,0.027790624446718426
35,1,3,0.5789999999999509,,13518,"[954, 54]",False,,True,0.0,False,medium,False,[],,[],,0.48193771177924455,0.3182159127034614
36,1,3,0.5950000000000273,,13518,"[954, 58]",False,,True,0.0,False,medium,False,[],,[],,0.48193771177924455,0.3182159127034614
37,1,3,0.6119999999999663,,13518,"[954, 62]",False,,True,0.0,False,medium,False,[],,[],,0.5410614750052971,0.23403215885632433
38,1,3,0.6280000000000427,,13518,"[954, 66]",False,,True,0.0,False,medium,False,[],,[],,0.5410614750052971,0.23403215885632433
39,1,3,0.6449999999999818,,13518,"[954, 70]",False,,True,0.0,False,medium,False,[],,[],,0.349306280535719,0.008131374704227423
40,1,3,0.6620000000000346,,13518,"[954, 74]",False,,True,0.0,False,medium,False,[],,[],,0.349306280535719,0.008131374704227423
41,1,3,0.6789999999999736,,13518,"[954, 78]",False,,True,0.0,False,medium,False,[],,[],,0.4539274844770095,0.2756973030418379
42,1,3,0.6960000000000264,,13518,"[954, 82]",False,,True,0.0,False,medium,False,[],,[],,0.4539274844770095,0.2756973030418379
43,1,3,0.7129999999999654,,13518,"[954, 86]",False,,True,0.0,False,medium,False,[],,[],,0.4444860948042745,0.31356745921001794
44,1,3,0.7300000000000182,,13518,"[954, 90]",False,,True,0.0,False,medium,False,[],,[],,0.4444860948042745,0.31356745921001794
45,1,3,0.7459999999999809,,13518,"[954, 94]",False,,True,0.0,False,medium,False,[],,[],,0.44377017166376137,0.30778269253209534
46,1,3,0.7619999999999436,,13518,"[954, 98]",False,,True,0.0,False,medium,False,[],,[],,0.44377017166376137,0.30778269253209534
47,1,3,0.7789999999999964,,13518,"[954, 102]",False,,True,0.0,False,medium,False,[],,[],,0.4392385695306252,0.29768489297397216
48,1,3,0.7960000000000491,,13518,"[954, 106]",False,,True,0.0,False,medium,False,[],,[],,0.4392385695306252,0.29768489297397216
49,1,3,0.8129999999999882,,13518,"[954, 110]",False,,True,0.0,False,medium,False,[],,[],,0.43991910458704797,0.2937482206297969
50,1,3,0.8289999999999509,,13518,"[954, 114]",False,,True,0.0,False,medium,False,[],,[],,0.43991910458704797,0.2937482206297969
51,1,3,0.8460000000000036,,13518,"[954, 118]",False,,True,0.0,False,medium,False,[],,[],,0.4402823581223022,0.29079759907091973
52,1,3,0.8629999999999427,,13518,"[954, 122]",False,,True,0.0,False,medium,False,[],,[],,0.4402823581223022,0.29079759907091973
53,1,3,0.8799999999999955,,13518,"[954, 126]",False,,True,0.0,False,medium,False,[],,[],,0.44119291348460654,0.2885350828672212
54,1,3,0.8959999999999582,,13518,"[954, 130]",False,,True,0.0,False,medium,False,[],,[],,0.44119291348460654,0.2885350828672212
55,1,3,0.9120000000000346,,13518,"[954, 134]",False,,True,0.0,False,medium,False,[],,[],,0.443923103133126,0.2956440857131518
56,1,3,0.9289999999999736,,13518,"[954, 138]",False,,True,0.0,False,medium,False,[],,[],,0.443923103133126,0.2956440857131518
57,1,3,0.9460000000000264,,13518,"[954, 142]",False,,True,0.0,False,medium,False,[],,[],,0.44537586272410723,0.29654820824301886
58,1,3,0.9619999999999891,,13518,"[954, 146]",False,,True,0.0,False,medium,False,[],,[],,0.44537586272410723,0.29654820824301886
59,1,3,0.9790000000000418,,13518,"[954, 150]",False,,True,0.0,False,medium,False,[],,[],,0.44519719485794945,0.32019857996595613
60,1,3,0.9959999999999809,,13518,"[954, 154]",False,,True,0.0,False,medium,False,[],,[],,0.44519719485794945,0.32019857996595613
61,1,3,1.0119999999999436,,13518,"[954, 158]",False,,True,0.0,False,medium,False,[],,[],,0.4426295758310249,0.3364905213448556
62,1,3,1.0289999999999964,,13518,"[954, 162]",False,,True,0.0,False,medium,False,[],,[],,0.4426295758310249,0.3364905213448556
63,1,3,1.0460000000000491,,13518,"[954, 166]",False,,True,0.0,False,medium,False,[],,[],,0.44034697657212013,0.34002708793583725
64,1,3,1.0629999999999882,,13518,"[954, 170]",False,,True,0.0,False,medium,False,[],,[],,0.44034697657212013,0.34002708793583725
65,1,3,1.0789999999999509,,13518,"[954, 174]",False,,True,0.0,False,medium,False,[],,[],,0.4424846600956247,0.3492284056571704
66,1,3,1.0960000000000036,,13518,"[954, 178]",False,,True,0.0,False,medium,False,[],,[],,0.4424846600956247,0.3492284056571704
67,1,3,1.1119999999999663,,13518,"[954, 182]",False,,True,0.0,False,medium,False,[],,[],,0.4415019891076117,0.34859233837932635
68,1,3,1.129000000000019,,13518,"[954, 186]",False,,True,0.0,False,medium,False,[],,[],,0.4415019891076117,0.34859233837932635
69,1,3,1.1449999999999818,,13518,"[954, 190]",False,,True,0.0,False,medium,False,[],,[],,0.43903432481130844,0.34794460000576033
70,1,3,1.1620000000000346,,13518,"[954, 194]",False,,True,0.0,False,medium,False,[],,[],,0.43903432481130844,0.34794460000576033
71,1,3,1.1779999999999973,,13518,"[954, 198]",False,,True,0.0,False,medium,False,[],,[],,0.4375401130269959,0.34824691304663824
72,1,3,1.1949999999999363,,13518,"[954, 202]",False,,True,0.0,False,medium,False,[],,[],,0.4375401130269959,0.34824691304663824
73,1,3,1.2110000000000127,,13518,"[954, 206]",False,,True,0.0,False,medium,False,[],,[],,0.43730450595914616,0.3498017112662227
74,1,3,1.2269999999999754,,13518,"[954, 210]",False,,True,0.0,False,medium,False,[],,[],,0.43730450595914616,0.3498017112662227
75,1,3,1.2450000000000045,,13518,"[954, 214]",False,,True,0.0,False,medium,False,[],,[],,0.4373823704631331,0.3494367859592332
76,1,3,1.2609999999999673,,13518,"[954, 218]",False,,True,0.0,False,medium,False,[],,[],,0.4376737279193078,0.35047424254931825
77,1,3,1.2770000000000437,,13518,"[954, 222]",False,,True,0.0,False,medium,False,[],,[],,0.44579398018837246,0.31200352705595924
78,1,3,1.2930000000000064,,13518,"[954, 226]",False,,True,0.0,False,medium,False,[],,[],,0.44579398018837246,0.31200352705595924
79,1,3,1.3099999999999454,,13518,"[954, 230]",False,,True,0.0,False,medium,False,[],,[],,0.45998956237646904,0.26406298364629444
80,1,3,1.3260000000000218,,13518,"[954, 234]",False,,True,0.0,False,medium,False,[],,[],,0.45998956237646904,0.26406298364629444
81,1,3,1.342999999999961,,13518,"[954, 238]",False,,True,0.0,False,medium,False,[],,[],,0.46094695793139584,0.2599377173818823
82,1,3,1.36099999999999,,13518,"[954, 242]",False,,True,0.0,False,medium,False,[],,[],,0.4609936077607558,0.25826269977507177
83,1,3,1.3769999999999527,,13518,"[954, 246]",False,,True,0.0,False,medium,False,[],,[],,0.4605994687252828,0.2540192284212537
84,1,3,1.3949999999999818,,13518,"[954, 250]",False,,True,0.0,False,medium,False,[],,[],,0.4605994687252828,0.2540192284212537
85,1,3,1.4120000000000346,,13518,"[954, 254]",False,,True,0.0,False,medium,False,[],,[],,0.45889895190622765,0.2553830363974132
86,1,3,1.42999999999995,,13518,"[954, 258]",False,,True,0.0,False,medium,False,[],,[],,0.45889895190622765,0.2553830363974132
87,1,3,1.4460000000000264,,13518,"[954, 262]",False,,True,0.0,False,medium,False,[],,[],,0.47020909434838565,0.2285240143821592
88,1,3,1.4629999999999654,,13518,"[954, 266]",False,,True,0.0,False,medium,False,[],,[],,0.47020909434838565,0.2285240143821592
89,1,3,1.4800000000000182,,13518,"[954, 270]",False,,True,0.0,False,medium,False,[],,[],,0.4717153366838258,0.22931280240067953
90,1,3,1.4969999999999573,,13518,"[954, 270]",False,,True,0.0,False,medium,False,[],,[],,0.4717153366838258,0.22931280240067953
91,1,3,1.51400000000001,,13518,"[954, 270]",False,,True,0.0,False,medium,False,[],,[],,0.4715970788054511,0.23913687276324336
92,1,3,1.5299999999999727,,13518,"[954, 270]",False,,True,0.0,False,medium,False,[],,[],,0.4715970788054511,0.23913687276324336
93,1,3,1.5470000000000255,,13518,"[954, 270]",False,,True,0.0,False,medium,False,[],,[],,0.4716573134399156,0.244235233882801
94,1,3,1.5629999999999882,,13518,"[954, 270]",False,,True,0.0,False,medium,False,[],,[],,0.4716573134399156,0.244235233882801
95,1,3,1.580000000000041,,13518,"[954, 270]",False,,True,0.0,False,medium,False,[],,[],,0.474455017573922,0.23023919969606577
96,1,3,1.59699999999998,,13518,"[954, 270]",False,,True,0.0,False,medium,False,[],,[],,0.47551877866907766,0.21052831180110887
97,1,3,1.6140000000000327,,13518,"[954, 270]",False,,True,0.0,False,medium,False,[],,[],,0.47685277785400493,0.20746280467249245
98,1,3,1.6309999999999718,,13518,"[954, 270]",False,,True,0.0,False,medium,False,[],,[],,0.47685277785400493,0.20746280467249245
99,1,3,1.6470000000000482,,13518,"[954, 270]",False,,True,0.0,False,medium,False,[],,[],,0.47901714991125494,0.2048017878345304
100,1,3,1.663000000000011,,13518,"[954, 270]",False,,True,0.0,False,medium,False,[],,[],,0.47901714991125494,0.2048017878345304
101,1,3,1.6789999999999736,,13518,"[954, 270]",False,,True,0.0,False,medium,False,[],,[],,0.4798714055740373,0.20646596281991791
102,1,3,1.6960000000000264,,13518,"[954, 270]",False,,True,0.0,False,medium,False,[],,[],,0.47946506989958027,0.21188651718341622
103,1,3,1.7129999999999654,,13518,"[954, 270]",False,,True,0.0,False,medium,False,[],,[],,0.48050608254796456,0.21439061711484564
104,1,3,1.7300000000000182,,13518,"[954, 270]",False,,True,0.0,False,medium,False,[],,[],,0.48050608254796456,0.21439061711484564
105,1,3,1.745999999999981,,13518,"[954, 270]",False,,True,0.0,False,medium,False,[],,[],,0.4810832528404879,0.2179709882849562
106,1,3,1.7630000000000337,,13518,"[954, 270]",False,,True,0.0,False,medium,False,[],,[],,0.4810832528404879,0.2179709882849562
107,1,3,1.7789999999999964,,13518,"[954, 270]",False,,True,0.0,False,medium,False,[],,[],,0.4812111891317624,0.2216293810362716
108,1,3,1.794999999999959,,13518,"[954, 270]",False,,True,0.0,False,medium,False,[],,[],,0.48110306654600066,0.22238154062059212
109,1,3,1.8110000000000355,,13518,"[954, 270]",False,,True,0.0,False,medium,False,[],,[],,0.4795359501900429,0.22886718974546683
110,1,3,1.8279999999999745,,13518,"[954, 270]",False,,True,0.0,False,medium,False,[],,[],,0.4791651965881548,0.22942389048545486
111,1,3,1.8450000000000273,,13518,"[954, 270]",False,,True,0.0,False,medium,False,[],,[],,0.4786863388908249,0.23601762942571247
112,1,3,1.8619999999999663,,13518,"[954, 270]",False,,True,0.0,False,medium,False,[],,[],,0.4786863388908249,0.23601762942571247
113,1,3,1.879000000000019,,13518,"[954, 270]",False,,True,0.0,False,medium,False,[],,[],,0.47736474998413386,0.2408045756205064
114,1,3,1.8949999999999818,,13518,"[954, 270]",False,,True,0.0,False,medium,False,[],,[],,0.47664536022654563,0.24285211059342104
115,1,3,1.9109999999999445,,13518,"[954, 270]",False,,True,0.0,False,medium,False,[],,[],,0.47680654533420935,0.24614510419038793
116,1,3,1.9279999999999973,,13518,"[954, 270]",False,,True,0.0,False,medium,False,[],,[],,0.47680654533420935,0.24614510419038793
117,1,3,1.9449999999999363,,13518,"[954, 270]",False,,True,0.0,False,medium,False,[],,[],,0.47574541808985177,0.25066005993284723
118,1,3,1.961999999999989,,13518,"[954, 270]",False,,True,0.0,False,medium,False,[],,[],,0.4659132256325287,0.2413367733866465
119,1,3,1.9779999999999518,,13518,"[954, 270]",False,,True,0.0,False,medium,False,[],,[],,0.45050616591661036,0.23911005965823717
120,1,3,1.9940000000000282,,13518,"[954, 270]",False,,True,0.0,False,medium,False,[],,[],,0.45048035056242197,0.24058061612085124
121,1,3,2.009999999999991,,13518,"[954, 270]",False,,True,0.0,False,medium,False,[],,[],,0.44942648383192446,0.24053764618947726
122,1,3,2.0270000000000437,,13518,"[954, 270]",False,,True,0.0,False,medium,False,[],,[],,0.44942648383192446,0.24053764618947726
123,1,3,2.0439999999999827,,13518,"[954, 270]",False,,True,0.0,False,medium,False,[],,[],,0.44846935379730396,0.24081462906089157
124,1,3,2.0610000000000355,,13518,"[954, 270]",False,,True,0.0,False,medium,False,[],,[],,0.44765028668142504,0.24001569171332648
125,1,3,2.0779999999999745,,13518,"[954, 270]",False,,True,0.0,False,medium,False,[],,[],,0.44809298640826933,0.23996692571728695
126,1,3,2.0950000000000273,,13518,"[954, 270]",False,,True,0.0,False,medium,False,[],,[],,0.44850896258999456,0.24034622021944863
127,1,3,2.11099999999999,,13518,"[954, 270]",False,,True,0.0,False,medium,False,[],,[],,0.44845601712392613,0.24619934954102962
128,1,3,2.129000000000019,,13518,"[954, 270]",False,,True,0.0,False,medium,False,[],,[],,0.44814855530496195,0.2468928339232448
129,1,3,2.144999999999982,,13518,"[954, 270]",False,,True,0.0,False,medium,False,[],,[],,0.4484715956083706,0.24750777758353604
130,1,3,2.1620000000000346,,13518,"[954, 270]",False,,True,0.0,False,medium,False,[],,[],,0.4486739252204829,0.25011018095894855
131,1,3,2.17999999999995,,13518,"[954, 270]",False,,True,0.0,False,medium,False,[],,[],,0.4486267829364386,0.25308574347955015
132,1,3,2.1960000000000264,,13518,"[954, 270]",False,,True,0.0,False,medium,False,[],,[],,0.4486267829364386,0.25308574347955015
133,1,3,2.213999999999942,,13518,"[954, 270]",False,,True,0.0,False,medium,False,[],,[],,0.44813582712705874,0.25574315257163205
134,1,3,2.230000000000018,,13518,"[954, 270]",False,,True,0.0,False,medium,False,[],,[],,0.44872408629046207,0.25692573909626804
135,1,3,2.2469999999999573,,13518,"[954, 270]",False,,True,0.0,False,medium,False,[],,[],,0.44846666499235566,0.2590660444104672
136,1,3,2.26400000000001,,13518,"[954, 270]",False,,True,0.0,False,medium,False,[],,[],,0.44847584639270294,0.2592367851788405
137,1,3,2.2799999999999727,,13518,"[954, 270]",False,,True,0.0,False,medium,False,[],,[],,0.455465771953787,0.29682239948881206
138,1,3,2.2970000000000255,,13518,"[954, 270]",False,,True,0.0,False,medium,False,[],,[],,0.455465771953787,0.29682239948881206
139,1,3,2.312999999999988,,13518,"[954, 270]",False,,True,0.0,False,medium,False,[],,[],,0.4477420395566621,0.26233687469423894
140,1,3,2.330000000000041,,13518,"[954, 270]",False,,True,0.0,False,medium,False,[],,[],,0.44869615408023433,0.2637915328224948
141,1,3,2.3460000000000036,,13518,"[954, 270]",False,,True,0.0,False,medium,False,[],,[],,0.44944074306119786,0.26629577216705336
142,1,3,2.3619999999999663,,13518,"[954, 270]",False,,True,0.0,False,medium,False,[],,[],,0.44944074306119786,0.26629577216705336
143,1,3,2.379000000000019,,13518,"[954, 270]",False,,True,0.0,False,medium,False,[],,[],,0.4500739255824615,0.2700519611999461
144,1,3,2.394999999999982,,13518,"[954, 270]",False,,True,0.0,False,medium,False,[],,[],,0.45011313524409396,0.27303224788828895
145,1,3,2.4109999999999445,,13518,"[954, 270]",False,,True,0.0,False,medium,False,[],,[],,0.4501049256317816,0.2751210606882539
146,1,3,2.4279999999999973,,13518,"[954, 270]",False,,True,0.0,False,medium,False,[],,[],,0.4494670892828327,0.27736752106271734
147,1,3,2.4449999999999363,,13518,"[954, 270]",False,,True,0.0,False,medium,False,[],,[],,0.4488783832375384,0.2807795633555611
148,1,3,2.461999999999989,,13518,"[954, 270]",False,,True,0.0,False,medium,False,[],,[],,0.30518558559433884,0.048583610213238204
149,1,3,2.479000000000042,,13518,"[954, 270]",False,,True,0.0,False,medium,False,[],,[],,0.44947485482389216,0.28070369261636063
150,1,3,2.495999999999981,,13518,"[954, 270]",False,,True,0.0,False,medium,False,[],,[],,0.4591806045731926,0.2449693317601418
151,1,3,2.5130000000000337,,13518,"[954, 270]",False,,True,0.0,False,medium,False,[],,[],,0.4599550633255829,0.24496986387345343
152,1,3,2.5299999999999727,,13518,"[954, 270]",False,,True,0.0,False,medium,False,[],,[],,0.4600346333951313,0.2432924919076097
153,1,3,2.546000000000049,,13518,"[954, 270]",False,,True,0.0,False,medium,False,[],,[],,0.4599154363148821,0.2421278204506947
154,1,3,2.562999999999988,,13518,"[954, 270]",False,,True,0.0,False,medium,False,[],,[],,0.4609239854874372,0.24330762121390237
155,1,3,2.580000000000041,,13518,"[954, 270]",False,,True,0.0,False,medium,False,"[[1206, 810]]",,[],,0.46089379607422254,0.24649559821461398
156,1,3,2.5950000000000273,,13518,"[954, 270]",False,,True,0.0,False,medium,False,"[[1206, 804]]",,[],,0.46074258420846714,0.24936113225301015
157,1,3,2.6119999999999663,,13518,"[954, 270]",False,,True,0.0,False,medium,False,"[[1206, 798]]",,[],,0.46082116113221827,0.2505166291030362
158,1,3,2.6280000000000427,,13518,"[954, 270]",False,,True,0.0,False,medium,False,"[[1206, 792]]",,[],,0.46126288003137983,0.2530083025002753
159,1,3,2.644999999999982,,13518,"[954, 270]",False,,True,0.0,False,medium,False,"[[1206, 786]]",,[],,0.46151494415106215,0.2564496163775781
160,1,3,2.6620000000000346,,13518,"[954, 270]",False,,True,0.0,False,medium,False,"[[1206, 780]]",,[],,0.46128591918011247,0.2570986328027205
161,1,3,2.6779999999999973,,13518,"[954, 270]",False,,True,0.0,False,medium,False,"[[1206, 774]]",,[],,0.4608331389149063,0.25673215703892005
162,1,3,2.6960000000000264,,13518,"[954, 270]",False,,True,0.0,False,medium,False,"[[1206, 768]]",,[],,0.46063563653288114,0.25768441058359837
163,1,3,2.7129999999999654,,13518,"[954, 270]",False,,True,0.0,False,medium,False,"[[1206, 762]]",,[],,0.4609181735286884,0.2605505281972641
164,1,3,2.729000000000042,,13518,"[954, 270]",False,,True,0.0,False,medium,False,"[[1206, 756]]",,[],,0.46140211502816875,0.2618076919216905
165,1,3,2.7450000000000045,,13518,"[954, 270]",False,,True,0.0,False,medium,False,"[[1206, 750]]",,[],,0.46142292037652366,0.2629562826591786
166,1,3,2.7609999999999673,,13518,"[954, 270]",False,,True,0.0,False,medium,False,"[[1206, 744]]",,[],,0.4632849403584821,0.26695910756530905
167,1,3,2.7770000000000437,,13518,"[954, 270]",False,,True,0.0,False,medium,False,"[[1206, 738], [1062, 810]]",,[],,0.4632945622866981,0.2670200930703015
168,1,3,2.7930000000000064,,13518,"[954, 270]",False,,True,0.0,False,medium,False,"[[1206, 732], [1062, 804]]",,[],,0.4643873729350914,0.2704423079691678
169,1,3,2.8099999999999454,,13518,"[954, 270]",False,,True,0.0,False,medium,False,"[[1206, 726], [1062, 798]]",,[],,0.46448920411522376,0.2710232082992122
170,1,3,2.826999999999998,,13518,"[954, 270]",False,,True,0.0,False,medium,False,"[[1206, 720], [1062, 792]]",,[],,0.46434276457504176,0.2717299088615591
171,1,3,2.8439999999999372,,13518,"[954, 270]",False,,True,0.0,False,medium,False,"[[1206, 714], [1062, 786]]",,[],,0.4642020608315378,0.27137564079318865
172,1,3,2.86099999999999,,13518,"[954, 270]",False,,True,0.0,False,medium,False,"[[1206, 708], [1062, 780]]",,[],,0.4762600628050574,0.23999842541498362
173,1,3,2.8780000000000427,,13518,"[954, 270]",False,,True,0.0,False,medium,False,"[[1206, 702], [1062, 774]]",,[],,0.4807661950385972,0.23679181101409452
174,1,3,2.894999999999982,,13518,"[954, 270]",False,,True,0.0,False,medium,False,"[[1206, 696], [1062, 768]]",,[],,0.4830729005735632,0.2364388392742396
175,1,3,2.9120000000000346,,13518,"[954, 270]",False,,True,0.0,False,medium,False,"[[1206, 690], [1062, 762]]",,[],,0.483847534159647,0.23554276213379766
176,1,3,2.9289999999999736,,13518,"[954, 270]",False,,True,0.0,False,medium,False,"[[1206, 684], [1062, 756]]",,[],,0.48560821441081836,0.23834612701621283
177,1,3,2.9460000000000264,,13518,"[954, 270]",False,,True,0.0,False,medium,False,"[[1206, 678], [1062, 750]]",,[],,0.48644235011721204,0.23860840636595515
178,1,3,2.961999999999989,,13518,"[954, 270]",False,,True,0.0,False,medium,False,"[[1206, 672], [1062, 744]]",,[],,0.487859984526844,0.24150601152201434
179,1,3,2.979000000000042,,13518,"[954, 270]",False,,True,0.0,False,medium,False,"[[1206, 666], [1062, 738]]",,[],,0.48729334109497896,0.2429656606646271
180,1,3,2.9950000000000045,,13518,"[954, 270]",False,,True,0.0,False,medium,False,"[[1206, 660], [1062, 732]]",,[],,0.4873772669883013,0.24505698359351036
181,1,3,3.0109999999999673,,13518,"[954, 270]",False,,True,0.0,False,medium,False,"[[1206, 654], [1062, 726]]",,[],,0.4873772669883013,0.24505698359351036
182,1,3,3.02800000000002,,13518,"[954, 270]",False,,True,0.0,False,medium,False,"[[1206, 648], [1062, 720], [1188, 810]]",,[],,0.48686785988973813,0.24900158552439144
183,1,3,3.044999999999959,,13518,"[954, 270]",False,,True,0.0,False,medium,False,"[[1206, 642], [1062, 714], [1188, 804]]",,[],,0.48712827964105204,0.24910091740855178
184,1,3,3.062000000000012,,13518,"[954, 270]",False,,True,0.0,False,medium,False,"[[1206, 636], [1062, 708], [1188, 798]]",,[],,0.4863468683616394,0.2511361424833789
185,1,3,3.080000000000041,,13518,"[954, 270]",False,,True,0.0,False,medium,False,"[[1206, 630], [1062, 702], [1188, 792]]",,[],,0.48586776971207996,0.2540867483374428
186,1,3,3.09699999999998,,13518,"[954, 270]",False,,True,0.0,False,medium,False,"[[1206, 624], [1062, 696], [1188, 786]]",,[],,0.48560308632069027,0.2544844592040987
187,1,3,3.1129999999999427,,13518,"[954, 270]",False,,True,0.0,False,medium,False,"[[1206, 618], [1062, 690], [1188, 780]]",,[],,0.4830679716695328,0.25633711373780244
188,1,3,3.129000000000019,,13518,"[954, 270]",False,,True,0.0,False,medium,False,"[[1206, 612], [1062, 684], [1188, 774]]",,[],,0.4626518624068063,0.25484675315062255
189,1,3,3.145999999999958,,13518,"[954, 270]",False,,True,0.0,False,medium,False,"[[1206, 606], [1062, 678], [1188, 768]]",,[],,0.461752127860146,0.2552448261392677
190,1,3,3.1620000000000346,,13518,"[954, 270]",False,,True,0.0,False,medium,False,"[[1206, 600], [1062, 672], [1188, 762]]",,[],,0.4601124856109027,0.25468776217051325
191,1,3,3.1789999999999736,,13518,"[954, 270]",False,,True,0.0,False,medium,False,"[[1206, 594], [1062, 666], [1188, 756]]",,[],,0.4601124856109027,0.25468776217051325
192,1,3,3.1960000000000264,,13518,"[954, 270]",False,,True,0.0,False,medium,False,"[[1206, 588], [1062, 660], [1188, 750]]",,[],,0.4579101654835339,0.2557550245738015
193,1,3,3.2129999999999654,,13518,"[954, 270]",False,,True,0.0,False,medium,False,"[[1206, 582], [1062, 654], [1188, 744]]",,[],,0.4571428384733086,0.25536020456517794
194,1,3,3.229000000000042,,13518,"[954, 270]",False,,True,0.0,False,medium,False,"[[1206, 576], [1062, 648], [1188, 738]]",,[],,0.4568697068374329,0.255701960496995
195,1,3,3.245999999999981,,13518,"[954, 270]",False,,True,0.0,False,medium,False,"[[1206, 570], [1062, 642], [1188, 732]]",,[],,0.46369196510234545,0.2996289483982466
196,1,3,3.2619999999999436,,13518,"[954, 270]",False,,True,0.0,False,medium,False,"[[1206, 564], [1062, 636], [1188, 726]]",,[],,0.45595579310990686,0.2582207921851657
197,1,3,3.27800000000002,,13518,"[954, 270]",False,,True,0.0,False,medium,False,"[[1206, 558], [1062, 630], [1188, 720]]",,[],,0.45595579310990686,0.2582207921851657
198,1,3,3.2939999999999827,,13518,"[954, 270]",False,,True,0.0,False,medium,False,"[[1206, 552], [1062, 624], [1188, 714]]",,[],,0.3088200792774322,0.04756797889718878
199,1,3,3.3110000000000355,,13518,"[954, 270]",False,,True,0.0,False,medium,False,"[[1206, 546], [1062, 618], [1188, 708]]",,[],,0.3088200792774322,0.04756797889718878
200,1,3,3.326999999999998,,13518,"[954, 270]",False,,True,0.0,False,medium,False,"[[1206, 540], [1062, 612], [1188, 702]]",,[],,0.45951662894531137,0.2711869265950134
201,1,3,3.342999999999961,,13518,"[954, 270]",False,,True,0.0,False,medium,False,"[[1206, 534], [1062, 606], [1188, 696]]",,[],,0.45951662894531137,0.2711869265950134
202,1,3,3.3600000000000136,,13518,"[954, 270]",False,,True,0.0,False,medium,False,"[[1206, 528], [1062, 600], [1188, 690]]",,[],,0.4604314251386697,0.27425374836470995
203,1,3,3.3769999999999527,,13518,"[954, 270]",False,,True,0.0,False,medium,False,"[[1206, 522], [1062, 594], [1188, 684]]",,[],,0.4604314251386697,0.27425374836470995
204,1,3,3.393000000000029,,13518,"[954, 270]",False,,True,0.0,False,medium,False,"[[1206, 516], [1062, 588], [1188, 678]]",,[],,0.46093544131423353,0.2760410843282505
205,1,3,3.408999999999992,,13518,"[954, 270]",False,,True,0.0,False,medium,False,"[[1206, 510], [1062, 582], [1188, 672]]",,[],,0.46093544131423353,0.2760410843282505
206,1,3,3.4260000000000446,,13518,"[954, 270]",False,,True,0.0,False,medium,False,"[[1206, 504], [1062, 576], [1188, 666]]",,[],,0.45339638937547216,0.2775637219441557
207,1,3,3.4429999999999836,,13518,"[954, 270]",False,,True,0.0,False,medium,False,"[[1206, 498], [1062, 570], [1188, 660]]",,[],,0.45339638937547216,0.2775637219441557
208,1,3,3.4610000000000127,,13518,"[954, 270]",False,,True,0.0,False,medium,False,"[[1206, 492], [1062, 564], [1188, 654]]",,[],,0.45474147512109286,0.3024941820736302
209,1,3,3.4769999999999754,,13518,"[954, 270]",False,,True,0.0,False,medium,False,"[[1206, 486], [1062, 558], [1188, 648]]",,[],,0.45474147512109286,0.3024941820736302
210,1,3,3.492999999999938,,13518,"[954, 270]",False,,True,0.0,False,medium,False,"[[1206, 480], [1062, 552], [1188, 642]]",,[],,0.44051463752176545,0.25929772916139293
211,1,3,3.5090000000000146,,13518,"[954, 270]",False,,True,0.0,False,medium,False,"[[1206, 474], [1062, 546], [1188, 636]]",,[],,0.44051463752176545,0.25929772916139293
212,1,3,3.5259999999999536,,13518,"[954, 270]",False,,True,0.0,False,medium,False,"[[1206, 468], [1062, 540], [1188, 630], [954, 810], [1152, 810]]",,[],,0.4397880564128112,0.2605623540908709
213,1,3,3.5430000000000064,,13518,"[954, 270]",False,,True,0.0,False,medium,False,"[[1206, 462], [1062, 534], [1188, 624], [954, 804], [1152, 804]]",,[],,0.4397880564128112,0.2605623540908709
214,1,3,3.5599999999999454,,13518,"[954, 270]",False,,True,0.0,False,medium,False,"[[1206, 456], [1062, 528], [1188, 618], [954, 798], [1152, 798]]",,[],,0.4511131073616815,0.3027298611581799
215,1,3,3.576000000000022,,13518,"[954, 270]",False,,True,0.0,False,medium,False,"[[1206, 450], [1062, 522], [1188, 612], [954, 792], [1152, 792]]",,[],,0.4511131073616815,0.3027298611581799
216,1,3,3.5919999999999845,,13518,"[954, 270]",False,,True,0.0,False,medium,False,"[[1206, 444], [1062, 516], [1188, 606], [954, 786], [1152, 786]]",,[],,0.2988999702041202,-0.01121042048185461
217,1,3,3.6090000000000373,,13518,"[954, 270]",False,,True,0.0,False,medium,False,"[[1206, 438], [1062, 510], [1188, 600], [954, 780], [1152, 780]]",,[],,0.2988999702041202,-0.01121042048185461
218,1,3,3.6259999999999764,,13518,"[954, 270]",False,,True,0.0,False,medium,False,"[[1206, 432], [1062, 504], [1188, 594], [954, 774], [1152, 774]]",,[],,0.2971191835252882,-0.002927666496199466
219,1,3,3.643000000000029,,13518,"[954, 270]",False,,True,0.0,False,medium,False,"[[1206, 426], [1062, 498], [1188, 588], [954, 768], [1152, 768]]",,[],,0.2971191835252882,-0.002927666496199466
220,1,3,3.658999999999992,,13518,"[954, 270]",False,,True,0.0,False,medium,False,"[[1206, 420], [1062, 492], [1188, 582], [954, 762], [1152, 762]]",,[],,0.44181561832830535,0.27499847245092246
221,1,3,3.6760000000000446,,13518,"[954, 270]",False,,True,0.0,False,medium,False,"[[1206, 414], [1062, 486], [1188, 576], [954, 756], [1152, 756]]",,[],,0.44181561832830535,0.27499847245092246
222,1,3,3.6920000000000073,,13518,"[954, 270]",False,,True,0.0,False,medium,False,"[[1206, 408], [1062, 480], [1188, 570], [954, 750], [1152, 750]]",,[],,0.29223804617187776,0.07882885793475591
223,1,3,3.70799999999997,,13518,"[954, 270]",False,,True,0.0,False,medium,False,"[[1206, 402], [1062, 474], [1188, 564], [954, 744], [1152, 744]]",,[],,0.29223804617187776,0.07882885793475591
224,1,3,3.7250000000000227,,13518,"[954, 270]",False,,True,0.0,False,medium,False,"[[1206, 396], [1062, 468], [1188, 558], [954, 738], [1152, 738]]",,[],,0.44372888906627966,0.28334743188093925
225,1,3,3.7409999999999854,,13518,"[954, 270]",False,,True,0.0,False,medium,False,"[[1206, 390], [1062, 462], [1188, 552], [954, 732], [1152, 732]]",,[],,0.44372888906627966,0.28334743188093925
226,1,3,3.758000000000038,,13518,"[954, 270]",False,,True,0.0,False,medium,False,"[[1206, 384], [1062, 456], [1188, 546], [954, 726], [1152, 726]]",,[],,0.4431489926811684,0.2854130396380321
227,1,3,3.7749999999999773,,13518,"[954, 270]",False,,True,0.0,False,medium,False,"[[1206, 378], [1062, 450], [1188, 540], [954, 720], [1152, 720]]",,[],,0.4431489926811684,0.2854130396380321
228,1,3,3.79200000000003,,13518,"[954, 270]",False,,True,0.0,False,medium,False,"[[1206, 372], [1062, 444], [1188, 534], [954, 714], [1152, 714]]",,[],,0.4601797871359544,0.2619176467432658
229,1,3,3.8079999999999927,,13518,"[954, 270]",False,,True,0.0,False,medium,False,"[[1206, 366], [1062, 438], [1188, 528], [954, 708], [1152, 708]]",,[],,0.4601797871359544,0.2619176467432658
230,1,3,3.8250000000000455,,13518,"[954, 270]",False,,True,0.0,False,medium,False,"[[1206, 360], [1062, 432], [1188, 522], [954, 702], [1152, 702]]",,[],,0.46246497505953643,0.2617009429083702
231,1,3,3.841000000000008,,13518,"[954, 270]",False,,True,0.0,False,medium,False,"[[1206, 354], [1062, 426], [1188, 516], [954, 696], [1152, 696]]",,[],,0.46246497505953643,0.2617009429083702
232,1,3,3.8579999999999472,,13518,"[954, 270]",False,,True,0.0,False,medium,False,"[[1206, 348], [1062, 420], [1188, 510], [954, 690], [1152, 690]]",,[],,0.46278844354359644,0.26365379233523945
233,1,3,3.875,,13518,"[954, 270]",False,,True,0.0,False,medium,False,"[[1206, 342], [1062, 414], [1188, 504], [954, 684], [1152, 684]]",,[],,0.46278844354359644,0.26365379233523945
234,1,3,3.891999999999939,,13518,"[954, 270]",False,,True,0.0,False,medium,False,"[[1206, 336], [1062, 408], [1188, 498], [954, 678], [1152, 678]]",,[],,0.46230733091001736,0.2659767192523915
235,1,3,3.908999999999992,,13518,"[954, 270]",False,,True,0.0,False,medium,False,"[[1206, 330], [1062, 402], [1188, 492], [954, 672], [1152, 672]]",,[],,0.46230733091001736,0.2659767192523915
236,1,3,3.9260000000000446,,13518,"[954, 270]",False,,True,0.0,False,medium,False,"[[1206, 324], [1062, 396], [1188, 486], [954, 666], [1152, 666]]",,[],,0.4711277744854067,0.30971056350993975
237,1,3,3.9429999999999836,,13518,"[954, 270]",False,,True,0.0,False,medium,False,"[[1206, 318], [1062, 390], [1188, 480], [954, 660], [1152, 660]]",,[],,0.4711277744854067,0.30971056350993975
238,1,3,3.9600000000000364,,13518,"[954, 270]",False,,True,0.0,False,medium,False,"[[1206, 312], [1062, 384], [1188, 474], [954, 654], [1152, 654]]",,[],,0.46365222287760427,0.2720939980368452
239,1,3,3.9769999999999754,,13518,"[954, 270]",False,,True,0.0,False,medium,False,"[[1206, 306], [1062, 378], [1188, 468], [954, 648], [1152, 648]]",,[],,0.46365222287760427,0.2720939980368452
240,1,3,3.994000000000028,,13518,"[954, 270]",False,,True,0.0,False,medium,False,"[[1206, 300], [1062, 372], [1188, 462], [954, 642], [1152, 642]]",,[],,0.4630491534287973,0.27433064257902573
241,1,3,4.009999999999991,,13518,"[954, 270]",False,,True,0.0,False,medium,False,"[[1206, 294], [1062, 366], [1188, 456], [954, 636], [1152, 636]]",,[],,0.4630491534287973,0.27433064257902573
242,1,3,4.027000000000044,,13518,"[954, 270]",False,,True,0.0,False,medium,False,"[[1206, 288], [1062, 360], [1188, 450], [954, 630], [1152, 630]]",,[],,0.4614211361034551,0.27592740411648387
243,1,3,4.043000000000006,,13518,"[954, 270]",False,,True,0.0,False,medium,False,"[[1206, 282], [1062, 354], [1188, 444], [954, 624], [1152, 624]]",,[],,0.4614211361034551,0.27592740411648387
244,1,3,4.058999999999969,,13518,"[954, 270]",False,,True,0.0,False,medium,False,"[[1206, 276], [1062, 348], [1188, 438], [954, 618], [1152, 618]]",,[],,0.4441441126979873,0.28077392054599903
245,1,3,4.0750000000000455,,13518,"[954, 270]",False,,True,0.0,False,medium,False,"[[1206, 270], [1062, 342], [1188, 432], [954, 612], [1152, 612], [918, 810]]",,[],,0.4441441126979873,0.28077392054599903
246,1,3,4.091000000000008,,13518,"[954, 270]",False,,True,0.0,False,medium,False,"[[1206, 264], [1062, 336], [1188, 426], [954, 606], [1152, 606], [918, 804]]",,[],,0.44305303058131695,0.28130565591330836
247,1,3,4.107999999999947,,13518,"[954, 270]",False,,True,0.0,False,medium,False,"[[1206, 258], [1062, 330], [1188, 420], [954, 600], [1152, 600], [918, 798]]",,[],,0.44305303058131695,0.28130565591330836
248,1,3,4.125,,13518,"[954, 270]",False,,True,0.0,False,medium,False,"[[1206, 252], [1062, 324], [1188, 414], [954, 594], [1152, 594], [918, 792]]",,[],,0.441626254808935,0.28288907537571895
249,1,3,4.141999999999939,,13518,"[954, 270]",False,,True,0.0,False,medium,False,"[[1206, 246], [1062, 318], [1188, 408], [954, 588], [1152, 588], [918, 786]]",,[],,0.441626254808935,0.28288907537571895
250,1,3,4.158999999999992,,13518,"[954, 270]",False,Left,True,0.0,False,medium,False,"[[1206, 240], [1062, 312], [1188, 402], [954, 582], [1152, 582], [918, 780]]",,[],,0.4413711130390635,0.2858280500858481
251,1,3,4.176000000000045,,13518,"[954, 270]",False,Left,True,0.0,False,medium,False,"[[1212, 234], [1068, 306], [1194, 396], [960, 576], [1158, 576], [924, 774]]",,[],,0.4413711130390635,0.2858280500858481
252,1,3,4.192999999999984,,13518,"[954, 270]",False,Left,True,0.0,False,medium,False,"[[1218, 228], [1074, 300], [1200, 390], [966, 570], [1164, 570], [930, 768]]",,[],,0.44070009080432637,0.2880386473942017
253,1,3,4.210000000000036,,13518,"[954, 270]",False,Left,True,0.0,False,medium,False,"[[1224, 222], [1080, 294], [1206, 384], [972, 564], [1170, 564], [936, 762]]",,[],,0.44070009080432637,0.2880386473942017
254,1,3,4.226999999999975,,13518,"[954, 270]",False,Left,True,0.0,False,medium,False,"[[1230, 216], [1086, 288], [1212, 378], [978, 558], [1176, 558], [942, 756]]",,[],,0.44016286116247805,0.29173190615627254
255,1,3,4.242999999999938,,13518,"[954, 270]",False,Left,True,0.0,False,medium,False,"[[1236, 210], [1092, 282], [1218, 372], [984, 552], [1182, 552], [948, 750]]",,[],,0.44016286116247805,0.29173190615627254
256,1,3,4.259999999999991,,13518,"[954, 270]",False,,True,0.0,False,medium,False,"[[1242, 204], [1098, 276], [1224, 366], [990, 546], [1188, 546], [954, 744]]",,[],,0.4402146732182534,0.29539862081062895
257,1,3,4.274999999999977,,13518,"[954, 270]",False,,True,0.0,False,medium,False,"[[1242, 198], [1098, 270], [1224, 360], [990, 540], [1188, 540], [954, 738]]",,[],,0.4402146732182534,0.29539862081062895
258,1,3,4.29200000000003,,13518,"[954, 270]",False,,True,0.0,False,medium,False,"[[1242, 192], [1098, 264], [1224, 354], [990, 534], [1188, 534], [954, 732]]",,[],,0.4403953512990955,0.29721750033739747
259,1,3,4.308999999999969,,13518,"[954, 270]",False,,True,0.0,False,medium,False,"[[1242, 186], [1098, 258], [1224, 348], [990, 528], [1188, 528], [954, 726]]",,[],,0.4403953512990955,0.29721750033739747
260,1,3,4.326000000000022,,13518,"[954, 270]",False,,True,0.0,False,medium,False,"[[1242, 180], [1098, 252], [1224, 342], [990, 522], [1188, 522], [954, 720]]",,[],,0.44058887096499005,0.29912890975760764
261,1,3,4.342999999999961,,13518,"[954, 270]",False,,True,0.0,False,medium,False,"[[1242, 174], [1098, 246], [1224, 336], [990, 516], [1188, 516], [954, 714]]",,[],,0.44058887096499005,0.29912890975760764
262,1,3,4.359000000000037,,13518,"[954, 270]",False,,True,0.0,False,medium,False,"[[1242, 168], [1098, 240], [1224, 330], [990, 510], [1188, 510], [954, 708]]",,[],,0.4417740497889153,0.3000109400405686
263,1,3,4.375999999999976,,13518,"[954, 270]",False,Left,True,0.0,False,medium,False,"[[1242, 162], [1098, 234], [1224, 324], [990, 504], [1188, 504], [954, 702]]",,[],,0.4417740497889153,0.3000109400405686
264,1,3,4.391999999999939,,13518,"[954, 270]",False,Left,True,0.0,False,medium,False,"[[1248, 156], [1104, 228], [1230, 318], [996, 498], [1194, 498], [960, 696]]",,[],,0.4445981704105,0.3047558374671049
265,1,3,4.4080000000000155,,13518,"[954, 270]",False,Left,True,0.0,False,medium,False,"[[1254, 150], [1110, 222], [1236, 312], [1002, 492], [1200, 492], [966, 690]]",,[],,0.4445981704105,0.3047558374671049
266,1,3,4.423999999999978,,13518,"[954, 270]",False,Left,True,0.0,False,medium,False,"[[1260, 144], [1116, 216], [1242, 306], [1008, 486], [1206, 486], [972, 684]]",,[],,0.445247348926037,0.30697398032012047
267,1,3,4.441000000000031,,13518,"[954, 270]",False,Left,True,0.0,False,medium,False,"[[1266, 138], [1122, 210], [1248, 300], [1014, 480], [1212, 480], [978, 678]]",,[],,0.44562578389157403,0.3073615635431972
268,1,3,4.45799999999997,,13518,"[954, 270]",False,Left,True,0.0,False,medium,False,"[[1272, 132], [1128, 204], [1254, 294], [1020, 474], [1218, 474], [984, 672]]",,"[[1488, 810]]",,0.30695024669953463,0.03251948879790012
269,1,3,4.475000000000023,,13518,"[954, 270]",False,Left,True,0.0,False,medium,False,"[[1278, 126], [1134, 198], [1260, 288], [1026, 468], [1224, 468], [990, 666]]",,"[[1494, 804]]",,0.44590910218969154,0.3096559029208016
270,1,3,4.494000000000028,,13518,"[954, 270]",False,,True,0.0,False,medium,False,"[[1284, 120], [1140, 192], [1266, 282], [1032, 462], [1230, 462], [996, 660]]",,"[[1494, 798]]",,0.44531591752260746,0.3103572989829233
271,1,3,4.510999999999967,,13518,"[954, 270]",False,,True,0.0,False,medium,False,"[[1284, 114], [1140, 186], [1266, 276], [1032, 456], [1230, 456], [996, 654]]",,"[[1494, 792]]",,0.44531591752260746,0.3103572989829233
272,1,3,4.528999999999996,,13518,"[954, 270]",False,,True,0.0,False,medium,False,"[[1284, 108], [1140, 180], [1266, 270], [1032, 450], [1230, 450], [996, 648]]",,"[[1494, 786]]",,0.44549264514824716,0.31348850618021784
273,1,3,4.546000000000049,,13518,"[954, 270]",False,,True,0.0,False,medium,False,"[[1284, 102], [1140, 174], [1266, 264], [1032, 444], [1230, 444], [996, 642]]",,"[[1494, 780]]",,0.44549264514824716,0.31348850618021784
274,1,3,4.562000000000012,,13518,"[954, 270]",False,,True,0.0,False,medium,False,"[[1284, 96], [1140, 168], [1266, 258], [1032, 438], [1230, 438], [996, 636]]",,"[[1494, 774]]",,0.4462011192022034,0.3177124906895926
275,1,3,4.578999999999951,,13518,"[954, 270]",False,,True,0.0,False,medium,False,"[[1284, 90], [1140, 162], [1266, 252], [1032, 432], [1230, 432], [996, 630]]",,"[[1494, 768]]",,0.4462011192022034,0.3177124906895926
276,1,3,4.756999999999948,,13518,"[954, 270]",False,,True,0.0,False,medium,False,"[[1284, 84], [1140, 156], [1266, 246], [1032, 426], [1230, 426], [996, 624]]",,"[[1494, 762]]",,0.4303118543445077,0.2816454120576657
277,1,3,4.773000000000025,,13518,"[954, 270]",False,,True,0.0,False,medium,False,"[[1284, 78], [1140, 150], [1266, 240], [1032, 420], [1230, 420], [996, 618]]",,"[[1494, 756]]",,0.43568781349034535,0.2860755475889728
278,1,3,4.789999999999964,,13518,"[954, 270]",False,,True,0.0,False,medium,False,"[[1284, 72], [1140, 144], [1266, 234], [1032, 414], [1230, 414], [996, 612]]",,"[[1494, 750]]",,0.4356640446582974,0.2867791157256445
279,1,3,4.80600000000004,,13518,"[954, 270]",False,,True,0.0,False,medium,False,"[[1284, 66], [1140, 138], [1266, 228], [1032, 408], [1230, 408], [996, 606]]",,"[[1494, 744]]",,0.4365305768376211,0.28746394734831837
280,1,3,4.822000000000003,,13518,"[954, 270]",False,,True,0.0,False,medium,False,"[[1284, 60], [1140, 132], [1266, 222], [1032, 402], [1230, 402], [996, 600]]",,"[[1494, 738]]",,0.43675807171168995,0.2890825303614115
281,1,3,4.837999999999965,,13518,"[954, 270]",False,,True,0.0,False,medium,False,"[[1284, 54], [1140, 126], [1266, 216], [1032, 396], [1230, 396], [996, 594]]",,"[[1494, 732]]",,0.43678707109036613,0.29077188202605686
282,1,3,4.854000000000042,,13518,"[954, 270]",False,,True,0.0,False,medium,False,"[[1284, 48], [1140, 120], [1266, 210], [1032, 390], [1230, 390], [996, 588]]",,"[[1494, 726]]",,0.43677880437818645,0.2910524781921582
283,1,3,4.8700000000000045,,13518,"[954, 270]",False,,True,0.0,False,medium,False,"[[1284, 42], [1140, 114], [1266, 204], [1032, 384], [1230, 384], [996, 582]]",,"[[1494, 720]]",,0.4457053560542283,0.28714828616456123
284,1,3,4.886999999999944,,13518,"[954, 270]",False,,True,0.0,False,medium,False,"[[1284, 36], [1140, 108], [1266, 198], [1032, 378], [1230, 378], [996, 576]]",,"[[1494, 714]]",,0.4457053560542283,0.28714828616456123
285,1,3,4.904999999999973,,13518,"[954, 270]",False,,True,0.0,False,medium,False,"[[1284, 30], [1140, 102], [1266, 192], [1032, 372], [1230, 372], [996, 570]]",,"[[1494, 708]]",,0.4954105991020188,0.24925566195529003
286,1,3,4.9220000000000255,,13518,"[954, 270]",False,,True,0.0,False,medium,False,"[[1284, 24], [1140, 96], [1266, 186], [1032, 366], [1230, 366], [996, 564]]",,"[[1494, 702]]",,0.49525703812228644,0.24972585824643512
287,1,3,4.937999999999988,,13518,"[954, 270]",False,,True,0.0,False,medium,False,"[[1284, 18], [1140, 90], [1266, 180], [1032, 360], [1230, 360], [996, 558]]",,"[[1494, 696]]",,0.49718201086690755,0.24919947843717816
288,1,3,4.955000000000041,,13518,"[954, 270]",False,,True,0.0,False,medium,False,"[[1284, 12], [1140, 84], [1266, 174], [1032, 354], [1230, 354], [996, 552]]",,"[[1494, 690]]",,0.49718201086690755,0.24919947843717816
289,1,3,4.97199999999998,,13518,"[954, 270]",False,,True,0.0,False,medium,False,"[[1284, 6], [1140, 78], [1266, 168], [1032, 348], [1230, 348], [996, 546]]",,"[[1494, 684]]",,0.5014365907758138,0.24847414603377949
290,1,3,4.989000000000033,,13518,"[954, 270]",False,,True,0.0,False,medium,False,"[[1284, 0], [1140, 72], [1266, 162], [1032, 342], [1230, 342], [996, 540]]",,"[[1494, 678]]",,0.5013115137716977,0.24892254995990415
291,1,3,5.005999999999972,,13518,"[954, 270]",False,,True,0.0,False,medium,False,"[[1140, 66], [1266, 156], [1032, 336], [1230, 336], [996, 534]]",,"[[1494, 672]]",,0.5018512091185722,0.2508771424005092
292,1,3,5.023000000000025,,13518,"[954, 270]",False,,True,0.0,False,medium,False,"[[1140, 60], [1266, 150], [1032, 330], [1230, 330], [996, 528]]",,"[[1494, 666]]",,0.5015705287362386,0.25078773687407163
293,1,3,5.039999999999964,,13518,"[954, 270]",False,,True,0.0,False,medium,False,"[[1140, 54], [1266, 144], [1032, 324], [1230, 324], [996, 522], [1068, 810]]",,"[[1494, 660]]",,0.5004789464053826,0.2511209012412662
294,1,3,5.057000000000016,,13518,"[954, 270]",False,,True,0.0,False,medium,False,"[[1140, 48], [1266, 138], [1032, 318], [1230, 318], [996, 516], [1068, 804]]",,"[[1494, 654]]",,0.4969984734961521,0.260422996458064
295,1,3,5.073999999999955,,13518,"[954, 270]",False,,True,0.0,False,medium,False,"[[1140, 42], [1266, 132], [1032, 312], [1230, 312], [996, 510], [1068, 798]]",,"[[1494, 648]]",,0.46072344098941664,0.3044187569788347
296,1,3,5.091000000000008,,13518,"[954, 270]",False,,True,0.0,False,medium,False,"[[1140, 36], [1266, 126], [1032, 306], [1230, 306], [996, 504], [1068, 792]]",,"[[1494, 642]]",,0.45964214316307156,0.3045993260776054
297,1,3,5.107999999999947,,13518,"[954, 270]",False,Left,True,0.0,False,medium,False,"[[1140, 30], [1266, 120], [1032, 300], [1230, 300], [996, 498], [1068, 786]]",,"[[1500, 636]]",,0.45829661830571755,0.3067201198131061
298,1,3,5.124000000000024,,13518,"[954, 270]",False,Left,True,0.0,False,medium,False,"[[1146, 24], [1272, 114], [1038, 294], [1236, 294], [1002, 492], [1074, 780]]",,"[[1506, 630]]",,0.4558989309053737,0.3089114395316336
299,1,3,5.140999999999963,,13518,"[954, 270]",False,Left,True,0.0,False,medium,False,"[[1152, 18], [1278, 108], [1044, 288], [1242, 288], [1008, 486], [1080, 774]]",,"[[1512, 624]]",,0.4548774561037085,0.3113290404550406
300,1,3,5.157000000000039,,13518,"[954, 270]",False,Left,True,0.0,False,medium,False,"[[1158, 12], [1284, 102], [1050, 282], [1248, 282], [1014, 480], [1086, 768]]",,"[[1518, 618]]",,0.4540155989284279,0.31270944101676745
301,1,3,5.173000000000002,,13518,"[954, 270]",False,Left,True,0.0,False,medium,False,"[[1164, 6], [1290, 96], [1056, 276], [1254, 276], [1020, 474], [1092, 762]]",,"[[1524, 612]]",,0.45118103589459524,0.31890459565065243
302,1,3,5.189999999999941,,13518,"[954, 270]",False,Left,True,0.0,False,medium,False,"[[1170, 0], [1296, 90], [1062, 270], [1260, 270], [1026, 468], [1098, 756]]",,"[[1530, 606]]",,0.45079163803692773,0.3196004826369323
303,1,3,5.206000000000017,,13518,"[954, 270]",False,,True,0.0,False,medium,False,"[[1302, 84], [1068, 264], [1266, 264], [1032, 462], [1104, 750]]",,"[[1530, 600]]",,0.45018544609734923,0.3194258932425711
304,1,3,5.222999999999956,,13518,"[954, 270]",False,,True,0.0,False,medium,False,"[[1302, 78], [1068, 258], [1266, 258], [1032, 456], [1104, 744]]",,"[[1530, 594]]",,0.45018544609734923,0.3194258932425711
305,1,3,5.239000000000033,,13518,"[954, 270]",False,,True,0.0,False,medium,False,"[[1302, 72], [1068, 252], [1266, 252], [1032, 450], [1104, 738], [1140, 810]]",,"[[1530, 588]]",,0.4505630686493456,0.32220390183901426
306,1,3,5.255999999999972,,13518,"[954, 270]",False,,True,0.0,False,medium,False,"[[1302, 66], [1068, 246], [1266, 246], [1032, 444], [1104, 732], [1140, 804]]",,"[[1530, 582]]",,0.4505630686493456,0.32220390183901426
307,1,3,5.272000000000048,,13518,"[954, 270]",False,,True,0.0,False,medium,False,"[[1302, 60], [1068, 240], [1266, 240], [1032, 438], [1104, 726], [1140, 798]]",,"[[1530, 576]]",,0.44996794981148797,0.3236095238531832
308,1,3,5.288000000000011,,13518,"[954, 270]",False,,True,0.0,False,medium,False,"[[1302, 54], [1068, 234], [1266, 234], [1032, 432], [1104, 720], [1140, 792]]",,"[[1530, 570]]",,0.44996794981148797,0.3236095238531832
309,1,3,5.30499999999995,,13518,"[954, 270]",False,Left,True,0.0,False,medium,False,"[[1302, 48], [1068, 228], [1266, 228], [1032, 426], [1104, 714], [1140, 786]]",,"[[1536, 564]]",,0.44936840572632875,0.32536892951091667
310,1,3,5.321000000000026,,13518,"[954, 270]",False,Left,True,0.0,False,medium,False,"[[1308, 42], [1074, 222], [1272, 222], [1038, 420], [1110, 708], [1146, 780]]",,"[[1542, 558]]",,0.44936840572632875,0.32536892951091667
311,1,3,5.337999999999965,,13518,"[954, 270]",False,Left,True,0.0,False,medium,False,"[[1314, 36], [1080, 216], [1278, 216], [1044, 414], [1116, 702], [1152, 774], [918, 810]]",,"[[1548, 552]]",,0.4485966676766143,0.3288081469629215
312,1,3,5.352999999999952,,13518,"[954, 270]",False,Left,True,0.0,False,medium,False,"[[1320, 30], [1086, 210], [1284, 210], [1050, 408], [1122, 696], [1158, 768], [924, 804]]",,"[[1554, 546]]",,0.4485966676766143,0.3288081469629215
313,1,3,5.3700000000000045,,13518,"[954, 270]",False,Left,True,0.0,False,medium,False,"[[1326, 24], [1092, 204], [1290, 204], [1056, 402], [1128, 690], [1164, 762], [930, 798]]",,"[[1560, 540]]",,0.4484679212858733,0.3315672729772696
314,1,3,5.386999999999944,,13518,"[954, 270]",False,Left,True,0.0,False,medium,False,"[[1332, 18], [1098, 198], [1296, 198], [1062, 396], [1134, 684], [1170, 756], [936, 792]]",,"[[1566, 534]]",,0.4484679212858733,0.3315672729772696
315,1,3,5.40300000000002,,13518,"[954, 270]",False,Left,True,0.0,False,medium,False,"[[1338, 12], [1104, 192], [1302, 192], [1068, 390], [1140, 678], [1176, 750], [942, 786]]",,"[[1572, 528]]",,0.4488263962176576,0.3340738164135407
316,1,3,5.419999999999959,,13518,"[954, 270]",False,Left,True,0.0,False,medium,False,"[[1344, 6], [1110, 186], [1308, 186], [1074, 384], [1146, 672], [1182, 744], [948, 780]]",,"[[1578, 522]]",,0.4488263962176576,0.3340738164135407
317,1,3,5.437000000000012,,13518,"[954, 270]",False,,True,0.0,False,medium,False,"[[1350, 0], [1116, 180], [1314, 180], [1080, 378], [1152, 666], [1188, 738], [954, 774]]",,"[[1578, 516]]",,0.4496216116685304,0.33608828769502475
318,1,3,5.451999999999998,,13518,"[954, 270]",False,,True,0.0,False,medium,False,"[[1116, 174], [1314, 174], [1080, 372], [1152, 660], [1188, 732], [954, 768]]",,"[[1578, 510]]",,0.4496216116685304,0.33608828769502475
319,1,3,5.470000000000027,,13518,"[954, 270]",False,,True,0.0,False,medium,False,"[[1116, 168], [1314, 168], [1080, 366], [1152, 654], [1188, 726], [954, 762]]",,"[[1578, 504]]",,0.44985929498687105,0.3372740709218137
320,1,3,5.48599999999999,,13518,"[954, 270]",False,,True,0.0,False,medium,False,"[[1116, 162], [1314, 162], [1080, 360], [1152, 648], [1188, 720], [954, 756]]",,"[[1578, 498]]",,0.44985929498687105,0.3372740709218137
321,1,3,5.503000000000043,,13518,"[954, 270]",False,,True,0.0,False,medium,False,"[[1116, 156], [1314, 156], [1080, 354], [1152, 642], [1188, 714], [954, 750]]",,"[[1578, 492]]",,0.4500829638943203,0.3363043551690251
322,1,3,5.519999999999982,,13518,"[954, 270]",False,,True,0.0,False,medium,False,"[[1116, 150], [1314, 150], [1080, 348], [1152, 636], [1188, 708], [954, 744]]",,"[[1578, 486]]",,0.4500829638943203,0.3363043551690251
323,1,3,5.5359999999999445,,13518,"[954, 270]",False,,True,0.0,False,medium,False,"[[1116, 144], [1314, 144], [1080, 342], [1152, 630], [1188, 702], [954, 738]]",,"[[1578, 480]]",,0.4521785215797601,0.31542373324459794
324,1,3,5.552000000000021,,13518,"[954, 270]",False,,True,0.0,False,medium,False,"[[1116, 138], [1314, 138], [1080, 336], [1152, 624], [1188, 696], [954, 732]]",,"[[1578, 474]]",,0.4521785215797601,0.31542373324459794
325,1,3,5.567999999999984,,13518,"[954, 270]",False,,True,0.0,False,medium,False,"[[1116, 132], [1314, 132], [1080, 330], [1152, 618], [1188, 690], [954, 726]]",,"[[1578, 468]]",,0.45522211741188146,0.2975401368740529
326,1,3,5.585000000000036,,13518,"[954, 270]",False,,True,0.0,False,medium,False,"[[1116, 126], [1314, 126], [1080, 324], [1152, 612], [1188, 684], [954, 720]]",,"[[1578, 462]]",,0.45522211741188146,0.2975401368740529
327,1,3,5.602999999999952,,13518,"[954, 270]",False,Left,True,0.0,False,medium,False,"[[1116, 120], [1314, 120], [1080, 318], [1152, 606], [1188, 678], [954, 714]]",,"[[1584, 456]]",,0.45513058120044486,0.2952166098454667
328,1,3,5.619000000000028,,13518,"[954, 270]",False,Left,True,0.0,False,medium,False,"[[1122, 114], [1320, 114], [1086, 312], [1158, 600], [1194, 672], [960, 708]]",,"[[1590, 450]]",,0.45513058120044486,0.2952166098454667
329,1,3,5.635999999999967,,13518,"[954, 270]",False,Left,True,0.0,False,medium,False,"[[1128, 108], [1326, 108], [1092, 306], [1164, 594], [1200, 666], [966, 702], [966, 810]]",,"[[1596, 444]]",,0.45552013475043934,0.2944106853921288
330,1,3,5.65300000000002,,13518,"[954, 270]",False,Left,True,0.0,False,medium,False,"[[1134, 102], [1332, 102], [1098, 300], [1170, 588], [1206, 660], [972, 696], [972, 804]]",,"[[1602, 438]]",,0.45552013475043934,0.2944106853921288
331,1,3,5.668000000000006,,13518,"[954, 270]",False,Left,True,0.0,False,medium,False,"[[1140, 96], [1338, 96], [1104, 294], [1176, 582], [1212, 654], [978, 690], [978, 798]]",,"[[1608, 432]]",,0.45510972067819877,0.29857482538697055
332,1,3,5.684999999999945,,13518,"[954, 270]",False,,True,0.0,False,medium,False,"[[1146, 90], [1344, 90], [1110, 288], [1182, 576], [1218, 648], [984, 684], [984, 792]]",,"[[1608, 426]]",,0.45510972067819877,0.29857482538697055
333,1,3,5.7000000000000455,,13518,"[954, 270]",False,,True,0.0,False,medium,False,"[[1146, 84], [1344, 84], [1110, 282], [1182, 570], [1218, 642], [984, 678], [984, 786]]",,"[[1608, 420]]",,0.4566907972134831,0.30164795583559967
334,1,3,5.7169999999999845,,13518,"[954, 270]",False,,True,0.0,False,medium,False,"[[1146, 78], [1344, 78], [1110, 276], [1182, 564], [1218, 636], [984, 672], [984, 780]]",,"[[1608, 414]]",,0.4566907972134831,0.30164795583559967
335,1,3,5.734000000000037,,13518,"[954, 270]",False,,True,0.0,False,medium,False,"[[1146, 72], [1344, 72], [1110, 270], [1182, 558], [1218, 630], [984, 666], [984, 774]]",,"[[1608, 408]]",,0.4582530173511047,0.3006005199401932
336,1,3,5.75,,13518,"[954, 270]",False,,True,0.0,False,medium,False,"[[1146, 66], [1344, 66], [1110, 264], [1182, 552], [1218, 624], [984, 660], [984, 768]]",,"[[1608, 402]]",,0.4583725604502063,0.30127947260661836
337,1,3,5.766999999999939,,13518,"[954, 270]",False,,True,0.0,False,medium,False,"[[1146, 60], [1344, 60], [1110, 258], [1182, 546], [1218, 618], [984, 654], [984, 762]]",,"[[1608, 396]]",,0.458581762462261,0.3020445968662361
338,1,3,5.783999999999992,,13518,"[954, 270]",False,,True,0.0,False,medium,False,"[[1146, 54], [1344, 54], [1110, 252], [1182, 540], [1218, 612], [984, 648], [984, 756]]",,"[[1608, 390]]",,0.4587596665292598,0.303066779806877
339,1,3,5.7999999999999545,,13518,"[954, 270]",False,,True,0.0,False,medium,False,"[[1146, 48], [1344, 48], [1110, 246], [1182, 534], [1218, 606], [984, 642], [984, 750]]",,"[[1608, 384]]",,0.45913711408263386,0.3046306740982013
340,1,3,5.816000000000031,,13518,"[954, 270]",False,,True,0.0,False,medium,False,"[[1146, 42], [1344, 42], [1110, 240], [1182, 528], [1218, 600], [984, 636], [984, 744]]",,"[[1608, 378]]",,0.45913711408263386,0.3046306740982013
341,1,3,5.83299999999997,,13518,"[954, 270]",False,,True,0.0,False,medium,False,"[[1146, 36], [1344, 36], [1110, 234], [1182, 522], [1218, 594], [984, 630], [984, 738]]",,"[[1608, 372]]",,0.459203492459745,0.30606042587115634
342,1,3,5.849000000000046,,13518,"[954, 270]",False,,True,0.0,False,medium,False,"[[1146, 30], [1344, 30], [1110, 228], [1182, 516], [1218, 588], [984, 624], [984, 732]]",,"[[1608, 366]]",,0.4593209306413389,0.30619335543473836
343,1,3,5.867999999999938,,13518,"[954, 270]",False,Right,True,0.0,False,medium,False,"[[1146, 24], [1344, 24], [1110, 222], [1182, 510], [1218, 582], [984, 618], [984, 726]]",,"[[1602, 360]]",,0.45897695487177187,0.3068152389295178
344,1,3,5.883000000000038,,13518,"[954, 270]",False,Right,True,0.0,False,medium,False,"[[1140, 18], [1338, 18], [1104, 216], [1176, 504], [1212, 576], [978, 612], [978, 720]]",,"[[1596, 354]]",,0.4587282645173293,0.30728769197721206
345,1,3,5.898000000000025,,13518,"[954, 270]",False,Right,True,0.0,False,medium,False,"[[1134, 12], [1332, 12], [1098, 210], [1170, 498], [1206, 570], [972, 606], [972, 714]]",,"[[1590, 348]]",,0.4593561373627327,0.3062629980810806
346,1,3,5.914999999999964,,13518,"[954, 270]",False,Right,True,0.0,False,medium,False,"[[1128, 6], [1326, 6], [1092, 204], [1164, 492], [1200, 564], [966, 600], [966, 708]]",,"[[1584, 342]]",,0.4593879120582197,0.3077467295529537
347,1,3,5.932000000000016,,13518,"[954, 270]",False,Right,True,0.0,False,medium,False,"[[1122, 0], [1320, 0], [1086, 198], [1158, 486], [1194, 558], [960, 594], [960, 702]]",,"[[1578, 336]]",,0.4595692000315229,0.30622759755501516
348,1,3,5.948999999999955,,13518,"[954, 270]",False,Right,True,0.0,False,medium,False,"[[1080, 192], [1152, 480], [1188, 552], [954, 588], [954, 696]]",,"[[1572, 330]]",,0.4595692000315229,0.30622759755501516
349,1,3,5.965000000000032,,13518,"[954, 270]",False,Right,True,0.0,False,medium,False,"[[1074, 186], [1146, 474], [1182, 546], [948, 582], [948, 690]]",,"[[1566, 324], [660, 810]]",,0.46040572682448994,0.3057076628594877
350,1,3,5.982999999999947,,13518,"[954, 270]",False,,True,0.0,False,medium,False,"[[1068, 180], [1140, 468], [1176, 540], [942, 576], [942, 684]]",,"[[1566, 318], [660, 804]]",,0.46097640583806465,0.3051632822183309
351,1,3,5.996999999999957,,13518,"[954, 270]",False,,True,0.0,False,medium,False,"[[1068, 174], [1140, 462], [1176, 534], [942, 570], [942, 678]]",,"[[1566, 312], [660, 798]]",,0.3049303898271387,0.03943689473973444
352,1,3,6.013000000000034,,13518,"[954, 270]",False,,True,1.0,False,medium,False,"[[1068, 168], [1140, 456], [1176, 528], [942, 564], [942, 672]]",,"[[1566, 306], [660, 792]]",,0.3049303898271387,0.03943689473973444
353,1,3,6.028999999999996,,13518,"[954, 270]",False,,True,1.0,False,medium,False,"[[1068, 162], [1140, 450], [1176, 522], [942, 558], [942, 666]]",,"[[1572, 300], [666, 786]]",,0.4558531410912018,0.29047515795591294
354,1,3,6.044999999999959,,13518,"[954, 270]",False,,True,1.0,False,medium,False,"[[1074, 156], [1146, 444], [1182, 516], [948, 552], [948, 660]]",,"[[1578, 294], [672, 780]]",,0.4531428156459266,0.2813791385117399
355,1,3,6.062000000000012,,13518,"[954, 270]",False,,True,1.0,False,medium,False,"[[1080, 150], [1152, 438], [1188, 510], [954, 546], [954, 654]]",,"[[1584, 288], [678, 774]]",,0.4529360855452079,0.28040450076538803
356,1,3,6.078999999999951,,13518,"[954, 270]",False,,True,1.0,False,medium,False,"[[1086, 144], [1158, 432], [1194, 504], [960, 540], [960, 648], [906, 810]]",,"[[1590, 282], [684, 768]]",,0.45224432039161944,0.27838505289789794
357,1,3,6.096000000000004,,13518,"[954, 270]",False,Right,True,1.0,False,medium,False,"[[1092, 138], [1164, 426], [1200, 498], [966, 534], [966, 642], [912, 804]]",,"[[1590, 276], [684, 762]]",,0.4517863580921778,0.27678972139976343
358,1,3,6.111999999999966,,13518,"[954, 270]",False,Right,True,1.0,False,medium,False,"[[1092, 132], [1164, 420], [1200, 492], [966, 528], [966, 636], [912, 798]]",,"[[1590, 270], [684, 756]]",,0.45270287949018445,0.2760343219880478
359,1,3,6.129000000000019,,13518,"[954, 270]",False,Right,True,1.0,False,medium,False,"[[1092, 126], [1164, 414], [1200, 486], [966, 522], [966, 630], [912, 792]]",,"[[1590, 264], [684, 750]]",,0.4525829177500077,0.2754749576422073
360,1,3,6.144999999999982,,13518,"[954, 270]",False,Right,True,1.0,False,medium,False,"[[1092, 120], [1164, 408], [1200, 480], [966, 516], [966, 624], [912, 786]]",,"[[1590, 258], [684, 744]]",,0.4537743812656297,0.2765493106666731
361,1,3,6.162000000000035,,13518,"[954, 270]",False,Right,True,1.0,False,medium,False,"[[1092, 114], [1164, 402], [1200, 474], [966, 510], [966, 618], [912, 780]]",,"[[1590, 252], [684, 738]]",,0.4538426345042694,0.278392043472098
362,1,3,6.178999999999974,,13518,"[954, 270]",False,,True,1.0,False,medium,False,"[[1092, 108], [1164, 396], [1200, 468], [966, 504], [966, 612], [912, 774]]",,"[[1596, 246], [690, 732]]",,0.45361085679943286,0.2800442264253947
363,1,3,6.194999999999936,,13518,"[954, 270]",False,,True,1.0,False,medium,False,"[[1098, 102], [1170, 390], [1206, 462], [972, 498], [972, 606], [918, 768]]",,"[[1602, 240], [696, 726]]",,0.45284423300296,0.28119343121125295
364,1,3,6.211999999999989,,13518,"[954, 270]",False,,True,1.0,False,medium,False,"[[1104, 96], [1176, 384], [1212, 456], [978, 492], [978, 600], [924, 762]]",,"[[1608, 234], [702, 720]]",,0.452381789403628,0.28322861552234535
365,1,3,6.229000000000042,,13518,"[954, 270]",False,,True,1.0,False,medium,False,"[[1110, 90], [1182, 378], [1218, 450], [984, 486], [984, 594], [930, 756]]",,"[[1614, 228], [708, 714]]",,0.45180573444339156,0.28426104601537505
366,1,3,6.2450000000000045,,13518,"[954, 270]",False,,True,1.0,False,medium,False,"[[1116, 84], [1188, 372], [1224, 444], [990, 480], [990, 588], [936, 750]]",,"[[1620, 222], [714, 708]]",,0.4513926676945655,0.2868367484599056
367,1,3,6.261999999999944,,13518,"[954, 270]",False,,True,1.0,False,medium,False,"[[1122, 78], [1194, 366], [1230, 438], [996, 474], [996, 582], [942, 744]]",,"[[1626, 216], [720, 702]]",,0.45175301615481417,0.2880200767406922
368,1,3,6.27800000000002,,13518,"[954, 270]",False,,True,1.0,False,medium,False,"[[1128, 72], [1200, 360], [1236, 432], [1002, 468], [1002, 576], [948, 738]]",,"[[1632, 210], [726, 696]]",,0.45181453164894103,0.29063380694340846
369,1,3,6.294999999999959,,13518,"[954, 270]",False,,True,1.0,False,medium,False,"[[1134, 66], [1206, 354], [1242, 426], [1008, 462], [1008, 570], [954, 732]]",,"[[1638, 204], [732, 690]]",,0.45181453164894103,0.29063380694340846
370,1,3,6.312000000000012,,13518,"[954, 270]",False,,True,1.0,False,medium,False,"[[1140, 60], [1212, 348], [1248, 420], [1014, 456], [1014, 564], [960, 726]]",,"[[1644, 198], [738, 684]]",,0.4509675616925174,0.2939534369637038
371,1,3,6.330000000000041,,13518,"[954, 270]",False,Right,True,1.0,False,medium,False,"[[1146, 54], [1218, 342], [1254, 414], [1020, 450], [1020, 558], [966, 720]]",,"[[1644, 192], [738, 678]]",,0.45104144341374264,0.294477455879654
372,1,3,6.346000000000004,,13518,"[954, 270]",False,Right,True,1.0,False,medium,False,"[[1146, 48], [1218, 336], [1254, 408], [1020, 444], [1020, 552], [966, 714]]",,"[[1644, 186], [738, 672]]",,0.4493644791481996,0.2978092623398495
373,1,3,6.362999999999943,,13518,"[954, 270]",False,Right,True,1.0,False,medium,False,"[[1146, 42], [1218, 330], [1254, 402], [1020, 438], [1020, 546], [966, 708]]",,"[[1644, 180], [738, 666]]",,0.44939716551646924,0.29908105807496255
374,1,3,6.3799999999999955,,13518,"[954, 270]",False,Right,True,1.0,False,medium,False,"[[1146, 36], [1218, 324], [1254, 396], [1020, 432], [1020, 540], [966, 702]]",,"[[1644, 174], [738, 660]]",,0.44951267192125777,0.2991153176975798
375,1,3,6.397000000000048,,13518,"[954, 270]",False,Right,True,1.0,False,medium,False,"[[1146, 30], [1218, 318], [1254, 390], [1020, 426], [1020, 534], [966, 696]]",,"[[1644, 168], [738, 654]]",,0.4498335509946501,0.29945130944165255
376,1,3,6.413999999999987,,13518,"[954, 270]",False,Right,True,1.0,False,medium,False,"[[1146, 24], [1218, 312], [1254, 384], [1020, 420], [1020, 528], [966, 690]]",,"[[1644, 162], [738, 648]]",,0.4509128006717365,0.3018189783693547
377,1,3,6.43100000000004,,13518,"[954, 270]",False,Right,True,1.0,False,medium,False,"[[1146, 18], [1218, 306], [1254, 378], [1020, 414], [1020, 522], [966, 684]]",,"[[1644, 156], [738, 642]]",,0.4516380523521854,0.30414162467134975
378,1,3,6.447999999999979,,13518,"[954, 270]",False,Right,True,1.0,False,medium,False,"[[1146, 12], [1218, 300], [1254, 372], [1020, 408], [1020, 516], [966, 678]]",,"[[1644, 150], [738, 636]]",,0.45208539605388837,0.3047955184765764
379,1,3,6.465000000000032,,13518,"[954, 270]",False,,True,1.0,False,medium,False,"[[1146, 6], [1218, 294], [1254, 366], [1020, 402], [1020, 510], [966, 672]]",,"[[1650, 144], [744, 630]]",,0.45206040865983976,0.30479340016106804
380,1,3,6.481999999999971,,13518,"[954, 270]",False,,True,1.0,False,medium,False,"[[1152, 0], [1224, 288], [1260, 360], [1026, 396], [1026, 504], [972, 666]]",,"[[1656, 138], [750, 624]]",,0.45185487146832576,0.30765896727250275
381,1,3,6.496999999999957,,13518,"[954, 270]",False,,True,1.0,False,medium,False,"[[1230, 282], [1266, 354], [1032, 390], [1032, 498], [978, 660]]",,"[[1662, 132], [756, 618]]",,0.4519049622161261,0.307244548523088
382,1,3,6.514999999999986,,13518,"[954, 270]",False,,True,1.0,False,medium,False,"[[1236, 276], [1272, 348], [1038, 384], [1038, 492], [984, 654]]",,"[[1668, 126], [762, 612]]",,0.45109169268850613,0.3073471134017245
383,1,3,6.530999999999949,,13518,"[954, 270]",False,,True,1.0,False,medium,False,"[[1242, 270], [1278, 342], [1044, 378], [1044, 486], [990, 648]]",,"[[1674, 120], [768, 606]]",,0.4513823514561814,0.3070641910959869
384,1,3,6.548000000000002,,13518,"[954, 270]",False,,True,1.0,False,medium,False,"[[1248, 264], [1284, 336], [1050, 372], [1050, 480], [996, 642]]",,"[[1680, 114], [774, 600]]",,0.4511146098370947,0.30608196022464873
385,1,3,6.5639999999999645,,13518,"[954, 270]",False,,True,1.0,False,medium,False,"[[1254, 258], [1290, 330], [1056, 366], [1056, 474], [1002, 636]]",,"[[1686, 108], [780, 594]]",,0.4511146098370947,0.30608196022464873
386,1,3,6.581999999999994,,13518,"[954, 270]",False,,True,1.0,False,medium,False,"[[1260, 252], [1296, 324], [1062, 360], [1062, 468], [1008, 630]]",,"[[1692, 102], [786, 588]]",,0.45168030251063945,0.30692909084373654
387,1,3,6.597999999999956,,13518,"[954, 270]",False,,True,1.0,False,medium,False,"[[1266, 246], [1302, 318], [1068, 354], [1068, 462], [1014, 624]]",,"[[1698, 96], [792, 582]]",,0.45191387192721394,0.3083140010044365
388,1,3,6.615000000000009,,13518,"[954, 270]",False,,True,1.0,False,medium,False,"[[1272, 240], [1308, 312], [1074, 348], [1074, 456], [1020, 618]]",,"[[1704, 90], [798, 576]]",,0.45312342658399885,0.3098152660799285
389,1,3,6.631999999999948,,13518,"[954, 270]",False,,True,1.0,False,medium,False,"[[1278, 234], [1314, 306], [1080, 342], [1080, 450], [1026, 612]]",,"[[1710, 84], [804, 570]]",,0.4534434171356816,0.3106246830891911
390,1,3,6.648000000000025,,13518,"[954, 270]",False,,True,1.0,False,medium,False,"[[1284, 228], [1320, 300], [1086, 336], [1086, 444], [1032, 606]]",,"[[1716, 78], [810, 564]]",,0.4536682530962536,0.313840548860584
391,1,3,6.663999999999987,,13518,"[954, 270]",False,,True,1.0,False,medium,False,"[[1290, 222], [1326, 294], [1092, 330], [1092, 438], [1038, 600]]",,"[[1722, 72], [816, 558]]",,0.4539294338211812,0.3140760983415479
392,1,3,6.68100000000004,,13518,"[954, 270]",False,,True,1.0,False,medium,False,"[[1296, 216], [1332, 288], [1098, 324], [1098, 432], [1044, 594]]",,"[[1728, 66], [822, 552]]",,0.4509263821389517,0.2928838213086856
393,1,3,6.697000000000003,,13518,"[954, 270]",False,Right,True,1.0,False,medium,False,"[[1302, 210], [1338, 282], [1104, 318], [1104, 426], [1050, 588]]",,"[[1728, 60], [822, 546]]",,0.45082652049342464,0.2889238828982199
394,1,3,6.712999999999965,,13518,"[954, 270]",False,Right,True,1.0,False,medium,False,"[[1302, 204], [1338, 276], [1104, 312], [1104, 420], [1050, 582]]",,"[[1728, 54], [822, 540]]",,0.45004537381272813,0.29028969929098924
395,1,3,6.730000000000018,,13518,"[954, 270]",False,Right,True,1.0,False,medium,False,"[[1302, 198], [1338, 270], [1104, 306], [1104, 414], [1050, 576]]",,"[[1728, 48], [822, 534]]",,0.45004537381272813,0.29028969929098924
396,1,3,6.746999999999957,,13518,"[954, 270]",False,Right,True,1.0,False,medium,False,"[[1302, 192], [1338, 264], [1104, 300], [1104, 408], [1050, 570]]",,"[[1728, 42], [822, 528]]",,0.4499189173643461,0.2934470146555742
397,1,3,6.76400000000001,,13518,"[954, 270]",False,Right,True,1.0,False,medium,False,"[[1302, 186], [1338, 258], [1104, 294], [1104, 402], [1050, 564]]",,"[[1728, 36], [822, 522]]",,0.4499189173643461,0.2934470146555742
398,1,3,6.779999999999973,,13518,"[954, 270]",False,Right,True,1.0,False,medium,False,"[[1302, 180], [1338, 252], [1104, 288], [1104, 396], [1050, 558]]",,"[[1728, 30], [822, 516]]",,0.31600408624053605,0.002169510732155988
399,1,3,6.796000000000049,,13518,"[954, 270]",False,Right,True,1.0,False,medium,False,"[[1302, 174], [1338, 246], [1104, 282], [1104, 390], [1050, 552]]",,"[[1728, 24], [822, 510]]",,0.31600408624053605,0.002169510732155988
400,1,3,6.812999999999988,,13518,"[954, 270]",False,Right,True,1.0,False,medium,False,"[[1302, 168], [1338, 240], [1104, 276], [1104, 384], [1050, 546]]",,"[[1728, 18], [822, 504]]",,0.44997236042702937,0.298775413055857
401,1,3,6.830000000000041,,13518,"[954, 270]",False,Right,True,1.0,False,medium,False,"[[1302, 162], [1338, 234], [1104, 270], [1104, 378], [1050, 540]]",,"[[1728, 12], [822, 498]]",,0.44997236042702937,0.298775413055857
402,1,3,6.84699999999998,,13518,"[954, 270]",False,Right,True,1.0,False,medium,False,"[[1302, 156], [1338, 228], [1104, 264], [1104, 372], [1050, 534]]",,"[[1728, 6], [822, 492]]",,0.4498144978029163,0.3020591157652005
403,1,3,6.864000000000033,,13518,"[954, 270]",False,Right,True,0.0,False,medium,False,"[[1302, 150], [1338, 222], [1104, 258], [1104, 366], [1050, 528]]",,"[[1728, 0], [822, 486], [1728, 810]]",,0.4498144978029163,0.3020591157652005
404,1,3,6.880999999999972,,13518,"[954, 270]",False,Right,True,0.0,False,medium,False,"[[1302, 144], [1338, 216], [1104, 252], [1104, 360], [1050, 522]]",,"[[816, 480], [1722, 804]]",,0.4503643754881729,0.30377495239440855
405,1,3,6.898000000000025,,13518,"[954, 270]",False,Right,True,0.0,False,medium,False,"[[1296, 138], [1332, 210], [1098, 246], [1098, 354], [1044, 516]]",,"[[810, 474], [1716, 798]]",,0.3532665897740467,0.02014554296717641
406,1,3,6.913999999999987,,13518,"[954, 270]",False,Right,True,0.0,False,medium,False,"[[1290, 132], [1326, 204], [1092, 240], [1092, 348], [1038, 510]]",,"[[804, 468], [1710, 792]]",,0.45108016619457436,0.3037796908659183
407,1,3,6.93100000000004,,13518,"[954, 270]",False,Right,True,0.0,False,medium,False,"[[1284, 126], [1320, 198], [1086, 234], [1086, 342], [1032, 504]]",,"[[798, 462], [1704, 786]]",,0.45108016619457436,0.3037796908659183
408,1,3,6.947999999999979,,13518,"[954, 270]",False,Right,True,0.0,False,medium,False,"[[1278, 120], [1314, 192], [1080, 228], [1080, 336], [1026, 498]]",,"[[792, 456], [1698, 780]]",,0.45177938196737405,0.30471373441841876
409,1,3,6.965000000000032,,13518,"[954, 270]",False,Right,True,0.0,False,medium,False,"[[1272, 114], [1308, 186], [1074, 222], [1074, 330], [1020, 492]]",,"[[786, 450], [1692, 774]]",,0.451740257413533,0.3048620882410651
410,1,3,6.9809999999999945,,13518,"[954, 270]",False,Right,True,0.0,False,medium,False,"[[1266, 108], [1302, 180], [1068, 216], [1068, 324], [1014, 486]]",,"[[780, 444], [1686, 768]]",,0.3111145474310839,0.008291139807808046
411,1,3,6.998000000000047,,13518,"[954, 270]",False,Right,True,0.0,False,medium,False,"[[1260, 102], [1296, 174], [1062, 210], [1062, 318], [1008, 480]]",,"[[774, 438], [1680, 762]]",,0.3111145474310839,0.008291139807808046
412,1,3,7.014999999999986,,13518,"[954, 270]",False,Right,True,0.0,False,medium,False,"[[1254, 96], [1290, 168], [1056, 204], [1056, 312], [1002, 474]]",,"[[768, 432], [1674, 756]]",,0.44985004417822944,0.31023771677824274
413,1,3,7.032000000000039,,13518,"[954, 270]",False,Right,True,0.0,False,medium,False,"[[1248, 90], [1284, 162], [1050, 198], [1050, 306], [996, 468]]",,"[[762, 426], [1668, 750]]",,0.44985004417822944,0.31023771677824274
414,1,3,7.048000000000002,,13518,"[954, 270]",False,Right,True,0.0,False,medium,False,"[[1242, 84], [1278, 156], [1044, 192], [1044, 300], [990, 462]]",,"[[756, 420], [1662, 744]]",,0.4489439750077067,0.31262100813081584
415,1,3,7.0639999999999645,,13518,"[954, 270]",False,Right,True,0.0,False,medium,False,"[[1236, 78], [1272, 150], [1038, 186], [1038, 294], [984, 456]]",,"[[750, 414], [1656, 738]]",,0.4489439750077067,0.31262100813081584
416,1,3,7.081000000000017,,13518,"[954, 270]",False,Right,True,0.0,False,medium,False,"[[1230, 72], [1266, 144], [1032, 180], [1032, 288], [978, 450]]",,"[[744, 408], [1650, 732]]",,0.44898702127029944,0.31656504076679315
417,1,3,7.097999999999956,,13518,"[954, 270]",False,Right,True,0.0,False,medium,False,"[[1224, 66], [1260, 138], [1026, 174], [1026, 282], [972, 444]]",,"[[738, 402], [1644, 726]]",,0.44898702127029944,0.31656504076679315
418,1,3,7.115000000000009,,13518,"[954, 270]",False,Right,True,0.0,False,medium,False,"[[1218, 60], [1254, 132], [1020, 168], [1020, 276], [966, 438]]",,"[[732, 396], [1638, 720]]",,0.4497478049557146,0.3205757163651982
419,1,3,7.130999999999972,,13518,"[954, 270]",False,Right,True,0.0,False,medium,False,"[[1212, 54], [1248, 126], [1014, 162], [1014, 270], [960, 432], [870, 810]]",,"[[726, 390], [1632, 714]]",,0.4497478049557146,0.3205757163651982
420,1,3,7.147000000000048,,13518,"[954, 270]",False,Right,True,0.0,False,medium,False,"[[1206, 48], [1242, 120], [1008, 156], [1008, 264], [954, 426], [864, 804]]",,"[[720, 384], [1626, 708]]",,0.44877090490752725,0.32216670455517427
421,1,3,7.163000000000011,,13518,"[954, 270]",False,Right,True,0.0,False,medium,False,"[[1200, 42], [1236, 114], [1002, 150], [1002, 258], [948, 420], [858, 798]]",,"[[714, 378], [1620, 702]]",,0.44877090490752725,0.32216670455517427
422,1,3,7.17999999999995,,13518,"[954, 270]",False,Right,True,0.0,False,medium,False,"[[1194, 36], [1230, 108], [996, 144], [996, 252], [942, 414], [852, 792]]",,"[[708, 372], [1614, 696]]",,0.4483978182503165,0.3233733379958389
423,1,3,7.197000000000003,,13518,"[954, 270]",False,Right,True,0.0,False,medium,False,"[[1188, 30], [1224, 102], [990, 138], [990, 246], [936, 408], [846, 786]]",,"[[702, 366], [1608, 690]]",,0.4483978182503165,0.3233733379958389
424,1,3,7.215000000000032,,13518,"[954, 270]",False,,True,0.0,False,medium,False,"[[1182, 24], [1218, 96], [984, 132], [984, 240], [930, 402], [840, 780]]",,"[[702, 360], [1608, 684]]",,0.44804147445443004,0.3253064264457761
425,1,3,7.230000000000018,,13518,"[954, 270]",False,,True,0.0,False,medium,False,"[[1182, 18], [1218, 90], [984, 126], [984, 234], [930, 396], [840, 774]]",,"[[702, 354], [1608, 678]]",,0.44804147445443004,0.3253064264457761
426,1,3,7.245999999999981,,13518,"[954, 270]",False,,True,0.0,False,medium,False,"[[1182, 12], [1218, 84], [984, 120], [984, 228], [930, 390], [840, 768]]",,"[[702, 348], [1608, 672]]",,0.44861847729689003,0.32769698739346353
427,1,3,7.261999999999944,,13518,"[954, 270]",False,,True,0.0,False,medium,False,"[[1182, 6], [1218, 78], [984, 114], [984, 222], [930, 384], [840, 762]]",,"[[702, 342], [1608, 666]]",,0.44861847729689003,0.32769698739346353
428,1,3,7.27800000000002,,13518,"[954, 270]",False,,True,0.0,False,medium,False,"[[1182, 0], [1218, 72], [984, 108], [984, 216], [930, 378], [840, 756]]",,"[[702, 336], [1608, 660]]",,0.4495763850257973,0.32798666994408343
429,1,3,7.294999999999959,,13518,"[954, 270]",False,,True,0.0,False,medium,False,"[[1218, 66], [984, 102], [984, 210], [930, 372], [840, 750]]",,"[[702, 330], [1608, 654]]",,0.4495763850257973,0.32798666994408343
430,1,3,7.312000000000012,,13518,"[954, 270]",False,,True,0.0,False,medium,False,"[[1218, 60], [984, 96], [984, 204], [930, 366], [840, 744]]",,"[[702, 324], [1608, 648]]",,0.4503851684426049,0.32978505419833326
431,1,3,7.328999999999951,,13518,"[954, 270]",False,,True,0.0,False,medium,False,"[[1218, 54], [984, 90], [984, 198], [930, 360], [840, 738]]",,"[[702, 318], [1608, 642]]",,0.4503851684426049,0.32978505419833326
432,1,3,7.345000000000027,,13518,"[954, 270]",False,,True,0.0,False,medium,False,"[[1218, 48], [984, 84], [984, 192], [930, 354], [840, 732]]",,"[[702, 312], [1608, 636]]",,0.4510294686319819,0.32906276831450487
433,1,3,7.36099999999999,,13518,"[954, 270]",False,,True,-1.0,False,medium,False,"[[1218, 42], [984, 78], [984, 186], [930, 348], [840, 726]]",,"[[702, 306], [1608, 630]]",,0.4510294686319819,0.32906276831450487
434,1,3,7.378000000000043,,13518,"[954, 270]",False,Right,True,-1.0,False,medium,False,"[[1218, 36], [984, 72], [984, 180], [930, 342], [840, 720]]",,"[[690, 300], [1596, 624]]",,0.4520928359633329,0.32975631809656436
435,1,3,7.394999999999982,,13518,"[954, 270]",False,Right,True,-1.0,False,medium,False,"[[1206, 30], [972, 66], [972, 174], [918, 336], [828, 714]]",,"[[678, 294], [1584, 618]]",,0.4520928359633329,0.32975631809656436
436,1,3,7.412000000000035,,13518,"[954, 270]",False,Right,True,-1.0,False,medium,False,"[[1194, 24], [960, 60], [960, 168], [906, 330], [816, 708]]",,"[[666, 288], [1572, 612]]",,0.45351112750211353,0.3346197064491787
437,1,3,7.427999999999997,,13518,"[954, 270]",False,Right,True,-1.0,False,medium,False,"[[1182, 18], [948, 54], [948, 162], [894, 324], [804, 702]]",,"[[654, 282], [1560, 606]]",,0.45351112750211353,0.3346197064491787
438,1,3,7.44399999999996,,13518,"[954, 270]",False,Right,True,-1.0,False,medium,False,"[[1170, 12], [936, 48], [936, 156], [882, 318], [792, 696]]",,"[[642, 276], [1548, 600]]",,0.45317916853773443,0.33639474518467316
439,1,3,7.461000000000013,,13518,"[954, 270]",False,Right,True,-1.0,False,medium,False,"[[1158, 6], [924, 42], [924, 150], [870, 312], [780, 690]]",,"[[630, 270], [1536, 594]]",,0.45317916853773443,0.33639474518467316
440,1,3,7.476999999999975,,13518,"[954, 270]",False,Right,True,-1.0,False,medium,False,"[[1146, 0], [912, 36], [912, 144], [858, 306], [768, 684], [750, 810]]",,"[[618, 264], [1524, 588]]",,0.4517670929839722,0.340322271129896
441,1,3,7.492999999999938,,13518,"[954, 270]",False,Right,True,-1.0,False,medium,False,"[[900, 30], [900, 138], [846, 300], [756, 678], [738, 804]]",,"[[606, 258], [1512, 582]]",,0.45165213233028767,0.34217026841566855
442,1,3,7.5090000000000146,,13518,"[954, 270]",False,Right,True,-1.0,False,medium,False,"[[888, 24], [888, 132], [834, 294], [744, 672], [726, 798]]",,"[[594, 252], [1500, 576]]",,0.4509161979955708,0.34323893330674315
443,1,3,7.525999999999954,,13518,"[954, 270]",False,Right,True,-1.0,False,medium,False,"[[876, 18], [876, 126], [822, 288], [732, 666], [714, 792]]",,"[[582, 246], [1488, 570]]",,0.4509161979955708,0.34323893330674315
444,1,3,7.543000000000006,,13518,"[954, 270]",False,Right,True,-1.0,False,medium,False,"[[864, 12], [864, 120], [810, 282], [720, 660], [702, 786]]",,"[[570, 240], [1476, 564]]",,0.30091589631391397,0.03602881311201678
445,1,3,7.558999999999969,,13518,"[954, 270]",False,Right,True,-1.0,False,medium,False,"[[852, 6], [852, 114], [798, 276], [708, 654], [690, 780]]",,"[[558, 234], [1464, 558]]",,0.47104526299710897,0.3499331132836305
446,1,3,7.5750000000000455,,13518,"[954, 270]",False,Right,True,-1.0,False,medium,False,"[[840, 0], [840, 108], [786, 270], [696, 648], [678, 774]]",,"[[546, 228], [1452, 552]]",,0.44805272017576697,0.3339225375309316
447,1,3,7.591000000000008,,13518,"[954, 270]",False,Right,True,-1.0,False,medium,False,"[[828, 102], [774, 264], [684, 642], [666, 768]]",,"[[534, 222], [1440, 546]]",,0.44805272017576697,0.3339225375309316
448,1,3,7.606999999999971,,13518,"[954, 270]",False,Right,True,-1.0,False,medium,False,"[[816, 96], [762, 258], [672, 636], [654, 762]]",,"[[522, 216], [1428, 540]]",,0.44774714447753344,0.33399549445723864
449,1,3,7.624000000000024,,13518,"[954, 270]",False,Right,True,-1.0,False,medium,False,"[[804, 90], [750, 252], [660, 630], [642, 756]]",,"[[510, 210], [1416, 534]]",,0.44755993069204897,0.33365354382680745
450,1,3,7.640999999999963,,13518,"[954, 270]",False,Right,True,-1.0,False,medium,False,"[[792, 84], [738, 246], [648, 624], [630, 750]]",,"[[498, 204], [1404, 528]]",,0.4470707949872638,0.3342329301195025
451,1,3,7.6580000000000155,,13518,"[954, 270]",False,Right,True,-1.0,False,medium,False,"[[780, 78], [726, 240], [636, 618], [618, 744]]",,"[[486, 198], [1392, 522]]",,0.4469397905946216,0.33433959866114016
452,1,3,7.6749999999999545,,13518,"[954, 270]",False,Right,True,-1.0,False,medium,False,"[[768, 72], [714, 234], [624, 612], [606, 738]]",,"[[474, 192], [1380, 516]]",,0.4477857743760366,0.3348299764479651
453,1,3,7.691000000000031,,13518,"[954, 270]",False,Right,True,-1.0,False,medium,False,"[[756, 66], [702, 228], [612, 606], [594, 732]]",,"[[462, 186], [1368, 510]]",,0.44806686283132136,0.3353046886131049
454,1,3,7.70799999999997,,13518,"[954, 270]",False,Right,True,-1.0,False,medium,False,"[[744, 60], [690, 222], [600, 600], [582, 726]]",,"[[450, 180], [1356, 504]]",,0.4482510751468216,0.33411357066571956
455,1,3,7.725000000000023,,13518,"[954, 270]",False,Right,True,-1.0,False,medium,False,"[[732, 54], [678, 216], [588, 594], [570, 720]]",,"[[438, 174], [1344, 498]]",,0.4482510751468216,0.33411357066571956
456,1,3,7.741999999999962,,13518,"[954, 270]",False,Right,True,-1.0,False,medium,False,"[[720, 48], [666, 210], [576, 588], [558, 714]]",,"[[426, 168], [1332, 492]]",,0.4481524700089861,0.3341897211002801
457,1,3,7.7590000000000146,,13518,"[954, 270]",False,,True,-1.0,False,medium,False,"[[708, 42], [654, 204], [564, 582], [546, 708]]",,"[[420, 162], [1326, 486]]",,0.44794887277088524,0.333874136173125
458,1,3,7.775999999999954,,13518,"[954, 270]",False,,True,-1.0,False,medium,False,"[[702, 36], [648, 198], [558, 576], [540, 702]]",,"[[414, 156], [1320, 480]]",,0.44728968584879114,0.3324580049439849
459,1,3,7.793000000000006,,13518,"[954, 270]",False,,True,-1.0,False,medium,False,"[[696, 30], [642, 192], [552, 570], [534, 696]]",,"[[408, 150], [1314, 474]]",,0.44728968584879114,0.3324580049439849
460,1,3,7.808999999999969,,13518,"[954, 270]",False,,True,-1.0,False,medium,False,"[[690, 24], [636, 186], [546, 564], [528, 690]]",,"[[402, 144], [1308, 468]]",,0.44713735219272843,0.3327500757131219
461,1,3,7.826000000000022,,13518,"[954, 270]",False,,True,-1.0,False,medium,False,"[[684, 18], [630, 180], [540, 558], [522, 684]]",,"[[396, 138], [1302, 462]]",,0.447369301859728,0.33205343451843483
462,1,3,7.8419999999999845,,13518,"[954, 270]",False,,True,-1.0,False,medium,False,"[[678, 12], [624, 174], [534, 552], [516, 678]]",,"[[390, 132], [1296, 456]]",,0.4479477695712438,0.33131362782083695
463,1,3,7.857999999999947,,13518,"[954, 270]",False,,True,-1.0,False,medium,False,"[[672, 6], [618, 168], [528, 546], [510, 672]]",,"[[384, 126], [1290, 450]]",,0.4479477695712438,0.33131362782083695
464,1,3,7.875,,13518,"[954, 270]",False,,True,-1.0,False,medium,False,"[[666, 0], [612, 162], [522, 540], [504, 666]]",,"[[378, 120], [1284, 444]]",,0.4486566518609011,0.33461580424220405
465,1,3,7.891999999999939,,13518,"[954, 270]",False,,True,-1.0,False,medium,False,"[[606, 156], [516, 534], [498, 660]]",,"[[372, 114], [1278, 438]]",,0.4486566518609011,0.33461580424220405
466,1,3,7.909999999999968,,13518,"[954, 270]",False,Left,True,-1.0,False,medium,False,"[[600, 150], [510, 528], [492, 654]]",,"[[372, 108], [1278, 432]]",,0.446752538756303,0.3373783876623965
467,1,3,7.926000000000045,,13518,"[954, 270]",False,Left,True,-1.0,False,medium,False,"[[600, 144], [510, 522], [492, 648], [816, 810]]",,"[[372, 102], [1278, 426]]",,0.446752538756303,0.3373783876623965
468,1,3,7.942000000000007,,13518,"[954, 270]",False,Left,True,-1.0,False,medium,False,"[[600, 138], [510, 516], [492, 642], [816, 804]]",,"[[372, 96], [1278, 420]]",,0.31857009880751985,0.013625888969240774
469,1,3,7.958999999999946,,13518,"[954, 270]",False,Left,True,-1.0,False,medium,False,"[[600, 132], [510, 510], [492, 636], [816, 798]]",,"[[372, 90], [1278, 414]]",,0.31857009880751985,0.013625888969240774
470,1,3,7.975999999999999,,13518,"[954, 270]",False,Left,True,-1.0,False,medium,False,"[[600, 126], [510, 504], [492, 630], [816, 792]]",,"[[372, 84], [1278, 408]]",,0.5216202837234061,0.37743312569765
471,1,3,7.991999999999962,,13518,"[954, 270]",False,Left,True,-1.0,False,medium,False,"[[600, 120], [510, 498], [492, 624], [816, 786]]",,"[[372, 78], [1278, 402]]",,0.5216202837234061,0.37743312569765
472,1,3,8.009000000000015,,13518,"[954, 270]",False,Left,True,-1.0,False,medium,False,"[[600, 114], [510, 492], [492, 618], [816, 780]]",,"[[372, 72], [1278, 396]]",,0.49061335754290153,0.19671265171956442
473,1,3,8.025999999999954,,13518,"[954, 270]",False,Left,True,-1.0,False,medium,False,"[[600, 108], [510, 486], [492, 612], [816, 774]]",,"[[372, 66], [1278, 390]]",,0.49061335754290153,0.19671265171956442
474,1,3,8.047000000000025,,13518,"[954, 270]",False,Left,True,-1.0,False,medium,False,"[[600, 102], [510, 480], [492, 606], [816, 768]]",,"[[372, 60], [1278, 384]]",,0.4218628306701794,0.2882468722465086
475,1,3,8.063999999999965,,13518,"[954, 270]",False,Left,True,-1.0,False,medium,False,"[[600, 96], [510, 474], [492, 600], [816, 762]]",,"[[372, 54], [1278, 378]]",,0.4218628306701794,0.2882468722465086
476,1,3,8.081000000000017,,13518,"[954, 270]",False,Left,True,-1.0,False,medium,False,"[[600, 90], [510, 468], [492, 594], [816, 756]]",,"[[372, 48], [1278, 372]]",,0.2553185921035076,0.008275890069657232
477,1,3,8.09699999999998,,13518,"[954, 270]",False,Left,True,-1.0,False,medium,False,"[[600, 84], [510, 462], [492, 588], [816, 750]]",,"[[372, 42], [1278, 366]]",,0.2553185921035076,0.008275890069657232
478,1,3,8.115000000000009,,13518,"[954, 270]",False,Left,True,-1.0,False,medium,False,"[[600, 78], [510, 456], [492, 582], [816, 744]]",,"[[372, 36], [1278, 360]]",,0.3992000624923807,0.2528534474861144
479,1,3,8.130999999999972,,13518,"[954, 270]",False,Left,True,-1.0,False,medium,False,"[[600, 72], [510, 450], [492, 576], [816, 738]]",,"[[372, 30], [1278, 354]]",,0.3992000624923807,0.2528534474861144
480,1,3,8.148000000000025,,13518,"[954, 270]",False,Left,True,-1.0,False,medium,False,"[[600, 66], [510, 444], [492, 570], [816, 732]]",,"[[372, 24], [1278, 348]]",,0.4317672590506486,0.3707378611425709
481,1,3,8.164999999999964,,13518,"[954, 270]",False,Left,True,-1.0,False,medium,False,"[[600, 60], [510, 438], [492, 564], [816, 726]]",,"[[372, 18], [1278, 342]]",,0.4317672590506486,0.3707378611425709
482,1,3,8.182000000000016,,13518,"[954, 270]",False,Left,True,-1.0,False,medium,False,"[[600, 54], [510, 432], [492, 558], [816, 720]]",,"[[372, 12], [1278, 336]]",,0.3164258761848576,0.027727322220100215
483,1,3,8.198999999999955,,13518,"[954, 270]",False,Left,True,-1.0,False,medium,False,"[[600, 48], [510, 426], [492, 552], [816, 714]]",,"[[372, 6], [1278, 330]]",,0.3164258761848576,0.027727322220100215
484,1,3,8.216000000000008,,13518,"[954, 270]",False,Left,True,0.0,False,medium,False,"[[600, 42], [510, 420], [492, 546], [816, 708]]",,"[[372, 0], [1278, 324]]",,0.4284228810080556,0.3650532800233872
485,1,3,8.232999999999947,,13518,"[954, 270]",False,Left,True,0.0,False,medium,False,"[[600, 36], [510, 414], [492, 540], [816, 702]]",,"[[1284, 318]]",,0.4284228810080556,0.3650532800233872
486,1,3,8.25,,13518,"[954, 270]",False,Left,True,0.0,False,medium,False,"[[606, 30], [516, 408], [498, 534], [822, 696]]",,"[[1290, 312]]",,0.4271721588047944,0.36730469911807984
487,1,3,8.266999999999939,,13518,"[954, 270]",False,Left,True,1.0,False,medium,False,"[[612, 24], [522, 402], [504, 528], [828, 690]]",,"[[1296, 306]]",,0.4271721588047944,0.36730469911807984
488,1,3,8.284999999999968,,13518,"[954, 270]",False,,True,1.0,False,medium,False,"[[618, 18], [528, 396], [510, 522], [834, 684]]",,"[[1302, 300]]",,0.4280713554213146,0.3705564783941935
489,1,3,8.301000000000045,,13518,"[954, 270]",False,,True,1.0,False,medium,False,"[[624, 12], [534, 390], [516, 516], [840, 678]]",,"[[1308, 294]]",,0.4280713554213146,0.3705564783941935
490,1,3,8.317999999999984,,13518,"[954, 270]",False,Left,True,1.0,False,medium,False,"[[630, 6], [540, 384], [522, 510], [846, 672]]",,"[[1320, 288]]",,0.3097986318632997,0.007398071492351388
491,1,3,8.335000000000036,,13518,"[954, 270]",False,Left,True,1.0,False,medium,False,"[[642, 0], [552, 378], [534, 504], [858, 666]]",,"[[1332, 282]]",,0.3097986318632997,0.007398071492351388
492,1,3,8.350999999999999,,13518,"[954, 270]",False,Left,True,1.0,False,medium,False,"[[564, 372], [546, 498], [870, 660]]",,"[[1344, 276]]",,0.4286321850592124,0.3744335601425648
493,1,3,8.366999999999962,,13518,"[954, 270]",False,Left,True,1.0,False,medium,False,"[[576, 366], [558, 492], [882, 654]]",,"[[1356, 270]]",,0.4286321850592124,0.3744335601425648
494,1,3,8.383000000000038,,13518,"[954, 270]",False,Left,True,1.0,False,medium,False,"[[588, 360], [570, 486], [894, 648]]",,"[[1368, 264]]",,0.42770487822370074,0.375387108248486
495,1,3,8.399999999999977,,13518,"[954, 270]",False,Left,True,1.0,False,medium,False,"[[600, 354], [582, 480], [906, 642]]",,"[[1380, 258]]",,0.42770487822370074,0.375387108248486
496,1,3,8.41700000000003,,13518,"[954, 270]",False,Left,True,1.0,False,medium,False,"[[612, 348], [594, 474], [918, 636]]",,"[[1392, 252]]",,0.4274591456805415,0.3782959345500547
497,1,3,8.436000000000035,,13518,"[954, 270]",False,,True,1.0,False,medium,False,"[[624, 342], [606, 468], [930, 630]]",,"[[1398, 246]]",,0.4274591456805415,0.3782959345500547
498,1,3,8.451999999999998,,13518,"[954, 270]",False,,True,1.0,False,medium,False,"[[630, 336], [612, 462], [936, 624]]",,"[[1404, 240]]",,0.42767082272859797,0.3787776204083072
499,1,3,8.467999999999961,,13518,"[954, 270]",False,,True,1.0,False,medium,False,"[[636, 330], [618, 456], [942, 618]]",,"[[1410, 234]]",,0.42767082272859797,0.3787776204083072
500,1,3,8.485000000000014,,13518,"[954, 270]",False,,True,1.0,False,medium,False,"[[642, 324], [624, 450], [948, 612]]",,"[[1416, 228]]",,0.4270156567222614,0.3795131167146504
501,1,3,8.501999999999953,,13518,"[954, 270]",False,,True,1.0,False,medium,False,"[[648, 318], [630, 444], [954, 606]]",,"[[1422, 222]]",,0.4270156567222614,0.3795131167146504
502,1,3,8.518000000000029,,13518,"[954, 270]",False,,True,1.0,False,medium,False,"[[654, 312], [636, 438], [960, 600]]",,"[[1428, 216]]",,0.42592978546141574,0.38024632340368614
503,1,3,8.534999999999968,,13518,"[954, 270]",False,,True,1.0,False,medium,False,"[[660, 306], [642, 432], [966, 594]]",,"[[1434, 210]]",,0.42592978546141574,0.38024632340368614
504,1,3,8.552000000000021,,13518,"[954, 270]",False,,True,1.0,False,medium,False,"[[666, 300], [648, 426], [972, 588]]",,"[[1440, 204]]",,0.4268459989645195,0.38321908462921317
505,1,3,8.56899999999996,,13518,"[954, 270]",False,,True,1.0,False,medium,False,"[[672, 294], [654, 420], [978, 582]]",,"[[1446, 198]]",,0.4268459989645195,0.38321908462921317
506,1,3,8.586000000000013,,13518,"[954, 270]",False,,True,1.0,False,medium,False,"[[678, 288], [660, 414], [984, 576]]",,"[[1452, 192]]",,0.4275222157672114,0.3860953969535157
507,1,3,8.602999999999952,,13518,"[954, 270]",False,,True,1.0,False,medium,False,"[[684, 282], [666, 408], [990, 570]]",,"[[1458, 186]]",,0.4275222157672114,0.3860953969535157
508,1,3,8.619000000000028,,13518,"[954, 270]",False,,True,1.0,False,medium,False,"[[690, 276], [672, 402], [996, 564]]",,"[[1464, 180]]",,0.4153732916025749,0.3727139257566162
509,1,3,8.634999999999991,,13518,"[954, 270]",False,,True,1.0,False,medium,False,"[[696, 270], [678, 396], [1002, 558]]",,"[[1470, 174]]",,0.4153732916025749,0.3727139257566162
510,1,3,8.652000000000044,,13518,"[954, 270]",False,Left,True,1.0,False,medium,False,"[[702, 264], [684, 390], [1008, 552]]",,"[[1482, 168]]",,0.414263060610747,0.3724406480863648
511,1,3,8.668999999999983,,13518,"[954, 270]",False,Left,True,1.0,False,medium,False,"[[714, 258], [696, 384], [1020, 546]]",,"[[1494, 162]]",,0.414263060610747,0.3724406480863648
512,1,3,8.684999999999945,,13518,"[954, 270]",False,Left,True,1.0,False,medium,False,"[[726, 252], [708, 378], [1032, 540], [762, 810]]",,"[[1506, 156]]",,0.4134718385915539,0.3698314289884984
513,1,3,8.701000000000022,,13518,"[954, 270]",False,Left,True,1.0,False,medium,False,"[[738, 246], [720, 372], [1044, 534], [774, 804]]",,"[[1518, 150]]",,0.4134718385915539,0.3698314289884984
514,1,3,8.717999999999961,,13518,"[954, 270]",False,Left,True,1.0,False,medium,False,"[[750, 240], [732, 366], [1056, 528], [786, 798]]",,"[[1530, 144]]",,0.4140695478847608,0.37097714922899916
515,1,3,8.734000000000037,,13518,"[954, 270]",False,Left,True,1.0,False,medium,False,"[[762, 234], [744, 360], [1068, 522], [798, 792]]",,"[[1542, 138]]",,0.41432254566715426,0.37071792879468224
516,1,3,8.75,,13518,"[954, 270]",False,Left,True,1.0,False,medium,False,"[[774, 228], [756, 354], [1080, 516], [810, 786]]",,"[[1554, 132]]",,0.4148067348610575,0.37228114135103485
517,1,3,8.765999999999963,,13518,"[954, 270]",False,Left,True,1.0,False,medium,False,"[[786, 222], [768, 348], [1092, 510], [822, 780]]",,"[[1566, 126]]",,0.4148067348610575,0.37228114135103485
518,1,3,8.782000000000039,,13518,"[954, 270]",False,Left,True,1.0,False,medium,False,"[[798, 216], [780, 342], [1104, 504], [834, 774], [1320, 810]]",,"[[1578, 120]]",,0.41528547691438433,0.3732758984482559
519,1,3,8.798000000000002,,13518,"[954, 270]",False,Left,True,1.0,False,medium,False,"[[810, 210], [792, 336], [1116, 498], [846, 768], [1332, 804]]",,"[[1590, 114]]",,0.4156683052377117,0.37477112154909586
520,1,3,8.81499999999994,,13518,"[954, 270]",False,Left,True,1.0,False,medium,False,"[[822, 204], [804, 330], [1128, 492], [858, 762], [1344, 798]]",,"[[1602, 108]]",,0.41621905947082405,0.3750537178956348
521,1,3,8.831999999999994,,13518,"[954, 270]",False,,True,1.0,False,medium,False,"[[834, 198], [816, 324], [1140, 486], [870, 756], [1356, 792]]",,"[[1608, 102]]",,0.41621905947082405,0.3750537178956348
522,1,3,8.847999999999956,,13518,"[954, 270]",False,,True,1.0,False,medium,False,"[[840, 192], [822, 318], [1146, 480], [876, 750], [1362, 786]]",,"[[1614, 96]]",,0.41596551816121596,0.3751338566595255
523,1,3,8.864000000000033,,13518,"[954, 270]",False,,True,1.0,False,medium,False,"[[846, 186], [828, 312], [1152, 474], [882, 744], [1368, 780]]",,"[[1620, 90]]",,0.41596551816121596,0.3751338566595255
524,1,3,8.879999999999995,,13518,"[954, 270]",False,,True,1.0,False,medium,False,"[[852, 180], [834, 306], [1158, 468], [888, 738], [1374, 774]]",,"[[1626, 84]]",,0.4154626421562641,0.37560705700441654
525,1,3,8.897000000000048,,13518,"[954, 270]",False,,True,1.0,False,medium,False,"[[858, 174], [840, 300], [1164, 462], [894, 732], [1380, 768]]",,"[[1632, 78]]",,0.41486602959029834,0.3758334392389683
526,1,3,8.914999999999964,,13518,"[954, 270]",False,,True,1.0,False,medium,False,"[[864, 168], [846, 294], [1170, 456], [900, 726], [1386, 762]]",,"[[1638, 72]]",,0.4147091997785,0.37681787168620584
527,1,3,8.932000000000016,,13518,"[954, 270]",False,Right,True,1.0,False,medium,False,"[[870, 162], [852, 288], [1176, 450], [906, 720], [1392, 756]]",,"[[1638, 66]]",,0.4150579222661205,0.3768474758233312
528,1,3,8.947999999999979,,13518,"[954, 270]",False,Right,True,1.0,False,medium,False,"[[870, 156], [852, 282], [1176, 444], [906, 714], [1392, 750]]",,"[[1638, 60]]",,0.44799696516769644,0.3318334630592915
529,1,3,8.963999999999942,,13518,"[954, 270]",False,Right,True,1.0,False,medium,False,"[[870, 150], [852, 276], [1176, 438], [906, 708], [1392, 744]]",,"[[1638, 54]]",,0.44799696516769644,0.3318334630592915
530,1,3,8.980999999999995,,13518,"[954, 270]",False,Right,True,1.0,False,medium,False,"[[870, 144], [852, 270], [1176, 432], [906, 702], [1392, 738]]",,"[[1638, 48]]",,0.4166332162597837,0.3791592346252539
531,1,3,8.998000000000047,,13518,"[954, 270]",False,Right,True,1.0,False,medium,False,"[[870, 138], [852, 264], [1176, 426], [906, 696], [1392, 732]]",,"[[1638, 42]]",,0.41689041175019537,0.3794414567791843
532,1,3,9.01400000000001,,13518,"[954, 270]",False,Right,True,1.0,False,medium,False,"[[870, 132], [852, 258], [1176, 420], [906, 690], [1392, 726]]",,"[[1638, 36]]",,0.41748793945434803,0.3807506903170572
533,1,3,9.029999999999973,,13518,"[954, 270]",False,Right,True,1.0,False,medium,False,"[[870, 126], [852, 252], [1176, 414], [906, 684], [1392, 720]]",,"[[1638, 30]]",,0.41764776218148914,0.38153445081547366
534,1,3,9.047000000000025,,13518,"[954, 270]",False,Right,True,1.0,False,medium,False,"[[870, 120], [852, 246], [1176, 408], [906, 678], [1392, 714]]",,"[[1638, 24]]",,0.41774278654667396,0.3822178752519606
535,1,3,9.062999999999988,,13518,"[954, 270]",False,Right,True,1.0,False,medium,False,"[[870, 114], [852, 240], [1176, 402], [906, 672], [1392, 708]]",,"[[1638, 18]]",,0.17661247638912303,-0.156678479790489
536,1,3,9.07899999999995,,13518,"[954, 270]",False,Right,True,1.0,False,medium,False,"[[870, 108], [852, 234], [1176, 396], [906, 666], [1392, 702]]",,"[[1638, 12]]",,0.4170551329878086,0.3866844143963247
537,1,3,9.095000000000027,,13518,"[954, 270]",False,Right,True,1.0,False,medium,False,"[[870, 102], [852, 228], [1176, 390], [906, 660], [1392, 696]]",,"[[1638, 6]]",,0.41664018040962125,0.3892341690862844
538,1,3,9.11099999999999,,13518,"[954, 270]",False,Right,True,0.0,False,medium,False,"[[870, 96], [852, 222], [1176, 384], [906, 654], [1392, 690]]",,"[[1638, 0]]",,0.18005701086090645,-0.156681406723014
539,1,3,9.128000000000043,,13518,"[954, 270]",False,Right,True,0.0,False,medium,False,"[[870, 90], [852, 216], [1176, 378], [906, 648], [1392, 684]]",,[],,0.21223562207545119,-0.15909287611313427
540,1,3,9.144999999999982,,13518,"[954, 270]",False,Right,True,0.0,False,medium,False,"[[864, 84], [846, 210], [1170, 372], [900, 642], [1386, 678]]",,[],,0.4509797678375878,0.3441242152940863
541,1,3,9.160999999999945,,13518,"[954, 270]",False,Right,True,0.0,False,medium,False,"[[858, 78], [840, 204], [1164, 366], [894, 636], [1380, 672]]",,[],,0.41448361219420493,0.3941985986255433
542,1,3,9.177999999999997,,13518,"[954, 270]",False,Right,True,0.0,False,medium,False,"[[852, 72], [834, 198], [1158, 360], [888, 630], [1374, 666]]",,[],,0.1663393687501226,-0.12726151186683943
543,1,3,9.19399999999996,,13518,"[954, 270]",False,Right,True,0.0,False,medium,False,"[[846, 66], [828, 192], [1152, 354], [882, 624], [1368, 660]]",,[],,0.41541587107849,0.3977430098040645
544,1,3,9.211000000000013,,13518,"[954, 270]",False,Right,True,0.0,False,medium,False,"[[840, 60], [822, 186], [1146, 348], [876, 618], [1362, 654]]",,[],,0.4163510318449587,0.3981232590461391
545,1,3,9.227999999999952,,13518,"[954, 270]",False,Right,True,0.0,False,medium,False,"[[834, 54], [816, 180], [1140, 342], [870, 612], [1356, 648]]",,[],,0.41706852839695496,0.3968838714523888
546,1,3,9.245000000000005,,13518,"[954, 270]",False,Right,True,0.0,False,medium,False,"[[828, 48], [810, 174], [1134, 336], [864, 606], [1350, 642]]",,[],,0.41736949288380476,0.3970913594622417
547,1,3,9.261999999999944,,13518,"[954, 270]",False,Right,True,0.0,False,medium,False,"[[822, 42], [804, 168], [1128, 330], [858, 600], [1344, 636]]",,[],,0.17998081792289383,-0.16692733717638464
548,1,3,9.27800000000002,,13518,"[954, 270]",False,Right,True,0.0,False,medium,False,"[[816, 36], [798, 162], [1122, 324], [852, 594], [1338, 630]]",,[],,0.45840275922916984,0.33977724206411464
549,1,3,9.294999999999959,,13518,"[954, 270]",False,Right,True,0.0,False,medium,False,"[[810, 30], [792, 156], [1116, 318], [846, 588], [1332, 624]]",,[],,0.42477066613816383,0.37735884658500995
550,1,3,9.312000000000012,,13518,"[954, 270]",False,Right,True,0.0,False,medium,False,"[[804, 24], [786, 150], [1110, 312], [840, 582], [1326, 618]]",,[],,0.42486249815567,0.37871125401813255
551,1,3,9.327999999999975,,13518,"[954, 270]",False,Right,True,0.0,False,medium,False,"[[798, 18], [780, 144], [1104, 306], [834, 576], [1320, 612]]",,[],,0.42543994648957595,0.37855173782006013
552,1,3,9.345000000000027,,13518,"[954, 270]",False,Right,True,0.0,False,medium,False,"[[792, 12], [774, 138], [1098, 300], [828, 570], [1314, 606]]",,[],,0.426048312226493,0.3790361457368543
553,1,3,9.36099999999999,,13518,"[954, 270]",False,Right,True,0.0,False,medium,False,"[[786, 6], [768, 132], [1092, 294], [822, 564], [1308, 600]]",,[],,0.4258900729904413,0.3801178815096198
554,1,3,9.378000000000043,,13518,"[954, 270]",False,Right,True,0.0,False,medium,False,"[[780, 0], [762, 126], [1086, 288], [816, 558], [1302, 594], [924, 810]]",,[],,0.1700462628268724,-0.15400262900355943
555,1,3,9.394999999999982,,13518,"[954, 270]",False,Right,True,0.0,False,medium,False,"[[756, 120], [1080, 282], [810, 552], [1296, 588], [918, 804]]",,[],,0.16941401544954893,-0.13804311731745078
556,1,3,9.412000000000035,,13518,"[954, 270]",False,Right,True,0.0,False,medium,False,"[[750, 114], [1074, 276], [804, 546], [1290, 582], [912, 798]]",,[],,0.1693237895479919,-0.15484791456511582
557,1,3,9.427999999999997,,13518,"[954, 270]",False,Right,True,0.0,False,medium,False,"[[744, 108], [1068, 270], [798, 540], [1284, 576], [906, 792]]",,[],,0.17483458203877222,-0.14609739012880896
558,1,3,9.446000000000026,,13518,"[954, 270]",False,Right,True,0.0,False,medium,False,"[[738, 102], [1062, 264], [792, 534], [1278, 570], [900, 786]]",,[],,0.46112352079975966,0.3391865083152178
559,1,3,9.462999999999965,,13518,"[954, 270]",False,Right,True,0.0,False,medium,False,"[[732, 96], [1056, 258], [786, 528], [1272, 564], [894, 780]]",,[],,0.4600752367539734,0.33875530996771097
560,1,3,9.480000000000018,,13518,"[954, 270]",False,,True,0.0,False,medium,False,"[[726, 90], [1050, 252], [780, 522], [1266, 558], [888, 774]]",,[],,0.4251778743032709,0.38509929846306235
561,1,3,9.495999999999981,,13518,"[954, 270]",False,,True,0.0,False,medium,False,"[[726, 84], [1050, 246], [780, 516], [1266, 552], [888, 768]]",,[],,0.42510141466061524,0.38522637462017306
562,1,3,9.511999999999944,,13518,"[954, 270]",False,,True,0.0,False,medium,False,"[[726, 78], [1050, 240], [780, 510], [1266, 546], [888, 762]]",,[],,0.42510141466061524,0.38522637462017306
563,1,3,9.528999999999996,,13518,"[954, 270]",False,,True,0.0,False,medium,False,"[[726, 72], [1050, 234], [780, 504], [1266, 540], [888, 756]]",,[],,0.424483173029083,0.38698796413499736
564,1,3,9.544999999999959,,13518,"[954, 270]",False,,True,0.0,False,medium,False,"[[726, 66], [1050, 228], [780, 498], [1266, 534], [888, 750]]",,[],,0.4246650138382432,0.3872149339171178
565,1,3,9.562000000000012,,13518,"[954, 270]",False,,True,0.0,False,medium,False,"[[726, 60], [1050, 222], [780, 492], [1266, 528], [888, 744]]",,[],,0.4246780696439111,0.38805615950055417
566,1,3,9.577999999999975,,13518,"[954, 270]",False,,True,0.0,False,medium,False,"[[726, 54], [1050, 216], [780, 486], [1266, 522], [888, 738]]",,[],,0.4246780696439111,0.38805615950055417
567,1,3,9.595000000000027,,13518,"[954, 270]",False,,True,0.0,False,medium,False,"[[726, 48], [1050, 210], [780, 480], [1266, 516], [888, 732]]",,[],,0.460077229848626,0.3414405319719436
568,1,3,9.61099999999999,,13518,"[954, 270]",False,,True,0.0,False,medium,False,"[[726, 42], [1050, 204], [780, 474], [1266, 510], [888, 726]]",,[],,0.460077229848626,0.3414405319719436
569,1,3,9.628000000000043,,13518,"[954, 270]",False,,True,0.0,False,medium,False,"[[726, 36], [1050, 198], [780, 468], [1266, 504], [888, 720]]",,[],,0.4260895621151081,0.38688564120448143
570,1,3,9.644000000000005,,13518,"[954, 270]",False,,True,0.0,False,medium,False,"[[726, 30], [1050, 192], [780, 462], [1266, 498], [888, 714]]",,[],,0.4260895621151081,0.38688564120448143
571,1,3,9.659999999999968,,13518,"[954, 270]",False,,True,0.0,False,medium,False,"[[726, 24], [1050, 186], [780, 456], [1266, 492], [888, 708]]",,[],,0.46115337188778316,0.3409632770111989
572,1,3,9.677000000000021,,13518,"[954, 270]",False,,True,0.0,False,medium,False,"[[726, 18], [1050, 180], [780, 450], [1266, 486], [888, 702]]",,[],,0.46115337188778316,0.3409632770111989
573,1,3,9.692999999999984,,13518,"[954, 270]",False,,True,0.0,False,medium,False,"[[726, 12], [1050, 174], [780, 444], [1266, 480], [888, 696]]",,[],,0.17362336390697103,-0.15766776294035645
574,1,3,9.708999999999946,,13518,"[954, 270]",False,,True,0.0,False,medium,False,"[[726, 6], [1050, 168], [780, 438], [1266, 474], [888, 690]]",,[],,0.17362336390697103,-0.15766776294035645
575,1,3,9.725999999999999,,13518,"[954, 270]",False,,True,0.0,False,medium,False,"[[726, 0], [1050, 162], [780, 432], [1266, 468], [888, 684], [924, 810]]",,[],,0.46201798471921884,0.3426997543757141
576,1,3,9.742999999999938,,13518,"[954, 270]",False,,True,0.0,False,medium,False,"[[1050, 156], [780, 426], [1266, 462], [888, 678], [924, 804]]",,[],,0.46201798471921884,0.3426997543757141
577,1,3,9.759999999999991,,13518,"[954, 270]",False,Right,True,0.0,False,medium,False,"[[1050, 150], [780, 420], [1266, 456], [888, 672], [924, 798]]",,[],,0.4260511470246445,0.39793908117263943
578,1,3,9.777000000000044,,13518,"[954, 270]",False,Right,True,0.0,False,medium,False,"[[1044, 144], [774, 414], [1260, 450], [882, 666], [918, 792]]",,[],,0.4260511470246445,0.39793908117263943
579,1,3,9.793999999999983,,13518,"[954, 270]",False,Right,True,0.0,False,medium,False,"[[1038, 138], [768, 408], [1254, 444], [876, 660], [912, 786]]",,[],,0.42612403446341895,0.40028073987723933
580,1,3,9.811000000000035,,13518,"[954, 270]",False,Right,True,0.0,False,medium,False,"[[1032, 132], [762, 402], [1248, 438], [870, 654], [906, 780]]",,[],,0.42612403446341895,0.40028073987723933
581,1,3,9.826999999999998,,13518,"[954, 270]",False,Right,True,0.0,False,medium,False,"[[1026, 126], [756, 396], [1242, 432], [864, 648], [900, 774]]",,[],,0.46280423149355265,0.3518872259376207
582,1,3,9.845000000000027,,13518,"[954, 270]",False,Right,True,0.0,False,medium,False,"[[1020, 120], [750, 390], [1236, 426], [858, 642], [894, 768]]",,[],,0.46280423149355265,0.3518872259376207
583,1,3,9.861999999999966,,13518,"[954, 270]",False,Right,True,0.0,False,medium,False,"[[1014, 114], [744, 384], [1230, 420], [852, 636], [888, 762]]",,[],,0.43235009912939465,0.36492243962368687
584,1,3,9.879000000000019,,13518,"[954, 270]",False,Right,True,0.0,False,medium,False,"[[1008, 108], [738, 378], [1224, 414], [846, 630], [882, 756]]",,[],,0.43235009912939465,0.36492243962368687
585,1,3,9.895999999999958,,13518,"[954, 270]",False,Right,True,0.0,False,medium,False,"[[1002, 102], [732, 372], [1218, 408], [840, 624], [876, 750]]",,[],,0.4307825121276199,0.36097983956329394
586,1,3,9.912000000000035,,13518,"[954, 270]",False,Right,True,0.0,False,medium,False,"[[996, 96], [726, 366], [1212, 402], [834, 618], [870, 744]]",,[],,0.43063392649205445,0.3596550905558259
587,1,3,9.927999999999997,,13518,"[954, 270]",False,Right,True,0.0,False,medium,False,"[[990, 90], [720, 360], [1206, 396], [828, 612], [864, 738]]",,[],,0.42999991689278183,0.3588170905850865
588,1,3,9.944999999999936,,13518,"[954, 270]",False,Right,True,0.0,False,medium,False,"[[984, 84], [714, 354], [1200, 390], [822, 606], [858, 732]]",,[],,0.42999991689278183,0.3588170905850865
589,1,3,9.961999999999989,,13518,"[954, 270]",False,Right,True,0.0,False,medium,False,"[[978, 78], [708, 348], [1194, 384], [816, 600], [852, 726]]",,[],,0.4308206487759662,0.36147201730171585
590,1,3,9.980000000000018,,13518,"[954, 270]",False,,True,0.0,False,medium,False,"[[972, 72], [702, 342], [1188, 378], [810, 594], [846, 720]]",,[],,0.4308206487759662,0.36147201730171585
591,1,3,9.995000000000005,,13518,"[954, 270]",False,,True,0.0,False,medium,False,"[[972, 66], [702, 336], [1188, 372], [810, 588], [846, 714]]",,[],,0.4312948867226476,0.3649989916594707
592,1,3,10.011999999999944,,13518,"[954, 270]",False,,True,0.0,False,medium,False,"[[972, 60], [702, 330], [1188, 366], [810, 582], [846, 708]]",,[],,0.4312948867226476,0.3649989916594707
593,1,3,10.028999999999996,,13518,"[954, 270]",False,,True,0.0,False,medium,False,"[[972, 54], [702, 324], [1188, 360], [810, 576], [846, 702]]",,[],,0.43157599914995615,0.36765121830712677
594,1,3,10.04600000000005,,13518,"[954, 270]",False,,True,0.0,False,medium,False,"[[972, 48], [702, 318], [1188, 354], [810, 570], [846, 696]]",,[],,0.43157599914995615,0.36765121830712677
595,1,3,10.062999999999988,,13518,"[954, 270]",False,,True,0.0,False,medium,False,"[[972, 42], [702, 312], [1188, 348], [810, 564], [846, 690]]",,[],,0.17243475147399595,-0.16289805043785766
596,1,3,10.080000000000041,,13518,"[954, 270]",False,,True,0.0,False,medium,False,"[[972, 36], [702, 306], [1188, 342], [810, 558], [846, 684]]",,[],,0.17243475147399595,-0.16289805043785766
597,1,3,10.096000000000004,,13518,"[954, 270]",False,,True,0.0,False,medium,False,"[[972, 30], [702, 300], [1188, 336], [810, 552], [846, 678]]",,[],,0.4309708585015815,0.3689953345748541
598,1,3,10.111999999999966,,13518,"[954, 270]",False,,True,0.0,False,medium,False,"[[972, 24], [702, 294], [1188, 330], [810, 546], [846, 672]]",,[],,0.4309708585015815,0.3689953345748541
599,1,3,10.128000000000043,,13518,"[954, 270]",False,,True,0.0,False,medium,False,"[[972, 18], [702, 288], [1188, 324], [810, 540], [846, 666]]",,[],,0.43028215973533257,0.37113660114940883
600,1,3,10.144999999999982,,13518,"[954, 270]",False,,True,0.0,False,medium,False,"[[972, 12], [702, 282], [1188, 318], [810, 534], [846, 660]]",,[],,0.43028215973533257,0.37113660114940883
601,1,3,10.160999999999945,,13518,"[954, 270]",False,,True,0.0,False,medium,False,"[[972, 6], [702, 276], [1188, 312], [810, 528], [846, 654]]",,[],,0.1749980793828211,-0.1638027935770816
602,1,3,10.177000000000021,,13518,"[954, 270]",False,,True,0.0,False,medium,False,"[[972, 0], [702, 270], [1188, 306], [810, 522], [846, 648]]",,[],,0.1749980793828211,-0.1638027935770816
603,1,3,10.19399999999996,,13518,"[954, 270]",False,,True,0.0,False,medium,False,"[[702, 264], [1188, 300], [810, 516], [846, 642]]",,[],,0.4440545813875435,0.3291971019703266
604,1,3,10.210000000000036,,13518,"[954, 270]",False,,True,0.0,False,medium,False,"[[702, 258], [1188, 294], [810, 510], [846, 636]]",,[],,0.4440545813875435,0.3291971019703266
605,1,3,10.229000000000042,,13518,"[954, 270]",False,,True,0.0,False,medium,False,"[[702, 252], [1188, 288], [810, 504], [846, 630]]",,[],,0.4451878292607897,0.3263272602730455
606,1,3,10.245999999999981,,13518,"[954, 270]",False,,True,0.0,False,medium,False,"[[702, 246], [1188, 282], [810, 498], [846, 624]]",,[],,0.4451878292607897,0.3263272602730455
607,1,3,10.263000000000034,,13518,"[954, 270]",False,,True,0.0,False,medium,False,"[[702, 240], [1188, 276], [810, 492], [846, 618]]",,[],,0.4464985600272896,0.3244041137790621
608,1,3,10.279999999999973,,13518,"[954, 270]",False,,True,0.0,False,medium,False,"[[702, 234], [1188, 270], [810, 486], [846, 612]]",,[],,0.4464985600272896,0.3244041137790621
609,1,3,10.29600000000005,,13518,"[954, 270]",False,,True,0.0,False,medium,False,"[[702, 228], [1188, 264], [810, 480], [846, 606]]",,[],,0.44627510418387484,0.3264648192425216
610,1,3,10.312999999999988,,13518,"[954, 270]",False,,True,0.0,False,medium,False,"[[702, 222], [1188, 258], [810, 474], [846, 600]]",,[],,0.44627510418387484,0.3264648192425216
611,1,3,10.32899999999995,,13518,"[954, 270]",False,,True,0.0,False,medium,False,"[[702, 216], [1188, 252], [810, 468], [846, 594]]",,[],,0.4459197818918138,0.33170756703323445
612,1,3,10.346000000000004,,13518,"[954, 270]",False,,True,0.0,False,medium,False,"[[702, 210], [1188, 246], [810, 462], [846, 588]]",,[],,0.4459197818918138,0.33170756703323445
613,1,3,10.362999999999943,,13518,"[954, 270]",False,,True,0.0,False,medium,False,"[[702, 204], [1188, 240], [810, 456], [846, 582]]",,"[[528, 810]]",,0.44554510939286,0.33419022908903495
614,1,3,10.379000000000019,,13518,"[954, 270]",False,,True,0.0,False,medium,False,"[[702, 198], [1188, 234], [810, 450], [846, 576]]",,"[[528, 804]]",,0.44554510939286,0.33419022908903495
615,1,3,10.395999999999958,,13518,"[954, 270]",False,,True,0.0,False,medium,False,"[[702, 192], [1188, 228], [810, 444], [846, 570]]",,"[[528, 798]]",,0.4450066060538278,0.3403880228276047
616,1,3,10.412000000000035,,13518,"[954, 270]",False,,True,0.0,False,medium,False,"[[702, 186], [1188, 222], [810, 438], [846, 564]]",,"[[528, 792]]",,0.4450066060538278,0.3403880228276047
617,1,3,10.427999999999997,,13518,"[954, 270]",False,,True,0.0,False,medium,False,"[[702, 180], [1188, 216], [810, 432], [846, 558]]",,"[[528, 786]]",,0.44448170274361043,0.34413834778689056
618,1,3,10.444999999999936,,13518,"[954, 270]",False,,True,0.0,False,medium,False,"[[702, 174], [1188, 210], [810, 426], [846, 552]]",,"[[528, 780]]",,0.44448170274361043,0.34413834778689056
619,1,3,10.461999999999989,,13518,"[954, 270]",False,,True,0.0,False,medium,False,"[[702, 168], [1188, 204], [810, 420], [846, 546]]",,"[[528, 774]]",,0.43039250526035655,0.3239813979810473
620,1,3,10.479000000000042,,13518,"[954, 270]",False,,True,0.0,False,medium,False,"[[702, 162], [1188, 198], [810, 414], [846, 540]]",,"[[528, 768]]",,0.43039250526035655,0.3239813979810473
621,1,3,10.495999999999981,,13518,"[954, 270]",False,,True,0.0,False,medium,False,"[[702, 156], [1188, 192], [810, 408], [846, 534]]",,"[[528, 762]]",,0.42241324334099195,0.3068169231590998
622,1,3,10.513000000000034,,13518,"[954, 270]",False,,True,0.0,False,medium,False,"[[702, 150], [1188, 186], [810, 402], [846, 528]]",,"[[528, 756]]",,0.42241324334099195,0.3068169231590998
623,1,3,10.528999999999996,,13518,"[954, 270]",False,,True,0.0,False,medium,False,"[[702, 144], [1188, 180], [810, 396], [846, 522]]",,"[[528, 750]]",,0.42048990792173635,0.3022342386885376
624,1,3,10.544999999999959,,13518,"[954, 270]",False,,True,0.0,False,medium,False,"[[702, 138], [1188, 174], [810, 390], [846, 516]]",,"[[528, 744]]",,0.42048990792173635,0.3022342386885376
625,1,3,10.561000000000035,,13518,"[954, 270]",False,,True,0.0,False,medium,False,"[[702, 132], [1188, 168], [810, 384], [846, 510]]",,"[[528, 738]]",,0.4222311610032838,0.3027748767980294
626,1,3,10.577999999999975,,13518,"[954, 270]",False,,True,0.0,False,medium,False,"[[702, 126], [1188, 162], [810, 378], [846, 504]]",,"[[528, 732]]",,0.4222311610032838,0.3027748767980294
627,1,3,10.595000000000027,,13518,"[954, 270]",False,,True,0.0,False,medium,False,"[[702, 120], [1188, 156], [810, 372], [846, 498]]",,"[[528, 726]]",,0.4219566052633363,0.30605551750196003
628,1,3,10.611999999999966,,13518,"[954, 270]",False,,True,0.0,False,medium,False,"[[702, 114], [1188, 150], [810, 366], [846, 492]]",,"[[528, 720]]",,0.4219566052633363,0.30605551750196003
629,1,3,10.628000000000043,,13518,"[954, 270]",False,,True,0.0,False,medium,False,"[[702, 108], [1188, 144], [810, 360], [846, 486]]",,"[[528, 714]]",,0.4214217764100222,0.30987799057373633
630,1,3,10.644999999999982,,13518,"[954, 270]",False,,True,0.0,False,medium,False,"[[702, 102], [1188, 138], [810, 354], [846, 480]]",,"[[528, 708]]",,0.4214217764100222,0.30987799057373633
631,1,3,10.663000000000011,,13518,"[954, 270]",False,,True,0.0,False,medium,False,"[[702, 96], [1188, 132], [810, 348], [846, 474]]",,"[[528, 702]]",,0.44607058418485224,0.2918850618006428
632,1,3,10.677999999999997,,13518,"[954, 270]",False,,True,0.0,False,medium,False,"[[702, 90], [1188, 126], [810, 342], [846, 468]]",,"[[528, 696]]",,0.44607058418485224,0.2918850618006428
633,1,3,10.694999999999936,,13518,"[954, 270]",False,,True,0.0,False,medium,False,"[[702, 84], [1188, 120], [810, 336], [846, 462]]",,"[[528, 690]]",,0.39978704528388864,0.3182437722952416
634,1,3,10.711999999999989,,13518,"[954, 270]",False,,True,0.0,False,medium,False,"[[702, 78], [1188, 114], [810, 330], [846, 456]]",,"[[528, 684]]",,0.39978704528388864,0.3182437722952416
635,1,3,10.729000000000042,,13518,"[954, 270]",False,,True,0.0,False,medium,False,"[[702, 72], [1188, 108], [810, 324], [846, 450]]",,"[[528, 678]]",,0.390875529320755,0.3119840921629339
636,1,3,10.745000000000005,,13518,"[954, 270]",False,,True,0.0,False,medium,False,"[[702, 66], [1188, 102], [810, 318], [846, 444]]",,"[[528, 672]]",,0.390875529320755,0.3119840921629339
637,1,3,10.760999999999967,,13518,"[954, 270]",False,,True,0.0,False,medium,False,"[[702, 60], [1188, 96], [810, 312], [846, 438]]",,"[[528, 666]]",,0.3886519088580099,0.31014042525948116
638,1,3,10.77800000000002,,13518,"[954, 270]",False,,True,0.0,False,medium,False,"[[702, 54], [1188, 90], [810, 306], [846, 432]]",,"[[528, 660]]",,0.3886519088580099,0.31014042525948116
639,1,3,10.793999999999983,,13518,"[954, 270]",False,,True,0.0,False,medium,False,"[[702, 48], [1188, 84], [810, 300], [846, 426]]",,"[[528, 654]]",,0.17474587468824748,-0.2048517648025967
640,1,3,10.809999999999945,,13518,"[954, 270]",False,,True,0.0,False,medium,False,"[[702, 42], [1188, 78], [810, 294], [846, 420]]",,"[[528, 648]]",,0.17474587468824748,-0.2048517648025967
641,1,3,10.826999999999998,,13518,"[954, 270]",False,,True,0.0,False,medium,False,"[[702, 36], [1188, 72], [810, 288], [846, 414]]",,"[[528, 642]]",,0.38555181012534157,0.31031032927480895
642,1,3,10.843999999999937,,13518,"[954, 270]",False,,True,0.0,False,medium,False,"[[702, 30], [1188, 66], [810, 282], [846, 408]]",,"[[528, 636]]",,0.38555181012534157,0.31031032927480895
643,1,3,10.860000000000014,,13518,"[954, 270]",False,,True,0.0,False,medium,False,"[[702, 24], [1188, 60], [810, 276], [846, 402]]",,"[[528, 630]]",,0.38605055401670463,0.3137239647963834
644,1,3,10.876999999999953,,13518,"[954, 270]",False,,True,0.0,False,medium,False,"[[702, 18], [1188, 54], [810, 270], [846, 396]]",,"[[528, 624]]",,0.38605055401670463,0.3137239647963834
645,1,3,10.894000000000005,,13518,"[954, 270]",False,,True,0.0,False,medium,False,"[[702, 12], [1188, 48], [810, 264], [846, 390]]",,"[[528, 618]]",,0.40447708255423337,0.3284234629723698
646,1,3,10.909999999999968,,13518,"[954, 270]",False,,True,0.0,False,medium,False,"[[702, 6], [1188, 42], [810, 258], [846, 384]]",,"[[528, 612]]",,0.40447708255423337,0.3284234629723698
647,1,3,10.926000000000045,,13518,"[954, 270]",False,,True,0.0,False,medium,False,"[[702, 0], [1188, 36], [810, 252], [846, 378], [1026, 810]]",,"[[528, 606]]",,0.4157341553882029,0.33677104467537133
648,1,3,10.942999999999984,,13518,"[954, 270]",False,,True,0.0,False,medium,False,"[[1188, 30], [810, 246], [846, 372], [1026, 804]]",,"[[528, 600]]",,0.4157341553882029,0.33677104467537133
649,1,3,10.958999999999946,,13518,"[954, 270]",False,,True,0.0,False,medium,False,"[[1188, 24], [810, 240], [846, 366], [1026, 798]]",,"[[528, 594]]",,0.41723779977472136,0.3415376254271524
650,1,3,10.975000000000023,,13518,"[954, 270]",False,,True,0.0,False,medium,False,"[[1188, 18], [810, 234], [846, 360], [1026, 792]]",,"[[528, 588]]",,0.17118488666613724,-0.17568616412810267
651,1,3,10.990999999999985,,13518,"[954, 270]",False,,True,0.0,False,medium,False,"[[1188, 12], [810, 228], [846, 354], [1026, 786]]",,"[[528, 582]]",,0.41985985181812174,0.34947332347822757
652,1,3,11.006999999999948,,13518,"[954, 270]",False,,True,0.0,False,medium,False,"[[1188, 6], [810, 222], [846, 348], [1026, 780]]",,"[[528, 576]]",,0.41985985181812174,0.34947332347822757
653,1,3,11.023000000000025,,13518,"[954, 270]",False,,True,0.0,False,medium,False,"[[1188, 0], [810, 216], [846, 342], [1026, 774]]",,"[[528, 570]]",,0.41981105756508275,0.3497310852481884
654,1,3,11.039999999999964,,13518,"[954, 270]",False,,True,0.0,False,medium,False,"[[810, 210], [846, 336], [1026, 768]]",,"[[528, 564]]",,0.4200179477633082,0.35148307120960975
655,1,3,11.057000000000016,,13518,"[954, 270]",False,,True,0.0,False,medium,False,"[[810, 204], [846, 330], [1026, 762]]",,"[[528, 558]]",,0.42044859183342664,0.3529067698379249
656,1,3,11.073999999999955,,13518,"[954, 270]",False,,True,0.0,False,medium,False,"[[810, 198], [846, 324], [1026, 756]]",,"[[528, 552]]",,0.4205349539973827,0.35403090591495956
657,1,3,11.091000000000008,,13518,"[954, 270]",False,,True,0.0,False,medium,False,"[[810, 192], [846, 318], [1026, 750]]",,"[[528, 546]]",,0.4202793879995868,0.35457321683454557
658,1,3,11.107999999999947,,13518,"[954, 270]",False,,True,0.0,False,medium,False,"[[810, 186], [846, 312], [1026, 744]]",,"[[528, 540]]",,0.4193052078845502,0.3558996475072437
659,1,3,11.125,,13518,"[954, 270]",False,,True,0.0,False,medium,False,"[[810, 180], [846, 306], [1026, 738]]",,"[[528, 534]]",,0.4196216041044424,0.35701931305914847
660,1,3,11.140999999999963,,13518,"[954, 270]",False,,True,0.0,False,medium,False,"[[810, 174], [846, 300], [1026, 732]]",,"[[528, 528]]",,0.4194625467066925,0.35799771845834527
661,1,3,11.157000000000039,,13518,"[954, 270]",False,,True,0.0,False,medium,False,"[[810, 168], [846, 294], [1026, 726]]",,"[[528, 522]]",,0.4198598052987884,0.3602109784944977
662,1,3,11.173999999999978,,13518,"[954, 270]",False,,True,0.0,False,medium,False,"[[810, 162], [846, 288], [1026, 720]]",,"[[528, 516]]",,0.4198471417908385,0.36097399199137703
663,1,3,11.191000000000031,,13518,"[954, 270]",False,,True,0.0,False,medium,False,"[[810, 156], [846, 282], [1026, 714]]",,"[[528, 510]]",,0.4204163256713941,0.36298516674776515
664,1,3,11.206999999999994,,13518,"[954, 270]",False,,True,0.0,False,medium,False,"[[810, 150], [846, 276], [1026, 708]]",,"[[528, 504]]",,0.42063335476803887,0.36520220436889617
665,1,3,11.224000000000046,,13518,"[954, 270]",False,,True,0.0,False,medium,False,"[[810, 144], [846, 270], [1026, 702]]",,"[[528, 498]]",,0.4209016818368393,0.36075262222700555
666,1,3,11.240000000000009,,13518,"[954, 270]",False,,True,0.0,False,medium,False,"[[810, 138], [846, 264], [1026, 696]]",,"[[528, 492]]",,0.42403596710084185,0.338476168162975
667,1,3,11.255999999999972,,13518,"[954, 270]",False,,True,0.0,False,medium,False,"[[810, 132], [846, 258], [1026, 690]]",,"[[528, 486]]",,0.42431908576888844,0.33860888413798296
668,1,3,11.273000000000025,,13518,"[954, 270]",False,,True,0.0,False,medium,False,"[[810, 126], [846, 252], [1026, 684]]",,"[[528, 480]]",,0.42492358510009254,0.3390080407208136
669,1,3,11.288999999999987,,13518,"[954, 270]",False,,True,0.0,False,medium,False,"[[810, 120], [846, 246], [1026, 678]]",,"[[528, 474]]",,0.4247945980810666,0.3395974676190505
670,1,3,11.30600000000004,,13518,"[954, 270]",False,,True,0.0,False,medium,False,"[[810, 114], [846, 240], [1026, 672]]",,"[[528, 468]]",,0.4257413743948364,0.3397319689177756
671,1,3,11.322999999999979,,13518,"[954, 270]",False,,True,0.0,False,medium,False,"[[810, 108], [846, 234], [1026, 666]]",,"[[528, 462]]",,0.42658781835613846,0.34145484995889797
672,1,3,11.340000000000032,,13518,"[954, 270]",False,,True,0.0,False,medium,False,"[[810, 102], [846, 228], [1026, 660]]",,"[[528, 456]]",,0.42649682949345025,0.344459867337372
673,1,3,11.355999999999995,,13518,"[954, 270]",False,,True,0.0,False,medium,False,"[[810, 96], [846, 222], [1026, 654]]",,"[[528, 450]]",,0.4266631043140549,0.34579712730011214
674,1,3,11.373000000000047,,13518,"[954, 270]",False,Left,True,0.0,False,medium,False,"[[810, 90], [846, 216], [1026, 648], [810, 810]]",,"[[534, 444]]",,0.4264280333675215,0.3476576834266244
675,1,3,11.38900000000001,,13518,"[954, 270]",False,Left,True,0.0,False,medium,False,"[[816, 84], [852, 210], [1032, 642], [816, 804]]",,"[[540, 438]]",,0.4263952691240627,0.3489878189769571
676,1,3,11.404999999999973,,13518,"[954, 270]",False,Left,True,0.0,False,medium,False,"[[822, 78], [858, 204], [1038, 636], [822, 798]]",,"[[546, 432]]",,0.4258638468031939,0.35136144435700556
677,1,3,11.42100000000005,,13518,"[954, 270]",False,Left,True,0.0,False,medium,False,"[[828, 72], [864, 198], [1044, 630], [828, 792]]",,"[[552, 426]]",,0.4254198516514583,0.3523723753422412
678,1,3,11.437000000000012,,13518,"[954, 270]",False,Left,True,0.0,False,medium,False,"[[834, 66], [870, 192], [1050, 624], [834, 786]]",,"[[558, 420]]",,0.42560588823154044,0.3537974326843234
679,1,3,11.455000000000041,,13518,"[954, 270]",False,Left,True,0.0,False,medium,False,"[[840, 60], [876, 186], [1056, 618], [840, 780]]",,"[[564, 414]]",,0.42560588823154044,0.3537974326843234
680,1,3,11.47199999999998,,13518,"[954, 270]",False,Left,True,0.0,False,medium,False,"[[846, 54], [882, 180], [1062, 612], [846, 774]]",,"[[570, 408]]",,0.42525001555276604,0.3568767198329912
681,1,3,11.487999999999943,,13518,"[954, 270]",False,Left,True,0.0,False,medium,False,"[[852, 48], [888, 174], [1068, 606], [852, 768]]",,"[[576, 402]]",,0.4252234434741249,0.3571297327511893
682,1,3,11.504999999999995,,13518,"[954, 270]",False,Left,True,0.0,False,medium,False,"[[858, 42], [894, 168], [1074, 600], [858, 762]]",,"[[582, 396]]",,0.4124274017257042,0.35630121873314546
683,1,3,11.520999999999958,,13518,"[954, 270]",False,Left,True,0.0,False,medium,False,"[[864, 36], [900, 162], [1080, 594], [864, 756]]",,"[[588, 390]]",,0.4124274017257042,0.35630121873314546
684,1,3,11.538000000000011,,13518,"[954, 270]",False,Left,True,0.0,False,medium,False,"[[870, 30], [906, 156], [1086, 588], [870, 750]]",,"[[594, 384]]",,0.4005379750177546,0.35426064098232013
685,1,3,11.55499999999995,,13518,"[954, 270]",False,Left,True,0.0,False,medium,False,"[[876, 24], [912, 150], [1092, 582], [876, 744]]",,"[[600, 378]]",,0.4005379750177546,0.35426064098232013
686,1,3,11.572000000000003,,13518,"[954, 270]",False,Left,True,0.0,False,medium,False,"[[882, 18], [918, 144], [1098, 576], [882, 738]]",,"[[606, 372]]",,0.39899758379728395,0.35406366537967215
687,1,3,11.588999999999942,,13518,"[954, 270]",False,Left,True,0.0,False,medium,False,"[[888, 12], [924, 138], [1104, 570], [888, 732]]",,"[[612, 366]]",,0.3985601479434226,0.3544682812830172
688,1,3,11.605000000000018,,13518,"[954, 270]",False,,True,0.0,False,medium,False,"[[894, 6], [930, 132], [1110, 564], [894, 726]]",,"[[612, 360]]",,0.39741158680778155,0.3552537425185829
689,1,3,11.623000000000047,,13518,"[954, 270]",False,,True,0.0,False,medium,False,"[[894, 0], [930, 126], [1110, 558], [894, 720]]",,"[[612, 354]]",,0.39741158680778155,0.3552537425185829
690,1,3,11.63900000000001,,13518,"[954, 270]",False,,True,0.0,False,medium,False,"[[930, 120], [1110, 552], [894, 714]]",,"[[612, 348]]",,0.3963390651419436,0.3601464057814284
691,1,3,11.654999999999973,,13518,"[954, 270]",False,,True,0.0,False,medium,False,"[[930, 114], [1110, 546], [894, 708]]",,"[[612, 342]]",,0.3963390651419436,0.3601464057814284
692,1,3,11.672000000000025,,13518,"[954, 270]",False,,True,0.0,False,medium,False,"[[930, 108], [1110, 540], [894, 702]]",,"[[612, 336]]",,0.39770231625627966,0.3630518416856424
693,1,3,11.688999999999965,,13518,"[954, 270]",False,,True,0.0,False,medium,False,"[[930, 102], [1110, 534], [894, 696]]",,"[[612, 330]]",,0.39786817516845985,0.3632285803619518
694,1,3,11.706000000000017,,13518,"[954, 270]",False,,True,0.0,False,medium,False,"[[930, 96], [1110, 528], [894, 690]]",,"[[612, 324]]",,0.4008156320217927,0.36670541955065283
695,1,3,11.72199999999998,,13518,"[954, 270]",False,,True,0.0,False,medium,False,"[[930, 90], [1110, 522], [894, 684]]",,"[[612, 318]]",,0.4008156320217927,0.36670541955065283
696,1,3,11.739000000000033,,13518,"[954, 270]",False,,True,0.0,False,medium,False,"[[930, 84], [1110, 516], [894, 678]]",,"[[612, 312]]",,0.40310860140850213,0.3696762960184675
697,1,3,11.755999999999972,,13518,"[954, 270]",False,,True,-1.0,False,medium,False,"[[930, 78], [1110, 510], [894, 672]]",,"[[612, 306]]",,0.40310860140850213,0.3696762960184675
698,1,3,11.773000000000025,,13518,"[954, 270]",False,,True,-1.0,False,medium,False,"[[930, 72], [1110, 504], [894, 666]]",,"[[606, 300]]",,0.4035554155544222,0.3714016575482827
699,1,3,11.788999999999987,,13518,"[954, 270]",False,,True,-1.0,False,medium,False,"[[924, 66], [1104, 498], [888, 660]]",,"[[600, 294]]",,0.4035554155544222,0.3714016575482827
700,1,3,11.80600000000004,,13518,"[954, 270]",False,Right,True,-1.0,False,medium,False,"[[918, 60], [1098, 492], [882, 654]]",,"[[588, 288]]",,0.4046338251619179,0.3738624101488611
701,1,3,11.822000000000003,,13518,"[954, 270]",False,Right,True,-1.0,False,medium,False,"[[906, 54], [1086, 486], [870, 648]]",,"[[576, 282]]",,0.4046338251619179,0.3738624101488611
702,1,3,11.837999999999965,,13518,"[954, 270]",False,Right,True,-1.0,False,medium,False,"[[894, 48], [1074, 480], [858, 642]]",,"[[564, 276]]",,0.40547794789941366,0.37472590402023553
703,1,3,11.855000000000018,,13518,"[954, 270]",False,Right,True,-1.0,False,medium,False,"[[882, 42], [1062, 474], [846, 636]]",,"[[552, 270]]",,0.40547794789941366,0.37472590402023553
704,1,3,11.871999999999957,,13518,"[954, 270]",False,Right,True,-1.0,False,medium,False,"[[870, 36], [1050, 468], [834, 630]]",,"[[540, 264]]",,0.40720481706760214,0.37811076827532586
705,1,3,11.88900000000001,,13518,"[954, 270]",False,Right,True,-1.0,False,medium,False,"[[858, 30], [1038, 462], [822, 624]]",,"[[528, 258]]",,0.40720481706760214,0.37811076827532586
706,1,3,11.904999999999973,,13518,"[954, 270]",False,Right,True,-1.0,False,medium,False,"[[846, 24], [1026, 456], [810, 618]]",,"[[516, 252]]",,0.45058593701069355,0.33242798201454204
707,1,3,11.92100000000005,,13518,"[954, 270]",False,Right,True,-1.0,False,medium,False,"[[834, 18], [1014, 450], [798, 612]]",,"[[504, 246]]",,0.45058593701069355,0.33242798201454204
708,1,3,11.937999999999988,,13518,"[954, 270]",False,,True,-1.0,False,medium,False,"[[822, 12], [1002, 444], [786, 606]]",,"[[498, 240]]",,0.1678000832751342,-0.15732835055373973
709,1,3,11.955000000000041,,13518,"[954, 270]",False,,True,-1.0,False,medium,False,"[[816, 6], [996, 438], [780, 600]]",,"[[492, 234]]",,0.1678000832751342,-0.15732835055373973
710,1,3,11.971000000000004,,13518,"[954, 270]",False,,True,-1.0,False,medium,False,"[[810, 0], [990, 432], [774, 594]]",,"[[486, 228]]",,0.4237647117631994,0.37029352757185185
711,1,3,11.987999999999943,,13518,"[954, 270]",False,,True,-1.0,False,medium,False,"[[984, 426], [768, 588]]",,"[[480, 222]]",,0.4237647117631994,0.37029352757185185
712,1,3,12.004999999999995,,13518,"[954, 270]",False,,True,-1.0,False,medium,False,"[[978, 420], [762, 582]]",,"[[474, 216]]",,0.4237475685997015,0.372311138826819
713,1,3,12.022000000000048,,13518,"[954, 270]",False,,True,-1.0,False,medium,False,"[[972, 414], [756, 576]]",,"[[468, 210]]",,0.4237475685997015,0.372311138826819
714,1,3,12.038000000000011,,13518,"[954, 270]",False,,True,-1.0,False,medium,False,"[[966, 408], [750, 570]]",,"[[462, 204]]",,0.4223068709713699,0.37266391568409296
715,1,3,12.053999999999974,,13518,"[954, 270]",False,,True,-1.0,False,medium,False,"[[960, 402], [744, 564]]",,"[[456, 198]]",,0.4223068709713699,0.37266391568409296
716,1,3,12.071000000000026,,13518,"[954, 270]",False,,True,-1.0,False,medium,False,"[[954, 396], [738, 558]]",,"[[450, 192]]",,0.4214584669169591,0.3739663391623732
717,1,3,12.086999999999989,,13518,"[954, 270]",False,,True,-1.0,False,medium,False,"[[948, 390], [732, 552]]",,"[[444, 186]]",,0.4214584669169591,0.3739663391623732
718,1,3,12.104000000000042,,13518,"[954, 270]",False,,True,-1.0,False,medium,False,"[[942, 384], [726, 546]]",,"[[438, 180]]",,0.4217451402276321,0.37713769627260374
719,1,3,12.120999999999981,,13518,"[954, 270]",False,,True,-1.0,False,medium,False,"[[936, 378], [720, 540]]",,"[[432, 174]]",,0.4217451402276321,0.37713769627260374
720,1,3,12.138000000000034,,13518,"[954, 270]",False,,True,-1.0,False,medium,False,"[[930, 372], [714, 534]]",,"[[426, 168]]",,0.4221180619034797,0.3804265701498414
721,1,3,12.154999999999973,,13518,"[954, 270]",False,,True,-1.0,False,medium,False,"[[924, 366], [708, 528]]",,"[[420, 162]]",,0.4221180619034797,0.3804265701498414
722,1,3,12.172000000000025,,13518,"[954, 270]",False,,True,-1.0,False,medium,False,"[[918, 360], [702, 522]]",,"[[414, 156]]",,0.4226333960923617,0.38316276404254024
723,1,3,12.188999999999965,,13518,"[954, 270]",False,,True,-1.0,False,medium,False,"[[912, 354], [696, 516]]",,"[[408, 150]]",,0.4226333960923617,0.38316276404254024
724,1,3,12.206000000000017,,13518,"[954, 270]",False,,True,-1.0,False,medium,False,"[[906, 348], [690, 510]]",,"[[402, 144]]",,0.42269710290452106,0.3847807832493567
725,1,3,12.222999999999956,,13518,"[954, 270]",False,,True,-1.0,False,medium,False,"[[900, 342], [684, 504]]",,"[[396, 138]]",,0.42269710290452106,0.3847807832493567
726,1,3,12.240000000000009,,13518,"[954, 270]",False,Left,True,-1.0,False,medium,False,"[[894, 336], [678, 498]]",,"[[396, 132]]",,0.4224755328600457,0.3864804813249153
727,1,3,12.256999999999948,,13518,"[954, 270]",False,Left,True,-1.0,False,medium,False,"[[894, 330], [678, 492]]",,"[[396, 126]]",,0.4224755328600457,0.3864804813249153
728,1,3,12.273000000000025,,13518,"[954, 270]",False,Left,True,-1.0,False,medium,False,"[[894, 324], [678, 486]]",,"[[396, 120]]",,0.4229500847152277,0.38724010104620676
729,1,3,12.288999999999987,,13518,"[954, 270]",False,Left,True,-1.0,False,medium,False,"[[894, 318], [678, 480]]",,"[[396, 114]]",,0.4229500847152277,0.38724010104620676
730,1,3,12.30499999999995,,13518,"[954, 270]",False,Left,True,-1.0,False,medium,False,"[[894, 312], [678, 474]]",,"[[396, 108]]",,0.16793188158342337,-0.15429884151972528
731,1,3,12.322000000000003,,13518,"[954, 270]",False,Left,True,-1.0,False,medium,False,"[[894, 306], [678, 468]]",,"[[396, 102]]",,0.16793188158342337,-0.15429884151972528
732,1,3,12.340000000000032,,13518,"[954, 270]",False,Left,True,-1.0,False,medium,False,"[[894, 300], [678, 462]]",,"[[396, 96]]",,0.42389508434605255,0.38871706640130155
733,1,3,12.356999999999971,,13518,"[954, 270]",False,Left,True,-1.0,False,medium,False,"[[894, 294], [678, 456]]",,"[[396, 90]]",,0.42389508434605255,0.38871706640130155
734,1,3,12.374000000000024,,13518,"[954, 270]",False,Left,True,-1.0,False,medium,False,"[[894, 288], [678, 450]]",,"[[396, 84]]",,0.4226608079451994,0.38808483805604255
735,1,3,12.390999999999963,,13518,"[954, 270]",False,Left,True,-1.0,False,medium,False,"[[894, 282], [678, 444]]",,"[[396, 78]]",,0.4226608079451994,0.38808483805604255
736,1,3,12.407000000000039,,13518,"[954, 270]",False,,True,-1.0,False,medium,False,"[[894, 276], [678, 438]]",,"[[390, 72]]",,0.42123552006022924,0.38960861747165254
737,1,3,12.423999999999978,,13518,"[954, 270]",False,,True,-1.0,False,medium,False,"[[888, 270], [672, 432]]",,"[[384, 66]]",,0.42123552006022924,0.38960861747165254
738,1,3,12.43999999999994,,13518,"[954, 270]",False,,True,-1.0,False,medium,False,"[[882, 264], [666, 426]]",,"[[378, 60]]",,0.42063453402482087,0.390829961806345
739,1,3,12.456000000000017,,13518,"[954, 270]",False,,True,-1.0,False,medium,False,"[[876, 258], [660, 420]]",,"[[372, 54]]",,0.42063453402482087,0.390829961806345
740,1,3,12.47199999999998,,13518,"[954, 270]",False,,True,-1.0,False,medium,False,"[[870, 252], [654, 414]]",,"[[366, 48]]",,0.4214364423063094,0.39318317124450464
741,1,3,12.489000000000033,,13518,"[954, 270]",False,,True,-1.0,False,medium,False,"[[864, 246], [648, 408]]",,"[[360, 42]]",,0.4214364423063094,0.39318317124450464
742,1,3,12.504999999999995,,13518,"[954, 270]",False,,True,-1.0,False,medium,False,"[[858, 240], [642, 402]]",,"[[354, 36]]",,0.42246880996027913,0.39505918830771003
743,1,3,12.522000000000048,,13518,"[954, 270]",False,,True,-1.0,False,medium,False,"[[852, 234], [636, 396]]",,"[[348, 30]]",,0.42246880996027913,0.39505918830771003
744,1,3,12.538000000000011,,13518,"[954, 270]",False,,True,-1.0,False,medium,False,"[[846, 228], [630, 390]]",,"[[342, 24]]",,0.4238414892149306,0.397371458951581
745,1,3,12.55499999999995,,13518,"[954, 270]",False,,True,-1.0,False,medium,False,"[[840, 222], [624, 384]]",,"[[336, 18]]",,0.4238414892149306,0.397371458951581
746,1,3,12.572000000000003,,13518,"[954, 270]",False,,True,-1.0,False,medium,False,"[[834, 216], [618, 378]]",,"[[330, 12]]",,0.16543562490917557,-0.15050342710928932
747,1,3,12.588999999999942,,13518,"[954, 270]",False,,True,-1.0,False,medium,False,"[[828, 210], [612, 372]]",,"[[324, 6]]",,0.16543562490917557,-0.15050342710928932
748,1,3,12.605999999999995,,13518,"[954, 270]",False,,True,0.0,False,medium,False,"[[822, 204], [606, 366]]",,"[[318, 0]]",,0.4615982370224754,0.3465522870047292
749,1,3,12.621999999999957,,13518,"[954, 270]",False,,True,0.0,False,medium,False,"[[816, 198], [600, 360]]",,[],,0.4615982370224754,0.3465522870047292
750,1,3,12.63900000000001,,13518,"[954, 270]",False,,True,0.0,False,medium,False,"[[816, 192], [600, 354]]",,[],,0.4625056042641229,0.34909501742560844
751,1,3,12.654999999999973,,13518,"[954, 270]",False,,True,0.0,False,medium,False,"[[816, 186], [600, 348]]",,[],,0.4625056042641229,0.34909501742560844
752,1,3,12.672000000000025,,13518,"[954, 270]",False,,True,0.0,False,medium,False,"[[816, 180], [600, 342]]",,[],,0.4616860247028611,0.35074803049962544
753,1,3,12.688999999999965,,13518,"[954, 270]",False,,True,0.0,False,medium,False,"[[816, 174], [600, 336]]",,[],,0.4616860247028611,0.35074803049962544
754,1,3,12.706000000000017,,13518,"[954, 270]",False,Left,True,0.0,False,medium,False,"[[816, 168], [600, 330]]",,[],,0.46310913407585985,0.3528670979601489
755,1,3,12.72199999999998,,13518,"[954, 270]",False,Left,True,0.0,False,medium,False,"[[822, 162], [606, 324]]",,[],,0.46310913407585985,0.3528670979601489
756,1,3,12.737999999999943,,13518,"[954, 270]",False,Left,True,0.0,False,medium,False,"[[828, 156], [612, 318]]",,[],,0.4638655989774347,0.35396172071736
757,1,3,12.754999999999995,,13518,"[954, 270]",False,Left,True,0.0,False,medium,False,"[[834, 150], [618, 312]]",,[],,0.4638655989774347,0.35396172071736
758,1,3,12.772000000000048,,13518,"[954, 270]",False,Left,True,0.0,False,medium,False,"[[840, 144], [624, 306]]",,[],,0.463706868771314,0.3558987195472517
759,1,3,12.788999999999987,,13518,"[954, 270]",False,Left,True,0.0,False,medium,False,"[[846, 138], [630, 300]]",,[],,0.463706868771314,0.3558987195472517
760,1,3,12.80499999999995,,13518,"[954, 270]",False,Left,True,0.0,False,medium,False,"[[852, 132], [636, 294]]",,[],,0.46379862821359785,0.3490369508798187
761,1,3,12.822000000000003,,13518,"[954, 270]",False,Left,True,0.0,False,medium,False,"[[858, 126], [642, 288]]",,[],,0.46379862821359785,0.3490369508798187
762,1,3,12.837999999999965,,13518,"[954, 270]",False,Left,True,0.0,False,medium,False,"[[864, 120], [648, 282]]",,[],,0.16673056488259852,-0.1461397652555465
763,1,3,12.855000000000018,,13518,"[954, 270]",False,Left,True,0.0,False,medium,False,"[[870, 114], [654, 276]]",,[],,0.16673056488259852,-0.1461397652555465
764,1,3,12.871999999999957,,13518,"[954, 270]",False,Left,True,0.0,False,medium,False,"[[876, 108], [660, 270]]",,[],,0.42673153600443464,0.3968744607960243
765,1,3,12.88900000000001,,13518,"[954, 270]",False,Left,True,0.0,False,medium,False,"[[882, 102], [666, 264]]",,[],,0.42673153600443464,0.3968744607960243
766,1,3,12.905999999999949,,13518,"[954, 270]",False,Left,True,0.0,False,medium,False,"[[888, 96], [672, 258]]",,[],,0.4645436307653773,0.3450974346256138
767,1,3,12.923000000000002,,13518,"[954, 270]",False,Left,True,0.0,False,medium,False,"[[894, 90], [678, 252]]",,[],,0.4645436307653773,0.3450974346256138
768,1,3,12.938999999999965,,13518,"[954, 270]",False,Left,True,0.0,False,medium,False,"[[900, 84], [684, 246]]",,[],,0.4281286271539505,0.3976697356589086
769,1,3,12.956000000000017,,13518,"[954, 270]",False,Left,True,0.0,False,medium,False,"[[906, 78], [690, 240]]",,[],,0.4281286271539505,0.3976697356589086
770,1,3,12.97199999999998,,13518,"[954, 270]",False,Left,True,0.0,False,medium,False,"[[912, 72], [696, 234], [552, 810]]",,[],,0.16531120007408498,-0.18129477898999147
771,1,3,12.989000000000033,,13518,"[954, 270]",False,Left,True,0.0,False,medium,False,"[[918, 66], [702, 228], [558, 804]]",,[],,0.16531120007408498,-0.18129477898999147
772,1,3,13.005999999999972,,13518,"[954, 270]",False,Left,True,0.0,False,medium,False,"[[924, 60], [708, 222], [564, 798]]",,[],,0.17227886160588057,-0.18062547586390099
773,1,3,13.020999999999958,,13518,"[954, 270]",False,Left,True,0.0,False,medium,False,"[[930, 54], [714, 216], [570, 792], [894, 810]]",,[],,0.17227886160588057,-0.18062547586390099
774,1,3,13.037000000000035,,13518,"[954, 270]",False,Left,True,0.0,False,medium,False,"[[936, 48], [720, 210], [576, 786], [900, 804]]",,[],,0.4680048326139377,0.34710522198347893
775,1,3,13.052999999999997,,13518,"[954, 270]",False,Left,True,0.0,False,medium,False,"[[942, 42], [726, 204], [582, 780], [906, 798]]",,[],,0.46791989333107925,0.3479469860979071
776,1,3,13.069999999999936,,13518,"[954, 270]",False,Left,True,0.0,False,medium,False,"[[948, 36], [732, 198], [588, 774], [912, 792]]",,[],,0.4235656998618391,0.3937893351694721
777,1,3,13.086999999999989,,13518,"[954, 270]",False,Left,True,0.0,False,medium,False,"[[954, 30], [738, 192], [594, 768], [918, 786]]",,[],,0.4235656998618391,0.3937893351694721
778,1,3,13.102999999999952,,13518,"[954, 270]",False,Left,True,0.0,False,medium,False,"[[960, 24], [744, 186], [600, 762], [924, 780]]",,[],,0.4089258990983334,0.36291119173428654
779,1,3,13.119000000000028,,13518,"[954, 270]",False,,True,0.0,False,medium,False,"[[966, 18], [750, 180], [606, 756], [930, 774]]",,[],,0.4089258990983334,0.36291119173428654
780,1,3,13.135999999999967,,13518,"[954, 270]",False,,True,0.0,False,medium,False,"[[966, 12], [750, 174], [606, 750], [930, 768]]",,[],,0.40779630263584793,0.35954858683590096
781,1,3,13.15300000000002,,13518,"[954, 270]",False,,True,0.0,False,medium,False,"[[966, 6], [750, 168], [606, 744], [930, 762]]",,[],,0.4065447213188384,0.3567415538086067
782,1,3,13.169999999999959,,13518,"[954, 270]",False,,True,0.0,False,medium,False,"[[966, 0], [750, 162], [606, 738], [930, 756]]",,[],,0.4085493492712996,0.3551457461513521
783,1,3,13.187000000000012,,13518,"[954, 270]",False,,True,0.0,False,medium,False,"[[750, 156], [606, 732], [930, 750]]",,[],,0.4093283048725452,0.3562617237208241
784,1,3,13.202999999999975,,13518,"[954, 270]",False,,True,0.0,False,medium,False,"[[750, 150], [606, 726], [930, 744]]",,[],,0.40956799206277417,0.35618533774607675
785,1,3,13.220000000000027,,13518,"[954, 270]",False,,True,0.0,False,medium,False,"[[750, 144], [606, 720], [930, 738]]",,[],,0.40956799206277417,0.35618533774607675
786,1,3,13.236999999999966,,13518,"[954, 270]",False,,True,0.0,False,medium,False,"[[750, 138], [606, 714], [930, 732]]",,[],,0.4102186068157948,0.35805203699805166
787,1,3,13.253000000000043,,13518,"[954, 270]",False,,True,0.0,False,medium,False,"[[750, 132], [606, 708], [930, 726]]",,[],,0.41032927665894536,0.3593976102499552
788,1,3,13.269000000000005,,13518,"[954, 270]",False,,True,0.0,False,medium,False,"[[750, 126], [606, 702], [930, 720]]",,[],,0.3985111353551484,0.3474448968610473
789,1,3,13.284999999999968,,13518,"[954, 270]",False,,True,0.0,False,medium,False,"[[750, 120], [606, 696], [930, 714]]",,[],,0.38772766143927234,0.33050156970002353
790,1,3,13.302000000000021,,13518,"[954, 270]",False,,True,0.0,False,medium,False,"[[750, 114], [606, 690], [930, 708]]",,[],,0.38411164764869216,0.3240137489712003
791,1,3,13.317999999999984,,13518,"[954, 270]",False,,True,0.0,False,medium,False,"[[750, 108], [606, 684], [930, 702]]",,[],,0.3828432409742143,0.32240090052833104
792,1,3,13.335000000000036,,13518,"[954, 270]",False,,True,0.0,False,medium,False,"[[750, 102], [606, 678], [930, 696]]",,[],,0.3829141065476193,0.3212224771328782
793,1,3,13.351999999999975,,13518,"[954, 270]",False,,True,0.0,False,medium,False,"[[750, 96], [606, 672], [930, 690]]",,[],,0.17605766731146844,-0.23953893455899578
794,1,3,13.367999999999938,,13518,"[954, 270]",False,,True,0.0,False,medium,False,"[[750, 90], [606, 666], [930, 684]]",,[],,0.3821796822279907,0.3178241527551172
795,1,3,13.384999999999991,,13518,"[954, 270]",False,,True,0.0,False,medium,False,"[[750, 84], [606, 660], [930, 678]]",,[],,0.3823467111481907,0.31850858098579216
796,1,3,13.402000000000044,,13518,"[954, 270]",False,,True,0.0,False,medium,False,"[[750, 78], [606, 654], [930, 672]]",,[],,0.1657528329991896,-0.2114819847040068
797,1,3,13.418999999999983,,13518,"[954, 270]",False,,True,0.0,False,medium,False,"[[750, 72], [606, 648], [930, 666]]",,[],,0.3828938966612726,0.3241969453201622
798,1,3,13.436000000000035,,13518,"[954, 270]",False,,True,0.0,False,medium,False,"[[750, 66], [606, 642], [930, 660]]",,[],,0.38320092232954567,0.3277546518142639
799,1,3,13.452999999999975,,13518,"[954, 270]",False,,True,0.0,False,medium,False,"[[750, 60], [606, 636], [930, 654]]",,[],,0.38336654659449787,0.32818974551999913
800,1,3,13.470000000000027,,13518,"[954, 270]",False,,True,0.0,False,medium,False,"[[750, 54], [606, 630], [930, 648]]",,[],,0.38399127805612776,0.3296262623309948
801,1,3,13.486999999999966,,13518,"[954, 270]",False,Left,True,0.0,False,medium,False,"[[750, 48], [606, 624], [930, 642]]",,[],,0.39343547935604745,0.32868188326793046
802,1,3,13.503000000000043,,13518,"[954, 270]",False,Left,True,0.0,False,medium,False,"[[756, 42], [612, 618], [936, 636]]",,[],,0.40797204853316593,0.323087288518939
803,1,3,13.519999999999982,,13518,"[954, 270]",False,Left,True,0.0,False,medium,False,"[[762, 36], [618, 612], [942, 630], [726, 810]]",,[],,0.4099041417925333,0.3264020802759455
804,1,3,13.537000000000035,,13518,"[954, 270]",False,Left,True,0.0,False,medium,False,"[[768, 30], [624, 606], [948, 624], [732, 804]]",,[],,0.41081472278415576,0.3283056781033302
805,1,3,13.553999999999974,,13518,"[954, 270]",False,Left,True,0.0,False,medium,False,"[[774, 24], [630, 600], [954, 618], [738, 798]]",,[],,0.4113224523741247,0.3302744239482778
806,1,3,13.571000000000026,,13518,"[954, 270]",False,Left,True,0.0,False,medium,False,"[[780, 18], [636, 594], [960, 612], [744, 792]]",,[],,0.4127687072559413,0.33227422933530404
807,1,3,13.586999999999989,,13518,"[954, 270]",False,Left,True,0.0,False,medium,False,"[[786, 12], [642, 588], [966, 606], [750, 786]]",,[],,0.41368617703626176,0.3356474459463382
808,1,3,13.604000000000042,,13518,"[954, 270]",False,,True,0.0,False,medium,False,"[[792, 6], [648, 582], [972, 600], [756, 780]]",,[],,0.4131753559752266,0.3368854368646951
809,1,3,13.620000000000005,,13518,"[954, 270]",False,,True,0.0,False,medium,False,"[[792, 0], [648, 576], [972, 594], [756, 774]]",,[],,0.4132753784586446,0.33776640081550546
810,1,3,13.636999999999944,,13518,"[954, 270]",False,,True,0.0,False,medium,False,"[[648, 570], [972, 588], [756, 768]]",,[],,0.4136776472111906,0.34021700867153837
811,1,3,13.654999999999973,,13518,"[954, 270]",False,,True,0.0,False,medium,False,"[[648, 564], [972, 582], [756, 762]]",,[],,0.41340613182366814,0.3411384800171402
812,1,3,13.672000000000025,,13518,"[954, 270]",False,,True,0.0,False,medium,False,"[[648, 558], [972, 576], [756, 756]]",,[],,0.4137037220912963,0.3423441418213121
813,1,3,13.687999999999988,,13518,"[954, 270]",False,,True,0.0,False,medium,False,"[[648, 552], [972, 570], [756, 750]]",,[],,0.41388868913537474,0.3450002166287168
814,1,3,13.706000000000017,,13518,"[954, 270]",False,Right,True,0.0,False,medium,False,"[[648, 546], [972, 564], [756, 744]]",,[],,0.41448858501397323,0.3485955233020892
815,1,3,13.722999999999956,,13518,"[954, 270]",False,Right,True,0.0,False,medium,False,"[[642, 540], [966, 558], [750, 738]]",,[],,0.41448858501397323,0.3485955233020892
816,1,3,13.739000000000033,,13518,"[954, 270]",False,Right,True,0.0,False,medium,False,"[[636, 534], [960, 552], [744, 732]]",,[],,0.4155340962145632,0.35211053029357653
817,1,3,13.755999999999972,,13518,"[954, 270]",False,Right,True,0.0,False,medium,False,"[[630, 528], [954, 546], [738, 726]]",,[],,0.44617562678426853,0.31951018828840394
818,1,3,13.774000000000001,,13518,"[954, 270]",False,Right,True,0.0,False,medium,False,"[[624, 522], [948, 540], [732, 720]]",,[],,0.4167358086390565,0.356045521215554
819,1,3,13.788999999999987,,13518,"[954, 270]",False,Right,True,0.0,False,medium,False,"[[618, 516], [942, 534], [726, 714]]",,[],,0.4167358086390565,0.356045521215554
820,1,3,13.80600000000004,,13518,"[954, 270]",False,Right,True,0.0,False,medium,False,"[[612, 510], [936, 528], [720, 708]]",,[],,0.4178898804725316,0.35949583983648536
821,1,3,13.822999999999979,,13518,"[954, 270]",False,Right,True,0.0,False,medium,False,"[[606, 504], [930, 522], [714, 702]]",,[],,0.4178898804725316,0.35949583983648536
822,1,3,13.840000000000032,,13518,"[954, 270]",False,Right,True,0.0,False,medium,False,"[[600, 498], [924, 516], [708, 696]]",,[],,0.41778373407445,0.36045470887407005
823,1,3,13.855999999999995,,13518,"[954, 270]",False,Right,True,0.0,False,medium,False,"[[594, 492], [918, 510], [702, 690]]",,[],,0.45028915491543886,0.3255358982297598
824,1,3,13.873000000000047,,13518,"[954, 270]",False,Right,True,0.0,False,medium,False,"[[588, 486], [912, 504], [696, 684]]",,[],,0.41765349440092664,0.3649358811575434
825,1,3,13.889999999999986,,13518,"[954, 270]",False,Right,True,0.0,False,medium,False,"[[582, 480], [906, 498], [690, 678]]",,[],,0.41755343886875707,0.36457332793069896
826,1,3,13.905999999999949,,13518,"[954, 270]",False,Right,True,0.0,False,medium,False,"[[576, 474], [900, 492], [684, 672]]",,[],,0.17528464952241568,-0.16826981510385353
827,1,3,13.922000000000025,,13518,"[954, 270]",False,Right,True,0.0,False,medium,False,"[[570, 468], [894, 486], [678, 666]]",,[],,0.45002845632578775,0.3301666662650805
828,1,3,13.937999999999988,,13518,"[954, 270]",False,Right,True,0.0,False,medium,False,"[[564, 462], [888, 480], [672, 660]]",,[],,0.41750846406627956,0.3697983385001662
829,1,3,13.955000000000041,,13518,"[954, 270]",False,Right,True,0.0,False,medium,False,"[[558, 456], [882, 474], [666, 654]]",,[],,0.4180968085262231,0.3711669275933632
830,1,3,13.971000000000004,,13518,"[954, 270]",False,Right,True,0.0,False,medium,False,"[[552, 450], [876, 468], [660, 648]]",,[],,0.41817206307978055,0.3718467909388786
831,1,3,13.987999999999943,,13518,"[954, 270]",False,Right,True,0.0,False,medium,False,"[[546, 444], [870, 462], [654, 642]]",,[],,0.41932607406036676,0.3728960297286651
832,1,3,14.004999999999995,,13518,"[954, 270]",False,Right,True,0.0,False,medium,False,"[[540, 438], [864, 456], [648, 636]]",,[],,0.4200550334386218,0.37433326652342025
833,1,3,14.020999999999958,,13518,"[954, 270]",False,Right,True,0.0,False,medium,False,"[[534, 432], [858, 450], [642, 630]]",,[],,0.41991781380772253,0.3755720488170289
834,1,3,14.038000000000011,,13518,"[954, 270]",False,,True,0.0,False,medium,False,"[[528, 426], [852, 444], [636, 624]]",,[],,0.419931694877653,0.3756298955426599
835,1,3,14.053999999999974,,13518,"[954, 270]",False,,True,0.0,False,medium,False,"[[528, 420], [852, 438], [636, 618]]",,[],,0.41960331798058564,0.37774899169639253
836,1,3,14.069999999999936,,13518,"[954, 270]",False,,True,0.0,False,medium,False,"[[528, 414], [852, 432], [636, 612]]",,[],,0.4193579776468095,0.378676829059155
837,1,3,14.086999999999989,,13518,"[954, 270]",False,,True,0.0,False,medium,False,"[[528, 408], [852, 426], [636, 606]]",,[],,0.420183751050902,0.37840239862205116
838,1,3,14.105000000000018,,13518,"[954, 270]",False,,True,0.0,False,medium,False,"[[528, 402], [852, 420], [636, 600]]",,[],,0.4218537632775715,0.36956365281164283
839,1,3,14.121999999999957,,13518,"[954, 270]",False,Left,True,0.0,False,medium,False,"[[528, 396], [852, 414], [636, 594]]",,[],,0.4291776063855231,0.3576377558698548
840,1,3,14.136999999999944,,13518,"[954, 270]",False,Left,True,0.0,False,medium,False,"[[534, 390], [858, 408], [642, 588]]",,[],,0.42946809488348753,0.3569032530200993
841,1,3,14.153999999999996,,13518,"[954, 270]",False,Left,True,0.0,False,medium,False,"[[540, 384], [864, 402], [648, 582]]",,[],,0.46100197412528343,0.3243231881180305
842,1,3,14.17100000000005,,13518,"[954, 270]",False,Left,True,0.0,False,medium,False,"[[546, 378], [870, 396], [654, 576], [924, 810]]",,[],,0.42979707410235957,0.35665059344099403
843,1,3,14.187999999999988,,13518,"[954, 270]",False,Left,True,0.0,False,medium,False,"[[552, 372], [876, 390], [660, 570], [930, 804]]",,[],,0.46109952199570864,0.3225459121608554
844,1,3,14.20399999999995,,13518,"[954, 270]",False,Left,True,0.0,False,medium,False,"[[558, 366], [882, 384], [666, 564], [936, 798]]",,[],,0.46109952199570864,0.3225459121608554
845,1,3,14.220000000000027,,13518,"[954, 270]",False,Left,True,0.0,False,medium,False,"[[564, 360], [888, 378], [672, 558], [942, 792]]",,[],,0.42918906330989437,0.3575849623944841
846,1,3,14.23599999999999,,13518,"[954, 270]",False,Left,True,0.0,False,medium,False,"[[570, 354], [894, 372], [678, 552], [948, 786]]",,[],,0.42918906330989437,0.3575849623944841
847,1,3,14.251999999999953,,13518,"[954, 270]",False,Left,True,0.0,False,medium,False,"[[576, 348], [900, 366], [684, 546], [954, 780]]",,[],,0.4293257765787911,0.3577074203877876
848,1,3,14.269999999999982,,13518,"[954, 270]",False,Left,True,0.0,False,medium,False,"[[582, 342], [906, 360], [690, 540], [960, 774]]",,[],,0.42961096736504495,0.35935308521403797
849,1,3,14.285999999999945,,13518,"[954, 270]",False,Left,True,0.0,False,medium,False,"[[588, 336], [912, 354], [696, 534], [966, 768]]",,[],,0.4297028903090571,0.36281333947080885
850,1,3,14.302000000000021,,13518,"[954, 270]",False,,True,0.0,False,medium,False,"[[594, 330], [918, 348], [702, 528], [972, 762]]",,[],,0.4297028903090571,0.36281333947080885
851,1,3,14.317999999999984,,13518,"[954, 270]",False,,True,0.0,False,medium,False,"[[594, 324], [918, 342], [702, 522], [972, 756]]",,[],,0.42749802779209417,0.36654804879540337
852,1,3,14.335000000000036,,13518,"[954, 270]",False,,True,0.0,False,medium,False,"[[594, 318], [918, 336], [702, 516], [972, 750]]",,[],,0.42749802779209417,0.36654804879540337
853,1,3,14.350999999999999,,13518,"[954, 270]",False,,True,0.0,False,medium,False,"[[594, 312], [918, 330], [702, 510], [972, 744]]",,[],,0.41651426003251846,0.36911914287371783
854,1,3,14.366999999999962,,13518,"[954, 270]",False,,True,0.0,False,medium,False,"[[594, 306], [918, 324], [702, 504], [972, 738], [1134, 810]]",,[],,0.41651426003251846,0.36911914287371783
855,1,3,14.384000000000015,,13518,"[954, 270]",False,,True,0.0,False,medium,False,"[[594, 300], [918, 318], [702, 498], [972, 732], [1134, 804]]",,[],,0.4160738861480155,0.36829185555112887
856,1,3,14.399999999999977,,13518,"[954, 270]",False,Right,True,0.0,False,medium,False,"[[594, 294], [918, 312], [702, 492], [972, 726], [1134, 798]]",,[],,0.4160738861480155,0.36829185555112887
857,1,3,14.418000000000006,,13518,"[954, 270]",False,Right,True,0.0,False,medium,False,"[[588, 288], [912, 306], [696, 486], [966, 720], [1128, 792]]",,[],,0.4147393441041056,0.36692371153710523
858,1,3,14.434999999999945,,13518,"[954, 270]",False,Right,True,0.0,False,medium,False,"[[582, 282], [906, 300], [690, 480], [960, 714], [1122, 786]]",,[],,0.4147393441041056,0.36692371153710523
859,1,3,14.451000000000022,,13518,"[954, 270]",False,Right,True,0.0,False,medium,False,"[[576, 276], [900, 294], [684, 474], [954, 708], [1116, 780]]",,[],,0.4140019174790579,0.36869301771419505
860,1,3,14.467999999999961,,13518,"[954, 270]",False,Right,True,0.0,False,medium,False,"[[570, 270], [894, 288], [678, 468], [948, 702], [1110, 774]]",,[],,0.4140019174790579,0.36869301771419505
861,1,3,14.485000000000014,,13518,"[954, 270]",False,Right,True,0.0,False,medium,False,"[[564, 264], [888, 282], [672, 462], [942, 696], [1104, 768]]",,[],,0.4137209889496723,0.37267788241332667
862,1,3,14.501999999999953,,13518,"[954, 270]",False,Right,True,0.0,False,medium,False,"[[558, 258], [882, 276], [666, 456], [936, 690], [1098, 762]]",,[],,0.4137209889496723,0.37267788241332667
863,1,3,14.519999999999982,,13518,"[954, 270]",False,Right,True,0.0,False,medium,False,"[[552, 252], [876, 270], [660, 450], [930, 684], [1092, 756]]",,[],,0.4148213874242968,0.3754247623585951
864,1,3,14.535999999999945,,13518,"[954, 270]",False,Right,True,0.0,False,medium,False,"[[546, 246], [870, 264], [654, 444], [924, 678], [1086, 750]]",,[],,0.4148213874242968,0.3754247623585951
865,1,3,14.552999999999997,,13518,"[954, 270]",False,Right,True,0.0,False,medium,False,"[[540, 240], [864, 258], [648, 438], [918, 672], [1080, 744]]",,[],,0.4157341324269992,0.37924887222559733
866,1,3,14.569999999999936,,13518,"[954, 270]",False,Right,True,0.0,False,medium,False,"[[534, 234], [858, 252], [642, 432], [912, 666], [1074, 738]]",,[],,0.4157341324269992,0.37924887222559733
867,1,3,14.586000000000013,,13518,"[954, 270]",False,Right,True,0.0,False,medium,False,"[[528, 228], [852, 246], [636, 426], [906, 660], [1068, 732]]",,[],,0.415795395533339,0.38180292132192384
868,1,3,14.601999999999975,,13518,"[954, 270]",False,Right,True,0.0,False,medium,False,"[[522, 222], [846, 240], [630, 420], [900, 654], [1062, 726]]",,[],,0.415795395533339,0.38180292132192384
869,1,3,14.619000000000028,,13518,"[954, 270]",False,Right,True,0.0,False,medium,False,"[[516, 216], [840, 234], [624, 414], [894, 648], [1056, 720]]",,[],,0.41570207659949504,0.3838408678543197
870,1,3,14.635999999999967,,13518,"[954, 270]",False,Right,True,0.0,False,medium,False,"[[510, 210], [834, 228], [618, 408], [888, 642], [1050, 714]]",,[],,0.41570207659949504,0.3838408678543197
871,1,3,14.65300000000002,,13518,"[954, 270]",False,Right,True,0.0,False,medium,False,"[[504, 204], [828, 222], [612, 402], [882, 636], [1044, 708]]",,[],,0.4153799898296283,0.38553634984513363
872,1,3,14.669999999999959,,13518,"[954, 270]",False,Right,True,0.0,False,medium,False,"[[498, 198], [822, 216], [606, 396], [876, 630], [1038, 702]]",,[],,0.4153799898296283,0.38553634984513363
873,1,3,14.687999999999988,,13518,"[954, 270]",False,Right,True,0.0,False,medium,False,"[[492, 192], [816, 210], [600, 390], [870, 624], [1032, 696]]",,[],,0.4153444295395648,0.38650770746462193
874,1,3,14.705000000000041,,13518,"[954, 270]",False,Right,True,0.0,False,medium,False,"[[486, 186], [810, 204], [594, 384], [864, 618], [1026, 690]]",,[],,0.41572762624442994,0.3876598615561949
875,1,3,14.72199999999998,,13518,"[954, 270]",False,Right,True,0.0,False,medium,False,"[[480, 180], [804, 198], [588, 378], [858, 612], [1020, 684]]",,[],,0.16436503874909764,-0.1500520894061883
876,1,3,14.740000000000009,,13518,"[954, 270]",False,,True,0.0,False,medium,False,"[[474, 174], [798, 192], [582, 372], [852, 606], [1014, 678]]",,[],,0.16436503874909764,-0.1500520894061883
877,1,3,14.755999999999972,,13518,"[954, 270]",False,,True,0.0,False,medium,False,"[[474, 168], [798, 186], [582, 366], [852, 600], [1014, 672]]",,[],,0.4143845127310791,0.39128836129964273
878,1,3,14.773000000000025,,13518,"[954, 270]",False,,True,0.0,False,medium,False,"[[474, 162], [798, 180], [582, 360], [852, 594], [1014, 666]]",,[],,0.4144291297634374,0.39175665221350753
879,1,3,14.789999999999964,,13518,"[954, 270]",False,,True,0.0,False,medium,False,"[[474, 156], [798, 174], [582, 354], [852, 588], [1014, 660]]",,[],,0.4121261714576675,0.3926645896256643
880,1,3,14.807000000000016,,13518,"[954, 270]",False,,True,0.0,False,medium,False,"[[474, 150], [798, 168], [582, 348], [852, 582], [1014, 654]]",,[],,0.4121261714576675,0.3926645896256643
881,1,3,14.822999999999979,,13518,"[954, 270]",False,,True,0.0,False,medium,False,"[[474, 144], [798, 162], [582, 342], [852, 576], [1014, 648]]",,[],,0.15269775791842627,-0.20378999545378673
882,1,3,14.841000000000008,,13518,"[954, 270]",False,Left,True,0.0,False,medium,False,"[[474, 138], [798, 156], [582, 336], [852, 570], [1014, 642]]",,[],,0.161443735185382,-0.19370497218634908
883,1,3,14.856999999999971,,13518,"[954, 270]",False,Left,True,0.0,False,medium,False,"[[480, 132], [804, 150], [588, 330], [858, 564], [1020, 636]]",,[],,0.40995224210819325,0.3958078061906847
884,1,3,14.875999999999976,,13518,"[954, 270]",False,Left,True,0.0,False,medium,False,"[[486, 126], [810, 144], [594, 324], [864, 558], [1026, 630], [810, 810]]",,[],,0.1675700039266182,-0.1434774757178805
885,1,3,14.891999999999939,,13518,"[954, 270]",False,Left,True,0.0,False,medium,False,"[[492, 120], [816, 138], [600, 318], [870, 552], [1032, 624], [816, 804]]",,[],,0.15829782291687552,-0.18710178415734502
886,1,3,14.908000000000015,,13518,"[954, 270]",False,Left,True,0.0,False,medium,False,"[[498, 114], [822, 132], [606, 312], [876, 546], [1038, 618], [822, 798]]",,[],,0.15145873525347478,-0.2053400611817371
887,1,3,14.924999999999955,,13518,"[954, 270]",False,Left,True,0.0,False,medium,False,"[[504, 108], [828, 126], [612, 306], [882, 540], [1044, 612], [828, 792]]",,[],,0.16383853882551516,-0.1372549047644649
888,1,3,14.941000000000031,,13518,"[954, 270]",False,Left,True,0.0,False,medium,False,"[[510, 102], [834, 120], [618, 300], [888, 534], [1050, 606], [834, 786]]",,[],,0.4492477163509065,0.34779153193884216
889,1,3,14.95799999999997,,13518,"[954, 270]",False,Left,True,0.0,False,medium,False,"[[516, 96], [840, 114], [624, 294], [894, 528], [1056, 600], [840, 780]]",,[],,0.45025163907075827,0.34902832220461244
890,1,3,14.975000000000023,,13518,"[954, 270]",False,Left,True,0.0,False,medium,False,"[[522, 90], [846, 108], [630, 288], [900, 522], [1062, 594], [846, 774]]",,[],,0.16503233857544766,-0.14613544632001796
891,1,3,14.990999999999985,,13518,"[954, 270]",False,Left,True,0.0,False,medium,False,"[[528, 84], [852, 102], [636, 282], [906, 516], [1068, 588], [852, 768]]",,[],,0.4509020143432383,0.351281604592098
892,1,3,15.008000000000038,,13518,"[954, 270]",False,Left,True,0.0,False,medium,False,"[[534, 78], [858, 96], [642, 276], [912, 510], [1074, 582], [858, 762]]",,[],,0.4509020143432383,0.351281604592098
893,1,3,15.024999999999977,,13518,"[954, 270]",False,Left,True,0.0,False,medium,False,"[[540, 72], [864, 90], [648, 270], [918, 504], [1080, 576], [864, 756]]",,[],,0.453809598154103,0.3566484292246097
894,1,3,15.04099999999994,,13518,"[954, 270]",False,Left,True,0.0,False,medium,False,"[[546, 66], [870, 84], [654, 264], [924, 498], [1086, 570], [870, 750]]",,[],,0.454626425532265,0.35721533963500307
895,1,3,15.057000000000016,,13518,"[954, 270]",False,Left,True,0.0,False,medium,False,"[[552, 60], [876, 78], [660, 258], [930, 492], [1092, 564], [876, 744]]",,[],,0.4091045397206906,0.3909588226650106
896,1,3,15.075000000000045,,13518,"[954, 270]",False,Left,True,0.0,False,medium,False,"[[558, 54], [882, 72], [666, 252], [936, 486], [1098, 558], [882, 738]]",,[],,0.4091045397206906,0.3909588226650106
897,1,3,15.091999999999985,,13518,"[954, 270]",False,Left,True,0.0,False,medium,False,"[[564, 48], [888, 66], [672, 246], [942, 480], [1104, 552], [888, 732]]",,[],,0.4103121177316419,0.38662253256150714
898,1,3,15.107999999999947,,13518,"[954, 270]",False,Left,True,0.0,False,medium,False,"[[570, 42], [894, 60], [678, 240], [948, 474], [1110, 546], [894, 726]]",,[],,0.16500430870883936,-0.19661032981074533
899,1,3,15.125,,13518,"[954, 270]",False,Left,True,0.0,False,medium,False,"[[576, 36], [900, 54], [684, 234], [954, 468], [1116, 540], [900, 720]]",,[],,0.44668646060540595,0.339845927119212
900,1,3,15.141999999999939,,13518,"[954, 270]",False,Left,True,0.0,False,medium,False,"[[582, 30], [906, 48], [690, 228], [960, 462], [1122, 534], [906, 714]]",,[],,0.4471833713380934,0.338603343076896
901,1,3,15.158999999999992,,13518,"[954, 270]",False,Left,True,0.0,False,medium,False,"[[588, 24], [912, 42], [696, 222], [966, 456], [1128, 528], [912, 708]]",,[],,0.4124209531124052,0.3876239453499485
902,1,3,15.174999999999955,,13518,"[954, 270]",False,Left,True,0.0,False,medium,False,"[[594, 18], [918, 36], [702, 216], [972, 450], [1134, 522], [918, 702]]",,[],,0.4124209531124052,0.3876239453499485
903,1,3,15.191000000000031,,13518,"[954, 270]",False,Left,True,0.0,False,medium,False,"[[600, 12], [924, 30], [708, 210], [978, 444], [1140, 516], [924, 696]]",,[],,0.4134242567088243,0.38731520867837965
904,1,3,15.20799999999997,,13518,"[954, 270]",False,Left,True,0.0,False,medium,False,"[[606, 6], [930, 24], [714, 204], [984, 438], [1146, 510], [930, 690]]",,[],,0.4134242567088243,0.38731520867837965
905,1,3,15.225000000000023,,13518,"[954, 270]",False,Left,True,0.0,False,medium,False,"[[612, 0], [936, 18], [720, 198], [990, 432], [1152, 504], [936, 684]]",,[],,0.1651758414297285,-0.14943277604206262
906,1,3,15.241999999999962,,13518,"[954, 270]",False,Left,True,0.0,False,medium,False,"[[942, 12], [726, 192], [996, 426], [1158, 498], [942, 678]]",,[],,0.4131219960006357,0.38572931438087543
907,1,3,15.258000000000038,,13518,"[954, 270]",False,Left,True,0.0,False,medium,False,"[[948, 6], [732, 186], [1002, 420], [1164, 492], [948, 672]]",,"[[1398, 810]]",,0.4086843715234118,0.35958525450908496
908,1,3,15.274999999999977,,13518,"[954, 270]",False,Left,True,0.0,False,medium,False,"[[954, 0], [738, 180], [1008, 414], [1170, 486], [954, 666]]",,"[[1404, 804]]",,0.4086843715234118,0.35958525450908496
909,1,3,15.29200000000003,,13518,"[954, 270]",False,Left,True,0.0,False,medium,False,"[[744, 174], [1014, 408], [1176, 480], [960, 660]]",,"[[1410, 798]]",,0.4086939542585359,0.35730953786813313
910,1,3,15.307999999999993,,13518,"[954, 270]",False,Left,True,0.0,False,medium,False,"[[750, 168], [1020, 402], [1182, 474], [966, 654]]",,"[[1416, 792]]",,0.4086939542585359,0.35730953786813313
911,1,3,15.323999999999955,,13518,"[954, 270]",False,Left,True,0.0,False,medium,False,"[[756, 162], [1026, 396], [1188, 468], [972, 648]]",,"[[1422, 786]]",,0.165339886346702,-0.15938866979483834
912,1,3,15.340000000000032,,13518,"[954, 270]",False,Left,True,0.0,False,medium,False,"[[762, 156], [1032, 390], [1194, 462], [978, 642]]",,"[[1428, 780]]",,0.165339886346702,-0.15938866979483834
913,1,3,15.356999999999971,,13518,"[954, 270]",False,Left,True,0.0,False,medium,False,"[[768, 150], [1038, 384], [1200, 456], [984, 636]]",,"[[1434, 774]]",,0.41181852767051763,0.3617567582438024
914,1,3,15.371999999999957,,13518,"[954, 270]",False,Left,True,0.0,False,medium,False,"[[774, 144], [1044, 378], [1206, 450], [990, 630]]",,"[[1440, 768]]",,0.41181852767051763,0.3617567582438024
915,1,3,15.38900000000001,,13518,"[954, 270]",False,Left,True,0.0,False,medium,False,"[[780, 138], [1050, 372], [1212, 444], [996, 624]]",,"[[1446, 762]]",,0.4127395435430983,0.36354593926662127
916,1,3,15.404999999999973,,13518,"[954, 270]",False,Left,True,0.0,False,medium,False,"[[786, 132], [1056, 366], [1218, 438], [1002, 618]]",,"[[1452, 756]]",,0.4127395435430983,0.36354593926662127
917,1,3,15.422000000000025,,13518,"[954, 270]",False,Left,True,0.0,False,medium,False,"[[792, 126], [1062, 360], [1224, 432], [1008, 612], [954, 810]]",,"[[1458, 750]]",,0.4128023781508574,0.3646638842260904
918,1,3,15.438999999999965,,13518,"[954, 270]",False,Left,True,0.0,False,medium,False,"[[798, 120], [1068, 354], [1230, 426], [1014, 606], [960, 804]]",,"[[1464, 744]]",,0.4128023781508574,0.3646638842260904
919,1,3,15.456000000000017,,13518,"[954, 270]",False,Left,True,0.0,False,medium,False,"[[804, 114], [1074, 348], [1236, 420], [1020, 600], [966, 798]]",,"[[1470, 738]]",,0.14663816131685747,-0.21489591985502776
920,1,3,15.472999999999956,,13518,"[954, 270]",False,Left,True,0.0,False,medium,False,"[[810, 108], [1080, 342], [1242, 414], [1026, 594], [972, 792]]",,"[[1476, 732]]",,0.14663816131685747,-0.21489591985502776
921,1,3,15.490000000000009,,13518,"[954, 270]",False,Left,True,0.0,False,medium,False,"[[816, 102], [1086, 336], [1248, 408], [1032, 588], [978, 786]]",,"[[1482, 726]]",,0.17247682447200813,-0.15208806122027196
922,1,3,15.506999999999948,,13518,"[954, 270]",False,Left,True,0.0,False,medium,False,"[[822, 96], [1092, 330], [1254, 402], [1038, 582], [984, 780]]",,"[[1488, 720]]",,0.17247682447200813,-0.15208806122027196
923,1,3,15.524000000000001,,13518,"[954, 270]",False,Left,True,0.0,False,medium,False,"[[828, 90], [1098, 324], [1260, 396], [1044, 576], [990, 774]]",,"[[1494, 714]]",,0.4511382280138405,0.3244912358531923
924,1,3,15.539999999999964,,13518,"[954, 270]",False,Left,True,0.0,False,medium,False,"[[834, 84], [1104, 318], [1266, 390], [1050, 570], [996, 768]]",,"[[1500, 708]]",,0.4511382280138405,0.3244912358531923
925,1,3,15.55600000000004,,13518,"[954, 270]",False,Left,True,0.0,False,medium,False,"[[840, 78], [1110, 312], [1272, 384], [1056, 564], [1002, 762]]",,"[[1506, 702]]",,0.5312265183206105,0.36225896534200286
926,1,3,15.572999999999979,,13518,"[954, 270]",False,,True,0.0,False,medium,False,"[[846, 72], [1116, 306], [1278, 378], [1062, 558], [1008, 756]]",,"[[1506, 696]]",,0.5312265183206105,0.36225896534200286
927,1,3,15.588999999999942,,13518,"[954, 270]",False,,True,0.0,False,medium,False,"[[846, 66], [1116, 300], [1278, 372], [1062, 552], [1008, 750]]",,"[[1506, 690]]",,0.16146555984092967,-0.20411975782891645
928,1,3,15.605000000000018,,13518,"[954, 270]",False,,True,0.0,False,medium,False,"[[846, 60], [1116, 294], [1278, 366], [1062, 546], [1008, 744]]",,"[[1506, 684]]",,0.16146555984092967,-0.20411975782891645
929,1,3,15.620999999999981,,13518,"[954, 270]",False,,True,0.0,False,medium,False,"[[846, 54], [1116, 288], [1278, 360], [1062, 540], [1008, 738]]",,"[[1506, 678]]",,0.08810431120381831,-0.11787603831640014
930,1,3,15.636999999999944,,13518,"[954, 270]",False,,True,0.0,False,medium,False,"[[846, 48], [1116, 282], [1278, 354], [1062, 534], [1008, 732]]",,"[[1506, 672]]",,0.08810431120381831,-0.11787603831640014
931,1,3,15.65300000000002,,13518,"[954, 270]",False,,True,0.0,False,medium,False,"[[846, 42], [1116, 276], [1278, 348], [1062, 528], [1008, 726]]",,"[[1506, 666]]",,0.43576126847681607,0.23362274042770192
932,1,3,15.668999999999983,,13518,"[954, 270]",False,,True,0.0,False,medium,False,"[[846, 36], [1116, 270], [1278, 342], [1062, 522], [1008, 720], [828, 810]]",,"[[1506, 660]]",,0.43576126847681607,0.23362274042770192
933,1,3,15.684999999999945,,13518,"[954, 270]",False,,True,0.0,False,medium,False,"[[846, 30], [1116, 264], [1278, 336], [1062, 516], [1008, 714], [828, 804]]",,"[[1506, 654]]",,0.1868214513767812,-0.16104215525206889
934,1,3,15.701999999999998,,13518,"[954, 270]",False,,True,0.0,False,medium,False,"[[846, 24], [1116, 258], [1278, 330], [1062, 510], [1008, 708], [828, 798]]",,"[[1506, 648]]",,0.1868214513767812,-0.16104215525206889
935,1,3,15.718999999999937,,13518,"[954, 270]",False,,True,0.0,False,medium,False,"[[846, 18], [1116, 252], [1278, 324], [1062, 504], [1008, 702], [828, 792]]",,"[[1506, 642]]",,0.4685108895368413,0.30228432279326
936,1,3,15.735000000000014,,13518,"[954, 270]",False,,True,0.0,False,medium,False,"[[846, 12], [1116, 246], [1278, 318], [1062, 498], [1008, 696], [828, 786]]",,"[[1506, 636]]",,0.4685108895368413,0.30228432279326
937,1,3,15.750999999999976,,13518,"[954, 270]",False,,True,0.0,False,medium,False,"[[846, 6], [1116, 240], [1278, 312], [1062, 492], [1008, 690], [828, 780]]",,"[[1506, 630]]",,0.41236829676026093,0.43882636866578095
938,1,3,15.768000000000029,,13518,"[954, 270]",False,,True,0.0,False,medium,False,"[[846, 0], [1116, 234], [1278, 306], [1062, 486], [1008, 684], [828, 774]]",,"[[1506, 624]]",,0.41236829676026093,0.43882636866578095
939,1,3,15.784999999999968,,13518,"[954, 270]",False,,True,0.0,False,medium,False,"[[1116, 228], [1278, 300], [1062, 480], [1008, 678], [828, 768]]",,"[[1506, 618]]",,0.4118906001230481,0.4383863089643576
940,1,3,15.802000000000021,,13518,"[954, 270]",False,,True,0.0,False,medium,False,"[[1116, 222], [1278, 294], [1062, 474], [1008, 672], [828, 762]]",,"[[1506, 612]]",,0.4118906001230481,0.4383863089643576
941,1,3,15.817999999999984,,13518,"[954, 270]",False,,True,0.0,False,medium,False,"[[1116, 216], [1278, 288], [1062, 468], [1008, 666], [828, 756]]",,"[[1506, 606]]",,0.17201519170020158,-0.1492979890102626
942,1,3,15.835000000000036,,13518,"[954, 270]",False,,True,0.0,False,medium,False,"[[1116, 210], [1278, 282], [1062, 462], [1008, 660], [828, 750]]",,"[[1506, 600]]",,0.17201519170020158,-0.1492979890102626
943,1,3,15.851999999999975,,13518,"[954, 270]",False,,True,0.0,False,medium,False,"[[1116, 204], [1278, 276], [1062, 456], [1008, 654], [828, 744]]",,"[[1506, 594]]",,0.45893387142525127,0.3339164238203983
944,1,3,15.867999999999938,,13518,"[954, 270]",False,Left,True,0.0,False,medium,False,"[[1116, 198], [1278, 270], [1062, 450], [1008, 648], [828, 738]]",,"[[1512, 588]]",,0.45893387142525127,0.3339164238203983
945,1,3,15.884999999999991,,13518,"[954, 270]",False,Left,True,0.0,False,medium,False,"[[1122, 192], [1284, 264], [1068, 444], [1014, 642], [834, 732]]",,"[[1518, 582]]",,0.4126328095208921,0.4483076200987829
946,1,3,15.902000000000044,,13518,"[954, 270]",False,Left,True,0.0,False,medium,False,"[[1128, 186], [1290, 258], [1074, 438], [1020, 636], [840, 726]]",,"[[1524, 576]]",,0.4124529371913252,0.44837645325830733
947,1,3,15.918999999999983,,13518,"[954, 270]",False,Left,True,0.0,False,medium,False,"[[1134, 180], [1296, 252], [1080, 432], [1026, 630], [846, 720]]",,"[[1530, 570]]",,0.4127213403420904,0.4487058300640421
948,1,3,15.936000000000035,,13518,"[954, 270]",False,Left,True,0.0,False,medium,False,"[[1140, 174], [1302, 246], [1086, 426], [1032, 624], [852, 714]]",,"[[1536, 564]]",,0.4127213403420904,0.4487058300640421
949,1,3,15.952999999999975,,13518,"[954, 270]",False,Left,True,0.0,False,medium,False,"[[1146, 168], [1308, 240], [1092, 420], [1038, 618], [858, 708]]",,"[[1542, 558]]",,0.16691155383100295,-0.20143146656523303
950,1,3,15.970000000000027,,13518,"[954, 270]",False,Left,True,0.0,False,medium,False,"[[1152, 162], [1314, 234], [1098, 414], [1044, 612], [864, 702]]",,"[[1548, 552]]",,0.16691155383100295,-0.20143146656523303
951,1,3,15.986999999999966,,13518,"[954, 270]",False,Left,True,0.0,False,medium,False,"[[1158, 156], [1320, 228], [1104, 408], [1050, 606], [870, 696]]",,"[[1554, 546]]",,0.4497538938298714,0.33286807694360643
952,1,3,16.004999999999995,,13518,"[954, 270]",False,Left,True,0.0,False,medium,False,"[[1164, 150], [1326, 222], [1110, 402], [1056, 600], [876, 690]]",,"[[1560, 540]]",,0.4497538938298714,0.33286807694360643
953,1,3,16.022000000000048,,13518,"[954, 270]",False,Left,True,0.0,False,medium,False,"[[1170, 144], [1332, 216], [1116, 396], [1062, 594], [882, 684]]",,"[[1566, 534]]",,0.39935724616424684,0.43990602109739096
954,1,3,16.038999999999987,,13518,"[954, 270]",False,Left,True,0.0,False,medium,False,"[[1176, 138], [1338, 210], [1122, 390], [1068, 588], [888, 678]]",,"[[1572, 528]]",,0.39935724616424684,0.43990602109739096
955,1,3,16.05499999999995,,13518,"[954, 270]",False,Left,True,0.0,False,medium,False,"[[1182, 132], [1344, 204], [1128, 384], [1074, 582], [894, 672]]",,"[[1578, 522]]",,0.3992583061683222,0.4391904854849378
956,1,3,16.072000000000003,,13518,"[954, 270]",False,,True,0.0,False,medium,False,"[[1188, 126], [1350, 198], [1134, 378], [1080, 576], [900, 666], [1026, 810]]",,"[[1578, 516]]",,0.3992583061683222,0.4391904854849378
957,1,3,16.090000000000032,,13518,"[954, 270]",False,Right,True,0.0,False,medium,False,"[[1188, 120], [1350, 192], [1134, 372], [1080, 570], [900, 660], [1026, 804]]",,"[[1572, 510]]",,0.39939879049303867,0.4405205466144101
958,1,3,16.105999999999995,,13518,"[954, 270]",False,Right,True,0.0,False,medium,False,"[[1182, 114], [1344, 186], [1128, 366], [1074, 564], [894, 654], [1020, 798]]",,"[[1566, 504]]",,0.39939879049303867,0.4405205466144101
959,1,3,16.121999999999957,,13518,"[954, 270]",False,Right,True,0.0,False,medium,False,"[[1176, 108], [1338, 180], [1122, 360], [1068, 558], [888, 648], [1014, 792]]",,"[[1560, 498]]",,0.4005802536026053,0.4428976197026143
960,1,3,16.138000000000034,,13518,"[954, 270]",False,Right,True,0.0,False,medium,False,"[[1170, 102], [1332, 174], [1116, 354], [1062, 552], [882, 642], [1008, 786]]",,"[[1554, 492]]",,0.4005802536026053,0.4428976197026143
961,1,3,16.154999999999973,,13518,"[954, 270]",False,Right,True,0.0,False,medium,False,"[[1164, 96], [1326, 168], [1110, 348], [1056, 546], [876, 636], [1002, 780]]",,"[[1548, 486]]",,0.4006434289798394,0.4447479366919489
962,1,3,16.17100000000005,,13518,"[954, 270]",False,Right,True,0.0,False,medium,False,"[[1158, 90], [1320, 162], [1104, 342], [1050, 540], [870, 630], [996, 774]]",,"[[1542, 480]]",,0.40150528516582407,0.447779926288156
963,1,3,16.187999999999988,,13518,"[954, 270]",False,Right,True,0.0,False,medium,False,"[[1152, 84], [1314, 156], [1098, 336], [1044, 534], [864, 624], [990, 768]]",,"[[1536, 474]]",,0.40260207842997275,0.4508181327258427
964,1,3,16.20500000000004,,13518,"[954, 270]",False,Right,True,0.0,False,medium,False,"[[1146, 78], [1308, 150], [1092, 330], [1038, 528], [858, 618], [984, 762]]",,"[[1530, 468]]",,0.40260207842997275,0.4508181327258427
965,1,3,16.22199999999998,,13518,"[954, 270]",False,Right,True,0.0,False,medium,False,"[[1140, 72], [1302, 144], [1086, 324], [1032, 522], [852, 612], [978, 756]]",,"[[1524, 462]]",,0.40250274450804546,0.45367660498461226
966,1,3,16.239000000000033,,13518,"[954, 270]",False,Right,True,0.0,False,medium,False,"[[1134, 66], [1296, 138], [1080, 318], [1026, 516], [846, 606], [972, 750]]",,"[[1518, 456]]",,0.40250274450804546,0.45367660498461226
967,1,3,16.255999999999972,,13518,"[954, 270]",False,Right,True,0.0,False,medium,False,"[[1128, 60], [1290, 132], [1074, 312], [1020, 510], [840, 600], [966, 744]]",,"[[1512, 450]]",,0.4502854688708388,0.34040770733069925
968,1,3,16.273000000000025,,13518,"[954, 270]",False,Right,True,0.0,False,medium,False,"[[1122, 54], [1284, 126], [1068, 306], [1014, 504], [834, 594], [960, 738]]",,"[[1506, 444]]",,0.4502854688708388,0.34040770733069925
969,1,3,16.289999999999964,,13518,"[954, 270]",False,,True,0.0,False,medium,False,"[[1116, 48], [1278, 120], [1062, 300], [1008, 498], [828, 588], [954, 732]]",,"[[1506, 438]]",,0.16100370883567225,-0.20812160716696382
970,1,3,16.307999999999993,,13518,"[954, 270]",False,,True,0.0,False,medium,False,"[[1116, 42], [1278, 114], [1062, 294], [1008, 492], [828, 582], [954, 726]]",,"[[1506, 432]]",,0.16100370883567225,-0.20812160716696382
971,1,3,16.325000000000045,,13518,"[954, 270]",False,,True,0.0,False,medium,False,"[[1116, 36], [1278, 108], [1062, 288], [1008, 486], [828, 576], [954, 720]]",,"[[1506, 426]]",,0.4500377900220661,0.3431949573079124
972,1,3,16.341999999999985,,13518,"[954, 270]",False,,True,0.0,False,medium,False,"[[1116, 30], [1278, 102], [1062, 282], [1008, 480], [828, 570], [954, 714]]",,"[[1506, 420]]",,0.4500377900220661,0.3431949573079124
973,1,3,16.359000000000037,,13518,"[954, 270]",False,,True,0.0,False,medium,False,"[[1116, 24], [1278, 96], [1062, 276], [1008, 474], [828, 564], [954, 708]]",,"[[1506, 414]]",,0.40210678479035683,0.46271015764392687
974,1,3,16.375999999999976,,13518,"[954, 270]",False,,True,0.0,False,medium,False,"[[1116, 18], [1278, 90], [1062, 270], [1008, 468], [828, 558], [954, 702]]",,"[[1506, 408]]",,0.40210678479035683,0.46271015764392687
975,1,3,16.39300000000003,,13518,"[954, 270]",False,Left,True,0.0,False,medium,False,"[[1116, 12], [1278, 84], [1062, 264], [1008, 462], [828, 552], [954, 696]]",,"[[1512, 402]]",,0.4518324542794243,0.3474327140849113
976,1,3,16.408000000000015,,13518,"[954, 270]",False,Left,True,0.0,False,medium,False,"[[1122, 6], [1284, 78], [1068, 258], [1014, 456], [834, 546], [960, 690]]",,"[[1518, 396]]",,0.4518324542794243,0.3474327140849113
977,1,3,16.424999999999955,,13518,"[954, 270]",False,Left,True,0.0,False,medium,False,"[[1128, 0], [1290, 72], [1074, 252], [1020, 450], [840, 540], [966, 684]]",,"[[1524, 390]]",,0.1564225291425138,-0.2032909734982793
978,1,3,16.44100000000003,,13518,"[954, 270]",False,Left,True,0.0,False,medium,False,"[[1296, 66], [1080, 246], [1026, 444], [846, 534], [972, 678]]",,"[[1530, 384]]",,0.1564225291425138,-0.2032909734982793
979,1,3,16.45799999999997,,13518,"[954, 270]",False,Left,True,0.0,False,medium,False,"[[1302, 60], [1086, 240], [1032, 438], [852, 528], [978, 672]]",,"[[1536, 378]]",,0.1610149099752233,-0.1946190186487744
980,1,3,16.475000000000023,,13518,"[954, 270]",False,Left,True,0.0,False,medium,False,"[[1308, 54], [1092, 234], [1038, 432], [858, 522], [984, 666]]",,"[[1542, 372]]",,0.1610149099752233,-0.1946190186487744
981,1,3,16.490999999999985,,13518,"[954, 270]",False,Left,True,0.0,False,medium,False,"[[1314, 48], [1098, 228], [1044, 426], [864, 516], [990, 660]]",,"[[1548, 366]]",,0.41706923800112844,0.4618411780027887
982,1,3,16.506999999999948,,13518,"[954, 270]",False,Left,True,0.0,False,medium,False,"[[1320, 42], [1104, 222], [1050, 420], [870, 510], [996, 654]]",,"[[1554, 360]]",,0.41706923800112844,0.4618411780027887
983,1,3,16.524,,13518,"[954, 270]",False,Left,True,0.0,False,medium,False,"[[1326, 36], [1110, 216], [1056, 414], [876, 504], [1002, 648]]",,"[[1560, 354]]",,0.46674641848028664,0.34788748849806206
984,1,3,16.538999999999987,,13518,"[954, 270]",False,Left,True,0.0,False,medium,False,"[[1332, 30], [1116, 210], [1062, 408], [882, 498], [1008, 642]]",,"[[1566, 348]]",,0.46674641848028664,0.34788748849806206
985,1,3,16.55600000000004,,13518,"[954, 270]",False,Left,True,0.0,False,medium,False,"[[1338, 24], [1122, 204], [1068, 402], [888, 492], [1014, 636]]",,"[[1572, 342]]",,0.46525812360382074,0.3513031086876869
986,1,3,16.57299999999998,,13518,"[954, 270]",False,Left,True,0.0,False,medium,False,"[[1344, 18], [1128, 198], [1074, 396], [894, 486], [1020, 630]]",,"[[1578, 336]]",,0.46525812360382074,0.3513031086876869
987,1,3,16.588999999999942,,13518,"[954, 270]",False,,True,0.0,False,medium,False,"[[1350, 12], [1134, 192], [1080, 390], [900, 480], [1026, 624]]",,"[[1578, 330]]",,0.260375019154219,0.7121894750397166
988,1,3,16.605999999999995,,13518,"[954, 270]",False,,True,0.0,False,medium,False,"[[1350, 6], [1134, 186], [1080, 384], [900, 474], [1026, 618]]",,"[[1578, 324]]",,0.15462047918656618,-0.19856080043295687
989,1,3,16.623000000000047,,13518,"[954, 270]",False,Right,True,0.0,False,medium,False,"[[1350, 0], [1134, 180], [1080, 378], [900, 468], [1026, 612], [1332, 810]]",,"[[1572, 318]]",,0.46626262200524093,0.3543969312938273
990,1,3,16.63900000000001,,13518,"[954, 270]",False,Right,True,0.0,False,medium,False,"[[1128, 174], [1074, 372], [894, 462], [1020, 606], [1326, 804]]",,"[[1566, 312]]",,0.46626262200524093,0.3543969312938273
991,1,3,16.654999999999973,,13518,"[954, 270]",False,Right,True,1.0,False,medium,False,"[[1122, 168], [1068, 366], [888, 456], [1014, 600], [1320, 798]]",,"[[1560, 306]]",,0.46775589970098014,0.3554525799945917
992,1,3,16.67100000000005,,13518,"[954, 270]",False,Right,True,1.0,False,medium,False,"[[1116, 162], [1062, 360], [882, 450], [1008, 594], [1314, 792]]",,"[[1560, 300]]",,0.46775589970098014,0.3554525799945917
993,1,3,16.687999999999988,,13518,"[954, 270]",False,Right,True,1.0,False,medium,False,"[[1116, 156], [1062, 354], [882, 444], [1008, 588], [1314, 786]]",,"[[1560, 294]]",,0.15116713024286935,-0.20954683620916814
994,1,3,16.70500000000004,,13518,"[954, 270]",False,Right,True,1.0,False,medium,False,"[[1116, 150], [1062, 348], [882, 438], [1008, 582], [1314, 780]]",,"[[1560, 288]]",,0.15116713024286935,-0.20954683620916814
995,1,3,16.72199999999998,,13518,"[954, 270]",False,Right,True,1.0,False,medium,False,"[[1116, 144], [1062, 342], [882, 432], [1008, 576], [1314, 774]]",,"[[1560, 282]]",,0.45930923377307237,0.345468042274348
996,1,3,16.739000000000033,,13518,"[954, 270]",False,Right,True,1.0,False,medium,False,"[[1116, 138], [1062, 336], [882, 426], [1008, 570], [1314, 768]]",,"[[1560, 276]]",,0.45930923377307237,0.345468042274348
997,1,3,16.754999999999995,,13518,"[954, 270]",False,Right,True,1.0,False,medium,False,"[[1116, 132], [1062, 330], [882, 420], [1008, 564], [1314, 762]]",,"[[1560, 270]]",,0.4075996912496957,0.4744165915869498
998,1,3,16.772000000000048,,13518,"[954, 270]",False,Right,True,1.0,False,medium,False,"[[1116, 126], [1062, 324], [882, 414], [1008, 558], [1314, 756], [1314, 810]]",,"[[1560, 264]]",,0.4075996912496957,0.4744165915869498
999,1,3,16.78800000000001,,13518,"[954, 270]",False,Right,True,1.0,False,medium,False,"[[1116, 120], [1062, 318], [882, 408], [1008, 552], [1314, 750], [1314, 804]]",,"[[1560, 258]]",,0.1532240219821776,-0.21049431462565948
1000,1,3,16.80499999999995,,13518,"[954, 270]",False,Right,True,1.0,False,medium,False,"[[1116, 114], [1062, 312], [882, 402], [1008, 546], [1314, 744], [1314, 798]]",,"[[1560, 252]]",,0.1532240219821776,-0.21049431462565948
1001,1,3,16.821000000000026,,13518,"[954, 270]",False,Right,True,1.0,False,medium,False,"[[1116, 108], [1062, 306], [882, 396], [1008, 540], [1314, 738], [1314, 792]]",,"[[1560, 246]]",,0.4556310519661844,0.3428989860587094
1002,1,3,16.837999999999965,,13518,"[954, 270]",False,Right,True,1.0,False,medium,False,"[[1116, 102], [1062, 300], [882, 390], [1008, 534], [1314, 732], [1314, 786]]",,"[[1560, 240]]",,0.4556310519661844,0.3428989860587094
1003,1,3,16.855000000000018,,13518,"[954, 270]",False,Right,True,1.0,False,medium,False,"[[1116, 96], [1062, 294], [882, 384], [1008, 528], [1314, 726], [1314, 780]]",,"[[1560, 234]]",,0.1460012978642357,-0.20549303982694367
1004,1,3,16.87099999999998,,13518,"[954, 270]",False,Right,True,1.0,False,medium,False,"[[1116, 90], [1062, 288], [882, 378], [1008, 522], [1314, 720], [1314, 774]]",,"[[1560, 228]]",,0.1519550229028967,-0.2120241629604207
1005,1,3,16.888000000000034,,13518,"[954, 270]",False,Right,True,1.0,False,medium,False,"[[1116, 84], [1062, 282], [882, 372], [1008, 516], [1314, 714], [1314, 768]]",,"[[1560, 222]]",,0.4587046395224563,0.34585549081930533
1006,1,3,16.904999999999973,,13518,"[954, 270]",False,Right,True,1.0,False,medium,False,"[[1116, 78], [1062, 276], [882, 366], [1008, 510], [1314, 708], [1314, 762]]",,"[[1560, 216]]",,0.4587046395224563,0.34585549081930533
1007,1,3,16.922000000000025,,13518,"[954, 270]",False,Right,True,1.0,False,medium,False,"[[1116, 72], [1062, 270], [882, 360], [1008, 504], [1314, 702], [1314, 756]]",,"[[1560, 210]]",,0.1484811848825108,-0.20588320059738496
1008,1,3,16.938999999999965,,13518,"[954, 270]",False,Right,True,1.0,False,medium,False,"[[1116, 66], [1062, 264], [882, 354], [1008, 498], [1314, 696], [1314, 750]]",,"[[1560, 204]]",,0.1484811848825108,-0.20588320059738496
1009,1,3,16.95500000000004,,13518,"[954, 270]",False,Right,True,1.0,False,medium,False,"[[1116, 60], [1062, 258], [882, 348], [1008, 492], [1314, 690], [1314, 744]]",,"[[1560, 198]]",,0.1515839260232316,-0.20555337984270738
1010,1,3,16.971000000000004,,13518,"[954, 270]",False,Right,True,1.0,False,medium,False,"[[1116, 54], [1062, 252], [882, 342], [1008, 486], [1314, 684], [1314, 738]]",,"[[1560, 192]]",,0.4578434573476131,0.3481889646313059
1011,1,3,16.987999999999943,,13518,"[954, 270]",False,Right,True,1.0,False,medium,False,"[[1116, 48], [1062, 246], [882, 336], [1008, 480], [1314, 678], [1314, 732]]",,"[[1560, 186]]",,0.4575358952820481,0.34859673800525204
1012,1,3,17.004999999999995,,13518,"[954, 270]",False,Right,True,1.0,False,medium,False,"[[1116, 42], [1062, 240], [882, 330], [1008, 474], [1314, 672], [1314, 726]]",,"[[1560, 180]]",,0.4575358952820481,0.34859673800525204
1013,1,3,17.020999999999958,,13518,"[954, 270]",False,Right,True,1.0,False,medium,False,"[[1116, 36], [1062, 234], [882, 324], [1008, 468], [1314, 666], [1314, 720]]",,"[[1560, 174]]",,0.45800221007220543,0.3486496925094572
1014,1,3,17.03800000000001,,13518,"[954, 270]",False,Right,True,1.0,False,medium,False,"[[1116, 30], [1062, 228], [882, 318], [1008, 462], [1314, 660], [1314, 714]]",,"[[1560, 168]]",,0.45800221007220543,0.3486496925094572
1015,1,3,17.05499999999995,,13518,"[954, 270]",False,Right,True,1.0,False,medium,False,"[[1116, 24], [1062, 222], [882, 312], [1008, 456], [1314, 654], [1314, 708]]",,"[[1560, 162]]",,0.14637366525463982,-0.2084383557394769
1016,1,3,17.071000000000026,,13518,"[954, 270]",False,Right,True,1.0,False,medium,False,"[[1116, 18], [1062, 216], [882, 306], [1008, 450], [1314, 648], [1314, 702]]",,"[[1560, 156]]",,0.45838674297086185,0.349235892478188
1017,1,3,17.08699999999999,,13518,"[954, 270]",False,Right,True,1.0,False,medium,False,"[[1116, 12], [1062, 210], [882, 300], [1008, 444], [1314, 642], [1314, 696]]",,"[[1560, 150]]",,0.08802809147599885,-0.21295440674122124
1018,1,3,17.104000000000042,,13518,"[954, 270]",False,Right,True,1.0,False,medium,False,"[[1116, 6], [1062, 204], [882, 294], [1008, 438], [1314, 636], [1314, 690]]",,"[[1560, 144]]",,0.4582889309857208,0.3507485965812427
1019,1,3,17.120000000000005,,13518,"[954, 270]",False,Right,True,1.0,False,medium,False,"[[1116, 0], [1062, 198], [882, 288], [1008, 432], [1314, 630], [1314, 684]]",,"[[1560, 138]]",,0.45886809538108864,0.35074069251635787
1020,1,3,17.138000000000034,,13518,"[954, 270]",False,Right,True,1.0,False,medium,False,"[[1062, 192], [882, 282], [1008, 426], [1314, 624], [1314, 678]]",,"[[1560, 132]]",,0.4592797906730136,0.3508421442436397
1021,1,3,17.153999999999996,,13518,"[954, 270]",False,Right,True,1.0,False,medium,False,"[[1062, 186], [882, 276], [1008, 420], [1314, 618], [1314, 672]]",,"[[1560, 126]]",,0.459545289051314,0.3515640544421662
1022,1,3,17.16999999999996,,13518,"[954, 270]",False,Right,True,1.0,False,medium,False,"[[1062, 180], [882, 270], [1008, 414], [1314, 612], [1314, 666]]",,"[[1560, 120]]",,0.15561361482464692,-0.20757072380672237
1023,1,3,17.187000000000012,,13518,"[954, 270]",False,Right,True,1.0,False,medium,False,"[[1062, 174], [882, 264], [1008, 408], [1314, 606], [1314, 660]]",,"[[1560, 114]]",,0.15146984405289482,-0.20912806346378687
1024,1,3,17.20399999999995,,13518,"[954, 270]",False,Right,True,1.0,False,medium,False,"[[1062, 168], [882, 258], [1008, 402], [1314, 600], [1314, 654]]",,"[[1560, 108]]",,0.4589767760063828,0.352409806428558
1025,1,3,17.220000000000027,,13518,"[954, 270]",False,Right,True,1.0,False,medium,False,"[[1062, 162], [882, 252], [1008, 396], [1314, 594], [1314, 648]]",,"[[1560, 102]]",,0.4589767760063828,0.352409806428558
1026,1,3,17.23599999999999,,13518,"[954, 270]",False,Right,True,1.0,False,medium,False,"[[1062, 156], [882, 246], [1008, 390], [1314, 588], [1314, 642]]",,"[[1560, 96]]",,0.458573923413515,0.35540578866637296
1027,1,3,17.253000000000043,,13518,"[954, 270]",False,Right,True,1.0,False,medium,False,"[[1062, 150], [882, 240], [1008, 384], [1314, 582], [1314, 636]]",,"[[1560, 90]]",,0.07917972706673346,-0.23887243498690025
1028,1,3,17.269999999999982,,13518,"[954, 270]",False,Right,True,1.0,False,medium,False,"[[1062, 144], [882, 234], [1008, 378], [1314, 576], [1314, 630]]",,"[[1560, 84]]",,0.4565548240306714,0.347911984848048
1029,1,3,17.287000000000035,,13518,"[954, 270]",False,Right,True,1.0,False,medium,False,"[[1062, 138], [882, 228], [1008, 372], [1314, 570], [1314, 624]]",,"[[1560, 78]]",,0.10140397557837852,-0.20182263897298758
1030,1,3,17.303999999999974,,13518,"[954, 270]",False,Right,True,1.0,False,medium,False,"[[1062, 132], [882, 222], [1008, 366], [1314, 564], [1314, 618]]",,"[[1560, 72]]",,0.45702247158509257,0.3474316295949227
1031,1,3,17.319999999999936,,13518,"[954, 270]",False,Right,True,1.0,False,medium,False,"[[1062, 126], [882, 216], [1008, 360], [1314, 558], [1314, 612]]",,"[[1560, 66]]",,0.45702247158509257,0.3474316295949227
1032,1,3,17.336000000000013,,13518,"[954, 270]",False,Right,True,1.0,False,medium,False,"[[1062, 120], [882, 210], [1008, 354], [1314, 552], [1314, 606]]",,"[[1560, 60]]",,0.45702920448317474,0.34591785305280165
1033,1,3,17.352999999999952,,13518,"[954, 270]",False,Right,True,1.0,False,medium,False,"[[1062, 114], [882, 204], [1008, 348], [1314, 546], [1314, 600]]",,"[[1560, 54]]",,0.4572592624994084,0.3458824932798774
1034,1,3,17.367999999999938,,13518,"[954, 270]",False,Right,True,1.0,False,medium,False,"[[1062, 108], [882, 198], [1008, 342], [1314, 540], [1314, 594]]",,"[[1560, 48]]",,0.45695645225258874,0.34686576428195315
1035,1,3,17.38499999999999,,13518,"[954, 270]",False,Right,True,1.0,False,medium,False,"[[1062, 102], [882, 192], [1008, 336], [1314, 534], [1314, 588]]",,"[[1560, 42]]",,0.45695645225258874,0.34686576428195315
1036,1,3,17.402000000000044,,13518,"[954, 270]",False,Right,True,1.0,False,medium,False,"[[1062, 96], [882, 186], [1008, 330], [1314, 528], [1314, 582]]",,"[[1560, 36]]",,0.45686536804138844,0.348338847970978
1037,1,3,17.418000000000006,,13518,"[954, 270]",False,Right,True,1.0,False,medium,False,"[[1062, 90], [882, 180], [1008, 324], [1314, 522], [1314, 576]]",,"[[1560, 30]]",,0.45686536804138844,0.348338847970978
1038,1,3,17.436000000000035,,13518,"[954, 270]",False,Right,True,1.0,False,medium,False,"[[1062, 84], [882, 174], [1008, 318], [1314, 516], [1314, 570]]",,"[[1560, 24]]",,0.4573000291722285,0.3499187844043806
1039,1,3,17.452999999999975,,13518,"[954, 270]",False,Right,True,1.0,False,medium,False,"[[1062, 78], [882, 168], [1008, 312], [1314, 510], [1314, 564]]",,"[[1560, 18]]",,0.16061055036431568,-0.21857909092950734
1040,1,3,17.468999999999937,,13518,"[954, 270]",False,Right,True,1.0,False,medium,False,"[[1062, 72], [882, 162], [1008, 306], [1314, 504], [1314, 558]]",,"[[1560, 12]]",,0.4586455403992392,0.3531320258723063
1041,1,3,17.48599999999999,,13518,"[954, 270]",False,Right,True,1.0,False,medium,False,"[[1062, 66], [882, 156], [1008, 300], [1314, 498], [1314, 552]]",,"[[1560, 6]]",,0.4586455403992392,0.3531320258723063
1042,1,3,17.501999999999953,,13518,"[954, 270]",False,Right,True,0.0,False,medium,False,"[[1062, 60], [882, 150], [1008, 294], [1314, 492], [1314, 546]]",,"[[1560, 0]]",,0.15699444761671005,-0.2127013828109754
1043,1,3,17.519999999999982,,13518,"[954, 270]",False,Right,True,0.0,False,medium,False,"[[1062, 54], [882, 144], [1008, 288], [1314, 486], [1314, 540]]",,[],,0.15699444761671005,-0.2127013828109754
1044,1,3,17.534999999999968,,13518,"[954, 270]",False,Right,True,0.0,False,medium,False,"[[1056, 48], [876, 138], [1002, 282], [1308, 480], [1308, 534]]",,[],,0.46039752224236263,0.35577017238854947
1045,1,3,17.55200000000002,,13518,"[954, 270]",False,Right,True,0.0,False,medium,False,"[[1050, 42], [870, 132], [996, 276], [1302, 474], [1302, 528]]",,[],,0.09546281146402155,-0.1997349799648167
1046,1,3,17.567000000000007,,13518,"[954, 270]",False,Right,True,0.0,False,medium,False,"[[1044, 36], [864, 126], [990, 270], [1296, 468], [1296, 522]]",,[],,0.07454328410425219,-0.25764943349032676
1047,1,3,17.583999999999946,,13518,"[954, 270]",False,Right,True,0.0,False,medium,False,"[[1038, 30], [858, 120], [984, 264], [1290, 462], [1290, 516]]",,[],,0.07454328410425219,-0.25764943349032676
1048,1,3,17.600000000000023,,13518,"[954, 270]",False,Right,True,0.0,False,medium,False,"[[1032, 24], [852, 114], [978, 258], [1284, 456], [1284, 510]]",,[],,0.155312162764398,-0.21465469505833812
1049,1,3,17.616999999999962,,13518,"[954, 270]",True,Right,True,0.0,False,medium,False,"[[1026, 18], [846, 108], [972, 252], [1278, 450], [1278, 504]]",,[],,0.155312162764398,-0.21465469505833812
1050,1,3,19.79600000000005,,13518,"[954, 270]",True,Right,True,0.0,False,medium,False,"[[1020, 12], [840, 102], [966, 246], [1272, 444], [1272, 498]]",,[],5,0.41463268842906276,-0.1389854919627158
