,trial,attempt,time_played,time_tag,level_size_y,player_pos,collision,current_input,drift_enabled,current_drift,level_done,input_noise_magnitude,input_noise_on,visible_obstacles,adjacent_wall_tiles_x_pos,visible_drift_tiles,SoC,gaze_x,gaze_y
0,4,3,0.0009999999999763531,,13518,"[954, -86]",False,,True,0.0,False,very_strong,False,[],,[],,0.4906079282196202,0.40382302964422645
1,4,3,0.016000000000019554,,13518,"[954, -82]",False,,True,0.0,False,very_strong,False,[],,[],,0.4904407629875334,0.3988177999453175
2,4,3,0.03300000000001546,,13518,"[954, -78]",False,,True,0.0,False,very_strong,False,[],,[],,0.4902932812471249,0.3963096464475362
3,4,3,0.05000000000001137,,13518,"[954, -74]",False,,True,0.0,False,very_strong,False,[],,[],,0.48972898002140886,0.39669697945115745
4,4,3,0.06600000000003092,,13518,"[954, -70]",False,,True,0.0,False,very_strong,False,[],,[],,0.48982771144500836,0.39737467516240743
5,4,3,0.08300000000002683,,13518,"[954, -66]",False,,True,0.0,False,very_strong,False,[],,[],,0.4889540581634163,0.3977083900730577
6,4,3,0.10000000000002274,,13518,"[954, -62]",False,,True,0.0,False,very_strong,False,[],,[],,0.48902029529440416,0.39716682274859505
7,4,3,0.1150000000000091,,13518,"[954, -58]",False,,True,0.0,False,very_strong,False,[],,[],,0.48864907020679277,0.3994324369570831
8,4,3,0.132000000000005,,13518,"[954, -54]",False,,True,0.0,False,very_strong,False,[],,[],,0.48875552015857193,0.3992656581600569
9,4,3,0.14800000000002456,,13518,"[954, -50]",False,,True,0.0,False,very_strong,False,[],,[],,0.48876246835001735,0.4014753424221892
10,4,3,0.16500000000002046,,13518,"[954, -46]",False,,True,0.0,False,very_strong,False,[],,[],,0.4883575086220063,0.4014229635858583
11,4,3,0.18200000000001637,,13518,"[954, -42]",False,,True,0.0,False,very_strong,False,[],,[],,0.4882486779511349,0.403019836168223
12,4,3,0.19700000000000273,,13518,"[954, -38]",False,,True,0.0,False,very_strong,False,[],,[],,0.4882486779511349,0.403019836168223
13,4,3,0.21300000000002228,,13518,"[954, -34]",False,,True,0.0,False,very_strong,False,[],,[],,0.49145254120660836,0.407938419713084
14,4,3,0.2300000000000182,,13518,"[954, -30]",False,,True,0.0,False,very_strong,False,[],,[],,0.49145254120660836,0.407938419713084
15,4,3,0.2470000000000141,,13518,"[954, -26]",False,,True,0.0,False,very_strong,False,[],,[],,0.3476008886390451,-0.06265296710344548
16,4,3,0.26400000000001,,13518,"[954, -22]",False,,True,0.0,False,very_strong,False,[],,[],,0.3476008886390451,-0.06265296710344548
17,4,3,0.2810000000000059,,13518,"[954, -18]",False,,True,0.0,False,very_strong,False,[],,[],,0.5213543763153157,0.36272721300686617
18,4,3,0.2980000000000018,,13518,"[954, -14]",False,,True,0.0,False,very_strong,False,[],,[],,0.5213543763153157,0.36272721300686617
19,4,3,0.3140000000000214,,13518,"[954, -10]",False,,True,0.0,False,very_strong,False,[],,[],,0.48064537685873693,0.2818475252312309
20,4,3,0.3310000000000173,,13518,"[954, -6]",False,,True,0.0,False,very_strong,False,[],,[],,0.4813359974280987,0.2498349980992941
21,4,3,0.34699999999998,,13518,"[954, -2]",False,,True,0.0,False,very_strong,False,[],,[],,0.4969444053939364,0.27922078054323374
22,4,3,0.3639999999999759,,13518,"[954, 2]",False,,True,0.0,False,very_strong,False,[],,[],,0.4969444053939364,0.27922078054323374
23,4,3,0.38100000000002865,,13518,"[954, 6]",False,,True,0.0,False,very_strong,False,[],,[],,0.3033939004554628,0.02070475436487773
24,4,3,0.39800000000002456,,13518,"[954, 10]",False,,True,0.0,False,very_strong,False,[],,[],,0.3033939004554628,0.02070475436487773
25,4,3,0.41399999999998727,,13518,"[954, 14]",False,,True,0.0,False,very_strong,False,[],,[],,0.42275740726131616,-0.19768622320253848
26,4,3,0.4309999999999832,,13518,"[954, 18]",False,,True,0.0,False,very_strong,False,[],,[],,0.42275740726131616,-0.19768622320253848
27,4,3,0.44700000000000273,,13518,"[954, 22]",False,,True,0.0,False,very_strong,False,[],,[],,0.4646292349097657,0.2777164669759634
28,4,3,0.4630000000000223,,13518,"[954, 26]",False,,True,0.0,False,very_strong,False,[],,[],,0.4646292349097657,0.2777164669759634
29,4,3,0.4800000000000182,,13518,"[954, 30]",False,,True,0.0,False,very_strong,False,[],,[],,0.4959489431710297,0.26429197577070074
30,4,3,0.4959999999999809,,13518,"[954, 34]",False,,True,0.0,False,very_strong,False,[],,[],,0.4959489431710297,0.26429197577070074
31,4,3,0.5120000000000005,,13518,"[954, 38]",False,,True,0.0,False,very_strong,False,[],,[],,0.49242387886805394,0.2734918184089663
32,4,3,0.52800000000002,,13518,"[954, 42]",False,,True,0.0,False,very_strong,False,[],,[],,0.49242387886805394,0.2734918184089663
33,4,3,0.5450000000000159,,13518,"[954, 46]",False,,True,0.0,False,very_strong,False,[],,[],,0.525181866853887,0.26616501799441494
34,4,3,0.5609999999999786,,13518,"[954, 50]",False,,True,0.0,False,very_strong,False,[],,[],,0.525181866853887,0.26616501799441494
35,4,3,0.5779999999999745,,13518,"[954, 54]",False,,True,0.0,False,very_strong,False,[],,[],,0.43887457522136897,-0.11566237660809153
36,4,3,0.5950000000000273,,13518,"[954, 58]",False,,True,0.0,False,very_strong,False,[],,[],,0.43887457522136897,-0.11566237660809153
37,4,3,0.61099999999999,,13518,"[954, 62]",False,,True,0.0,False,very_strong,False,[],,[],,0.4382838632141991,-0.11830242842979866
38,4,3,0.6270000000000095,,13518,"[954, 66]",False,,True,0.0,False,very_strong,False,[],,[],,0.4382838632141991,-0.11830242842979866
39,4,3,0.6440000000000055,,13518,"[954, 70]",False,,True,0.0,False,very_strong,False,[],,[],,0.43774537389836715,-0.1209565725351871
40,4,3,0.6610000000000014,,13518,"[954, 74]",False,,True,0.0,False,very_strong,False,[],,[],,0.43774537389836715,-0.1209565725351871
41,4,3,0.6779999999999973,,13518,"[954, 78]",False,,True,0.0,False,very_strong,False,[],,[],,0.4745852689151004,-0.08073378573542156
42,4,3,0.6940000000000168,,13518,"[954, 82]",False,,True,0.0,False,very_strong,False,[],,[],,0.4745852689151004,-0.08073378573542156
43,4,3,0.7110000000000127,,13518,"[954, 86]",False,,True,0.0,False,very_strong,False,[],,[],,0.5072154314794135,0.2718587017123876
44,4,3,0.7280000000000086,,13518,"[954, 90]",False,,True,0.0,False,very_strong,False,[],,[],,0.5072154314794135,0.2718587017123876
45,4,3,0.7440000000000282,,13518,"[954, 94]",False,,True,0.0,False,very_strong,False,[],,[],,0.5118163149178275,0.27151051522893144
46,4,3,0.7610000000000241,,13518,"[954, 98]",False,,True,0.0,False,very_strong,False,[],,[],,0.5118163149178275,0.27151051522893144
47,4,3,0.77800000000002,,13518,"[954, 102]",False,,True,0.0,False,very_strong,False,[],,[],,0.5054982346314698,0.2735915683242417
48,4,3,0.7939999999999827,,13518,"[954, 106]",False,,True,0.0,False,very_strong,False,[],,[],,0.5054982346314698,0.2735915683242417
49,4,3,0.8109999999999786,,13518,"[954, 110]",False,,True,0.0,False,very_strong,False,[],,[],,0.44941841514866,-0.16527014917321092
50,4,3,0.8260000000000218,,13518,"[954, 114]",False,,True,0.0,False,very_strong,False,[],,[],,0.44941841514866,-0.16527014917321092
51,4,3,0.8430000000000177,,13518,"[954, 118]",False,,True,0.0,False,very_strong,False,[],,[],,0.43638598066265216,-0.12703809895483542
52,4,3,0.8589999999999804,,13518,"[954, 122]",False,,True,0.0,False,very_strong,False,[],,[],,0.43638598066265216,-0.12703809895483542
53,4,3,0.8759999999999764,,13518,"[954, 126]",False,,True,0.0,False,very_strong,False,[],,[],,0.5128839880818281,0.24864674794340225
54,4,3,0.8919999999999959,,13518,"[954, 130]",False,,True,0.0,False,very_strong,False,[],,[],,0.5128839880818281,0.24864674794340225
55,4,3,0.9080000000000155,,13518,"[954, 134]",False,,True,0.0,False,very_strong,False,[],,[],,0.5201222836555827,0.2716138329570337
56,4,3,0.9239999999999782,,13518,"[954, 138]",False,,True,0.0,False,very_strong,False,[],,[],,0.5201222836555827,0.2716138329570337
57,4,3,0.9410000000000309,,13518,"[954, 142]",False,,True,0.0,False,very_strong,False,[],,[],,0.5081741994818649,0.27526958925249656
58,4,3,0.9580000000000268,,13518,"[954, 146]",False,,True,0.0,False,very_strong,False,[],,[],,0.5081741994818649,0.27526958925249656
59,4,3,0.9750000000000227,,13518,"[954, 150]",False,,True,0.0,False,very_strong,False,[],,[],,0.48502997610082127,0.280629565339765
60,4,3,0.9920000000000186,,13518,"[954, 154]",False,,True,0.0,False,very_strong,False,[],,[],,0.48502997610082127,0.280629565339765
61,4,3,1.0079999999999814,,13518,"[954, 158]",False,,True,0.0,False,very_strong,False,[],,[],,0.3914807964128035,-0.014125657826496107
62,4,3,1.024000000000001,,13518,"[954, 162]",False,,True,0.0,False,very_strong,False,[],,[],,0.3914807964128035,-0.014125657826496107
63,4,3,1.0400000000000205,,13518,"[954, 166]",False,,True,0.0,False,very_strong,False,[],,[],,0.5098970233818715,0.2517576468767144
64,4,3,1.0570000000000164,,13518,"[954, 170]",False,,True,0.0,False,very_strong,False,[],,[],,0.5098970233818715,0.2517576468767144
65,4,3,1.0740000000000123,,13518,"[954, 174]",False,,True,0.0,False,very_strong,False,[],,[],,0.45308077535632707,-0.17304822534068043
66,4,3,1.0910000000000082,,13518,"[954, 178]",False,,True,0.0,False,very_strong,False,[],,[],,0.3891823146842328,-0.12860788793506428
67,4,3,1.108000000000004,,13518,"[954, 182]",False,,True,0.0,False,very_strong,False,[],,[],,0.434433359016836,-0.13606656792412708
68,4,3,1.125,,13518,"[954, 186]",False,,True,0.0,False,very_strong,False,[],,[],,0.434433359016836,-0.13606656792412708
69,4,3,1.1410000000000196,,13518,"[954, 190]",False,,True,0.0,False,very_strong,False,[],,[],,0.5147946284407225,0.2669699153338456
70,4,3,1.1569999999999823,,13518,"[954, 194]",False,,True,0.0,False,very_strong,False,[],,[],,0.5147946284407225,0.2669699153338456
71,4,3,1.1730000000000018,,13518,"[954, 198]",False,,True,0.0,False,very_strong,False,[],,[],,0.5031301712161481,0.25433092707229976
72,4,3,1.1899999999999977,,13518,"[954, 202]",False,,True,0.0,False,very_strong,False,[],,[],,0.5031301712161481,0.25433092707229976
73,4,3,1.2060000000000173,,13518,"[954, 206]",False,,True,0.0,False,very_strong,False,[],,[],,0.513254818354383,0.26861454276515684
74,4,3,1.2230000000000132,,13518,"[954, 210]",False,,True,0.0,False,very_strong,False,[],,[],,0.513254818354383,0.26861454276515684
75,4,3,1.238999999999976,,13518,"[954, 214]",False,,True,0.0,False,very_strong,False,[],,[],,0.5076171787933582,0.2541533888591401
76,4,3,1.2560000000000286,,13518,"[954, 218]",False,,True,0.0,False,very_strong,False,[],,[],,0.3888122082711488,-0.12854554233653914
77,4,3,1.2719999999999914,,13518,"[954, 222]",False,,True,0.0,False,very_strong,False,[],,[],,0.3880543609376425,-0.12850388639865162
78,4,3,1.2900000000000205,,13518,"[954, 226]",False,,True,0.0,False,very_strong,False,[],,[],,0.3880543609376425,-0.12850388639865162
79,4,3,1.3059999999999832,,13518,"[954, 230]",False,,True,0.0,False,very_strong,False,[],,[],,0.44557937300665956,-0.1823517412724771
80,4,3,1.3220000000000027,,13518,"[954, 234]",False,,True,0.0,False,very_strong,False,[],,[],,0.44557937300665956,-0.1823517412724771
81,4,3,1.3380000000000223,,13518,"[954, 238]",False,,True,0.0,False,very_strong,False,[],,[],,0.44557937300665956,-0.1823517412724771
82,4,3,1.353999999999985,,13518,"[954, 242]",False,,True,0.0,False,very_strong,False,[],,[],,0.4396094773984912,-0.18525469338789402
83,4,3,1.370999999999981,,13518,"[954, 246]",False,,True,0.0,False,very_strong,False,[],,[],,0.4396094773984912,-0.18525469338789402
84,4,3,1.3879999999999768,,13518,"[954, 250]",False,,True,0.0,False,very_strong,False,[],,[],,0.44434953684835926,-0.18803847956516484
85,4,3,1.4050000000000296,,13518,"[954, 254]",False,,True,0.0,False,very_strong,False,[],,[],,0.5119402197862873,0.26997935914478244
86,4,3,1.4220000000000255,,13518,"[954, 258]",False,,True,0.0,False,very_strong,False,[],,[],,0.5119402197862873,0.26997935914478244
87,4,3,1.4399999999999977,,13518,"[954, 262]",False,,True,0.0,False,very_strong,False,[],,[],,0.506073945421864,0.2557145260296845
88,4,3,1.4569999999999936,,13518,"[954, 266]",False,,True,0.0,False,very_strong,False,[],,[],,0.44456817163254286,-0.1963133967129469
89,4,3,1.4739999999999895,,13518,"[954, 270]",False,,True,0.0,False,very_strong,False,[],,[],,0.48558233218821306,-0.156563468998276
90,4,3,1.492999999999995,,13518,"[954, 270]",False,,True,0.0,False,very_strong,False,[],,[],,0.48558233218821306,-0.156563468998276
91,4,3,1.509999999999991,,13518,"[954, 270]",False,,True,0.0,False,very_strong,False,[],,[],,0.4856240865015066,-0.08691796022762799
92,4,3,1.5289999999999964,,13518,"[954, 270]",False,,True,0.0,False,very_strong,False,[],,[],,0.4856240865015066,-0.08691796022762799
93,4,3,1.545000000000016,,13518,"[954, 270]",False,,True,0.0,False,very_strong,False,[],,[],,0.44693855871897104,0.26776710872885556
94,4,3,1.5609999999999786,,13518,"[954, 270]",False,,True,0.0,False,very_strong,False,[],,[],,0.44693855871897104,0.26776710872885556
95,4,3,1.5769999999999982,,13518,"[954, 270]",False,,True,0.0,False,very_strong,False,[],,[],,0.4978197789717508,0.24389253712032033
96,4,3,1.593999999999994,,13518,"[954, 270]",False,,True,0.0,False,very_strong,False,[],,[],,0.4978197789717508,0.24389253712032033
97,4,3,1.6120000000000232,,13518,"[954, 270]",False,,True,0.0,False,very_strong,False,[],,[],,0.4081482867144218,-0.25722123099544225
98,4,3,1.629000000000019,,13518,"[954, 270]",False,,True,0.0,False,very_strong,False,[],,[],,0.4081482867144218,-0.25722123099544225
99,4,3,1.646000000000015,,13518,"[954, 270]",False,,True,0.0,False,very_strong,False,[],,[],,0.2992235217833711,-0.007148013112317608
100,4,3,1.663000000000011,,13518,"[954, 270]",False,,True,0.0,False,very_strong,False,[],,[],,0.2992235217833711,-0.007148013112317608
101,4,3,1.6790000000000305,,13518,"[954, 270]",False,,True,0.0,False,very_strong,False,[],,[],,0.5748571963019777,0.4243394345657263
102,4,3,1.6949999999999932,,13518,"[954, 270]",False,,True,0.0,False,very_strong,False,[],,[],,0.5748571963019777,0.4243394345657263
103,4,3,1.711999999999989,,13518,"[954, 270]",False,,True,0.0,False,very_strong,False,[],,[],,0.5731304555838947,0.4154330807420379
104,4,3,1.728999999999985,,13518,"[954, 270]",False,,True,0.0,False,very_strong,False,[],,[],,0.5995974276534146,0.3473410418586371
105,4,3,1.745999999999981,,13518,"[954, 270]",False,,True,0.0,False,very_strong,False,[],,[],,0.531648024953831,0.336820613309303
106,4,3,1.7629999999999768,,13518,"[954, 270]",False,,True,0.0,False,very_strong,False,[],,[],,0.531286022772522,0.33785962703575534
107,4,3,1.7800000000000296,,13518,"[954, 270]",False,,True,0.0,False,very_strong,False,[],,[],,0.5297220671797102,0.33279694649900426
108,4,3,1.7959999999999923,,13518,"[954, 270]",False,,True,0.0,False,very_strong,False,[],,[],,0.5291761362959848,0.331139537628787
109,4,3,1.8120000000000118,,13518,"[954, 270]",False,,True,0.0,False,very_strong,False,[],,[],,0.5266518104646609,0.331978939488799
110,4,3,1.8279999999999745,,13518,"[954, 270]",False,,True,0.0,False,very_strong,False,[],,[],,0.5267039069776163,0.33132032617107665
111,4,3,1.8450000000000273,,13518,"[954, 270]",False,,True,0.0,False,very_strong,False,[],,[],,0.5242421870831494,0.33327165572324624
112,4,3,1.86099999999999,,13518,"[954, 270]",False,,True,0.0,False,very_strong,False,[],,[],,0.5238398285970237,0.3330656760077374
113,4,3,1.8770000000000095,,13518,"[954, 270]",False,,True,0.0,False,very_strong,False,[],,[],,0.5245558603456183,0.3336728803684156
114,4,3,1.8940000000000055,,13518,"[954, 270]",False,,True,0.0,False,very_strong,False,[],,[],,0.5244382937900173,0.33530007567046916
115,4,3,1.910000000000025,,13518,"[954, 270]",False,,True,0.0,False,very_strong,False,[],,[],,0.525291548401281,0.33383664068914143
116,4,3,1.927000000000021,,13518,"[954, 270]",False,,True,0.0,False,very_strong,False,[],,[],,0.5251031943992871,0.3332674318231167
117,4,3,1.9429999999999836,,13518,"[954, 270]",False,,True,0.0,False,very_strong,False,[],,[],,0.5254558017780819,0.33154890496202094
118,4,3,1.9599999999999795,,13518,"[954, 270]",False,,True,0.0,False,very_strong,False,[],,[],,0.5252215158168585,0.3311623188483004
119,4,3,1.9750000000000227,,13518,"[954, 270]",False,,True,0.0,False,very_strong,False,[],,[],,0.52552491379319,0.33174441182866166
120,4,3,1.9909999999999854,,13518,"[954, 270]",False,,True,0.0,False,very_strong,False,[],,[],,0.4983629738035026,0.28492430338232333
121,4,3,2.007000000000005,,13518,"[954, 270]",False,,True,0.0,False,very_strong,False,[],,[],,0.4983629738035026,0.28492430338232333
122,4,3,2.024000000000001,,13518,"[954, 270]",False,,True,0.0,False,very_strong,False,[],,[],,0.4968015131571163,0.2844988816521389
123,4,3,2.040999999999997,,13518,"[954, 270]",False,,True,0.0,False,very_strong,False,[],,[],,0.4968015131571163,0.2844988816521389
124,4,3,2.0570000000000164,,13518,"[954, 270]",False,,True,0.0,False,very_strong,False,[],,[],,0.48810489269123875,0.3019086982021355
125,4,3,2.0740000000000123,,13518,"[954, 270]",False,,True,0.0,False,very_strong,False,[],,[],,0.48810489269123875,0.3019086982021355
126,4,3,2.091000000000008,,13518,"[954, 270]",False,,True,0.0,False,very_strong,False,[],,[],,0.4895179428223221,0.3035779626634585
127,4,3,2.108000000000004,,13518,"[954, 270]",False,,True,0.0,False,very_strong,False,[],,[],,0.48960630091214175,0.3057190870088856
128,4,3,2.125,,13518,"[954, 270]",False,,True,0.0,False,very_strong,False,[],,[],,0.49064783713883015,0.30607369943664475
129,4,3,2.1410000000000196,,13518,"[954, 270]",False,,True,0.0,False,very_strong,False,[],,[],,0.49064783713883015,0.30607369943664475
130,4,3,2.1580000000000155,,13518,"[954, 270]",False,,True,0.0,False,very_strong,False,[],,[],,0.4936481078335141,0.3079490147294073
131,4,3,2.1750000000000114,,13518,"[954, 270]",False,,True,0.0,False,very_strong,False,[],,[],,0.4936481078335141,0.3079490147294073
132,4,3,2.191000000000031,,13518,"[954, 270]",False,,True,0.0,False,very_strong,False,[],,[],,0.4964206557959231,0.31006236439155166
133,4,3,2.208000000000027,,13518,"[954, 270]",False,,True,0.0,False,very_strong,False,[],,[],,0.4964206557959231,0.31006236439155166
134,4,3,2.2250000000000227,,13518,"[954, 270]",False,,True,0.0,False,very_strong,False,[],,[],,0.5003996084791312,0.3104817267452843
135,4,3,2.2420000000000186,,13518,"[954, 270]",False,,True,0.0,False,very_strong,False,[],,[],,0.5003996084791312,0.3104817267452843
136,4,3,2.2579999999999814,,13518,"[954, 270]",False,,True,0.0,False,very_strong,False,[],,[],,0.5012384575285111,0.3072169857021837
137,4,3,2.274000000000001,,13518,"[954, 270]",False,,True,0.0,False,very_strong,False,[],,[],,0.5012384575285111,0.3072169857021837
138,4,3,2.290999999999997,,13518,"[954, 270]",False,,True,0.0,False,very_strong,False,[],,[],,0.5022075727549529,0.3085189205032728
139,4,3,2.3079999999999927,,13518,"[954, 270]",False,,True,0.0,False,very_strong,False,[],,[],,0.5022075727549529,0.3085189205032728
140,4,3,2.3249999999999886,,13518,"[954, 270]",False,,True,0.0,False,very_strong,False,[],,[],,0.5013955924324798,0.31564529060767776
141,4,3,2.3419999999999845,,13518,"[954, 270]",False,,True,0.0,False,very_strong,False,[],,[],,0.5013955924324798,0.31564529060767776
142,4,3,2.358000000000004,,13518,"[954, 270]",False,,True,0.0,False,very_strong,False,[],,[],,0.5000382237257579,0.3254232888050731
143,4,3,2.3740000000000236,,13518,"[954, 270]",False,,True,0.0,False,very_strong,False,[],,[],,0.5000382237257579,0.3254232888050731
144,4,3,2.3899999999999864,,13518,"[954, 270]",False,,True,0.0,False,very_strong,False,[],,[],,0.49821329567393785,0.33282473699085147
145,4,3,2.406000000000006,,13518,"[954, 270]",False,,True,0.0,False,very_strong,False,[],,[],,0.49821329567393785,0.33282473699085147
146,4,3,2.4220000000000255,,13518,"[954, 270]",False,,True,0.0,False,very_strong,False,[],,[],,0.4969462713702537,0.3413418355197604
147,4,3,2.4399999999999977,,13518,"[954, 270]",False,,True,0.0,False,very_strong,False,[],,[],,0.4969462713702537,0.3413418355197604
148,4,3,2.4560000000000173,,13518,"[954, 270]",False,,True,0.0,False,very_strong,False,[],,[],,0.4968375840282596,0.35024829036674754
149,4,3,2.47199999999998,,13518,"[954, 270]",False,,True,0.0,False,very_strong,False,[],,[],,0.4968375840282596,0.35024829036674754
150,4,3,2.488999999999976,,13518,"[954, 270]",False,,True,0.0,False,very_strong,False,[],,[],,0.49725010404228753,0.35267442641045854
151,4,3,2.5060000000000286,,13518,"[954, 270]",False,,True,0.0,False,very_strong,False,[],,[],,0.49725010404228753,0.35267442641045854
152,4,3,2.5230000000000246,,13518,"[954, 270]",False,,True,0.0,False,very_strong,False,[],,[],,0.49820818508021425,0.3582926625696087
153,4,3,2.5400000000000205,,13518,"[954, 270]",False,,True,0.0,False,very_strong,False,[],,[],,0.49820818508021425,0.3582926625696087
154,4,3,2.5570000000000164,,13518,"[954, 270]",False,,True,0.0,False,very_strong,False,[],,[],,0.49838494753868334,0.3623352376553495
155,4,3,2.5740000000000123,,13518,"[954, 270]",False,,True,0.0,False,very_strong,False,[],,[],,0.49838494753868334,0.3623352376553495
156,4,3,2.591000000000008,,13518,"[954, 270]",False,,True,0.0,False,very_strong,False,[],,[],,0.5016011815842691,0.3583198255078587
157,4,3,2.6070000000000277,,13518,"[954, 270]",False,,True,0.0,False,very_strong,False,[],,[],,0.5016011815842691,0.3583198255078587
158,4,3,2.6229999999999905,,13518,"[954, 270]",False,,True,0.0,False,very_strong,False,"[[1224, 810]]",,[],,0.5038422081680456,0.35374287037206953
159,4,3,2.6399999999999864,,13518,"[954, 270]",False,,True,0.0,False,very_strong,False,"[[1224, 804]]",,[],,0.5038422081680456,0.35374287037206953
160,4,3,2.6569999999999823,,13518,"[954, 270]",False,,True,0.0,False,very_strong,False,"[[1224, 798]]",,[],,0.5048561678956903,0.34944571027620275
161,4,3,2.673999999999978,,13518,"[954, 270]",False,,True,0.0,False,very_strong,False,"[[1224, 792]]",,[],,0.5048561678956903,0.34944571027620275
162,4,3,2.6899999999999977,,13518,"[954, 270]",False,,True,0.0,False,very_strong,False,"[[1224, 786]]",,[],,0.507951230455433,0.35143510411086887
163,4,3,2.7069999999999936,,13518,"[954, 270]",False,,True,0.0,False,very_strong,False,"[[1224, 780]]",,[],,0.507951230455433,0.35143510411086887
164,4,3,2.7239999999999895,,13518,"[954, 270]",False,,True,0.0,False,very_strong,False,"[[1224, 774]]",,[],,0.5107873235755923,0.35501773140231163
165,4,3,2.7409999999999854,,13518,"[954, 270]",False,,True,0.0,False,very_strong,False,"[[1224, 768]]",,[],,0.5107873235755923,0.35501773140231163
166,4,3,2.757000000000005,,13518,"[954, 270]",False,,True,0.0,False,very_strong,False,"[[1224, 762]]",,[],,0.5116875880501419,0.3623211065642319
167,4,3,2.7730000000000246,,13518,"[954, 270]",False,,True,0.0,False,very_strong,False,"[[1224, 756]]",,[],,0.5116875880501419,0.3623211065642319
168,4,3,2.7900000000000205,,13518,"[954, 270]",False,,True,0.0,False,very_strong,False,"[[1224, 750]]",,[],,0.5121376019898249,0.3685628850337491
169,4,3,2.805999999999983,,13518,"[954, 270]",False,,True,0.0,False,very_strong,False,"[[1224, 744]]",,[],,0.5121376019898249,0.3685628850337491
170,4,3,2.8220000000000027,,13518,"[954, 270]",False,,True,0.0,False,very_strong,False,"[[1224, 738]]",,[],,0.5114516347615604,0.37206523424621485
171,4,3,2.8380000000000223,,13518,"[954, 270]",False,,True,0.0,False,very_strong,False,"[[1224, 732]]",,[],,0.5114516347615604,0.37206523424621485
172,4,3,2.855000000000018,,13518,"[954, 270]",False,,True,0.0,False,very_strong,False,"[[1224, 726]]",,[],,0.5102989948942188,0.3802993148073046
173,4,3,2.870999999999981,,13518,"[954, 270]",False,,True,0.0,False,very_strong,False,"[[1224, 720]]",,[],,0.5101863558268234,0.3826447972189012
174,4,3,2.8870000000000005,,13518,"[954, 270]",False,,True,0.0,False,very_strong,False,"[[1224, 714]]",,[],,0.5106604939002131,0.38510256122709874
175,4,3,2.90300000000002,,13518,"[954, 270]",False,,True,0.0,False,very_strong,False,"[[1224, 708]]",,[],,0.5106604939002131,0.38510256122709874
176,4,3,2.9189999999999827,,13518,"[954, 270]",False,,True,0.0,False,very_strong,False,"[[1224, 702], [1026, 810]]",,[],,0.5108481845372469,0.3875455768002052
177,4,3,2.9350000000000023,,13518,"[954, 270]",False,,True,0.0,False,very_strong,False,"[[1224, 696], [1026, 804]]",,[],,0.5106701761711967,0.38217638568869494
178,4,3,2.951999999999998,,13518,"[954, 270]",False,,True,0.0,False,very_strong,False,"[[1224, 690], [1026, 798]]",,[],,0.5220256364515433,0.32663390079313337
179,4,3,2.968999999999994,,13518,"[954, 270]",False,Right,True,0.0,False,very_strong,False,"[[1224, 684], [1026, 792]]",,[],,0.525364598013962,0.3065502251668917
180,4,3,2.98599999999999,,13518,"[954, 270]",False,Right,True,0.0,False,very_strong,False,"[[1218, 678], [1020, 786]]",,[],,0.525719059955364,0.30484900267606796
181,4,3,3.0020000000000095,,13518,"[954, 270]",False,Right,True,0.0,False,very_strong,False,"[[1212, 672], [1014, 780]]",,[],,0.525845338354936,0.30399494282448913
182,4,3,3.019999999999982,,13518,"[954, 270]",False,Right,True,0.0,False,very_strong,False,"[[1206, 666], [1008, 774]]",,[],,0.5249210402430157,0.30724446326842536
183,4,3,3.0360000000000014,,13518,"[954, 270]",False,Right,True,0.0,False,very_strong,False,"[[1200, 660], [1002, 768]]",,[],,0.5237184204118169,0.3117104447890995
184,4,3,3.052000000000021,,13518,"[954, 270]",False,Right,True,0.0,False,very_strong,False,"[[1194, 654], [996, 762]]",,[],,0.5217444807595731,0.31890954502724633
185,4,3,3.069999999999993,,13518,"[954, 270]",False,Right,True,0.0,False,very_strong,False,"[[1188, 648], [990, 756], [972, 810]]",,[],,0.5208252810154174,0.32059042913636837
186,4,3,3.0860000000000127,,13518,"[954, 270]",False,,True,0.0,False,very_strong,False,"[[1182, 642], [984, 750], [966, 804]]",,[],,0.5216949840524105,0.32279856924733796
187,4,3,3.100999999999999,,13518,"[954, 270]",False,,True,0.0,False,very_strong,False,"[[1182, 636], [984, 744], [966, 798]]",,[],,0.5216949840524105,0.32279856924733796
188,4,3,3.1170000000000186,,13518,"[954, 270]",False,,True,0.0,False,very_strong,False,"[[1182, 630], [984, 738], [966, 792]]",,[],,0.5218296046721412,0.3203114074163478
189,4,3,3.1340000000000146,,13518,"[954, 270]",False,,True,0.0,False,very_strong,False,"[[1182, 624], [984, 732], [966, 786]]",,[],,0.5225824848771368,0.323828529808454
190,4,3,3.1510000000000105,,13518,"[954, 270]",False,,True,0.0,False,very_strong,False,"[[1182, 618], [984, 726], [966, 780]]",,[],,0.5228657593350052,0.3256644250939381
191,4,3,3.16700000000003,,13518,"[954, 270]",False,,True,0.0,False,very_strong,False,"[[1182, 612], [984, 720], [966, 774]]",,[],,0.5220046241290952,0.325391859600046
192,4,3,3.1829999999999927,,13518,"[954, 270]",False,,True,0.0,False,very_strong,False,"[[1182, 606], [984, 714], [966, 768]]",,[],,0.52153639729159,0.3247918192114424
193,4,3,3.1990000000000123,,13518,"[954, 270]",False,,True,0.0,False,very_strong,False,"[[1182, 600], [984, 708], [966, 762]]",,[],,0.5201333399554711,0.32547067204557834
194,4,3,3.214999999999975,,13518,"[954, 270]",False,,True,0.0,False,very_strong,False,"[[1182, 594], [984, 702], [966, 756]]",,[],,0.5201333399554711,0.32547067204557834
195,4,3,3.2309999999999945,,13518,"[954, 270]",False,,True,0.0,False,very_strong,False,"[[1182, 588], [984, 696], [966, 750]]",,[],,0.5203214084949856,0.32150696783353006
196,4,3,3.247000000000014,,13518,"[954, 270]",False,,True,0.0,False,very_strong,False,"[[1182, 582], [984, 690], [966, 744]]",,[],,0.5201695200696429,0.321507028632827
197,4,3,3.26400000000001,,13518,"[954, 270]",False,,True,0.0,False,very_strong,False,"[[1182, 576], [984, 684], [966, 738], [768, 810]]",,[],,0.5201289646397069,0.3210621966834296
198,4,3,3.281000000000006,,13518,"[954, 270]",False,,True,0.0,False,very_strong,False,"[[1182, 570], [984, 678], [966, 732], [768, 804]]",,[],,0.5201289646397069,0.3210621966834296
199,4,3,3.298000000000002,,13518,"[954, 270]",False,,True,0.0,False,very_strong,False,"[[1182, 564], [984, 672], [966, 726], [768, 798]]",,[],,0.5207030590964792,0.3186676597113518
200,4,3,3.3149999999999977,,13518,"[954, 270]",False,,True,0.0,False,very_strong,False,"[[1182, 558], [984, 666], [966, 720], [768, 792]]",,[],,0.5208717008717738,0.3186454145889709
201,4,3,3.3310000000000173,,13518,"[954, 270]",False,,True,0.0,False,very_strong,False,"[[1182, 552], [984, 660], [966, 714], [768, 786]]",,[],,0.5210376481767998,0.3222848676383594
202,4,3,3.34699999999998,,13518,"[954, 270]",False,,True,0.0,False,very_strong,False,"[[1182, 546], [984, 654], [966, 708], [768, 780]]",,[],,0.5210376481767998,0.3222848676383594
203,4,3,3.363999999999976,,13518,"[954, 270]",False,,True,0.0,False,very_strong,False,"[[1182, 540], [984, 648], [966, 702], [768, 774]]",,[],,0.5225098579761461,0.32594984076425915
204,4,3,3.3810000000000286,,13518,"[954, 270]",False,,True,0.0,False,very_strong,False,"[[1182, 534], [984, 642], [966, 696], [768, 768]]",,[],,0.5225098579761461,0.32594984076425915
205,4,3,3.3980000000000246,,13518,"[954, 270]",False,Right,True,0.0,False,very_strong,False,"[[1182, 528], [984, 636], [966, 690], [768, 762]]",,[],,0.5221292036404863,0.3305688703244354
206,4,3,3.4150000000000205,,13518,"[954, 270]",False,Right,True,0.0,False,very_strong,False,"[[1176, 522], [978, 630], [960, 684], [762, 756]]",,[],,0.5221292036404863,0.3305688703244354
207,4,3,3.430000000000007,,13518,"[954, 270]",False,Right,True,0.0,False,very_strong,False,"[[1170, 516], [972, 624], [954, 678], [756, 750]]",,[],,0.521633697486118,0.33434852778145807
208,4,3,3.4470000000000027,,13518,"[954, 270]",False,Right,True,0.0,False,very_strong,False,"[[1164, 510], [966, 618], [948, 672], [750, 744]]",,[],,0.5216749954918372,0.33527329223909863
209,4,3,3.4630000000000223,,13518,"[954, 270]",False,Right,True,0.0,False,very_strong,False,"[[1158, 504], [960, 612], [942, 666], [744, 738]]",,[],,0.5219992203788106,0.3392880197574165
210,4,3,3.4809999999999945,,13518,"[954, 270]",False,,True,0.0,False,very_strong,False,"[[1152, 498], [954, 606], [936, 660], [738, 732]]",,[],,0.5219992203788106,0.3392880197574165
211,4,3,3.497000000000014,,13518,"[954, 270]",False,,True,0.0,False,very_strong,False,"[[1152, 492], [954, 600], [936, 654], [738, 726]]",,[],,0.5181820844706289,0.32539778528593777
212,4,3,3.51400000000001,,13518,"[954, 270]",False,,True,0.0,False,very_strong,False,"[[1152, 486], [954, 594], [936, 648], [738, 720]]",,[],,0.5181820844706289,0.32539778528593777
213,4,3,3.5300000000000296,,13518,"[954, 270]",False,,True,0.0,False,very_strong,False,"[[1152, 480], [954, 588], [936, 642], [738, 714]]",,[],,0.5131187690771029,0.30435441002169605
214,4,3,3.5459999999999923,,13518,"[954, 270]",False,,True,0.0,False,very_strong,False,"[[1152, 474], [954, 582], [936, 636], [738, 708]]",,[],,0.5131187690771029,0.30435441002169605
215,4,3,3.562000000000012,,13518,"[954, 270]",False,,True,0.0,False,very_strong,False,"[[1152, 468], [954, 576], [936, 630], [738, 702]]",,[],,0.5108328442000352,0.3028032781251133
216,4,3,3.5790000000000077,,13518,"[954, 270]",False,Right,True,0.0,False,very_strong,False,"[[1152, 462], [954, 570], [936, 624], [738, 696]]",,[],,0.5108328442000352,0.3028032781251133
217,4,3,3.5950000000000273,,13518,"[954, 270]",False,Right,True,0.0,False,very_strong,False,"[[1146, 456], [948, 564], [930, 618], [732, 690]]",,[],,0.5096889913379795,0.3064391750576084
218,4,3,3.6100000000000136,,13518,"[954, 270]",False,Right,True,0.0,False,very_strong,False,"[[1140, 450], [942, 558], [924, 612], [726, 684], [870, 810]]",,[],,0.5096889913379795,0.3064391750576084
219,4,3,3.6270000000000095,,13518,"[954, 270]",False,Right,True,0.0,False,very_strong,False,"[[1134, 444], [936, 552], [918, 606], [720, 678], [864, 804]]",,[],,0.5092124012837513,0.31383059213420317
220,4,3,3.6440000000000055,,13518,"[954, 270]",False,Right,True,0.0,False,very_strong,False,"[[1128, 438], [930, 546], [912, 600], [714, 672], [858, 798]]",,[],,0.5092124012837513,0.31383059213420317
221,4,3,3.6610000000000014,,13518,"[954, 270]",False,,True,0.0,False,very_strong,False,"[[1122, 432], [924, 540], [906, 594], [708, 666], [852, 792]]",,[],,0.5113022213586232,0.3218384932257198
222,4,3,3.677000000000021,,13518,"[954, 270]",False,,True,0.0,False,very_strong,False,"[[1122, 426], [924, 534], [906, 588], [708, 660], [852, 786]]",,[],,0.5113022213586232,0.3218384932257198
223,4,3,3.694000000000017,,13518,"[954, 270]",False,,True,0.0,False,very_strong,False,"[[1122, 420], [924, 528], [906, 582], [708, 654], [852, 780]]",,[],,0.5143899600990448,0.32103623619430166
224,4,3,3.7099999999999795,,13518,"[954, 270]",False,,True,0.0,False,very_strong,False,"[[1122, 414], [924, 522], [906, 576], [708, 648], [852, 774]]",,[],,0.5143899600990448,0.32103623619430166
225,4,3,3.725999999999999,,13518,"[954, 270]",False,,True,0.0,False,very_strong,False,"[[1122, 408], [924, 516], [906, 570], [708, 642], [852, 768]]",,[],,0.5154819679579623,0.3179526274522869
226,4,3,3.7420000000000186,,13518,"[954, 270]",False,,True,0.0,False,very_strong,False,"[[1122, 402], [924, 510], [906, 564], [708, 636], [852, 762]]",,[],,0.5154819679579623,0.3179526274522869
227,4,3,3.7579999999999814,,13518,"[954, 270]",False,,True,0.0,False,very_strong,False,"[[1122, 396], [924, 504], [906, 558], [708, 630], [852, 756], [834, 810]]",,[],,0.5147055293148661,0.3157047971353085
228,4,3,3.774000000000001,,13518,"[954, 270]",False,,True,0.0,False,very_strong,False,"[[1122, 390], [924, 498], [906, 552], [708, 624], [852, 750], [834, 804]]",,[],,0.5144441482462544,0.3161230229789158
229,4,3,3.790999999999997,,13518,"[954, 270]",False,,True,0.0,False,very_strong,False,"[[1122, 384], [924, 492], [906, 546], [708, 618], [852, 744], [834, 798]]",,[],,0.5140782840264416,0.3179278049890699
230,4,3,3.8079999999999927,,13518,"[954, 270]",False,,True,0.0,False,very_strong,False,"[[1122, 378], [924, 486], [906, 540], [708, 612], [852, 738], [834, 792]]",,[],,0.5140782840264416,0.3179278049890699
231,4,3,3.8249999999999886,,13518,"[954, 270]",False,Right,True,0.0,False,very_strong,False,"[[1122, 372], [924, 480], [906, 534], [708, 606], [852, 732], [834, 786]]",,[],,0.5134507094677151,0.3233926756182304
232,4,3,3.841000000000008,,13518,"[954, 270]",False,Right,True,0.0,False,very_strong,False,"[[1116, 366], [918, 474], [900, 528], [702, 600], [846, 726], [828, 780]]",,[],,0.5135686642401645,0.3276426250390908
233,4,3,3.8570000000000277,,13518,"[954, 270]",False,Right,True,0.0,False,very_strong,False,"[[1110, 360], [912, 468], [894, 522], [696, 594], [840, 720], [822, 774]]",,[],,0.5144655566947149,0.33223596492243745
234,4,3,3.875,,13518,"[954, 270]",False,Right,True,0.0,False,very_strong,False,"[[1104, 354], [906, 462], [888, 516], [690, 588], [834, 714], [816, 768]]",,[],,0.5144655566947149,0.33223596492243745
235,4,3,3.8910000000000196,,13518,"[954, 270]",False,Right,True,0.0,False,very_strong,False,"[[1098, 348], [900, 456], [882, 510], [684, 582], [828, 708], [810, 762]]",,[],,0.5142120188147301,0.3314897157230965
236,4,3,3.9069999999999823,,13518,"[954, 270]",False,Right,True,0.0,False,very_strong,False,"[[1092, 342], [894, 450], [876, 504], [678, 576], [822, 702], [804, 756]]",,[],,0.5142120188147301,0.3314897157230965
237,4,3,3.923999999999978,,13518,"[954, 270]",False,Right,True,0.0,False,very_strong,False,"[[1086, 336], [888, 444], [870, 498], [672, 570], [816, 696], [798, 750]]",,[],,0.5148140748425205,0.32934006707298
238,4,3,3.9420000000000073,,13518,"[954, 270]",False,,True,0.0,False,very_strong,False,"[[1080, 330], [882, 438], [864, 492], [666, 564], [810, 690], [792, 744]]",,[],,0.5144642927465559,0.32825412470907067
239,4,3,3.958000000000027,,13518,"[954, 270]",False,,True,0.0,False,very_strong,False,"[[1080, 324], [882, 432], [864, 486], [666, 558], [810, 684], [792, 738], [774, 810], [1116, 810]]",,[],,0.5138149919367948,0.33019317980177754
240,4,3,3.9739999999999895,,13518,"[954, 270]",False,,True,0.0,False,very_strong,False,"[[1080, 318], [882, 426], [864, 480], [666, 552], [810, 678], [792, 732], [774, 804], [1116, 804]]",,[],,0.5138149919367948,0.33019317980177754
241,4,3,3.9909999999999854,,13518,"[954, 270]",False,,True,0.0,False,very_strong,False,"[[1080, 312], [882, 420], [864, 474], [666, 546], [810, 672], [792, 726], [774, 798], [1116, 798]]",,[],,0.5139693747832856,0.33273997523931054
242,4,3,4.007000000000005,,13518,"[954, 270]",False,,True,0.0,False,very_strong,False,"[[1080, 306], [882, 414], [864, 468], [666, 540], [810, 666], [792, 720], [774, 792], [1116, 792], [612, 810]]",,[],,0.5135787599519243,0.33757579970379314
243,4,3,4.024000000000001,,13518,"[954, 270]",False,,True,0.0,False,very_strong,False,"[[1080, 300], [882, 408], [864, 462], [666, 534], [810, 660], [792, 714], [774, 786], [1116, 786], [612, 804]]",,[],,0.5126952297204359,0.3400411276192924
244,4,3,4.040999999999997,,13518,"[954, 270]",False,,True,0.0,False,very_strong,False,"[[1080, 294], [882, 402], [864, 456], [666, 528], [810, 654], [792, 708], [774, 780], [1116, 780], [612, 798]]",,[],,0.5127985554472334,0.34154575784607755
245,4,3,4.057999999999993,,13518,"[954, 270]",False,,True,0.0,False,very_strong,False,"[[1080, 288], [882, 396], [864, 450], [666, 522], [810, 648], [792, 702], [774, 774], [1116, 774], [612, 792], [756, 810]]",,[],,0.5118591086390849,0.34582630538667647
246,4,3,4.074999999999989,,13518,"[954, 270]",False,,True,0.0,False,very_strong,False,"[[1080, 282], [882, 390], [864, 444], [666, 516], [810, 642], [792, 696], [774, 768], [1116, 768], [612, 786], [756, 804]]",,[],,0.5118064617122965,0.34746418144217006
247,4,3,4.091000000000008,,13518,"[954, 270]",False,,True,0.0,False,very_strong,False,"[[1080, 276], [882, 384], [864, 438], [666, 510], [810, 636], [792, 690], [774, 762], [1116, 762], [612, 780], [756, 798]]",,[],,0.5108024241120355,0.34886301657750773
248,4,3,4.108000000000004,,13518,"[954, 270]",False,,True,0.0,False,very_strong,False,"[[1080, 270], [882, 378], [864, 432], [666, 504], [810, 630], [792, 684], [774, 756], [1116, 756], [612, 774], [756, 792]]",,[],,0.5101967347431656,0.3501157428654612
249,4,3,4.124000000000024,,13518,"[954, 270]",False,,True,0.0,False,very_strong,False,"[[1080, 264], [882, 372], [864, 426], [666, 498], [810, 624], [792, 678], [774, 750], [1116, 750], [612, 768], [756, 786]]",,[],,0.5090864042734993,0.3537343120624611
250,4,3,4.139999999999986,,13518,"[954, 270]",False,,True,0.0,False,very_strong,False,"[[1080, 258], [882, 366], [864, 420], [666, 492], [810, 618], [792, 672], [774, 744], [1116, 744], [612, 762], [756, 780]]",,[],,0.5099136375440361,0.3553231664725285
251,4,3,4.156999999999982,,13518,"[954, 270]",False,,True,0.0,False,very_strong,False,"[[1080, 252], [882, 360], [864, 414], [666, 486], [810, 612], [792, 666], [774, 738], [1116, 738], [612, 756], [756, 774]]",,[],,0.5093454735294646,0.35679091564580556
252,4,3,4.173999999999978,,13518,"[954, 270]",False,,True,0.0,False,very_strong,False,"[[1080, 246], [882, 354], [864, 408], [666, 480], [810, 606], [792, 660], [774, 732], [1116, 732], [612, 750], [756, 768]]",,[],,0.5093459764338283,0.3571766351867446
253,4,3,4.191000000000031,,13518,"[954, 270]",False,,True,0.0,False,very_strong,False,"[[1080, 240], [882, 348], [864, 402], [666, 474], [810, 600], [792, 654], [774, 726], [1116, 726], [612, 744], [756, 762]]",,[],,0.5088137028787397,0.35889314228192215
254,4,3,4.206999999999994,,13518,"[954, 270]",False,,True,0.0,False,very_strong,False,"[[1080, 234], [882, 342], [864, 396], [666, 468], [810, 594], [792, 648], [774, 720], [1116, 720], [612, 738], [756, 756]]",,[],,0.5086712293058857,0.3597171968857421
255,4,3,4.223000000000013,,13518,"[954, 270]",False,,True,0.0,False,very_strong,False,"[[1080, 228], [882, 336], [864, 390], [666, 462], [810, 588], [792, 642], [774, 714], [1116, 714], [612, 732], [756, 750]]",,[],,0.511017058434897,0.32753983631382444
256,4,3,4.240000000000009,,13518,"[954, 270]",False,,True,0.0,False,very_strong,False,"[[1080, 222], [882, 330], [864, 384], [666, 456], [810, 582], [792, 636], [774, 708], [1116, 708], [612, 726], [756, 744]]",,[],,0.5150603972711907,0.3063363982050362
257,4,3,4.257000000000005,,13518,"[954, 270]",False,Right,True,0.0,False,very_strong,False,"[[1080, 216], [882, 324], [864, 378], [666, 450], [810, 576], [792, 630], [774, 702], [1116, 702], [612, 720], [756, 738]]",,[],,0.516839681204498,0.28165635193640715
258,4,3,4.274000000000001,,13518,"[954, 270]",False,Right,True,0.0,False,very_strong,False,"[[1074, 210], [876, 318], [858, 372], [660, 444], [804, 570], [786, 624], [768, 696], [1110, 696], [606, 714], [750, 732]]",,[],,0.5151492453632425,0.27199463947971037
259,4,3,4.290999999999997,,13518,"[954, 270]",False,Right,True,0.0,False,very_strong,False,"[[1068, 204], [870, 312], [852, 366], [654, 438], [798, 564], [780, 618], [762, 690], [1104, 690], [600, 708], [744, 726]]",,[],,0.5132217904620819,0.271944740238924
260,4,3,4.307999999999993,,13518,"[954, 270]",False,Right,True,0.0,False,very_strong,False,"[[1062, 198], [864, 306], [846, 360], [648, 432], [792, 558], [774, 612], [756, 684], [1098, 684], [594, 702], [738, 720]]",,[],,0.5120644900434569,0.27439507308739286
261,4,3,4.324999999999989,,13518,"[954, 270]",False,Right,True,0.0,False,very_strong,False,"[[1056, 192], [858, 300], [840, 354], [642, 426], [786, 552], [768, 606], [750, 678], [1092, 678], [588, 696], [732, 714]]",,[],,0.5127107112864564,0.27833859190336596
262,4,3,4.341000000000008,,13518,"[954, 270]",False,Right,True,0.0,False,very_strong,False,"[[1050, 186], [852, 294], [834, 348], [636, 420], [780, 546], [762, 600], [744, 672], [1086, 672], [582, 690], [726, 708]]",,[],,0.5125654281041829,0.2847891868413711
263,4,3,4.358000000000004,,13518,"[954, 270]",False,Right,True,0.0,False,very_strong,False,"[[1044, 180], [846, 288], [828, 342], [630, 414], [774, 540], [756, 594], [738, 666], [1080, 666], [576, 684], [720, 702]]",,[],,0.5120195252514982,0.28588160166034127
264,4,3,4.375,,13518,"[954, 270]",False,,True,0.0,False,very_strong,False,"[[1038, 174], [840, 282], [822, 336], [624, 408], [768, 534], [750, 588], [732, 660], [1074, 660], [570, 678], [714, 696]]",,[],,0.5132260153162791,0.28593051710025685
265,4,3,4.391999999999996,,13518,"[954, 270]",False,,True,0.0,False,very_strong,False,"[[1038, 168], [840, 276], [822, 330], [624, 402], [768, 528], [750, 582], [732, 654], [1074, 654], [570, 672], [714, 690]]",,[],,0.5142328032396872,0.2843060263941871
266,4,3,4.406999999999982,,13518,"[954, 270]",False,,True,0.0,False,very_strong,False,"[[1038, 162], [840, 270], [822, 324], [624, 396], [768, 522], [750, 576], [732, 648], [1074, 648], [570, 666], [714, 684]]",,[],,0.5135638133897736,0.2847670704382461
267,4,3,4.423999999999978,,13518,"[954, 270]",False,,True,0.0,False,very_strong,False,"[[1038, 156], [840, 264], [822, 318], [624, 390], [768, 516], [750, 570], [732, 642], [1074, 642], [570, 660], [714, 678]]",,[],,0.5136205214112957,0.2856151852536897
268,4,3,4.441000000000031,,13518,"[954, 270]",False,,True,0.0,False,very_strong,False,"[[1038, 150], [840, 258], [822, 312], [624, 384], [768, 510], [750, 564], [732, 636], [1074, 636], [570, 654], [714, 672]]",,"[[1230, 810]]",,0.5144279916234276,0.2841127298527799
269,4,3,4.456999999999994,,13518,"[954, 270]",False,,True,0.0,False,very_strong,False,"[[1038, 144], [840, 252], [822, 306], [624, 378], [768, 504], [750, 558], [732, 630], [1074, 630], [570, 648], [714, 666]]",,"[[1230, 804]]",,0.5152500992365814,0.282220503971896
270,4,3,4.473000000000013,,13518,"[954, 270]",False,,True,0.0,False,very_strong,False,"[[1038, 138], [840, 246], [822, 300], [624, 372], [768, 498], [750, 552], [732, 624], [1074, 624], [570, 642], [714, 660]]",,"[[1230, 798]]",,0.5154976479355352,0.2819163189161197
271,4,3,4.490000000000009,,13518,"[954, 270]",False,,True,0.0,False,very_strong,False,"[[1038, 132], [840, 240], [822, 294], [624, 366], [768, 492], [750, 546], [732, 618], [1074, 618], [570, 636], [714, 654]]",,"[[1230, 792]]",,0.5159052918145525,0.2816619137866312
272,4,3,4.506000000000029,,13518,"[954, 270]",False,,True,0.0,False,very_strong,False,"[[1038, 126], [840, 234], [822, 288], [624, 360], [768, 486], [750, 540], [732, 612], [1074, 612], [570, 630], [714, 648]]",,"[[1230, 786]]",,0.5163144062981854,0.28153605381064384
273,4,3,4.523000000000025,,13518,"[954, 270]",False,,True,0.0,False,very_strong,False,"[[1038, 120], [840, 228], [822, 282], [624, 354], [768, 480], [750, 534], [732, 606], [1074, 606], [570, 624], [714, 642]]",,"[[1230, 780]]",,0.5163144062981854,0.28153605381064384
274,4,3,4.5400000000000205,,13518,"[954, 270]",False,,True,0.0,False,very_strong,False,"[[1038, 114], [840, 222], [822, 276], [624, 348], [768, 474], [750, 528], [732, 600], [1074, 600], [570, 618], [714, 636]]",,"[[1230, 774]]",,0.5168076876292929,0.2847031469528607
275,4,3,4.557000000000016,,13518,"[954, 270]",False,,True,0.0,False,very_strong,False,"[[1038, 108], [840, 216], [822, 270], [624, 342], [768, 468], [750, 522], [732, 594], [1074, 594], [570, 612], [714, 630], [660, 810], [696, 810]]",,"[[1230, 768]]",,0.5172227293863445,0.28558000464848765
276,4,3,4.574000000000012,,13518,"[954, 270]",False,,True,0.0,False,very_strong,False,"[[1038, 102], [840, 210], [822, 264], [624, 336], [768, 462], [750, 516], [732, 588], [1074, 588], [570, 606], [714, 624], [660, 804], [696, 804]]",,"[[1230, 762]]",,0.5163686640363927,0.28675053049749333
277,4,3,4.591000000000008,,13518,"[954, 270]",False,,True,0.0,False,very_strong,False,"[[1038, 96], [840, 204], [822, 258], [624, 330], [768, 456], [750, 510], [732, 582], [1074, 582], [570, 600], [714, 618], [660, 798], [696, 798]]",,"[[1230, 756]]",,0.5157299157925774,0.2895367248315318
278,4,3,4.608000000000004,,13518,"[954, 270]",False,,True,0.0,False,very_strong,False,"[[1038, 90], [840, 198], [822, 252], [624, 324], [768, 450], [750, 504], [732, 576], [1074, 576], [570, 594], [714, 612], [660, 792], [696, 792]]",,"[[1230, 750]]",,0.5157146901980608,0.29302046057563635
279,4,3,4.625,,13518,"[954, 270]",False,,True,0.0,False,very_strong,False,"[[1038, 84], [840, 192], [822, 246], [624, 318], [768, 444], [750, 498], [732, 570], [1074, 570], [570, 588], [714, 606], [660, 786], [696, 786]]",,"[[1230, 744]]",,0.5158194571225138,0.29264458008031335
280,4,3,4.641999999999996,,13518,"[954, 270]",False,,True,0.0,False,very_strong,False,"[[1038, 78], [840, 186], [822, 240], [624, 312], [768, 438], [750, 492], [732, 564], [1074, 564], [570, 582], [714, 600], [660, 780], [696, 780]]",,"[[1230, 738]]",,0.5163892577551266,0.2967440658035192
281,4,3,4.660000000000025,,13518,"[954, 270]",False,,True,0.0,False,very_strong,False,"[[1038, 72], [840, 180], [822, 234], [624, 306], [768, 432], [750, 486], [732, 558], [1074, 558], [570, 576], [714, 594], [660, 774], [696, 774], [660, 810]]",,"[[1230, 732]]",,0.5176012368558699,0.2965087681167685
282,4,3,4.675999999999988,,13518,"[954, 270]",False,,True,0.0,False,very_strong,False,"[[1038, 66], [840, 174], [822, 228], [624, 300], [768, 426], [750, 480], [732, 552], [1074, 552], [570, 570], [714, 588], [660, 768], [696, 768], [660, 804]]",,"[[1230, 726]]",,0.5180146038515819,0.2973905709479523
283,4,3,4.692000000000007,,13518,"[954, 270]",False,,True,0.0,False,very_strong,False,"[[1038, 60], [840, 168], [822, 222], [624, 294], [768, 420], [750, 474], [732, 546], [1074, 546], [570, 564], [714, 582], [660, 762], [696, 762], [660, 798]]",,"[[1230, 720]]",,0.5140081370507461,0.2873720581306478
284,4,3,4.709000000000003,,13518,"[954, 270]",False,,True,0.0,False,very_strong,False,"[[1038, 54], [840, 162], [822, 216], [624, 288], [768, 414], [750, 468], [732, 540], [1074, 540], [570, 558], [714, 576], [660, 756], [696, 756], [660, 792]]",,"[[1230, 714]]",,0.5138651189939849,0.27664299103101997
285,4,3,4.725000000000023,,13518,"[954, 270]",False,,True,0.0,False,very_strong,False,"[[1038, 48], [840, 156], [822, 210], [624, 282], [768, 408], [750, 462], [732, 534], [1074, 534], [570, 552], [714, 570], [660, 750], [696, 750], [660, 786]]",,"[[1230, 708]]",,0.5110197530416547,0.25651769186846585
286,4,3,4.742000000000019,,13518,"[954, 270]",False,,True,0.0,False,very_strong,False,"[[1038, 42], [840, 150], [822, 204], [624, 276], [768, 402], [750, 456], [732, 528], [1074, 528], [570, 546], [714, 564], [660, 744], [696, 744], [660, 780]]",,"[[1230, 702]]",,0.5213553897103349,0.2390557526659295
287,4,3,4.759999999999991,,13518,"[954, 270]",False,,True,0.0,False,very_strong,False,"[[1038, 36], [840, 144], [822, 198], [624, 270], [768, 396], [750, 450], [732, 522], [1074, 522], [570, 540], [714, 558], [660, 738], [696, 738], [660, 774]]",,"[[1230, 696]]",,0.5203890516562818,0.2357484070187149
288,4,3,4.776999999999987,,13518,"[954, 270]",False,,True,0.0,False,very_strong,False,"[[1038, 30], [840, 138], [822, 192], [624, 264], [768, 390], [750, 444], [732, 516], [1074, 516], [570, 534], [714, 552], [660, 732], [696, 732], [660, 768]]",,"[[1230, 690]]",,0.5208090527827449,0.23620426255298466
289,4,3,4.793999999999983,,13518,"[954, 270]",False,,True,0.0,False,very_strong,False,"[[1038, 24], [840, 132], [822, 186], [624, 258], [768, 384], [750, 438], [732, 510], [1074, 510], [570, 528], [714, 546], [660, 726], [696, 726], [660, 762]]",,"[[1230, 684]]",,0.520488525036804,0.23495304045538867
290,4,3,4.810999999999979,,13518,"[954, 270]",False,,True,0.0,False,very_strong,False,"[[1038, 18], [840, 126], [822, 180], [624, 252], [768, 378], [750, 432], [732, 504], [1074, 504], [570, 522], [714, 540], [660, 720], [696, 720], [660, 756], [840, 810]]",,"[[1230, 678]]",,0.5190729197190259,0.23928445909839346
291,4,3,4.826999999999998,,13518,"[954, 270]",False,,True,0.0,False,very_strong,False,"[[1038, 12], [840, 120], [822, 174], [624, 246], [768, 372], [750, 426], [732, 498], [1074, 498], [570, 516], [714, 534], [660, 714], [696, 714], [660, 750], [840, 804]]",,"[[1230, 672]]",,0.5189815533823939,0.2417034864319192
292,4,3,4.843999999999994,,13518,"[954, 270]",False,,True,0.0,False,very_strong,False,"[[1038, 6], [840, 114], [822, 168], [624, 240], [768, 366], [750, 420], [732, 492], [1074, 492], [570, 510], [714, 528], [660, 708], [696, 708], [660, 744], [840, 798]]",,"[[1230, 666]]",,0.5175551761428736,0.24217579150629354
293,4,3,4.860000000000014,,13518,"[954, 270]",False,,True,0.0,False,very_strong,False,"[[1038, 0], [840, 108], [822, 162], [624, 234], [768, 360], [750, 414], [732, 486], [1074, 486], [570, 504], [714, 522], [660, 702], [696, 702], [660, 738], [840, 792]]",,"[[1230, 660]]",,0.5164577173448499,0.24599349815312177
294,4,3,4.875999999999976,,13518,"[954, 270]",False,,True,0.0,False,very_strong,False,"[[840, 102], [822, 156], [624, 228], [768, 354], [750, 408], [732, 480], [1074, 480], [570, 498], [714, 516], [660, 696], [696, 696], [660, 732], [840, 786]]",,"[[1230, 654]]",,0.5160499098891378,0.2492994825720397
295,4,3,4.893000000000029,,13518,"[954, 270]",False,,True,0.0,False,very_strong,False,"[[840, 96], [822, 150], [624, 222], [768, 348], [750, 402], [732, 474], [1074, 474], [570, 492], [714, 510], [660, 690], [696, 690], [660, 726], [840, 780]]",,"[[1230, 648]]",,0.515291453817463,0.2523771223286949
296,4,3,4.910000000000025,,13518,"[954, 270]",False,,True,0.0,False,very_strong,False,"[[840, 90], [822, 144], [624, 216], [768, 342], [750, 396], [732, 468], [1074, 468], [570, 486], [714, 504], [660, 684], [696, 684], [660, 720], [840, 774]]",,"[[1230, 642]]",,0.5140858492590623,0.2577911225846157
297,4,3,4.927000000000021,,13518,"[954, 270]",False,,True,0.0,False,very_strong,False,"[[840, 84], [822, 138], [624, 210], [768, 336], [750, 390], [732, 462], [1074, 462], [570, 480], [714, 498], [660, 678], [696, 678], [660, 714], [840, 768]]",,"[[1230, 636]]",,0.5119324889216644,0.2610726675494516
298,4,3,4.942999999999984,,13518,"[954, 270]",False,,True,0.0,False,very_strong,False,"[[840, 78], [822, 132], [624, 204], [768, 330], [750, 384], [732, 456], [1074, 456], [570, 474], [714, 492], [660, 672], [696, 672], [660, 708], [840, 762]]",,"[[1230, 630]]",,0.5117418572983679,0.26230331012776464
299,4,3,4.9599999999999795,,13518,"[954, 270]",False,,True,0.0,False,very_strong,False,"[[840, 72], [822, 126], [624, 198], [768, 324], [750, 378], [732, 450], [1074, 450], [570, 468], [714, 486], [660, 666], [696, 666], [660, 702], [840, 756]]",,"[[1230, 624]]",,0.5112162092960828,0.2639493987141369
300,4,3,4.975999999999999,,13518,"[954, 270]",False,,True,0.0,False,very_strong,False,"[[840, 66], [822, 120], [624, 192], [768, 318], [750, 372], [732, 444], [1074, 444], [570, 462], [714, 480], [660, 660], [696, 660], [660, 696], [840, 750]]",,"[[1230, 618]]",,0.5112162092960828,0.2639493987141369
301,4,3,4.992999999999995,,13518,"[954, 270]",False,,True,0.0,False,very_strong,False,"[[840, 60], [822, 114], [624, 186], [768, 312], [750, 366], [732, 438], [1074, 438], [570, 456], [714, 474], [660, 654], [696, 654], [660, 690], [840, 744]]",,"[[1230, 612]]",,0.5059795072976374,0.26467867913150556
302,4,3,5.009999999999991,,13518,"[954, 270]",False,,True,0.0,False,very_strong,False,"[[840, 54], [822, 108], [624, 180], [768, 306], [750, 360], [732, 432], [1074, 432], [570, 450], [714, 468], [660, 648], [696, 648], [660, 684], [840, 738]]",,"[[1230, 606]]",,0.4978927437630837,0.24440233931442978
303,4,3,5.0260000000000105,,13518,"[954, 270]",False,,True,0.0,False,very_strong,False,"[[840, 48], [822, 102], [624, 174], [768, 300], [750, 354], [732, 426], [1074, 426], [570, 444], [714, 462], [660, 642], [696, 642], [660, 678], [840, 732]]",,"[[1230, 600]]",,0.498666120948868,0.24096855298936604
304,4,3,5.04200000000003,,13518,"[954, 270]",False,,True,0.0,False,very_strong,False,"[[840, 42], [822, 96], [624, 168], [768, 294], [750, 348], [732, 420], [1074, 420], [570, 438], [714, 456], [660, 636], [696, 636], [660, 672], [840, 726]]",,"[[1230, 594]]",,0.49819901873975825,0.24080572318463977
305,4,3,5.057999999999993,,13518,"[954, 270]",False,,True,0.0,False,very_strong,False,"[[840, 36], [822, 90], [624, 162], [768, 288], [750, 342], [732, 414], [1074, 414], [570, 432], [714, 450], [660, 630], [696, 630], [660, 666], [840, 720]]",,"[[1230, 588]]",,0.49819901873975825,0.24080572318463977
306,4,3,5.074000000000012,,13518,"[954, 270]",False,,True,0.0,False,very_strong,False,"[[840, 30], [822, 84], [624, 156], [768, 282], [750, 336], [732, 408], [1074, 408], [570, 426], [714, 444], [660, 624], [696, 624], [660, 660], [840, 714]]",,"[[1230, 582]]",,0.4974745060392582,0.2428351833613298
307,4,3,5.091000000000008,,13518,"[954, 270]",False,,True,0.0,False,very_strong,False,"[[840, 24], [822, 78], [624, 150], [768, 276], [750, 330], [732, 402], [1074, 402], [570, 420], [714, 438], [660, 618], [696, 618], [660, 654], [840, 708]]",,"[[1230, 576]]",,0.49771268654158884,0.24390997981191287
308,4,3,5.108000000000004,,13518,"[954, 270]",False,Right,True,0.0,False,very_strong,False,"[[840, 18], [822, 72], [624, 144], [768, 270], [750, 324], [732, 396], [1074, 396], [570, 414], [714, 432], [660, 612], [696, 612], [660, 648], [840, 702], [642, 810]]",,"[[1224, 570]]",,0.49699296803522647,0.24783417860858292
309,4,3,5.125,,13518,"[954, 270]",False,Right,True,0.0,False,very_strong,False,"[[834, 12], [816, 66], [618, 138], [762, 264], [744, 318], [726, 390], [1068, 390], [564, 408], [708, 426], [654, 606], [690, 606], [654, 642], [834, 696], [636, 804]]",,"[[1218, 564]]",,0.4965879965580194,0.24807834984747235
310,4,3,5.1410000000000196,,13518,"[954, 270]",False,Right,True,0.0,False,very_strong,False,"[[828, 6], [810, 60], [612, 132], [756, 258], [738, 312], [720, 384], [1062, 384], [558, 402], [702, 420], [648, 600], [684, 600], [648, 636], [828, 690], [630, 798]]",,"[[1212, 558]]",,0.49901804516811926,0.2463186062848166
311,4,3,5.1580000000000155,,13518,"[954, 270]",False,Right,True,0.0,False,very_strong,False,"[[822, 0], [804, 54], [606, 126], [750, 252], [732, 306], [714, 378], [1056, 378], [552, 396], [696, 414], [642, 594], [678, 594], [642, 630], [822, 684], [624, 792]]",,"[[1206, 552]]",,0.49901804516811926,0.2463186062848166
312,4,3,5.173999999999978,,13518,"[954, 270]",False,Right,True,0.0,False,very_strong,False,"[[798, 48], [600, 120], [744, 246], [726, 300], [708, 372], [1050, 372], [546, 390], [690, 408], [636, 588], [672, 588], [636, 624], [816, 678], [618, 786]]",,"[[1200, 546]]",,0.49888798990194516,0.25150965427681404
313,4,3,5.189999999999998,,13518,"[954, 270]",False,Right,True,0.0,False,very_strong,False,"[[792, 42], [594, 114], [738, 240], [720, 294], [702, 366], [1044, 366], [540, 384], [684, 402], [630, 582], [666, 582], [630, 618], [810, 672], [612, 780]]",,"[[1194, 540]]",,0.49888798990194516,0.25150965427681404
314,4,3,5.206000000000017,,13518,"[954, 270]",False,Right,True,0.0,False,very_strong,False,"[[786, 36], [588, 108], [732, 234], [714, 288], [696, 360], [1038, 360], [534, 378], [678, 396], [624, 576], [660, 576], [624, 612], [804, 666], [606, 774]]",,"[[1188, 534]]",,0.5004301241265637,0.2526726176196714
315,4,3,5.223000000000013,,13518,"[954, 270]",False,,True,0.0,False,very_strong,False,"[[780, 30], [582, 102], [726, 228], [708, 282], [690, 354], [1032, 354], [528, 372], [672, 390], [618, 570], [654, 570], [618, 606], [798, 660], [600, 768]]",,"[[1188, 528]]",,0.5004301241265637,0.2526726176196714
316,4,3,5.240000000000009,,13518,"[954, 270]",False,,True,0.0,False,very_strong,False,"[[780, 24], [582, 96], [726, 222], [708, 276], [690, 348], [1032, 348], [528, 366], [672, 384], [618, 564], [654, 564], [618, 600], [798, 654], [600, 762]]",,"[[1188, 522]]",,0.5005326590465782,0.25869064110133755
317,4,3,5.257000000000005,,13518,"[954, 270]",False,,True,0.0,False,very_strong,False,"[[780, 18], [582, 90], [726, 216], [708, 270], [690, 342], [1032, 342], [528, 360], [672, 378], [618, 558], [654, 558], [618, 594], [798, 648], [600, 756]]",,"[[1188, 516]]",,0.5005326590465782,0.25869064110133755
318,4,3,5.273000000000025,,13518,"[954, 270]",False,,True,0.0,False,very_strong,False,"[[780, 12], [582, 84], [726, 210], [708, 264], [690, 336], [1032, 336], [528, 354], [672, 372], [618, 552], [654, 552], [618, 588], [798, 642], [600, 750]]",,"[[1188, 510]]",,0.5023653016332942,0.2650325920368909
319,4,3,5.2900000000000205,,13518,"[954, 270]",False,,True,0.0,False,very_strong,False,"[[780, 6], [582, 78], [726, 204], [708, 258], [690, 330], [1032, 330], [528, 348], [672, 366], [618, 546], [654, 546], [618, 582], [798, 636], [600, 744]]",,"[[1188, 504]]",,0.5023653016332942,0.2650325920368909
320,4,3,5.307000000000016,,13518,"[954, 270]",False,,True,0.0,False,very_strong,False,"[[780, 0], [582, 72], [726, 198], [708, 252], [690, 324], [1032, 324], [528, 342], [672, 360], [618, 540], [654, 540], [618, 576], [798, 630], [600, 738], [582, 810]]",,"[[1188, 498]]",,0.5023557376174789,0.2695342998964887
321,4,3,5.324000000000012,,13518,"[954, 270]",False,,True,0.0,False,very_strong,False,"[[582, 66], [726, 192], [708, 246], [690, 318], [1032, 318], [528, 336], [672, 354], [618, 534], [654, 534], [618, 570], [798, 624], [600, 732], [582, 804]]",,"[[1188, 492]]",,0.5023557376174789,0.2695342998964887
322,4,3,5.341000000000008,,13518,"[954, 270]",False,,True,0.0,False,very_strong,False,"[[582, 60], [726, 186], [708, 240], [690, 312], [1032, 312], [528, 330], [672, 348], [618, 528], [654, 528], [618, 564], [798, 618], [600, 726], [582, 798]]",,"[[1188, 486]]",,0.5029430600844921,0.27405607990483283
323,4,3,5.357000000000028,,13518,"[954, 270]",False,,True,0.0,False,very_strong,False,"[[582, 54], [726, 180], [708, 234], [690, 306], [1032, 306], [528, 324], [672, 342], [618, 522], [654, 522], [618, 558], [798, 612], [600, 720], [582, 792]]",,"[[1188, 480]]",,0.5029430600844921,0.27405607990483283
324,4,3,5.374000000000024,,13518,"[954, 270]",False,,True,0.0,False,very_strong,False,"[[582, 48], [726, 174], [708, 228], [690, 300], [1032, 300], [528, 318], [672, 336], [618, 516], [654, 516], [618, 552], [798, 606], [600, 714], [582, 786]]",,"[[1188, 474]]",,0.5032474004918559,0.28403077355986284
325,4,3,5.389999999999986,,13518,"[954, 270]",False,,True,0.0,False,very_strong,False,"[[582, 42], [726, 168], [708, 222], [690, 294], [1032, 294], [528, 312], [672, 330], [618, 510], [654, 510], [618, 546], [798, 600], [600, 708], [582, 780]]",,"[[1188, 468]]",,0.5032474004918559,0.28403077355986284
326,4,3,5.406000000000006,,13518,"[954, 270]",False,,True,0.0,False,very_strong,False,"[[582, 36], [726, 162], [708, 216], [690, 288], [1032, 288], [528, 306], [672, 324], [618, 504], [654, 504], [618, 540], [798, 594], [600, 702], [582, 774]]",,"[[1188, 462]]",,0.5030287596467119,0.29186233490030367
327,4,3,5.423000000000002,,13518,"[954, 270]",False,,True,0.0,False,very_strong,False,"[[582, 30], [726, 156], [708, 210], [690, 282], [1032, 282], [528, 300], [672, 318], [618, 498], [654, 498], [618, 534], [798, 588], [600, 696], [582, 768]]",,"[[1188, 456]]",,0.5030287596467119,0.29186233490030367
328,4,3,5.439999999999998,,13518,"[954, 270]",False,,True,0.0,False,very_strong,False,"[[582, 24], [726, 150], [708, 204], [690, 276], [1032, 276], [528, 294], [672, 312], [618, 492], [654, 492], [618, 528], [798, 582], [600, 690], [582, 762]]",,"[[1188, 450]]",,0.5059535568288649,0.30145384454971635
329,4,3,5.456999999999994,,13518,"[954, 270]",False,,True,0.0,False,very_strong,False,"[[582, 18], [726, 144], [708, 198], [690, 270], [1032, 270], [528, 288], [672, 306], [618, 486], [654, 486], [618, 522], [798, 576], [600, 684], [582, 756]]",,"[[1188, 444]]",,0.5059535568288649,0.30145384454971635
330,4,3,5.4739999999999895,,13518,"[954, 270]",False,,True,0.0,False,very_strong,False,"[[582, 12], [726, 138], [708, 192], [690, 264], [1032, 264], [528, 282], [672, 300], [618, 480], [654, 480], [618, 516], [798, 570], [600, 678], [582, 750]]",,"[[1188, 438]]",,0.5079151159074727,0.310742437551475
331,4,3,5.4909999999999854,,13518,"[954, 270]",False,,True,0.0,False,very_strong,False,"[[582, 6], [726, 132], [708, 186], [690, 258], [1032, 258], [528, 276], [672, 294], [618, 474], [654, 474], [618, 510], [798, 564], [600, 672], [582, 744]]",,"[[1188, 432]]",,0.5079151159074727,0.310742437551475
332,4,3,5.507999999999981,,13518,"[954, 270]",False,,True,0.0,False,very_strong,False,"[[582, 0], [726, 126], [708, 180], [690, 252], [1032, 252], [528, 270], [672, 288], [618, 468], [654, 468], [618, 504], [798, 558], [600, 666], [582, 738]]",,"[[1188, 426]]",,0.5085252332957511,0.3128662537110196
333,4,3,5.524999999999977,,13518,"[954, 270]",False,,True,0.0,False,very_strong,False,"[[726, 120], [708, 174], [690, 246], [1032, 246], [528, 264], [672, 282], [618, 462], [654, 462], [618, 498], [798, 552], [600, 660], [582, 732]]",,"[[1188, 420]]",,0.5085252332957511,0.3128662537110196
334,4,3,5.54200000000003,,13518,"[954, 270]",False,,True,0.0,False,very_strong,False,"[[726, 114], [708, 168], [690, 240], [1032, 240], [528, 258], [672, 276], [618, 456], [654, 456], [618, 492], [798, 546], [600, 654], [582, 726]]",,"[[1188, 414]]",,0.5089245587126597,0.31980559960693744
335,4,3,5.557999999999993,,13518,"[954, 270]",False,,True,0.0,False,very_strong,False,"[[726, 108], [708, 162], [690, 234], [1032, 234], [528, 252], [672, 270], [618, 450], [654, 450], [618, 486], [798, 540], [600, 648], [582, 720]]",,"[[1188, 408]]",,0.5089245587126597,0.31980559960693744
336,4,3,5.574999999999989,,13518,"[954, 270]",False,,True,0.0,False,very_strong,False,"[[726, 102], [708, 156], [690, 228], [1032, 228], [528, 246], [672, 264], [618, 444], [654, 444], [618, 480], [798, 534], [600, 642], [582, 714]]",,"[[1188, 402]]",,0.5083379939787237,0.32014612083321436
337,4,3,5.591000000000008,,13518,"[954, 270]",False,,True,0.0,False,very_strong,False,"[[726, 96], [708, 150], [690, 222], [1032, 222], [528, 240], [672, 258], [618, 438], [654, 438], [618, 474], [798, 528], [600, 636], [582, 708]]",,"[[1188, 396]]",,0.5083379939787237,0.32014612083321436
338,4,3,5.608000000000004,,13518,"[954, 270]",False,,True,0.0,False,very_strong,False,"[[726, 90], [708, 144], [690, 216], [1032, 216], [528, 234], [672, 252], [618, 432], [654, 432], [618, 468], [798, 522], [600, 630], [582, 702]]",,"[[1188, 390]]",,0.5076248647430649,0.3292420859273457
339,4,3,5.624000000000024,,13518,"[954, 270]",False,,True,0.0,False,very_strong,False,"[[726, 84], [708, 138], [690, 210], [1032, 210], [528, 228], [672, 246], [618, 426], [654, 426], [618, 462], [798, 516], [600, 624], [582, 696]]",,"[[1188, 384]]",,0.5076248647430649,0.3292420859273457
340,4,3,5.639999999999986,,13518,"[954, 270]",False,,True,0.0,False,very_strong,False,"[[726, 78], [708, 132], [690, 204], [1032, 204], [528, 222], [672, 240], [618, 420], [654, 420], [618, 456], [798, 510], [600, 618], [582, 690]]",,"[[1188, 378]]",,0.5077736424251804,0.33214922712944417
341,4,3,5.6580000000000155,,13518,"[954, 270]",False,,True,0.0,False,very_strong,False,"[[726, 72], [708, 126], [690, 198], [1032, 198], [528, 216], [672, 234], [618, 414], [654, 414], [618, 450], [798, 504], [600, 612], [582, 684]]",,"[[1188, 372]]",,0.5077736424251804,0.33214922712944417
342,4,3,5.675000000000011,,13518,"[954, 270]",False,,True,0.0,False,very_strong,False,"[[726, 66], [708, 120], [690, 192], [1032, 192], [528, 210], [672, 228], [618, 408], [654, 408], [618, 444], [798, 498], [600, 606], [582, 678]]",,"[[1188, 366]]",,0.507947574013756,0.33329208487521034
343,4,3,5.692000000000007,,13518,"[954, 270]",False,,True,0.0,False,very_strong,False,"[[726, 60], [708, 114], [690, 186], [1032, 186], [528, 204], [672, 222], [618, 402], [654, 402], [618, 438], [798, 492], [600, 600], [582, 672]]",,"[[1188, 360]]",,0.507947574013756,0.33329208487521034
344,4,3,5.709000000000003,,13518,"[954, 270]",False,,True,0.0,False,very_strong,False,"[[726, 54], [708, 108], [690, 180], [1032, 180], [528, 198], [672, 216], [618, 396], [654, 396], [618, 432], [798, 486], [600, 594], [582, 666]]",,"[[1188, 354]]",,0.49020990934447173,0.29791392505862113
345,4,3,5.725000000000023,,13518,"[954, 270]",False,,True,0.0,False,very_strong,False,"[[726, 48], [708, 102], [690, 174], [1032, 174], [528, 192], [672, 210], [618, 390], [654, 390], [618, 426], [798, 480], [600, 588], [582, 660]]",,"[[1188, 348]]",,0.49020990934447173,0.29791392505862113
346,4,3,5.7409999999999854,,13518,"[954, 270]",False,,True,0.0,False,very_strong,False,"[[726, 42], [708, 96], [690, 168], [1032, 168], [528, 186], [672, 204], [618, 384], [654, 384], [618, 420], [798, 474], [600, 582], [582, 654]]",,"[[1188, 342]]",,0.4889709041557463,0.2875787215934369
347,4,3,5.757000000000005,,13518,"[954, 270]",False,,True,0.0,False,very_strong,False,"[[726, 36], [708, 90], [690, 162], [1032, 162], [528, 180], [672, 198], [618, 378], [654, 378], [618, 414], [798, 468], [600, 576], [582, 648]]",,"[[1188, 336]]",,0.4889709041557463,0.2875787215934369
348,4,3,5.774000000000001,,13518,"[954, 270]",False,,True,0.0,False,very_strong,False,"[[726, 30], [708, 84], [690, 156], [1032, 156], [528, 174], [672, 192], [618, 372], [654, 372], [618, 408], [798, 462], [600, 570], [582, 642]]",,"[[1188, 330]]",,0.4880989586494272,0.28437258810244925
349,4,3,5.790999999999997,,13518,"[954, 270]",False,,True,0.0,False,very_strong,False,"[[726, 24], [708, 78], [690, 150], [1032, 150], [528, 168], [672, 186], [618, 366], [654, 366], [618, 402], [798, 456], [600, 564], [582, 636]]",,"[[1188, 324], [282, 810]]",,0.4880989586494272,0.28437258810244925
350,4,3,5.807999999999993,,13518,"[954, 270]",False,,True,0.0,False,very_strong,False,"[[726, 18], [708, 72], [690, 144], [1032, 144], [528, 162], [672, 180], [618, 360], [654, 360], [618, 396], [798, 450], [600, 558], [582, 630]]",,"[[1188, 318], [282, 804]]",,0.48912337746276197,0.28842586669111336
351,4,3,5.824000000000012,,13518,"[954, 270]",False,,True,0.0,False,very_strong,False,"[[726, 12], [708, 66], [690, 138], [1032, 138], [528, 156], [672, 174], [618, 354], [654, 354], [618, 390], [798, 444], [600, 552], [582, 624]]",,"[[1188, 312], [282, 798]]",,0.48912337746276197,0.28842586669111336
352,4,3,5.839999999999975,,13518,"[954, 270]",False,,True,1.0,False,very_strong,False,"[[726, 6], [708, 60], [690, 132], [1032, 132], [528, 150], [672, 168], [618, 348], [654, 348], [618, 384], [798, 438], [600, 546], [582, 618]]",,"[[1188, 306], [282, 792]]",,0.4884285676982786,0.2972362758920519
353,4,3,5.8559999999999945,,13518,"[954, 270]",False,,True,1.0,False,very_strong,False,"[[726, 0], [708, 54], [690, 126], [1032, 126], [528, 144], [672, 162], [618, 342], [654, 342], [618, 378], [798, 432], [600, 540], [582, 612], [528, 810]]",,"[[1194, 300], [288, 786]]",,0.4884285676982786,0.2972362758920519
354,4,3,5.8729999999999905,,13518,"[954, 270]",False,Right,True,1.0,False,very_strong,False,"[[714, 48], [696, 120], [1038, 120], [534, 138], [678, 156], [624, 336], [660, 336], [624, 372], [804, 426], [606, 534], [588, 606], [534, 804]]",,"[[1194, 294], [288, 780]]",,0.4893035878646369,0.3056076772828549
355,4,3,5.889999999999986,,13518,"[954, 270]",False,Right,True,1.0,False,very_strong,False,"[[714, 42], [696, 114], [1038, 114], [534, 132], [678, 150], [624, 330], [660, 330], [624, 366], [804, 420], [606, 528], [588, 600], [534, 798]]",,"[[1194, 288], [288, 774]]",,0.4893035878646369,0.3056076772828549
356,4,3,5.906999999999982,,13518,"[954, 270]",False,Right,True,1.0,False,very_strong,False,"[[714, 36], [696, 108], [1038, 108], [534, 126], [678, 144], [624, 324], [660, 324], [624, 360], [804, 414], [606, 522], [588, 594], [534, 792]]",,"[[1194, 282], [288, 768]]",,0.4897637424048929,0.3087802261977083
357,4,3,5.923999999999978,,13518,"[954, 270]",False,Right,True,1.0,False,very_strong,False,"[[714, 30], [696, 102], [1038, 102], [534, 120], [678, 138], [624, 318], [660, 318], [624, 354], [804, 408], [606, 516], [588, 588], [534, 786]]",,"[[1194, 276], [288, 762]]",,0.4897637424048929,0.3087802261977083
358,4,3,5.939999999999998,,13518,"[954, 270]",False,Right,True,1.0,False,very_strong,False,"[[714, 24], [696, 96], [1038, 96], [534, 114], [678, 132], [624, 312], [660, 312], [624, 348], [804, 402], [606, 510], [588, 582], [534, 780]]",,"[[1194, 270], [288, 756]]",,0.4895750858775929,0.31232298169896344
359,4,3,5.956999999999994,,13518,"[954, 270]",False,Right,True,1.0,False,very_strong,False,"[[714, 18], [696, 90], [1038, 90], [534, 108], [678, 126], [624, 306], [660, 306], [624, 342], [804, 396], [606, 504], [588, 576], [534, 774]]",,"[[1194, 264], [288, 750]]",,0.4895750858775929,0.31232298169896344
360,4,3,5.9739999999999895,,13518,"[954, 270]",False,Right,True,1.0,False,very_strong,False,"[[714, 12], [696, 84], [1038, 84], [534, 102], [678, 120], [624, 300], [660, 300], [624, 336], [804, 390], [606, 498], [588, 570], [534, 768]]",,"[[1194, 258], [288, 744]]",,0.4893012656762147,0.31654012860908975
361,4,3,5.9909999999999854,,13518,"[954, 270]",False,,True,1.0,False,very_strong,False,"[[714, 6], [696, 78], [1038, 78], [534, 96], [678, 114], [624, 294], [660, 294], [624, 330], [804, 384], [606, 492], [588, 564], [534, 762]]",,"[[1200, 252], [294, 738]]",,0.4893012656762147,0.31654012860908975
362,4,3,6.007999999999981,,13518,"[954, 270]",False,,True,1.0,False,very_strong,False,"[[720, 0], [702, 72], [1044, 72], [540, 90], [684, 108], [630, 288], [666, 288], [630, 324], [810, 378], [612, 486], [594, 558], [540, 756]]",,"[[1206, 246], [300, 732]]",,0.48990213454117704,0.32414459607719737
363,4,3,6.024999999999977,,13518,"[954, 270]",False,,True,1.0,False,very_strong,False,"[[708, 66], [1050, 66], [546, 84], [690, 102], [636, 282], [672, 282], [636, 318], [816, 372], [618, 480], [600, 552], [546, 750]]",,"[[1212, 240], [306, 726]]",,0.48990213454117704,0.32414459607719737
364,4,3,6.040999999999997,,13518,"[954, 270]",False,,True,1.0,False,very_strong,False,"[[714, 60], [1056, 60], [552, 78], [696, 96], [642, 276], [678, 276], [642, 312], [822, 366], [624, 474], [606, 546], [552, 744]]",,"[[1218, 234], [312, 720]]",,0.489297566114692,0.32963035675842856
365,4,3,6.057999999999993,,13518,"[954, 270]",False,,True,1.0,False,very_strong,False,"[[720, 54], [1062, 54], [558, 72], [702, 90], [648, 270], [684, 270], [648, 306], [828, 360], [630, 468], [612, 540], [558, 738]]",,"[[1224, 228], [318, 714]]",,0.489297566114692,0.32963035675842856
366,4,3,6.074000000000012,,13518,"[954, 270]",False,,True,1.0,False,very_strong,False,"[[726, 48], [1068, 48], [564, 66], [708, 84], [654, 264], [690, 264], [654, 300], [834, 354], [636, 462], [618, 534], [564, 732]]",,"[[1230, 222], [324, 708]]",,0.48871635844612094,0.3300870269947245
367,4,3,6.091000000000008,,13518,"[954, 270]",False,Right,True,1.0,False,very_strong,False,"[[732, 42], [1074, 42], [570, 60], [714, 78], [660, 258], [696, 258], [660, 294], [840, 348], [642, 456], [624, 528], [570, 726]]",,"[[1230, 216], [324, 702]]",,0.48871635844612094,0.3300870269947245
368,4,3,6.1089999999999804,,13518,"[954, 270]",False,Right,True,1.0,False,very_strong,False,"[[732, 36], [1074, 36], [570, 54], [714, 72], [660, 252], [696, 252], [660, 288], [840, 342], [642, 450], [624, 522], [570, 720]]",,"[[1230, 210], [324, 696]]",,0.4896019029186579,0.3330507787363405
369,4,3,6.125,,13518,"[954, 270]",False,Right,True,1.0,False,very_strong,False,"[[732, 30], [1074, 30], [570, 48], [714, 66], [660, 246], [696, 246], [660, 282], [840, 336], [642, 444], [624, 516], [570, 714]]",,"[[1230, 204], [324, 690]]",,0.4896019029186579,0.3330507787363405
370,4,3,6.141999999999996,,13518,"[954, 270]",False,Right,True,1.0,False,very_strong,False,"[[732, 24], [1074, 24], [570, 42], [714, 60], [660, 240], [696, 240], [660, 276], [840, 330], [642, 438], [624, 510], [570, 708]]",,"[[1230, 198], [324, 684]]",,0.49059281927798376,0.33561647674477313
371,4,3,6.160000000000025,,13518,"[954, 270]",False,,True,1.0,False,very_strong,False,"[[732, 18], [1074, 18], [570, 36], [714, 54], [660, 234], [696, 234], [660, 270], [840, 324], [642, 432], [624, 504], [570, 702]]",,"[[1236, 192], [330, 678]]",,0.49059281927798376,0.33561647674477313
372,4,3,6.175000000000011,,13518,"[954, 270]",False,,True,1.0,False,very_strong,False,"[[738, 12], [1080, 12], [576, 30], [720, 48], [666, 228], [702, 228], [666, 264], [846, 318], [648, 426], [630, 498], [576, 696]]",,"[[1242, 186], [336, 672]]",,0.49002494305323124,0.33835348417003763
373,4,3,6.192000000000007,,13518,"[954, 270]",False,,True,1.0,False,very_strong,False,"[[744, 6], [1086, 6], [582, 24], [726, 42], [672, 222], [708, 222], [672, 258], [852, 312], [654, 420], [636, 492], [582, 690]]",,"[[1248, 180], [342, 666]]",,0.49002494305323124,0.33835348417003763
374,4,3,6.2099999999999795,,13518,"[954, 270]",False,,True,1.0,False,very_strong,False,"[[750, 0], [1092, 0], [588, 18], [732, 36], [678, 216], [714, 216], [678, 252], [858, 306], [660, 414], [642, 486], [588, 684]]",,"[[1254, 174], [348, 660]]",,0.48803034440681514,0.3417099491487403
375,4,3,6.225999999999999,,13518,"[954, 270]",False,,True,1.0,False,very_strong,False,"[[594, 12], [738, 30], [684, 210], [720, 210], [684, 246], [864, 300], [666, 408], [648, 480], [594, 678]]",,"[[1260, 168], [354, 654]]",,0.48803034440681514,0.3417099491487403
376,4,3,6.242999999999995,,13518,"[954, 270]",False,Right,True,1.0,False,very_strong,False,"[[600, 6], [744, 24], [690, 204], [726, 204], [690, 240], [870, 294], [672, 402], [654, 474], [600, 672]]",,"[[1260, 162], [354, 648]]",,0.48764520604153816,0.3421620944388766
377,4,3,6.259999999999991,,13518,"[954, 270]",False,Right,True,1.0,False,very_strong,False,"[[600, 0], [744, 18], [690, 198], [726, 198], [690, 234], [870, 288], [672, 396], [654, 468], [600, 666]]",,"[[1260, 156], [354, 642]]",,0.48764520604153816,0.3421620944388766
378,4,3,6.2760000000000105,,13518,"[954, 270]",False,Right,True,1.0,False,very_strong,False,"[[744, 12], [690, 192], [726, 192], [690, 228], [870, 282], [672, 390], [654, 462], [600, 660]]",,"[[1260, 150], [354, 636]]",,0.4866706814375722,0.3442904387189636
379,4,3,6.293000000000006,,13518,"[954, 270]",False,Right,True,1.0,False,very_strong,False,"[[744, 6], [690, 186], [726, 186], [690, 222], [870, 276], [672, 384], [654, 456], [600, 654]]",,"[[1260, 144], [354, 630]]",,0.4866706814375722,0.3442904387189636
380,4,3,6.310000000000002,,13518,"[954, 270]",False,Right,True,1.0,False,very_strong,False,"[[744, 0], [690, 180], [726, 180], [690, 216], [870, 270], [672, 378], [654, 450], [600, 648]]",,"[[1260, 138], [354, 624]]",,0.4874358041721969,0.3473095974857162
381,4,3,6.326999999999998,,13518,"[954, 270]",False,,True,1.0,False,very_strong,False,"[[690, 174], [726, 174], [690, 210], [870, 264], [672, 372], [654, 444], [600, 642]]",,"[[1266, 132], [360, 618]]",,0.4874358041721969,0.3473095974857162
382,4,3,6.343999999999994,,13518,"[954, 270]",False,,True,1.0,False,very_strong,False,"[[696, 168], [732, 168], [696, 204], [876, 258], [678, 366], [660, 438], [606, 636]]",,"[[1272, 126], [366, 612]]",,0.4867785284320657,0.34953992251207555
383,4,3,6.360000000000014,,13518,"[954, 270]",False,,True,1.0,False,very_strong,False,"[[702, 162], [738, 162], [702, 198], [882, 252], [684, 360], [666, 432], [612, 630]]",,"[[1278, 120], [372, 606]]",,0.4867785284320657,0.34953992251207555
384,4,3,6.3770000000000095,,13518,"[954, 270]",False,,True,1.0,False,very_strong,False,"[[708, 156], [744, 156], [708, 192], [888, 246], [690, 354], [672, 426], [618, 624]]",,"[[1284, 114], [378, 600]]",,0.48453553862765675,0.3504977081614241
385,4,3,6.3940000000000055,,13518,"[954, 270]",False,,True,1.0,False,very_strong,False,"[[714, 150], [750, 150], [714, 186], [894, 240], [696, 348], [678, 420], [624, 618]]",,"[[1290, 108], [384, 594]]",,0.48453553862765675,0.3504977081614241
386,4,3,6.411000000000001,,13518,"[954, 270]",False,Right,True,1.0,False,very_strong,False,"[[720, 144], [756, 144], [720, 180], [900, 234], [702, 342], [684, 414], [630, 612]]",,"[[1290, 102], [384, 588]]",,0.4822678748080672,0.35332242709699613
387,4,3,6.4290000000000305,,13518,"[954, 270]",False,Right,True,1.0,False,very_strong,False,"[[720, 138], [756, 138], [720, 174], [900, 228], [702, 336], [684, 408], [630, 606]]",,"[[1290, 96], [384, 582]]",,0.4822678748080672,0.35332242709699613
388,4,3,6.444999999999993,,13518,"[954, 270]",False,Right,True,1.0,False,very_strong,False,"[[720, 132], [756, 132], [720, 168], [900, 222], [702, 330], [684, 402], [630, 600]]",,"[[1290, 90], [384, 576]]",,0.48180546072523994,0.3539262484945651
389,4,3,6.461000000000013,,13518,"[954, 270]",False,Right,True,1.0,False,very_strong,False,"[[720, 126], [756, 126], [720, 162], [900, 216], [702, 324], [684, 396], [630, 594]]",,"[[1290, 84], [384, 570]]",,0.48180546072523994,0.3539262484945651
390,4,3,6.478000000000009,,13518,"[954, 270]",False,,True,1.0,False,very_strong,False,"[[720, 120], [756, 120], [720, 156], [900, 210], [702, 318], [684, 390], [630, 588]]",,"[[1296, 78], [390, 564]]",,0.482623186012946,0.3541514730302203
391,4,3,6.494000000000028,,13518,"[954, 270]",False,,True,1.0,False,very_strong,False,"[[726, 114], [762, 114], [726, 150], [906, 204], [708, 312], [690, 384], [636, 582]]",,"[[1302, 72], [396, 558]]",,0.482623186012946,0.3541514730302203
392,4,3,6.511000000000024,,13518,"[954, 270]",False,,True,1.0,False,very_strong,False,"[[732, 108], [768, 108], [732, 144], [912, 198], [714, 306], [696, 378], [642, 576]]",,"[[1308, 66], [402, 552]]",,0.4826755846963608,0.3548908925646783
393,4,3,6.526999999999987,,13518,"[954, 270]",False,,True,1.0,False,very_strong,False,"[[738, 102], [774, 102], [738, 138], [918, 192], [720, 300], [702, 372], [648, 570]]",,"[[1314, 60], [408, 546]]",,0.4826755846963608,0.3548908925646783
394,4,3,6.543999999999983,,13518,"[954, 270]",False,,True,1.0,False,very_strong,False,"[[744, 96], [780, 96], [744, 132], [924, 186], [726, 294], [708, 366], [654, 564]]",,"[[1320, 54], [414, 540]]",,0.4820341221425967,0.353939391454809
395,4,3,6.560000000000002,,13518,"[954, 270]",False,,True,1.0,False,very_strong,False,"[[750, 90], [786, 90], [750, 126], [930, 180], [732, 288], [714, 360], [660, 558]]",,"[[1326, 48], [420, 534]]",,0.4820341221425967,0.353939391454809
396,4,3,6.5779999999999745,,13518,"[954, 270]",False,Right,True,1.0,False,very_strong,False,"[[756, 84], [792, 84], [756, 120], [936, 174], [738, 282], [720, 354], [666, 552]]",,"[[1326, 42], [420, 528]]",,0.48066129657737316,0.3526449329213772
397,4,3,6.593000000000018,,13518,"[954, 270]",False,Right,True,1.0,False,very_strong,False,"[[756, 78], [792, 78], [756, 114], [936, 168], [738, 276], [720, 348], [666, 546]]",,"[[1326, 36], [420, 522]]",,0.48066129657737316,0.3526449329213772
398,4,3,6.6089999999999804,,13518,"[954, 270]",False,Right,True,1.0,False,very_strong,False,"[[756, 72], [792, 72], [756, 108], [936, 162], [738, 270], [720, 342], [666, 540], [774, 810]]",,"[[1326, 30], [420, 516]]",,0.4799743158632291,0.35328310942818064
399,4,3,6.625999999999976,,13518,"[954, 270]",False,Right,True,1.0,False,very_strong,False,"[[756, 66], [792, 66], [756, 102], [936, 156], [738, 264], [720, 336], [666, 534], [774, 804]]",,"[[1326, 24], [420, 510]]",,0.4799743158632291,0.35328310942818064
400,4,3,6.641999999999996,,13518,"[954, 270]",False,Right,True,1.0,False,very_strong,False,"[[756, 60], [792, 60], [756, 96], [936, 150], [738, 258], [720, 330], [666, 528], [774, 798]]",,"[[1326, 18], [420, 504]]",,0.4705567955444113,0.3221476830186176
401,4,3,6.660000000000025,,13518,"[954, 270]",False,Right,True,1.0,False,very_strong,False,"[[756, 54], [792, 54], [756, 90], [936, 144], [738, 252], [720, 324], [666, 522], [774, 792], [1116, 810]]",,"[[1326, 12], [420, 498]]",,0.4705567955444113,0.3221476830186176
402,4,3,6.677999999999997,,13518,"[954, 270]",False,,True,1.0,False,very_strong,False,"[[756, 48], [792, 48], [756, 84], [936, 138], [738, 246], [720, 318], [666, 516], [774, 786], [1116, 804]]",,"[[1332, 6], [426, 492]]",,0.4726101237798826,0.3166169365166305
403,4,3,6.694000000000017,,13518,"[954, 270]",False,,True,0.0,False,very_strong,False,"[[762, 42], [798, 42], [762, 78], [942, 132], [744, 240], [726, 312], [672, 510], [780, 780], [1122, 798]]",,"[[1338, 0], [432, 486], [1338, 810]]",,0.4726101237798826,0.3166169365166305
404,4,3,6.7099999999999795,,13518,"[954, 270]",False,,True,0.0,False,very_strong,False,"[[768, 36], [804, 36], [768, 72], [948, 126], [750, 234], [732, 306], [678, 504], [786, 774], [1128, 792], [1128, 810]]",,"[[432, 480], [1338, 804]]",,0.47415734855556313,0.313436762881552
405,4,3,6.726999999999975,,13518,"[954, 270]",False,Right,True,0.0,False,very_strong,False,"[[768, 30], [804, 30], [768, 66], [948, 120], [750, 228], [732, 300], [678, 498], [786, 768], [1128, 786], [1128, 804]]",,"[[426, 474], [1332, 798]]",,0.47415734855556313,0.313436762881552
406,4,3,6.744000000000028,,13518,"[954, 270]",False,Right,True,0.0,False,very_strong,False,"[[762, 24], [798, 24], [762, 60], [942, 114], [744, 222], [726, 294], [672, 492], [780, 762], [1122, 780], [1122, 798]]",,"[[420, 468], [1326, 792]]",,0.47430225127330977,0.31504964476906805
407,4,3,6.761000000000024,,13518,"[954, 270]",False,Right,True,0.0,False,very_strong,False,"[[756, 18], [792, 18], [756, 54], [936, 108], [738, 216], [720, 288], [666, 486], [774, 756], [1116, 774], [1116, 792], [756, 810]]",,"[[414, 462], [1320, 786]]",,0.47430225127330977,0.31504964476906805
408,4,3,6.77800000000002,,13518,"[954, 270]",False,Right,True,0.0,False,very_strong,False,"[[750, 12], [786, 12], [750, 48], [930, 102], [732, 210], [714, 282], [660, 480], [768, 750], [1110, 768], [1110, 786], [750, 804]]",,"[[408, 456], [1314, 780]]",,0.47370610690090265,0.31549817224865784
409,4,3,6.793000000000006,,13518,"[954, 270]",False,Right,True,0.0,False,very_strong,False,"[[744, 6], [780, 6], [744, 42], [924, 96], [726, 204], [708, 276], [654, 474], [762, 744], [1104, 762], [1104, 780], [744, 798]]",,"[[402, 450], [1308, 774]]",,0.47370610690090265,0.31549817224865784
410,4,3,6.809000000000026,,13518,"[954, 270]",False,Right,True,0.0,False,very_strong,False,"[[738, 0], [774, 0], [738, 36], [918, 90], [720, 198], [702, 270], [648, 468], [756, 738], [1098, 756], [1098, 774], [738, 792]]",,"[[396, 444], [1302, 768]]",,0.4737636342372985,0.31616780253259236
411,4,3,6.824999999999989,,13518,"[954, 270]",False,Right,True,0.0,False,very_strong,False,"[[732, 30], [912, 84], [714, 192], [696, 264], [642, 462], [750, 732], [1092, 750], [1092, 768], [732, 786]]",,"[[390, 438], [1296, 762]]",,0.4737636342372985,0.31616780253259236
412,4,3,6.843000000000018,,13518,"[954, 270]",False,,True,0.0,False,very_strong,False,"[[726, 24], [906, 78], [708, 186], [690, 258], [636, 456], [744, 726], [1086, 744], [1086, 762], [726, 780]]",,"[[390, 432], [1296, 756]]",,0.47405476520287915,0.31637574578330796
413,4,3,6.858000000000004,,13518,"[954, 270]",False,,True,0.0,False,very_strong,False,"[[726, 18], [906, 72], [708, 180], [690, 252], [636, 450], [744, 720], [1086, 738], [1086, 756], [726, 774]]",,"[[390, 426], [1296, 750]]",,0.4737353957324274,0.3156949539886559
414,4,3,6.875,,13518,"[954, 270]",False,,True,0.0,False,very_strong,False,"[[726, 12], [906, 66], [708, 174], [690, 246], [636, 444], [744, 714], [1086, 732], [1086, 750], [726, 768]]",,"[[390, 420], [1296, 744]]",,0.4739015539054627,0.3163542305623436
415,4,3,6.8910000000000196,,13518,"[954, 270]",False,,True,0.0,False,very_strong,False,"[[726, 6], [906, 60], [708, 168], [690, 240], [636, 438], [744, 708], [1086, 726], [1086, 744], [726, 762]]",,"[[390, 414], [1296, 738]]",,0.4739015539054627,0.3163542305623436
416,4,3,6.9080000000000155,,13518,"[954, 270]",False,,True,0.0,False,very_strong,False,"[[726, 0], [906, 54], [708, 162], [690, 234], [636, 432], [744, 702], [1086, 720], [1086, 738], [726, 756]]",,"[[390, 408], [1296, 732]]",,0.469811309123583,0.27172905295800787
417,4,3,6.923999999999978,,13518,"[954, 270]",False,,True,0.0,False,very_strong,False,"[[906, 48], [708, 156], [690, 228], [636, 426], [744, 696], [1086, 714], [1086, 732], [726, 750]]",,"[[390, 402], [1296, 726]]",,0.469811309123583,0.27172905295800787
418,4,3,6.942999999999984,,13518,"[954, 270]",False,,True,0.0,False,very_strong,False,"[[906, 42], [708, 150], [690, 222], [636, 420], [744, 690], [1086, 708], [1086, 726], [726, 744]]",,"[[390, 396], [1296, 720]]",,0.4697152466854814,0.2693812499957998
419,4,3,6.9599999999999795,,13518,"[954, 270]",False,,True,0.0,False,very_strong,False,"[[906, 36], [708, 144], [690, 216], [636, 414], [744, 684], [1086, 702], [1086, 720], [726, 738], [870, 810]]",,"[[390, 390], [1296, 714]]",,0.4697152466854814,0.2693812499957998
420,4,3,6.975999999999999,,13518,"[954, 270]",False,,True,0.0,False,very_strong,False,"[[906, 30], [708, 138], [690, 210], [636, 408], [744, 678], [1086, 696], [1086, 714], [726, 732], [870, 804]]",,"[[390, 384], [1296, 708]]",,0.47006399896563666,0.26418855563827526
421,4,3,6.992999999999995,,13518,"[954, 270]",False,,True,0.0,False,very_strong,False,"[[906, 24], [708, 132], [690, 204], [636, 402], [744, 672], [1086, 690], [1086, 708], [726, 726], [870, 798]]",,"[[390, 378], [1296, 702]]",,0.47006399896563666,0.26418855563827526
422,4,3,7.0090000000000146,,13518,"[954, 270]",False,,True,0.0,False,very_strong,False,"[[906, 18], [708, 126], [690, 198], [636, 396], [744, 666], [1086, 684], [1086, 702], [726, 720], [870, 792]]",,"[[390, 372], [1296, 696]]",,0.4757605829813035,0.25734049856214336
423,4,3,7.024999999999977,,13518,"[954, 270]",False,,True,0.0,False,very_strong,False,"[[906, 12], [708, 120], [690, 192], [636, 390], [744, 660], [1086, 678], [1086, 696], [726, 714], [870, 786]]",,"[[390, 366], [1296, 690]]",,0.47601093349125484,0.25393628541725255
424,4,3,7.040999999999997,,13518,"[954, 270]",False,,True,0.0,False,very_strong,False,"[[906, 6], [708, 114], [690, 186], [636, 384], [744, 654], [1086, 672], [1086, 690], [726, 708], [870, 780]]",,"[[390, 360], [1296, 684]]",,0.4790722331969273,0.2563632691297836
425,4,3,7.057999999999993,,13518,"[954, 270]",False,,True,0.0,False,very_strong,False,"[[906, 0], [708, 108], [690, 180], [636, 378], [744, 648], [1086, 666], [1086, 684], [726, 702], [870, 774]]",,"[[390, 354], [1296, 678]]",,0.4785548931934357,0.2573946900454698
426,4,3,7.074000000000012,,13518,"[954, 270]",False,,True,0.0,False,very_strong,False,"[[708, 102], [690, 174], [636, 372], [744, 642], [1086, 660], [1086, 678], [726, 696], [870, 768]]",,"[[390, 348], [1296, 672]]",,0.4789223429848238,0.2599936151308555
427,4,3,7.089999999999975,,13518,"[954, 270]",False,,True,0.0,False,very_strong,False,"[[708, 96], [690, 168], [636, 366], [744, 636], [1086, 654], [1086, 672], [726, 690], [870, 762]]",,"[[390, 342], [1296, 666]]",,0.4789223429848238,0.2599936151308555
428,4,3,7.107000000000028,,13518,"[954, 270]",False,,True,0.0,False,very_strong,False,"[[708, 90], [690, 162], [636, 360], [744, 630], [1086, 648], [1086, 666], [726, 684], [870, 756]]",,"[[390, 336], [1296, 660]]",,0.4781639196304888,0.2608742314313903
429,4,3,7.124000000000024,,13518,"[954, 270]",False,,True,0.0,False,very_strong,False,"[[708, 84], [690, 156], [636, 354], [744, 624], [1086, 642], [1086, 660], [726, 678], [870, 750]]",,"[[390, 330], [1296, 654]]",,0.47649004822801144,0.26790188667180115
430,4,3,7.139999999999986,,13518,"[954, 270]",False,,True,0.0,False,very_strong,False,"[[708, 78], [690, 150], [636, 348], [744, 618], [1086, 636], [1086, 654], [726, 672], [870, 744]]",,"[[390, 324], [1296, 648]]",,0.4762681161285619,0.26746973673432195
431,4,3,7.156000000000006,,13518,"[954, 270]",False,,True,0.0,False,very_strong,False,"[[708, 72], [690, 144], [636, 342], [744, 612], [1086, 630], [1086, 648], [726, 666], [870, 738]]",,"[[390, 318], [1296, 642]]",,0.4761807405480153,0.2677361071482204
432,4,3,7.1720000000000255,,13518,"[954, 270]",False,,True,0.0,False,very_strong,False,"[[708, 66], [690, 138], [636, 336], [744, 606], [1086, 624], [1086, 642], [726, 660], [870, 732]]",,"[[390, 312], [1296, 636]]",,0.47646594483158333,0.26952234394842267
433,4,3,7.187999999999988,,13518,"[954, 270]",False,,True,-1.0,False,very_strong,False,"[[708, 60], [690, 132], [636, 330], [744, 600], [1086, 618], [1086, 636], [726, 654], [870, 726]]",,"[[390, 306], [1296, 630]]",,0.47646594483158333,0.26952234394842267
434,4,3,7.204000000000008,,13518,"[954, 270]",False,,True,-1.0,False,very_strong,False,"[[708, 54], [690, 126], [636, 324], [744, 594], [1086, 612], [1086, 630], [726, 648], [870, 720], [852, 810]]",,"[[384, 300], [1290, 624]]",,0.4766376056613441,0.26942023298600004
435,4,3,7.221000000000004,,13518,"[954, 270]",False,,True,-1.0,False,very_strong,False,"[[702, 48], [684, 120], [630, 318], [738, 588], [1080, 606], [1080, 624], [720, 642], [864, 714], [846, 804]]",,"[[378, 294], [1284, 618]]",,0.4770132460691359,0.26953171748007576
436,4,3,7.237000000000023,,13518,"[954, 270]",False,,True,-1.0,False,very_strong,False,"[[696, 42], [678, 114], [624, 312], [732, 582], [1074, 600], [1074, 618], [714, 636], [858, 708], [840, 798]]",,"[[372, 288], [1278, 612]]",,0.47771940863386575,0.27025431531710153
437,4,3,7.254000000000019,,13518,"[954, 270]",False,,True,-1.0,False,very_strong,False,"[[690, 36], [672, 108], [618, 306], [726, 576], [1068, 594], [1068, 612], [708, 630], [852, 702], [834, 792]]",,"[[366, 282], [1272, 606]]",,0.47999271076840594,0.27254466289697865
438,4,3,7.271000000000015,,13518,"[954, 270]",False,,True,-1.0,False,very_strong,False,"[[684, 30], [666, 102], [612, 300], [720, 570], [1062, 588], [1062, 606], [702, 624], [846, 696], [828, 786]]",,"[[360, 276], [1266, 600]]",,0.48001963608324383,0.2728048487741175
439,4,3,7.288000000000011,,13518,"[954, 270]",False,,True,-1.0,False,very_strong,False,"[[678, 24], [660, 96], [606, 294], [714, 564], [1056, 582], [1056, 600], [696, 618], [840, 690], [822, 780]]",,"[[354, 270], [1260, 594]]",,0.4807783082099636,0.2760363760026501
440,4,3,7.3040000000000305,,13518,"[954, 270]",False,,True,-1.0,False,very_strong,False,"[[672, 18], [654, 90], [600, 288], [708, 558], [1050, 576], [1050, 594], [690, 612], [834, 684], [816, 774], [636, 810]]",,"[[348, 264], [1254, 588]]",,0.48111800410331906,0.276926896313489
441,4,3,7.321000000000026,,13518,"[954, 270]",False,Left,True,-1.0,False,very_strong,False,"[[666, 12], [648, 84], [594, 282], [702, 552], [1044, 570], [1044, 588], [684, 606], [828, 678], [810, 768], [630, 804]]",,"[[348, 258], [1254, 582]]",,0.4814192042508895,0.2812835341828419
442,4,3,7.338000000000022,,13518,"[954, 270]",False,Left,True,-1.0,False,very_strong,False,"[[666, 6], [648, 78], [594, 276], [702, 546], [1044, 564], [1044, 582], [684, 600], [828, 672], [810, 762], [630, 798]]",,"[[348, 252], [1254, 576]]",,0.48171178936247117,0.28308924532467816
443,4,3,7.353999999999985,,13518,"[954, 270]",False,Left,True,-1.0,False,very_strong,False,"[[666, 0], [648, 72], [594, 270], [702, 540], [1044, 558], [1044, 576], [684, 594], [828, 666], [810, 756], [630, 792], [1008, 810]]",,"[[348, 246], [1254, 570]]",,0.4831020353403395,0.2832034616641096
444,4,3,7.370999999999981,,13518,"[954, 270]",False,Left,True,-1.0,False,very_strong,False,"[[648, 66], [594, 264], [702, 534], [1044, 552], [1044, 570], [684, 588], [828, 660], [810, 750], [630, 786], [1008, 804]]",,"[[348, 240], [1254, 564]]",,0.4831020353403395,0.2832034616641096
445,4,3,7.387999999999977,,13518,"[954, 270]",False,Left,True,-1.0,False,very_strong,False,"[[648, 60], [594, 258], [702, 528], [1044, 546], [1044, 564], [684, 582], [828, 654], [810, 744], [630, 780], [1008, 798]]",,"[[348, 234], [1254, 558]]",,0.4839824530038939,0.2815566564223376
446,4,3,7.40500000000003,,13518,"[954, 270]",False,,True,-1.0,False,very_strong,False,"[[648, 54], [594, 252], [702, 522], [1044, 540], [1044, 558], [684, 576], [828, 648], [810, 738], [630, 774], [1008, 792]]",,"[[342, 228], [1248, 552]]",,0.4841040081346737,0.28220644051713406
447,4,3,7.420999999999992,,13518,"[954, 270]",False,,True,-1.0,False,very_strong,False,"[[642, 48], [588, 246], [696, 516], [1038, 534], [1038, 552], [678, 570], [822, 642], [804, 732], [624, 768], [1002, 786]]",,"[[336, 222], [1242, 546]]",,0.4843115250864224,0.283214499853335
448,4,3,7.437999999999988,,13518,"[954, 270]",False,,True,-1.0,False,very_strong,False,"[[636, 42], [582, 240], [690, 510], [1032, 528], [1032, 546], [672, 564], [816, 636], [798, 726], [618, 762], [996, 780]]",,"[[330, 216], [1236, 540]]",,0.4835176497234334,0.2846045199525876
449,4,3,7.454000000000008,,13518,"[954, 270]",False,,True,-1.0,False,very_strong,False,"[[630, 36], [576, 234], [684, 504], [1026, 522], [1026, 540], [666, 558], [810, 630], [792, 720], [612, 756], [990, 774]]",,"[[324, 210], [1230, 534]]",,0.4827404437436327,0.28437592645803456
450,4,3,7.47199999999998,,13518,"[954, 270]",False,Left,True,-1.0,False,very_strong,False,"[[624, 30], [570, 228], [678, 498], [1020, 516], [1020, 534], [660, 552], [804, 624], [786, 714], [606, 750], [984, 768]]",,"[[324, 204], [1230, 528]]",,0.4827404437436327,0.28437592645803456
451,4,3,7.487000000000023,,13518,"[954, 270]",False,Left,True,-1.0,False,very_strong,False,"[[624, 24], [570, 222], [678, 492], [1020, 510], [1020, 528], [660, 546], [804, 618], [786, 708], [606, 744], [984, 762]]",,"[[324, 198], [1230, 522]]",,0.4828503235521554,0.29141855428359387
452,4,3,7.502999999999986,,13518,"[954, 270]",False,Left,True,-1.0,False,very_strong,False,"[[624, 18], [570, 216], [678, 486], [1020, 504], [1020, 522], [660, 540], [804, 612], [786, 702], [606, 738], [984, 756], [750, 810]]",,"[[324, 192], [1230, 516]]",,0.4828503235521554,0.29141855428359387
453,4,3,7.519999999999982,,13518,"[954, 270]",False,Left,True,-1.0,False,very_strong,False,"[[624, 12], [570, 210], [678, 480], [1020, 498], [1020, 516], [660, 534], [804, 606], [786, 696], [606, 732], [984, 750], [750, 804]]",,"[[324, 186], [1230, 510]]",,0.4838333961616561,0.2933599917839982
454,4,3,7.536999999999978,,13518,"[954, 270]",False,Left,True,-1.0,False,very_strong,False,"[[624, 6], [570, 204], [678, 474], [1020, 492], [1020, 510], [660, 528], [804, 600], [786, 690], [606, 726], [984, 744], [750, 798]]",,"[[324, 180], [1230, 504]]",,0.4838333961616561,0.2933599917839982
455,4,3,7.5540000000000305,,13518,"[954, 270]",False,,True,-1.0,False,very_strong,False,"[[624, 0], [570, 198], [678, 468], [1020, 486], [1020, 504], [660, 522], [804, 594], [786, 684], [606, 720], [984, 738], [750, 792], [930, 810]]",,"[[318, 174], [1224, 498]]",,0.48667811508508907,0.2938731461546207
456,4,3,7.571000000000026,,13518,"[954, 270]",False,,True,-1.0,False,very_strong,False,"[[564, 192], [672, 462], [1014, 480], [1014, 498], [654, 516], [798, 588], [780, 678], [600, 714], [978, 732], [744, 786], [924, 804]]",,"[[312, 168], [1218, 492]]",,0.48667811508508907,0.2938731461546207
457,4,3,7.586999999999989,,13518,"[954, 270]",False,,True,-1.0,False,very_strong,False,"[[558, 186], [666, 456], [1008, 474], [1008, 492], [648, 510], [792, 582], [774, 672], [594, 708], [972, 726], [738, 780], [918, 798]]",,"[[306, 162], [1212, 486]]",,0.4866910315366413,0.2948761902396142
458,4,3,7.603999999999985,,13518,"[954, 270]",False,,True,-1.0,False,very_strong,False,"[[552, 180], [660, 450], [1002, 468], [1002, 486], [642, 504], [786, 576], [768, 666], [588, 702], [966, 720], [732, 774], [912, 792]]",,"[[300, 156], [1206, 480]]",,0.4869058639272829,0.2947629791968953
459,4,3,7.620999999999981,,13518,"[954, 270]",False,,True,-1.0,False,very_strong,False,"[[546, 174], [654, 444], [996, 462], [996, 480], [636, 498], [780, 570], [762, 660], [582, 696], [960, 714], [726, 768], [906, 786]]",,"[[294, 150], [1200, 474]]",,0.4864721134839427,0.29557642486102087
460,4,3,7.637999999999977,,13518,"[954, 270]",False,Left,True,-1.0,False,very_strong,False,"[[540, 168], [648, 438], [990, 456], [990, 474], [630, 492], [774, 564], [756, 654], [576, 690], [954, 708], [720, 762], [900, 780]]",,"[[294, 144], [1200, 468]]",,0.4864721134839427,0.29557642486102087
461,4,3,7.653999999999996,,13518,"[954, 270]",False,Left,True,-1.0,False,very_strong,False,"[[540, 162], [648, 432], [990, 450], [990, 468], [630, 486], [774, 558], [756, 648], [576, 684], [954, 702], [720, 756], [900, 774]]",,"[[294, 138], [1200, 462]]",,0.48539282525383226,0.2971741181281573
462,4,3,7.670000000000016,,13518,"[954, 270]",False,Left,True,-1.0,False,very_strong,False,"[[540, 156], [648, 426], [990, 444], [990, 462], [630, 480], [774, 552], [756, 642], [576, 678], [954, 696], [720, 750], [900, 768]]",,"[[294, 132], [1200, 456]]",,0.48539282525383226,0.2971741181281573
463,4,3,7.687000000000012,,13518,"[954, 270]",False,Left,True,-1.0,False,very_strong,False,"[[540, 150], [648, 420], [990, 438], [990, 456], [630, 474], [774, 546], [756, 636], [576, 672], [954, 690], [720, 744], [900, 762]]",,"[[294, 126], [1200, 450]]",,0.48466062384445274,0.29679272746930985
464,4,3,7.704000000000008,,13518,"[954, 270]",False,Left,True,-1.0,False,very_strong,False,"[[540, 144], [648, 414], [990, 432], [990, 450], [630, 468], [774, 540], [756, 630], [576, 666], [954, 684], [720, 738], [900, 756]]",,"[[294, 120], [1200, 444]]",,0.4846633106961752,0.2963701813001929
465,4,3,7.721000000000004,,13518,"[954, 270]",False,,True,-1.0,False,very_strong,False,"[[540, 138], [648, 408], [990, 426], [990, 444], [630, 462], [774, 534], [756, 624], [576, 660], [954, 678], [720, 732], [900, 750]]",,"[[288, 114], [1194, 438]]",,0.48697285828460546,0.2785414797000588
466,4,3,7.7379999999999995,,13518,"[954, 270]",False,,True,-1.0,False,very_strong,False,"[[534, 132], [642, 402], [984, 420], [984, 438], [624, 456], [768, 528], [750, 618], [570, 654], [948, 672], [714, 726], [894, 744]]",,"[[282, 108], [1188, 432]]",,0.48697285828460546,0.2785414797000588
467,4,3,7.754000000000019,,13518,"[954, 270]",False,,True,-1.0,False,very_strong,False,"[[528, 126], [636, 396], [978, 414], [978, 432], [618, 450], [762, 522], [744, 612], [564, 648], [942, 666], [708, 720], [888, 738]]",,"[[276, 102], [1182, 426]]",,0.4869409723033284,0.28297192661852255
468,4,3,7.769999999999982,,13518,"[954, 270]",False,,True,-1.0,False,very_strong,False,"[[522, 120], [630, 390], [972, 408], [972, 426], [612, 444], [756, 516], [738, 606], [558, 642], [936, 660], [702, 714], [882, 732]]",,"[[270, 96], [1176, 420]]",,0.4869409723033284,0.28297192661852255
469,4,3,7.786999999999978,,13518,"[954, 270]",False,,True,-1.0,False,very_strong,False,"[[516, 114], [624, 384], [966, 402], [966, 420], [606, 438], [750, 510], [732, 600], [552, 636], [930, 654], [696, 708], [876, 726]]",,"[[264, 90], [1170, 414]]",,0.48651121798683106,0.28448732903799057
470,4,3,7.8040000000000305,,13518,"[954, 270]",False,Left,True,-1.0,False,very_strong,False,"[[510, 108], [618, 378], [960, 396], [960, 414], [600, 432], [744, 504], [726, 594], [546, 630], [924, 648], [690, 702], [870, 720]]",,"[[264, 84], [1170, 408]]",,0.48651121798683106,0.28448732903799057
471,4,3,7.821000000000026,,13518,"[954, 270]",False,Left,True,-1.0,False,very_strong,False,"[[510, 102], [618, 372], [960, 390], [960, 408], [600, 426], [744, 498], [726, 588], [546, 624], [924, 642], [690, 696], [870, 714]]",,"[[264, 78], [1170, 402]]",,0.48673456614561583,0.2857087461270442
472,4,3,7.836999999999989,,13518,"[954, 270]",False,Left,True,-1.0,False,very_strong,False,"[[510, 96], [618, 366], [960, 384], [960, 402], [600, 420], [744, 492], [726, 582], [546, 618], [924, 636], [690, 690], [870, 708]]",,"[[264, 72], [1170, 396]]",,0.48673456614561583,0.2857087461270442
473,4,3,7.853000000000009,,13518,"[954, 270]",False,Left,True,-1.0,False,very_strong,False,"[[510, 90], [618, 360], [960, 378], [960, 396], [600, 414], [744, 486], [726, 576], [546, 612], [924, 630], [690, 684], [870, 702]]",,"[[264, 66], [1170, 390]]",,0.4854858003095527,0.2864349033558746
474,4,3,7.869000000000028,,13518,"[954, 270]",False,Left,True,-1.0,False,very_strong,False,"[[510, 84], [618, 354], [960, 372], [960, 390], [600, 408], [744, 480], [726, 570], [546, 606], [924, 624], [690, 678], [870, 696]]",,"[[264, 60], [1170, 384]]",,0.4854858003095527,0.2864349033558746
475,4,3,7.886000000000024,,13518,"[954, 270]",False,,True,-1.0,False,very_strong,False,"[[510, 78], [618, 348], [960, 366], [960, 384], [600, 402], [744, 474], [726, 564], [546, 600], [924, 618], [690, 672], [870, 690]]",,"[[258, 54], [1164, 378]]",,0.483513857956659,0.288317670615455
476,4,3,7.90300000000002,,13518,"[954, 270]",False,,True,-1.0,False,very_strong,False,"[[504, 72], [612, 342], [954, 360], [954, 378], [594, 396], [738, 468], [720, 558], [540, 594], [918, 612], [684, 666], [864, 684]]",,"[[252, 48], [1158, 372]]",,0.483513857956659,0.288317670615455
477,4,3,7.920000000000016,,13518,"[954, 270]",False,,True,-1.0,False,very_strong,False,"[[498, 66], [606, 336], [948, 354], [948, 372], [588, 390], [732, 462], [714, 552], [534, 588], [912, 606], [678, 660], [858, 678]]",,"[[246, 42], [1152, 366]]",,0.48364617039339725,0.28911186984363746
478,4,3,7.935999999999979,,13518,"[954, 270]",False,,True,-1.0,False,very_strong,False,"[[492, 60], [600, 330], [942, 348], [942, 366], [582, 384], [726, 456], [708, 546], [528, 582], [906, 600], [672, 654], [852, 672]]",,"[[240, 36], [1146, 360]]",,0.48369270067556186,0.2890334635281697
479,4,3,7.954000000000008,,13518,"[954, 270]",False,Left,True,-1.0,False,very_strong,False,"[[486, 54], [594, 324], [936, 342], [936, 360], [576, 378], [720, 450], [702, 540], [522, 576], [900, 594], [666, 648], [846, 666], [450, 810]]",,"[[240, 30], [1146, 354]]",,0.48314046102610664,0.2891311327500734
480,4,3,7.970000000000027,,13518,"[954, 270]",False,Left,True,-1.0,False,very_strong,False,"[[486, 48], [594, 318], [936, 336], [936, 354], [576, 372], [720, 444], [702, 534], [522, 570], [900, 588], [666, 642], [846, 660], [450, 804]]",,"[[240, 24], [1146, 348]]",,0.48314046102610664,0.2891311327500734
481,4,3,7.985000000000014,,13518,"[954, 270]",False,Left,True,-1.0,False,very_strong,False,"[[486, 42], [594, 312], [936, 330], [936, 348], [576, 366], [720, 438], [702, 528], [522, 564], [900, 582], [666, 636], [846, 654], [450, 798]]",,"[[240, 18], [1146, 342]]",,0.48144473592483505,0.287276629320774
482,4,3,8.00200000000001,,13518,"[954, 270]",False,Left,True,-1.0,False,very_strong,False,"[[486, 36], [594, 306], [936, 324], [936, 342], [576, 360], [720, 432], [702, 522], [522, 558], [900, 576], [666, 630], [846, 648], [450, 792]]",,"[[240, 12], [1146, 336]]",,0.48144473592483505,0.287276629320774
483,4,3,8.018000000000029,,13518,"[954, 270]",False,Left,True,-1.0,False,very_strong,False,"[[486, 30], [594, 300], [936, 318], [936, 336], [576, 354], [720, 426], [702, 516], [522, 552], [900, 570], [666, 624], [846, 642], [450, 786]]",,"[[240, 6], [1146, 330]]",,0.4801867286064387,0.2842369196327542
484,4,3,8.035000000000025,,13518,"[954, 270]",False,Left,True,0.0,False,very_strong,False,"[[486, 24], [594, 294], [936, 312], [936, 330], [576, 348], [720, 420], [702, 510], [522, 546], [900, 564], [666, 618], [846, 636], [450, 780]]",,"[[240, 0], [1146, 324]]",,0.4801867286064387,0.2842369196327542
485,4,3,8.052000000000021,,13518,"[954, 270]",False,,True,0.0,False,very_strong,False,"[[486, 18], [594, 288], [936, 306], [936, 324], [576, 342], [720, 414], [702, 504], [522, 540], [900, 558], [666, 612], [846, 630], [450, 774]]",,"[[1146, 318]]",,0.4812887867749668,0.2862609043640909
486,4,3,8.067999999999984,,13518,"[954, 270]",False,,True,0.0,False,very_strong,False,"[[486, 12], [594, 282], [936, 300], [936, 318], [576, 336], [720, 408], [702, 498], [522, 534], [900, 552], [666, 606], [846, 624], [450, 768]]",,"[[1146, 312]]",,0.4812887867749668,0.2862609043640909
487,4,3,8.084000000000003,,13518,"[954, 270]",False,,True,1.0,False,very_strong,False,"[[486, 6], [594, 276], [936, 294], [936, 312], [576, 330], [720, 402], [702, 492], [522, 528], [900, 546], [666, 600], [846, 618], [450, 762]]",,"[[1146, 306]]",,0.48223502309730826,0.285772881574027
488,4,3,8.100999999999999,,13518,"[954, 270]",True,,True,1.0,False,very_strong,False,"[[486, 0], [594, 270], [936, 288], [936, 306], [576, 324], [720, 396], [702, 486], [522, 522], [900, 540], [666, 594], [846, 612], [450, 756]]",,"[[1152, 300]]",,0.48223502309730826,0.285772881574027
489,4,3,11.629999999999995,,13518,"[954, 270]",True,,True,1.0,False,very_strong,False,"[[600, 264], [942, 282], [942, 300], [582, 318], [726, 390], [708, 480], [528, 516], [906, 534], [672, 588], [852, 606], [456, 750]]",,"[[1152, 300]]",2,0.5059402416224844,0.4200606020887322
